timestamp,date,hour,day_type,holiday,fold,model,actual_trips,predicted_trips
2025-02-03 00:00:00,2025-02-03,0,Weekday,None,1,baseline_lag1,1680.0,2587.0
2025-02-03 00:00:00,2025-02-03,0,Weekday,None,1,baseline_lag168,1680.0,972.0
2025-02-03 00:00:00,2025-02-03,0,Weekday,None,1,baseline_lag24,1680.0,9254.0
2025-02-03 00:00:00,2025-02-03,0,Weekday,None,1,hist_gradient_boosting_24h,1680.0,1693.4531472903564
2025-02-03 00:00:00,2025-02-03,0,Weekday,None,1,hist_gradient_boosting_lag1,1680.0,1141.2320130191065
2025-02-03 01:00:00,2025-02-03,1,Weekday,None,1,baseline_lag1,421.0,1680.0
2025-02-03 01:00:00,2025-02-03,1,Weekday,None,1,baseline_lag168,421.0,357.0
2025-02-03 01:00:00,2025-02-03,1,Weekday,None,1,baseline_lag24,421.0,7162.0
2025-02-03 01:00:00,2025-02-03,1,Weekday,None,1,hist_gradient_boosting_24h,421.0,1209.4678150621114
2025-02-03 01:00:00,2025-02-03,1,Weekday,None,1,hist_gradient_boosting_lag1,421.0,795.4276014465423
2025-02-03 02:00:00,2025-02-03,2,Weekday,None,1,baseline_lag1,220.0,421.0
2025-02-03 02:00:00,2025-02-03,2,Weekday,None,1,baseline_lag168,220.0,198.0
2025-02-03 02:00:00,2025-02-03,2,Weekday,None,1,baseline_lag24,220.0,5116.0
2025-02-03 02:00:00,2025-02-03,2,Weekday,None,1,hist_gradient_boosting_24h,220.0,929.0005615347344
2025-02-03 02:00:00,2025-02-03,2,Weekday,None,1,hist_gradient_boosting_lag1,220.0,409.441663826617
2025-02-03 03:00:00,2025-02-03,3,Weekday,None,1,baseline_lag1,182.0,220.0
2025-02-03 03:00:00,2025-02-03,3,Weekday,None,1,baseline_lag168,182.0,171.0
2025-02-03 03:00:00,2025-02-03,3,Weekday,None,1,baseline_lag24,182.0,3157.0
2025-02-03 03:00:00,2025-02-03,3,Weekday,None,1,hist_gradient_boosting_24h,182.0,707.0775718802724
2025-02-03 03:00:00,2025-02-03,3,Weekday,None,1,hist_gradient_boosting_lag1,182.0,262.3096027853693
2025-02-03 04:00:00,2025-02-03,4,Weekday,None,1,baseline_lag1,295.0,182.0
2025-02-03 04:00:00,2025-02-03,4,Weekday,None,1,baseline_lag168,295.0,290.0
2025-02-03 04:00:00,2025-02-03,4,Weekday,None,1,baseline_lag24,295.0,1796.0
2025-02-03 04:00:00,2025-02-03,4,Weekday,None,1,hist_gradient_boosting_24h,295.0,450.6351825345082
2025-02-03 04:00:00,2025-02-03,4,Weekday,None,1,hist_gradient_boosting_lag1,295.0,175.2586193385807
2025-02-03 05:00:00,2025-02-03,5,Weekday,None,1,baseline_lag1,837.0,295.0
2025-02-03 05:00:00,2025-02-03,5,Weekday,None,1,baseline_lag168,837.0,714.0
2025-02-03 05:00:00,2025-02-03,5,Weekday,None,1,baseline_lag24,837.0,626.0
2025-02-03 05:00:00,2025-02-03,5,Weekday,None,1,hist_gradient_boosting_24h,837.0,631.7357516643208
2025-02-03 05:00:00,2025-02-03,5,Weekday,None,1,hist_gradient_boosting_lag1,837.0,512.4475073369975
2025-02-03 06:00:00,2025-02-03,6,Weekday,None,1,baseline_lag1,1963.0,837.0
2025-02-03 06:00:00,2025-02-03,6,Weekday,None,1,baseline_lag168,1963.0,1811.0
2025-02-03 06:00:00,2025-02-03,6,Weekday,None,1,baseline_lag24,1963.0,870.0
2025-02-03 06:00:00,2025-02-03,6,Weekday,None,1,hist_gradient_boosting_24h,1963.0,1486.3851741961148
2025-02-03 06:00:00,2025-02-03,6,Weekday,None,1,hist_gradient_boosting_lag1,1963.0,1539.6180122755252
2025-02-03 07:00:00,2025-02-03,7,Weekday,None,1,baseline_lag1,4155.0,1963.0
2025-02-03 07:00:00,2025-02-03,7,Weekday,None,1,baseline_lag168,4155.0,3907.0
2025-02-03 07:00:00,2025-02-03,7,Weekday,None,1,baseline_lag24,4155.0,1363.0
2025-02-03 07:00:00,2025-02-03,7,Weekday,None,1,hist_gradient_boosting_24h,4155.0,3239.180029943143
2025-02-03 07:00:00,2025-02-03,7,Weekday,None,1,hist_gradient_boosting_lag1,4155.0,3790.069216037323
2025-02-03 08:00:00,2025-02-03,8,Weekday,None,1,baseline_lag1,5622.0,4155.0
2025-02-03 08:00:00,2025-02-03,8,Weekday,None,1,baseline_lag168,5622.0,5164.0
2025-02-03 08:00:00,2025-02-03,8,Weekday,None,1,baseline_lag24,5622.0,2042.0
2025-02-03 08:00:00,2025-02-03,8,Weekday,None,1,hist_gradient_boosting_24h,5622.0,3954.137370808212
2025-02-03 08:00:00,2025-02-03,8,Weekday,None,1,hist_gradient_boosting_lag1,5622.0,4924.812039529456
2025-02-03 09:00:00,2025-02-03,9,Weekday,None,1,baseline_lag1,5340.0,5622.0
2025-02-03 09:00:00,2025-02-03,9,Weekday,None,1,baseline_lag168,5340.0,4647.0
2025-02-03 09:00:00,2025-02-03,9,Weekday,None,1,baseline_lag24,5340.0,3455.0
2025-02-03 09:00:00,2025-02-03,9,Weekday,None,1,hist_gradient_boosting_24h,5340.0,4472.495184973015
2025-02-03 09:00:00,2025-02-03,9,Weekday,None,1,hist_gradient_boosting_lag1,5340.0,5376.160257080278
2025-02-03 10:00:00,2025-02-03,10,Weekday,None,1,baseline_lag1,4669.0,5340.0
2025-02-03 10:00:00,2025-02-03,10,Weekday,None,1,baseline_lag168,4669.0,4401.0
2025-02-03 10:00:00,2025-02-03,10,Weekday,None,1,baseline_lag24,4669.0,4912.0
2025-02-03 10:00:00,2025-02-03,10,Weekday,None,1,hist_gradient_boosting_24h,4669.0,4354.405149661684
2025-02-03 10:00:00,2025-02-03,10,Weekday,None,1,hist_gradient_boosting_lag1,4669.0,4919.234483372269
2025-02-03 11:00:00,2025-02-03,11,Weekday,None,1,baseline_lag1,4755.0,4669.0
2025-02-03 11:00:00,2025-02-03,11,Weekday,None,1,baseline_lag168,4755.0,4649.0
2025-02-03 11:00:00,2025-02-03,11,Weekday,None,1,baseline_lag24,4755.0,5713.0
2025-02-03 11:00:00,2025-02-03,11,Weekday,None,1,hist_gradient_boosting_24h,4755.0,4818.67602875481
2025-02-03 11:00:00,2025-02-03,11,Weekday,None,1,hist_gradient_boosting_lag1,4755.0,4938.4962976522775
2025-02-03 12:00:00,2025-02-03,12,Weekday,None,1,baseline_lag1,4935.0,4755.0
2025-02-03 12:00:00,2025-02-03,12,Weekday,None,1,baseline_lag168,4935.0,4716.0
2025-02-03 12:00:00,2025-02-03,12,Weekday,None,1,baseline_lag24,4935.0,6434.0
2025-02-03 12:00:00,2025-02-03,12,Weekday,None,1,hist_gradient_boosting_24h,4935.0,4613.258793794641
2025-02-03 12:00:00,2025-02-03,12,Weekday,None,1,hist_gradient_boosting_lag1,4935.0,4564.020046084953
2025-02-03 13:00:00,2025-02-03,13,Weekday,None,1,baseline_lag1,4947.0,4935.0
2025-02-03 13:00:00,2025-02-03,13,Weekday,None,1,baseline_lag168,4947.0,4962.0
2025-02-03 13:00:00,2025-02-03,13,Weekday,None,1,baseline_lag24,4947.0,6942.0
2025-02-03 13:00:00,2025-02-03,13,Weekday,None,1,hist_gradient_boosting_24h,4947.0,5012.929090073982
2025-02-03 13:00:00,2025-02-03,13,Weekday,None,1,hist_gradient_boosting_lag1,4947.0,5660.972898371722
2025-02-03 14:00:00,2025-02-03,14,Weekday,None,1,baseline_lag1,5480.0,4947.0
2025-02-03 14:00:00,2025-02-03,14,Weekday,None,1,baseline_lag168,5480.0,5419.0
2025-02-03 14:00:00,2025-02-03,14,Weekday,None,1,baseline_lag24,5480.0,6943.0
2025-02-03 14:00:00,2025-02-03,14,Weekday,None,1,hist_gradient_boosting_24h,5480.0,5868.148466560823
2025-02-03 14:00:00,2025-02-03,14,Weekday,None,1,hist_gradient_boosting_lag1,5480.0,5670.107547243899
2025-02-03 15:00:00,2025-02-03,15,Weekday,None,1,baseline_lag1,6146.0,5480.0
2025-02-03 15:00:00,2025-02-03,15,Weekday,None,1,baseline_lag168,6146.0,5971.0
2025-02-03 15:00:00,2025-02-03,15,Weekday,None,1,baseline_lag24,6146.0,7115.0
2025-02-03 15:00:00,2025-02-03,15,Weekday,None,1,hist_gradient_boosting_24h,6146.0,6274.777121336305
2025-02-03 15:00:00,2025-02-03,15,Weekday,None,1,hist_gradient_boosting_lag1,6146.0,6166.794589773518
2025-02-03 16:00:00,2025-02-03,16,Weekday,None,1,baseline_lag1,5726.0,6146.0
2025-02-03 16:00:00,2025-02-03,16,Weekday,None,1,baseline_lag168,5726.0,5610.0
2025-02-03 16:00:00,2025-02-03,16,Weekday,None,1,baseline_lag24,5726.0,7430.0
2025-02-03 16:00:00,2025-02-03,16,Weekday,None,1,hist_gradient_boosting_24h,5726.0,6297.157207257772
2025-02-03 16:00:00,2025-02-03,16,Weekday,None,1,hist_gradient_boosting_lag1,5726.0,6118.218391423452
2025-02-03 17:00:00,2025-02-03,17,Weekday,None,1,baseline_lag1,6549.0,5726.0
2025-02-03 17:00:00,2025-02-03,17,Weekday,None,1,baseline_lag168,6549.0,6502.0
2025-02-03 17:00:00,2025-02-03,17,Weekday,None,1,baseline_lag24,6549.0,7074.0
2025-02-03 17:00:00,2025-02-03,17,Weekday,None,1,hist_gradient_boosting_24h,6549.0,6416.033456162483
2025-02-03 17:00:00,2025-02-03,17,Weekday,None,1,hist_gradient_boosting_lag1,6549.0,6277.850568448804
2025-02-03 18:00:00,2025-02-03,18,Weekday,None,1,baseline_lag1,6680.0,6549.0
2025-02-03 18:00:00,2025-02-03,18,Weekday,None,1,baseline_lag168,6680.0,6528.0
2025-02-03 18:00:00,2025-02-03,18,Weekday,None,1,baseline_lag24,6680.0,6947.0
2025-02-03 18:00:00,2025-02-03,18,Weekday,None,1,hist_gradient_boosting_24h,6680.0,6663.3965658565385
2025-02-03 18:00:00,2025-02-03,18,Weekday,None,1,hist_gradient_boosting_lag1,6680.0,7108.069858429616
2025-02-03 19:00:00,2025-02-03,19,Weekday,None,1,baseline_lag1,5322.0,6680.0
2025-02-03 19:00:00,2025-02-03,19,Weekday,None,1,baseline_lag168,5322.0,5388.0
2025-02-03 19:00:00,2025-02-03,19,Weekday,None,1,baseline_lag24,5322.0,5706.0
2025-02-03 19:00:00,2025-02-03,19,Weekday,None,1,hist_gradient_boosting_24h,5322.0,5800.795286054946
2025-02-03 19:00:00,2025-02-03,19,Weekday,None,1,hist_gradient_boosting_lag1,5322.0,5468.7711666715195
2025-02-03 20:00:00,2025-02-03,20,Weekday,None,1,baseline_lag1,5148.0,5322.0
2025-02-03 20:00:00,2025-02-03,20,Weekday,None,1,baseline_lag168,5148.0,5137.0
2025-02-03 20:00:00,2025-02-03,20,Weekday,None,1,baseline_lag24,5148.0,4851.0
2025-02-03 20:00:00,2025-02-03,20,Weekday,None,1,hist_gradient_boosting_24h,5148.0,5169.858566083787
2025-02-03 20:00:00,2025-02-03,20,Weekday,None,1,hist_gradient_boosting_lag1,5148.0,4799.445949768643
2025-02-03 21:00:00,2025-02-03,21,Weekday,None,1,baseline_lag1,4973.0,5148.0
2025-02-03 21:00:00,2025-02-03,21,Weekday,None,1,baseline_lag168,4973.0,5172.0
2025-02-03 21:00:00,2025-02-03,21,Weekday,None,1,baseline_lag24,4973.0,4742.0
2025-02-03 21:00:00,2025-02-03,21,Weekday,None,1,hist_gradient_boosting_24h,4973.0,5176.902955229049
2025-02-03 21:00:00,2025-02-03,21,Weekday,None,1,hist_gradient_boosting_lag1,4973.0,5342.35162040529
2025-02-03 22:00:00,2025-02-03,22,Weekday,None,1,baseline_lag1,4036.0,4973.0
2025-02-03 22:00:00,2025-02-03,22,Weekday,None,1,baseline_lag168,4036.0,3431.0
2025-02-03 22:00:00,2025-02-03,22,Weekday,None,1,baseline_lag24,4036.0,3640.0
2025-02-03 22:00:00,2025-02-03,22,Weekday,None,1,hist_gradient_boosting_24h,4036.0,3704.2625471462893
2025-02-03 22:00:00,2025-02-03,22,Weekday,None,1,hist_gradient_boosting_lag1,4036.0,3963.0314730428518
2025-02-03 23:00:00,2025-02-03,23,Weekday,None,1,baseline_lag1,2076.0,4036.0
2025-02-03 23:00:00,2025-02-03,23,Weekday,None,1,baseline_lag168,2076.0,1754.0
2025-02-03 23:00:00,2025-02-03,23,Weekday,None,1,baseline_lag24,2076.0,2587.0
2025-02-03 23:00:00,2025-02-03,23,Weekday,None,1,hist_gradient_boosting_24h,2076.0,2393.010859976497
2025-02-03 23:00:00,2025-02-03,23,Weekday,None,1,hist_gradient_boosting_lag1,2076.0,2248.403728421513
2025-02-04 00:00:00,2025-02-04,0,Weekday,None,1,baseline_lag1,982.0,2076.0
2025-02-04 00:00:00,2025-02-04,0,Weekday,None,1,baseline_lag168,982.0,865.0
2025-02-04 00:00:00,2025-02-04,0,Weekday,None,1,baseline_lag24,982.0,1680.0
2025-02-04 00:00:00,2025-02-04,0,Weekday,None,1,hist_gradient_boosting_24h,982.0,571.657644063468
2025-02-04 00:00:00,2025-02-04,0,Weekday,None,1,hist_gradient_boosting_lag1,982.0,683.0830848326273
2025-02-04 01:00:00,2025-02-04,1,Weekday,None,1,baseline_lag1,373.0,982.0
2025-02-04 01:00:00,2025-02-04,1,Weekday,None,1,baseline_lag168,373.0,356.0
2025-02-04 01:00:00,2025-02-04,1,Weekday,None,1,baseline_lag24,373.0,421.0
2025-02-04 01:00:00,2025-02-04,1,Weekday,None,1,hist_gradient_boosting_24h,373.0,398.8113400420832
2025-02-04 01:00:00,2025-02-04,1,Weekday,None,1,hist_gradient_boosting_lag1,373.0,338.8138265838206
2025-02-04 02:00:00,2025-02-04,2,Weekday,None,1,baseline_lag1,180.0,373.0
2025-02-04 02:00:00,2025-02-04,2,Weekday,None,1,baseline_lag168,180.0,174.0
2025-02-04 02:00:00,2025-02-04,2,Weekday,None,1,baseline_lag24,180.0,220.0
2025-02-04 02:00:00,2025-02-04,2,Weekday,None,1,hist_gradient_boosting_24h,180.0,31.63200451916585
2025-02-04 02:00:00,2025-02-04,2,Weekday,None,1,hist_gradient_boosting_lag1,180.0,143.82620304111057
2025-02-04 03:00:00,2025-02-04,3,Weekday,None,1,baseline_lag1,145.0,180.0
2025-02-04 03:00:00,2025-02-04,3,Weekday,None,1,baseline_lag168,145.0,149.0
2025-02-04 03:00:00,2025-02-04,3,Weekday,None,1,baseline_lag24,145.0,182.0
2025-02-04 03:00:00,2025-02-04,3,Weekday,None,1,hist_gradient_boosting_24h,145.0,236.80347660147896
2025-02-04 03:00:00,2025-02-04,3,Weekday,None,1,hist_gradient_boosting_lag1,145.0,153.8180125400298
2025-02-04 04:00:00,2025-02-04,4,Weekday,None,1,baseline_lag1,201.0,145.0
2025-02-04 04:00:00,2025-02-04,4,Weekday,None,1,baseline_lag168,201.0,199.0
2025-02-04 04:00:00,2025-02-04,4,Weekday,None,1,baseline_lag24,201.0,295.0
2025-02-04 04:00:00,2025-02-04,4,Weekday,None,1,hist_gradient_boosting_24h,201.0,255.28803152070734
2025-02-04 04:00:00,2025-02-04,4,Weekday,None,1,hist_gradient_boosting_lag1,201.0,233.38424618619547
2025-02-04 05:00:00,2025-02-04,5,Weekday,None,1,baseline_lag1,674.0,201.0
2025-02-04 05:00:00,2025-02-04,5,Weekday,None,1,baseline_lag168,674.0,598.0
2025-02-04 05:00:00,2025-02-04,5,Weekday,None,1,baseline_lag24,674.0,837.0
2025-02-04 05:00:00,2025-02-04,5,Weekday,None,1,hist_gradient_boosting_24h,674.0,820.2275720537476
2025-02-04 05:00:00,2025-02-04,5,Weekday,None,1,hist_gradient_boosting_lag1,674.0,565.1525829438633
2025-02-04 06:00:00,2025-02-04,6,Weekday,None,1,baseline_lag1,1782.0,674.0
2025-02-04 06:00:00,2025-02-04,6,Weekday,None,1,baseline_lag168,1782.0,1674.0
2025-02-04 06:00:00,2025-02-04,6,Weekday,None,1,baseline_lag24,1782.0,1963.0
2025-02-04 06:00:00,2025-02-04,6,Weekday,None,1,hist_gradient_boosting_24h,1782.0,2114.4152880113193
2025-02-04 06:00:00,2025-02-04,6,Weekday,None,1,hist_gradient_boosting_lag1,1782.0,1887.0814322385347
2025-02-04 07:00:00,2025-02-04,7,Weekday,None,1,baseline_lag1,3977.0,1782.0
2025-02-04 07:00:00,2025-02-04,7,Weekday,None,1,baseline_lag168,3977.0,4001.0
2025-02-04 07:00:00,2025-02-04,7,Weekday,None,1,baseline_lag24,3977.0,4155.0
2025-02-04 07:00:00,2025-02-04,7,Weekday,None,1,hist_gradient_boosting_24h,3977.0,4768.195755705428
2025-02-04 07:00:00,2025-02-04,7,Weekday,None,1,hist_gradient_boosting_lag1,3977.0,4555.27353108912
2025-02-04 08:00:00,2025-02-04,8,Weekday,None,1,baseline_lag1,5905.0,3977.0
2025-02-04 08:00:00,2025-02-04,8,Weekday,None,1,baseline_lag168,5905.0,5875.0
2025-02-04 08:00:00,2025-02-04,8,Weekday,None,1,baseline_lag24,5905.0,5622.0
2025-02-04 08:00:00,2025-02-04,8,Weekday,None,1,hist_gradient_boosting_24h,5905.0,6845.176225975973
2025-02-04 08:00:00,2025-02-04,8,Weekday,None,1,hist_gradient_boosting_lag1,5905.0,6155.558559424532
2025-02-04 09:00:00,2025-02-04,9,Weekday,None,1,baseline_lag1,5649.0,5905.0
2025-02-04 09:00:00,2025-02-04,9,Weekday,None,1,baseline_lag168,5649.0,5408.0
2025-02-04 09:00:00,2025-02-04,9,Weekday,None,1,baseline_lag24,5649.0,5340.0
2025-02-04 09:00:00,2025-02-04,9,Weekday,None,1,hist_gradient_boosting_24h,5649.0,6021.166938901022
2025-02-04 09:00:00,2025-02-04,9,Weekday,None,1,hist_gradient_boosting_lag1,5649.0,5575.140678239991
2025-02-04 10:00:00,2025-02-04,10,Weekday,None,1,baseline_lag1,5308.0,5649.0
2025-02-04 10:00:00,2025-02-04,10,Weekday,None,1,baseline_lag168,5308.0,4958.0
2025-02-04 10:00:00,2025-02-04,10,Weekday,None,1,baseline_lag24,5308.0,4669.0
2025-02-04 10:00:00,2025-02-04,10,Weekday,None,1,hist_gradient_boosting_24h,5308.0,5201.6647178684725
2025-02-04 10:00:00,2025-02-04,10,Weekday,None,1,hist_gradient_boosting_lag1,5308.0,5413.368989141301
2025-02-04 11:00:00,2025-02-04,11,Weekday,None,1,baseline_lag1,5148.0,5308.0
2025-02-04 11:00:00,2025-02-04,11,Weekday,None,1,baseline_lag168,5148.0,5091.0
2025-02-04 11:00:00,2025-02-04,11,Weekday,None,1,baseline_lag24,5148.0,4755.0
2025-02-04 11:00:00,2025-02-04,11,Weekday,None,1,hist_gradient_boosting_24h,5148.0,5542.986186002745
2025-02-04 11:00:00,2025-02-04,11,Weekday,None,1,hist_gradient_boosting_lag1,5148.0,5379.056962040236
2025-02-04 12:00:00,2025-02-04,12,Weekday,None,1,baseline_lag1,5580.0,5148.0
2025-02-04 12:00:00,2025-02-04,12,Weekday,None,1,baseline_lag168,5580.0,5245.0
2025-02-04 12:00:00,2025-02-04,12,Weekday,None,1,baseline_lag24,5580.0,4935.0
2025-02-04 12:00:00,2025-02-04,12,Weekday,None,1,hist_gradient_boosting_24h,5580.0,5688.000048124675
2025-02-04 12:00:00,2025-02-04,12,Weekday,None,1,hist_gradient_boosting_lag1,5580.0,5634.28478245625
2025-02-04 13:00:00,2025-02-04,13,Weekday,None,1,baseline_lag1,5670.0,5580.0
2025-02-04 13:00:00,2025-02-04,13,Weekday,None,1,baseline_lag168,5670.0,5462.0
2025-02-04 13:00:00,2025-02-04,13,Weekday,None,1,baseline_lag24,5670.0,4947.0
2025-02-04 13:00:00,2025-02-04,13,Weekday,None,1,hist_gradient_boosting_24h,5670.0,6019.593321354405
2025-02-04 13:00:00,2025-02-04,13,Weekday,None,1,hist_gradient_boosting_lag1,5670.0,6033.0125557528045
2025-02-04 14:00:00,2025-02-04,14,Weekday,None,1,baseline_lag1,6478.0,5670.0
2025-02-04 14:00:00,2025-02-04,14,Weekday,None,1,baseline_lag168,6478.0,6266.0
2025-02-04 14:00:00,2025-02-04,14,Weekday,None,1,baseline_lag24,6478.0,5480.0
2025-02-04 14:00:00,2025-02-04,14,Weekday,None,1,hist_gradient_boosting_24h,6478.0,6314.234690995466
2025-02-04 14:00:00,2025-02-04,14,Weekday,None,1,hist_gradient_boosting_lag1,6478.0,6120.7245543899335
2025-02-04 15:00:00,2025-02-04,15,Weekday,None,1,baseline_lag1,7083.0,6478.0
2025-02-04 15:00:00,2025-02-04,15,Weekday,None,1,baseline_lag168,7083.0,6598.0
2025-02-04 15:00:00,2025-02-04,15,Weekday,None,1,baseline_lag24,7083.0,6146.0
2025-02-04 15:00:00,2025-02-04,15,Weekday,None,1,hist_gradient_boosting_24h,7083.0,7006.311727581216
2025-02-04 15:00:00,2025-02-04,15,Weekday,None,1,hist_gradient_boosting_lag1,7083.0,6957.359458839504
2025-02-04 16:00:00,2025-02-04,16,Weekday,None,1,baseline_lag1,6759.0,7083.0
2025-02-04 16:00:00,2025-02-04,16,Weekday,None,1,baseline_lag168,6759.0,6440.0
2025-02-04 16:00:00,2025-02-04,16,Weekday,None,1,baseline_lag24,6759.0,5726.0
2025-02-04 16:00:00,2025-02-04,16,Weekday,None,1,hist_gradient_boosting_24h,6759.0,6968.9013435751085
2025-02-04 16:00:00,2025-02-04,16,Weekday,None,1,hist_gradient_boosting_lag1,6759.0,6990.71716746789
2025-02-04 17:00:00,2025-02-04,17,Weekday,None,1,baseline_lag1,8115.0,6759.0
2025-02-04 17:00:00,2025-02-04,17,Weekday,None,1,baseline_lag168,8115.0,7810.0
2025-02-04 17:00:00,2025-02-04,17,Weekday,None,1,baseline_lag24,8115.0,6549.0
2025-02-04 17:00:00,2025-02-04,17,Weekday,None,1,hist_gradient_boosting_24h,8115.0,7986.595393051356
2025-02-04 17:00:00,2025-02-04,17,Weekday,None,1,hist_gradient_boosting_lag1,8115.0,7886.883084494168
2025-02-04 18:00:00,2025-02-04,18,Weekday,None,1,baseline_lag1,8515.0,8115.0
2025-02-04 18:00:00,2025-02-04,18,Weekday,None,1,baseline_lag168,8515.0,8462.0
2025-02-04 18:00:00,2025-02-04,18,Weekday,None,1,baseline_lag24,8515.0,6680.0
2025-02-04 18:00:00,2025-02-04,18,Weekday,None,1,hist_gradient_boosting_24h,8515.0,8208.961786251746
2025-02-04 18:00:00,2025-02-04,18,Weekday,None,1,hist_gradient_boosting_lag1,8515.0,8509.628049335308
2025-02-04 19:00:00,2025-02-04,19,Weekday,None,1,baseline_lag1,7355.0,8515.0
2025-02-04 19:00:00,2025-02-04,19,Weekday,None,1,baseline_lag168,7355.0,6734.0
2025-02-04 19:00:00,2025-02-04,19,Weekday,None,1,baseline_lag24,7355.0,5322.0
2025-02-04 19:00:00,2025-02-04,19,Weekday,None,1,hist_gradient_boosting_24h,7355.0,6724.077050061941
2025-02-04 19:00:00,2025-02-04,19,Weekday,None,1,hist_gradient_boosting_lag1,7355.0,7004.281551542445
2025-02-04 20:00:00,2025-02-04,20,Weekday,None,1,baseline_lag1,7898.0,7355.0
2025-02-04 20:00:00,2025-02-04,20,Weekday,None,1,baseline_lag168,7898.0,7260.0
2025-02-04 20:00:00,2025-02-04,20,Weekday,None,1,baseline_lag24,7898.0,5148.0
2025-02-04 20:00:00,2025-02-04,20,Weekday,None,1,hist_gradient_boosting_24h,7898.0,6739.394793783665
2025-02-04 20:00:00,2025-02-04,20,Weekday,None,1,hist_gradient_boosting_lag1,7898.0,7518.959326036493
2025-02-04 21:00:00,2025-02-04,21,Weekday,None,1,baseline_lag1,8657.0,7898.0
2025-02-04 21:00:00,2025-02-04,21,Weekday,None,1,baseline_lag168,8657.0,8146.0
2025-02-04 21:00:00,2025-02-04,21,Weekday,None,1,baseline_lag24,8657.0,4973.0
2025-02-04 21:00:00,2025-02-04,21,Weekday,None,1,hist_gradient_boosting_24h,8657.0,8025.30482457713
2025-02-04 21:00:00,2025-02-04,21,Weekday,None,1,hist_gradient_boosting_lag1,8657.0,8114.355824018283
2025-02-04 22:00:00,2025-02-04,22,Weekday,None,1,baseline_lag1,6415.0,8657.0
2025-02-04 22:00:00,2025-02-04,22,Weekday,None,1,baseline_lag168,6415.0,5981.0
2025-02-04 22:00:00,2025-02-04,22,Weekday,None,1,baseline_lag24,6415.0,4036.0
2025-02-04 22:00:00,2025-02-04,22,Weekday,None,1,hist_gradient_boosting_24h,6415.0,6498.793783490316
2025-02-04 22:00:00,2025-02-04,22,Weekday,None,1,hist_gradient_boosting_lag1,6415.0,6300.623053469167
2025-02-04 23:00:00,2025-02-04,23,Weekday,None,1,baseline_lag1,2978.0,6415.0
2025-02-04 23:00:00,2025-02-04,23,Weekday,None,1,baseline_lag168,2978.0,3091.0
2025-02-04 23:00:00,2025-02-04,23,Weekday,None,1,baseline_lag24,2978.0,2076.0
2025-02-04 23:00:00,2025-02-04,23,Weekday,None,1,hist_gradient_boosting_24h,2978.0,3771.338275708045
2025-02-04 23:00:00,2025-02-04,23,Weekday,None,1,hist_gradient_boosting_lag1,2978.0,4532.414242818615
2025-02-05 00:00:00,2025-02-05,0,Weekday,None,1,baseline_lag1,1177.0,2978.0
2025-02-05 00:00:00,2025-02-05,0,Weekday,None,1,baseline_lag168,1177.0,1211.0
2025-02-05 00:00:00,2025-02-05,0,Weekday,None,1,baseline_lag24,1177.0,982.0
2025-02-05 00:00:00,2025-02-05,0,Weekday,None,1,hist_gradient_boosting_24h,1177.0,909.3762458351594
2025-02-05 00:00:00,2025-02-05,0,Weekday,None,1,hist_gradient_boosting_lag1,1177.0,1217.3397006351358
2025-02-05 01:00:00,2025-02-05,1,Weekday,None,1,baseline_lag1,499.0,1177.0
2025-02-05 01:00:00,2025-02-05,1,Weekday,None,1,baseline_lag168,499.0,508.0
2025-02-05 01:00:00,2025-02-05,1,Weekday,None,1,baseline_lag24,499.0,373.0
2025-02-05 01:00:00,2025-02-05,1,Weekday,None,1,hist_gradient_boosting_24h,499.0,387.52167786425167
2025-02-05 01:00:00,2025-02-05,1,Weekday,None,1,hist_gradient_boosting_lag1,499.0,450.001493640029
2025-02-05 02:00:00,2025-02-05,2,Weekday,None,1,baseline_lag1,253.0,499.0
2025-02-05 02:00:00,2025-02-05,2,Weekday,None,1,baseline_lag168,253.0,266.0
2025-02-05 02:00:00,2025-02-05,2,Weekday,None,1,baseline_lag24,253.0,180.0
2025-02-05 02:00:00,2025-02-05,2,Weekday,None,1,hist_gradient_boosting_24h,253.0,214.54127434907554
2025-02-05 02:00:00,2025-02-05,2,Weekday,None,1,hist_gradient_boosting_lag1,253.0,233.20842461951875
2025-02-05 03:00:00,2025-02-05,3,Weekday,None,1,baseline_lag1,156.0,253.0
2025-02-05 03:00:00,2025-02-05,3,Weekday,None,1,baseline_lag168,156.0,198.0
2025-02-05 03:00:00,2025-02-05,3,Weekday,None,1,baseline_lag24,156.0,145.0
2025-02-05 03:00:00,2025-02-05,3,Weekday,None,1,hist_gradient_boosting_24h,156.0,158.488998078782
2025-02-05 03:00:00,2025-02-05,3,Weekday,None,1,hist_gradient_boosting_lag1,156.0,172.11092767082758
2025-02-05 04:00:00,2025-02-05,4,Weekday,None,1,baseline_lag1,268.0,156.0
2025-02-05 04:00:00,2025-02-05,4,Weekday,None,1,baseline_lag168,268.0,263.0
2025-02-05 04:00:00,2025-02-05,4,Weekday,None,1,baseline_lag24,268.0,201.0
2025-02-05 04:00:00,2025-02-05,4,Weekday,None,1,hist_gradient_boosting_24h,268.0,286.72107123074016
2025-02-05 04:00:00,2025-02-05,4,Weekday,None,1,hist_gradient_boosting_lag1,268.0,200.84847629347155
2025-02-05 05:00:00,2025-02-05,5,Weekday,None,1,baseline_lag1,698.0,268.0
2025-02-05 05:00:00,2025-02-05,5,Weekday,None,1,baseline_lag168,698.0,630.0
2025-02-05 05:00:00,2025-02-05,5,Weekday,None,1,baseline_lag24,698.0,674.0
2025-02-05 05:00:00,2025-02-05,5,Weekday,None,1,hist_gradient_boosting_24h,698.0,747.5936045929307
2025-02-05 05:00:00,2025-02-05,5,Weekday,None,1,hist_gradient_boosting_lag1,698.0,615.000192870999
2025-02-05 06:00:00,2025-02-05,6,Weekday,None,1,baseline_lag1,1895.0,698.0
2025-02-05 06:00:00,2025-02-05,6,Weekday,None,1,baseline_lag168,1895.0,1643.0
2025-02-05 06:00:00,2025-02-05,6,Weekday,None,1,baseline_lag24,1895.0,1782.0
2025-02-05 06:00:00,2025-02-05,6,Weekday,None,1,hist_gradient_boosting_24h,1895.0,2139.208558316145
2025-02-05 06:00:00,2025-02-05,6,Weekday,None,1,hist_gradient_boosting_lag1,1895.0,1986.5413205208538
2025-02-05 07:00:00,2025-02-05,7,Weekday,None,1,baseline_lag1,4609.0,1895.0
2025-02-05 07:00:00,2025-02-05,7,Weekday,None,1,baseline_lag168,4609.0,3608.0
2025-02-05 07:00:00,2025-02-05,7,Weekday,None,1,baseline_lag24,4609.0,3977.0
2025-02-05 07:00:00,2025-02-05,7,Weekday,None,1,hist_gradient_boosting_24h,4609.0,4422.116800586731
2025-02-05 07:00:00,2025-02-05,7,Weekday,None,1,hist_gradient_boosting_lag1,4609.0,4342.983311281091
2025-02-05 08:00:00,2025-02-05,8,Weekday,None,1,baseline_lag1,6417.0,4609.0
2025-02-05 08:00:00,2025-02-05,8,Weekday,None,1,baseline_lag168,6417.0,5202.0
2025-02-05 08:00:00,2025-02-05,8,Weekday,None,1,baseline_lag24,6417.0,5905.0
2025-02-05 08:00:00,2025-02-05,8,Weekday,None,1,hist_gradient_boosting_24h,6417.0,6077.801374492224
2025-02-05 08:00:00,2025-02-05,8,Weekday,None,1,hist_gradient_boosting_lag1,6417.0,5889.158205660819
2025-02-05 09:00:00,2025-02-05,9,Weekday,None,1,baseline_lag1,5954.0,6417.0
2025-02-05 09:00:00,2025-02-05,9,Weekday,None,1,baseline_lag168,5954.0,5391.0
2025-02-05 09:00:00,2025-02-05,9,Weekday,None,1,baseline_lag24,5954.0,5649.0
2025-02-05 09:00:00,2025-02-05,9,Weekday,None,1,hist_gradient_boosting_24h,5954.0,5698.748620704308
2025-02-05 09:00:00,2025-02-05,9,Weekday,None,1,hist_gradient_boosting_lag1,5954.0,6005.395115367629
2025-02-05 10:00:00,2025-02-05,10,Weekday,None,1,baseline_lag1,5640.0,5954.0
2025-02-05 10:00:00,2025-02-05,10,Weekday,None,1,baseline_lag168,5640.0,5133.0
2025-02-05 10:00:00,2025-02-05,10,Weekday,None,1,baseline_lag24,5640.0,5308.0
2025-02-05 10:00:00,2025-02-05,10,Weekday,None,1,hist_gradient_boosting_24h,5640.0,5529.135187488647
2025-02-05 10:00:00,2025-02-05,10,Weekday,None,1,hist_gradient_boosting_lag1,5640.0,5603.634770123268
2025-02-05 11:00:00,2025-02-05,11,Weekday,None,1,baseline_lag1,5708.0,5640.0
2025-02-05 11:00:00,2025-02-05,11,Weekday,None,1,baseline_lag168,5708.0,5286.0
2025-02-05 11:00:00,2025-02-05,11,Weekday,None,1,baseline_lag24,5708.0,5148.0
2025-02-05 11:00:00,2025-02-05,11,Weekday,None,1,hist_gradient_boosting_24h,5708.0,5653.951160541026
2025-02-05 11:00:00,2025-02-05,11,Weekday,None,1,hist_gradient_boosting_lag1,5708.0,5653.491635942779
2025-02-05 12:00:00,2025-02-05,12,Weekday,None,1,baseline_lag1,5905.0,5708.0
2025-02-05 12:00:00,2025-02-05,12,Weekday,None,1,baseline_lag168,5905.0,5894.0
2025-02-05 12:00:00,2025-02-05,12,Weekday,None,1,baseline_lag24,5905.0,5580.0
2025-02-05 12:00:00,2025-02-05,12,Weekday,None,1,hist_gradient_boosting_24h,5905.0,5934.166423989168
2025-02-05 12:00:00,2025-02-05,12,Weekday,None,1,hist_gradient_boosting_lag1,5905.0,5969.119598160037
2025-02-05 13:00:00,2025-02-05,13,Weekday,None,1,baseline_lag1,5967.0,5905.0
2025-02-05 13:00:00,2025-02-05,13,Weekday,None,1,baseline_lag168,5967.0,5887.0
2025-02-05 13:00:00,2025-02-05,13,Weekday,None,1,baseline_lag24,5967.0,5670.0
2025-02-05 13:00:00,2025-02-05,13,Weekday,None,1,hist_gradient_boosting_24h,5967.0,6064.571671534541
2025-02-05 13:00:00,2025-02-05,13,Weekday,None,1,hist_gradient_boosting_lag1,5967.0,6094.2980282874705
2025-02-05 14:00:00,2025-02-05,14,Weekday,None,1,baseline_lag1,6582.0,5967.0
2025-02-05 14:00:00,2025-02-05,14,Weekday,None,1,baseline_lag168,6582.0,6317.0
2025-02-05 14:00:00,2025-02-05,14,Weekday,None,1,baseline_lag24,6582.0,6478.0
2025-02-05 14:00:00,2025-02-05,14,Weekday,None,1,hist_gradient_boosting_24h,6582.0,6397.309669328757
2025-02-05 14:00:00,2025-02-05,14,Weekday,None,1,hist_gradient_boosting_lag1,6582.0,6491.064266907146
2025-02-05 15:00:00,2025-02-05,15,Weekday,None,1,baseline_lag1,7378.0,6582.0
2025-02-05 15:00:00,2025-02-05,15,Weekday,None,1,baseline_lag168,7378.0,6849.0
2025-02-05 15:00:00,2025-02-05,15,Weekday,None,1,baseline_lag24,7378.0,7083.0
2025-02-05 15:00:00,2025-02-05,15,Weekday,None,1,hist_gradient_boosting_24h,7378.0,7208.066032833514
2025-02-05 15:00:00,2025-02-05,15,Weekday,None,1,hist_gradient_boosting_lag1,7378.0,7415.415145250453
2025-02-05 16:00:00,2025-02-05,16,Weekday,None,1,baseline_lag1,7003.0,7378.0
2025-02-05 16:00:00,2025-02-05,16,Weekday,None,1,baseline_lag168,7003.0,6895.0
2025-02-05 16:00:00,2025-02-05,16,Weekday,None,1,baseline_lag24,7003.0,6759.0
2025-02-05 16:00:00,2025-02-05,16,Weekday,None,1,hist_gradient_boosting_24h,7003.0,7294.301603240803
2025-02-05 16:00:00,2025-02-05,16,Weekday,None,1,hist_gradient_boosting_lag1,7003.0,7196.629274173912
2025-02-05 17:00:00,2025-02-05,17,Weekday,None,1,baseline_lag1,8340.0,7003.0
2025-02-05 17:00:00,2025-02-05,17,Weekday,None,1,baseline_lag168,8340.0,8113.0
2025-02-05 17:00:00,2025-02-05,17,Weekday,None,1,baseline_lag24,8340.0,8115.0
2025-02-05 17:00:00,2025-02-05,17,Weekday,None,1,hist_gradient_boosting_24h,8340.0,8074.098231129351
2025-02-05 17:00:00,2025-02-05,17,Weekday,None,1,hist_gradient_boosting_lag1,8340.0,7841.55028410728
2025-02-05 18:00:00,2025-02-05,18,Weekday,None,1,baseline_lag1,8993.0,8340.0
2025-02-05 18:00:00,2025-02-05,18,Weekday,None,1,baseline_lag168,8993.0,8604.0
2025-02-05 18:00:00,2025-02-05,18,Weekday,None,1,baseline_lag24,8993.0,8515.0
2025-02-05 18:00:00,2025-02-05,18,Weekday,None,1,hist_gradient_boosting_24h,8993.0,8580.486314690017
2025-02-05 18:00:00,2025-02-05,18,Weekday,None,1,hist_gradient_boosting_lag1,8993.0,8821.018224030358
2025-02-05 19:00:00,2025-02-05,19,Weekday,None,1,baseline_lag1,7670.0,8993.0
2025-02-05 19:00:00,2025-02-05,19,Weekday,None,1,baseline_lag168,7670.0,7704.0
2025-02-05 19:00:00,2025-02-05,19,Weekday,None,1,baseline_lag24,7670.0,7355.0
2025-02-05 19:00:00,2025-02-05,19,Weekday,None,1,hist_gradient_boosting_24h,7670.0,7660.316187199097
2025-02-05 19:00:00,2025-02-05,19,Weekday,None,1,hist_gradient_boosting_lag1,7670.0,8157.535225559655
2025-02-05 20:00:00,2025-02-05,20,Weekday,None,1,baseline_lag1,7578.0,7670.0
2025-02-05 20:00:00,2025-02-05,20,Weekday,None,1,baseline_lag168,7578.0,7326.0
2025-02-05 20:00:00,2025-02-05,20,Weekday,None,1,baseline_lag24,7578.0,7898.0
2025-02-05 20:00:00,2025-02-05,20,Weekday,None,1,hist_gradient_boosting_24h,7578.0,8109.329729923578
2025-02-05 20:00:00,2025-02-05,20,Weekday,None,1,hist_gradient_boosting_lag1,7578.0,7458.996872746257
2025-02-05 21:00:00,2025-02-05,21,Weekday,None,1,baseline_lag1,8762.0,7578.0
2025-02-05 21:00:00,2025-02-05,21,Weekday,None,1,baseline_lag168,8762.0,8491.0
2025-02-05 21:00:00,2025-02-05,21,Weekday,None,1,baseline_lag24,8762.0,8657.0
2025-02-05 21:00:00,2025-02-05,21,Weekday,None,1,hist_gradient_boosting_24h,8762.0,8246.935478067975
2025-02-05 21:00:00,2025-02-05,21,Weekday,None,1,hist_gradient_boosting_lag1,8762.0,8612.204078151415
2025-02-05 22:00:00,2025-02-05,22,Weekday,None,1,baseline_lag1,7536.0,8762.0
2025-02-05 22:00:00,2025-02-05,22,Weekday,None,1,baseline_lag168,7536.0,7463.0
2025-02-05 22:00:00,2025-02-05,22,Weekday,None,1,baseline_lag24,7536.0,6415.0
2025-02-05 22:00:00,2025-02-05,22,Weekday,None,1,hist_gradient_boosting_24h,7536.0,7151.980748772773
2025-02-05 22:00:00,2025-02-05,22,Weekday,None,1,hist_gradient_boosting_lag1,7536.0,7538.597176802892
2025-02-05 23:00:00,2025-02-05,23,Weekday,None,1,baseline_lag1,3990.0,7536.0
2025-02-05 23:00:00,2025-02-05,23,Weekday,None,1,baseline_lag168,3990.0,3802.0
2025-02-05 23:00:00,2025-02-05,23,Weekday,None,1,baseline_lag24,3990.0,2978.0
2025-02-05 23:00:00,2025-02-05,23,Weekday,None,1,hist_gradient_boosting_24h,3990.0,4142.706914688866
2025-02-05 23:00:00,2025-02-05,23,Weekday,None,1,hist_gradient_boosting_lag1,3990.0,4633.632473179454
2025-02-06 00:00:00,2025-02-06,0,Weekday,None,1,baseline_lag1,1646.0,3990.0
2025-02-06 00:00:00,2025-02-06,0,Weekday,None,1,baseline_lag168,1646.0,1541.0
2025-02-06 00:00:00,2025-02-06,0,Weekday,None,1,baseline_lag24,1646.0,1177.0
2025-02-06 00:00:00,2025-02-06,0,Weekday,None,1,hist_gradient_boosting_24h,1646.0,2165.2243376860156
2025-02-06 00:00:00,2025-02-06,0,Weekday,None,1,hist_gradient_boosting_lag1,1646.0,2419.4073421962094
2025-02-06 01:00:00,2025-02-06,1,Weekday,None,1,baseline_lag1,681.0,1646.0
2025-02-06 01:00:00,2025-02-06,1,Weekday,None,1,baseline_lag168,681.0,736.0
2025-02-06 01:00:00,2025-02-06,1,Weekday,None,1,baseline_lag24,681.0,499.0
2025-02-06 01:00:00,2025-02-06,1,Weekday,None,1,hist_gradient_boosting_24h,681.0,907.0136049309588
2025-02-06 01:00:00,2025-02-06,1,Weekday,None,1,hist_gradient_boosting_lag1,681.0,950.1823840076082
2025-02-06 02:00:00,2025-02-06,2,Weekday,None,1,baseline_lag1,380.0,681.0
2025-02-06 02:00:00,2025-02-06,2,Weekday,None,1,baseline_lag168,380.0,384.0
2025-02-06 02:00:00,2025-02-06,2,Weekday,None,1,baseline_lag24,380.0,253.0
2025-02-06 02:00:00,2025-02-06,2,Weekday,None,1,hist_gradient_boosting_24h,380.0,332.54380580182203
2025-02-06 02:00:00,2025-02-06,2,Weekday,None,1,hist_gradient_boosting_lag1,380.0,370.40395292829805
2025-02-06 03:00:00,2025-02-06,3,Weekday,None,1,baseline_lag1,300.0,380.0
2025-02-06 03:00:00,2025-02-06,3,Weekday,None,1,baseline_lag168,300.0,256.0
2025-02-06 03:00:00,2025-02-06,3,Weekday,None,1,baseline_lag24,300.0,156.0
2025-02-06 03:00:00,2025-02-06,3,Weekday,None,1,hist_gradient_boosting_24h,300.0,301.1909257718658
2025-02-06 03:00:00,2025-02-06,3,Weekday,None,1,hist_gradient_boosting_lag1,300.0,257.3088513753668
2025-02-06 04:00:00,2025-02-06,4,Weekday,None,1,baseline_lag1,319.0,300.0
2025-02-06 04:00:00,2025-02-06,4,Weekday,None,1,baseline_lag168,319.0,315.0
2025-02-06 04:00:00,2025-02-06,4,Weekday,None,1,baseline_lag24,319.0,268.0
2025-02-06 04:00:00,2025-02-06,4,Weekday,None,1,hist_gradient_boosting_24h,319.0,330.52791759881893
2025-02-06 04:00:00,2025-02-06,4,Weekday,None,1,hist_gradient_boosting_lag1,319.0,321.5118282582539
2025-02-06 05:00:00,2025-02-06,5,Weekday,None,1,baseline_lag1,808.0,319.0
2025-02-06 05:00:00,2025-02-06,5,Weekday,None,1,baseline_lag168,808.0,764.0
2025-02-06 05:00:00,2025-02-06,5,Weekday,None,1,baseline_lag24,808.0,698.0
2025-02-06 05:00:00,2025-02-06,5,Weekday,None,1,hist_gradient_boosting_24h,808.0,495.42941369042586
2025-02-06 05:00:00,2025-02-06,5,Weekday,None,1,hist_gradient_boosting_lag1,808.0,727.556775319201
2025-02-06 06:00:00,2025-02-06,6,Weekday,None,1,baseline_lag1,2183.0,808.0
2025-02-06 06:00:00,2025-02-06,6,Weekday,None,1,baseline_lag168,2183.0,1992.0
2025-02-06 06:00:00,2025-02-06,6,Weekday,None,1,baseline_lag24,2183.0,1895.0
2025-02-06 06:00:00,2025-02-06,6,Weekday,None,1,hist_gradient_boosting_24h,2183.0,2129.806378626707
2025-02-06 06:00:00,2025-02-06,6,Weekday,None,1,hist_gradient_boosting_lag1,2183.0,2036.682615268218
2025-02-06 07:00:00,2025-02-06,7,Weekday,None,1,baseline_lag1,4753.0,2183.0
2025-02-06 07:00:00,2025-02-06,7,Weekday,None,1,baseline_lag168,4753.0,4586.0
2025-02-06 07:00:00,2025-02-06,7,Weekday,None,1,baseline_lag24,4753.0,4609.0
2025-02-06 07:00:00,2025-02-06,7,Weekday,None,1,hist_gradient_boosting_24h,4753.0,4741.225763902159
2025-02-06 07:00:00,2025-02-06,7,Weekday,None,1,hist_gradient_boosting_lag1,4753.0,4668.782783605978
2025-02-06 08:00:00,2025-02-06,8,Weekday,None,1,baseline_lag1,6370.0,4753.0
2025-02-06 08:00:00,2025-02-06,8,Weekday,None,1,baseline_lag168,6370.0,6473.0
2025-02-06 08:00:00,2025-02-06,8,Weekday,None,1,baseline_lag24,6370.0,6417.0
2025-02-06 08:00:00,2025-02-06,8,Weekday,None,1,hist_gradient_boosting_24h,6370.0,6735.469161263737
2025-02-06 08:00:00,2025-02-06,8,Weekday,None,1,hist_gradient_boosting_lag1,6370.0,6285.085144156363
2025-02-06 09:00:00,2025-02-06,9,Weekday,None,1,baseline_lag1,6041.0,6370.0
2025-02-06 09:00:00,2025-02-06,9,Weekday,None,1,baseline_lag168,6041.0,6037.0
2025-02-06 09:00:00,2025-02-06,9,Weekday,None,1,baseline_lag24,6041.0,5954.0
2025-02-06 09:00:00,2025-02-06,9,Weekday,None,1,hist_gradient_boosting_24h,6041.0,6228.224746162141
2025-02-06 09:00:00,2025-02-06,9,Weekday,None,1,hist_gradient_boosting_lag1,6041.0,6223.400672075381
2025-02-06 10:00:00,2025-02-06,10,Weekday,None,1,baseline_lag1,5199.0,6041.0
2025-02-06 10:00:00,2025-02-06,10,Weekday,None,1,baseline_lag168,5199.0,5459.0
2025-02-06 10:00:00,2025-02-06,10,Weekday,None,1,baseline_lag24,5199.0,5640.0
2025-02-06 10:00:00,2025-02-06,10,Weekday,None,1,hist_gradient_boosting_24h,5199.0,5549.916193249995
2025-02-06 10:00:00,2025-02-06,10,Weekday,None,1,hist_gradient_boosting_lag1,5199.0,5444.466609891352
2025-02-06 11:00:00,2025-02-06,11,Weekday,None,1,baseline_lag1,5231.0,5199.0
2025-02-06 11:00:00,2025-02-06,11,Weekday,None,1,baseline_lag168,5231.0,5480.0
2025-02-06 11:00:00,2025-02-06,11,Weekday,None,1,baseline_lag24,5231.0,5708.0
2025-02-06 11:00:00,2025-02-06,11,Weekday,None,1,hist_gradient_boosting_24h,5231.0,5667.136360828441
2025-02-06 11:00:00,2025-02-06,11,Weekday,None,1,hist_gradient_boosting_lag1,5231.0,5511.077742367843
2025-02-06 12:00:00,2025-02-06,12,Weekday,None,1,baseline_lag1,6223.0,5231.0
2025-02-06 12:00:00,2025-02-06,12,Weekday,None,1,baseline_lag168,6223.0,5986.0
2025-02-06 12:00:00,2025-02-06,12,Weekday,None,1,baseline_lag24,6223.0,5905.0
2025-02-06 12:00:00,2025-02-06,12,Weekday,None,1,hist_gradient_boosting_24h,6223.0,6217.061829392986
2025-02-06 12:00:00,2025-02-06,12,Weekday,None,1,hist_gradient_boosting_lag1,6223.0,5915.4720837952345
2025-02-06 13:00:00,2025-02-06,13,Weekday,None,1,baseline_lag1,5649.0,6223.0
2025-02-06 13:00:00,2025-02-06,13,Weekday,None,1,baseline_lag168,5649.0,6063.0
2025-02-06 13:00:00,2025-02-06,13,Weekday,None,1,baseline_lag24,5649.0,5967.0
2025-02-06 13:00:00,2025-02-06,13,Weekday,None,1,hist_gradient_boosting_24h,5649.0,6255.968541488288
2025-02-06 13:00:00,2025-02-06,13,Weekday,None,1,hist_gradient_boosting_lag1,5649.0,6186.726084487803
2025-02-06 14:00:00,2025-02-06,14,Weekday,None,1,baseline_lag1,6294.0,5649.0
2025-02-06 14:00:00,2025-02-06,14,Weekday,None,1,baseline_lag168,6294.0,6803.0
2025-02-06 14:00:00,2025-02-06,14,Weekday,None,1,baseline_lag24,6294.0,6582.0
2025-02-06 14:00:00,2025-02-06,14,Weekday,None,1,hist_gradient_boosting_24h,6294.0,6529.336487127873
2025-02-06 14:00:00,2025-02-06,14,Weekday,None,1,hist_gradient_boosting_lag1,6294.0,6421.478152866111
2025-02-06 15:00:00,2025-02-06,15,Weekday,None,1,baseline_lag1,6815.0,6294.0
2025-02-06 15:00:00,2025-02-06,15,Weekday,None,1,baseline_lag168,6815.0,7299.0
2025-02-06 15:00:00,2025-02-06,15,Weekday,None,1,baseline_lag24,6815.0,7378.0
2025-02-06 15:00:00,2025-02-06,15,Weekday,None,1,hist_gradient_boosting_24h,6815.0,7694.996863299968
2025-02-06 15:00:00,2025-02-06,15,Weekday,None,1,hist_gradient_boosting_lag1,6815.0,6913.095010794976
2025-02-06 16:00:00,2025-02-06,16,Weekday,None,1,baseline_lag1,6427.0,6815.0
2025-02-06 16:00:00,2025-02-06,16,Weekday,None,1,baseline_lag168,6427.0,7165.0
2025-02-06 16:00:00,2025-02-06,16,Weekday,None,1,baseline_lag24,6427.0,7003.0
2025-02-06 16:00:00,2025-02-06,16,Weekday,None,1,hist_gradient_boosting_24h,6427.0,7294.680692274831
2025-02-06 16:00:00,2025-02-06,16,Weekday,None,1,hist_gradient_boosting_lag1,6427.0,7458.499943698789
2025-02-06 17:00:00,2025-02-06,17,Weekday,None,1,baseline_lag1,7876.0,6427.0
2025-02-06 17:00:00,2025-02-06,17,Weekday,None,1,baseline_lag168,7876.0,8772.0
2025-02-06 17:00:00,2025-02-06,17,Weekday,None,1,baseline_lag24,7876.0,8340.0
2025-02-06 17:00:00,2025-02-06,17,Weekday,None,1,hist_gradient_boosting_24h,7876.0,9859.533125763644
2025-02-06 17:00:00,2025-02-06,17,Weekday,None,1,hist_gradient_boosting_lag1,7876.0,8811.495346561214
2025-02-06 18:00:00,2025-02-06,18,Weekday,None,1,baseline_lag1,8518.0,7876.0
2025-02-06 18:00:00,2025-02-06,18,Weekday,None,1,baseline_lag168,8518.0,9596.0
2025-02-06 18:00:00,2025-02-06,18,Weekday,None,1,baseline_lag24,8518.0,8993.0
2025-02-06 18:00:00,2025-02-06,18,Weekday,None,1,hist_gradient_boosting_24h,8518.0,10072.251081948569
2025-02-06 18:00:00,2025-02-06,18,Weekday,None,1,hist_gradient_boosting_lag1,8518.0,9442.224248637935
2025-02-06 19:00:00,2025-02-06,19,Weekday,None,1,baseline_lag1,7315.0,8518.0
2025-02-06 19:00:00,2025-02-06,19,Weekday,None,1,baseline_lag168,7315.0,7985.0
2025-02-06 19:00:00,2025-02-06,19,Weekday,None,1,baseline_lag24,7315.0,7670.0
2025-02-06 19:00:00,2025-02-06,19,Weekday,None,1,hist_gradient_boosting_24h,7315.0,8456.62379609121
2025-02-06 19:00:00,2025-02-06,19,Weekday,None,1,hist_gradient_boosting_lag1,7315.0,7783.587866559965
2025-02-06 20:00:00,2025-02-06,20,Weekday,None,1,baseline_lag1,7381.0,7315.0
2025-02-06 20:00:00,2025-02-06,20,Weekday,None,1,baseline_lag168,7381.0,8051.0
2025-02-06 20:00:00,2025-02-06,20,Weekday,None,1,baseline_lag24,7381.0,7578.0
2025-02-06 20:00:00,2025-02-06,20,Weekday,None,1,hist_gradient_boosting_24h,7381.0,8817.976426973053
2025-02-06 20:00:00,2025-02-06,20,Weekday,None,1,hist_gradient_boosting_lag1,7381.0,7818.466867029265
2025-02-06 21:00:00,2025-02-06,21,Weekday,None,1,baseline_lag1,8075.0,7381.0
2025-02-06 21:00:00,2025-02-06,21,Weekday,None,1,baseline_lag168,8075.0,8506.0
2025-02-06 21:00:00,2025-02-06,21,Weekday,None,1,baseline_lag24,8075.0,8762.0
2025-02-06 21:00:00,2025-02-06,21,Weekday,None,1,hist_gradient_boosting_24h,8075.0,9070.207890039885
2025-02-06 21:00:00,2025-02-06,21,Weekday,None,1,hist_gradient_boosting_lag1,8075.0,8839.200013000409
2025-02-06 22:00:00,2025-02-06,22,Weekday,None,1,baseline_lag1,7502.0,8075.0
2025-02-06 22:00:00,2025-02-06,22,Weekday,None,1,baseline_lag168,7502.0,7845.0
2025-02-06 22:00:00,2025-02-06,22,Weekday,None,1,baseline_lag24,7502.0,7536.0
2025-02-06 22:00:00,2025-02-06,22,Weekday,None,1,hist_gradient_boosting_24h,7502.0,8104.103784030951
2025-02-06 22:00:00,2025-02-06,22,Weekday,None,1,hist_gradient_boosting_lag1,7502.0,7627.18820105077
2025-02-06 23:00:00,2025-02-06,23,Weekday,None,1,baseline_lag1,5104.0,7502.0
2025-02-06 23:00:00,2025-02-06,23,Weekday,None,1,baseline_lag168,5104.0,4870.0
2025-02-06 23:00:00,2025-02-06,23,Weekday,None,1,baseline_lag24,5104.0,3990.0
2025-02-06 23:00:00,2025-02-06,23,Weekday,None,1,hist_gradient_boosting_24h,5104.0,5124.525978214106
2025-02-06 23:00:00,2025-02-06,23,Weekday,None,1,hist_gradient_boosting_lag1,5104.0,5007.421647883461
2025-02-07 00:00:00,2025-02-07,0,Weekday,None,1,baseline_lag1,2710.0,5104.0
2025-02-07 00:00:00,2025-02-07,0,Weekday,None,1,baseline_lag168,2710.0,2484.0
2025-02-07 00:00:00,2025-02-07,0,Weekday,None,1,baseline_lag24,2710.0,1646.0
2025-02-07 00:00:00,2025-02-07,0,Weekday,None,1,hist_gradient_boosting_24h,2710.0,2590.031482296329
2025-02-07 00:00:00,2025-02-07,0,Weekday,None,1,hist_gradient_boosting_lag1,2710.0,3037.415786408446
2025-02-07 01:00:00,2025-02-07,1,Weekday,None,1,baseline_lag1,1381.0,2710.0
2025-02-07 01:00:00,2025-02-07,1,Weekday,None,1,baseline_lag168,1381.0,1272.0
2025-02-07 01:00:00,2025-02-07,1,Weekday,None,1,baseline_lag24,1381.0,681.0
2025-02-07 01:00:00,2025-02-07,1,Weekday,None,1,hist_gradient_boosting_24h,1381.0,1116.8617126895292
2025-02-07 01:00:00,2025-02-07,1,Weekday,None,1,hist_gradient_boosting_lag1,1381.0,1199.5780461560719
2025-02-07 02:00:00,2025-02-07,2,Weekday,None,1,baseline_lag1,790.0,1381.0
2025-02-07 02:00:00,2025-02-07,2,Weekday,None,1,baseline_lag168,790.0,700.0
2025-02-07 02:00:00,2025-02-07,2,Weekday,None,1,baseline_lag24,790.0,380.0
2025-02-07 02:00:00,2025-02-07,2,Weekday,None,1,hist_gradient_boosting_24h,790.0,775.3515511686662
2025-02-07 02:00:00,2025-02-07,2,Weekday,None,1,hist_gradient_boosting_lag1,790.0,781.7415482630462
2025-02-07 03:00:00,2025-02-07,3,Weekday,None,1,baseline_lag1,487.0,790.0
2025-02-07 03:00:00,2025-02-07,3,Weekday,None,1,baseline_lag168,487.0,500.0
2025-02-07 03:00:00,2025-02-07,3,Weekday,None,1,baseline_lag24,487.0,300.0
2025-02-07 03:00:00,2025-02-07,3,Weekday,None,1,hist_gradient_boosting_24h,487.0,587.0560254873674
2025-02-07 03:00:00,2025-02-07,3,Weekday,None,1,hist_gradient_boosting_lag1,487.0,601.1567727075831
2025-02-07 04:00:00,2025-02-07,4,Weekday,None,1,baseline_lag1,524.0,487.0
2025-02-07 04:00:00,2025-02-07,4,Weekday,None,1,baseline_lag168,524.0,472.0
2025-02-07 04:00:00,2025-02-07,4,Weekday,None,1,baseline_lag24,524.0,319.0
2025-02-07 04:00:00,2025-02-07,4,Weekday,None,1,hist_gradient_boosting_24h,524.0,665.4124901535836
2025-02-07 04:00:00,2025-02-07,4,Weekday,None,1,hist_gradient_boosting_lag1,524.0,615.2198739022294
2025-02-07 05:00:00,2025-02-07,5,Weekday,None,1,baseline_lag1,805.0,524.0
2025-02-07 05:00:00,2025-02-07,5,Weekday,None,1,baseline_lag168,805.0,919.0
2025-02-07 05:00:00,2025-02-07,5,Weekday,None,1,baseline_lag24,805.0,808.0
2025-02-07 05:00:00,2025-02-07,5,Weekday,None,1,hist_gradient_boosting_24h,805.0,959.9410094141735
2025-02-07 05:00:00,2025-02-07,5,Weekday,None,1,hist_gradient_boosting_lag1,805.0,1089.4106624090336
2025-02-07 06:00:00,2025-02-07,6,Weekday,None,1,baseline_lag1,1776.0,805.0
2025-02-07 06:00:00,2025-02-07,6,Weekday,None,1,baseline_lag168,1776.0,1808.0
2025-02-07 06:00:00,2025-02-07,6,Weekday,None,1,baseline_lag24,1776.0,2183.0
2025-02-07 06:00:00,2025-02-07,6,Weekday,None,1,hist_gradient_boosting_24h,1776.0,1789.3106955483888
2025-02-07 06:00:00,2025-02-07,6,Weekday,None,1,hist_gradient_boosting_lag1,1776.0,2008.8000775938597
2025-02-07 07:00:00,2025-02-07,7,Weekday,None,1,baseline_lag1,3904.0,1776.0
2025-02-07 07:00:00,2025-02-07,7,Weekday,None,1,baseline_lag168,3904.0,3898.0
2025-02-07 07:00:00,2025-02-07,7,Weekday,None,1,baseline_lag24,3904.0,4753.0
2025-02-07 07:00:00,2025-02-07,7,Weekday,None,1,hist_gradient_boosting_24h,3904.0,3986.5286512257185
2025-02-07 07:00:00,2025-02-07,7,Weekday,None,1,hist_gradient_boosting_lag1,3904.0,4289.6261712084115
2025-02-07 08:00:00,2025-02-07,8,Weekday,None,1,baseline_lag1,5025.0,3904.0
2025-02-07 08:00:00,2025-02-07,8,Weekday,None,1,baseline_lag168,5025.0,5468.0
2025-02-07 08:00:00,2025-02-07,8,Weekday,None,1,baseline_lag24,5025.0,6370.0
2025-02-07 08:00:00,2025-02-07,8,Weekday,None,1,hist_gradient_boosting_24h,5025.0,5544.066717786469
2025-02-07 08:00:00,2025-02-07,8,Weekday,None,1,hist_gradient_boosting_lag1,5025.0,5325.8464886630945
2025-02-07 09:00:00,2025-02-07,9,Weekday,None,1,baseline_lag1,4782.0,5025.0
2025-02-07 09:00:00,2025-02-07,9,Weekday,None,1,baseline_lag168,4782.0,4815.0
2025-02-07 09:00:00,2025-02-07,9,Weekday,None,1,baseline_lag24,4782.0,6041.0
2025-02-07 09:00:00,2025-02-07,9,Weekday,None,1,hist_gradient_boosting_24h,4782.0,4803.46881986211
2025-02-07 09:00:00,2025-02-07,9,Weekday,None,1,hist_gradient_boosting_lag1,4782.0,4887.826880912868
2025-02-07 10:00:00,2025-02-07,10,Weekday,None,1,baseline_lag1,4924.0,4782.0
2025-02-07 10:00:00,2025-02-07,10,Weekday,None,1,baseline_lag168,4924.0,4771.0
2025-02-07 10:00:00,2025-02-07,10,Weekday,None,1,baseline_lag24,4924.0,5199.0
2025-02-07 10:00:00,2025-02-07,10,Weekday,None,1,hist_gradient_boosting_24h,4924.0,4850.983728954782
2025-02-07 10:00:00,2025-02-07,10,Weekday,None,1,hist_gradient_boosting_lag1,4924.0,4796.905422578184
2025-02-07 11:00:00,2025-02-07,11,Weekday,None,1,baseline_lag1,5356.0,4924.0
2025-02-07 11:00:00,2025-02-07,11,Weekday,None,1,baseline_lag168,5356.0,4916.0
2025-02-07 11:00:00,2025-02-07,11,Weekday,None,1,baseline_lag24,5356.0,5231.0
2025-02-07 11:00:00,2025-02-07,11,Weekday,None,1,hist_gradient_boosting_24h,5356.0,4832.220453500048
2025-02-07 11:00:00,2025-02-07,11,Weekday,None,1,hist_gradient_boosting_lag1,5356.0,5072.447832361648
2025-02-07 12:00:00,2025-02-07,12,Weekday,None,1,baseline_lag1,5924.0,5356.0
2025-02-07 12:00:00,2025-02-07,12,Weekday,None,1,baseline_lag168,5924.0,5489.0
2025-02-07 12:00:00,2025-02-07,12,Weekday,None,1,baseline_lag24,5924.0,6223.0
2025-02-07 12:00:00,2025-02-07,12,Weekday,None,1,hist_gradient_boosting_24h,5924.0,5420.146441309442
2025-02-07 12:00:00,2025-02-07,12,Weekday,None,1,hist_gradient_boosting_lag1,5924.0,5817.0422540681175
2025-02-07 13:00:00,2025-02-07,13,Weekday,None,1,baseline_lag1,6185.0,5924.0
2025-02-07 13:00:00,2025-02-07,13,Weekday,None,1,baseline_lag168,6185.0,5916.0
2025-02-07 13:00:00,2025-02-07,13,Weekday,None,1,baseline_lag24,6185.0,5649.0
2025-02-07 13:00:00,2025-02-07,13,Weekday,None,1,hist_gradient_boosting_24h,6185.0,6118.724800497318
2025-02-07 13:00:00,2025-02-07,13,Weekday,None,1,hist_gradient_boosting_lag1,6185.0,6164.3325160643
2025-02-07 14:00:00,2025-02-07,14,Weekday,None,1,baseline_lag1,7050.0,6185.0
2025-02-07 14:00:00,2025-02-07,14,Weekday,None,1,baseline_lag168,7050.0,6847.0
2025-02-07 14:00:00,2025-02-07,14,Weekday,None,1,baseline_lag24,7050.0,6294.0
2025-02-07 14:00:00,2025-02-07,14,Weekday,None,1,hist_gradient_boosting_24h,7050.0,6453.9614761773255
2025-02-07 14:00:00,2025-02-07,14,Weekday,None,1,hist_gradient_boosting_lag1,7050.0,6665.359224667891
2025-02-07 15:00:00,2025-02-07,15,Weekday,None,1,baseline_lag1,7828.0,7050.0
2025-02-07 15:00:00,2025-02-07,15,Weekday,None,1,baseline_lag168,7828.0,7394.0
2025-02-07 15:00:00,2025-02-07,15,Weekday,None,1,baseline_lag24,7828.0,6815.0
2025-02-07 15:00:00,2025-02-07,15,Weekday,None,1,hist_gradient_boosting_24h,7828.0,7155.566896049861
2025-02-07 15:00:00,2025-02-07,15,Weekday,None,1,hist_gradient_boosting_lag1,7828.0,7197.4701329539985
2025-02-07 16:00:00,2025-02-07,16,Weekday,None,1,baseline_lag1,7362.0,7828.0
2025-02-07 16:00:00,2025-02-07,16,Weekday,None,1,baseline_lag168,7362.0,6913.0
2025-02-07 16:00:00,2025-02-07,16,Weekday,None,1,baseline_lag24,7362.0,6427.0
2025-02-07 16:00:00,2025-02-07,16,Weekday,None,1,hist_gradient_boosting_24h,7362.0,6764.247746625081
2025-02-07 16:00:00,2025-02-07,16,Weekday,None,1,hist_gradient_boosting_lag1,7362.0,7115.27721333152
2025-02-07 17:00:00,2025-02-07,17,Weekday,None,1,baseline_lag1,8431.0,7362.0
2025-02-07 17:00:00,2025-02-07,17,Weekday,None,1,baseline_lag168,8431.0,9316.0
2025-02-07 17:00:00,2025-02-07,17,Weekday,None,1,baseline_lag24,8431.0,7876.0
2025-02-07 17:00:00,2025-02-07,17,Weekday,None,1,hist_gradient_boosting_24h,8431.0,9024.96536681402
2025-02-07 17:00:00,2025-02-07,17,Weekday,None,1,hist_gradient_boosting_lag1,8431.0,8841.566310553852
2025-02-07 18:00:00,2025-02-07,18,Weekday,None,1,baseline_lag1,9451.0,8431.0
2025-02-07 18:00:00,2025-02-07,18,Weekday,None,1,baseline_lag168,9451.0,9269.0
2025-02-07 18:00:00,2025-02-07,18,Weekday,None,1,baseline_lag24,9451.0,8518.0
2025-02-07 18:00:00,2025-02-07,18,Weekday,None,1,hist_gradient_boosting_24h,9451.0,9025.176243552683
2025-02-07 18:00:00,2025-02-07,18,Weekday,None,1,hist_gradient_boosting_lag1,9451.0,9070.78676724138
2025-02-07 19:00:00,2025-02-07,19,Weekday,None,1,baseline_lag1,8629.0,9451.0
2025-02-07 19:00:00,2025-02-07,19,Weekday,None,1,baseline_lag168,8629.0,8287.0
2025-02-07 19:00:00,2025-02-07,19,Weekday,None,1,baseline_lag24,8629.0,7315.0
2025-02-07 19:00:00,2025-02-07,19,Weekday,None,1,hist_gradient_boosting_24h,8629.0,7841.136040863452
2025-02-07 19:00:00,2025-02-07,19,Weekday,None,1,hist_gradient_boosting_lag1,8629.0,8554.918071494987
2025-02-07 20:00:00,2025-02-07,20,Weekday,None,1,baseline_lag1,7675.0,8629.0
2025-02-07 20:00:00,2025-02-07,20,Weekday,None,1,baseline_lag168,7675.0,6842.0
2025-02-07 20:00:00,2025-02-07,20,Weekday,None,1,baseline_lag24,7675.0,7381.0
2025-02-07 20:00:00,2025-02-07,20,Weekday,None,1,hist_gradient_boosting_24h,7675.0,7448.60878719042
2025-02-07 20:00:00,2025-02-07,20,Weekday,None,1,hist_gradient_boosting_lag1,7675.0,7539.548588465278
2025-02-07 21:00:00,2025-02-07,21,Weekday,None,1,baseline_lag1,7707.0,7675.0
2025-02-07 21:00:00,2025-02-07,21,Weekday,None,1,baseline_lag168,7707.0,6824.0
2025-02-07 21:00:00,2025-02-07,21,Weekday,None,1,baseline_lag24,7707.0,8075.0
2025-02-07 21:00:00,2025-02-07,21,Weekday,None,1,hist_gradient_boosting_24h,7707.0,7534.689731612245
2025-02-07 21:00:00,2025-02-07,21,Weekday,None,1,hist_gradient_boosting_lag1,7707.0,7506.844198034492
2025-02-07 22:00:00,2025-02-07,22,Weekday,None,1,baseline_lag1,8394.0,7707.0
2025-02-07 22:00:00,2025-02-07,22,Weekday,None,1,baseline_lag168,8394.0,7973.0
2025-02-07 22:00:00,2025-02-07,22,Weekday,None,1,baseline_lag24,8394.0,7502.0
2025-02-07 22:00:00,2025-02-07,22,Weekday,None,1,hist_gradient_boosting_24h,8394.0,8204.142186107685
2025-02-07 22:00:00,2025-02-07,22,Weekday,None,1,hist_gradient_boosting_lag1,8394.0,8185.923559200308
2025-02-07 23:00:00,2025-02-07,23,Weekday,None,1,baseline_lag1,8795.0,8394.0
2025-02-07 23:00:00,2025-02-07,23,Weekday,None,1,baseline_lag168,8795.0,7632.0
2025-02-07 23:00:00,2025-02-07,23,Weekday,None,1,baseline_lag24,8795.0,5104.0
2025-02-07 23:00:00,2025-02-07,23,Weekday,None,1,hist_gradient_boosting_24h,8795.0,7767.296829894928
2025-02-07 23:00:00,2025-02-07,23,Weekday,None,1,hist_gradient_boosting_lag1,8795.0,7646.104547956099
2025-02-08 00:00:00,2025-02-08,0,Weekend,None,1,baseline_lag1,7966.0,8795.0
2025-02-08 00:00:00,2025-02-08,0,Weekend,None,1,baseline_lag168,7966.0,7151.0
2025-02-08 00:00:00,2025-02-08,0,Weekend,None,1,baseline_lag24,7966.0,2710.0
2025-02-08 00:00:00,2025-02-08,0,Weekend,None,1,hist_gradient_boosting_24h,7966.0,6653.290079527211
2025-02-08 00:00:00,2025-02-08,0,Weekend,None,1,hist_gradient_boosting_lag1,7966.0,7117.707821147534
2025-02-08 01:00:00,2025-02-08,1,Weekend,None,1,baseline_lag1,6348.0,7966.0
2025-02-08 01:00:00,2025-02-08,1,Weekend,None,1,baseline_lag168,6348.0,5502.0
2025-02-08 01:00:00,2025-02-08,1,Weekend,None,1,baseline_lag24,6348.0,1381.0
2025-02-08 01:00:00,2025-02-08,1,Weekend,None,1,hist_gradient_boosting_24h,6348.0,4977.982260922642
2025-02-08 01:00:00,2025-02-08,1,Weekend,None,1,hist_gradient_boosting_lag1,6348.0,5610.288678331437
2025-02-08 02:00:00,2025-02-08,2,Weekend,None,1,baseline_lag1,4502.0,6348.0
2025-02-08 02:00:00,2025-02-08,2,Weekend,None,1,baseline_lag168,4502.0,3915.0
2025-02-08 02:00:00,2025-02-08,2,Weekend,None,1,baseline_lag24,4502.0,790.0
2025-02-08 02:00:00,2025-02-08,2,Weekend,None,1,hist_gradient_boosting_24h,4502.0,3793.174952145697
2025-02-08 02:00:00,2025-02-08,2,Weekend,None,1,hist_gradient_boosting_lag1,4502.0,4910.909720341546
2025-02-08 03:00:00,2025-02-08,3,Weekend,None,1,baseline_lag1,2634.0,4502.0
2025-02-08 03:00:00,2025-02-08,3,Weekend,None,1,baseline_lag168,2634.0,2479.0
2025-02-08 03:00:00,2025-02-08,3,Weekend,None,1,baseline_lag24,2634.0,487.0
2025-02-08 03:00:00,2025-02-08,3,Weekend,None,1,hist_gradient_boosting_24h,2634.0,2442.8617912074033
2025-02-08 03:00:00,2025-02-08,3,Weekend,None,1,hist_gradient_boosting_lag1,2634.0,2784.8725992437517
2025-02-08 04:00:00,2025-02-08,4,Weekend,None,1,baseline_lag1,1352.0,2634.0
2025-02-08 04:00:00,2025-02-08,4,Weekend,None,1,baseline_lag168,1352.0,1328.0
2025-02-08 04:00:00,2025-02-08,4,Weekend,None,1,baseline_lag24,1352.0,524.0
2025-02-08 04:00:00,2025-02-08,4,Weekend,None,1,hist_gradient_boosting_24h,1352.0,1873.4068510290194
2025-02-08 04:00:00,2025-02-08,4,Weekend,None,1,hist_gradient_boosting_lag1,1352.0,1469.4444794265762
2025-02-08 05:00:00,2025-02-08,5,Weekend,None,1,baseline_lag1,549.0,1352.0
2025-02-08 05:00:00,2025-02-08,5,Weekend,None,1,baseline_lag168,549.0,538.0
2025-02-08 05:00:00,2025-02-08,5,Weekend,None,1,baseline_lag24,549.0,805.0
2025-02-08 05:00:00,2025-02-08,5,Weekend,None,1,hist_gradient_boosting_24h,549.0,635.8689689755299
2025-02-08 05:00:00,2025-02-08,5,Weekend,None,1,hist_gradient_boosting_lag1,549.0,652.8727531513393
2025-02-08 06:00:00,2025-02-08,6,Weekend,None,1,baseline_lag1,834.0,549.0
2025-02-08 06:00:00,2025-02-08,6,Weekend,None,1,baseline_lag168,834.0,813.0
2025-02-08 06:00:00,2025-02-08,6,Weekend,None,1,baseline_lag24,834.0,1776.0
2025-02-08 06:00:00,2025-02-08,6,Weekend,None,1,hist_gradient_boosting_24h,834.0,834.9487946370465
2025-02-08 06:00:00,2025-02-08,6,Weekend,None,1,hist_gradient_boosting_lag1,834.0,943.4735994628983
2025-02-08 07:00:00,2025-02-08,7,Weekend,None,1,baseline_lag1,1309.0,834.0
2025-02-08 07:00:00,2025-02-08,7,Weekend,None,1,baseline_lag168,1309.0,1222.0
2025-02-08 07:00:00,2025-02-08,7,Weekend,None,1,baseline_lag24,1309.0,3904.0
2025-02-08 07:00:00,2025-02-08,7,Weekend,None,1,hist_gradient_boosting_24h,1309.0,1155.32106295062
2025-02-08 07:00:00,2025-02-08,7,Weekend,None,1,hist_gradient_boosting_lag1,1309.0,1363.976010046778
2025-02-08 08:00:00,2025-02-08,8,Weekend,None,1,baseline_lag1,2266.0,1309.0
2025-02-08 08:00:00,2025-02-08,8,Weekend,None,1,baseline_lag168,2266.0,2140.0
2025-02-08 08:00:00,2025-02-08,8,Weekend,None,1,baseline_lag24,2266.0,5025.0
2025-02-08 08:00:00,2025-02-08,8,Weekend,None,1,hist_gradient_boosting_24h,2266.0,2136.1568663291937
2025-02-08 08:00:00,2025-02-08,8,Weekend,None,1,hist_gradient_boosting_lag1,2266.0,2177.911557630495
2025-02-08 09:00:00,2025-02-08,9,Weekend,None,1,baseline_lag1,3607.0,2266.0
2025-02-08 09:00:00,2025-02-08,9,Weekend,None,1,baseline_lag168,3607.0,3519.0
2025-02-08 09:00:00,2025-02-08,9,Weekend,None,1,baseline_lag24,3607.0,4782.0
2025-02-08 09:00:00,2025-02-08,9,Weekend,None,1,hist_gradient_boosting_24h,3607.0,3338.653000654864
2025-02-08 09:00:00,2025-02-08,9,Weekend,None,1,hist_gradient_boosting_lag1,3607.0,3615.8647564399007
2025-02-08 10:00:00,2025-02-08,10,Weekend,None,1,baseline_lag1,4801.0,3607.0
2025-02-08 10:00:00,2025-02-08,10,Weekend,None,1,baseline_lag168,4801.0,4638.0
2025-02-08 10:00:00,2025-02-08,10,Weekend,None,1,baseline_lag24,4801.0,4924.0
2025-02-08 10:00:00,2025-02-08,10,Weekend,None,1,hist_gradient_boosting_24h,4801.0,4748.411105671837
2025-02-08 10:00:00,2025-02-08,10,Weekend,None,1,hist_gradient_boosting_lag1,4801.0,4698.978343708662
2025-02-08 11:00:00,2025-02-08,11,Weekend,None,1,baseline_lag1,5542.0,4801.0
2025-02-08 11:00:00,2025-02-08,11,Weekend,None,1,baseline_lag168,5542.0,5517.0
2025-02-08 11:00:00,2025-02-08,11,Weekend,None,1,baseline_lag24,5542.0,5356.0
2025-02-08 11:00:00,2025-02-08,11,Weekend,None,1,hist_gradient_boosting_24h,5542.0,5537.671609527207
2025-02-08 11:00:00,2025-02-08,11,Weekend,None,1,hist_gradient_boosting_lag1,5542.0,5537.2053513695155
2025-02-08 12:00:00,2025-02-08,12,Weekend,None,1,baseline_lag1,6203.0,5542.0
2025-02-08 12:00:00,2025-02-08,12,Weekend,None,1,baseline_lag168,6203.0,6266.0
2025-02-08 12:00:00,2025-02-08,12,Weekend,None,1,baseline_lag24,6203.0,5924.0
2025-02-08 12:00:00,2025-02-08,12,Weekend,None,1,hist_gradient_boosting_24h,6203.0,6238.109762119463
2025-02-08 12:00:00,2025-02-08,12,Weekend,None,1,hist_gradient_boosting_lag1,6203.0,6206.914348428806
2025-02-08 13:00:00,2025-02-08,13,Weekend,None,1,baseline_lag1,6929.0,6203.0
2025-02-08 13:00:00,2025-02-08,13,Weekend,None,1,baseline_lag168,6929.0,6638.0
2025-02-08 13:00:00,2025-02-08,13,Weekend,None,1,baseline_lag24,6929.0,6185.0
2025-02-08 13:00:00,2025-02-08,13,Weekend,None,1,hist_gradient_boosting_24h,6929.0,6670.619084600277
2025-02-08 13:00:00,2025-02-08,13,Weekend,None,1,hist_gradient_boosting_lag1,6929.0,6703.414010577719
2025-02-08 14:00:00,2025-02-08,14,Weekend,None,1,baseline_lag1,6845.0,6929.0
2025-02-08 14:00:00,2025-02-08,14,Weekend,None,1,baseline_lag168,6845.0,6492.0
2025-02-08 14:00:00,2025-02-08,14,Weekend,None,1,baseline_lag24,6845.0,7050.0
2025-02-08 14:00:00,2025-02-08,14,Weekend,None,1,hist_gradient_boosting_24h,6845.0,7263.673763911671
2025-02-08 14:00:00,2025-02-08,14,Weekend,None,1,hist_gradient_boosting_lag1,6845.0,7583.281748099422
2025-02-08 15:00:00,2025-02-08,15,Weekend,None,1,baseline_lag1,7304.0,6845.0
2025-02-08 15:00:00,2025-02-08,15,Weekend,None,1,baseline_lag168,7304.0,7395.0
2025-02-08 15:00:00,2025-02-08,15,Weekend,None,1,baseline_lag24,7304.0,7828.0
2025-02-08 15:00:00,2025-02-08,15,Weekend,None,1,hist_gradient_boosting_24h,7304.0,7538.349294491322
2025-02-08 15:00:00,2025-02-08,15,Weekend,None,1,hist_gradient_boosting_lag1,7304.0,7743.642867962276
2025-02-08 16:00:00,2025-02-08,16,Weekend,None,1,baseline_lag1,7686.0,7304.0
2025-02-08 16:00:00,2025-02-08,16,Weekend,None,1,baseline_lag168,7686.0,8176.0
2025-02-08 16:00:00,2025-02-08,16,Weekend,None,1,baseline_lag24,7686.0,7362.0
2025-02-08 16:00:00,2025-02-08,16,Weekend,None,1,hist_gradient_boosting_24h,7686.0,7831.200579650123
2025-02-08 16:00:00,2025-02-08,16,Weekend,None,1,hist_gradient_boosting_lag1,7686.0,8179.020072946136
2025-02-08 17:00:00,2025-02-08,17,Weekend,None,1,baseline_lag1,7782.0,7686.0
2025-02-08 17:00:00,2025-02-08,17,Weekend,None,1,baseline_lag168,7782.0,8767.0
2025-02-08 17:00:00,2025-02-08,17,Weekend,None,1,baseline_lag24,7782.0,8431.0
2025-02-08 17:00:00,2025-02-08,17,Weekend,None,1,hist_gradient_boosting_24h,7782.0,9530.469168012803
2025-02-08 17:00:00,2025-02-08,17,Weekend,None,1,hist_gradient_boosting_lag1,7782.0,9744.682663625399
2025-02-08 18:00:00,2025-02-08,18,Weekend,None,1,baseline_lag1,8501.0,7782.0
2025-02-08 18:00:00,2025-02-08,18,Weekend,None,1,baseline_lag168,8501.0,10147.0
2025-02-08 18:00:00,2025-02-08,18,Weekend,None,1,baseline_lag24,8501.0,9451.0
2025-02-08 18:00:00,2025-02-08,18,Weekend,None,1,hist_gradient_boosting_24h,8501.0,9583.269480777477
2025-02-08 18:00:00,2025-02-08,18,Weekend,None,1,hist_gradient_boosting_lag1,8501.0,9491.12840280568
2025-02-08 19:00:00,2025-02-08,19,Weekend,None,1,baseline_lag1,8961.0,8501.0
2025-02-08 19:00:00,2025-02-08,19,Weekend,None,1,baseline_lag168,8961.0,10642.0
2025-02-08 19:00:00,2025-02-08,19,Weekend,None,1,baseline_lag24,8961.0,8629.0
2025-02-08 19:00:00,2025-02-08,19,Weekend,None,1,hist_gradient_boosting_24h,8961.0,8829.22894870781
2025-02-08 19:00:00,2025-02-08,19,Weekend,None,1,hist_gradient_boosting_lag1,8961.0,9268.661286247365
2025-02-08 20:00:00,2025-02-08,20,Weekend,None,1,baseline_lag1,9175.0,8961.0
2025-02-08 20:00:00,2025-02-08,20,Weekend,None,1,baseline_lag168,9175.0,8022.0
2025-02-08 20:00:00,2025-02-08,20,Weekend,None,1,baseline_lag24,9175.0,7675.0
2025-02-08 20:00:00,2025-02-08,20,Weekend,None,1,hist_gradient_boosting_24h,9175.0,8359.622419054444
2025-02-08 20:00:00,2025-02-08,20,Weekend,None,1,hist_gradient_boosting_lag1,9175.0,9366.82879395763
2025-02-08 21:00:00,2025-02-08,21,Weekend,None,1,baseline_lag1,8175.0,9175.0
2025-02-08 21:00:00,2025-02-08,21,Weekend,None,1,baseline_lag168,8175.0,7815.0
2025-02-08 21:00:00,2025-02-08,21,Weekend,None,1,baseline_lag24,8175.0,7707.0
2025-02-08 21:00:00,2025-02-08,21,Weekend,None,1,hist_gradient_boosting_24h,8175.0,8472.157736729834
2025-02-08 21:00:00,2025-02-08,21,Weekend,None,1,hist_gradient_boosting_lag1,8175.0,9746.81953762306
2025-02-08 22:00:00,2025-02-08,22,Weekend,None,1,baseline_lag1,8369.0,8175.0
2025-02-08 22:00:00,2025-02-08,22,Weekend,None,1,baseline_lag168,8369.0,9431.0
2025-02-08 22:00:00,2025-02-08,22,Weekend,None,1,baseline_lag24,8369.0,8394.0
2025-02-08 22:00:00,2025-02-08,22,Weekend,None,1,hist_gradient_boosting_24h,8369.0,8829.950567712483
2025-02-08 22:00:00,2025-02-08,22,Weekend,None,1,hist_gradient_boosting_lag1,8369.0,9688.777166249738
2025-02-08 23:00:00,2025-02-08,23,Weekend,None,1,baseline_lag1,8037.0,8369.0
2025-02-08 23:00:00,2025-02-08,23,Weekend,None,1,baseline_lag168,8037.0,10497.0
2025-02-08 23:00:00,2025-02-08,23,Weekend,None,1,baseline_lag24,8037.0,8795.0
2025-02-08 23:00:00,2025-02-08,23,Weekend,None,1,hist_gradient_boosting_24h,8037.0,8716.840120707773
2025-02-08 23:00:00,2025-02-08,23,Weekend,None,1,hist_gradient_boosting_lag1,8037.0,9657.29747008164
2025-02-09 00:00:00,2025-02-09,0,Weekend,None,1,baseline_lag1,7513.0,8037.0
2025-02-09 00:00:00,2025-02-09,0,Weekend,None,1,baseline_lag168,7513.0,9254.0
2025-02-09 00:00:00,2025-02-09,0,Weekend,None,1,baseline_lag24,7513.0,7966.0
2025-02-09 00:00:00,2025-02-09,0,Weekend,None,1,hist_gradient_boosting_24h,7513.0,9466.752588740306
2025-02-09 00:00:00,2025-02-09,0,Weekend,None,1,hist_gradient_boosting_lag1,7513.0,8925.059541043378
2025-02-09 01:00:00,2025-02-09,1,Weekend,None,1,baseline_lag1,5966.0,7513.0
2025-02-09 01:00:00,2025-02-09,1,Weekend,None,1,baseline_lag168,5966.0,7162.0
2025-02-09 01:00:00,2025-02-09,1,Weekend,None,1,baseline_lag24,5966.0,6348.0
2025-02-09 01:00:00,2025-02-09,1,Weekend,None,1,hist_gradient_boosting_24h,5966.0,7384.163543833845
2025-02-09 01:00:00,2025-02-09,1,Weekend,None,1,hist_gradient_boosting_lag1,5966.0,7135.8298037336335
2025-02-09 02:00:00,2025-02-09,2,Weekend,None,1,baseline_lag1,4427.0,5966.0
2025-02-09 02:00:00,2025-02-09,2,Weekend,None,1,baseline_lag168,4427.0,5116.0
2025-02-09 02:00:00,2025-02-09,2,Weekend,None,1,baseline_lag24,4427.0,4502.0
2025-02-09 02:00:00,2025-02-09,2,Weekend,None,1,hist_gradient_boosting_24h,4427.0,4999.289523875705
2025-02-09 02:00:00,2025-02-09,2,Weekend,None,1,hist_gradient_boosting_lag1,4427.0,5063.341707961837
2025-02-09 03:00:00,2025-02-09,3,Weekend,None,1,baseline_lag1,2902.0,4427.0
2025-02-09 03:00:00,2025-02-09,3,Weekend,None,1,baseline_lag168,2902.0,3157.0
2025-02-09 03:00:00,2025-02-09,3,Weekend,None,1,baseline_lag24,2902.0,2634.0
2025-02-09 03:00:00,2025-02-09,3,Weekend,None,1,hist_gradient_boosting_24h,2902.0,3385.3506013614387
2025-02-09 03:00:00,2025-02-09,3,Weekend,None,1,hist_gradient_boosting_lag1,2902.0,3191.5686840295416
2025-02-09 04:00:00,2025-02-09,4,Weekend,None,1,baseline_lag1,1677.0,2902.0
2025-02-09 04:00:00,2025-02-09,4,Weekend,None,1,baseline_lag168,1677.0,1796.0
2025-02-09 04:00:00,2025-02-09,4,Weekend,None,1,baseline_lag24,1677.0,1352.0
2025-02-09 04:00:00,2025-02-09,4,Weekend,None,1,hist_gradient_boosting_24h,1677.0,2461.60068019634
2025-02-09 04:00:00,2025-02-09,4,Weekend,None,1,hist_gradient_boosting_lag1,1677.0,1787.766431246671
2025-02-09 05:00:00,2025-02-09,5,Weekend,None,1,baseline_lag1,874.0,1677.0
2025-02-09 05:00:00,2025-02-09,5,Weekend,None,1,baseline_lag168,874.0,626.0
2025-02-09 05:00:00,2025-02-09,5,Weekend,None,1,baseline_lag24,874.0,549.0
2025-02-09 05:00:00,2025-02-09,5,Weekend,None,1,hist_gradient_boosting_24h,874.0,632.6704796251122
2025-02-09 05:00:00,2025-02-09,5,Weekend,None,1,hist_gradient_boosting_lag1,874.0,742.9559819212177
2025-02-09 06:00:00,2025-02-09,6,Weekend,None,1,baseline_lag1,1161.0,874.0
2025-02-09 06:00:00,2025-02-09,6,Weekend,None,1,baseline_lag168,1161.0,870.0
2025-02-09 06:00:00,2025-02-09,6,Weekend,None,1,baseline_lag24,1161.0,834.0
2025-02-09 06:00:00,2025-02-09,6,Weekend,None,1,hist_gradient_boosting_24h,1161.0,874.1376429355186
2025-02-09 06:00:00,2025-02-09,6,Weekend,None,1,hist_gradient_boosting_lag1,1161.0,915.6516457813609
2025-02-09 07:00:00,2025-02-09,7,Weekend,None,1,baseline_lag1,1340.0,1161.0
2025-02-09 07:00:00,2025-02-09,7,Weekend,None,1,baseline_lag168,1340.0,1363.0
2025-02-09 07:00:00,2025-02-09,7,Weekend,None,1,baseline_lag24,1340.0,1309.0
2025-02-09 07:00:00,2025-02-09,7,Weekend,None,1,hist_gradient_boosting_24h,1340.0,1695.9040322693597
2025-02-09 07:00:00,2025-02-09,7,Weekend,None,1,hist_gradient_boosting_lag1,1340.0,1620.048845838759
2025-02-09 08:00:00,2025-02-09,8,Weekend,None,1,baseline_lag1,1961.0,1340.0
2025-02-09 08:00:00,2025-02-09,8,Weekend,None,1,baseline_lag168,1961.0,2042.0
2025-02-09 08:00:00,2025-02-09,8,Weekend,None,1,baseline_lag24,1961.0,2266.0
2025-02-09 08:00:00,2025-02-09,8,Weekend,None,1,hist_gradient_boosting_24h,1961.0,2278.423232202435
2025-02-09 08:00:00,2025-02-09,8,Weekend,None,1,hist_gradient_boosting_lag1,1961.0,2113.5085803805405
2025-02-09 09:00:00,2025-02-09,9,Weekend,None,1,baseline_lag1,3269.0,1961.0
2025-02-09 09:00:00,2025-02-09,9,Weekend,None,1,baseline_lag168,3269.0,3455.0
2025-02-09 09:00:00,2025-02-09,9,Weekend,None,1,baseline_lag24,3269.0,3607.0
2025-02-09 09:00:00,2025-02-09,9,Weekend,None,1,hist_gradient_boosting_24h,3269.0,3267.0717919390813
2025-02-09 09:00:00,2025-02-09,9,Weekend,None,1,hist_gradient_boosting_lag1,3269.0,3432.2016570814276
2025-02-09 10:00:00,2025-02-09,10,Weekend,None,1,baseline_lag1,4683.0,3269.0
2025-02-09 10:00:00,2025-02-09,10,Weekend,None,1,baseline_lag168,4683.0,4912.0
2025-02-09 10:00:00,2025-02-09,10,Weekend,None,1,baseline_lag24,4683.0,4801.0
2025-02-09 10:00:00,2025-02-09,10,Weekend,None,1,hist_gradient_boosting_24h,4683.0,4724.798764854807
2025-02-09 10:00:00,2025-02-09,10,Weekend,None,1,hist_gradient_boosting_lag1,4683.0,4015.0727117354218
2025-02-09 11:00:00,2025-02-09,11,Weekend,None,1,baseline_lag1,5388.0,4683.0
2025-02-09 11:00:00,2025-02-09,11,Weekend,None,1,baseline_lag168,5388.0,5713.0
2025-02-09 11:00:00,2025-02-09,11,Weekend,None,1,baseline_lag24,5388.0,5542.0
2025-02-09 11:00:00,2025-02-09,11,Weekend,None,1,hist_gradient_boosting_24h,5388.0,5357.729300897009
2025-02-09 11:00:00,2025-02-09,11,Weekend,None,1,hist_gradient_boosting_lag1,5388.0,5631.8848449104735
2025-02-09 12:00:00,2025-02-09,12,Weekend,None,1,baseline_lag1,6102.0,5388.0
2025-02-09 12:00:00,2025-02-09,12,Weekend,None,1,baseline_lag168,6102.0,6434.0
2025-02-09 12:00:00,2025-02-09,12,Weekend,None,1,baseline_lag24,6102.0,6203.0
2025-02-09 12:00:00,2025-02-09,12,Weekend,None,1,hist_gradient_boosting_24h,6102.0,6213.865197443799
2025-02-09 12:00:00,2025-02-09,12,Weekend,None,1,hist_gradient_boosting_lag1,6102.0,5961.745577716193
2025-02-09 13:00:00,2025-02-09,13,Weekend,None,1,baseline_lag1,6000.0,6102.0
2025-02-09 13:00:00,2025-02-09,13,Weekend,None,1,baseline_lag168,6000.0,6942.0
2025-02-09 13:00:00,2025-02-09,13,Weekend,None,1,baseline_lag24,6000.0,6929.0
2025-02-09 13:00:00,2025-02-09,13,Weekend,None,1,hist_gradient_boosting_24h,6000.0,7064.076894331791
2025-02-09 13:00:00,2025-02-09,13,Weekend,None,1,hist_gradient_boosting_lag1,6000.0,6725.016774490936
2025-02-09 14:00:00,2025-02-09,14,Weekend,None,1,baseline_lag1,6064.0,6000.0
2025-02-09 14:00:00,2025-02-09,14,Weekend,None,1,baseline_lag168,6064.0,6943.0
2025-02-09 14:00:00,2025-02-09,14,Weekend,None,1,baseline_lag24,6064.0,6845.0
2025-02-09 14:00:00,2025-02-09,14,Weekend,None,1,hist_gradient_boosting_24h,6064.0,6594.387110030378
2025-02-09 14:00:00,2025-02-09,14,Weekend,None,1,hist_gradient_boosting_lag1,6064.0,6441.333157632305
2025-02-09 15:00:00,2025-02-09,15,Weekend,None,1,baseline_lag1,5842.0,6064.0
2025-02-09 15:00:00,2025-02-09,15,Weekend,None,1,baseline_lag168,5842.0,7115.0
2025-02-09 15:00:00,2025-02-09,15,Weekend,None,1,baseline_lag24,5842.0,7304.0
2025-02-09 15:00:00,2025-02-09,15,Weekend,None,1,hist_gradient_boosting_24h,5842.0,7001.481168662423
2025-02-09 15:00:00,2025-02-09,15,Weekend,None,1,hist_gradient_boosting_lag1,5842.0,6571.9351498281785
2025-02-09 16:00:00,2025-02-09,16,Weekend,None,1,baseline_lag1,6441.0,5842.0
2025-02-09 16:00:00,2025-02-09,16,Weekend,None,1,baseline_lag168,6441.0,7430.0
2025-02-09 16:00:00,2025-02-09,16,Weekend,None,1,baseline_lag24,6441.0,7686.0
2025-02-09 16:00:00,2025-02-09,16,Weekend,None,1,hist_gradient_boosting_24h,6441.0,6914.04654848677
2025-02-09 16:00:00,2025-02-09,16,Weekend,None,1,hist_gradient_boosting_lag1,6441.0,6007.153660310643
2025-02-09 17:00:00,2025-02-09,17,Weekend,None,1,baseline_lag1,8808.0,6441.0
2025-02-09 17:00:00,2025-02-09,17,Weekend,None,1,baseline_lag168,8808.0,7074.0
2025-02-09 17:00:00,2025-02-09,17,Weekend,None,1,baseline_lag24,8808.0,7782.0
2025-02-09 17:00:00,2025-02-09,17,Weekend,None,1,hist_gradient_boosting_24h,8808.0,6576.432491288817
2025-02-09 17:00:00,2025-02-09,17,Weekend,None,1,hist_gradient_boosting_lag1,8808.0,6976.994517671791
2025-02-09 18:00:00,2025-02-09,18,Weekend,None,1,baseline_lag1,8816.0,8808.0
2025-02-09 18:00:00,2025-02-09,18,Weekend,None,1,baseline_lag168,8816.0,6947.0
2025-02-09 18:00:00,2025-02-09,18,Weekend,None,1,baseline_lag24,8816.0,8501.0
2025-02-09 18:00:00,2025-02-09,18,Weekend,None,1,hist_gradient_boosting_24h,8816.0,6174.264525466947
2025-02-09 18:00:00,2025-02-09,18,Weekend,None,1,hist_gradient_boosting_lag1,8816.0,8490.669499653972
2025-02-09 19:00:00,2025-02-09,19,Weekend,None,1,baseline_lag1,4065.0,8816.0
2025-02-09 19:00:00,2025-02-09,19,Weekend,None,1,baseline_lag168,4065.0,5706.0
2025-02-09 19:00:00,2025-02-09,19,Weekend,None,1,baseline_lag24,4065.0,8961.0
2025-02-09 19:00:00,2025-02-09,19,Weekend,None,1,hist_gradient_boosting_24h,4065.0,5297.633260009272
2025-02-09 19:00:00,2025-02-09,19,Weekend,None,1,hist_gradient_boosting_lag1,4065.0,6995.691979573346
2025-02-09 20:00:00,2025-02-09,20,Weekend,None,1,baseline_lag1,3707.0,4065.0
2025-02-09 20:00:00,2025-02-09,20,Weekend,None,1,baseline_lag168,3707.0,4851.0
2025-02-09 20:00:00,2025-02-09,20,Weekend,None,1,baseline_lag24,3707.0,9175.0
2025-02-09 20:00:00,2025-02-09,20,Weekend,None,1,hist_gradient_boosting_24h,3707.0,3719.7982591757345
2025-02-09 20:00:00,2025-02-09,20,Weekend,None,1,hist_gradient_boosting_lag1,3707.0,3626.6786817722987
2025-02-09 21:00:00,2025-02-09,21,Weekend,None,1,baseline_lag1,5262.0,3707.0
2025-02-09 21:00:00,2025-02-09,21,Weekend,None,1,baseline_lag168,5262.0,4742.0
2025-02-09 21:00:00,2025-02-09,21,Weekend,None,1,baseline_lag24,5262.0,8175.0
2025-02-09 21:00:00,2025-02-09,21,Weekend,None,1,hist_gradient_boosting_24h,5262.0,4523.457373640063
2025-02-09 21:00:00,2025-02-09,21,Weekend,None,1,hist_gradient_boosting_lag1,5262.0,3081.007701990386
2025-02-09 22:00:00,2025-02-09,22,Weekend,None,1,baseline_lag1,7490.0,5262.0
2025-02-09 22:00:00,2025-02-09,22,Weekend,None,1,baseline_lag168,7490.0,3640.0
2025-02-09 22:00:00,2025-02-09,22,Weekend,None,1,baseline_lag24,7490.0,8369.0
2025-02-09 22:00:00,2025-02-09,22,Weekend,None,1,hist_gradient_boosting_24h,7490.0,4318.606302701714
2025-02-09 22:00:00,2025-02-09,22,Weekend,None,1,hist_gradient_boosting_lag1,7490.0,4621.620499432778
2025-02-09 23:00:00,2025-02-09,23,Weekend,None,1,baseline_lag1,3907.0,7490.0
2025-02-09 23:00:00,2025-02-09,23,Weekend,None,1,baseline_lag168,3907.0,2587.0
2025-02-09 23:00:00,2025-02-09,23,Weekend,None,1,baseline_lag24,3907.0,8037.0
2025-02-09 23:00:00,2025-02-09,23,Weekend,None,1,hist_gradient_boosting_24h,3907.0,2922.090795980616
2025-02-09 23:00:00,2025-02-09,23,Weekend,None,1,hist_gradient_boosting_lag1,3907.0,6129.016596677937
2025-02-17 00:00:00,2025-02-17,0,Weekday,Presidents' Day,2,baseline_lag1,2934.0,4021.0
2025-02-17 00:00:00,2025-02-17,0,Weekday,Presidents' Day,2,baseline_lag168,2934.0,1475.0
2025-02-17 00:00:00,2025-02-17,0,Weekday,Presidents' Day,2,baseline_lag24,2934.0,7356.0
2025-02-17 00:00:00,2025-02-17,0,Weekday,Presidents' Day,2,hist_gradient_boosting_24h,2934.0,1130.677746808208
2025-02-17 00:00:00,2025-02-17,0,Weekday,Presidents' Day,2,hist_gradient_boosting_lag1,2934.0,2253.656750401964
2025-02-17 01:00:00,2025-02-17,1,Weekday,Presidents' Day,2,baseline_lag1,1657.0,2934.0
2025-02-17 01:00:00,2025-02-17,1,Weekday,Presidents' Day,2,baseline_lag168,1657.0,554.0
2025-02-17 01:00:00,2025-02-17,1,Weekday,Presidents' Day,2,baseline_lag24,1657.0,5596.0
2025-02-17 01:00:00,2025-02-17,1,Weekday,Presidents' Day,2,hist_gradient_boosting_24h,1657.0,1027.4508050007362
2025-02-17 01:00:00,2025-02-17,1,Weekday,Presidents' Day,2,hist_gradient_boosting_lag1,1657.0,1427.0809767751568
2025-02-17 02:00:00,2025-02-17,2,Weekday,Presidents' Day,2,baseline_lag1,975.0,1657.0
2025-02-17 02:00:00,2025-02-17,2,Weekday,Presidents' Day,2,baseline_lag168,975.0,378.0
2025-02-17 02:00:00,2025-02-17,2,Weekday,Presidents' Day,2,baseline_lag24,975.0,4165.0
2025-02-17 02:00:00,2025-02-17,2,Weekday,Presidents' Day,2,hist_gradient_boosting_24h,975.0,522.5878852601836
2025-02-17 02:00:00,2025-02-17,2,Weekday,Presidents' Day,2,hist_gradient_boosting_lag1,975.0,892.4417717017961
2025-02-17 03:00:00,2025-02-17,3,Weekday,Presidents' Day,2,baseline_lag1,611.0,975.0
2025-02-17 03:00:00,2025-02-17,3,Weekday,Presidents' Day,2,baseline_lag168,611.0,268.0
2025-02-17 03:00:00,2025-02-17,3,Weekday,Presidents' Day,2,baseline_lag24,611.0,2666.0
2025-02-17 03:00:00,2025-02-17,3,Weekday,Presidents' Day,2,hist_gradient_boosting_24h,611.0,356.3249607016757
2025-02-17 03:00:00,2025-02-17,3,Weekday,Presidents' Day,2,hist_gradient_boosting_lag1,611.0,713.9707518191211
2025-02-17 04:00:00,2025-02-17,4,Weekday,Presidents' Day,2,baseline_lag1,646.0,611.0
2025-02-17 04:00:00,2025-02-17,4,Weekday,Presidents' Day,2,baseline_lag168,646.0,452.0
2025-02-17 04:00:00,2025-02-17,4,Weekday,Presidents' Day,2,baseline_lag24,646.0,1619.0
2025-02-17 04:00:00,2025-02-17,4,Weekday,Presidents' Day,2,hist_gradient_boosting_24h,646.0,401.9711515661863
2025-02-17 04:00:00,2025-02-17,4,Weekday,Presidents' Day,2,hist_gradient_boosting_lag1,646.0,560.1980464921267
2025-02-17 05:00:00,2025-02-17,5,Weekday,Presidents' Day,2,baseline_lag1,619.0,646.0
2025-02-17 05:00:00,2025-02-17,5,Weekday,Presidents' Day,2,baseline_lag168,619.0,965.0
2025-02-17 05:00:00,2025-02-17,5,Weekday,Presidents' Day,2,baseline_lag24,619.0,717.0
2025-02-17 05:00:00,2025-02-17,5,Weekday,Presidents' Day,2,hist_gradient_boosting_24h,619.0,882.5275365532449
2025-02-17 05:00:00,2025-02-17,5,Weekday,Presidents' Day,2,hist_gradient_boosting_lag1,619.0,865.4217414188142
2025-02-17 06:00:00,2025-02-17,6,Weekday,Presidents' Day,2,baseline_lag1,1076.0,619.0
2025-02-17 06:00:00,2025-02-17,6,Weekday,Presidents' Day,2,baseline_lag168,1076.0,2129.0
2025-02-17 06:00:00,2025-02-17,6,Weekday,Presidents' Day,2,baseline_lag24,1076.0,903.0
2025-02-17 06:00:00,2025-02-17,6,Weekday,Presidents' Day,2,hist_gradient_boosting_24h,1076.0,1368.8639890356703
2025-02-17 06:00:00,2025-02-17,6,Weekday,Presidents' Day,2,hist_gradient_boosting_lag1,1076.0,1736.7199894898379
2025-02-17 07:00:00,2025-02-17,7,Weekday,Presidents' Day,2,baseline_lag1,1626.0,1076.0
2025-02-17 07:00:00,2025-02-17,7,Weekday,Presidents' Day,2,baseline_lag168,1626.0,4567.0
2025-02-17 07:00:00,2025-02-17,7,Weekday,Presidents' Day,2,baseline_lag24,1626.0,1280.0
2025-02-17 07:00:00,2025-02-17,7,Weekday,Presidents' Day,2,hist_gradient_boosting_24h,1626.0,4137.587492614618
2025-02-17 07:00:00,2025-02-17,7,Weekday,Presidents' Day,2,hist_gradient_boosting_lag1,1626.0,2007.7687062637387
2025-02-17 08:00:00,2025-02-17,8,Weekday,Presidents' Day,2,baseline_lag1,2651.0,1626.0
2025-02-17 08:00:00,2025-02-17,8,Weekday,Presidents' Day,2,baseline_lag168,2651.0,5949.0
2025-02-17 08:00:00,2025-02-17,8,Weekday,Presidents' Day,2,baseline_lag24,2651.0,1624.0
2025-02-17 08:00:00,2025-02-17,8,Weekday,Presidents' Day,2,hist_gradient_boosting_24h,2651.0,3806.9809460855663
2025-02-17 08:00:00,2025-02-17,8,Weekday,Presidents' Day,2,hist_gradient_boosting_lag1,2651.0,3566.0559089287553
2025-02-17 09:00:00,2025-02-17,9,Weekday,Presidents' Day,2,baseline_lag1,3401.0,2651.0
2025-02-17 09:00:00,2025-02-17,9,Weekday,Presidents' Day,2,baseline_lag168,3401.0,5329.0
2025-02-17 09:00:00,2025-02-17,9,Weekday,Presidents' Day,2,baseline_lag24,3401.0,2818.0
2025-02-17 09:00:00,2025-02-17,9,Weekday,Presidents' Day,2,hist_gradient_boosting_24h,3401.0,4774.476348929386
2025-02-17 09:00:00,2025-02-17,9,Weekday,Presidents' Day,2,hist_gradient_boosting_lag1,3401.0,3375.596559920231
2025-02-17 10:00:00,2025-02-17,10,Weekday,Presidents' Day,2,baseline_lag1,4039.0,3401.0
2025-02-17 10:00:00,2025-02-17,10,Weekday,Presidents' Day,2,baseline_lag168,4039.0,4904.0
2025-02-17 10:00:00,2025-02-17,10,Weekday,Presidents' Day,2,baseline_lag24,4039.0,4601.0
2025-02-17 10:00:00,2025-02-17,10,Weekday,Presidents' Day,2,hist_gradient_boosting_24h,4039.0,4446.781424299937
2025-02-17 10:00:00,2025-02-17,10,Weekday,Presidents' Day,2,hist_gradient_boosting_lag1,4039.0,4028.191808347582
2025-02-17 11:00:00,2025-02-17,11,Weekday,Presidents' Day,2,baseline_lag1,4855.0,4039.0
2025-02-17 11:00:00,2025-02-17,11,Weekday,Presidents' Day,2,baseline_lag168,4855.0,4972.0
2025-02-17 11:00:00,2025-02-17,11,Weekday,Presidents' Day,2,baseline_lag24,4855.0,4973.0
2025-02-17 11:00:00,2025-02-17,11,Weekday,Presidents' Day,2,hist_gradient_boosting_24h,4855.0,4747.813115263274
2025-02-17 11:00:00,2025-02-17,11,Weekday,Presidents' Day,2,hist_gradient_boosting_lag1,4855.0,4687.029053886804
2025-02-17 12:00:00,2025-02-17,12,Weekday,Presidents' Day,2,baseline_lag1,5345.0,4855.0
2025-02-17 12:00:00,2025-02-17,12,Weekday,Presidents' Day,2,baseline_lag168,5345.0,5188.0
2025-02-17 12:00:00,2025-02-17,12,Weekday,Presidents' Day,2,baseline_lag24,5345.0,7042.0
2025-02-17 12:00:00,2025-02-17,12,Weekday,Presidents' Day,2,hist_gradient_boosting_24h,5345.0,5299.953117570169
2025-02-17 12:00:00,2025-02-17,12,Weekday,Presidents' Day,2,hist_gradient_boosting_lag1,5345.0,5190.319766976337
2025-02-17 13:00:00,2025-02-17,13,Weekday,Presidents' Day,2,baseline_lag1,5535.0,5345.0
2025-02-17 13:00:00,2025-02-17,13,Weekday,Presidents' Day,2,baseline_lag168,5535.0,5842.0
2025-02-17 13:00:00,2025-02-17,13,Weekday,Presidents' Day,2,baseline_lag24,5535.0,7157.0
2025-02-17 13:00:00,2025-02-17,13,Weekday,Presidents' Day,2,hist_gradient_boosting_24h,5535.0,5896.6965345670205
2025-02-17 13:00:00,2025-02-17,13,Weekday,Presidents' Day,2,hist_gradient_boosting_lag1,5535.0,5783.321031246243
2025-02-17 14:00:00,2025-02-17,14,Weekday,Presidents' Day,2,baseline_lag1,5952.0,5535.0
2025-02-17 14:00:00,2025-02-17,14,Weekday,Presidents' Day,2,baseline_lag168,5952.0,6074.0
2025-02-17 14:00:00,2025-02-17,14,Weekday,Presidents' Day,2,baseline_lag24,5952.0,5597.0
2025-02-17 14:00:00,2025-02-17,14,Weekday,Presidents' Day,2,hist_gradient_boosting_24h,5952.0,5750.969611841265
2025-02-17 14:00:00,2025-02-17,14,Weekday,Presidents' Day,2,hist_gradient_boosting_lag1,5952.0,6087.883862433529
2025-02-17 15:00:00,2025-02-17,15,Weekday,Presidents' Day,2,baseline_lag1,6209.0,5952.0
2025-02-17 15:00:00,2025-02-17,15,Weekday,Presidents' Day,2,baseline_lag168,6209.0,6534.0
2025-02-17 15:00:00,2025-02-17,15,Weekday,Presidents' Day,2,baseline_lag24,6209.0,5002.0
2025-02-17 15:00:00,2025-02-17,15,Weekday,Presidents' Day,2,hist_gradient_boosting_24h,6209.0,6253.186290809951
2025-02-17 15:00:00,2025-02-17,15,Weekday,Presidents' Day,2,hist_gradient_boosting_lag1,6209.0,6129.671962424952
2025-02-17 16:00:00,2025-02-17,16,Weekday,Presidents' Day,2,baseline_lag1,6108.0,6209.0
2025-02-17 16:00:00,2025-02-17,16,Weekday,Presidents' Day,2,baseline_lag168,6108.0,6311.0
2025-02-17 16:00:00,2025-02-17,16,Weekday,Presidents' Day,2,baseline_lag24,6108.0,5341.0
2025-02-17 16:00:00,2025-02-17,16,Weekday,Presidents' Day,2,hist_gradient_boosting_24h,6108.0,6033.320520693905
2025-02-17 16:00:00,2025-02-17,16,Weekday,Presidents' Day,2,hist_gradient_boosting_lag1,6108.0,6115.884127780165
2025-02-17 17:00:00,2025-02-17,17,Weekday,Presidents' Day,2,baseline_lag1,6227.0,6108.0
2025-02-17 17:00:00,2025-02-17,17,Weekday,Presidents' Day,2,baseline_lag168,6227.0,7317.0
2025-02-17 17:00:00,2025-02-17,17,Weekday,Presidents' Day,2,baseline_lag24,6227.0,6987.0
2025-02-17 17:00:00,2025-02-17,17,Weekday,Presidents' Day,2,hist_gradient_boosting_24h,6227.0,7387.478118830237
2025-02-17 17:00:00,2025-02-17,17,Weekday,Presidents' Day,2,hist_gradient_boosting_lag1,6227.0,6481.670151109185
2025-02-17 18:00:00,2025-02-17,18,Weekday,Presidents' Day,2,baseline_lag1,6547.0,6227.0
2025-02-17 18:00:00,2025-02-17,18,Weekday,Presidents' Day,2,baseline_lag168,6547.0,7313.0
2025-02-17 18:00:00,2025-02-17,18,Weekday,Presidents' Day,2,baseline_lag24,6547.0,6434.0
2025-02-17 18:00:00,2025-02-17,18,Weekday,Presidents' Day,2,hist_gradient_boosting_24h,6547.0,6660.934536506129
2025-02-17 18:00:00,2025-02-17,18,Weekday,Presidents' Day,2,hist_gradient_boosting_lag1,6547.0,6544.292772760524
2025-02-17 19:00:00,2025-02-17,19,Weekday,Presidents' Day,2,baseline_lag1,5616.0,6547.0
2025-02-17 19:00:00,2025-02-17,19,Weekday,Presidents' Day,2,baseline_lag168,5616.0,5985.0
2025-02-17 19:00:00,2025-02-17,19,Weekday,Presidents' Day,2,baseline_lag24,5616.0,5244.0
2025-02-17 19:00:00,2025-02-17,19,Weekday,Presidents' Day,2,hist_gradient_boosting_24h,5616.0,6041.893241428835
2025-02-17 19:00:00,2025-02-17,19,Weekday,Presidents' Day,2,hist_gradient_boosting_lag1,5616.0,5977.319292005112
2025-02-17 20:00:00,2025-02-17,20,Weekday,Presidents' Day,2,baseline_lag1,5233.0,5616.0
2025-02-17 20:00:00,2025-02-17,20,Weekday,Presidents' Day,2,baseline_lag168,5233.0,5974.0
2025-02-17 20:00:00,2025-02-17,20,Weekday,Presidents' Day,2,baseline_lag24,5233.0,4459.0
2025-02-17 20:00:00,2025-02-17,20,Weekday,Presidents' Day,2,hist_gradient_boosting_24h,5233.0,5233.435078315268
2025-02-17 20:00:00,2025-02-17,20,Weekday,Presidents' Day,2,hist_gradient_boosting_lag1,5233.0,5576.724141001936
2025-02-17 21:00:00,2025-02-17,21,Weekday,Presidents' Day,2,baseline_lag1,4454.0,5233.0
2025-02-17 21:00:00,2025-02-17,21,Weekday,Presidents' Day,2,baseline_lag168,4454.0,5667.0
2025-02-17 21:00:00,2025-02-17,21,Weekday,Presidents' Day,2,baseline_lag24,4454.0,4405.0
2025-02-17 21:00:00,2025-02-17,21,Weekday,Presidents' Day,2,hist_gradient_boosting_24h,4454.0,5235.572479153537
2025-02-17 21:00:00,2025-02-17,21,Weekday,Presidents' Day,2,hist_gradient_boosting_lag1,4454.0,5038.148467180638
2025-02-17 22:00:00,2025-02-17,22,Weekday,Presidents' Day,2,baseline_lag1,3588.0,4454.0
2025-02-17 22:00:00,2025-02-17,22,Weekday,Presidents' Day,2,baseline_lag168,3588.0,4079.0
2025-02-17 22:00:00,2025-02-17,22,Weekday,Presidents' Day,2,baseline_lag24,3588.0,4317.0
2025-02-17 22:00:00,2025-02-17,22,Weekday,Presidents' Day,2,hist_gradient_boosting_24h,3588.0,4884.193513194828
2025-02-17 22:00:00,2025-02-17,22,Weekday,Presidents' Day,2,hist_gradient_boosting_lag1,3588.0,3533.050006973978
2025-02-17 23:00:00,2025-02-17,23,Weekday,Presidents' Day,2,baseline_lag1,2231.0,3588.0
2025-02-17 23:00:00,2025-02-17,23,Weekday,Presidents' Day,2,baseline_lag168,2231.0,2270.0
2025-02-17 23:00:00,2025-02-17,23,Weekday,Presidents' Day,2,baseline_lag24,2231.0,4021.0
2025-02-17 23:00:00,2025-02-17,23,Weekday,Presidents' Day,2,hist_gradient_boosting_24h,2231.0,2995.1390297498447
2025-02-17 23:00:00,2025-02-17,23,Weekday,Presidents' Day,2,hist_gradient_boosting_lag1,2231.0,2123.532430309926
2025-02-18 00:00:00,2025-02-18,0,Weekday,None,2,baseline_lag1,1615.0,2231.0
2025-02-18 00:00:00,2025-02-18,0,Weekday,None,2,baseline_lag168,1615.0,1144.0
2025-02-18 00:00:00,2025-02-18,0,Weekday,None,2,baseline_lag24,1615.0,2934.0
2025-02-18 00:00:00,2025-02-18,0,Weekday,None,2,hist_gradient_boosting_24h,1615.0,1192.366021314283
2025-02-18 00:00:00,2025-02-18,0,Weekday,None,2,hist_gradient_boosting_lag1,1615.0,1150.0644245316287
2025-02-18 01:00:00,2025-02-18,1,Weekday,None,2,baseline_lag1,785.0,1615.0
2025-02-18 01:00:00,2025-02-18,1,Weekday,None,2,baseline_lag168,785.0,491.0
2025-02-18 01:00:00,2025-02-18,1,Weekday,None,2,baseline_lag24,785.0,1657.0
2025-02-18 01:00:00,2025-02-18,1,Weekday,None,2,hist_gradient_boosting_24h,785.0,769.899433419315
2025-02-18 01:00:00,2025-02-18,1,Weekday,None,2,hist_gradient_boosting_lag1,785.0,681.9825054267825
2025-02-18 02:00:00,2025-02-18,2,Weekday,None,2,baseline_lag1,373.0,785.0
2025-02-18 02:00:00,2025-02-18,2,Weekday,None,2,baseline_lag168,373.0,191.0
2025-02-18 02:00:00,2025-02-18,2,Weekday,None,2,baseline_lag24,373.0,975.0
2025-02-18 02:00:00,2025-02-18,2,Weekday,None,2,hist_gradient_boosting_24h,373.0,244.6491651855563
2025-02-18 02:00:00,2025-02-18,2,Weekday,None,2,hist_gradient_boosting_lag1,373.0,530.1015954708139
2025-02-18 03:00:00,2025-02-18,3,Weekday,None,2,baseline_lag1,279.0,373.0
2025-02-18 03:00:00,2025-02-18,3,Weekday,None,2,baseline_lag168,279.0,144.0
2025-02-18 03:00:00,2025-02-18,3,Weekday,None,2,baseline_lag24,279.0,611.0
2025-02-18 03:00:00,2025-02-18,3,Weekday,None,2,hist_gradient_boosting_24h,279.0,223.8925199412177
2025-02-18 03:00:00,2025-02-18,3,Weekday,None,2,hist_gradient_boosting_lag1,279.0,266.37382754435674
2025-02-18 04:00:00,2025-02-18,4,Weekday,None,2,baseline_lag1,340.0,279.0
2025-02-18 04:00:00,2025-02-18,4,Weekday,None,2,baseline_lag168,340.0,285.0
2025-02-18 04:00:00,2025-02-18,4,Weekday,None,2,baseline_lag24,340.0,646.0
2025-02-18 04:00:00,2025-02-18,4,Weekday,None,2,hist_gradient_boosting_24h,340.0,387.54647968767057
2025-02-18 04:00:00,2025-02-18,4,Weekday,None,2,hist_gradient_boosting_lag1,340.0,308.1181615510111
2025-02-18 05:00:00,2025-02-18,5,Weekday,None,2,baseline_lag1,816.0,340.0
2025-02-18 05:00:00,2025-02-18,5,Weekday,None,2,baseline_lag168,816.0,748.0
2025-02-18 05:00:00,2025-02-18,5,Weekday,None,2,baseline_lag24,816.0,619.0
2025-02-18 05:00:00,2025-02-18,5,Weekday,None,2,hist_gradient_boosting_24h,816.0,677.948017302091
2025-02-18 05:00:00,2025-02-18,5,Weekday,None,2,hist_gradient_boosting_lag1,816.0,687.9263530794678
2025-02-18 06:00:00,2025-02-18,6,Weekday,None,2,baseline_lag1,1997.0,816.0
2025-02-18 06:00:00,2025-02-18,6,Weekday,None,2,baseline_lag168,1997.0,1873.0
2025-02-18 06:00:00,2025-02-18,6,Weekday,None,2,baseline_lag24,1997.0,1076.0
2025-02-18 06:00:00,2025-02-18,6,Weekday,None,2,hist_gradient_boosting_24h,1997.0,1923.975870388027
2025-02-18 06:00:00,2025-02-18,6,Weekday,None,2,hist_gradient_boosting_lag1,1997.0,1940.844560319595
2025-02-18 07:00:00,2025-02-18,7,Weekday,None,2,baseline_lag1,3820.0,1997.0
2025-02-18 07:00:00,2025-02-18,7,Weekday,None,2,baseline_lag168,3820.0,4329.0
2025-02-18 07:00:00,2025-02-18,7,Weekday,None,2,baseline_lag24,3820.0,1626.0
2025-02-18 07:00:00,2025-02-18,7,Weekday,None,2,hist_gradient_boosting_24h,3820.0,4648.140138367575
2025-02-18 07:00:00,2025-02-18,7,Weekday,None,2,hist_gradient_boosting_lag1,3820.0,4464.240813308309
2025-02-18 08:00:00,2025-02-18,8,Weekday,None,2,baseline_lag1,5702.0,3820.0
2025-02-18 08:00:00,2025-02-18,8,Weekday,None,2,baseline_lag168,5702.0,6178.0
2025-02-18 08:00:00,2025-02-18,8,Weekday,None,2,baseline_lag24,5702.0,2651.0
2025-02-18 08:00:00,2025-02-18,8,Weekday,None,2,hist_gradient_boosting_24h,5702.0,5846.552120823524
2025-02-18 08:00:00,2025-02-18,8,Weekday,None,2,hist_gradient_boosting_lag1,5702.0,5725.620782057174
2025-02-18 09:00:00,2025-02-18,9,Weekday,None,2,baseline_lag1,5991.0,5702.0
2025-02-18 09:00:00,2025-02-18,9,Weekday,None,2,baseline_lag168,5991.0,5897.0
2025-02-18 09:00:00,2025-02-18,9,Weekday,None,2,baseline_lag24,5991.0,3401.0
2025-02-18 09:00:00,2025-02-18,9,Weekday,None,2,hist_gradient_boosting_24h,5991.0,5851.838734601716
2025-02-18 09:00:00,2025-02-18,9,Weekday,None,2,hist_gradient_boosting_lag1,5991.0,5738.800442148915
2025-02-18 10:00:00,2025-02-18,10,Weekday,None,2,baseline_lag1,5750.0,5991.0
2025-02-18 10:00:00,2025-02-18,10,Weekday,None,2,baseline_lag168,5750.0,5544.0
2025-02-18 10:00:00,2025-02-18,10,Weekday,None,2,baseline_lag24,5750.0,4039.0
2025-02-18 10:00:00,2025-02-18,10,Weekday,None,2,hist_gradient_boosting_24h,5750.0,5082.192827981013
2025-02-18 10:00:00,2025-02-18,10,Weekday,None,2,hist_gradient_boosting_lag1,5750.0,5319.133822386546
2025-02-18 11:00:00,2025-02-18,11,Weekday,None,2,baseline_lag1,5567.0,5750.0
2025-02-18 11:00:00,2025-02-18,11,Weekday,None,2,baseline_lag168,5567.0,5528.0
2025-02-18 11:00:00,2025-02-18,11,Weekday,None,2,baseline_lag24,5567.0,4855.0
2025-02-18 11:00:00,2025-02-18,11,Weekday,None,2,hist_gradient_boosting_24h,5567.0,5441.94023761374
2025-02-18 11:00:00,2025-02-18,11,Weekday,None,2,hist_gradient_boosting_lag1,5567.0,5446.848431273596
2025-02-18 12:00:00,2025-02-18,12,Weekday,None,2,baseline_lag1,5890.0,5567.0
2025-02-18 12:00:00,2025-02-18,12,Weekday,None,2,baseline_lag168,5890.0,5782.0
2025-02-18 12:00:00,2025-02-18,12,Weekday,None,2,baseline_lag24,5890.0,5345.0
2025-02-18 12:00:00,2025-02-18,12,Weekday,None,2,hist_gradient_boosting_24h,5890.0,5914.24986525084
2025-02-18 12:00:00,2025-02-18,12,Weekday,None,2,hist_gradient_boosting_lag1,5890.0,5827.013606691107
2025-02-18 13:00:00,2025-02-18,13,Weekday,None,2,baseline_lag1,6045.0,5890.0
2025-02-18 13:00:00,2025-02-18,13,Weekday,None,2,baseline_lag168,6045.0,5948.0
2025-02-18 13:00:00,2025-02-18,13,Weekday,None,2,baseline_lag24,6045.0,5535.0
2025-02-18 13:00:00,2025-02-18,13,Weekday,None,2,hist_gradient_boosting_24h,6045.0,6052.923624154557
2025-02-18 13:00:00,2025-02-18,13,Weekday,None,2,hist_gradient_boosting_lag1,6045.0,6077.430089026455
2025-02-18 14:00:00,2025-02-18,14,Weekday,None,2,baseline_lag1,6392.0,6045.0
2025-02-18 14:00:00,2025-02-18,14,Weekday,None,2,baseline_lag168,6392.0,6558.0
2025-02-18 14:00:00,2025-02-18,14,Weekday,None,2,baseline_lag24,6392.0,5952.0
2025-02-18 14:00:00,2025-02-18,14,Weekday,None,2,hist_gradient_boosting_24h,6392.0,6212.160727754119
2025-02-18 14:00:00,2025-02-18,14,Weekday,None,2,hist_gradient_boosting_lag1,6392.0,6523.436097875978
2025-02-18 15:00:00,2025-02-18,15,Weekday,None,2,baseline_lag1,6514.0,6392.0
2025-02-18 15:00:00,2025-02-18,15,Weekday,None,2,baseline_lag168,6514.0,6905.0
2025-02-18 15:00:00,2025-02-18,15,Weekday,None,2,baseline_lag24,6514.0,6209.0
2025-02-18 15:00:00,2025-02-18,15,Weekday,None,2,hist_gradient_boosting_24h,6514.0,6909.175394656776
2025-02-18 15:00:00,2025-02-18,15,Weekday,None,2,hist_gradient_boosting_lag1,6514.0,6911.283768882033
2025-02-18 16:00:00,2025-02-18,16,Weekday,None,2,baseline_lag1,6654.0,6514.0
2025-02-18 16:00:00,2025-02-18,16,Weekday,None,2,baseline_lag168,6654.0,6589.0
2025-02-18 16:00:00,2025-02-18,16,Weekday,None,2,baseline_lag24,6654.0,6108.0
2025-02-18 16:00:00,2025-02-18,16,Weekday,None,2,hist_gradient_boosting_24h,6654.0,6974.356290373847
2025-02-18 16:00:00,2025-02-18,16,Weekday,None,2,hist_gradient_boosting_lag1,6654.0,6895.5933919200725
2025-02-18 17:00:00,2025-02-18,17,Weekday,None,2,baseline_lag1,7355.0,6654.0
2025-02-18 17:00:00,2025-02-18,17,Weekday,None,2,baseline_lag168,7355.0,7863.0
2025-02-18 17:00:00,2025-02-18,17,Weekday,None,2,baseline_lag24,7355.0,6227.0
2025-02-18 17:00:00,2025-02-18,17,Weekday,None,2,hist_gradient_boosting_24h,7355.0,8021.609411715185
2025-02-18 17:00:00,2025-02-18,17,Weekday,None,2,hist_gradient_boosting_lag1,7355.0,7758.755631419128
2025-02-18 18:00:00,2025-02-18,18,Weekday,None,2,baseline_lag1,8313.0,7355.0
2025-02-18 18:00:00,2025-02-18,18,Weekday,None,2,baseline_lag168,8313.0,8648.0
2025-02-18 18:00:00,2025-02-18,18,Weekday,None,2,baseline_lag24,8313.0,6547.0
2025-02-18 18:00:00,2025-02-18,18,Weekday,None,2,hist_gradient_boosting_24h,8313.0,8307.462611388759
2025-02-18 18:00:00,2025-02-18,18,Weekday,None,2,hist_gradient_boosting_lag1,8313.0,8564.483567699755
2025-02-18 19:00:00,2025-02-18,19,Weekday,None,2,baseline_lag1,6666.0,8313.0
2025-02-18 19:00:00,2025-02-18,19,Weekday,None,2,baseline_lag168,6666.0,7246.0
2025-02-18 19:00:00,2025-02-18,19,Weekday,None,2,baseline_lag24,6666.0,5616.0
2025-02-18 19:00:00,2025-02-18,19,Weekday,None,2,hist_gradient_boosting_24h,6666.0,7098.77507398023
2025-02-18 19:00:00,2025-02-18,19,Weekday,None,2,hist_gradient_boosting_lag1,6666.0,7293.813279795783
2025-02-18 20:00:00,2025-02-18,20,Weekday,None,2,baseline_lag1,7020.0,6666.0
2025-02-18 20:00:00,2025-02-18,20,Weekday,None,2,baseline_lag168,7020.0,8849.0
2025-02-18 20:00:00,2025-02-18,20,Weekday,None,2,baseline_lag24,7020.0,5233.0
2025-02-18 20:00:00,2025-02-18,20,Weekday,None,2,hist_gradient_boosting_24h,7020.0,8997.131207814062
2025-02-18 20:00:00,2025-02-18,20,Weekday,None,2,hist_gradient_boosting_lag1,7020.0,7795.209627074036
2025-02-18 21:00:00,2025-02-18,21,Weekday,None,2,baseline_lag1,7100.0,7020.0
2025-02-18 21:00:00,2025-02-18,21,Weekday,None,2,baseline_lag168,7100.0,8836.0
2025-02-18 21:00:00,2025-02-18,21,Weekday,None,2,baseline_lag24,7100.0,4454.0
2025-02-18 21:00:00,2025-02-18,21,Weekday,None,2,hist_gradient_boosting_24h,7100.0,8317.347669131761
2025-02-18 21:00:00,2025-02-18,21,Weekday,None,2,hist_gradient_boosting_lag1,7100.0,8533.739711750259
2025-02-18 22:00:00,2025-02-18,22,Weekday,None,2,baseline_lag1,4708.0,7100.0
2025-02-18 22:00:00,2025-02-18,22,Weekday,None,2,baseline_lag168,4708.0,6597.0
2025-02-18 22:00:00,2025-02-18,22,Weekday,None,2,baseline_lag24,4708.0,3588.0
2025-02-18 22:00:00,2025-02-18,22,Weekday,None,2,hist_gradient_boosting_24h,4708.0,6506.012767733696
2025-02-18 22:00:00,2025-02-18,22,Weekday,None,2,hist_gradient_boosting_lag1,4708.0,7021.543627777502
2025-02-18 23:00:00,2025-02-18,23,Weekday,None,2,baseline_lag1,2670.0,4708.0
2025-02-18 23:00:00,2025-02-18,23,Weekday,None,2,baseline_lag168,2670.0,3616.0
2025-02-18 23:00:00,2025-02-18,23,Weekday,None,2,baseline_lag24,2670.0,2231.0
2025-02-18 23:00:00,2025-02-18,23,Weekday,None,2,hist_gradient_boosting_24h,2670.0,3807.142522406029
2025-02-18 23:00:00,2025-02-18,23,Weekday,None,2,hist_gradient_boosting_lag1,2670.0,3442.577956510004
2025-02-19 00:00:00,2025-02-19,0,Weekday,None,2,baseline_lag1,1203.0,2670.0
2025-02-19 00:00:00,2025-02-19,0,Weekday,None,2,baseline_lag168,1203.0,1354.0
2025-02-19 00:00:00,2025-02-19,0,Weekday,None,2,baseline_lag24,1203.0,1615.0
2025-02-19 00:00:00,2025-02-19,0,Weekday,None,2,hist_gradient_boosting_24h,1203.0,1158.0805621031773
2025-02-19 00:00:00,2025-02-19,0,Weekday,None,2,hist_gradient_boosting_lag1,1203.0,1165.11788676926
2025-02-19 01:00:00,2025-02-19,1,Weekday,None,2,baseline_lag1,507.0,1203.0
2025-02-19 01:00:00,2025-02-19,1,Weekday,None,2,baseline_lag168,507.0,616.0
2025-02-19 01:00:00,2025-02-19,1,Weekday,None,2,baseline_lag24,507.0,785.0
2025-02-19 01:00:00,2025-02-19,1,Weekday,None,2,hist_gradient_boosting_24h,507.0,756.5782439167978
2025-02-19 01:00:00,2025-02-19,1,Weekday,None,2,hist_gradient_boosting_lag1,507.0,611.6806113378415
2025-02-19 02:00:00,2025-02-19,2,Weekday,None,2,baseline_lag1,332.0,507.0
2025-02-19 02:00:00,2025-02-19,2,Weekday,None,2,baseline_lag168,332.0,271.0
2025-02-19 02:00:00,2025-02-19,2,Weekday,None,2,baseline_lag24,332.0,373.0
2025-02-19 02:00:00,2025-02-19,2,Weekday,None,2,hist_gradient_boosting_24h,332.0,370.6087348578378
2025-02-19 02:00:00,2025-02-19,2,Weekday,None,2,hist_gradient_boosting_lag1,332.0,301.1048865196672
2025-02-19 03:00:00,2025-02-19,3,Weekday,None,2,baseline_lag1,250.0,332.0
2025-02-19 03:00:00,2025-02-19,3,Weekday,None,2,baseline_lag168,250.0,239.0
2025-02-19 03:00:00,2025-02-19,3,Weekday,None,2,baseline_lag24,250.0,279.0
2025-02-19 03:00:00,2025-02-19,3,Weekday,None,2,hist_gradient_boosting_24h,250.0,287.00043611210015
2025-02-19 03:00:00,2025-02-19,3,Weekday,None,2,hist_gradient_boosting_lag1,250.0,257.1091095826068
2025-02-19 04:00:00,2025-02-19,4,Weekday,None,2,baseline_lag1,312.0,250.0
2025-02-19 04:00:00,2025-02-19,4,Weekday,None,2,baseline_lag168,312.0,362.0
2025-02-19 04:00:00,2025-02-19,4,Weekday,None,2,baseline_lag24,312.0,340.0
2025-02-19 04:00:00,2025-02-19,4,Weekday,None,2,hist_gradient_boosting_24h,312.0,323.58077040857785
2025-02-19 04:00:00,2025-02-19,4,Weekday,None,2,hist_gradient_boosting_lag1,312.0,320.0038176309354
2025-02-19 05:00:00,2025-02-19,5,Weekday,None,2,baseline_lag1,840.0,312.0
2025-02-19 05:00:00,2025-02-19,5,Weekday,None,2,baseline_lag168,840.0,894.0
2025-02-19 05:00:00,2025-02-19,5,Weekday,None,2,baseline_lag24,840.0,816.0
2025-02-19 05:00:00,2025-02-19,5,Weekday,None,2,hist_gradient_boosting_24h,840.0,941.2317850877461
2025-02-19 05:00:00,2025-02-19,5,Weekday,None,2,hist_gradient_boosting_lag1,840.0,807.2477649315504
2025-02-19 06:00:00,2025-02-19,6,Weekday,None,2,baseline_lag1,1967.0,840.0
2025-02-19 06:00:00,2025-02-19,6,Weekday,None,2,baseline_lag168,1967.0,2097.0
2025-02-19 06:00:00,2025-02-19,6,Weekday,None,2,baseline_lag24,1967.0,1997.0
2025-02-19 06:00:00,2025-02-19,6,Weekday,None,2,hist_gradient_boosting_24h,1967.0,1826.0722266300315
2025-02-19 06:00:00,2025-02-19,6,Weekday,None,2,hist_gradient_boosting_lag1,1967.0,1962.1202343417856
2025-02-19 07:00:00,2025-02-19,7,Weekday,None,2,baseline_lag1,4158.0,1967.0
2025-02-19 07:00:00,2025-02-19,7,Weekday,None,2,baseline_lag168,4158.0,4562.0
2025-02-19 07:00:00,2025-02-19,7,Weekday,None,2,baseline_lag24,4158.0,3820.0
2025-02-19 07:00:00,2025-02-19,7,Weekday,None,2,hist_gradient_boosting_24h,4158.0,4614.202703697165
2025-02-19 07:00:00,2025-02-19,7,Weekday,None,2,hist_gradient_boosting_lag1,4158.0,4526.038390196055
2025-02-19 08:00:00,2025-02-19,8,Weekday,None,2,baseline_lag1,5938.0,4158.0
2025-02-19 08:00:00,2025-02-19,8,Weekday,None,2,baseline_lag168,5938.0,6322.0
2025-02-19 08:00:00,2025-02-19,8,Weekday,None,2,baseline_lag24,5938.0,5702.0
2025-02-19 08:00:00,2025-02-19,8,Weekday,None,2,hist_gradient_boosting_24h,5938.0,6128.297943431956
2025-02-19 08:00:00,2025-02-19,8,Weekday,None,2,hist_gradient_boosting_lag1,5938.0,6113.622993865527
2025-02-19 09:00:00,2025-02-19,9,Weekday,None,2,baseline_lag1,6093.0,5938.0
2025-02-19 09:00:00,2025-02-19,9,Weekday,None,2,baseline_lag168,6093.0,5857.0
2025-02-19 09:00:00,2025-02-19,9,Weekday,None,2,baseline_lag24,6093.0,5991.0
2025-02-19 09:00:00,2025-02-19,9,Weekday,None,2,hist_gradient_boosting_24h,6093.0,6314.465113665885
2025-02-19 09:00:00,2025-02-19,9,Weekday,None,2,hist_gradient_boosting_lag1,6093.0,5962.406872961
2025-02-19 10:00:00,2025-02-19,10,Weekday,None,2,baseline_lag1,5601.0,6093.0
2025-02-19 10:00:00,2025-02-19,10,Weekday,None,2,baseline_lag168,5601.0,5193.0
2025-02-19 10:00:00,2025-02-19,10,Weekday,None,2,baseline_lag24,5601.0,5750.0
2025-02-19 10:00:00,2025-02-19,10,Weekday,None,2,hist_gradient_boosting_24h,5601.0,5602.797566212472
2025-02-19 10:00:00,2025-02-19,10,Weekday,None,2,hist_gradient_boosting_lag1,5601.0,5786.700700630124
2025-02-19 11:00:00,2025-02-19,11,Weekday,None,2,baseline_lag1,5922.0,5601.0
2025-02-19 11:00:00,2025-02-19,11,Weekday,None,2,baseline_lag168,5922.0,5315.0
2025-02-19 11:00:00,2025-02-19,11,Weekday,None,2,baseline_lag24,5922.0,5567.0
2025-02-19 11:00:00,2025-02-19,11,Weekday,None,2,hist_gradient_boosting_24h,5922.0,5725.375164453459
2025-02-19 11:00:00,2025-02-19,11,Weekday,None,2,hist_gradient_boosting_lag1,5922.0,5650.095467266873
2025-02-19 12:00:00,2025-02-19,12,Weekday,None,2,baseline_lag1,6089.0,5922.0
2025-02-19 12:00:00,2025-02-19,12,Weekday,None,2,baseline_lag168,6089.0,5586.0
2025-02-19 12:00:00,2025-02-19,12,Weekday,None,2,baseline_lag24,6089.0,5890.0
2025-02-19 12:00:00,2025-02-19,12,Weekday,None,2,hist_gradient_boosting_24h,6089.0,5885.33494788184
2025-02-19 12:00:00,2025-02-19,12,Weekday,None,2,hist_gradient_boosting_lag1,6089.0,6054.449396421944
2025-02-19 13:00:00,2025-02-19,13,Weekday,None,2,baseline_lag1,6217.0,6089.0
2025-02-19 13:00:00,2025-02-19,13,Weekday,None,2,baseline_lag168,6217.0,5763.0
2025-02-19 13:00:00,2025-02-19,13,Weekday,None,2,baseline_lag24,6217.0,6045.0
2025-02-19 13:00:00,2025-02-19,13,Weekday,None,2,hist_gradient_boosting_24h,6217.0,6030.881431866902
2025-02-19 13:00:00,2025-02-19,13,Weekday,None,2,hist_gradient_boosting_lag1,6217.0,6214.234100088637
2025-02-19 14:00:00,2025-02-19,14,Weekday,None,2,baseline_lag1,6617.0,6217.0
2025-02-19 14:00:00,2025-02-19,14,Weekday,None,2,baseline_lag168,6617.0,6647.0
2025-02-19 14:00:00,2025-02-19,14,Weekday,None,2,baseline_lag24,6617.0,6392.0
2025-02-19 14:00:00,2025-02-19,14,Weekday,None,2,hist_gradient_boosting_24h,6617.0,6661.509532796998
2025-02-19 14:00:00,2025-02-19,14,Weekday,None,2,hist_gradient_boosting_lag1,6617.0,6860.847164611629
2025-02-19 15:00:00,2025-02-19,15,Weekday,None,2,baseline_lag1,6960.0,6617.0
2025-02-19 15:00:00,2025-02-19,15,Weekday,None,2,baseline_lag168,6960.0,6964.0
2025-02-19 15:00:00,2025-02-19,15,Weekday,None,2,baseline_lag24,6960.0,6514.0
2025-02-19 15:00:00,2025-02-19,15,Weekday,None,2,hist_gradient_boosting_24h,6960.0,6633.258095572372
2025-02-19 15:00:00,2025-02-19,15,Weekday,None,2,hist_gradient_boosting_lag1,6960.0,6967.18997445136
2025-02-19 16:00:00,2025-02-19,16,Weekday,None,2,baseline_lag1,6709.0,6960.0
2025-02-19 16:00:00,2025-02-19,16,Weekday,None,2,baseline_lag168,6709.0,6801.0
2025-02-19 16:00:00,2025-02-19,16,Weekday,None,2,baseline_lag24,6709.0,6654.0
2025-02-19 16:00:00,2025-02-19,16,Weekday,None,2,hist_gradient_boosting_24h,6709.0,6899.822226642155
2025-02-19 16:00:00,2025-02-19,16,Weekday,None,2,hist_gradient_boosting_lag1,6709.0,6795.448211837217
2025-02-19 17:00:00,2025-02-19,17,Weekday,None,2,baseline_lag1,7791.0,6709.0
2025-02-19 17:00:00,2025-02-19,17,Weekday,None,2,baseline_lag168,7791.0,8217.0
2025-02-19 17:00:00,2025-02-19,17,Weekday,None,2,baseline_lag24,7791.0,7355.0
2025-02-19 17:00:00,2025-02-19,17,Weekday,None,2,hist_gradient_boosting_24h,7791.0,7982.964161989226
2025-02-19 17:00:00,2025-02-19,17,Weekday,None,2,hist_gradient_boosting_lag1,7791.0,8151.064038652191
2025-02-19 18:00:00,2025-02-19,18,Weekday,None,2,baseline_lag1,8489.0,7791.0
2025-02-19 18:00:00,2025-02-19,18,Weekday,None,2,baseline_lag168,8489.0,9067.0
2025-02-19 18:00:00,2025-02-19,18,Weekday,None,2,baseline_lag24,8489.0,8313.0
2025-02-19 18:00:00,2025-02-19,18,Weekday,None,2,hist_gradient_boosting_24h,8489.0,8834.308507826128
2025-02-19 18:00:00,2025-02-19,18,Weekday,None,2,hist_gradient_boosting_lag1,8489.0,8511.520898699782
2025-02-19 19:00:00,2025-02-19,19,Weekday,None,2,baseline_lag1,7446.0,8489.0
2025-02-19 19:00:00,2025-02-19,19,Weekday,None,2,baseline_lag168,7446.0,7391.0
2025-02-19 19:00:00,2025-02-19,19,Weekday,None,2,baseline_lag24,7446.0,6666.0
2025-02-19 19:00:00,2025-02-19,19,Weekday,None,2,hist_gradient_boosting_24h,7446.0,7620.405118290368
2025-02-19 19:00:00,2025-02-19,19,Weekday,None,2,hist_gradient_boosting_lag1,7446.0,7418.648493305205
2025-02-19 20:00:00,2025-02-19,20,Weekday,None,2,baseline_lag1,7629.0,7446.0
2025-02-19 20:00:00,2025-02-19,20,Weekday,None,2,baseline_lag168,7629.0,7876.0
2025-02-19 20:00:00,2025-02-19,20,Weekday,None,2,baseline_lag24,7629.0,7020.0
2025-02-19 20:00:00,2025-02-19,20,Weekday,None,2,hist_gradient_boosting_24h,7629.0,7799.792844901759
2025-02-19 20:00:00,2025-02-19,20,Weekday,None,2,hist_gradient_boosting_lag1,7629.0,7878.085226895104
2025-02-19 21:00:00,2025-02-19,21,Weekday,None,2,baseline_lag1,7766.0,7629.0
2025-02-19 21:00:00,2025-02-19,21,Weekday,None,2,baseline_lag168,7766.0,8965.0
2025-02-19 21:00:00,2025-02-19,21,Weekday,None,2,baseline_lag24,7766.0,7100.0
2025-02-19 21:00:00,2025-02-19,21,Weekday,None,2,hist_gradient_boosting_24h,7766.0,8752.93027159696
2025-02-19 21:00:00,2025-02-19,21,Weekday,None,2,hist_gradient_boosting_lag1,7766.0,8471.710522212126
2025-02-19 22:00:00,2025-02-19,22,Weekday,None,2,baseline_lag1,6439.0,7766.0
2025-02-19 22:00:00,2025-02-19,22,Weekday,None,2,baseline_lag168,6439.0,7500.0
2025-02-19 22:00:00,2025-02-19,22,Weekday,None,2,baseline_lag24,6439.0,4708.0
2025-02-19 22:00:00,2025-02-19,22,Weekday,None,2,hist_gradient_boosting_24h,6439.0,7067.690772334217
2025-02-19 22:00:00,2025-02-19,22,Weekday,None,2,hist_gradient_boosting_lag1,6439.0,7195.298646241863
2025-02-19 23:00:00,2025-02-19,23,Weekday,None,2,baseline_lag1,3063.0,6439.0
2025-02-19 23:00:00,2025-02-19,23,Weekday,None,2,baseline_lag168,3063.0,4501.0
2025-02-19 23:00:00,2025-02-19,23,Weekday,None,2,baseline_lag24,3063.0,2670.0
2025-02-19 23:00:00,2025-02-19,23,Weekday,None,2,hist_gradient_boosting_24h,3063.0,4512.189715706353
2025-02-19 23:00:00,2025-02-19,23,Weekday,None,2,hist_gradient_boosting_lag1,3063.0,4582.176063911544
2025-02-20 00:00:00,2025-02-20,0,Weekday,None,2,baseline_lag1,1482.0,3063.0
2025-02-20 00:00:00,2025-02-20,0,Weekday,None,2,baseline_lag168,1482.0,1676.0
2025-02-20 00:00:00,2025-02-20,0,Weekday,None,2,baseline_lag24,1482.0,1203.0
2025-02-20 00:00:00,2025-02-20,0,Weekday,None,2,hist_gradient_boosting_24h,1482.0,1875.8004436918477
2025-02-20 00:00:00,2025-02-20,0,Weekday,None,2,hist_gradient_boosting_lag1,1482.0,1174.128648701592
2025-02-20 01:00:00,2025-02-20,1,Weekday,None,2,baseline_lag1,693.0,1482.0
2025-02-20 01:00:00,2025-02-20,1,Weekday,None,2,baseline_lag168,693.0,673.0
2025-02-20 01:00:00,2025-02-20,1,Weekday,None,2,baseline_lag24,693.0,507.0
2025-02-20 01:00:00,2025-02-20,1,Weekday,None,2,hist_gradient_boosting_24h,693.0,660.3863101240031
2025-02-20 01:00:00,2025-02-20,1,Weekday,None,2,hist_gradient_boosting_lag1,693.0,720.072399880927
2025-02-20 02:00:00,2025-02-20,2,Weekday,None,2,baseline_lag1,385.0,693.0
2025-02-20 02:00:00,2025-02-20,2,Weekday,None,2,baseline_lag168,385.0,368.0
2025-02-20 02:00:00,2025-02-20,2,Weekday,None,2,baseline_lag24,385.0,332.0
2025-02-20 02:00:00,2025-02-20,2,Weekday,None,2,hist_gradient_boosting_24h,385.0,530.127632571136
2025-02-20 02:00:00,2025-02-20,2,Weekday,None,2,hist_gradient_boosting_lag1,385.0,471.1835715283581
2025-02-20 03:00:00,2025-02-20,3,Weekday,None,2,baseline_lag1,296.0,385.0
2025-02-20 03:00:00,2025-02-20,3,Weekday,None,2,baseline_lag168,296.0,305.0
2025-02-20 03:00:00,2025-02-20,3,Weekday,None,2,baseline_lag24,296.0,250.0
2025-02-20 03:00:00,2025-02-20,3,Weekday,None,2,hist_gradient_boosting_24h,296.0,371.22858000177274
2025-02-20 03:00:00,2025-02-20,3,Weekday,None,2,hist_gradient_boosting_lag1,296.0,279.8023281185614
2025-02-20 04:00:00,2025-02-20,4,Weekday,None,2,baseline_lag1,384.0,296.0
2025-02-20 04:00:00,2025-02-20,4,Weekday,None,2,baseline_lag168,384.0,436.0
2025-02-20 04:00:00,2025-02-20,4,Weekday,None,2,baseline_lag24,384.0,312.0
2025-02-20 04:00:00,2025-02-20,4,Weekday,None,2,hist_gradient_boosting_24h,384.0,534.9393320274255
2025-02-20 04:00:00,2025-02-20,4,Weekday,None,2,hist_gradient_boosting_lag1,384.0,470.28120615203494
2025-02-20 05:00:00,2025-02-20,5,Weekday,None,2,baseline_lag1,750.0,384.0
2025-02-20 05:00:00,2025-02-20,5,Weekday,None,2,baseline_lag168,750.0,1071.0
2025-02-20 05:00:00,2025-02-20,5,Weekday,None,2,baseline_lag24,750.0,840.0
2025-02-20 05:00:00,2025-02-20,5,Weekday,None,2,hist_gradient_boosting_24h,750.0,918.2320723366371
2025-02-20 05:00:00,2025-02-20,5,Weekday,None,2,hist_gradient_boosting_lag1,750.0,861.2847636725301
2025-02-20 06:00:00,2025-02-20,6,Weekday,None,2,baseline_lag1,2023.0,750.0
2025-02-20 06:00:00,2025-02-20,6,Weekday,None,2,baseline_lag168,2023.0,2341.0
2025-02-20 06:00:00,2025-02-20,6,Weekday,None,2,baseline_lag24,2023.0,1967.0
2025-02-20 06:00:00,2025-02-20,6,Weekday,None,2,hist_gradient_boosting_24h,2023.0,2948.9344441828594
2025-02-20 06:00:00,2025-02-20,6,Weekday,None,2,hist_gradient_boosting_lag1,2023.0,2063.631747557156
2025-02-20 07:00:00,2025-02-20,7,Weekday,None,2,baseline_lag1,4153.0,2023.0
2025-02-20 07:00:00,2025-02-20,7,Weekday,None,2,baseline_lag168,4153.0,4984.0
2025-02-20 07:00:00,2025-02-20,7,Weekday,None,2,baseline_lag24,4153.0,4158.0
2025-02-20 07:00:00,2025-02-20,7,Weekday,None,2,hist_gradient_boosting_24h,4153.0,4129.939271104448
2025-02-20 07:00:00,2025-02-20,7,Weekday,None,2,hist_gradient_boosting_lag1,4153.0,4645.610990502918
2025-02-20 08:00:00,2025-02-20,8,Weekday,None,2,baseline_lag1,5742.0,4153.0
2025-02-20 08:00:00,2025-02-20,8,Weekday,None,2,baseline_lag168,5742.0,6738.0
2025-02-20 08:00:00,2025-02-20,8,Weekday,None,2,baseline_lag24,5742.0,5938.0
2025-02-20 08:00:00,2025-02-20,8,Weekday,None,2,hist_gradient_boosting_24h,5742.0,6110.29027036401
2025-02-20 08:00:00,2025-02-20,8,Weekday,None,2,hist_gradient_boosting_lag1,5742.0,6147.485806039552
2025-02-20 09:00:00,2025-02-20,9,Weekday,None,2,baseline_lag1,5983.0,5742.0
2025-02-20 09:00:00,2025-02-20,9,Weekday,None,2,baseline_lag168,5983.0,6323.0
2025-02-20 09:00:00,2025-02-20,9,Weekday,None,2,baseline_lag24,5983.0,6093.0
2025-02-20 09:00:00,2025-02-20,9,Weekday,None,2,hist_gradient_boosting_24h,5983.0,6390.457566496274
2025-02-20 09:00:00,2025-02-20,9,Weekday,None,2,hist_gradient_boosting_lag1,5983.0,6226.494190434815
2025-02-20 10:00:00,2025-02-20,10,Weekday,None,2,baseline_lag1,5545.0,5983.0
2025-02-20 10:00:00,2025-02-20,10,Weekday,None,2,baseline_lag168,5545.0,5560.0
2025-02-20 10:00:00,2025-02-20,10,Weekday,None,2,baseline_lag24,5545.0,5601.0
2025-02-20 10:00:00,2025-02-20,10,Weekday,None,2,hist_gradient_boosting_24h,5545.0,5515.4533755772
2025-02-20 10:00:00,2025-02-20,10,Weekday,None,2,hist_gradient_boosting_lag1,5545.0,5622.131825059858
2025-02-20 11:00:00,2025-02-20,11,Weekday,None,2,baseline_lag1,5668.0,5545.0
2025-02-20 11:00:00,2025-02-20,11,Weekday,None,2,baseline_lag168,5668.0,5403.0
2025-02-20 11:00:00,2025-02-20,11,Weekday,None,2,baseline_lag24,5668.0,5922.0
2025-02-20 11:00:00,2025-02-20,11,Weekday,None,2,hist_gradient_boosting_24h,5668.0,5631.263197824483
2025-02-20 11:00:00,2025-02-20,11,Weekday,None,2,hist_gradient_boosting_lag1,5668.0,5808.768725285392
2025-02-20 12:00:00,2025-02-20,12,Weekday,None,2,baseline_lag1,6119.0,5668.0
2025-02-20 12:00:00,2025-02-20,12,Weekday,None,2,baseline_lag168,6119.0,5747.0
2025-02-20 12:00:00,2025-02-20,12,Weekday,None,2,baseline_lag24,6119.0,6089.0
2025-02-20 12:00:00,2025-02-20,12,Weekday,None,2,hist_gradient_boosting_24h,6119.0,6147.614718101684
2025-02-20 12:00:00,2025-02-20,12,Weekday,None,2,hist_gradient_boosting_lag1,6119.0,6218.423584002013
2025-02-20 13:00:00,2025-02-20,13,Weekday,None,2,baseline_lag1,6470.0,6119.0
2025-02-20 13:00:00,2025-02-20,13,Weekday,None,2,baseline_lag168,6470.0,5950.0
2025-02-20 13:00:00,2025-02-20,13,Weekday,None,2,baseline_lag24,6470.0,6217.0
2025-02-20 13:00:00,2025-02-20,13,Weekday,None,2,hist_gradient_boosting_24h,6470.0,6182.804598270276
2025-02-20 13:00:00,2025-02-20,13,Weekday,None,2,hist_gradient_boosting_lag1,6470.0,6554.874246654164
2025-02-20 14:00:00,2025-02-20,14,Weekday,None,2,baseline_lag1,6786.0,6470.0
2025-02-20 14:00:00,2025-02-20,14,Weekday,None,2,baseline_lag168,6786.0,7008.0
2025-02-20 14:00:00,2025-02-20,14,Weekday,None,2,baseline_lag24,6786.0,6617.0
2025-02-20 14:00:00,2025-02-20,14,Weekday,None,2,hist_gradient_boosting_24h,6786.0,6518.024209290245
2025-02-20 14:00:00,2025-02-20,14,Weekday,None,2,hist_gradient_boosting_lag1,6786.0,6985.813706167666
2025-02-20 15:00:00,2025-02-20,15,Weekday,None,2,baseline_lag1,7450.0,6786.0
2025-02-20 15:00:00,2025-02-20,15,Weekday,None,2,baseline_lag168,7450.0,7242.0
2025-02-20 15:00:00,2025-02-20,15,Weekday,None,2,baseline_lag24,7450.0,6960.0
2025-02-20 15:00:00,2025-02-20,15,Weekday,None,2,hist_gradient_boosting_24h,7450.0,7325.009373720153
2025-02-20 15:00:00,2025-02-20,15,Weekday,None,2,hist_gradient_boosting_lag1,7450.0,7221.7111004999715
2025-02-20 16:00:00,2025-02-20,16,Weekday,None,2,baseline_lag1,7648.0,7450.0
2025-02-20 16:00:00,2025-02-20,16,Weekday,None,2,baseline_lag168,7648.0,7209.0
2025-02-20 16:00:00,2025-02-20,16,Weekday,None,2,baseline_lag24,7648.0,6709.0
2025-02-20 16:00:00,2025-02-20,16,Weekday,None,2,hist_gradient_boosting_24h,7648.0,6781.178905969976
2025-02-20 16:00:00,2025-02-20,16,Weekday,None,2,hist_gradient_boosting_lag1,7648.0,6969.2260808826
2025-02-20 17:00:00,2025-02-20,17,Weekday,None,2,baseline_lag1,9012.0,7648.0
2025-02-20 17:00:00,2025-02-20,17,Weekday,None,2,baseline_lag168,9012.0,8546.0
2025-02-20 17:00:00,2025-02-20,17,Weekday,None,2,baseline_lag24,9012.0,7791.0
2025-02-20 17:00:00,2025-02-20,17,Weekday,None,2,hist_gradient_boosting_24h,9012.0,8198.178218032244
2025-02-20 17:00:00,2025-02-20,17,Weekday,None,2,hist_gradient_boosting_lag1,9012.0,8626.245387290108
2025-02-20 18:00:00,2025-02-20,18,Weekday,None,2,baseline_lag1,9840.0,9012.0
2025-02-20 18:00:00,2025-02-20,18,Weekday,None,2,baseline_lag168,9840.0,10319.0
2025-02-20 18:00:00,2025-02-20,18,Weekday,None,2,baseline_lag24,9840.0,8489.0
2025-02-20 18:00:00,2025-02-20,18,Weekday,None,2,hist_gradient_boosting_24h,9840.0,9182.194769174368
2025-02-20 18:00:00,2025-02-20,18,Weekday,None,2,hist_gradient_boosting_lag1,9840.0,9764.521532229564
2025-02-20 19:00:00,2025-02-20,19,Weekday,None,2,baseline_lag1,9338.0,9840.0
2025-02-20 19:00:00,2025-02-20,19,Weekday,None,2,baseline_lag168,9338.0,8933.0
2025-02-20 19:00:00,2025-02-20,19,Weekday,None,2,baseline_lag24,9338.0,7446.0
2025-02-20 19:00:00,2025-02-20,19,Weekday,None,2,hist_gradient_boosting_24h,9338.0,8134.068210156784
2025-02-20 19:00:00,2025-02-20,19,Weekday,None,2,hist_gradient_boosting_lag1,9338.0,8670.91142497568
2025-02-20 20:00:00,2025-02-20,20,Weekday,None,2,baseline_lag1,9483.0,9338.0
2025-02-20 20:00:00,2025-02-20,20,Weekday,None,2,baseline_lag168,9483.0,9074.0
2025-02-20 20:00:00,2025-02-20,20,Weekday,None,2,baseline_lag24,9483.0,7629.0
2025-02-20 20:00:00,2025-02-20,20,Weekday,None,2,hist_gradient_boosting_24h,9483.0,8711.3919801403
2025-02-20 20:00:00,2025-02-20,20,Weekday,None,2,hist_gradient_boosting_lag1,9483.0,8974.093019994909
2025-02-20 21:00:00,2025-02-20,21,Weekday,None,2,baseline_lag1,9357.0,9483.0
2025-02-20 21:00:00,2025-02-20,21,Weekday,None,2,baseline_lag168,9357.0,9582.0
2025-02-20 21:00:00,2025-02-20,21,Weekday,None,2,baseline_lag24,9357.0,7766.0
2025-02-20 21:00:00,2025-02-20,21,Weekday,None,2,hist_gradient_boosting_24h,9357.0,8835.280923870596
2025-02-20 21:00:00,2025-02-20,21,Weekday,None,2,hist_gradient_boosting_lag1,9357.0,9323.2436889081
2025-02-20 22:00:00,2025-02-20,22,Weekday,None,2,baseline_lag1,8509.0,9357.0
2025-02-20 22:00:00,2025-02-20,22,Weekday,None,2,baseline_lag168,8509.0,8780.0
2025-02-20 22:00:00,2025-02-20,22,Weekday,None,2,baseline_lag24,8509.0,6439.0
2025-02-20 22:00:00,2025-02-20,22,Weekday,None,2,hist_gradient_boosting_24h,8509.0,8648.037197773258
2025-02-20 22:00:00,2025-02-20,22,Weekday,None,2,hist_gradient_boosting_lag1,8509.0,9105.209141549878
2025-02-20 23:00:00,2025-02-20,23,Weekday,None,2,baseline_lag1,6766.0,8509.0
2025-02-20 23:00:00,2025-02-20,23,Weekday,None,2,baseline_lag168,6766.0,5893.0
2025-02-20 23:00:00,2025-02-20,23,Weekday,None,2,baseline_lag24,6766.0,3063.0
2025-02-20 23:00:00,2025-02-20,23,Weekday,None,2,hist_gradient_boosting_24h,6766.0,6145.758084142733
2025-02-20 23:00:00,2025-02-20,23,Weekday,None,2,hist_gradient_boosting_lag1,6766.0,5998.249969331447
2025-02-21 00:00:00,2025-02-21,0,Weekday,None,2,baseline_lag1,3601.0,6766.0
2025-02-21 00:00:00,2025-02-21,0,Weekday,None,2,baseline_lag168,3601.0,3566.0
2025-02-21 00:00:00,2025-02-21,0,Weekday,None,2,baseline_lag24,3601.0,1482.0
2025-02-21 00:00:00,2025-02-21,0,Weekday,None,2,hist_gradient_boosting_24h,3601.0,3655.6807987949073
2025-02-21 00:00:00,2025-02-21,0,Weekday,None,2,hist_gradient_boosting_lag1,3601.0,5308.507598480789
2025-02-21 01:00:00,2025-02-21,1,Weekday,None,2,baseline_lag1,1535.0,3601.0
2025-02-21 01:00:00,2025-02-21,1,Weekday,None,2,baseline_lag168,1535.0,1754.0
2025-02-21 01:00:00,2025-02-21,1,Weekday,None,2,baseline_lag24,1535.0,693.0
2025-02-21 01:00:00,2025-02-21,1,Weekday,None,2,hist_gradient_boosting_24h,1535.0,1786.9602872119212
2025-02-21 01:00:00,2025-02-21,1,Weekday,None,2,hist_gradient_boosting_lag1,1535.0,1659.4020375853047
2025-02-21 02:00:00,2025-02-21,2,Weekday,None,2,baseline_lag1,854.0,1535.0
2025-02-21 02:00:00,2025-02-21,2,Weekday,None,2,baseline_lag168,854.0,977.0
2025-02-21 02:00:00,2025-02-21,2,Weekday,None,2,baseline_lag24,854.0,385.0
2025-02-21 02:00:00,2025-02-21,2,Weekday,None,2,hist_gradient_boosting_24h,854.0,1077.0928544329756
2025-02-21 02:00:00,2025-02-21,2,Weekday,None,2,hist_gradient_boosting_lag1,854.0,889.7858621798938
2025-02-21 03:00:00,2025-02-21,3,Weekday,None,2,baseline_lag1,480.0,854.0
2025-02-21 03:00:00,2025-02-21,3,Weekday,None,2,baseline_lag168,480.0,573.0
2025-02-21 03:00:00,2025-02-21,3,Weekday,None,2,baseline_lag24,480.0,296.0
2025-02-21 03:00:00,2025-02-21,3,Weekday,None,2,hist_gradient_boosting_24h,480.0,513.0629573650025
2025-02-21 03:00:00,2025-02-21,3,Weekday,None,2,hist_gradient_boosting_lag1,480.0,603.5558577165924
2025-02-21 04:00:00,2025-02-21,4,Weekday,None,2,baseline_lag1,514.0,480.0
2025-02-21 04:00:00,2025-02-21,4,Weekday,None,2,baseline_lag168,514.0,636.0
2025-02-21 04:00:00,2025-02-21,4,Weekday,None,2,baseline_lag24,514.0,384.0
2025-02-21 04:00:00,2025-02-21,4,Weekday,None,2,hist_gradient_boosting_24h,514.0,598.0157628184722
2025-02-21 04:00:00,2025-02-21,4,Weekday,None,2,hist_gradient_boosting_lag1,514.0,568.0190038440705
2025-02-21 05:00:00,2025-02-21,5,Weekday,None,2,baseline_lag1,897.0,514.0
2025-02-21 05:00:00,2025-02-21,5,Weekday,None,2,baseline_lag168,897.0,1001.0
2025-02-21 05:00:00,2025-02-21,5,Weekday,None,2,baseline_lag24,897.0,750.0
2025-02-21 05:00:00,2025-02-21,5,Weekday,None,2,hist_gradient_boosting_24h,897.0,834.063199734836
2025-02-21 05:00:00,2025-02-21,5,Weekday,None,2,hist_gradient_boosting_lag1,897.0,836.3985545228359
2025-02-21 06:00:00,2025-02-21,6,Weekday,None,2,baseline_lag1,1894.0,897.0
2025-02-21 06:00:00,2025-02-21,6,Weekday,None,2,baseline_lag168,1894.0,2125.0
2025-02-21 06:00:00,2025-02-21,6,Weekday,None,2,baseline_lag24,1894.0,2023.0
2025-02-21 06:00:00,2025-02-21,6,Weekday,None,2,hist_gradient_boosting_24h,1894.0,1957.2140556856084
2025-02-21 06:00:00,2025-02-21,6,Weekday,None,2,hist_gradient_boosting_lag1,1894.0,1997.4036150264078
2025-02-21 07:00:00,2025-02-21,7,Weekday,None,2,baseline_lag1,3541.0,1894.0
2025-02-21 07:00:00,2025-02-21,7,Weekday,None,2,baseline_lag168,3541.0,4111.0
2025-02-21 07:00:00,2025-02-21,7,Weekday,None,2,baseline_lag24,3541.0,4153.0
2025-02-21 07:00:00,2025-02-21,7,Weekday,None,2,hist_gradient_boosting_24h,3541.0,3929.1821779008233
2025-02-21 07:00:00,2025-02-21,7,Weekday,None,2,hist_gradient_boosting_lag1,3541.0,4021.27317992267
2025-02-21 08:00:00,2025-02-21,8,Weekday,None,2,baseline_lag1,4692.0,3541.0
2025-02-21 08:00:00,2025-02-21,8,Weekday,None,2,baseline_lag168,4692.0,5161.0
2025-02-21 08:00:00,2025-02-21,8,Weekday,None,2,baseline_lag24,4692.0,5742.0
2025-02-21 08:00:00,2025-02-21,8,Weekday,None,2,hist_gradient_boosting_24h,4692.0,5633.563430612939
2025-02-21 08:00:00,2025-02-21,8,Weekday,None,2,hist_gradient_boosting_lag1,4692.0,4574.030184471041
2025-02-21 09:00:00,2025-02-21,9,Weekday,None,2,baseline_lag1,5190.0,4692.0
2025-02-21 09:00:00,2025-02-21,9,Weekday,None,2,baseline_lag168,5190.0,5056.0
2025-02-21 09:00:00,2025-02-21,9,Weekday,None,2,baseline_lag24,5190.0,5983.0
2025-02-21 09:00:00,2025-02-21,9,Weekday,None,2,hist_gradient_boosting_24h,5190.0,5028.999382117884
2025-02-21 09:00:00,2025-02-21,9,Weekday,None,2,hist_gradient_boosting_lag1,5190.0,5167.30469907247
2025-02-21 10:00:00,2025-02-21,10,Weekday,None,2,baseline_lag1,5078.0,5190.0
2025-02-21 10:00:00,2025-02-21,10,Weekday,None,2,baseline_lag168,5078.0,5142.0
2025-02-21 10:00:00,2025-02-21,10,Weekday,None,2,baseline_lag24,5078.0,5545.0
2025-02-21 10:00:00,2025-02-21,10,Weekday,None,2,hist_gradient_boosting_24h,5078.0,5265.440706735443
2025-02-21 10:00:00,2025-02-21,10,Weekday,None,2,hist_gradient_boosting_lag1,5078.0,5316.783333942243
2025-02-21 11:00:00,2025-02-21,11,Weekday,None,2,baseline_lag1,5362.0,5078.0
2025-02-21 11:00:00,2025-02-21,11,Weekday,None,2,baseline_lag168,5362.0,5430.0
2025-02-21 11:00:00,2025-02-21,11,Weekday,None,2,baseline_lag24,5362.0,5668.0
2025-02-21 11:00:00,2025-02-21,11,Weekday,None,2,hist_gradient_boosting_24h,5362.0,5315.510049441618
2025-02-21 11:00:00,2025-02-21,11,Weekday,None,2,hist_gradient_boosting_lag1,5362.0,5496.97100116763
2025-02-21 12:00:00,2025-02-21,12,Weekday,None,2,baseline_lag1,5908.0,5362.0
2025-02-21 12:00:00,2025-02-21,12,Weekday,None,2,baseline_lag168,5908.0,6198.0
2025-02-21 12:00:00,2025-02-21,12,Weekday,None,2,baseline_lag24,5908.0,6119.0
2025-02-21 12:00:00,2025-02-21,12,Weekday,None,2,hist_gradient_boosting_24h,5908.0,6201.296703484046
2025-02-21 12:00:00,2025-02-21,12,Weekday,None,2,hist_gradient_boosting_lag1,5908.0,6296.233719182805
2025-02-21 13:00:00,2025-02-21,13,Weekday,None,2,baseline_lag1,5983.0,5908.0
2025-02-21 13:00:00,2025-02-21,13,Weekday,None,2,baseline_lag168,5983.0,6916.0
2025-02-21 13:00:00,2025-02-21,13,Weekday,None,2,baseline_lag24,5983.0,6470.0
2025-02-21 13:00:00,2025-02-21,13,Weekday,None,2,hist_gradient_boosting_24h,5983.0,6560.679881498256
2025-02-21 13:00:00,2025-02-21,13,Weekday,None,2,hist_gradient_boosting_lag1,5983.0,6671.901098717595
2025-02-21 14:00:00,2025-02-21,14,Weekday,None,2,baseline_lag1,6897.0,5983.0
2025-02-21 14:00:00,2025-02-21,14,Weekday,None,2,baseline_lag168,6897.0,7805.0
2025-02-21 14:00:00,2025-02-21,14,Weekday,None,2,baseline_lag24,6897.0,6786.0
2025-02-21 14:00:00,2025-02-21,14,Weekday,None,2,hist_gradient_boosting_24h,6897.0,7876.050006334684
2025-02-21 14:00:00,2025-02-21,14,Weekday,None,2,hist_gradient_boosting_lag1,6897.0,6720.17240603395
2025-02-21 15:00:00,2025-02-21,15,Weekday,None,2,baseline_lag1,7047.0,6897.0
2025-02-21 15:00:00,2025-02-21,15,Weekday,None,2,baseline_lag168,7047.0,8796.0
2025-02-21 15:00:00,2025-02-21,15,Weekday,None,2,baseline_lag24,7047.0,7450.0
2025-02-21 15:00:00,2025-02-21,15,Weekday,None,2,hist_gradient_boosting_24h,7047.0,8318.248173942406
2025-02-21 15:00:00,2025-02-21,15,Weekday,None,2,hist_gradient_boosting_lag1,7047.0,8281.045481430232
2025-02-21 16:00:00,2025-02-21,16,Weekday,None,2,baseline_lag1,6947.0,7047.0
2025-02-21 16:00:00,2025-02-21,16,Weekday,None,2,baseline_lag168,6947.0,8666.0
2025-02-21 16:00:00,2025-02-21,16,Weekday,None,2,baseline_lag24,6947.0,7648.0
2025-02-21 16:00:00,2025-02-21,16,Weekday,None,2,hist_gradient_boosting_24h,6947.0,7945.758133249312
2025-02-21 16:00:00,2025-02-21,16,Weekday,None,2,hist_gradient_boosting_lag1,6947.0,8225.859875036467
2025-02-21 17:00:00,2025-02-21,17,Weekday,None,2,baseline_lag1,7601.0,6947.0
2025-02-21 17:00:00,2025-02-21,17,Weekday,None,2,baseline_lag168,7601.0,9672.0
2025-02-21 17:00:00,2025-02-21,17,Weekday,None,2,baseline_lag24,7601.0,9012.0
2025-02-21 17:00:00,2025-02-21,17,Weekday,None,2,hist_gradient_boosting_24h,7601.0,9412.048690796293
2025-02-21 17:00:00,2025-02-21,17,Weekday,None,2,hist_gradient_boosting_lag1,7601.0,8588.045849144257
2025-02-21 18:00:00,2025-02-21,18,Weekday,None,2,baseline_lag1,8655.0,7601.0
2025-02-21 18:00:00,2025-02-21,18,Weekday,None,2,baseline_lag168,8655.0,10210.0
2025-02-21 18:00:00,2025-02-21,18,Weekday,None,2,baseline_lag24,8655.0,9840.0
2025-02-21 18:00:00,2025-02-21,18,Weekday,None,2,hist_gradient_boosting_24h,8655.0,9467.015094465822
2025-02-21 18:00:00,2025-02-21,18,Weekday,None,2,hist_gradient_boosting_lag1,8655.0,8374.155984850238
2025-02-21 19:00:00,2025-02-21,19,Weekday,None,2,baseline_lag1,8309.0,8655.0
2025-02-21 19:00:00,2025-02-21,19,Weekday,None,2,baseline_lag168,8309.0,10213.0
2025-02-21 19:00:00,2025-02-21,19,Weekday,None,2,baseline_lag24,8309.0,9338.0
2025-02-21 19:00:00,2025-02-21,19,Weekday,None,2,hist_gradient_boosting_24h,8309.0,9586.56501379912
2025-02-21 19:00:00,2025-02-21,19,Weekday,None,2,hist_gradient_boosting_lag1,8309.0,8728.196493548605
2025-02-21 20:00:00,2025-02-21,20,Weekday,None,2,baseline_lag1,7514.0,8309.0
2025-02-21 20:00:00,2025-02-21,20,Weekday,None,2,baseline_lag168,7514.0,10061.0
2025-02-21 20:00:00,2025-02-21,20,Weekday,None,2,baseline_lag24,7514.0,9483.0
2025-02-21 20:00:00,2025-02-21,20,Weekday,None,2,hist_gradient_boosting_24h,7514.0,9096.322598793811
2025-02-21 20:00:00,2025-02-21,20,Weekday,None,2,hist_gradient_boosting_lag1,7514.0,8158.908636312892
2025-02-21 21:00:00,2025-02-21,21,Weekday,None,2,baseline_lag1,7656.0,7514.0
2025-02-21 21:00:00,2025-02-21,21,Weekday,None,2,baseline_lag168,7656.0,8901.0
2025-02-21 21:00:00,2025-02-21,21,Weekday,None,2,baseline_lag24,7656.0,9357.0
2025-02-21 21:00:00,2025-02-21,21,Weekday,None,2,hist_gradient_boosting_24h,7656.0,9059.075502860436
2025-02-21 21:00:00,2025-02-21,21,Weekday,None,2,hist_gradient_boosting_lag1,7656.0,8230.18383278583
2025-02-21 22:00:00,2025-02-21,22,Weekday,None,2,baseline_lag1,7967.0,7656.0
2025-02-21 22:00:00,2025-02-21,22,Weekday,None,2,baseline_lag168,7967.0,9022.0
2025-02-21 22:00:00,2025-02-21,22,Weekday,None,2,baseline_lag24,7967.0,8509.0
2025-02-21 22:00:00,2025-02-21,22,Weekday,None,2,hist_gradient_boosting_24h,7967.0,8592.346037254214
2025-02-21 22:00:00,2025-02-21,22,Weekday,None,2,hist_gradient_boosting_lag1,7967.0,8413.879275017945
2025-02-21 23:00:00,2025-02-21,23,Weekday,None,2,baseline_lag1,8279.0,7967.0
2025-02-21 23:00:00,2025-02-21,23,Weekday,None,2,baseline_lag168,8279.0,9130.0
2025-02-21 23:00:00,2025-02-21,23,Weekday,None,2,baseline_lag24,8279.0,6766.0
2025-02-21 23:00:00,2025-02-21,23,Weekday,None,2,hist_gradient_boosting_24h,8279.0,9194.730214374296
2025-02-21 23:00:00,2025-02-21,23,Weekday,None,2,hist_gradient_boosting_lag1,8279.0,8556.248354749217
2025-02-22 00:00:00,2025-02-22,0,Weekend,None,2,baseline_lag1,7231.0,8279.0
2025-02-22 00:00:00,2025-02-22,0,Weekend,None,2,baseline_lag168,7231.0,6937.0
2025-02-22 00:00:00,2025-02-22,0,Weekend,None,2,baseline_lag24,7231.0,3601.0
2025-02-22 00:00:00,2025-02-22,0,Weekend,None,2,hist_gradient_boosting_24h,7231.0,6598.177671269026
2025-02-22 00:00:00,2025-02-22,0,Weekend,None,2,hist_gradient_boosting_lag1,7231.0,7396.1722599350815
2025-02-22 01:00:00,2025-02-22,1,Weekend,None,2,baseline_lag1,5750.0,7231.0
2025-02-22 01:00:00,2025-02-22,1,Weekend,None,2,baseline_lag168,5750.0,5316.0
2025-02-22 01:00:00,2025-02-22,1,Weekend,None,2,baseline_lag24,5750.0,1535.0
2025-02-22 01:00:00,2025-02-22,1,Weekend,None,2,hist_gradient_boosting_24h,5750.0,5764.26528614954
2025-02-22 01:00:00,2025-02-22,1,Weekend,None,2,hist_gradient_boosting_lag1,5750.0,5682.587524947367
2025-02-22 02:00:00,2025-02-22,2,Weekend,None,2,baseline_lag1,4172.0,5750.0
2025-02-22 02:00:00,2025-02-22,2,Weekend,None,2,baseline_lag168,4172.0,3890.0
2025-02-22 02:00:00,2025-02-22,2,Weekend,None,2,baseline_lag24,4172.0,854.0
2025-02-22 02:00:00,2025-02-22,2,Weekend,None,2,hist_gradient_boosting_24h,4172.0,3830.318328895806
2025-02-22 02:00:00,2025-02-22,2,Weekend,None,2,hist_gradient_boosting_lag1,4172.0,4283.262057523515
2025-02-22 03:00:00,2025-02-22,3,Weekend,None,2,baseline_lag1,2496.0,4172.0
2025-02-22 03:00:00,2025-02-22,3,Weekend,None,2,baseline_lag168,2496.0,2717.0
2025-02-22 03:00:00,2025-02-22,3,Weekend,None,2,baseline_lag24,2496.0,480.0
2025-02-22 03:00:00,2025-02-22,3,Weekend,None,2,hist_gradient_boosting_24h,2496.0,2433.7578613306073
2025-02-22 03:00:00,2025-02-22,3,Weekend,None,2,hist_gradient_boosting_lag1,2496.0,2704.8820713673476
2025-02-22 04:00:00,2025-02-22,4,Weekend,None,2,baseline_lag1,1444.0,2496.0
2025-02-22 04:00:00,2025-02-22,4,Weekend,None,2,baseline_lag168,1444.0,1659.0
2025-02-22 04:00:00,2025-02-22,4,Weekend,None,2,baseline_lag24,1444.0,514.0
2025-02-22 04:00:00,2025-02-22,4,Weekend,None,2,hist_gradient_boosting_24h,1444.0,1456.337297426797
2025-02-22 04:00:00,2025-02-22,4,Weekend,None,2,hist_gradient_boosting_lag1,1444.0,1366.721521835676
2025-02-22 05:00:00,2025-02-22,5,Weekend,None,2,baseline_lag1,684.0,1444.0
2025-02-22 05:00:00,2025-02-22,5,Weekend,None,2,baseline_lag168,684.0,777.0
2025-02-22 05:00:00,2025-02-22,5,Weekend,None,2,baseline_lag24,684.0,897.0
2025-02-22 05:00:00,2025-02-22,5,Weekend,None,2,hist_gradient_boosting_24h,684.0,864.3558421810826
2025-02-22 05:00:00,2025-02-22,5,Weekend,None,2,hist_gradient_boosting_lag1,684.0,773.8560859288413
2025-02-22 06:00:00,2025-02-22,6,Weekend,None,2,baseline_lag1,969.0,684.0
2025-02-22 06:00:00,2025-02-22,6,Weekend,None,2,baseline_lag168,969.0,1016.0
2025-02-22 06:00:00,2025-02-22,6,Weekend,None,2,baseline_lag24,969.0,1894.0
2025-02-22 06:00:00,2025-02-22,6,Weekend,None,2,hist_gradient_boosting_24h,969.0,1505.5824571619921
2025-02-22 06:00:00,2025-02-22,6,Weekend,None,2,hist_gradient_boosting_lag1,969.0,1245.844674634135
2025-02-22 07:00:00,2025-02-22,7,Weekend,None,2,baseline_lag1,1378.0,969.0
2025-02-22 07:00:00,2025-02-22,7,Weekend,None,2,baseline_lag168,1378.0,1249.0
2025-02-22 07:00:00,2025-02-22,7,Weekend,None,2,baseline_lag24,1378.0,3541.0
2025-02-22 07:00:00,2025-02-22,7,Weekend,None,2,hist_gradient_boosting_24h,1378.0,1592.4015492237743
2025-02-22 07:00:00,2025-02-22,7,Weekend,None,2,hist_gradient_boosting_lag1,1378.0,1278.6658627174888
2025-02-22 08:00:00,2025-02-22,8,Weekend,None,2,baseline_lag1,2283.0,1378.0
2025-02-22 08:00:00,2025-02-22,8,Weekend,None,2,baseline_lag168,2283.0,2176.0
2025-02-22 08:00:00,2025-02-22,8,Weekend,None,2,baseline_lag24,2283.0,4692.0
2025-02-22 08:00:00,2025-02-22,8,Weekend,None,2,hist_gradient_boosting_24h,2283.0,2399.6006357122405
2025-02-22 08:00:00,2025-02-22,8,Weekend,None,2,hist_gradient_boosting_lag1,2283.0,2275.1000502705056
2025-02-22 09:00:00,2025-02-22,9,Weekend,None,2,baseline_lag1,3654.0,2283.0
2025-02-22 09:00:00,2025-02-22,9,Weekend,None,2,baseline_lag168,3654.0,3364.0
2025-02-22 09:00:00,2025-02-22,9,Weekend,None,2,baseline_lag24,3654.0,5190.0
2025-02-22 09:00:00,2025-02-22,9,Weekend,None,2,hist_gradient_boosting_24h,3654.0,4372.928209064887
2025-02-22 09:00:00,2025-02-22,9,Weekend,None,2,hist_gradient_boosting_lag1,3654.0,3474.9960677285726
2025-02-22 10:00:00,2025-02-22,10,Weekend,None,2,baseline_lag1,4680.0,3654.0
2025-02-22 10:00:00,2025-02-22,10,Weekend,None,2,baseline_lag168,4680.0,4242.0
2025-02-22 10:00:00,2025-02-22,10,Weekend,None,2,baseline_lag24,4680.0,5078.0
2025-02-22 10:00:00,2025-02-22,10,Weekend,None,2,hist_gradient_boosting_24h,4680.0,4553.47295222934
2025-02-22 10:00:00,2025-02-22,10,Weekend,None,2,hist_gradient_boosting_lag1,4680.0,4754.704552660892
2025-02-22 11:00:00,2025-02-22,11,Weekend,None,2,baseline_lag1,5235.0,4680.0
2025-02-22 11:00:00,2025-02-22,11,Weekend,None,2,baseline_lag168,5235.0,5252.0
2025-02-22 11:00:00,2025-02-22,11,Weekend,None,2,baseline_lag24,5235.0,5362.0
2025-02-22 11:00:00,2025-02-22,11,Weekend,None,2,hist_gradient_boosting_24h,5235.0,5351.13019116312
2025-02-22 11:00:00,2025-02-22,11,Weekend,None,2,hist_gradient_boosting_lag1,5235.0,5358.063144749968
2025-02-22 12:00:00,2025-02-22,12,Weekend,None,2,baseline_lag1,5986.0,5235.0
2025-02-22 12:00:00,2025-02-22,12,Weekend,None,2,baseline_lag168,5986.0,5914.0
2025-02-22 12:00:00,2025-02-22,12,Weekend,None,2,baseline_lag24,5986.0,5908.0
2025-02-22 12:00:00,2025-02-22,12,Weekend,None,2,hist_gradient_boosting_24h,5986.0,6318.14524989737
2025-02-22 12:00:00,2025-02-22,12,Weekend,None,2,hist_gradient_boosting_lag1,5986.0,6270.304059829238
2025-02-22 13:00:00,2025-02-22,13,Weekend,None,2,baseline_lag1,6351.0,5986.0
2025-02-22 13:00:00,2025-02-22,13,Weekend,None,2,baseline_lag168,6351.0,6878.0
2025-02-22 13:00:00,2025-02-22,13,Weekend,None,2,baseline_lag24,6351.0,5983.0
2025-02-22 13:00:00,2025-02-22,13,Weekend,None,2,hist_gradient_boosting_24h,6351.0,6357.87879779416
2025-02-22 13:00:00,2025-02-22,13,Weekend,None,2,hist_gradient_boosting_lag1,6351.0,6433.445490230279
2025-02-22 14:00:00,2025-02-22,14,Weekend,None,2,baseline_lag1,6304.0,6351.0
2025-02-22 14:00:00,2025-02-22,14,Weekend,None,2,baseline_lag168,6304.0,7171.0
2025-02-22 14:00:00,2025-02-22,14,Weekend,None,2,baseline_lag24,6304.0,6897.0
2025-02-22 14:00:00,2025-02-22,14,Weekend,None,2,hist_gradient_boosting_24h,6304.0,6458.365702893217
2025-02-22 14:00:00,2025-02-22,14,Weekend,None,2,hist_gradient_boosting_lag1,6304.0,6673.570366204065
2025-02-22 15:00:00,2025-02-22,15,Weekend,None,2,baseline_lag1,6516.0,6304.0
2025-02-22 15:00:00,2025-02-22,15,Weekend,None,2,baseline_lag168,6516.0,7934.0
2025-02-22 15:00:00,2025-02-22,15,Weekend,None,2,baseline_lag24,6516.0,7047.0
2025-02-22 15:00:00,2025-02-22,15,Weekend,None,2,hist_gradient_boosting_24h,6516.0,7814.016177166743
2025-02-22 15:00:00,2025-02-22,15,Weekend,None,2,hist_gradient_boosting_lag1,6516.0,7248.678179311071
2025-02-22 16:00:00,2025-02-22,16,Weekend,None,2,baseline_lag1,7404.0,6516.0
2025-02-22 16:00:00,2025-02-22,16,Weekend,None,2,baseline_lag168,7404.0,8098.0
2025-02-22 16:00:00,2025-02-22,16,Weekend,None,2,baseline_lag24,7404.0,6947.0
2025-02-22 16:00:00,2025-02-22,16,Weekend,None,2,hist_gradient_boosting_24h,7404.0,8063.783244833653
2025-02-22 16:00:00,2025-02-22,16,Weekend,None,2,hist_gradient_boosting_lag1,7404.0,7839.9139155622015
2025-02-22 17:00:00,2025-02-22,17,Weekend,None,2,baseline_lag1,7526.0,7404.0
2025-02-22 17:00:00,2025-02-22,17,Weekend,None,2,baseline_lag168,7526.0,8183.0
2025-02-22 17:00:00,2025-02-22,17,Weekend,None,2,baseline_lag24,7526.0,7601.0
2025-02-22 17:00:00,2025-02-22,17,Weekend,None,2,hist_gradient_boosting_24h,7526.0,7831.930634099876
2025-02-22 17:00:00,2025-02-22,17,Weekend,None,2,hist_gradient_boosting_lag1,7526.0,8761.309347647635
2025-02-22 18:00:00,2025-02-22,18,Weekend,None,2,baseline_lag1,8848.0,7526.0
2025-02-22 18:00:00,2025-02-22,18,Weekend,None,2,baseline_lag168,8848.0,9556.0
2025-02-22 18:00:00,2025-02-22,18,Weekend,None,2,baseline_lag24,8848.0,8655.0
2025-02-22 18:00:00,2025-02-22,18,Weekend,None,2,hist_gradient_boosting_24h,8848.0,8669.70332451581
2025-02-22 18:00:00,2025-02-22,18,Weekend,None,2,hist_gradient_boosting_lag1,8848.0,8461.854313609407
2025-02-22 19:00:00,2025-02-22,19,Weekend,None,2,baseline_lag1,9189.0,8848.0
2025-02-22 19:00:00,2025-02-22,19,Weekend,None,2,baseline_lag168,9189.0,10188.0
2025-02-22 19:00:00,2025-02-22,19,Weekend,None,2,baseline_lag24,9189.0,8309.0
2025-02-22 19:00:00,2025-02-22,19,Weekend,None,2,hist_gradient_boosting_24h,9189.0,8974.95170088512
2025-02-22 19:00:00,2025-02-22,19,Weekend,None,2,hist_gradient_boosting_lag1,9189.0,9702.778512512354
2025-02-22 20:00:00,2025-02-22,20,Weekend,None,2,baseline_lag1,7129.0,9189.0
2025-02-22 20:00:00,2025-02-22,20,Weekend,None,2,baseline_lag168,7129.0,8078.0
2025-02-22 20:00:00,2025-02-22,20,Weekend,None,2,baseline_lag24,7129.0,7514.0
2025-02-22 20:00:00,2025-02-22,20,Weekend,None,2,hist_gradient_boosting_24h,7129.0,7786.083124575129
2025-02-22 20:00:00,2025-02-22,20,Weekend,None,2,hist_gradient_boosting_lag1,7129.0,8753.02816303182
2025-02-22 21:00:00,2025-02-22,21,Weekend,None,2,baseline_lag1,7296.0,7129.0
2025-02-22 21:00:00,2025-02-22,21,Weekend,None,2,baseline_lag168,7296.0,8175.0
2025-02-22 21:00:00,2025-02-22,21,Weekend,None,2,baseline_lag24,7296.0,7656.0
2025-02-22 21:00:00,2025-02-22,21,Weekend,None,2,hist_gradient_boosting_24h,7296.0,8136.659334125452
2025-02-22 21:00:00,2025-02-22,21,Weekend,None,2,hist_gradient_boosting_lag1,7296.0,8278.49325695442
2025-02-22 22:00:00,2025-02-22,22,Weekend,None,2,baseline_lag1,9154.0,7296.0
2025-02-22 22:00:00,2025-02-22,22,Weekend,None,2,baseline_lag168,9154.0,9314.0
2025-02-22 22:00:00,2025-02-22,22,Weekend,None,2,baseline_lag24,9154.0,7967.0
2025-02-22 22:00:00,2025-02-22,22,Weekend,None,2,hist_gradient_boosting_24h,9154.0,9354.901891625625
2025-02-22 22:00:00,2025-02-22,22,Weekend,None,2,hist_gradient_boosting_lag1,9154.0,9041.524175937415
2025-02-22 23:00:00,2025-02-22,23,Weekend,None,2,baseline_lag1,9254.0,9154.0
2025-02-22 23:00:00,2025-02-22,23,Weekend,None,2,baseline_lag168,9254.0,8976.0
2025-02-22 23:00:00,2025-02-22,23,Weekend,None,2,baseline_lag24,9254.0,8279.0
2025-02-22 23:00:00,2025-02-22,23,Weekend,None,2,hist_gradient_boosting_24h,9254.0,9220.336591033098
2025-02-22 23:00:00,2025-02-22,23,Weekend,None,2,hist_gradient_boosting_lag1,9254.0,10086.662828234645
2025-02-23 00:00:00,2025-02-23,0,Weekend,None,2,baseline_lag1,8368.0,9254.0
2025-02-23 00:00:00,2025-02-23,0,Weekend,None,2,baseline_lag168,8368.0,7356.0
2025-02-23 00:00:00,2025-02-23,0,Weekend,None,2,baseline_lag24,8368.0,7231.0
2025-02-23 00:00:00,2025-02-23,0,Weekend,None,2,hist_gradient_boosting_24h,8368.0,7599.016485359493
2025-02-23 00:00:00,2025-02-23,0,Weekend,None,2,hist_gradient_boosting_lag1,8368.0,8152.067099111553
2025-02-23 01:00:00,2025-02-23,1,Weekend,None,2,baseline_lag1,6761.0,8368.0
2025-02-23 01:00:00,2025-02-23,1,Weekend,None,2,baseline_lag168,6761.0,5596.0
2025-02-23 01:00:00,2025-02-23,1,Weekend,None,2,baseline_lag24,6761.0,5750.0
2025-02-23 01:00:00,2025-02-23,1,Weekend,None,2,hist_gradient_boosting_24h,6761.0,6648.814033065854
2025-02-23 01:00:00,2025-02-23,1,Weekend,None,2,hist_gradient_boosting_lag1,6761.0,6566.610561216512
2025-02-23 02:00:00,2025-02-23,2,Weekend,None,2,baseline_lag1,4837.0,6761.0
2025-02-23 02:00:00,2025-02-23,2,Weekend,None,2,baseline_lag168,4837.0,4165.0
2025-02-23 02:00:00,2025-02-23,2,Weekend,None,2,baseline_lag24,4837.0,4172.0
2025-02-23 02:00:00,2025-02-23,2,Weekend,None,2,hist_gradient_boosting_24h,4837.0,4778.487604591506
2025-02-23 02:00:00,2025-02-23,2,Weekend,None,2,hist_gradient_boosting_lag1,4837.0,5198.442993190042
2025-02-23 03:00:00,2025-02-23,3,Weekend,None,2,baseline_lag1,3258.0,4837.0
2025-02-23 03:00:00,2025-02-23,3,Weekend,None,2,baseline_lag168,3258.0,2666.0
2025-02-23 03:00:00,2025-02-23,3,Weekend,None,2,baseline_lag24,3258.0,2496.0
2025-02-23 03:00:00,2025-02-23,3,Weekend,None,2,hist_gradient_boosting_24h,3258.0,2820.826193424728
2025-02-23 03:00:00,2025-02-23,3,Weekend,None,2,hist_gradient_boosting_lag1,3258.0,3041.932572312732
2025-02-23 04:00:00,2025-02-23,4,Weekend,None,2,baseline_lag1,1946.0,3258.0
2025-02-23 04:00:00,2025-02-23,4,Weekend,None,2,baseline_lag168,1946.0,1619.0
2025-02-23 04:00:00,2025-02-23,4,Weekend,None,2,baseline_lag24,1946.0,1444.0
2025-02-23 04:00:00,2025-02-23,4,Weekend,None,2,hist_gradient_boosting_24h,1946.0,1744.206377111223
2025-02-23 04:00:00,2025-02-23,4,Weekend,None,2,hist_gradient_boosting_lag1,1946.0,1784.2520781030548
2025-02-23 05:00:00,2025-02-23,5,Weekend,None,2,baseline_lag1,813.0,1946.0
2025-02-23 05:00:00,2025-02-23,5,Weekend,None,2,baseline_lag168,813.0,717.0
2025-02-23 05:00:00,2025-02-23,5,Weekend,None,2,baseline_lag24,813.0,684.0
2025-02-23 05:00:00,2025-02-23,5,Weekend,None,2,hist_gradient_boosting_24h,813.0,775.0533006523277
2025-02-23 05:00:00,2025-02-23,5,Weekend,None,2,hist_gradient_boosting_lag1,813.0,869.3309013053207
2025-02-23 06:00:00,2025-02-23,6,Weekend,None,2,baseline_lag1,1066.0,813.0
2025-02-23 06:00:00,2025-02-23,6,Weekend,None,2,baseline_lag168,1066.0,903.0
2025-02-23 06:00:00,2025-02-23,6,Weekend,None,2,baseline_lag24,1066.0,969.0
2025-02-23 06:00:00,2025-02-23,6,Weekend,None,2,hist_gradient_boosting_24h,1066.0,1070.3796487799293
2025-02-23 06:00:00,2025-02-23,6,Weekend,None,2,hist_gradient_boosting_lag1,1066.0,1052.4481688968285
2025-02-23 07:00:00,2025-02-23,7,Weekend,None,2,baseline_lag1,1334.0,1066.0
2025-02-23 07:00:00,2025-02-23,7,Weekend,None,2,baseline_lag168,1334.0,1280.0
2025-02-23 07:00:00,2025-02-23,7,Weekend,None,2,baseline_lag24,1334.0,1378.0
2025-02-23 07:00:00,2025-02-23,7,Weekend,None,2,hist_gradient_boosting_24h,1334.0,1453.624860835221
2025-02-23 07:00:00,2025-02-23,7,Weekend,None,2,hist_gradient_boosting_lag1,1334.0,1281.5177467044011
2025-02-23 08:00:00,2025-02-23,8,Weekend,None,2,baseline_lag1,1979.0,1334.0
2025-02-23 08:00:00,2025-02-23,8,Weekend,None,2,baseline_lag168,1979.0,1624.0
2025-02-23 08:00:00,2025-02-23,8,Weekend,None,2,baseline_lag24,1979.0,2283.0
2025-02-23 08:00:00,2025-02-23,8,Weekend,None,2,hist_gradient_boosting_24h,1979.0,1847.6892157779623
2025-02-23 08:00:00,2025-02-23,8,Weekend,None,2,hist_gradient_boosting_lag1,1979.0,1978.7272912926185
2025-02-23 09:00:00,2025-02-23,9,Weekend,None,2,baseline_lag1,3121.0,1979.0
2025-02-23 09:00:00,2025-02-23,9,Weekend,None,2,baseline_lag168,3121.0,2818.0
2025-02-23 09:00:00,2025-02-23,9,Weekend,None,2,baseline_lag24,3121.0,3654.0
2025-02-23 09:00:00,2025-02-23,9,Weekend,None,2,hist_gradient_boosting_24h,3121.0,2955.35018724593
2025-02-23 09:00:00,2025-02-23,9,Weekend,None,2,hist_gradient_boosting_lag1,3121.0,3111.4476933594165
2025-02-23 10:00:00,2025-02-23,10,Weekend,None,2,baseline_lag1,4354.0,3121.0
2025-02-23 10:00:00,2025-02-23,10,Weekend,None,2,baseline_lag168,4354.0,4601.0
2025-02-23 10:00:00,2025-02-23,10,Weekend,None,2,baseline_lag24,4354.0,4680.0
2025-02-23 10:00:00,2025-02-23,10,Weekend,None,2,hist_gradient_boosting_24h,4354.0,4565.113220595025
2025-02-23 10:00:00,2025-02-23,10,Weekend,None,2,hist_gradient_boosting_lag1,4354.0,4584.446934945982
2025-02-23 11:00:00,2025-02-23,11,Weekend,None,2,baseline_lag1,5331.0,4354.0
2025-02-23 11:00:00,2025-02-23,11,Weekend,None,2,baseline_lag168,5331.0,4973.0
2025-02-23 11:00:00,2025-02-23,11,Weekend,None,2,baseline_lag24,5331.0,5235.0
2025-02-23 11:00:00,2025-02-23,11,Weekend,None,2,hist_gradient_boosting_24h,5331.0,5085.3805737804005
2025-02-23 11:00:00,2025-02-23,11,Weekend,None,2,hist_gradient_boosting_lag1,5331.0,5204.1770003463935
2025-02-23 12:00:00,2025-02-23,12,Weekend,None,2,baseline_lag1,5611.0,5331.0
2025-02-23 12:00:00,2025-02-23,12,Weekend,None,2,baseline_lag168,5611.0,7042.0
2025-02-23 12:00:00,2025-02-23,12,Weekend,None,2,baseline_lag24,5611.0,5986.0
2025-02-23 12:00:00,2025-02-23,12,Weekend,None,2,hist_gradient_boosting_24h,5611.0,6104.054445395429
2025-02-23 12:00:00,2025-02-23,12,Weekend,None,2,hist_gradient_boosting_lag1,5611.0,6114.793953521743
2025-02-23 13:00:00,2025-02-23,13,Weekend,None,2,baseline_lag1,5770.0,5611.0
2025-02-23 13:00:00,2025-02-23,13,Weekend,None,2,baseline_lag168,5770.0,7157.0
2025-02-23 13:00:00,2025-02-23,13,Weekend,None,2,baseline_lag24,5770.0,6351.0
2025-02-23 13:00:00,2025-02-23,13,Weekend,None,2,hist_gradient_boosting_24h,5770.0,5939.848277000372
2025-02-23 13:00:00,2025-02-23,13,Weekend,None,2,hist_gradient_boosting_lag1,5770.0,6127.088151739328
2025-02-23 14:00:00,2025-02-23,14,Weekend,None,2,baseline_lag1,6212.0,5770.0
2025-02-23 14:00:00,2025-02-23,14,Weekend,None,2,baseline_lag168,6212.0,5597.0
2025-02-23 14:00:00,2025-02-23,14,Weekend,None,2,baseline_lag24,6212.0,6304.0
2025-02-23 14:00:00,2025-02-23,14,Weekend,None,2,hist_gradient_boosting_24h,6212.0,6704.555649933888
2025-02-23 14:00:00,2025-02-23,14,Weekend,None,2,hist_gradient_boosting_lag1,6212.0,6243.497854400371
2025-02-23 15:00:00,2025-02-23,15,Weekend,None,2,baseline_lag1,6020.0,6212.0
2025-02-23 15:00:00,2025-02-23,15,Weekend,None,2,baseline_lag168,6020.0,5002.0
2025-02-23 15:00:00,2025-02-23,15,Weekend,None,2,baseline_lag24,6020.0,6516.0
2025-02-23 15:00:00,2025-02-23,15,Weekend,None,2,hist_gradient_boosting_24h,6020.0,6272.537843478026
2025-02-23 15:00:00,2025-02-23,15,Weekend,None,2,hist_gradient_boosting_lag1,6020.0,5925.952919951936
2025-02-23 16:00:00,2025-02-23,16,Weekend,None,2,baseline_lag1,6095.0,6020.0
2025-02-23 16:00:00,2025-02-23,16,Weekend,None,2,baseline_lag168,6095.0,5341.0
2025-02-23 16:00:00,2025-02-23,16,Weekend,None,2,baseline_lag24,6095.0,7404.0
2025-02-23 16:00:00,2025-02-23,16,Weekend,None,2,hist_gradient_boosting_24h,6095.0,6421.160333811245
2025-02-23 16:00:00,2025-02-23,16,Weekend,None,2,hist_gradient_boosting_lag1,6095.0,5918.370202362942
2025-02-23 17:00:00,2025-02-23,17,Weekend,None,2,baseline_lag1,5736.0,6095.0
2025-02-23 17:00:00,2025-02-23,17,Weekend,None,2,baseline_lag168,5736.0,6987.0
2025-02-23 17:00:00,2025-02-23,17,Weekend,None,2,baseline_lag24,5736.0,7526.0
2025-02-23 17:00:00,2025-02-23,17,Weekend,None,2,hist_gradient_boosting_24h,5736.0,6856.524534992932
2025-02-23 17:00:00,2025-02-23,17,Weekend,None,2,hist_gradient_boosting_lag1,5736.0,6440.381614194305
2025-02-23 18:00:00,2025-02-23,18,Weekend,None,2,baseline_lag1,5610.0,5736.0
2025-02-23 18:00:00,2025-02-23,18,Weekend,None,2,baseline_lag168,5610.0,6434.0
2025-02-23 18:00:00,2025-02-23,18,Weekend,None,2,baseline_lag24,5610.0,8848.0
2025-02-23 18:00:00,2025-02-23,18,Weekend,None,2,hist_gradient_boosting_24h,5610.0,5241.2044771394885
2025-02-23 18:00:00,2025-02-23,18,Weekend,None,2,hist_gradient_boosting_lag1,5610.0,5147.976234213192
2025-02-23 19:00:00,2025-02-23,19,Weekend,None,2,baseline_lag1,4512.0,5610.0
2025-02-23 19:00:00,2025-02-23,19,Weekend,None,2,baseline_lag168,4512.0,5244.0
2025-02-23 19:00:00,2025-02-23,19,Weekend,None,2,baseline_lag24,4512.0,9189.0
2025-02-23 19:00:00,2025-02-23,19,Weekend,None,2,hist_gradient_boosting_24h,4512.0,5209.440431065019
2025-02-23 19:00:00,2025-02-23,19,Weekend,None,2,hist_gradient_boosting_lag1,4512.0,4939.460516872494
2025-02-23 20:00:00,2025-02-23,20,Weekend,None,2,baseline_lag1,4086.0,4512.0
2025-02-23 20:00:00,2025-02-23,20,Weekend,None,2,baseline_lag168,4086.0,4459.0
2025-02-23 20:00:00,2025-02-23,20,Weekend,None,2,baseline_lag24,4086.0,7129.0
2025-02-23 20:00:00,2025-02-23,20,Weekend,None,2,hist_gradient_boosting_24h,4086.0,5199.30460829203
2025-02-23 20:00:00,2025-02-23,20,Weekend,None,2,hist_gradient_boosting_lag1,4086.0,4399.647722098432
2025-02-23 21:00:00,2025-02-23,21,Weekend,None,2,baseline_lag1,3600.0,4086.0
2025-02-23 21:00:00,2025-02-23,21,Weekend,None,2,baseline_lag168,3600.0,4405.0
2025-02-23 21:00:00,2025-02-23,21,Weekend,None,2,baseline_lag24,3600.0,7296.0
2025-02-23 21:00:00,2025-02-23,21,Weekend,None,2,hist_gradient_boosting_24h,3600.0,4991.9175809122
2025-02-23 21:00:00,2025-02-23,21,Weekend,None,2,hist_gradient_boosting_lag1,3600.0,4444.1503628063
2025-02-23 22:00:00,2025-02-23,22,Weekend,None,2,baseline_lag1,2802.0,3600.0
2025-02-23 22:00:00,2025-02-23,22,Weekend,None,2,baseline_lag168,2802.0,4317.0
2025-02-23 22:00:00,2025-02-23,22,Weekend,None,2,baseline_lag24,2802.0,9154.0
2025-02-23 22:00:00,2025-02-23,22,Weekend,None,2,hist_gradient_boosting_24h,2802.0,4046.5096653885034
2025-02-23 22:00:00,2025-02-23,22,Weekend,None,2,hist_gradient_boosting_lag1,2802.0,3365.8129104945733
2025-02-23 23:00:00,2025-02-23,23,Weekend,None,2,baseline_lag1,2040.0,2802.0
2025-02-23 23:00:00,2025-02-23,23,Weekend,None,2,baseline_lag168,2040.0,4021.0
2025-02-23 23:00:00,2025-02-23,23,Weekend,None,2,baseline_lag24,2040.0,9254.0
2025-02-23 23:00:00,2025-02-23,23,Weekend,None,2,hist_gradient_boosting_24h,2040.0,4375.511619803738
2025-02-23 23:00:00,2025-02-23,23,Weekend,None,2,hist_gradient_boosting_lag1,2040.0,3015.927255973858
2025-03-03 00:00:00,2025-03-03,0,Weekday,None,3,baseline_lag1,1396.0,3498.0
2025-03-03 00:00:00,2025-03-03,0,Weekday,None,3,baseline_lag168,1396.0,1074.0
2025-03-03 00:00:00,2025-03-03,0,Weekday,None,3,baseline_lag24,1396.0,9043.0
2025-03-03 00:00:00,2025-03-03,0,Weekday,None,3,hist_gradient_boosting_24h,1396.0,1417.9203678728848
2025-03-03 00:00:00,2025-03-03,0,Weekday,None,3,hist_gradient_boosting_lag1,1396.0,1543.6603756503898
2025-03-03 01:00:00,2025-03-03,1,Weekday,None,3,baseline_lag1,468.0,1396.0
2025-03-03 01:00:00,2025-03-03,1,Weekday,None,3,baseline_lag168,468.0,415.0
2025-03-03 01:00:00,2025-03-03,1,Weekday,None,3,baseline_lag24,468.0,6975.0
2025-03-03 01:00:00,2025-03-03,1,Weekday,None,3,hist_gradient_boosting_24h,468.0,990.0382153038661
2025-03-03 01:00:00,2025-03-03,1,Weekday,None,3,hist_gradient_boosting_lag1,468.0,575.6512497351761
2025-03-03 02:00:00,2025-03-03,2,Weekday,None,3,baseline_lag1,232.0,468.0
2025-03-03 02:00:00,2025-03-03,2,Weekday,None,3,baseline_lag168,232.0,254.0
2025-03-03 02:00:00,2025-03-03,2,Weekday,None,3,baseline_lag24,232.0,4784.0
2025-03-03 02:00:00,2025-03-03,2,Weekday,None,3,hist_gradient_boosting_24h,232.0,334.78434769788504
2025-03-03 02:00:00,2025-03-03,2,Weekday,None,3,hist_gradient_boosting_lag1,232.0,279.9789650397813
2025-03-03 03:00:00,2025-03-03,3,Weekday,None,3,baseline_lag1,214.0,232.0
2025-03-03 03:00:00,2025-03-03,3,Weekday,None,3,baseline_lag168,214.0,224.0
2025-03-03 03:00:00,2025-03-03,3,Weekday,None,3,baseline_lag24,214.0,3087.0
2025-03-03 03:00:00,2025-03-03,3,Weekday,None,3,hist_gradient_boosting_24h,214.0,390.24711573781883
2025-03-03 03:00:00,2025-03-03,3,Weekday,None,3,hist_gradient_boosting_lag1,214.0,232.41704840884802
2025-03-03 04:00:00,2025-03-03,4,Weekday,None,3,baseline_lag1,448.0,214.0
2025-03-03 04:00:00,2025-03-03,4,Weekday,None,3,baseline_lag168,448.0,340.0
2025-03-03 04:00:00,2025-03-03,4,Weekday,None,3,baseline_lag24,448.0,2050.0
2025-03-03 04:00:00,2025-03-03,4,Weekday,None,3,hist_gradient_boosting_24h,448.0,494.57483193380324
2025-03-03 04:00:00,2025-03-03,4,Weekday,None,3,hist_gradient_boosting_lag1,448.0,296.6338713895328
2025-03-03 05:00:00,2025-03-03,5,Weekday,None,3,baseline_lag1,920.0,448.0
2025-03-03 05:00:00,2025-03-03,5,Weekday,None,3,baseline_lag168,920.0,712.0
2025-03-03 05:00:00,2025-03-03,5,Weekday,None,3,baseline_lag24,920.0,988.0
2025-03-03 05:00:00,2025-03-03,5,Weekday,None,3,hist_gradient_boosting_24h,920.0,821.5192318835208
2025-03-03 05:00:00,2025-03-03,5,Weekday,None,3,hist_gradient_boosting_lag1,920.0,879.4122798856004
2025-03-03 06:00:00,2025-03-03,6,Weekday,None,3,baseline_lag1,2010.0,920.0
2025-03-03 06:00:00,2025-03-03,6,Weekday,None,3,baseline_lag168,2010.0,1936.0
2025-03-03 06:00:00,2025-03-03,6,Weekday,None,3,baseline_lag24,2010.0,1082.0
2025-03-03 06:00:00,2025-03-03,6,Weekday,None,3,hist_gradient_boosting_24h,2010.0,2037.0160132667122
2025-03-03 06:00:00,2025-03-03,6,Weekday,None,3,hist_gradient_boosting_lag1,2010.0,1933.849577710193
2025-03-03 07:00:00,2025-03-03,7,Weekday,None,3,baseline_lag1,4502.0,2010.0
2025-03-03 07:00:00,2025-03-03,7,Weekday,None,3,baseline_lag168,4502.0,4187.0
2025-03-03 07:00:00,2025-03-03,7,Weekday,None,3,baseline_lag24,4502.0,1507.0
2025-03-03 07:00:00,2025-03-03,7,Weekday,None,3,hist_gradient_boosting_24h,4502.0,4018.5755738919697
2025-03-03 07:00:00,2025-03-03,7,Weekday,None,3,hist_gradient_boosting_lag1,4502.0,3886.8555475787907
2025-03-03 08:00:00,2025-03-03,8,Weekday,None,3,baseline_lag1,5901.0,4502.0
2025-03-03 08:00:00,2025-03-03,8,Weekday,None,3,baseline_lag168,5901.0,5329.0
2025-03-03 08:00:00,2025-03-03,8,Weekday,None,3,baseline_lag24,5901.0,2425.0
2025-03-03 08:00:00,2025-03-03,8,Weekday,None,3,hist_gradient_boosting_24h,5901.0,4886.387589280861
2025-03-03 08:00:00,2025-03-03,8,Weekday,None,3,hist_gradient_boosting_lag1,5901.0,5938.052784331664
2025-03-03 09:00:00,2025-03-03,9,Weekday,None,3,baseline_lag1,5410.0,5901.0
2025-03-03 09:00:00,2025-03-03,9,Weekday,None,3,baseline_lag168,5410.0,4710.0
2025-03-03 09:00:00,2025-03-03,9,Weekday,None,3,baseline_lag24,5410.0,3585.0
2025-03-03 09:00:00,2025-03-03,9,Weekday,None,3,hist_gradient_boosting_24h,5410.0,4774.402223543252
2025-03-03 09:00:00,2025-03-03,9,Weekday,None,3,hist_gradient_boosting_lag1,5410.0,5400.0669028703105
2025-03-03 10:00:00,2025-03-03,10,Weekday,None,3,baseline_lag1,5001.0,5410.0
2025-03-03 10:00:00,2025-03-03,10,Weekday,None,3,baseline_lag168,5001.0,4586.0
2025-03-03 10:00:00,2025-03-03,10,Weekday,None,3,baseline_lag24,5001.0,4749.0
2025-03-03 10:00:00,2025-03-03,10,Weekday,None,3,hist_gradient_boosting_24h,5001.0,4359.59366493367
2025-03-03 10:00:00,2025-03-03,10,Weekday,None,3,hist_gradient_boosting_lag1,5001.0,4811.233879398475
2025-03-03 11:00:00,2025-03-03,11,Weekday,None,3,baseline_lag1,5111.0,5001.0
2025-03-03 11:00:00,2025-03-03,11,Weekday,None,3,baseline_lag168,5111.0,4463.0
2025-03-03 11:00:00,2025-03-03,11,Weekday,None,3,baseline_lag24,5111.0,5491.0
2025-03-03 11:00:00,2025-03-03,11,Weekday,None,3,hist_gradient_boosting_24h,5111.0,4606.647220237172
2025-03-03 11:00:00,2025-03-03,11,Weekday,None,3,hist_gradient_boosting_lag1,5111.0,4877.598422294097
2025-03-03 12:00:00,2025-03-03,12,Weekday,None,3,baseline_lag1,5437.0,5111.0
2025-03-03 12:00:00,2025-03-03,12,Weekday,None,3,baseline_lag168,5437.0,4886.0
2025-03-03 12:00:00,2025-03-03,12,Weekday,None,3,baseline_lag24,5437.0,6120.0
2025-03-03 12:00:00,2025-03-03,12,Weekday,None,3,hist_gradient_boosting_24h,5437.0,4903.736677433787
2025-03-03 12:00:00,2025-03-03,12,Weekday,None,3,hist_gradient_boosting_lag1,5437.0,5213.839745459944
2025-03-03 13:00:00,2025-03-03,13,Weekday,None,3,baseline_lag1,5653.0,5437.0
2025-03-03 13:00:00,2025-03-03,13,Weekday,None,3,baseline_lag168,5653.0,5030.0
2025-03-03 13:00:00,2025-03-03,13,Weekday,None,3,baseline_lag24,5653.0,6529.0
2025-03-03 13:00:00,2025-03-03,13,Weekday,None,3,hist_gradient_boosting_24h,5653.0,5112.144855293552
2025-03-03 13:00:00,2025-03-03,13,Weekday,None,3,hist_gradient_boosting_lag1,5653.0,5228.165655549186
2025-03-03 14:00:00,2025-03-03,14,Weekday,None,3,baseline_lag1,6188.0,5653.0
2025-03-03 14:00:00,2025-03-03,14,Weekday,None,3,baseline_lag168,6188.0,5645.0
2025-03-03 14:00:00,2025-03-03,14,Weekday,None,3,baseline_lag24,6188.0,6702.0
2025-03-03 14:00:00,2025-03-03,14,Weekday,None,3,hist_gradient_boosting_24h,6188.0,5992.187607387223
2025-03-03 14:00:00,2025-03-03,14,Weekday,None,3,hist_gradient_boosting_lag1,6188.0,5759.81269036182
2025-03-03 15:00:00,2025-03-03,15,Weekday,None,3,baseline_lag1,6674.0,6188.0
2025-03-03 15:00:00,2025-03-03,15,Weekday,None,3,baseline_lag168,6674.0,6179.0
2025-03-03 15:00:00,2025-03-03,15,Weekday,None,3,baseline_lag24,6674.0,6466.0
2025-03-03 15:00:00,2025-03-03,15,Weekday,None,3,hist_gradient_boosting_24h,6674.0,6166.609178572551
2025-03-03 15:00:00,2025-03-03,15,Weekday,None,3,hist_gradient_boosting_lag1,6674.0,6239.5975633998805
2025-03-03 16:00:00,2025-03-03,16,Weekday,None,3,baseline_lag1,6519.0,6674.0
2025-03-03 16:00:00,2025-03-03,16,Weekday,None,3,baseline_lag168,6519.0,5789.0
2025-03-03 16:00:00,2025-03-03,16,Weekday,None,3,baseline_lag24,6519.0,7273.0
2025-03-03 16:00:00,2025-03-03,16,Weekday,None,3,hist_gradient_boosting_24h,6519.0,5639.049455633668
2025-03-03 16:00:00,2025-03-03,16,Weekday,None,3,hist_gradient_boosting_lag1,6519.0,6197.38257578112
2025-03-03 17:00:00,2025-03-03,17,Weekday,None,3,baseline_lag1,7360.0,6519.0
2025-03-03 17:00:00,2025-03-03,17,Weekday,None,3,baseline_lag168,7360.0,6603.0
2025-03-03 17:00:00,2025-03-03,17,Weekday,None,3,baseline_lag24,7360.0,7511.0
2025-03-03 17:00:00,2025-03-03,17,Weekday,None,3,hist_gradient_boosting_24h,7360.0,6954.882700905094
2025-03-03 17:00:00,2025-03-03,17,Weekday,None,3,hist_gradient_boosting_lag1,7360.0,6928.94337125568
2025-03-03 18:00:00,2025-03-03,18,Weekday,None,3,baseline_lag1,7815.0,7360.0
2025-03-03 18:00:00,2025-03-03,18,Weekday,None,3,baseline_lag168,7815.0,6412.0
2025-03-03 18:00:00,2025-03-03,18,Weekday,None,3,baseline_lag24,7815.0,8495.0
2025-03-03 18:00:00,2025-03-03,18,Weekday,None,3,hist_gradient_boosting_24h,7815.0,6954.963575740903
2025-03-03 18:00:00,2025-03-03,18,Weekday,None,3,hist_gradient_boosting_lag1,7815.0,7382.708963695006
2025-03-03 19:00:00,2025-03-03,19,Weekday,None,3,baseline_lag1,6464.0,7815.0
2025-03-03 19:00:00,2025-03-03,19,Weekday,None,3,baseline_lag168,6464.0,5524.0
2025-03-03 19:00:00,2025-03-03,19,Weekday,None,3,baseline_lag24,6464.0,6792.0
2025-03-03 19:00:00,2025-03-03,19,Weekday,None,3,hist_gradient_boosting_24h,6464.0,5579.353285392768
2025-03-03 19:00:00,2025-03-03,19,Weekday,None,3,hist_gradient_boosting_lag1,6464.0,6252.700016850777
2025-03-03 20:00:00,2025-03-03,20,Weekday,None,3,baseline_lag1,6212.0,6464.0
2025-03-03 20:00:00,2025-03-03,20,Weekday,None,3,baseline_lag168,6212.0,5390.0
2025-03-03 20:00:00,2025-03-03,20,Weekday,None,3,baseline_lag24,6212.0,5363.0
2025-03-03 20:00:00,2025-03-03,20,Weekday,None,3,hist_gradient_boosting_24h,6212.0,4985.993993352756
2025-03-03 20:00:00,2025-03-03,20,Weekday,None,3,hist_gradient_boosting_lag1,6212.0,5650.136407010251
2025-03-03 21:00:00,2025-03-03,21,Weekday,None,3,baseline_lag1,6270.0,6212.0
2025-03-03 21:00:00,2025-03-03,21,Weekday,None,3,baseline_lag168,6270.0,4999.0
2025-03-03 21:00:00,2025-03-03,21,Weekday,None,3,baseline_lag24,6270.0,4891.0
2025-03-03 21:00:00,2025-03-03,21,Weekday,None,3,hist_gradient_boosting_24h,6270.0,4801.2028571978235
2025-03-03 21:00:00,2025-03-03,21,Weekday,None,3,hist_gradient_boosting_lag1,6270.0,5610.754192609999
2025-03-03 22:00:00,2025-03-03,22,Weekday,None,3,baseline_lag1,4195.0,6270.0
2025-03-03 22:00:00,2025-03-03,22,Weekday,None,3,baseline_lag168,4195.0,3471.0
2025-03-03 22:00:00,2025-03-03,22,Weekday,None,3,baseline_lag24,4195.0,3929.0
2025-03-03 22:00:00,2025-03-03,22,Weekday,None,3,hist_gradient_boosting_24h,4195.0,4004.2756549772207
2025-03-03 22:00:00,2025-03-03,22,Weekday,None,3,hist_gradient_boosting_lag1,4195.0,4635.916284588208
2025-03-03 23:00:00,2025-03-03,23,Weekday,None,3,baseline_lag1,2495.0,4195.0
2025-03-03 23:00:00,2025-03-03,23,Weekday,None,3,baseline_lag168,2495.0,2236.0
2025-03-03 23:00:00,2025-03-03,23,Weekday,None,3,baseline_lag24,2495.0,3498.0
2025-03-03 23:00:00,2025-03-03,23,Weekday,None,3,hist_gradient_boosting_24h,2495.0,2273.198333788829
2025-03-03 23:00:00,2025-03-03,23,Weekday,None,3,hist_gradient_boosting_lag1,2495.0,3004.122544959152
2025-03-04 00:00:00,2025-03-04,0,Weekday,None,3,baseline_lag1,1211.0,2495.0
2025-03-04 00:00:00,2025-03-04,0,Weekday,None,3,baseline_lag168,1211.0,1094.0
2025-03-04 00:00:00,2025-03-04,0,Weekday,None,3,baseline_lag24,1211.0,1396.0
2025-03-04 00:00:00,2025-03-04,0,Weekday,None,3,hist_gradient_boosting_24h,1211.0,1244.689528150871
2025-03-04 00:00:00,2025-03-04,0,Weekday,None,3,hist_gradient_boosting_lag1,1211.0,1409.4946345082822
2025-03-04 01:00:00,2025-03-04,1,Weekday,None,3,baseline_lag1,487.0,1211.0
2025-03-04 01:00:00,2025-03-04,1,Weekday,None,3,baseline_lag168,487.0,450.0
2025-03-04 01:00:00,2025-03-04,1,Weekday,None,3,baseline_lag24,487.0,468.0
2025-03-04 01:00:00,2025-03-04,1,Weekday,None,3,hist_gradient_boosting_24h,487.0,436.4324385979219
2025-03-04 01:00:00,2025-03-04,1,Weekday,None,3,hist_gradient_boosting_lag1,487.0,616.2369268605337
2025-03-04 02:00:00,2025-03-04,2,Weekday,None,3,baseline_lag1,264.0,487.0
2025-03-04 02:00:00,2025-03-04,2,Weekday,None,3,baseline_lag168,264.0,228.0
2025-03-04 02:00:00,2025-03-04,2,Weekday,None,3,baseline_lag24,264.0,232.0
2025-03-04 02:00:00,2025-03-04,2,Weekday,None,3,hist_gradient_boosting_24h,264.0,244.15945874513466
2025-03-04 02:00:00,2025-03-04,2,Weekday,None,3,hist_gradient_boosting_lag1,264.0,243.53379931244268
2025-03-04 03:00:00,2025-03-04,3,Weekday,None,3,baseline_lag1,202.0,264.0
2025-03-04 03:00:00,2025-03-04,3,Weekday,None,3,baseline_lag168,202.0,175.0
2025-03-04 03:00:00,2025-03-04,3,Weekday,None,3,baseline_lag24,202.0,214.0
2025-03-04 03:00:00,2025-03-04,3,Weekday,None,3,hist_gradient_boosting_24h,202.0,167.9092272985919
2025-03-04 03:00:00,2025-03-04,3,Weekday,None,3,hist_gradient_boosting_lag1,202.0,194.78174085989576
2025-03-04 04:00:00,2025-03-04,4,Weekday,None,3,baseline_lag1,308.0,202.0
2025-03-04 04:00:00,2025-03-04,4,Weekday,None,3,baseline_lag168,308.0,237.0
2025-03-04 04:00:00,2025-03-04,4,Weekday,None,3,baseline_lag24,308.0,448.0
2025-03-04 04:00:00,2025-03-04,4,Weekday,None,3,hist_gradient_boosting_24h,308.0,237.19982987414178
2025-03-04 04:00:00,2025-03-04,4,Weekday,None,3,hist_gradient_boosting_lag1,308.0,268.5005371321838
2025-03-04 05:00:00,2025-03-04,5,Weekday,None,3,baseline_lag1,747.0,308.0
2025-03-04 05:00:00,2025-03-04,5,Weekday,None,3,baseline_lag168,747.0,692.0
2025-03-04 05:00:00,2025-03-04,5,Weekday,None,3,baseline_lag24,747.0,920.0
2025-03-04 05:00:00,2025-03-04,5,Weekday,None,3,hist_gradient_boosting_24h,747.0,795.8907255619583
2025-03-04 05:00:00,2025-03-04,5,Weekday,None,3,hist_gradient_boosting_lag1,747.0,754.104784391679
2025-03-04 06:00:00,2025-03-04,6,Weekday,None,3,baseline_lag1,1943.0,747.0
2025-03-04 06:00:00,2025-03-04,6,Weekday,None,3,baseline_lag168,1943.0,1885.0
2025-03-04 06:00:00,2025-03-04,6,Weekday,None,3,baseline_lag24,1943.0,2010.0
2025-03-04 06:00:00,2025-03-04,6,Weekday,None,3,hist_gradient_boosting_24h,1943.0,2032.4220757515334
2025-03-04 06:00:00,2025-03-04,6,Weekday,None,3,hist_gradient_boosting_lag1,1943.0,1976.4859287021334
2025-03-04 07:00:00,2025-03-04,7,Weekday,None,3,baseline_lag1,4523.0,1943.0
2025-03-04 07:00:00,2025-03-04,7,Weekday,None,3,baseline_lag168,4523.0,4291.0
2025-03-04 07:00:00,2025-03-04,7,Weekday,None,3,baseline_lag24,4523.0,4502.0
2025-03-04 07:00:00,2025-03-04,7,Weekday,None,3,hist_gradient_boosting_24h,4523.0,4662.17098117986
2025-03-04 07:00:00,2025-03-04,7,Weekday,None,3,hist_gradient_boosting_lag1,4523.0,4424.359887469611
2025-03-04 08:00:00,2025-03-04,8,Weekday,None,3,baseline_lag1,6321.0,4523.0
2025-03-04 08:00:00,2025-03-04,8,Weekday,None,3,baseline_lag168,6321.0,5953.0
2025-03-04 08:00:00,2025-03-04,8,Weekday,None,3,baseline_lag24,6321.0,5901.0
2025-03-04 08:00:00,2025-03-04,8,Weekday,None,3,hist_gradient_boosting_24h,6321.0,6499.60231028769
2025-03-04 08:00:00,2025-03-04,8,Weekday,None,3,hist_gradient_boosting_lag1,6321.0,6488.860720119836
2025-03-04 09:00:00,2025-03-04,9,Weekday,None,3,baseline_lag1,6008.0,6321.0
2025-03-04 09:00:00,2025-03-04,9,Weekday,None,3,baseline_lag168,6008.0,5475.0
2025-03-04 09:00:00,2025-03-04,9,Weekday,None,3,baseline_lag24,6008.0,5410.0
2025-03-04 09:00:00,2025-03-04,9,Weekday,None,3,hist_gradient_boosting_24h,6008.0,5797.566958764775
2025-03-04 09:00:00,2025-03-04,9,Weekday,None,3,hist_gradient_boosting_lag1,6008.0,5679.203220350946
2025-03-04 10:00:00,2025-03-04,10,Weekday,None,3,baseline_lag1,5377.0,6008.0
2025-03-04 10:00:00,2025-03-04,10,Weekday,None,3,baseline_lag168,5377.0,5005.0
2025-03-04 10:00:00,2025-03-04,10,Weekday,None,3,baseline_lag24,5377.0,5001.0
2025-03-04 10:00:00,2025-03-04,10,Weekday,None,3,hist_gradient_boosting_24h,5377.0,5117.022599060724
2025-03-04 10:00:00,2025-03-04,10,Weekday,None,3,hist_gradient_boosting_lag1,5377.0,5659.525784029362
2025-03-04 11:00:00,2025-03-04,11,Weekday,None,3,baseline_lag1,5316.0,5377.0
2025-03-04 11:00:00,2025-03-04,11,Weekday,None,3,baseline_lag168,5316.0,5018.0
2025-03-04 11:00:00,2025-03-04,11,Weekday,None,3,baseline_lag24,5316.0,5111.0
2025-03-04 11:00:00,2025-03-04,11,Weekday,None,3,hist_gradient_boosting_24h,5316.0,5263.672460329264
2025-03-04 11:00:00,2025-03-04,11,Weekday,None,3,hist_gradient_boosting_lag1,5316.0,5410.126008227759
2025-03-04 12:00:00,2025-03-04,12,Weekday,None,3,baseline_lag1,5673.0,5316.0
2025-03-04 12:00:00,2025-03-04,12,Weekday,None,3,baseline_lag168,5673.0,5378.0
2025-03-04 12:00:00,2025-03-04,12,Weekday,None,3,baseline_lag24,5673.0,5437.0
2025-03-04 12:00:00,2025-03-04,12,Weekday,None,3,hist_gradient_boosting_24h,5673.0,5565.816900159261
2025-03-04 12:00:00,2025-03-04,12,Weekday,None,3,hist_gradient_boosting_lag1,5673.0,5560.0555173686525
2025-03-04 13:00:00,2025-03-04,13,Weekday,None,3,baseline_lag1,6028.0,5673.0
2025-03-04 13:00:00,2025-03-04,13,Weekday,None,3,baseline_lag168,6028.0,5796.0
2025-03-04 13:00:00,2025-03-04,13,Weekday,None,3,baseline_lag24,6028.0,5653.0
2025-03-04 13:00:00,2025-03-04,13,Weekday,None,3,hist_gradient_boosting_24h,6028.0,5811.09007368319
2025-03-04 13:00:00,2025-03-04,13,Weekday,None,3,hist_gradient_boosting_lag1,6028.0,5998.48283054119
2025-03-04 14:00:00,2025-03-04,14,Weekday,None,3,baseline_lag1,6541.0,6028.0
2025-03-04 14:00:00,2025-03-04,14,Weekday,None,3,baseline_lag168,6541.0,6299.0
2025-03-04 14:00:00,2025-03-04,14,Weekday,None,3,baseline_lag24,6541.0,6188.0
2025-03-04 14:00:00,2025-03-04,14,Weekday,None,3,hist_gradient_boosting_24h,6541.0,6573.373294626112
2025-03-04 14:00:00,2025-03-04,14,Weekday,None,3,hist_gradient_boosting_lag1,6541.0,6708.042925390484
2025-03-04 15:00:00,2025-03-04,15,Weekday,None,3,baseline_lag1,6953.0,6541.0
2025-03-04 15:00:00,2025-03-04,15,Weekday,None,3,baseline_lag168,6953.0,6768.0
2025-03-04 15:00:00,2025-03-04,15,Weekday,None,3,baseline_lag24,6953.0,6674.0
2025-03-04 15:00:00,2025-03-04,15,Weekday,None,3,hist_gradient_boosting_24h,6953.0,6969.356861610018
2025-03-04 15:00:00,2025-03-04,15,Weekday,None,3,hist_gradient_boosting_lag1,6953.0,7044.26239517033
2025-03-04 16:00:00,2025-03-04,16,Weekday,None,3,baseline_lag1,6900.0,6953.0
2025-03-04 16:00:00,2025-03-04,16,Weekday,None,3,baseline_lag168,6900.0,6463.0
2025-03-04 16:00:00,2025-03-04,16,Weekday,None,3,baseline_lag24,6900.0,6519.0
2025-03-04 16:00:00,2025-03-04,16,Weekday,None,3,hist_gradient_boosting_24h,6900.0,7322.6799503885495
2025-03-04 16:00:00,2025-03-04,16,Weekday,None,3,hist_gradient_boosting_lag1,6900.0,7005.1890812366255
2025-03-04 17:00:00,2025-03-04,17,Weekday,None,3,baseline_lag1,7798.0,6900.0
2025-03-04 17:00:00,2025-03-04,17,Weekday,None,3,baseline_lag168,7798.0,8124.0
2025-03-04 17:00:00,2025-03-04,17,Weekday,None,3,baseline_lag24,7798.0,7360.0
2025-03-04 17:00:00,2025-03-04,17,Weekday,None,3,hist_gradient_boosting_24h,7798.0,7919.34894120713
2025-03-04 17:00:00,2025-03-04,17,Weekday,None,3,hist_gradient_boosting_lag1,7798.0,7956.231058769036
2025-03-04 18:00:00,2025-03-04,18,Weekday,None,3,baseline_lag1,8968.0,7798.0
2025-03-04 18:00:00,2025-03-04,18,Weekday,None,3,baseline_lag168,8968.0,8260.0
2025-03-04 18:00:00,2025-03-04,18,Weekday,None,3,baseline_lag24,8968.0,7815.0
2025-03-04 18:00:00,2025-03-04,18,Weekday,None,3,hist_gradient_boosting_24h,8968.0,9404.780445367229
2025-03-04 18:00:00,2025-03-04,18,Weekday,None,3,hist_gradient_boosting_lag1,8968.0,8839.139921316148
2025-03-04 19:00:00,2025-03-04,19,Weekday,None,3,baseline_lag1,7769.0,8968.0
2025-03-04 19:00:00,2025-03-04,19,Weekday,None,3,baseline_lag168,7769.0,6806.0
2025-03-04 19:00:00,2025-03-04,19,Weekday,None,3,baseline_lag24,7769.0,6464.0
2025-03-04 19:00:00,2025-03-04,19,Weekday,None,3,hist_gradient_boosting_24h,7769.0,6972.669424058493
2025-03-04 19:00:00,2025-03-04,19,Weekday,None,3,hist_gradient_boosting_lag1,7769.0,7374.656603337287
2025-03-04 20:00:00,2025-03-04,20,Weekday,None,3,baseline_lag1,8252.0,7769.0
2025-03-04 20:00:00,2025-03-04,20,Weekday,None,3,baseline_lag168,8252.0,7086.0
2025-03-04 20:00:00,2025-03-04,20,Weekday,None,3,baseline_lag24,8252.0,6212.0
2025-03-04 20:00:00,2025-03-04,20,Weekday,None,3,hist_gradient_boosting_24h,8252.0,7170.18717386767
2025-03-04 20:00:00,2025-03-04,20,Weekday,None,3,hist_gradient_boosting_lag1,8252.0,7325.112734895155
2025-03-04 21:00:00,2025-03-04,21,Weekday,None,3,baseline_lag1,8358.0,8252.0
2025-03-04 21:00:00,2025-03-04,21,Weekday,None,3,baseline_lag168,8358.0,7588.0
2025-03-04 21:00:00,2025-03-04,21,Weekday,None,3,baseline_lag24,8358.0,6270.0
2025-03-04 21:00:00,2025-03-04,21,Weekday,None,3,hist_gradient_boosting_24h,8358.0,7589.334051112064
2025-03-04 21:00:00,2025-03-04,21,Weekday,None,3,hist_gradient_boosting_lag1,8358.0,7701.1122551367125
2025-03-04 22:00:00,2025-03-04,22,Weekday,None,3,baseline_lag1,6659.0,8358.0
2025-03-04 22:00:00,2025-03-04,22,Weekday,None,3,baseline_lag168,6659.0,5591.0
2025-03-04 22:00:00,2025-03-04,22,Weekday,None,3,baseline_lag24,6659.0,4195.0
2025-03-04 22:00:00,2025-03-04,22,Weekday,None,3,hist_gradient_boosting_24h,6659.0,5668.48480700977
2025-03-04 22:00:00,2025-03-04,22,Weekday,None,3,hist_gradient_boosting_lag1,6659.0,5763.434154640813
2025-03-04 23:00:00,2025-03-04,23,Weekday,None,3,baseline_lag1,3110.0,6659.0
2025-03-04 23:00:00,2025-03-04,23,Weekday,None,3,baseline_lag168,3110.0,2892.0
2025-03-04 23:00:00,2025-03-04,23,Weekday,None,3,baseline_lag24,3110.0,2495.0
2025-03-04 23:00:00,2025-03-04,23,Weekday,None,3,hist_gradient_boosting_24h,3110.0,3228.7738868373613
2025-03-04 23:00:00,2025-03-04,23,Weekday,None,3,hist_gradient_boosting_lag1,3110.0,3374.279085375803
2025-03-05 00:00:00,2025-03-05,0,Weekday,None,3,baseline_lag1,1463.0,3110.0
2025-03-05 00:00:00,2025-03-05,0,Weekday,None,3,baseline_lag168,1463.0,1293.0
2025-03-05 00:00:00,2025-03-05,0,Weekday,None,3,baseline_lag24,1463.0,1211.0
2025-03-05 00:00:00,2025-03-05,0,Weekday,None,3,hist_gradient_boosting_24h,1463.0,1192.0115448588547
2025-03-05 00:00:00,2025-03-05,0,Weekday,None,3,hist_gradient_boosting_lag1,1463.0,1340.200833366842
2025-03-05 01:00:00,2025-03-05,1,Weekday,None,3,baseline_lag1,678.0,1463.0
2025-03-05 01:00:00,2025-03-05,1,Weekday,None,3,baseline_lag168,678.0,537.0
2025-03-05 01:00:00,2025-03-05,1,Weekday,None,3,baseline_lag24,678.0,487.0
2025-03-05 01:00:00,2025-03-05,1,Weekday,None,3,hist_gradient_boosting_24h,678.0,677.0210714113304
2025-03-05 01:00:00,2025-03-05,1,Weekday,None,3,hist_gradient_boosting_lag1,678.0,583.9639929731015
2025-03-05 02:00:00,2025-03-05,2,Weekday,None,3,baseline_lag1,331.0,678.0
2025-03-05 02:00:00,2025-03-05,2,Weekday,None,3,baseline_lag168,331.0,305.0
2025-03-05 02:00:00,2025-03-05,2,Weekday,None,3,baseline_lag24,331.0,264.0
2025-03-05 02:00:00,2025-03-05,2,Weekday,None,3,hist_gradient_boosting_24h,331.0,179.7984250516927
2025-03-05 02:00:00,2025-03-05,2,Weekday,None,3,hist_gradient_boosting_lag1,331.0,372.84624988198453
2025-03-05 03:00:00,2025-03-05,3,Weekday,None,3,baseline_lag1,244.0,331.0
2025-03-05 03:00:00,2025-03-05,3,Weekday,None,3,baseline_lag168,244.0,207.0
2025-03-05 03:00:00,2025-03-05,3,Weekday,None,3,baseline_lag24,244.0,202.0
2025-03-05 03:00:00,2025-03-05,3,Weekday,None,3,hist_gradient_boosting_24h,244.0,137.0012267103818
2025-03-05 03:00:00,2025-03-05,3,Weekday,None,3,hist_gradient_boosting_lag1,244.0,259.25940022361385
2025-03-05 04:00:00,2025-03-05,4,Weekday,None,3,baseline_lag1,397.0,244.0
2025-03-05 04:00:00,2025-03-05,4,Weekday,None,3,baseline_lag168,397.0,299.0
2025-03-05 04:00:00,2025-03-05,4,Weekday,None,3,baseline_lag24,397.0,308.0
2025-03-05 04:00:00,2025-03-05,4,Weekday,None,3,hist_gradient_boosting_24h,397.0,183.85754048306666
2025-03-05 04:00:00,2025-03-05,4,Weekday,None,3,hist_gradient_boosting_lag1,397.0,311.1442956254692
2025-03-05 05:00:00,2025-03-05,5,Weekday,None,3,baseline_lag1,850.0,397.0
2025-03-05 05:00:00,2025-03-05,5,Weekday,None,3,baseline_lag168,850.0,682.0
2025-03-05 05:00:00,2025-03-05,5,Weekday,None,3,baseline_lag24,850.0,747.0
2025-03-05 05:00:00,2025-03-05,5,Weekday,None,3,hist_gradient_boosting_24h,850.0,721.2753224017865
2025-03-05 05:00:00,2025-03-05,5,Weekday,None,3,hist_gradient_boosting_lag1,850.0,768.664492609495
2025-03-05 06:00:00,2025-03-05,6,Weekday,None,3,baseline_lag1,2000.0,850.0
2025-03-05 06:00:00,2025-03-05,6,Weekday,None,3,baseline_lag168,2000.0,2147.0
2025-03-05 06:00:00,2025-03-05,6,Weekday,None,3,baseline_lag24,2000.0,1943.0
2025-03-05 06:00:00,2025-03-05,6,Weekday,None,3,hist_gradient_boosting_24h,2000.0,1566.3762584542255
2025-03-05 06:00:00,2025-03-05,6,Weekday,None,3,hist_gradient_boosting_lag1,2000.0,2041.3460039269944
2025-03-05 07:00:00,2025-03-05,7,Weekday,None,3,baseline_lag1,4482.0,2000.0
2025-03-05 07:00:00,2025-03-05,7,Weekday,None,3,baseline_lag168,4482.0,4669.0
2025-03-05 07:00:00,2025-03-05,7,Weekday,None,3,baseline_lag24,4482.0,4523.0
2025-03-05 07:00:00,2025-03-05,7,Weekday,None,3,hist_gradient_boosting_24h,4482.0,4568.056181510337
2025-03-05 07:00:00,2025-03-05,7,Weekday,None,3,hist_gradient_boosting_lag1,4482.0,4445.441993978079
2025-03-05 08:00:00,2025-03-05,8,Weekday,None,3,baseline_lag1,6212.0,4482.0
2025-03-05 08:00:00,2025-03-05,8,Weekday,None,3,baseline_lag168,6212.0,6210.0
2025-03-05 08:00:00,2025-03-05,8,Weekday,None,3,baseline_lag24,6212.0,6321.0
2025-03-05 08:00:00,2025-03-05,8,Weekday,None,3,hist_gradient_boosting_24h,6212.0,6386.525523849224
2025-03-05 08:00:00,2025-03-05,8,Weekday,None,3,hist_gradient_boosting_lag1,6212.0,6380.844012080014
2025-03-05 09:00:00,2025-03-05,9,Weekday,None,3,baseline_lag1,5801.0,6212.0
2025-03-05 09:00:00,2025-03-05,9,Weekday,None,3,baseline_lag168,5801.0,5968.0
2025-03-05 09:00:00,2025-03-05,9,Weekday,None,3,baseline_lag24,5801.0,6008.0
2025-03-05 09:00:00,2025-03-05,9,Weekday,None,3,hist_gradient_boosting_24h,5801.0,5989.141997016714
2025-03-05 09:00:00,2025-03-05,9,Weekday,None,3,hist_gradient_boosting_lag1,5801.0,5853.1127683446475
2025-03-05 10:00:00,2025-03-05,10,Weekday,None,3,baseline_lag1,5435.0,5801.0
2025-03-05 10:00:00,2025-03-05,10,Weekday,None,3,baseline_lag168,5435.0,5535.0
2025-03-05 10:00:00,2025-03-05,10,Weekday,None,3,baseline_lag24,5435.0,5377.0
2025-03-05 10:00:00,2025-03-05,10,Weekday,None,3,hist_gradient_boosting_24h,5435.0,5576.873193434728
2025-03-05 10:00:00,2025-03-05,10,Weekday,None,3,hist_gradient_boosting_lag1,5435.0,5409.871781159963
2025-03-05 11:00:00,2025-03-05,11,Weekday,None,3,baseline_lag1,5607.0,5435.0
2025-03-05 11:00:00,2025-03-05,11,Weekday,None,3,baseline_lag168,5607.0,5451.0
2025-03-05 11:00:00,2025-03-05,11,Weekday,None,3,baseline_lag24,5607.0,5316.0
2025-03-05 11:00:00,2025-03-05,11,Weekday,None,3,hist_gradient_boosting_24h,5607.0,5547.174898380002
2025-03-05 11:00:00,2025-03-05,11,Weekday,None,3,hist_gradient_boosting_lag1,5607.0,5354.650943895507
2025-03-05 12:00:00,2025-03-05,12,Weekday,None,3,baseline_lag1,5733.0,5607.0
2025-03-05 12:00:00,2025-03-05,12,Weekday,None,3,baseline_lag168,5733.0,5682.0
2025-03-05 12:00:00,2025-03-05,12,Weekday,None,3,baseline_lag24,5733.0,5673.0
2025-03-05 12:00:00,2025-03-05,12,Weekday,None,3,hist_gradient_boosting_24h,5733.0,5668.3058944597105
2025-03-05 12:00:00,2025-03-05,12,Weekday,None,3,hist_gradient_boosting_lag1,5733.0,5743.995398987174
2025-03-05 13:00:00,2025-03-05,13,Weekday,None,3,baseline_lag1,6305.0,5733.0
2025-03-05 13:00:00,2025-03-05,13,Weekday,None,3,baseline_lag168,6305.0,6132.0
2025-03-05 13:00:00,2025-03-05,13,Weekday,None,3,baseline_lag24,6305.0,6028.0
2025-03-05 13:00:00,2025-03-05,13,Weekday,None,3,hist_gradient_boosting_24h,6305.0,6066.0048429505905
2025-03-05 13:00:00,2025-03-05,13,Weekday,None,3,hist_gradient_boosting_lag1,6305.0,5972.293996617493
2025-03-05 14:00:00,2025-03-05,14,Weekday,None,3,baseline_lag1,6575.0,6305.0
2025-03-05 14:00:00,2025-03-05,14,Weekday,None,3,baseline_lag168,6575.0,6532.0
2025-03-05 14:00:00,2025-03-05,14,Weekday,None,3,baseline_lag24,6575.0,6541.0
2025-03-05 14:00:00,2025-03-05,14,Weekday,None,3,hist_gradient_boosting_24h,6575.0,6669.048970847085
2025-03-05 14:00:00,2025-03-05,14,Weekday,None,3,hist_gradient_boosting_lag1,6575.0,6878.677110687329
2025-03-05 15:00:00,2025-03-05,15,Weekday,None,3,baseline_lag1,8732.0,6575.0
2025-03-05 15:00:00,2025-03-05,15,Weekday,None,3,baseline_lag168,8732.0,6933.0
2025-03-05 15:00:00,2025-03-05,15,Weekday,None,3,baseline_lag24,8732.0,6953.0
2025-03-05 15:00:00,2025-03-05,15,Weekday,None,3,hist_gradient_boosting_24h,8732.0,7101.365834631122
2025-03-05 15:00:00,2025-03-05,15,Weekday,None,3,hist_gradient_boosting_lag1,8732.0,7369.944184252973
2025-03-05 16:00:00,2025-03-05,16,Weekday,None,3,baseline_lag1,9479.0,8732.0
2025-03-05 16:00:00,2025-03-05,16,Weekday,None,3,baseline_lag168,9479.0,6928.0
2025-03-05 16:00:00,2025-03-05,16,Weekday,None,3,baseline_lag24,9479.0,6900.0
2025-03-05 16:00:00,2025-03-05,16,Weekday,None,3,hist_gradient_boosting_24h,9479.0,7049.430202847694
2025-03-05 16:00:00,2025-03-05,16,Weekday,None,3,hist_gradient_boosting_lag1,9479.0,7736.324908154414
2025-03-05 17:00:00,2025-03-05,17,Weekday,None,3,baseline_lag1,10357.0,9479.0
2025-03-05 17:00:00,2025-03-05,17,Weekday,None,3,baseline_lag168,10357.0,8391.0
2025-03-05 17:00:00,2025-03-05,17,Weekday,None,3,baseline_lag24,10357.0,7798.0
2025-03-05 17:00:00,2025-03-05,17,Weekday,None,3,hist_gradient_boosting_24h,10357.0,8560.75211088185
2025-03-05 17:00:00,2025-03-05,17,Weekday,None,3,hist_gradient_boosting_lag1,10357.0,9468.711433629333
2025-03-05 18:00:00,2025-03-05,18,Weekday,None,3,baseline_lag1,10876.0,10357.0
2025-03-05 18:00:00,2025-03-05,18,Weekday,None,3,baseline_lag168,10876.0,8643.0
2025-03-05 18:00:00,2025-03-05,18,Weekday,None,3,baseline_lag24,10876.0,8968.0
2025-03-05 18:00:00,2025-03-05,18,Weekday,None,3,hist_gradient_boosting_24h,10876.0,9789.509007483404
2025-03-05 18:00:00,2025-03-05,18,Weekday,None,3,hist_gradient_boosting_lag1,10876.0,10141.143209326006
2025-03-05 19:00:00,2025-03-05,19,Weekday,None,3,baseline_lag1,8912.0,10876.0
2025-03-05 19:00:00,2025-03-05,19,Weekday,None,3,baseline_lag168,8912.0,7805.0
2025-03-05 19:00:00,2025-03-05,19,Weekday,None,3,baseline_lag24,8912.0,7769.0
2025-03-05 19:00:00,2025-03-05,19,Weekday,None,3,hist_gradient_boosting_24h,8912.0,8124.1755116467475
2025-03-05 19:00:00,2025-03-05,19,Weekday,None,3,hist_gradient_boosting_lag1,8912.0,9183.589323258058
2025-03-05 20:00:00,2025-03-05,20,Weekday,None,3,baseline_lag1,10751.0,8912.0
2025-03-05 20:00:00,2025-03-05,20,Weekday,None,3,baseline_lag168,10751.0,7920.0
2025-03-05 20:00:00,2025-03-05,20,Weekday,None,3,baseline_lag24,10751.0,8252.0
2025-03-05 20:00:00,2025-03-05,20,Weekday,None,3,hist_gradient_boosting_24h,10751.0,8192.591079864096
2025-03-05 20:00:00,2025-03-05,20,Weekday,None,3,hist_gradient_boosting_lag1,10751.0,8614.313461241001
2025-03-05 21:00:00,2025-03-05,21,Weekday,None,3,baseline_lag1,8959.0,10751.0
2025-03-05 21:00:00,2025-03-05,21,Weekday,None,3,baseline_lag168,8959.0,8836.0
2025-03-05 21:00:00,2025-03-05,21,Weekday,None,3,baseline_lag24,8959.0,8358.0
2025-03-05 21:00:00,2025-03-05,21,Weekday,None,3,hist_gradient_boosting_24h,8959.0,8045.152259409178
2025-03-05 21:00:00,2025-03-05,21,Weekday,None,3,hist_gradient_boosting_lag1,8959.0,9621.538454962993
2025-03-05 22:00:00,2025-03-05,22,Weekday,None,3,baseline_lag1,7833.0,8959.0
2025-03-05 22:00:00,2025-03-05,22,Weekday,None,3,baseline_lag168,7833.0,7881.0
2025-03-05 22:00:00,2025-03-05,22,Weekday,None,3,baseline_lag24,7833.0,6659.0
2025-03-05 22:00:00,2025-03-05,22,Weekday,None,3,hist_gradient_boosting_24h,7833.0,7926.781865291835
2025-03-05 22:00:00,2025-03-05,22,Weekday,None,3,hist_gradient_boosting_lag1,7833.0,8009.833884579563
2025-03-05 23:00:00,2025-03-05,23,Weekday,None,3,baseline_lag1,4166.0,7833.0
2025-03-05 23:00:00,2025-03-05,23,Weekday,None,3,baseline_lag168,4166.0,4289.0
2025-03-05 23:00:00,2025-03-05,23,Weekday,None,3,baseline_lag24,4166.0,3110.0
2025-03-05 23:00:00,2025-03-05,23,Weekday,None,3,hist_gradient_boosting_24h,4166.0,4546.602660654664
2025-03-05 23:00:00,2025-03-05,23,Weekday,None,3,hist_gradient_boosting_lag1,4166.0,4682.279191399235
2025-03-06 00:00:00,2025-03-06,0,Weekday,None,3,baseline_lag1,1926.0,4166.0
2025-03-06 00:00:00,2025-03-06,0,Weekday,None,3,baseline_lag168,1926.0,1785.0
2025-03-06 00:00:00,2025-03-06,0,Weekday,None,3,baseline_lag24,1926.0,1463.0
2025-03-06 00:00:00,2025-03-06,0,Weekday,None,3,hist_gradient_boosting_24h,1926.0,1726.4235608785802
2025-03-06 00:00:00,2025-03-06,0,Weekday,None,3,hist_gradient_boosting_lag1,1926.0,2047.2328623992073
2025-03-06 01:00:00,2025-03-06,1,Weekday,None,3,baseline_lag1,902.0,1926.0
2025-03-06 01:00:00,2025-03-06,1,Weekday,None,3,baseline_lag168,902.0,819.0
2025-03-06 01:00:00,2025-03-06,1,Weekday,None,3,baseline_lag24,902.0,678.0
2025-03-06 01:00:00,2025-03-06,1,Weekday,None,3,hist_gradient_boosting_24h,902.0,1000.0578695013751
2025-03-06 01:00:00,2025-03-06,1,Weekday,None,3,hist_gradient_boosting_lag1,902.0,999.3683226971211
2025-03-06 02:00:00,2025-03-06,2,Weekday,None,3,baseline_lag1,408.0,902.0
2025-03-06 02:00:00,2025-03-06,2,Weekday,None,3,baseline_lag168,408.0,424.0
2025-03-06 02:00:00,2025-03-06,2,Weekday,None,3,baseline_lag24,408.0,331.0
2025-03-06 02:00:00,2025-03-06,2,Weekday,None,3,hist_gradient_boosting_24h,408.0,560.4097595520055
2025-03-06 02:00:00,2025-03-06,2,Weekday,None,3,hist_gradient_boosting_lag1,408.0,476.47432063081834
2025-03-06 03:00:00,2025-03-06,3,Weekday,None,3,baseline_lag1,290.0,408.0
2025-03-06 03:00:00,2025-03-06,3,Weekday,None,3,baseline_lag168,290.0,321.0
2025-03-06 03:00:00,2025-03-06,3,Weekday,None,3,baseline_lag24,290.0,244.0
2025-03-06 03:00:00,2025-03-06,3,Weekday,None,3,hist_gradient_boosting_24h,290.0,246.65191829401002
2025-03-06 03:00:00,2025-03-06,3,Weekday,None,3,hist_gradient_boosting_lag1,290.0,301.5567726053494
2025-03-06 04:00:00,2025-03-06,4,Weekday,None,3,baseline_lag1,543.0,290.0
2025-03-06 04:00:00,2025-03-06,4,Weekday,None,3,baseline_lag168,543.0,413.0
2025-03-06 04:00:00,2025-03-06,4,Weekday,None,3,baseline_lag24,543.0,397.0
2025-03-06 04:00:00,2025-03-06,4,Weekday,None,3,hist_gradient_boosting_24h,543.0,510.37511986229396
2025-03-06 04:00:00,2025-03-06,4,Weekday,None,3,hist_gradient_boosting_lag1,543.0,407.8414492582988
2025-03-06 05:00:00,2025-03-06,5,Weekday,None,3,baseline_lag1,1050.0,543.0
2025-03-06 05:00:00,2025-03-06,5,Weekday,None,3,baseline_lag168,1050.0,904.0
2025-03-06 05:00:00,2025-03-06,5,Weekday,None,3,baseline_lag24,1050.0,850.0
2025-03-06 05:00:00,2025-03-06,5,Weekday,None,3,hist_gradient_boosting_24h,1050.0,1105.9777934034828
2025-03-06 05:00:00,2025-03-06,5,Weekday,None,3,hist_gradient_boosting_lag1,1050.0,918.2802656255087
2025-03-06 06:00:00,2025-03-06,6,Weekday,None,3,baseline_lag1,2104.0,1050.0
2025-03-06 06:00:00,2025-03-06,6,Weekday,None,3,baseline_lag168,2104.0,2331.0
2025-03-06 06:00:00,2025-03-06,6,Weekday,None,3,baseline_lag24,2104.0,2000.0
2025-03-06 06:00:00,2025-03-06,6,Weekday,None,3,hist_gradient_boosting_24h,2104.0,2559.3608432190995
2025-03-06 06:00:00,2025-03-06,6,Weekday,None,3,hist_gradient_boosting_lag1,2104.0,2162.7336279902906
2025-03-06 07:00:00,2025-03-06,7,Weekday,None,3,baseline_lag1,4698.0,2104.0
2025-03-06 07:00:00,2025-03-06,7,Weekday,None,3,baseline_lag168,4698.0,4949.0
2025-03-06 07:00:00,2025-03-06,7,Weekday,None,3,baseline_lag24,4698.0,4482.0
2025-03-06 07:00:00,2025-03-06,7,Weekday,None,3,hist_gradient_boosting_24h,4698.0,4558.561232288709
2025-03-06 07:00:00,2025-03-06,7,Weekday,None,3,hist_gradient_boosting_lag1,4698.0,4543.884686809492
2025-03-06 08:00:00,2025-03-06,8,Weekday,None,3,baseline_lag1,6114.0,4698.0
2025-03-06 08:00:00,2025-03-06,8,Weekday,None,3,baseline_lag168,6114.0,6975.0
2025-03-06 08:00:00,2025-03-06,8,Weekday,None,3,baseline_lag24,6114.0,6212.0
2025-03-06 08:00:00,2025-03-06,8,Weekday,None,3,hist_gradient_boosting_24h,6114.0,6278.024671008391
2025-03-06 08:00:00,2025-03-06,8,Weekday,None,3,hist_gradient_boosting_lag1,6114.0,6147.134721688271
2025-03-06 09:00:00,2025-03-06,9,Weekday,None,3,baseline_lag1,5835.0,6114.0
2025-03-06 09:00:00,2025-03-06,9,Weekday,None,3,baseline_lag168,5835.0,6210.0
2025-03-06 09:00:00,2025-03-06,9,Weekday,None,3,baseline_lag24,5835.0,5801.0
2025-03-06 09:00:00,2025-03-06,9,Weekday,None,3,hist_gradient_boosting_24h,5835.0,6042.536880914637
2025-03-06 09:00:00,2025-03-06,9,Weekday,None,3,hist_gradient_boosting_lag1,5835.0,5957.01577331516
2025-03-06 10:00:00,2025-03-06,10,Weekday,None,3,baseline_lag1,5324.0,5835.0
2025-03-06 10:00:00,2025-03-06,10,Weekday,None,3,baseline_lag168,5324.0,5691.0
2025-03-06 10:00:00,2025-03-06,10,Weekday,None,3,baseline_lag24,5324.0,5435.0
2025-03-06 10:00:00,2025-03-06,10,Weekday,None,3,hist_gradient_boosting_24h,5324.0,5508.431583960752
2025-03-06 10:00:00,2025-03-06,10,Weekday,None,3,hist_gradient_boosting_lag1,5324.0,5382.551824638751
2025-03-06 11:00:00,2025-03-06,11,Weekday,None,3,baseline_lag1,5826.0,5324.0
2025-03-06 11:00:00,2025-03-06,11,Weekday,None,3,baseline_lag168,5826.0,5935.0
2025-03-06 11:00:00,2025-03-06,11,Weekday,None,3,baseline_lag24,5826.0,5607.0
2025-03-06 11:00:00,2025-03-06,11,Weekday,None,3,hist_gradient_boosting_24h,5826.0,5695.83157107357
2025-03-06 11:00:00,2025-03-06,11,Weekday,None,3,hist_gradient_boosting_lag1,5826.0,5633.986100508144
2025-03-06 12:00:00,2025-03-06,12,Weekday,None,3,baseline_lag1,6171.0,5826.0
2025-03-06 12:00:00,2025-03-06,12,Weekday,None,3,baseline_lag168,6171.0,6381.0
2025-03-06 12:00:00,2025-03-06,12,Weekday,None,3,baseline_lag24,6171.0,5733.0
2025-03-06 12:00:00,2025-03-06,12,Weekday,None,3,hist_gradient_boosting_24h,6171.0,6013.87710361975
2025-03-06 12:00:00,2025-03-06,12,Weekday,None,3,hist_gradient_boosting_lag1,6171.0,6160.751258707296
2025-03-06 13:00:00,2025-03-06,13,Weekday,None,3,baseline_lag1,6487.0,6171.0
2025-03-06 13:00:00,2025-03-06,13,Weekday,None,3,baseline_lag168,6487.0,6579.0
2025-03-06 13:00:00,2025-03-06,13,Weekday,None,3,baseline_lag24,6487.0,6305.0
2025-03-06 13:00:00,2025-03-06,13,Weekday,None,3,hist_gradient_boosting_24h,6487.0,6546.562300004919
2025-03-06 13:00:00,2025-03-06,13,Weekday,None,3,hist_gradient_boosting_lag1,6487.0,6727.082737666187
2025-03-06 14:00:00,2025-03-06,14,Weekday,None,3,baseline_lag1,6887.0,6487.0
2025-03-06 14:00:00,2025-03-06,14,Weekday,None,3,baseline_lag168,6887.0,7249.0
2025-03-06 14:00:00,2025-03-06,14,Weekday,None,3,baseline_lag24,6887.0,6575.0
2025-03-06 14:00:00,2025-03-06,14,Weekday,None,3,hist_gradient_boosting_24h,6887.0,6685.999101252301
2025-03-06 14:00:00,2025-03-06,14,Weekday,None,3,hist_gradient_boosting_lag1,6887.0,7056.67364098225
2025-03-06 15:00:00,2025-03-06,15,Weekday,None,3,baseline_lag1,7585.0,6887.0
2025-03-06 15:00:00,2025-03-06,15,Weekday,None,3,baseline_lag168,7585.0,7995.0
2025-03-06 15:00:00,2025-03-06,15,Weekday,None,3,baseline_lag24,7585.0,8732.0
2025-03-06 15:00:00,2025-03-06,15,Weekday,None,3,hist_gradient_boosting_24h,7585.0,8881.882677192014
2025-03-06 15:00:00,2025-03-06,15,Weekday,None,3,hist_gradient_boosting_lag1,7585.0,8214.8418005321
2025-03-06 16:00:00,2025-03-06,16,Weekday,None,3,baseline_lag1,7477.0,7585.0
2025-03-06 16:00:00,2025-03-06,16,Weekday,None,3,baseline_lag168,7477.0,7508.0
2025-03-06 16:00:00,2025-03-06,16,Weekday,None,3,baseline_lag24,7477.0,9479.0
2025-03-06 16:00:00,2025-03-06,16,Weekday,None,3,hist_gradient_boosting_24h,7477.0,7662.853569612826
2025-03-06 16:00:00,2025-03-06,16,Weekday,None,3,hist_gradient_boosting_lag1,7477.0,7921.5532155412575
2025-03-06 17:00:00,2025-03-06,17,Weekday,None,3,baseline_lag1,9172.0,7477.0
2025-03-06 17:00:00,2025-03-06,17,Weekday,None,3,baseline_lag168,9172.0,8877.0
2025-03-06 17:00:00,2025-03-06,17,Weekday,None,3,baseline_lag24,9172.0,10357.0
2025-03-06 17:00:00,2025-03-06,17,Weekday,None,3,hist_gradient_boosting_24h,9172.0,9184.754361370942
2025-03-06 17:00:00,2025-03-06,17,Weekday,None,3,hist_gradient_boosting_lag1,9172.0,8405.579215245945
2025-03-06 18:00:00,2025-03-06,18,Weekday,None,3,baseline_lag1,10315.0,9172.0
2025-03-06 18:00:00,2025-03-06,18,Weekday,None,3,baseline_lag168,10315.0,9489.0
2025-03-06 18:00:00,2025-03-06,18,Weekday,None,3,baseline_lag24,10315.0,10876.0
2025-03-06 18:00:00,2025-03-06,18,Weekday,None,3,hist_gradient_boosting_24h,10315.0,9872.844956287672
2025-03-06 18:00:00,2025-03-06,18,Weekday,None,3,hist_gradient_boosting_lag1,10315.0,9609.810206752554
2025-03-06 19:00:00,2025-03-06,19,Weekday,None,3,baseline_lag1,9630.0,10315.0
2025-03-06 19:00:00,2025-03-06,19,Weekday,None,3,baseline_lag168,9630.0,8644.0
2025-03-06 19:00:00,2025-03-06,19,Weekday,None,3,baseline_lag24,9630.0,8912.0
2025-03-06 19:00:00,2025-03-06,19,Weekday,None,3,hist_gradient_boosting_24h,9630.0,9678.182860801911
2025-03-06 19:00:00,2025-03-06,19,Weekday,None,3,hist_gradient_boosting_lag1,9630.0,9601.18546163528
2025-03-06 20:00:00,2025-03-06,20,Weekday,None,3,baseline_lag1,10139.0,9630.0
2025-03-06 20:00:00,2025-03-06,20,Weekday,None,3,baseline_lag168,10139.0,8467.0
2025-03-06 20:00:00,2025-03-06,20,Weekday,None,3,baseline_lag24,10139.0,10751.0
2025-03-06 20:00:00,2025-03-06,20,Weekday,None,3,hist_gradient_boosting_24h,10139.0,9710.17623160056
2025-03-06 20:00:00,2025-03-06,20,Weekday,None,3,hist_gradient_boosting_lag1,10139.0,9397.841329748115
2025-03-06 21:00:00,2025-03-06,21,Weekday,None,3,baseline_lag1,10188.0,10139.0
2025-03-06 21:00:00,2025-03-06,21,Weekday,None,3,baseline_lag168,10188.0,9383.0
2025-03-06 21:00:00,2025-03-06,21,Weekday,None,3,baseline_lag24,10188.0,8959.0
2025-03-06 21:00:00,2025-03-06,21,Weekday,None,3,hist_gradient_boosting_24h,10188.0,9111.134962493963
2025-03-06 21:00:00,2025-03-06,21,Weekday,None,3,hist_gradient_boosting_lag1,10188.0,10127.627436172905
2025-03-06 22:00:00,2025-03-06,22,Weekday,None,3,baseline_lag1,8972.0,10188.0
2025-03-06 22:00:00,2025-03-06,22,Weekday,None,3,baseline_lag168,8972.0,8695.0
2025-03-06 22:00:00,2025-03-06,22,Weekday,None,3,baseline_lag24,8972.0,7833.0
2025-03-06 22:00:00,2025-03-06,22,Weekday,None,3,hist_gradient_boosting_24h,8972.0,8555.253742704263
2025-03-06 22:00:00,2025-03-06,22,Weekday,None,3,hist_gradient_boosting_lag1,8972.0,9311.963235454215
2025-03-06 23:00:00,2025-03-06,23,Weekday,None,3,baseline_lag1,5965.0,8972.0
2025-03-06 23:00:00,2025-03-06,23,Weekday,None,3,baseline_lag168,5965.0,6025.0
2025-03-06 23:00:00,2025-03-06,23,Weekday,None,3,baseline_lag24,5965.0,4166.0
2025-03-06 23:00:00,2025-03-06,23,Weekday,None,3,hist_gradient_boosting_24h,5965.0,6167.303978831654
2025-03-06 23:00:00,2025-03-06,23,Weekday,None,3,hist_gradient_boosting_lag1,5965.0,6534.67999478962
2025-03-07 00:00:00,2025-03-07,0,Weekday,None,3,baseline_lag1,3184.0,5965.0
2025-03-07 00:00:00,2025-03-07,0,Weekday,None,3,baseline_lag168,3184.0,3245.0
2025-03-07 00:00:00,2025-03-07,0,Weekday,None,3,baseline_lag24,3184.0,1926.0
2025-03-07 00:00:00,2025-03-07,0,Weekday,None,3,hist_gradient_boosting_24h,3184.0,3609.616943913929
2025-03-07 00:00:00,2025-03-07,0,Weekday,None,3,hist_gradient_boosting_lag1,3184.0,3332.7777834095123
2025-03-07 01:00:00,2025-03-07,1,Weekday,None,3,baseline_lag1,1573.0,3184.0
2025-03-07 01:00:00,2025-03-07,1,Weekday,None,3,baseline_lag168,1573.0,1550.0
2025-03-07 01:00:00,2025-03-07,1,Weekday,None,3,baseline_lag24,1573.0,902.0
2025-03-07 01:00:00,2025-03-07,1,Weekday,None,3,hist_gradient_boosting_24h,1573.0,1700.3507843189693
2025-03-07 01:00:00,2025-03-07,1,Weekday,None,3,hist_gradient_boosting_lag1,1573.0,1555.4497860732981
2025-03-07 02:00:00,2025-03-07,2,Weekday,None,3,baseline_lag1,881.0,1573.0
2025-03-07 02:00:00,2025-03-07,2,Weekday,None,3,baseline_lag168,881.0,856.0
2025-03-07 02:00:00,2025-03-07,2,Weekday,None,3,baseline_lag24,881.0,408.0
2025-03-07 02:00:00,2025-03-07,2,Weekday,None,3,hist_gradient_boosting_24h,881.0,594.2262740491014
2025-03-07 02:00:00,2025-03-07,2,Weekday,None,3,hist_gradient_boosting_lag1,881.0,842.3311297875466
2025-03-07 03:00:00,2025-03-07,3,Weekday,None,3,baseline_lag1,600.0,881.0
2025-03-07 03:00:00,2025-03-07,3,Weekday,None,3,baseline_lag168,600.0,588.0
2025-03-07 03:00:00,2025-03-07,3,Weekday,None,3,baseline_lag24,600.0,290.0
2025-03-07 03:00:00,2025-03-07,3,Weekday,None,3,hist_gradient_boosting_24h,600.0,555.6788932187126
2025-03-07 03:00:00,2025-03-07,3,Weekday,None,3,hist_gradient_boosting_lag1,600.0,568.2184709232839
2025-03-07 04:00:00,2025-03-07,4,Weekday,None,3,baseline_lag1,791.0,600.0
2025-03-07 04:00:00,2025-03-07,4,Weekday,None,3,baseline_lag168,791.0,598.0
2025-03-07 04:00:00,2025-03-07,4,Weekday,None,3,baseline_lag24,791.0,543.0
2025-03-07 04:00:00,2025-03-07,4,Weekday,None,3,hist_gradient_boosting_24h,791.0,690.8895967157572
2025-03-07 04:00:00,2025-03-07,4,Weekday,None,3,hist_gradient_boosting_lag1,791.0,623.5735262177801
2025-03-07 05:00:00,2025-03-07,5,Weekday,None,3,baseline_lag1,1058.0,791.0
2025-03-07 05:00:00,2025-03-07,5,Weekday,None,3,baseline_lag168,1058.0,1055.0
2025-03-07 05:00:00,2025-03-07,5,Weekday,None,3,baseline_lag24,1058.0,1050.0
2025-03-07 05:00:00,2025-03-07,5,Weekday,None,3,hist_gradient_boosting_24h,1058.0,1056.1571062179892
2025-03-07 05:00:00,2025-03-07,5,Weekday,None,3,hist_gradient_boosting_lag1,1058.0,954.8712472128541
2025-03-07 06:00:00,2025-03-07,6,Weekday,None,3,baseline_lag1,1897.0,1058.0
2025-03-07 06:00:00,2025-03-07,6,Weekday,None,3,baseline_lag168,1897.0,2281.0
2025-03-07 06:00:00,2025-03-07,6,Weekday,None,3,baseline_lag24,1897.0,2104.0
2025-03-07 06:00:00,2025-03-07,6,Weekday,None,3,hist_gradient_boosting_24h,1897.0,2447.179982235993
2025-03-07 06:00:00,2025-03-07,6,Weekday,None,3,hist_gradient_boosting_lag1,1897.0,1988.9802177038953
2025-03-07 07:00:00,2025-03-07,7,Weekday,None,3,baseline_lag1,4012.0,1897.0
2025-03-07 07:00:00,2025-03-07,7,Weekday,None,3,baseline_lag168,4012.0,4361.0
2025-03-07 07:00:00,2025-03-07,7,Weekday,None,3,baseline_lag24,4012.0,4698.0
2025-03-07 07:00:00,2025-03-07,7,Weekday,None,3,hist_gradient_boosting_24h,4012.0,4556.179671366359
2025-03-07 07:00:00,2025-03-07,7,Weekday,None,3,hist_gradient_boosting_lag1,4012.0,4059.009537122082
2025-03-07 08:00:00,2025-03-07,8,Weekday,None,3,baseline_lag1,5176.0,4012.0
2025-03-07 08:00:00,2025-03-07,8,Weekday,None,3,baseline_lag168,5176.0,5783.0
2025-03-07 08:00:00,2025-03-07,8,Weekday,None,3,baseline_lag24,5176.0,6114.0
2025-03-07 08:00:00,2025-03-07,8,Weekday,None,3,hist_gradient_boosting_24h,5176.0,5851.398553439558
2025-03-07 08:00:00,2025-03-07,8,Weekday,None,3,hist_gradient_boosting_lag1,5176.0,5585.796189823225
2025-03-07 09:00:00,2025-03-07,9,Weekday,None,3,baseline_lag1,4920.0,5176.0
2025-03-07 09:00:00,2025-03-07,9,Weekday,None,3,baseline_lag168,4920.0,5059.0
2025-03-07 09:00:00,2025-03-07,9,Weekday,None,3,baseline_lag24,4920.0,5835.0
2025-03-07 09:00:00,2025-03-07,9,Weekday,None,3,hist_gradient_boosting_24h,4920.0,5153.39325469004
2025-03-07 09:00:00,2025-03-07,9,Weekday,None,3,hist_gradient_boosting_lag1,4920.0,5205.5230550657325
2025-03-07 10:00:00,2025-03-07,10,Weekday,None,3,baseline_lag1,5053.0,4920.0
2025-03-07 10:00:00,2025-03-07,10,Weekday,None,3,baseline_lag168,5053.0,5120.0
2025-03-07 10:00:00,2025-03-07,10,Weekday,None,3,baseline_lag24,5053.0,5324.0
2025-03-07 10:00:00,2025-03-07,10,Weekday,None,3,hist_gradient_boosting_24h,5053.0,5090.567070879542
2025-03-07 10:00:00,2025-03-07,10,Weekday,None,3,hist_gradient_boosting_lag1,5053.0,5029.408687844242
2025-03-07 11:00:00,2025-03-07,11,Weekday,None,3,baseline_lag1,5636.0,5053.0
2025-03-07 11:00:00,2025-03-07,11,Weekday,None,3,baseline_lag168,5636.0,5343.0
2025-03-07 11:00:00,2025-03-07,11,Weekday,None,3,baseline_lag24,5636.0,5826.0
2025-03-07 11:00:00,2025-03-07,11,Weekday,None,3,hist_gradient_boosting_24h,5636.0,5329.268949923511
2025-03-07 11:00:00,2025-03-07,11,Weekday,None,3,hist_gradient_boosting_lag1,5636.0,5393.343638227479
2025-03-07 12:00:00,2025-03-07,12,Weekday,None,3,baseline_lag1,5937.0,5636.0
2025-03-07 12:00:00,2025-03-07,12,Weekday,None,3,baseline_lag168,5937.0,5931.0
2025-03-07 12:00:00,2025-03-07,12,Weekday,None,3,baseline_lag24,5937.0,6171.0
2025-03-07 12:00:00,2025-03-07,12,Weekday,None,3,hist_gradient_boosting_24h,5937.0,6096.632846800553
2025-03-07 12:00:00,2025-03-07,12,Weekday,None,3,hist_gradient_boosting_lag1,5937.0,6188.507678032786
2025-03-07 13:00:00,2025-03-07,13,Weekday,None,3,baseline_lag1,6419.0,5937.0
2025-03-07 13:00:00,2025-03-07,13,Weekday,None,3,baseline_lag168,6419.0,6449.0
2025-03-07 13:00:00,2025-03-07,13,Weekday,None,3,baseline_lag24,6419.0,6487.0
2025-03-07 13:00:00,2025-03-07,13,Weekday,None,3,hist_gradient_boosting_24h,6419.0,6465.989864560861
2025-03-07 13:00:00,2025-03-07,13,Weekday,None,3,hist_gradient_boosting_lag1,6419.0,6500.706821295255
2025-03-07 14:00:00,2025-03-07,14,Weekday,None,3,baseline_lag1,7019.0,6419.0
2025-03-07 14:00:00,2025-03-07,14,Weekday,None,3,baseline_lag168,7019.0,7720.0
2025-03-07 14:00:00,2025-03-07,14,Weekday,None,3,baseline_lag24,7019.0,6887.0
2025-03-07 14:00:00,2025-03-07,14,Weekday,None,3,hist_gradient_boosting_24h,7019.0,7100.657952765547
2025-03-07 14:00:00,2025-03-07,14,Weekday,None,3,hist_gradient_boosting_lag1,7019.0,7136.1392260867515
2025-03-07 15:00:00,2025-03-07,15,Weekday,None,3,baseline_lag1,7497.0,7019.0
2025-03-07 15:00:00,2025-03-07,15,Weekday,None,3,baseline_lag168,7497.0,8222.0
2025-03-07 15:00:00,2025-03-07,15,Weekday,None,3,baseline_lag24,7497.0,7585.0
2025-03-07 15:00:00,2025-03-07,15,Weekday,None,3,hist_gradient_boosting_24h,7497.0,7654.312032549776
2025-03-07 15:00:00,2025-03-07,15,Weekday,None,3,hist_gradient_boosting_lag1,7497.0,7230.254765669688
2025-03-07 16:00:00,2025-03-07,16,Weekday,None,3,baseline_lag1,6909.0,7497.0
2025-03-07 16:00:00,2025-03-07,16,Weekday,None,3,baseline_lag168,6909.0,7682.0
2025-03-07 16:00:00,2025-03-07,16,Weekday,None,3,baseline_lag24,6909.0,7477.0
2025-03-07 16:00:00,2025-03-07,16,Weekday,None,3,hist_gradient_boosting_24h,6909.0,7225.886518569562
2025-03-07 16:00:00,2025-03-07,16,Weekday,None,3,hist_gradient_boosting_lag1,6909.0,7259.725752741708
2025-03-07 17:00:00,2025-03-07,17,Weekday,None,3,baseline_lag1,8076.0,6909.0
2025-03-07 17:00:00,2025-03-07,17,Weekday,None,3,baseline_lag168,8076.0,8774.0
2025-03-07 17:00:00,2025-03-07,17,Weekday,None,3,baseline_lag24,8076.0,9172.0
2025-03-07 17:00:00,2025-03-07,17,Weekday,None,3,hist_gradient_boosting_24h,8076.0,8580.861739479424
2025-03-07 17:00:00,2025-03-07,17,Weekday,None,3,hist_gradient_boosting_lag1,8076.0,7946.52587908519
2025-03-07 18:00:00,2025-03-07,18,Weekday,None,3,baseline_lag1,9492.0,8076.0
2025-03-07 18:00:00,2025-03-07,18,Weekday,None,3,baseline_lag168,9492.0,9918.0
2025-03-07 18:00:00,2025-03-07,18,Weekday,None,3,baseline_lag24,9492.0,10315.0
2025-03-07 18:00:00,2025-03-07,18,Weekday,None,3,hist_gradient_boosting_24h,9492.0,9383.724750301533
2025-03-07 18:00:00,2025-03-07,18,Weekday,None,3,hist_gradient_boosting_lag1,9492.0,8791.794876290283
2025-03-07 19:00:00,2025-03-07,19,Weekday,None,3,baseline_lag1,9186.0,9492.0
2025-03-07 19:00:00,2025-03-07,19,Weekday,None,3,baseline_lag168,9186.0,9072.0
2025-03-07 19:00:00,2025-03-07,19,Weekday,None,3,baseline_lag24,9186.0,9630.0
2025-03-07 19:00:00,2025-03-07,19,Weekday,None,3,hist_gradient_boosting_24h,9186.0,10077.573132048636
2025-03-07 19:00:00,2025-03-07,19,Weekday,None,3,hist_gradient_boosting_lag1,9186.0,9164.360832860439
2025-03-07 20:00:00,2025-03-07,20,Weekday,None,3,baseline_lag1,7719.0,9186.0
2025-03-07 20:00:00,2025-03-07,20,Weekday,None,3,baseline_lag168,7719.0,8163.0
2025-03-07 20:00:00,2025-03-07,20,Weekday,None,3,baseline_lag24,7719.0,10139.0
2025-03-07 20:00:00,2025-03-07,20,Weekday,None,3,hist_gradient_boosting_24h,7719.0,8675.313475697132
2025-03-07 20:00:00,2025-03-07,20,Weekday,None,3,hist_gradient_boosting_lag1,7719.0,8925.97988718491
2025-03-07 21:00:00,2025-03-07,21,Weekday,None,3,baseline_lag1,7040.0,7719.0
2025-03-07 21:00:00,2025-03-07,21,Weekday,None,3,baseline_lag168,7040.0,7935.0
2025-03-07 21:00:00,2025-03-07,21,Weekday,None,3,baseline_lag24,7040.0,10188.0
2025-03-07 21:00:00,2025-03-07,21,Weekday,None,3,hist_gradient_boosting_24h,7040.0,8938.041394099038
2025-03-07 21:00:00,2025-03-07,21,Weekday,None,3,hist_gradient_boosting_lag1,7040.0,7979.154601315712
2025-03-07 22:00:00,2025-03-07,22,Weekday,None,3,baseline_lag1,7225.0,7040.0
2025-03-07 22:00:00,2025-03-07,22,Weekday,None,3,baseline_lag168,7225.0,9380.0
2025-03-07 22:00:00,2025-03-07,22,Weekday,None,3,baseline_lag24,7225.0,8972.0
2025-03-07 22:00:00,2025-03-07,22,Weekday,None,3,hist_gradient_boosting_24h,7225.0,8486.237407953464
2025-03-07 22:00:00,2025-03-07,22,Weekday,None,3,hist_gradient_boosting_lag1,7225.0,7805.067592687896
2025-03-07 23:00:00,2025-03-07,23,Weekday,None,3,baseline_lag1,7847.0,7225.0
2025-03-07 23:00:00,2025-03-07,23,Weekday,None,3,baseline_lag168,7847.0,9347.0
2025-03-07 23:00:00,2025-03-07,23,Weekday,None,3,baseline_lag24,7847.0,5965.0
2025-03-07 23:00:00,2025-03-07,23,Weekday,None,3,hist_gradient_boosting_24h,7847.0,8621.320614248481
2025-03-07 23:00:00,2025-03-07,23,Weekday,None,3,hist_gradient_boosting_lag1,7847.0,8139.513457346096
2025-03-08 00:00:00,2025-03-08,0,Weekend,None,3,baseline_lag1,7427.0,7847.0
2025-03-08 00:00:00,2025-03-08,0,Weekend,None,3,baseline_lag168,7427.0,7927.0
2025-03-08 00:00:00,2025-03-08,0,Weekend,None,3,baseline_lag24,7427.0,3184.0
2025-03-08 00:00:00,2025-03-08,0,Weekend,None,3,hist_gradient_boosting_24h,7427.0,7450.861342058713
2025-03-08 00:00:00,2025-03-08,0,Weekend,None,3,hist_gradient_boosting_lag1,7427.0,7426.38821481475
2025-03-08 01:00:00,2025-03-08,1,Weekend,None,3,baseline_lag1,5866.0,7427.0
2025-03-08 01:00:00,2025-03-08,1,Weekend,None,3,baseline_lag168,5866.0,5907.0
2025-03-08 01:00:00,2025-03-08,1,Weekend,None,3,baseline_lag24,5866.0,1573.0
2025-03-08 01:00:00,2025-03-08,1,Weekend,None,3,hist_gradient_boosting_24h,5866.0,5393.250600066315
2025-03-08 01:00:00,2025-03-08,1,Weekend,None,3,hist_gradient_boosting_lag1,5866.0,5928.458228219701
2025-03-08 02:00:00,2025-03-08,2,Weekend,None,3,baseline_lag1,3830.0,5866.0
2025-03-08 02:00:00,2025-03-08,2,Weekend,None,3,baseline_lag168,3830.0,4237.0
2025-03-08 02:00:00,2025-03-08,2,Weekend,None,3,baseline_lag24,3830.0,881.0
2025-03-08 02:00:00,2025-03-08,2,Weekend,None,3,hist_gradient_boosting_24h,3830.0,4161.400489471999
2025-03-08 02:00:00,2025-03-08,2,Weekend,None,3,hist_gradient_boosting_lag1,3830.0,4206.811825090174
2025-03-08 03:00:00,2025-03-08,3,Weekend,None,3,baseline_lag1,2645.0,3830.0
2025-03-08 03:00:00,2025-03-08,3,Weekend,None,3,baseline_lag168,2645.0,2665.0
2025-03-08 03:00:00,2025-03-08,3,Weekend,None,3,baseline_lag24,2645.0,600.0
2025-03-08 03:00:00,2025-03-08,3,Weekend,None,3,hist_gradient_boosting_24h,2645.0,2819.48699148509
2025-03-08 03:00:00,2025-03-08,3,Weekend,None,3,hist_gradient_boosting_lag1,2645.0,2414.1963595510533
2025-03-08 04:00:00,2025-03-08,4,Weekend,None,3,baseline_lag1,1602.0,2645.0
2025-03-08 04:00:00,2025-03-08,4,Weekend,None,3,baseline_lag168,1602.0,1722.0
2025-03-08 04:00:00,2025-03-08,4,Weekend,None,3,baseline_lag24,1602.0,791.0
2025-03-08 04:00:00,2025-03-08,4,Weekend,None,3,hist_gradient_boosting_24h,1602.0,1746.3825960562813
2025-03-08 04:00:00,2025-03-08,4,Weekend,None,3,hist_gradient_boosting_lag1,1602.0,1411.031748186824
2025-03-08 05:00:00,2025-03-08,5,Weekend,None,3,baseline_lag1,841.0,1602.0
2025-03-08 05:00:00,2025-03-08,5,Weekend,None,3,baseline_lag168,841.0,1008.0
2025-03-08 05:00:00,2025-03-08,5,Weekend,None,3,baseline_lag24,841.0,1058.0
2025-03-08 05:00:00,2025-03-08,5,Weekend,None,3,hist_gradient_boosting_24h,841.0,1073.066076928625
2025-03-08 05:00:00,2025-03-08,5,Weekend,None,3,hist_gradient_boosting_lag1,841.0,884.1063020250388
2025-03-08 06:00:00,2025-03-08,6,Weekend,None,3,baseline_lag1,923.0,841.0
2025-03-08 06:00:00,2025-03-08,6,Weekend,None,3,baseline_lag168,923.0,955.0
2025-03-08 06:00:00,2025-03-08,6,Weekend,None,3,baseline_lag24,923.0,1897.0
2025-03-08 06:00:00,2025-03-08,6,Weekend,None,3,hist_gradient_boosting_24h,923.0,1144.483719146583
2025-03-08 06:00:00,2025-03-08,6,Weekend,None,3,hist_gradient_boosting_lag1,923.0,1100.5531061822267
2025-03-08 07:00:00,2025-03-08,7,Weekend,None,3,baseline_lag1,1358.0,923.0
2025-03-08 07:00:00,2025-03-08,7,Weekend,None,3,baseline_lag168,1358.0,1557.0
2025-03-08 07:00:00,2025-03-08,7,Weekend,None,3,baseline_lag24,1358.0,4012.0
2025-03-08 07:00:00,2025-03-08,7,Weekend,None,3,hist_gradient_boosting_24h,1358.0,1742.9945212489906
2025-03-08 07:00:00,2025-03-08,7,Weekend,None,3,hist_gradient_boosting_lag1,1358.0,1493.7615941536474
2025-03-08 08:00:00,2025-03-08,8,Weekend,None,3,baseline_lag1,2249.0,1358.0
2025-03-08 08:00:00,2025-03-08,8,Weekend,None,3,baseline_lag168,2249.0,2597.0
2025-03-08 08:00:00,2025-03-08,8,Weekend,None,3,baseline_lag24,2249.0,5176.0
2025-03-08 08:00:00,2025-03-08,8,Weekend,None,3,hist_gradient_boosting_24h,2249.0,3133.6816268037483
2025-03-08 08:00:00,2025-03-08,8,Weekend,None,3,hist_gradient_boosting_lag1,2249.0,2272.037503444871
2025-03-08 09:00:00,2025-03-08,9,Weekend,None,3,baseline_lag1,3437.0,2249.0
2025-03-08 09:00:00,2025-03-08,9,Weekend,None,3,baseline_lag168,3437.0,3526.0
2025-03-08 09:00:00,2025-03-08,9,Weekend,None,3,baseline_lag24,3437.0,4920.0
2025-03-08 09:00:00,2025-03-08,9,Weekend,None,3,hist_gradient_boosting_24h,3437.0,3532.154001885607
2025-03-08 09:00:00,2025-03-08,9,Weekend,None,3,hist_gradient_boosting_lag1,3437.0,3534.882577923287
2025-03-08 10:00:00,2025-03-08,10,Weekend,None,3,baseline_lag1,4416.0,3437.0
2025-03-08 10:00:00,2025-03-08,10,Weekend,None,3,baseline_lag168,4416.0,4494.0
2025-03-08 10:00:00,2025-03-08,10,Weekend,None,3,baseline_lag24,4416.0,5053.0
2025-03-08 10:00:00,2025-03-08,10,Weekend,None,3,hist_gradient_boosting_24h,4416.0,4563.9258265747985
2025-03-08 10:00:00,2025-03-08,10,Weekend,None,3,hist_gradient_boosting_lag1,4416.0,4815.921049950273
2025-03-08 11:00:00,2025-03-08,11,Weekend,None,3,baseline_lag1,5428.0,4416.0
2025-03-08 11:00:00,2025-03-08,11,Weekend,None,3,baseline_lag168,5428.0,5305.0
2025-03-08 11:00:00,2025-03-08,11,Weekend,None,3,baseline_lag24,5428.0,5636.0
2025-03-08 11:00:00,2025-03-08,11,Weekend,None,3,hist_gradient_boosting_24h,5428.0,5462.838743973062
2025-03-08 11:00:00,2025-03-08,11,Weekend,None,3,hist_gradient_boosting_lag1,5428.0,5433.358758239733
2025-03-08 12:00:00,2025-03-08,12,Weekend,None,3,baseline_lag1,6111.0,5428.0
2025-03-08 12:00:00,2025-03-08,12,Weekend,None,3,baseline_lag168,6111.0,5976.0
2025-03-08 12:00:00,2025-03-08,12,Weekend,None,3,baseline_lag24,6111.0,5937.0
2025-03-08 12:00:00,2025-03-08,12,Weekend,None,3,hist_gradient_boosting_24h,6111.0,6149.071557804334
2025-03-08 12:00:00,2025-03-08,12,Weekend,None,3,hist_gradient_boosting_lag1,6111.0,6078.18170113809
2025-03-08 13:00:00,2025-03-08,13,Weekend,None,3,baseline_lag1,6615.0,6111.0
2025-03-08 13:00:00,2025-03-08,13,Weekend,None,3,baseline_lag168,6615.0,6632.0
2025-03-08 13:00:00,2025-03-08,13,Weekend,None,3,baseline_lag24,6615.0,6419.0
2025-03-08 13:00:00,2025-03-08,13,Weekend,None,3,hist_gradient_boosting_24h,6615.0,6632.088104629883
2025-03-08 13:00:00,2025-03-08,13,Weekend,None,3,hist_gradient_boosting_lag1,6615.0,6626.02034294594
2025-03-08 14:00:00,2025-03-08,14,Weekend,None,3,baseline_lag1,6497.0,6615.0
2025-03-08 14:00:00,2025-03-08,14,Weekend,None,3,baseline_lag168,6497.0,7248.0
2025-03-08 14:00:00,2025-03-08,14,Weekend,None,3,baseline_lag24,6497.0,7019.0
2025-03-08 14:00:00,2025-03-08,14,Weekend,None,3,hist_gradient_boosting_24h,6497.0,6826.293503973959
2025-03-08 14:00:00,2025-03-08,14,Weekend,None,3,hist_gradient_boosting_lag1,6497.0,7302.593454928215
2025-03-08 15:00:00,2025-03-08,15,Weekend,None,3,baseline_lag1,6926.0,6497.0
2025-03-08 15:00:00,2025-03-08,15,Weekend,None,3,baseline_lag168,6926.0,7595.0
2025-03-08 15:00:00,2025-03-08,15,Weekend,None,3,baseline_lag24,6926.0,7497.0
2025-03-08 15:00:00,2025-03-08,15,Weekend,None,3,hist_gradient_boosting_24h,6926.0,6797.437322291262
2025-03-08 15:00:00,2025-03-08,15,Weekend,None,3,hist_gradient_boosting_lag1,6926.0,7071.9710481388
2025-03-08 16:00:00,2025-03-08,16,Weekend,None,3,baseline_lag1,7601.0,6926.0
2025-03-08 16:00:00,2025-03-08,16,Weekend,None,3,baseline_lag168,7601.0,8484.0
2025-03-08 16:00:00,2025-03-08,16,Weekend,None,3,baseline_lag24,7601.0,6909.0
2025-03-08 16:00:00,2025-03-08,16,Weekend,None,3,hist_gradient_boosting_24h,7601.0,7741.753625816077
2025-03-08 16:00:00,2025-03-08,16,Weekend,None,3,hist_gradient_boosting_lag1,7601.0,7464.605797381073
2025-03-08 17:00:00,2025-03-08,17,Weekend,None,3,baseline_lag1,8670.0,7601.0
2025-03-08 17:00:00,2025-03-08,17,Weekend,None,3,baseline_lag168,8670.0,9609.0
2025-03-08 17:00:00,2025-03-08,17,Weekend,None,3,baseline_lag24,8670.0,8076.0
2025-03-08 17:00:00,2025-03-08,17,Weekend,None,3,hist_gradient_boosting_24h,8670.0,8110.4342519566835
2025-03-08 17:00:00,2025-03-08,17,Weekend,None,3,hist_gradient_boosting_lag1,8670.0,8445.21836239318
2025-03-08 18:00:00,2025-03-08,18,Weekend,None,3,baseline_lag1,10168.0,8670.0
2025-03-08 18:00:00,2025-03-08,18,Weekend,None,3,baseline_lag168,10168.0,11184.0
2025-03-08 18:00:00,2025-03-08,18,Weekend,None,3,baseline_lag24,10168.0,9492.0
2025-03-08 18:00:00,2025-03-08,18,Weekend,None,3,hist_gradient_boosting_24h,10168.0,8979.528588614063
2025-03-08 18:00:00,2025-03-08,18,Weekend,None,3,hist_gradient_boosting_lag1,10168.0,9865.953278129657
2025-03-08 19:00:00,2025-03-08,19,Weekend,None,3,baseline_lag1,11195.0,10168.0
2025-03-08 19:00:00,2025-03-08,19,Weekend,None,3,baseline_lag168,11195.0,11922.0
2025-03-08 19:00:00,2025-03-08,19,Weekend,None,3,baseline_lag24,11195.0,9186.0
2025-03-08 19:00:00,2025-03-08,19,Weekend,None,3,hist_gradient_boosting_24h,11195.0,9329.674888773648
2025-03-08 19:00:00,2025-03-08,19,Weekend,None,3,hist_gradient_boosting_lag1,11195.0,10178.097731948168
2025-03-08 20:00:00,2025-03-08,20,Weekend,None,3,baseline_lag1,8401.0,11195.0
2025-03-08 20:00:00,2025-03-08,20,Weekend,None,3,baseline_lag168,8401.0,10408.0
2025-03-08 20:00:00,2025-03-08,20,Weekend,None,3,baseline_lag24,8401.0,7719.0
2025-03-08 20:00:00,2025-03-08,20,Weekend,None,3,hist_gradient_boosting_24h,8401.0,8779.282728296062
2025-03-08 20:00:00,2025-03-08,20,Weekend,None,3,hist_gradient_boosting_lag1,8401.0,9613.901483029103
2025-03-08 21:00:00,2025-03-08,21,Weekend,None,3,baseline_lag1,7352.0,8401.0
2025-03-08 21:00:00,2025-03-08,21,Weekend,None,3,baseline_lag168,7352.0,9915.0
2025-03-08 21:00:00,2025-03-08,21,Weekend,None,3,baseline_lag24,7352.0,7040.0
2025-03-08 21:00:00,2025-03-08,21,Weekend,None,3,hist_gradient_boosting_24h,7352.0,7746.62970866266
2025-03-08 21:00:00,2025-03-08,21,Weekend,None,3,hist_gradient_boosting_lag1,7352.0,8485.302593968056
2025-03-08 22:00:00,2025-03-08,22,Weekend,None,3,baseline_lag1,8151.0,7352.0
2025-03-08 22:00:00,2025-03-08,22,Weekend,None,3,baseline_lag168,8151.0,11079.0
2025-03-08 22:00:00,2025-03-08,22,Weekend,None,3,baseline_lag24,8151.0,7225.0
2025-03-08 22:00:00,2025-03-08,22,Weekend,None,3,hist_gradient_boosting_24h,8151.0,7961.904113081734
2025-03-08 22:00:00,2025-03-08,22,Weekend,None,3,hist_gradient_boosting_lag1,8151.0,8262.245655004319
2025-03-08 23:00:00,2025-03-08,23,Weekend,None,3,baseline_lag1,9560.0,8151.0
2025-03-08 23:00:00,2025-03-08,23,Weekend,None,3,baseline_lag168,9560.0,10293.0
2025-03-08 23:00:00,2025-03-08,23,Weekend,None,3,baseline_lag24,9560.0,7847.0
2025-03-08 23:00:00,2025-03-08,23,Weekend,None,3,hist_gradient_boosting_24h,9560.0,8734.828498612458
2025-03-08 23:00:00,2025-03-08,23,Weekend,None,3,hist_gradient_boosting_lag1,9560.0,8571.035018826356
2025-03-09 00:00:00,2025-03-09,0,Weekend,None,3,baseline_lag1,8806.0,9560.0
2025-03-09 00:00:00,2025-03-09,0,Weekend,None,3,baseline_lag168,8806.0,9043.0
2025-03-09 00:00:00,2025-03-09,0,Weekend,None,3,baseline_lag24,8806.0,7427.0
2025-03-09 00:00:00,2025-03-09,0,Weekend,None,3,hist_gradient_boosting_24h,8806.0,7972.007796230822
2025-03-09 00:00:00,2025-03-09,0,Weekend,None,3,hist_gradient_boosting_lag1,8806.0,8990.67076959071
2025-03-09 01:00:00,2025-03-09,1,Weekend,None,3,baseline_lag1,7272.0,8806.0
2025-03-09 01:00:00,2025-03-09,1,Weekend,None,3,baseline_lag168,7272.0,6975.0
2025-03-09 01:00:00,2025-03-09,1,Weekend,None,3,baseline_lag24,7272.0,5866.0
2025-03-09 01:00:00,2025-03-09,1,Weekend,None,3,hist_gradient_boosting_24h,7272.0,6325.462715536218
2025-03-09 01:00:00,2025-03-09,1,Weekend,None,3,hist_gradient_boosting_lag1,7272.0,6946.48847344153
2025-03-09 03:00:00,2025-03-09,3,Weekend,None,3,baseline_lag168,5749.0,3087.0
2025-03-09 03:00:00,2025-03-09,3,Weekend,None,3,baseline_lag24,5749.0,2645.0
2025-03-09 03:00:00,2025-03-09,3,Weekend,None,3,hist_gradient_boosting_24h,5749.0,2947.227125479438
2025-03-09 04:00:00,2025-03-09,4,Weekend,None,3,baseline_lag1,3581.0,5749.0
2025-03-09 04:00:00,2025-03-09,4,Weekend,None,3,baseline_lag168,3581.0,2050.0
2025-03-09 04:00:00,2025-03-09,4,Weekend,None,3,baseline_lag24,3581.0,1602.0
2025-03-09 04:00:00,2025-03-09,4,Weekend,None,3,hist_gradient_boosting_24h,3581.0,2205.2724800598853
2025-03-09 04:00:00,2025-03-09,4,Weekend,None,3,hist_gradient_boosting_lag1,3581.0,3540.603412296321
2025-03-09 05:00:00,2025-03-09,5,Weekend,None,3,baseline_lag1,1858.0,3581.0
2025-03-09 05:00:00,2025-03-09,5,Weekend,None,3,baseline_lag168,1858.0,988.0
2025-03-09 05:00:00,2025-03-09,5,Weekend,None,3,baseline_lag24,1858.0,841.0
2025-03-09 05:00:00,2025-03-09,5,Weekend,None,3,hist_gradient_boosting_24h,1858.0,1093.4974727827698
2025-03-09 05:00:00,2025-03-09,5,Weekend,None,3,hist_gradient_boosting_lag1,1858.0,1582.072710369504
2025-03-09 06:00:00,2025-03-09,6,Weekend,None,3,baseline_lag1,1454.0,1858.0
2025-03-09 06:00:00,2025-03-09,6,Weekend,None,3,baseline_lag168,1454.0,1082.0
2025-03-09 06:00:00,2025-03-09,6,Weekend,None,3,baseline_lag24,1454.0,923.0
2025-03-09 06:00:00,2025-03-09,6,Weekend,None,3,hist_gradient_boosting_24h,1454.0,1087.1963791770422
2025-03-09 06:00:00,2025-03-09,6,Weekend,None,3,hist_gradient_boosting_lag1,1454.0,1564.1666319211672
2025-03-09 07:00:00,2025-03-09,7,Weekend,None,3,baseline_lag1,1477.0,1454.0
2025-03-09 07:00:00,2025-03-09,7,Weekend,None,3,baseline_lag168,1477.0,1507.0
2025-03-09 07:00:00,2025-03-09,7,Weekend,None,3,baseline_lag24,1477.0,1358.0
2025-03-09 07:00:00,2025-03-09,7,Weekend,None,3,hist_gradient_boosting_24h,1477.0,1905.165958928606
2025-03-09 07:00:00,2025-03-09,7,Weekend,None,3,hist_gradient_boosting_lag1,1477.0,2321.289471376118
2025-03-09 08:00:00,2025-03-09,8,Weekend,None,3,baseline_lag1,2115.0,1477.0
2025-03-09 08:00:00,2025-03-09,8,Weekend,None,3,baseline_lag168,2115.0,2425.0
2025-03-09 08:00:00,2025-03-09,8,Weekend,None,3,baseline_lag24,2115.0,2249.0
2025-03-09 08:00:00,2025-03-09,8,Weekend,None,3,hist_gradient_boosting_24h,2115.0,2771.0201458015613
2025-03-09 08:00:00,2025-03-09,8,Weekend,None,3,hist_gradient_boosting_lag1,2115.0,2364.2316156419547
2025-03-09 09:00:00,2025-03-09,9,Weekend,None,3,baseline_lag1,3235.0,2115.0
2025-03-09 09:00:00,2025-03-09,9,Weekend,None,3,baseline_lag168,3235.0,3585.0
2025-03-09 09:00:00,2025-03-09,9,Weekend,None,3,baseline_lag24,3235.0,3437.0
2025-03-09 09:00:00,2025-03-09,9,Weekend,None,3,hist_gradient_boosting_24h,3235.0,3319.4031502974676
2025-03-09 09:00:00,2025-03-09,9,Weekend,None,3,hist_gradient_boosting_lag1,3235.0,3530.9655699447185
2025-03-09 10:00:00,2025-03-09,10,Weekend,None,3,baseline_lag1,4346.0,3235.0
2025-03-09 10:00:00,2025-03-09,10,Weekend,None,3,baseline_lag168,4346.0,4749.0
2025-03-09 10:00:00,2025-03-09,10,Weekend,None,3,baseline_lag24,4346.0,4416.0
2025-03-09 10:00:00,2025-03-09,10,Weekend,None,3,hist_gradient_boosting_24h,4346.0,4530.736079822068
2025-03-09 10:00:00,2025-03-09,10,Weekend,None,3,hist_gradient_boosting_lag1,4346.0,4520.766442809418
2025-03-09 11:00:00,2025-03-09,11,Weekend,None,3,baseline_lag1,4978.0,4346.0
2025-03-09 11:00:00,2025-03-09,11,Weekend,None,3,baseline_lag168,4978.0,5491.0
2025-03-09 11:00:00,2025-03-09,11,Weekend,None,3,baseline_lag24,4978.0,5428.0
2025-03-09 11:00:00,2025-03-09,11,Weekend,None,3,hist_gradient_boosting_24h,4978.0,5601.3206219895255
2025-03-09 11:00:00,2025-03-09,11,Weekend,None,3,hist_gradient_boosting_lag1,4978.0,5525.207382507806
2025-03-09 12:00:00,2025-03-09,12,Weekend,None,3,baseline_lag1,5723.0,4978.0
2025-03-09 12:00:00,2025-03-09,12,Weekend,None,3,baseline_lag168,5723.0,6120.0
2025-03-09 12:00:00,2025-03-09,12,Weekend,None,3,baseline_lag24,5723.0,6111.0
2025-03-09 12:00:00,2025-03-09,12,Weekend,None,3,hist_gradient_boosting_24h,5723.0,6322.433848341091
2025-03-09 12:00:00,2025-03-09,12,Weekend,None,3,hist_gradient_boosting_lag1,5723.0,6451.936832315929
2025-03-09 13:00:00,2025-03-09,13,Weekend,None,3,baseline_lag1,5950.0,5723.0
2025-03-09 13:00:00,2025-03-09,13,Weekend,None,3,baseline_lag168,5950.0,6529.0
2025-03-09 13:00:00,2025-03-09,13,Weekend,None,3,baseline_lag24,5950.0,6615.0
2025-03-09 13:00:00,2025-03-09,13,Weekend,None,3,hist_gradient_boosting_24h,5950.0,6509.431856796106
2025-03-09 13:00:00,2025-03-09,13,Weekend,None,3,hist_gradient_boosting_lag1,5950.0,6291.78251095177
2025-03-09 14:00:00,2025-03-09,14,Weekend,None,3,baseline_lag1,6145.0,5950.0
2025-03-09 14:00:00,2025-03-09,14,Weekend,None,3,baseline_lag168,6145.0,6702.0
2025-03-09 14:00:00,2025-03-09,14,Weekend,None,3,baseline_lag24,6145.0,6497.0
2025-03-09 14:00:00,2025-03-09,14,Weekend,None,3,hist_gradient_boosting_24h,6145.0,6518.007485680841
2025-03-09 14:00:00,2025-03-09,14,Weekend,None,3,hist_gradient_boosting_lag1,6145.0,6533.766752305466
2025-03-09 15:00:00,2025-03-09,15,Weekend,None,3,baseline_lag1,5946.0,6145.0
2025-03-09 15:00:00,2025-03-09,15,Weekend,None,3,baseline_lag168,5946.0,6466.0
2025-03-09 15:00:00,2025-03-09,15,Weekend,None,3,baseline_lag24,5946.0,6926.0
2025-03-09 15:00:00,2025-03-09,15,Weekend,None,3,hist_gradient_boosting_24h,5946.0,6221.735760450359
2025-03-09 15:00:00,2025-03-09,15,Weekend,None,3,hist_gradient_boosting_lag1,5946.0,6524.335658622309
2025-03-09 16:00:00,2025-03-09,16,Weekend,None,3,baseline_lag1,6115.0,5946.0
2025-03-09 16:00:00,2025-03-09,16,Weekend,None,3,baseline_lag168,6115.0,7273.0
2025-03-09 16:00:00,2025-03-09,16,Weekend,None,3,baseline_lag24,6115.0,7601.0
2025-03-09 16:00:00,2025-03-09,16,Weekend,None,3,hist_gradient_boosting_24h,6115.0,6656.772304351102
2025-03-09 16:00:00,2025-03-09,16,Weekend,None,3,hist_gradient_boosting_lag1,6115.0,6621.60902300831
2025-03-09 17:00:00,2025-03-09,17,Weekend,None,3,baseline_lag1,6101.0,6115.0
2025-03-09 17:00:00,2025-03-09,17,Weekend,None,3,baseline_lag168,6101.0,7511.0
2025-03-09 17:00:00,2025-03-09,17,Weekend,None,3,baseline_lag24,6101.0,8670.0
2025-03-09 17:00:00,2025-03-09,17,Weekend,None,3,hist_gradient_boosting_24h,6101.0,6742.76288608522
2025-03-09 17:00:00,2025-03-09,17,Weekend,None,3,hist_gradient_boosting_lag1,6101.0,6529.197347616116
2025-03-09 18:00:00,2025-03-09,18,Weekend,None,3,baseline_lag1,5867.0,6101.0
2025-03-09 18:00:00,2025-03-09,18,Weekend,None,3,baseline_lag168,5867.0,8495.0
2025-03-09 18:00:00,2025-03-09,18,Weekend,None,3,baseline_lag24,5867.0,10168.0
2025-03-09 18:00:00,2025-03-09,18,Weekend,None,3,hist_gradient_boosting_24h,5867.0,8051.807358816334
2025-03-09 18:00:00,2025-03-09,18,Weekend,None,3,hist_gradient_boosting_lag1,5867.0,7081.365816273936
2025-03-09 19:00:00,2025-03-09,19,Weekend,None,3,baseline_lag1,6001.0,5867.0
2025-03-09 19:00:00,2025-03-09,19,Weekend,None,3,baseline_lag168,6001.0,6792.0
2025-03-09 19:00:00,2025-03-09,19,Weekend,None,3,baseline_lag24,6001.0,11195.0
2025-03-09 19:00:00,2025-03-09,19,Weekend,None,3,hist_gradient_boosting_24h,6001.0,6994.869600362633
2025-03-09 19:00:00,2025-03-09,19,Weekend,None,3,hist_gradient_boosting_lag1,6001.0,5295.513978047493
2025-03-09 20:00:00,2025-03-09,20,Weekend,None,3,baseline_lag1,5797.0,6001.0
2025-03-09 20:00:00,2025-03-09,20,Weekend,None,3,baseline_lag168,5797.0,5363.0
2025-03-09 20:00:00,2025-03-09,20,Weekend,None,3,baseline_lag24,5797.0,8401.0
2025-03-09 20:00:00,2025-03-09,20,Weekend,None,3,hist_gradient_boosting_24h,5797.0,4961.6301373238075
2025-03-09 20:00:00,2025-03-09,20,Weekend,None,3,hist_gradient_boosting_lag1,5797.0,5856.455774706649
2025-03-09 21:00:00,2025-03-09,21,Weekend,None,3,baseline_lag1,4761.0,5797.0
2025-03-09 21:00:00,2025-03-09,21,Weekend,None,3,baseline_lag168,4761.0,4891.0
2025-03-09 21:00:00,2025-03-09,21,Weekend,None,3,baseline_lag24,4761.0,7352.0
2025-03-09 21:00:00,2025-03-09,21,Weekend,None,3,hist_gradient_boosting_24h,4761.0,4450.25132790012
2025-03-09 21:00:00,2025-03-09,21,Weekend,None,3,hist_gradient_boosting_lag1,4761.0,5799.653460266932
2025-03-09 22:00:00,2025-03-09,22,Weekend,None,3,baseline_lag1,3501.0,4761.0
2025-03-09 22:00:00,2025-03-09,22,Weekend,None,3,baseline_lag168,3501.0,3929.0
2025-03-09 22:00:00,2025-03-09,22,Weekend,None,3,baseline_lag24,3501.0,8151.0
2025-03-09 22:00:00,2025-03-09,22,Weekend,None,3,hist_gradient_boosting_24h,3501.0,4832.856138398672
2025-03-09 22:00:00,2025-03-09,22,Weekend,None,3,hist_gradient_boosting_lag1,3501.0,4788.968831926475
2025-03-09 23:00:00,2025-03-09,23,Weekend,None,3,baseline_lag1,2366.0,3501.0
2025-03-09 23:00:00,2025-03-09,23,Weekend,None,3,baseline_lag168,2366.0,3498.0
2025-03-09 23:00:00,2025-03-09,23,Weekend,None,3,baseline_lag24,2366.0,9560.0
2025-03-09 23:00:00,2025-03-09,23,Weekend,None,3,hist_gradient_boosting_24h,2366.0,3443.4937244288863
2025-03-09 23:00:00,2025-03-09,23,Weekend,None,3,hist_gradient_boosting_lag1,2366.0,2356.748892962628
2025-03-17 00:00:00,2025-03-17,0,Weekday,None,4,baseline_lag1,1715.0,2309.0
2025-03-17 00:00:00,2025-03-17,0,Weekday,None,4,baseline_lag168,1715.0,1378.0
2025-03-17 00:00:00,2025-03-17,0,Weekday,None,4,baseline_lag24,1715.0,7899.0
2025-03-17 00:00:00,2025-03-17,0,Weekday,None,4,hist_gradient_boosting_24h,1715.0,1238.3710299925826
2025-03-17 00:00:00,2025-03-17,0,Weekday,None,4,hist_gradient_boosting_lag1,1715.0,786.5947258654573
2025-03-17 01:00:00,2025-03-17,1,Weekday,None,4,baseline_lag1,1058.0,1715.0
2025-03-17 01:00:00,2025-03-17,1,Weekday,None,4,baseline_lag168,1058.0,609.0
2025-03-17 01:00:00,2025-03-17,1,Weekday,None,4,baseline_lag24,1058.0,5820.0
2025-03-17 01:00:00,2025-03-17,1,Weekday,None,4,hist_gradient_boosting_24h,1058.0,1233.5841883053738
2025-03-17 01:00:00,2025-03-17,1,Weekday,None,4,hist_gradient_boosting_lag1,1058.0,803.8386063945987
2025-03-17 02:00:00,2025-03-17,2,Weekday,None,4,baseline_lag1,556.0,1058.0
2025-03-17 02:00:00,2025-03-17,2,Weekday,None,4,baseline_lag168,556.0,294.0
2025-03-17 02:00:00,2025-03-17,2,Weekday,None,4,baseline_lag24,556.0,4387.0
2025-03-17 02:00:00,2025-03-17,2,Weekday,None,4,hist_gradient_boosting_24h,556.0,582.509246869579
2025-03-17 02:00:00,2025-03-17,2,Weekday,None,4,hist_gradient_boosting_lag1,556.0,538.3988113437844
2025-03-17 03:00:00,2025-03-17,3,Weekday,None,4,baseline_lag1,497.0,556.0
2025-03-17 03:00:00,2025-03-17,3,Weekday,None,4,baseline_lag168,497.0,252.0
2025-03-17 03:00:00,2025-03-17,3,Weekday,None,4,baseline_lag24,497.0,2769.0
2025-03-17 03:00:00,2025-03-17,3,Weekday,None,4,hist_gradient_boosting_24h,497.0,393.09235902530287
2025-03-17 03:00:00,2025-03-17,3,Weekday,None,4,hist_gradient_boosting_lag1,497.0,413.2799927037221
2025-03-17 04:00:00,2025-03-17,4,Weekday,None,4,baseline_lag1,586.0,497.0
2025-03-17 04:00:00,2025-03-17,4,Weekday,None,4,baseline_lag168,586.0,331.0
2025-03-17 04:00:00,2025-03-17,4,Weekday,None,4,baseline_lag24,586.0,2015.0
2025-03-17 04:00:00,2025-03-17,4,Weekday,None,4,hist_gradient_boosting_24h,586.0,302.81957374460563
2025-03-17 04:00:00,2025-03-17,4,Weekday,None,4,hist_gradient_boosting_lag1,586.0,460.78920692267576
2025-03-17 05:00:00,2025-03-17,5,Weekday,None,4,baseline_lag1,1126.0,586.0
2025-03-17 05:00:00,2025-03-17,5,Weekday,None,4,baseline_lag168,1126.0,825.0
2025-03-17 05:00:00,2025-03-17,5,Weekday,None,4,baseline_lag24,1126.0,1214.0
2025-03-17 05:00:00,2025-03-17,5,Weekday,None,4,hist_gradient_boosting_24h,1126.0,814.1555776696578
2025-03-17 05:00:00,2025-03-17,5,Weekday,None,4,hist_gradient_boosting_lag1,1126.0,802.5391556529329
2025-03-17 06:00:00,2025-03-17,6,Weekday,None,4,baseline_lag1,2547.0,1126.0
2025-03-17 06:00:00,2025-03-17,6,Weekday,None,4,baseline_lag168,2547.0,1952.0
2025-03-17 06:00:00,2025-03-17,6,Weekday,None,4,baseline_lag24,2547.0,1497.0
2025-03-17 06:00:00,2025-03-17,6,Weekday,None,4,hist_gradient_boosting_24h,2547.0,2207.947657573073
2025-03-17 06:00:00,2025-03-17,6,Weekday,None,4,hist_gradient_boosting_lag1,2547.0,2190.719919295052
2025-03-17 07:00:00,2025-03-17,7,Weekday,None,4,baseline_lag1,4496.0,2547.0
2025-03-17 07:00:00,2025-03-17,7,Weekday,None,4,baseline_lag168,4496.0,4244.0
2025-03-17 07:00:00,2025-03-17,7,Weekday,None,4,baseline_lag24,4496.0,1843.0
2025-03-17 07:00:00,2025-03-17,7,Weekday,None,4,hist_gradient_boosting_24h,4496.0,4025.518257118889
2025-03-17 07:00:00,2025-03-17,7,Weekday,None,4,hist_gradient_boosting_lag1,4496.0,4453.006729929031
2025-03-17 08:00:00,2025-03-17,8,Weekday,None,4,baseline_lag1,5732.0,4496.0
2025-03-17 08:00:00,2025-03-17,8,Weekday,None,4,baseline_lag168,5732.0,5777.0
2025-03-17 08:00:00,2025-03-17,8,Weekday,None,4,baseline_lag24,5732.0,2392.0
2025-03-17 08:00:00,2025-03-17,8,Weekday,None,4,hist_gradient_boosting_24h,5732.0,5346.304146905306
2025-03-17 08:00:00,2025-03-17,8,Weekday,None,4,hist_gradient_boosting_lag1,5732.0,6018.420602013703
2025-03-17 09:00:00,2025-03-17,9,Weekday,None,4,baseline_lag1,5103.0,5732.0
2025-03-17 09:00:00,2025-03-17,9,Weekday,None,4,baseline_lag168,5103.0,5027.0
2025-03-17 09:00:00,2025-03-17,9,Weekday,None,4,baseline_lag24,5103.0,3681.0
2025-03-17 09:00:00,2025-03-17,9,Weekday,None,4,hist_gradient_boosting_24h,5103.0,4578.443519579959
2025-03-17 09:00:00,2025-03-17,9,Weekday,None,4,hist_gradient_boosting_lag1,5103.0,5377.041847260619
2025-03-17 10:00:00,2025-03-17,10,Weekday,None,4,baseline_lag1,4419.0,5103.0
2025-03-17 10:00:00,2025-03-17,10,Weekday,None,4,baseline_lag168,4419.0,4725.0
2025-03-17 10:00:00,2025-03-17,10,Weekday,None,4,baseline_lag24,4419.0,4774.0
2025-03-17 10:00:00,2025-03-17,10,Weekday,None,4,hist_gradient_boosting_24h,4419.0,4615.819570405928
2025-03-17 10:00:00,2025-03-17,10,Weekday,None,4,hist_gradient_boosting_lag1,4419.0,4926.822712058701
2025-03-17 11:00:00,2025-03-17,11,Weekday,None,4,baseline_lag1,4601.0,4419.0
2025-03-17 11:00:00,2025-03-17,11,Weekday,None,4,baseline_lag168,4601.0,4821.0
2025-03-17 11:00:00,2025-03-17,11,Weekday,None,4,baseline_lag24,4601.0,5358.0
2025-03-17 11:00:00,2025-03-17,11,Weekday,None,4,hist_gradient_boosting_24h,4601.0,4939.951552845356
2025-03-17 11:00:00,2025-03-17,11,Weekday,None,4,hist_gradient_boosting_lag1,4601.0,4663.709790311116
2025-03-17 12:00:00,2025-03-17,12,Weekday,None,4,baseline_lag1,5009.0,4601.0
2025-03-17 12:00:00,2025-03-17,12,Weekday,None,4,baseline_lag168,5009.0,5062.0
2025-03-17 12:00:00,2025-03-17,12,Weekday,None,4,baseline_lag24,5009.0,6032.0
2025-03-17 12:00:00,2025-03-17,12,Weekday,None,4,hist_gradient_boosting_24h,5009.0,5365.752145788325
2025-03-17 12:00:00,2025-03-17,12,Weekday,None,4,hist_gradient_boosting_lag1,5009.0,4889.1503612714205
2025-03-17 13:00:00,2025-03-17,13,Weekday,None,4,baseline_lag1,5018.0,5009.0
2025-03-17 13:00:00,2025-03-17,13,Weekday,None,4,baseline_lag168,5018.0,5272.0
2025-03-17 13:00:00,2025-03-17,13,Weekday,None,4,baseline_lag24,5018.0,6317.0
2025-03-17 13:00:00,2025-03-17,13,Weekday,None,4,hist_gradient_boosting_24h,5018.0,5486.029572465045
2025-03-17 13:00:00,2025-03-17,13,Weekday,None,4,hist_gradient_boosting_lag1,5018.0,5360.869377778464
2025-03-17 14:00:00,2025-03-17,14,Weekday,None,4,baseline_lag1,5603.0,5018.0
2025-03-17 14:00:00,2025-03-17,14,Weekday,None,4,baseline_lag168,5603.0,5878.0
2025-03-17 14:00:00,2025-03-17,14,Weekday,None,4,baseline_lag24,5603.0,6760.0
2025-03-17 14:00:00,2025-03-17,14,Weekday,None,4,hist_gradient_boosting_24h,5603.0,5843.911955234143
2025-03-17 14:00:00,2025-03-17,14,Weekday,None,4,hist_gradient_boosting_lag1,5603.0,5845.247119924659
2025-03-17 15:00:00,2025-03-17,15,Weekday,None,4,baseline_lag1,5870.0,5603.0
2025-03-17 15:00:00,2025-03-17,15,Weekday,None,4,baseline_lag168,5870.0,6199.0
2025-03-17 15:00:00,2025-03-17,15,Weekday,None,4,baseline_lag24,5870.0,6101.0
2025-03-17 15:00:00,2025-03-17,15,Weekday,None,4,hist_gradient_boosting_24h,5870.0,6354.339728069108
2025-03-17 15:00:00,2025-03-17,15,Weekday,None,4,hist_gradient_boosting_lag1,5870.0,6237.630225888868
2025-03-17 16:00:00,2025-03-17,16,Weekday,None,4,baseline_lag1,6201.0,5870.0
2025-03-17 16:00:00,2025-03-17,16,Weekday,None,4,baseline_lag168,6201.0,6053.0
2025-03-17 16:00:00,2025-03-17,16,Weekday,None,4,baseline_lag24,6201.0,5974.0
2025-03-17 16:00:00,2025-03-17,16,Weekday,None,4,hist_gradient_boosting_24h,6201.0,5923.02312276346
2025-03-17 16:00:00,2025-03-17,16,Weekday,None,4,hist_gradient_boosting_lag1,6201.0,5689.293594896549
2025-03-17 17:00:00,2025-03-17,17,Weekday,None,4,baseline_lag1,6875.0,6201.0
2025-03-17 17:00:00,2025-03-17,17,Weekday,None,4,baseline_lag168,6875.0,6546.0
2025-03-17 17:00:00,2025-03-17,17,Weekday,None,4,baseline_lag24,6875.0,6341.0
2025-03-17 17:00:00,2025-03-17,17,Weekday,None,4,hist_gradient_boosting_24h,6875.0,6578.308167395015
2025-03-17 17:00:00,2025-03-17,17,Weekday,None,4,hist_gradient_boosting_lag1,6875.0,6859.873258225582
2025-03-17 18:00:00,2025-03-17,18,Weekday,None,4,baseline_lag1,7036.0,6875.0
2025-03-17 18:00:00,2025-03-17,18,Weekday,None,4,baseline_lag168,7036.0,6617.0
2025-03-17 18:00:00,2025-03-17,18,Weekday,None,4,baseline_lag24,7036.0,6776.0
2025-03-17 18:00:00,2025-03-17,18,Weekday,None,4,hist_gradient_boosting_24h,7036.0,6628.803606923356
2025-03-17 18:00:00,2025-03-17,18,Weekday,None,4,hist_gradient_boosting_lag1,7036.0,6837.440610623122
2025-03-17 19:00:00,2025-03-17,19,Weekday,None,4,baseline_lag1,6310.0,7036.0
2025-03-17 19:00:00,2025-03-17,19,Weekday,None,4,baseline_lag168,6310.0,5936.0
2025-03-17 19:00:00,2025-03-17,19,Weekday,None,4,baseline_lag24,6310.0,6148.0
2025-03-17 19:00:00,2025-03-17,19,Weekday,None,4,hist_gradient_boosting_24h,6310.0,5960.278509365198
2025-03-17 19:00:00,2025-03-17,19,Weekday,None,4,hist_gradient_boosting_lag1,6310.0,6274.785461362369
2025-03-17 20:00:00,2025-03-17,20,Weekday,None,4,baseline_lag1,6803.0,6310.0
2025-03-17 20:00:00,2025-03-17,20,Weekday,None,4,baseline_lag168,6803.0,5926.0
2025-03-17 20:00:00,2025-03-17,20,Weekday,None,4,baseline_lag24,6803.0,5197.0
2025-03-17 20:00:00,2025-03-17,20,Weekday,None,4,hist_gradient_boosting_24h,6803.0,5654.282536205295
2025-03-17 20:00:00,2025-03-17,20,Weekday,None,4,hist_gradient_boosting_lag1,6803.0,6112.154064389486
2025-03-17 21:00:00,2025-03-17,21,Weekday,None,4,baseline_lag1,6998.0,6803.0
2025-03-17 21:00:00,2025-03-17,21,Weekday,None,4,baseline_lag168,6998.0,5676.0
2025-03-17 21:00:00,2025-03-17,21,Weekday,None,4,baseline_lag24,6998.0,4793.0
2025-03-17 21:00:00,2025-03-17,21,Weekday,None,4,hist_gradient_boosting_24h,6998.0,5749.649963470149
2025-03-17 21:00:00,2025-03-17,21,Weekday,None,4,hist_gradient_boosting_lag1,6998.0,6179.523978636459
2025-03-17 22:00:00,2025-03-17,22,Weekday,None,4,baseline_lag1,5955.0,6998.0
2025-03-17 22:00:00,2025-03-17,22,Weekday,None,4,baseline_lag168,5955.0,5318.0
2025-03-17 22:00:00,2025-03-17,22,Weekday,None,4,baseline_lag24,5955.0,3562.0
2025-03-17 22:00:00,2025-03-17,22,Weekday,None,4,hist_gradient_boosting_24h,5955.0,6163.186357838176
2025-03-17 22:00:00,2025-03-17,22,Weekday,None,4,hist_gradient_boosting_lag1,5955.0,5218.329324225112
2025-03-17 23:00:00,2025-03-17,23,Weekday,None,4,baseline_lag1,3192.0,5955.0
2025-03-17 23:00:00,2025-03-17,23,Weekday,None,4,baseline_lag168,3192.0,3092.0
2025-03-17 23:00:00,2025-03-17,23,Weekday,None,4,baseline_lag24,3192.0,2309.0
2025-03-17 23:00:00,2025-03-17,23,Weekday,None,4,hist_gradient_boosting_24h,3192.0,3063.182554426161
2025-03-17 23:00:00,2025-03-17,23,Weekday,None,4,hist_gradient_boosting_lag1,3192.0,3516.575250670832
2025-03-18 00:00:00,2025-03-18,0,Weekday,None,4,baseline_lag1,1879.0,3192.0
2025-03-18 00:00:00,2025-03-18,0,Weekday,None,4,baseline_lag168,1879.0,1518.0
2025-03-18 00:00:00,2025-03-18,0,Weekday,None,4,baseline_lag24,1879.0,1715.0
2025-03-18 00:00:00,2025-03-18,0,Weekday,None,4,hist_gradient_boosting_24h,1879.0,1101.0878339793405
2025-03-18 00:00:00,2025-03-18,0,Weekday,None,4,hist_gradient_boosting_lag1,1879.0,1225.2357001219275
2025-03-18 01:00:00,2025-03-18,1,Weekday,None,4,baseline_lag1,739.0,1879.0
2025-03-18 01:00:00,2025-03-18,1,Weekday,None,4,baseline_lag168,739.0,676.0
2025-03-18 01:00:00,2025-03-18,1,Weekday,None,4,baseline_lag24,739.0,1058.0
2025-03-18 01:00:00,2025-03-18,1,Weekday,None,4,hist_gradient_boosting_24h,739.0,825.0986918379065
2025-03-18 01:00:00,2025-03-18,1,Weekday,None,4,hist_gradient_boosting_lag1,739.0,897.3937203712856
2025-03-18 02:00:00,2025-03-18,2,Weekday,None,4,baseline_lag1,393.0,739.0
2025-03-18 02:00:00,2025-03-18,2,Weekday,None,4,baseline_lag168,393.0,304.0
2025-03-18 02:00:00,2025-03-18,2,Weekday,None,4,baseline_lag24,393.0,556.0
2025-03-18 02:00:00,2025-03-18,2,Weekday,None,4,hist_gradient_boosting_24h,393.0,372.34492350427445
2025-03-18 02:00:00,2025-03-18,2,Weekday,None,4,hist_gradient_boosting_lag1,393.0,435.93541802650674
2025-03-18 03:00:00,2025-03-18,3,Weekday,None,4,baseline_lag1,327.0,393.0
2025-03-18 03:00:00,2025-03-18,3,Weekday,None,4,baseline_lag168,327.0,226.0
2025-03-18 03:00:00,2025-03-18,3,Weekday,None,4,baseline_lag24,327.0,497.0
2025-03-18 03:00:00,2025-03-18,3,Weekday,None,4,hist_gradient_boosting_24h,327.0,283.79889945512633
2025-03-18 03:00:00,2025-03-18,3,Weekday,None,4,hist_gradient_boosting_lag1,327.0,292.06950425668845
2025-03-18 04:00:00,2025-03-18,4,Weekday,None,4,baseline_lag1,379.0,327.0
2025-03-18 04:00:00,2025-03-18,4,Weekday,None,4,baseline_lag168,379.0,267.0
2025-03-18 04:00:00,2025-03-18,4,Weekday,None,4,baseline_lag24,379.0,586.0
2025-03-18 04:00:00,2025-03-18,4,Weekday,None,4,hist_gradient_boosting_24h,379.0,378.00138240224516
2025-03-18 04:00:00,2025-03-18,4,Weekday,None,4,hist_gradient_boosting_lag1,379.0,387.6395062332045
2025-03-18 05:00:00,2025-03-18,5,Weekday,None,4,baseline_lag1,875.0,379.0
2025-03-18 05:00:00,2025-03-18,5,Weekday,None,4,baseline_lag168,875.0,726.0
2025-03-18 05:00:00,2025-03-18,5,Weekday,None,4,baseline_lag24,875.0,1126.0
2025-03-18 05:00:00,2025-03-18,5,Weekday,None,4,hist_gradient_boosting_24h,875.0,877.4006813770064
2025-03-18 05:00:00,2025-03-18,5,Weekday,None,4,hist_gradient_boosting_lag1,875.0,755.1264801591325
2025-03-18 06:00:00,2025-03-18,6,Weekday,None,4,baseline_lag1,2145.0,875.0
2025-03-18 06:00:00,2025-03-18,6,Weekday,None,4,baseline_lag168,2145.0,2003.0
2025-03-18 06:00:00,2025-03-18,6,Weekday,None,4,baseline_lag24,2145.0,2547.0
2025-03-18 06:00:00,2025-03-18,6,Weekday,None,4,hist_gradient_boosting_24h,2145.0,2246.394366372607
2025-03-18 06:00:00,2025-03-18,6,Weekday,None,4,hist_gradient_boosting_lag1,2145.0,2066.737275982264
2025-03-18 07:00:00,2025-03-18,7,Weekday,None,4,baseline_lag1,4331.0,2145.0
2025-03-18 07:00:00,2025-03-18,7,Weekday,None,4,baseline_lag168,4331.0,4541.0
2025-03-18 07:00:00,2025-03-18,7,Weekday,None,4,baseline_lag24,4331.0,4496.0
2025-03-18 07:00:00,2025-03-18,7,Weekday,None,4,hist_gradient_boosting_24h,4331.0,4422.037721925416
2025-03-18 07:00:00,2025-03-18,7,Weekday,None,4,hist_gradient_boosting_lag1,4331.0,4691.214904145685
2025-03-18 08:00:00,2025-03-18,8,Weekday,None,4,baseline_lag1,6353.0,4331.0
2025-03-18 08:00:00,2025-03-18,8,Weekday,None,4,baseline_lag168,6353.0,6295.0
2025-03-18 08:00:00,2025-03-18,8,Weekday,None,4,baseline_lag24,6353.0,5732.0
2025-03-18 08:00:00,2025-03-18,8,Weekday,None,4,hist_gradient_boosting_24h,6353.0,6275.451066149831
2025-03-18 08:00:00,2025-03-18,8,Weekday,None,4,hist_gradient_boosting_lag1,6353.0,6229.695826740065
2025-03-18 09:00:00,2025-03-18,9,Weekday,None,4,baseline_lag1,6160.0,6353.0
2025-03-18 09:00:00,2025-03-18,9,Weekday,None,4,baseline_lag168,6160.0,5940.0
2025-03-18 09:00:00,2025-03-18,9,Weekday,None,4,baseline_lag24,6160.0,5103.0
2025-03-18 09:00:00,2025-03-18,9,Weekday,None,4,hist_gradient_boosting_24h,6160.0,5989.29080641256
2025-03-18 09:00:00,2025-03-18,9,Weekday,None,4,hist_gradient_boosting_lag1,6160.0,6075.297523362962
2025-03-18 10:00:00,2025-03-18,10,Weekday,None,4,baseline_lag1,5628.0,6160.0
2025-03-18 10:00:00,2025-03-18,10,Weekday,None,4,baseline_lag168,5628.0,5457.0
2025-03-18 10:00:00,2025-03-18,10,Weekday,None,4,baseline_lag24,5628.0,4419.0
2025-03-18 10:00:00,2025-03-18,10,Weekday,None,4,hist_gradient_boosting_24h,5628.0,5244.16595642936
2025-03-18 10:00:00,2025-03-18,10,Weekday,None,4,hist_gradient_boosting_lag1,5628.0,5385.727111360766
2025-03-18 11:00:00,2025-03-18,11,Weekday,None,4,baseline_lag1,5541.0,5628.0
2025-03-18 11:00:00,2025-03-18,11,Weekday,None,4,baseline_lag168,5541.0,5479.0
2025-03-18 11:00:00,2025-03-18,11,Weekday,None,4,baseline_lag24,5541.0,4601.0
2025-03-18 11:00:00,2025-03-18,11,Weekday,None,4,hist_gradient_boosting_24h,5541.0,5189.783519595651
2025-03-18 11:00:00,2025-03-18,11,Weekday,None,4,hist_gradient_boosting_lag1,5541.0,5496.321539519274
2025-03-18 12:00:00,2025-03-18,12,Weekday,None,4,baseline_lag1,5988.0,5541.0
2025-03-18 12:00:00,2025-03-18,12,Weekday,None,4,baseline_lag168,5988.0,5753.0
2025-03-18 12:00:00,2025-03-18,12,Weekday,None,4,baseline_lag24,5988.0,5009.0
2025-03-18 12:00:00,2025-03-18,12,Weekday,None,4,hist_gradient_boosting_24h,5988.0,5727.515312753693
2025-03-18 12:00:00,2025-03-18,12,Weekday,None,4,hist_gradient_boosting_lag1,5988.0,5865.447691993269
2025-03-18 13:00:00,2025-03-18,13,Weekday,None,4,baseline_lag1,6024.0,5988.0
2025-03-18 13:00:00,2025-03-18,13,Weekday,None,4,baseline_lag168,6024.0,6124.0
2025-03-18 13:00:00,2025-03-18,13,Weekday,None,4,baseline_lag24,6024.0,5018.0
2025-03-18 13:00:00,2025-03-18,13,Weekday,None,4,hist_gradient_boosting_24h,6024.0,5901.568144005672
2025-03-18 13:00:00,2025-03-18,13,Weekday,None,4,hist_gradient_boosting_lag1,6024.0,6165.018995801176
2025-03-18 14:00:00,2025-03-18,14,Weekday,None,4,baseline_lag1,6494.0,6024.0
2025-03-18 14:00:00,2025-03-18,14,Weekday,None,4,baseline_lag168,6494.0,6613.0
2025-03-18 14:00:00,2025-03-18,14,Weekday,None,4,baseline_lag24,6494.0,5603.0
2025-03-18 14:00:00,2025-03-18,14,Weekday,None,4,hist_gradient_boosting_24h,6494.0,6430.868501250206
2025-03-18 14:00:00,2025-03-18,14,Weekday,None,4,hist_gradient_boosting_lag1,6494.0,6424.278979297955
2025-03-18 15:00:00,2025-03-18,15,Weekday,None,4,baseline_lag1,6476.0,6494.0
2025-03-18 15:00:00,2025-03-18,15,Weekday,None,4,baseline_lag168,6476.0,7055.0
2025-03-18 15:00:00,2025-03-18,15,Weekday,None,4,baseline_lag24,6476.0,5870.0
2025-03-18 15:00:00,2025-03-18,15,Weekday,None,4,hist_gradient_boosting_24h,6476.0,6704.608149820496
2025-03-18 15:00:00,2025-03-18,15,Weekday,None,4,hist_gradient_boosting_lag1,6476.0,6994.440263403985
2025-03-18 16:00:00,2025-03-18,16,Weekday,None,4,baseline_lag1,6450.0,6476.0
2025-03-18 16:00:00,2025-03-18,16,Weekday,None,4,baseline_lag168,6450.0,6941.0
2025-03-18 16:00:00,2025-03-18,16,Weekday,None,4,baseline_lag24,6450.0,6201.0
2025-03-18 16:00:00,2025-03-18,16,Weekday,None,4,hist_gradient_boosting_24h,6450.0,6985.20082724781
2025-03-18 16:00:00,2025-03-18,16,Weekday,None,4,hist_gradient_boosting_lag1,6450.0,6857.893748138806
2025-03-18 17:00:00,2025-03-18,17,Weekday,None,4,baseline_lag1,7386.0,6450.0
2025-03-18 17:00:00,2025-03-18,17,Weekday,None,4,baseline_lag168,7386.0,7831.0
2025-03-18 17:00:00,2025-03-18,17,Weekday,None,4,baseline_lag24,7386.0,6875.0
2025-03-18 17:00:00,2025-03-18,17,Weekday,None,4,hist_gradient_boosting_24h,7386.0,8010.739914670338
2025-03-18 17:00:00,2025-03-18,17,Weekday,None,4,hist_gradient_boosting_lag1,7386.0,7845.141331944891
2025-03-18 18:00:00,2025-03-18,18,Weekday,None,4,baseline_lag1,7779.0,7386.0
2025-03-18 18:00:00,2025-03-18,18,Weekday,None,4,baseline_lag168,7779.0,8420.0
2025-03-18 18:00:00,2025-03-18,18,Weekday,None,4,baseline_lag24,7779.0,7036.0
2025-03-18 18:00:00,2025-03-18,18,Weekday,None,4,hist_gradient_boosting_24h,7779.0,8244.861655863779
2025-03-18 18:00:00,2025-03-18,18,Weekday,None,4,hist_gradient_boosting_lag1,7779.0,7955.2621244912
2025-03-18 19:00:00,2025-03-18,19,Weekday,None,4,baseline_lag1,6936.0,7779.0
2025-03-18 19:00:00,2025-03-18,19,Weekday,None,4,baseline_lag168,6936.0,7573.0
2025-03-18 19:00:00,2025-03-18,19,Weekday,None,4,baseline_lag24,6936.0,6310.0
2025-03-18 19:00:00,2025-03-18,19,Weekday,None,4,hist_gradient_boosting_24h,6936.0,7552.990073386679
2025-03-18 19:00:00,2025-03-18,19,Weekday,None,4,hist_gradient_boosting_lag1,6936.0,7536.9464201851615
2025-03-18 20:00:00,2025-03-18,20,Weekday,None,4,baseline_lag1,7679.0,6936.0
2025-03-18 20:00:00,2025-03-18,20,Weekday,None,4,baseline_lag168,7679.0,8237.0
2025-03-18 20:00:00,2025-03-18,20,Weekday,None,4,baseline_lag24,7679.0,6803.0
2025-03-18 20:00:00,2025-03-18,20,Weekday,None,4,hist_gradient_boosting_24h,7679.0,8270.633321566396
2025-03-18 20:00:00,2025-03-18,20,Weekday,None,4,hist_gradient_boosting_lag1,7679.0,7603.655153832242
2025-03-18 21:00:00,2025-03-18,21,Weekday,None,4,baseline_lag1,8553.0,7679.0
2025-03-18 21:00:00,2025-03-18,21,Weekday,None,4,baseline_lag168,8553.0,8349.0
2025-03-18 21:00:00,2025-03-18,21,Weekday,None,4,baseline_lag24,8553.0,6998.0
2025-03-18 21:00:00,2025-03-18,21,Weekday,None,4,hist_gradient_boosting_24h,8553.0,8533.919601192925
2025-03-18 21:00:00,2025-03-18,21,Weekday,None,4,hist_gradient_boosting_lag1,8553.0,8316.130041902303
2025-03-18 22:00:00,2025-03-18,22,Weekday,None,4,baseline_lag1,7074.0,8553.0
2025-03-18 22:00:00,2025-03-18,22,Weekday,None,4,baseline_lag168,7074.0,6896.0
2025-03-18 22:00:00,2025-03-18,22,Weekday,None,4,baseline_lag24,7074.0,5955.0
2025-03-18 22:00:00,2025-03-18,22,Weekday,None,4,hist_gradient_boosting_24h,7074.0,7777.725568143057
2025-03-18 22:00:00,2025-03-18,22,Weekday,None,4,hist_gradient_boosting_lag1,7074.0,7397.512430487314
2025-03-18 23:00:00,2025-03-18,23,Weekday,None,4,baseline_lag1,3533.0,7074.0
2025-03-18 23:00:00,2025-03-18,23,Weekday,None,4,baseline_lag168,3533.0,3368.0
2025-03-18 23:00:00,2025-03-18,23,Weekday,None,4,baseline_lag24,3533.0,3192.0
2025-03-18 23:00:00,2025-03-18,23,Weekday,None,4,hist_gradient_boosting_24h,3533.0,3847.3346620908796
2025-03-18 23:00:00,2025-03-18,23,Weekday,None,4,hist_gradient_boosting_lag1,3533.0,3928.6171675719393
2025-03-19 00:00:00,2025-03-19,0,Weekday,None,4,baseline_lag1,1528.0,3533.0
2025-03-19 00:00:00,2025-03-19,0,Weekday,None,4,baseline_lag168,1528.0,1477.0
2025-03-19 00:00:00,2025-03-19,0,Weekday,None,4,baseline_lag24,1528.0,1879.0
2025-03-19 00:00:00,2025-03-19,0,Weekday,None,4,hist_gradient_boosting_24h,1528.0,1498.3192508710208
2025-03-19 00:00:00,2025-03-19,0,Weekday,None,4,hist_gradient_boosting_lag1,1528.0,1441.3699142998698
2025-03-19 01:00:00,2025-03-19,1,Weekday,None,4,baseline_lag1,715.0,1528.0
2025-03-19 01:00:00,2025-03-19,1,Weekday,None,4,baseline_lag168,715.0,730.0
2025-03-19 01:00:00,2025-03-19,1,Weekday,None,4,baseline_lag24,715.0,739.0
2025-03-19 01:00:00,2025-03-19,1,Weekday,None,4,hist_gradient_boosting_24h,715.0,754.0741931656596
2025-03-19 01:00:00,2025-03-19,1,Weekday,None,4,hist_gradient_boosting_lag1,715.0,716.0539535678809
2025-03-19 02:00:00,2025-03-19,2,Weekday,None,4,baseline_lag1,358.0,715.0
2025-03-19 02:00:00,2025-03-19,2,Weekday,None,4,baseline_lag168,358.0,335.0
2025-03-19 02:00:00,2025-03-19,2,Weekday,None,4,baseline_lag24,358.0,393.0
2025-03-19 02:00:00,2025-03-19,2,Weekday,None,4,hist_gradient_boosting_24h,358.0,317.51380656951454
2025-03-19 02:00:00,2025-03-19,2,Weekday,None,4,hist_gradient_boosting_lag1,358.0,404.6509501156459
2025-03-19 03:00:00,2025-03-19,3,Weekday,None,4,baseline_lag1,210.0,358.0
2025-03-19 03:00:00,2025-03-19,3,Weekday,None,4,baseline_lag168,210.0,263.0
2025-03-19 03:00:00,2025-03-19,3,Weekday,None,4,baseline_lag24,210.0,327.0
2025-03-19 03:00:00,2025-03-19,3,Weekday,None,4,hist_gradient_boosting_24h,210.0,329.7226003646168
2025-03-19 03:00:00,2025-03-19,3,Weekday,None,4,hist_gradient_boosting_lag1,210.0,278.26851378980587
2025-03-19 04:00:00,2025-03-19,4,Weekday,None,4,baseline_lag1,369.0,210.0
2025-03-19 04:00:00,2025-03-19,4,Weekday,None,4,baseline_lag168,369.0,348.0
2025-03-19 04:00:00,2025-03-19,4,Weekday,None,4,baseline_lag24,369.0,379.0
2025-03-19 04:00:00,2025-03-19,4,Weekday,None,4,hist_gradient_boosting_24h,369.0,280.6655789768392
2025-03-19 04:00:00,2025-03-19,4,Weekday,None,4,hist_gradient_boosting_lag1,369.0,318.75680629957463
2025-03-19 05:00:00,2025-03-19,5,Weekday,None,4,baseline_lag1,842.0,369.0
2025-03-19 05:00:00,2025-03-19,5,Weekday,None,4,baseline_lag168,842.0,697.0
2025-03-19 05:00:00,2025-03-19,5,Weekday,None,4,baseline_lag24,842.0,875.0
2025-03-19 05:00:00,2025-03-19,5,Weekday,None,4,hist_gradient_boosting_24h,842.0,815.5002436986812
2025-03-19 05:00:00,2025-03-19,5,Weekday,None,4,hist_gradient_boosting_lag1,842.0,788.8349012531216
2025-03-19 06:00:00,2025-03-19,6,Weekday,None,4,baseline_lag1,1996.0,842.0
2025-03-19 06:00:00,2025-03-19,6,Weekday,None,4,baseline_lag168,1996.0,2021.0
2025-03-19 06:00:00,2025-03-19,6,Weekday,None,4,baseline_lag24,1996.0,2145.0
2025-03-19 06:00:00,2025-03-19,6,Weekday,None,4,hist_gradient_boosting_24h,1996.0,2153.100984151337
2025-03-19 06:00:00,2025-03-19,6,Weekday,None,4,hist_gradient_boosting_lag1,1996.0,2118.3187120022203
2025-03-19 07:00:00,2025-03-19,7,Weekday,None,4,baseline_lag1,4260.0,1996.0
2025-03-19 07:00:00,2025-03-19,7,Weekday,None,4,baseline_lag168,4260.0,4614.0
2025-03-19 07:00:00,2025-03-19,7,Weekday,None,4,baseline_lag24,4260.0,4331.0
2025-03-19 07:00:00,2025-03-19,7,Weekday,None,4,hist_gradient_boosting_24h,4260.0,4551.083224799686
2025-03-19 07:00:00,2025-03-19,7,Weekday,None,4,hist_gradient_boosting_lag1,4260.0,4473.036574188858
2025-03-19 08:00:00,2025-03-19,8,Weekday,None,4,baseline_lag1,6343.0,4260.0
2025-03-19 08:00:00,2025-03-19,8,Weekday,None,4,baseline_lag168,6343.0,6466.0
2025-03-19 08:00:00,2025-03-19,8,Weekday,None,4,baseline_lag24,6343.0,6353.0
2025-03-19 08:00:00,2025-03-19,8,Weekday,None,4,hist_gradient_boosting_24h,6343.0,6440.742324655527
2025-03-19 08:00:00,2025-03-19,8,Weekday,None,4,hist_gradient_boosting_lag1,6343.0,6228.863701512441
2025-03-19 09:00:00,2025-03-19,9,Weekday,None,4,baseline_lag1,6123.0,6343.0
2025-03-19 09:00:00,2025-03-19,9,Weekday,None,4,baseline_lag168,6123.0,6284.0
2025-03-19 09:00:00,2025-03-19,9,Weekday,None,4,baseline_lag24,6123.0,6160.0
2025-03-19 09:00:00,2025-03-19,9,Weekday,None,4,hist_gradient_boosting_24h,6123.0,6074.6569730331075
2025-03-19 09:00:00,2025-03-19,9,Weekday,None,4,hist_gradient_boosting_lag1,6123.0,6205.4840452058625
2025-03-19 10:00:00,2025-03-19,10,Weekday,None,4,baseline_lag1,5326.0,6123.0
2025-03-19 10:00:00,2025-03-19,10,Weekday,None,4,baseline_lag168,5326.0,5916.0
2025-03-19 10:00:00,2025-03-19,10,Weekday,None,4,baseline_lag24,5326.0,5628.0
2025-03-19 10:00:00,2025-03-19,10,Weekday,None,4,hist_gradient_boosting_24h,5326.0,5615.7101276415515
2025-03-19 10:00:00,2025-03-19,10,Weekday,None,4,hist_gradient_boosting_lag1,5326.0,5805.686795680089
2025-03-19 11:00:00,2025-03-19,11,Weekday,None,4,baseline_lag1,5367.0,5326.0
2025-03-19 11:00:00,2025-03-19,11,Weekday,None,4,baseline_lag168,5367.0,5798.0
2025-03-19 11:00:00,2025-03-19,11,Weekday,None,4,baseline_lag24,5367.0,5541.0
2025-03-19 11:00:00,2025-03-19,11,Weekday,None,4,hist_gradient_boosting_24h,5367.0,5722.153940857403
2025-03-19 11:00:00,2025-03-19,11,Weekday,None,4,hist_gradient_boosting_lag1,5367.0,5621.728957928607
2025-03-19 12:00:00,2025-03-19,12,Weekday,None,4,baseline_lag1,5870.0,5367.0
2025-03-19 12:00:00,2025-03-19,12,Weekday,None,4,baseline_lag168,5870.0,6395.0
2025-03-19 12:00:00,2025-03-19,12,Weekday,None,4,baseline_lag24,5870.0,5988.0
2025-03-19 12:00:00,2025-03-19,12,Weekday,None,4,hist_gradient_boosting_24h,5870.0,6076.4504248274925
2025-03-19 12:00:00,2025-03-19,12,Weekday,None,4,hist_gradient_boosting_lag1,5870.0,5933.725127877194
2025-03-19 13:00:00,2025-03-19,13,Weekday,None,4,baseline_lag1,6077.0,5870.0
2025-03-19 13:00:00,2025-03-19,13,Weekday,None,4,baseline_lag168,6077.0,6555.0
2025-03-19 13:00:00,2025-03-19,13,Weekday,None,4,baseline_lag24,6077.0,6024.0
2025-03-19 13:00:00,2025-03-19,13,Weekday,None,4,hist_gradient_boosting_24h,6077.0,6188.6946772746
2025-03-19 13:00:00,2025-03-19,13,Weekday,None,4,hist_gradient_boosting_lag1,6077.0,6257.583367864205
2025-03-19 14:00:00,2025-03-19,14,Weekday,None,4,baseline_lag1,6472.0,6077.0
2025-03-19 14:00:00,2025-03-19,14,Weekday,None,4,baseline_lag168,6472.0,7183.0
2025-03-19 14:00:00,2025-03-19,14,Weekday,None,4,baseline_lag24,6472.0,6494.0
2025-03-19 14:00:00,2025-03-19,14,Weekday,None,4,hist_gradient_boosting_24h,6472.0,6325.1836317801135
2025-03-19 14:00:00,2025-03-19,14,Weekday,None,4,hist_gradient_boosting_lag1,6472.0,6432.139277376934
2025-03-19 15:00:00,2025-03-19,15,Weekday,None,4,baseline_lag1,6484.0,6472.0
2025-03-19 15:00:00,2025-03-19,15,Weekday,None,4,baseline_lag168,6484.0,7356.0
2025-03-19 15:00:00,2025-03-19,15,Weekday,None,4,baseline_lag24,6484.0,6476.0
2025-03-19 15:00:00,2025-03-19,15,Weekday,None,4,hist_gradient_boosting_24h,6484.0,6642.832309863618
2025-03-19 15:00:00,2025-03-19,15,Weekday,None,4,hist_gradient_boosting_lag1,6484.0,7093.9602630586505
2025-03-19 16:00:00,2025-03-19,16,Weekday,None,4,baseline_lag1,6526.0,6484.0
2025-03-19 16:00:00,2025-03-19,16,Weekday,None,4,baseline_lag168,6526.0,7374.0
2025-03-19 16:00:00,2025-03-19,16,Weekday,None,4,baseline_lag24,6526.0,6450.0
2025-03-19 16:00:00,2025-03-19,16,Weekday,None,4,hist_gradient_boosting_24h,6526.0,6882.917205638555
2025-03-19 16:00:00,2025-03-19,16,Weekday,None,4,hist_gradient_boosting_lag1,6526.0,6825.943870157154
2025-03-19 17:00:00,2025-03-19,17,Weekday,None,4,baseline_lag1,7872.0,6526.0
2025-03-19 17:00:00,2025-03-19,17,Weekday,None,4,baseline_lag168,7872.0,8565.0
2025-03-19 17:00:00,2025-03-19,17,Weekday,None,4,baseline_lag24,7872.0,7386.0
2025-03-19 17:00:00,2025-03-19,17,Weekday,None,4,hist_gradient_boosting_24h,7872.0,8241.940473452862
2025-03-19 17:00:00,2025-03-19,17,Weekday,None,4,hist_gradient_boosting_lag1,7872.0,7912.552221629749
2025-03-19 18:00:00,2025-03-19,18,Weekday,None,4,baseline_lag1,8246.0,7872.0
2025-03-19 18:00:00,2025-03-19,18,Weekday,None,4,baseline_lag168,8246.0,9280.0
2025-03-19 18:00:00,2025-03-19,18,Weekday,None,4,baseline_lag24,8246.0,7779.0
2025-03-19 18:00:00,2025-03-19,18,Weekday,None,4,hist_gradient_boosting_24h,8246.0,9145.12310451202
2025-03-19 18:00:00,2025-03-19,18,Weekday,None,4,hist_gradient_boosting_lag1,8246.0,8364.32565775927
2025-03-19 19:00:00,2025-03-19,19,Weekday,None,4,baseline_lag1,7676.0,8246.0
2025-03-19 19:00:00,2025-03-19,19,Weekday,None,4,baseline_lag168,7676.0,8640.0
2025-03-19 19:00:00,2025-03-19,19,Weekday,None,4,baseline_lag24,7676.0,6936.0
2025-03-19 19:00:00,2025-03-19,19,Weekday,None,4,hist_gradient_boosting_24h,7676.0,8081.834156747661
2025-03-19 19:00:00,2025-03-19,19,Weekday,None,4,hist_gradient_boosting_lag1,7676.0,7718.69457374149
2025-03-19 20:00:00,2025-03-19,20,Weekday,None,4,baseline_lag1,8644.0,7676.0
2025-03-19 20:00:00,2025-03-19,20,Weekday,None,4,baseline_lag168,8644.0,9603.0
2025-03-19 20:00:00,2025-03-19,20,Weekday,None,4,baseline_lag24,8644.0,7679.0
2025-03-19 20:00:00,2025-03-19,20,Weekday,None,4,hist_gradient_boosting_24h,8644.0,8548.088338675176
2025-03-19 20:00:00,2025-03-19,20,Weekday,None,4,hist_gradient_boosting_lag1,8644.0,7673.386289096943
2025-03-19 21:00:00,2025-03-19,21,Weekday,None,4,baseline_lag1,9070.0,8644.0
2025-03-19 21:00:00,2025-03-19,21,Weekday,None,4,baseline_lag168,9070.0,9680.0
2025-03-19 21:00:00,2025-03-19,21,Weekday,None,4,baseline_lag24,9070.0,8553.0
2025-03-19 21:00:00,2025-03-19,21,Weekday,None,4,hist_gradient_boosting_24h,9070.0,8748.03675242866
2025-03-19 21:00:00,2025-03-19,21,Weekday,None,4,hist_gradient_boosting_lag1,9070.0,8811.51399179774
2025-03-19 22:00:00,2025-03-19,22,Weekday,None,4,baseline_lag1,7859.0,9070.0
2025-03-19 22:00:00,2025-03-19,22,Weekday,None,4,baseline_lag168,7859.0,8297.0
2025-03-19 22:00:00,2025-03-19,22,Weekday,None,4,baseline_lag24,7859.0,7074.0
2025-03-19 22:00:00,2025-03-19,22,Weekday,None,4,hist_gradient_boosting_24h,7859.0,8125.871553498026
2025-03-19 22:00:00,2025-03-19,22,Weekday,None,4,hist_gradient_boosting_lag1,7859.0,8126.970861316327
2025-03-19 23:00:00,2025-03-19,23,Weekday,None,4,baseline_lag1,4316.0,7859.0
2025-03-19 23:00:00,2025-03-19,23,Weekday,None,4,baseline_lag168,4316.0,4475.0
2025-03-19 23:00:00,2025-03-19,23,Weekday,None,4,baseline_lag24,4316.0,3533.0
2025-03-19 23:00:00,2025-03-19,23,Weekday,None,4,hist_gradient_boosting_24h,4316.0,4777.754670423655
2025-03-19 23:00:00,2025-03-19,23,Weekday,None,4,hist_gradient_boosting_lag1,4316.0,4719.2853939199595
2025-03-20 00:00:00,2025-03-20,0,Weekday,None,4,baseline_lag1,1899.0,4316.0
2025-03-20 00:00:00,2025-03-20,0,Weekday,None,4,baseline_lag168,1899.0,1995.0
2025-03-20 00:00:00,2025-03-20,0,Weekday,None,4,baseline_lag24,1899.0,1528.0
2025-03-20 00:00:00,2025-03-20,0,Weekday,None,4,hist_gradient_boosting_24h,1899.0,1916.4303621890997
2025-03-20 00:00:00,2025-03-20,0,Weekday,None,4,hist_gradient_boosting_lag1,1899.0,2013.205446666633
2025-03-20 01:00:00,2025-03-20,1,Weekday,None,4,baseline_lag1,944.0,1899.0
2025-03-20 01:00:00,2025-03-20,1,Weekday,None,4,baseline_lag168,944.0,918.0
2025-03-20 01:00:00,2025-03-20,1,Weekday,None,4,baseline_lag24,944.0,715.0
2025-03-20 01:00:00,2025-03-20,1,Weekday,None,4,hist_gradient_boosting_24h,944.0,1133.4338314537333
2025-03-20 01:00:00,2025-03-20,1,Weekday,None,4,hist_gradient_boosting_lag1,944.0,1056.3947800898213
2025-03-20 02:00:00,2025-03-20,2,Weekday,None,4,baseline_lag1,510.0,944.0
2025-03-20 02:00:00,2025-03-20,2,Weekday,None,4,baseline_lag168,510.0,466.0
2025-03-20 02:00:00,2025-03-20,2,Weekday,None,4,baseline_lag24,510.0,358.0
2025-03-20 02:00:00,2025-03-20,2,Weekday,None,4,hist_gradient_boosting_24h,510.0,457.75590187809314
2025-03-20 02:00:00,2025-03-20,2,Weekday,None,4,hist_gradient_boosting_lag1,510.0,519.6623834053175
2025-03-20 03:00:00,2025-03-20,3,Weekday,None,4,baseline_lag1,326.0,510.0
2025-03-20 03:00:00,2025-03-20,3,Weekday,None,4,baseline_lag168,326.0,371.0
2025-03-20 03:00:00,2025-03-20,3,Weekday,None,4,baseline_lag24,326.0,210.0
2025-03-20 03:00:00,2025-03-20,3,Weekday,None,4,hist_gradient_boosting_24h,326.0,316.3800646609726
2025-03-20 03:00:00,2025-03-20,3,Weekday,None,4,hist_gradient_boosting_lag1,326.0,317.8659575633012
2025-03-20 04:00:00,2025-03-20,4,Weekday,None,4,baseline_lag1,422.0,326.0
2025-03-20 04:00:00,2025-03-20,4,Weekday,None,4,baseline_lag168,422.0,448.0
2025-03-20 04:00:00,2025-03-20,4,Weekday,None,4,baseline_lag24,422.0,369.0
2025-03-20 04:00:00,2025-03-20,4,Weekday,None,4,hist_gradient_boosting_24h,422.0,448.6102894780013
2025-03-20 04:00:00,2025-03-20,4,Weekday,None,4,hist_gradient_boosting_lag1,422.0,475.1610137860498
2025-03-20 05:00:00,2025-03-20,5,Weekday,None,4,baseline_lag1,1055.0,422.0
2025-03-20 05:00:00,2025-03-20,5,Weekday,None,4,baseline_lag168,1055.0,1016.0
2025-03-20 05:00:00,2025-03-20,5,Weekday,None,4,baseline_lag24,1055.0,842.0
2025-03-20 05:00:00,2025-03-20,5,Weekday,None,4,hist_gradient_boosting_24h,1055.0,1032.8003214087278
2025-03-20 05:00:00,2025-03-20,5,Weekday,None,4,hist_gradient_boosting_lag1,1055.0,983.3418324099918
2025-03-20 06:00:00,2025-03-20,6,Weekday,None,4,baseline_lag1,2266.0,1055.0
2025-03-20 06:00:00,2025-03-20,6,Weekday,None,4,baseline_lag168,2266.0,2259.0
2025-03-20 06:00:00,2025-03-20,6,Weekday,None,4,baseline_lag24,2266.0,1996.0
2025-03-20 06:00:00,2025-03-20,6,Weekday,None,4,hist_gradient_boosting_24h,2266.0,2126.235473439554
2025-03-20 06:00:00,2025-03-20,6,Weekday,None,4,hist_gradient_boosting_lag1,2266.0,2096.3951935285495
2025-03-20 07:00:00,2025-03-20,7,Weekday,None,4,baseline_lag1,4508.0,2266.0
2025-03-20 07:00:00,2025-03-20,7,Weekday,None,4,baseline_lag168,4508.0,4971.0
2025-03-20 07:00:00,2025-03-20,7,Weekday,None,4,baseline_lag24,4508.0,4260.0
2025-03-20 07:00:00,2025-03-20,7,Weekday,None,4,hist_gradient_boosting_24h,4508.0,4603.357905838207
2025-03-20 07:00:00,2025-03-20,7,Weekday,None,4,hist_gradient_boosting_lag1,4508.0,4768.102230302339
2025-03-20 08:00:00,2025-03-20,8,Weekday,None,4,baseline_lag1,6435.0,4508.0
2025-03-20 08:00:00,2025-03-20,8,Weekday,None,4,baseline_lag168,6435.0,6846.0
2025-03-20 08:00:00,2025-03-20,8,Weekday,None,4,baseline_lag24,6435.0,6343.0
2025-03-20 08:00:00,2025-03-20,8,Weekday,None,4,hist_gradient_boosting_24h,6435.0,6396.43249760709
2025-03-20 08:00:00,2025-03-20,8,Weekday,None,4,hist_gradient_boosting_lag1,6435.0,6246.212324261843
2025-03-20 09:00:00,2025-03-20,9,Weekday,None,4,baseline_lag1,6292.0,6435.0
2025-03-20 09:00:00,2025-03-20,9,Weekday,None,4,baseline_lag168,6292.0,6299.0
2025-03-20 09:00:00,2025-03-20,9,Weekday,None,4,baseline_lag24,6292.0,6123.0
2025-03-20 09:00:00,2025-03-20,9,Weekday,None,4,hist_gradient_boosting_24h,6292.0,6311.860966981289
2025-03-20 09:00:00,2025-03-20,9,Weekday,None,4,hist_gradient_boosting_lag1,6292.0,6244.432276187296
2025-03-20 10:00:00,2025-03-20,10,Weekday,None,4,baseline_lag1,5783.0,6292.0
2025-03-20 10:00:00,2025-03-20,10,Weekday,None,4,baseline_lag168,5783.0,5935.0
2025-03-20 10:00:00,2025-03-20,10,Weekday,None,4,baseline_lag24,5783.0,5326.0
2025-03-20 10:00:00,2025-03-20,10,Weekday,None,4,hist_gradient_boosting_24h,5783.0,5850.498444514329
2025-03-20 10:00:00,2025-03-20,10,Weekday,None,4,hist_gradient_boosting_lag1,5783.0,5835.906254426368
2025-03-20 11:00:00,2025-03-20,11,Weekday,None,4,baseline_lag1,5924.0,5783.0
2025-03-20 11:00:00,2025-03-20,11,Weekday,None,4,baseline_lag168,5924.0,6126.0
2025-03-20 11:00:00,2025-03-20,11,Weekday,None,4,baseline_lag24,5924.0,5367.0
2025-03-20 11:00:00,2025-03-20,11,Weekday,None,4,hist_gradient_boosting_24h,5924.0,5944.992074336295
2025-03-20 11:00:00,2025-03-20,11,Weekday,None,4,hist_gradient_boosting_lag1,5924.0,5970.192277421401
2025-03-20 12:00:00,2025-03-20,12,Weekday,None,4,baseline_lag1,6382.0,5924.0
2025-03-20 12:00:00,2025-03-20,12,Weekday,None,4,baseline_lag168,6382.0,6543.0
2025-03-20 12:00:00,2025-03-20,12,Weekday,None,4,baseline_lag24,6382.0,5870.0
2025-03-20 12:00:00,2025-03-20,12,Weekday,None,4,hist_gradient_boosting_24h,6382.0,6280.690546891843
2025-03-20 12:00:00,2025-03-20,12,Weekday,None,4,hist_gradient_boosting_lag1,6382.0,6431.942579415658
2025-03-20 13:00:00,2025-03-20,13,Weekday,None,4,baseline_lag1,6497.0,6382.0
2025-03-20 13:00:00,2025-03-20,13,Weekday,None,4,baseline_lag168,6497.0,6781.0
2025-03-20 13:00:00,2025-03-20,13,Weekday,None,4,baseline_lag24,6497.0,6077.0
2025-03-20 13:00:00,2025-03-20,13,Weekday,None,4,hist_gradient_boosting_24h,6497.0,6274.913037428658
2025-03-20 13:00:00,2025-03-20,13,Weekday,None,4,hist_gradient_boosting_lag1,6497.0,6681.892011581456
2025-03-20 14:00:00,2025-03-20,14,Weekday,None,4,baseline_lag1,7003.0,6497.0
2025-03-20 14:00:00,2025-03-20,14,Weekday,None,4,baseline_lag168,7003.0,7643.0
2025-03-20 14:00:00,2025-03-20,14,Weekday,None,4,baseline_lag24,7003.0,6472.0
2025-03-20 14:00:00,2025-03-20,14,Weekday,None,4,hist_gradient_boosting_24h,7003.0,6619.040442941423
2025-03-20 14:00:00,2025-03-20,14,Weekday,None,4,hist_gradient_boosting_lag1,7003.0,7249.98125478154
2025-03-20 15:00:00,2025-03-20,15,Weekday,None,4,baseline_lag1,7179.0,7003.0
2025-03-20 15:00:00,2025-03-20,15,Weekday,None,4,baseline_lag168,7179.0,8253.0
2025-03-20 15:00:00,2025-03-20,15,Weekday,None,4,baseline_lag24,7179.0,6484.0
2025-03-20 15:00:00,2025-03-20,15,Weekday,None,4,hist_gradient_boosting_24h,7179.0,7346.974726099667
2025-03-20 15:00:00,2025-03-20,15,Weekday,None,4,hist_gradient_boosting_lag1,7179.0,7431.693787439429
2025-03-20 16:00:00,2025-03-20,16,Weekday,None,4,baseline_lag1,7163.0,7179.0
2025-03-20 16:00:00,2025-03-20,16,Weekday,None,4,baseline_lag168,7163.0,8180.0
2025-03-20 16:00:00,2025-03-20,16,Weekday,None,4,baseline_lag24,7163.0,6526.0
2025-03-20 16:00:00,2025-03-20,16,Weekday,None,4,hist_gradient_boosting_24h,7163.0,7345.99372450221
2025-03-20 16:00:00,2025-03-20,16,Weekday,None,4,hist_gradient_boosting_lag1,7163.0,7413.264721947256
2025-03-20 17:00:00,2025-03-20,17,Weekday,None,4,baseline_lag1,8676.0,7163.0
2025-03-20 17:00:00,2025-03-20,17,Weekday,None,4,baseline_lag168,8676.0,9285.0
2025-03-20 17:00:00,2025-03-20,17,Weekday,None,4,baseline_lag24,8676.0,7872.0
2025-03-20 17:00:00,2025-03-20,17,Weekday,None,4,hist_gradient_boosting_24h,8676.0,8648.64691601066
2025-03-20 17:00:00,2025-03-20,17,Weekday,None,4,hist_gradient_boosting_lag1,8676.0,8666.03056343787
2025-03-20 18:00:00,2025-03-20,18,Weekday,None,4,baseline_lag1,9002.0,8676.0
2025-03-20 18:00:00,2025-03-20,18,Weekday,None,4,baseline_lag168,9002.0,10335.0
2025-03-20 18:00:00,2025-03-20,18,Weekday,None,4,baseline_lag24,9002.0,8246.0
2025-03-20 18:00:00,2025-03-20,18,Weekday,None,4,hist_gradient_boosting_24h,9002.0,9487.079578350764
2025-03-20 18:00:00,2025-03-20,18,Weekday,None,4,hist_gradient_boosting_lag1,9002.0,9721.193363297623
2025-03-20 19:00:00,2025-03-20,19,Weekday,None,4,baseline_lag1,8362.0,9002.0
2025-03-20 19:00:00,2025-03-20,19,Weekday,None,4,baseline_lag168,8362.0,10249.0
2025-03-20 19:00:00,2025-03-20,19,Weekday,None,4,baseline_lag24,8362.0,7676.0
2025-03-20 19:00:00,2025-03-20,19,Weekday,None,4,hist_gradient_boosting_24h,8362.0,8799.545400269804
2025-03-20 19:00:00,2025-03-20,19,Weekday,None,4,hist_gradient_boosting_lag1,8362.0,8640.667705528122
2025-03-20 20:00:00,2025-03-20,20,Weekday,None,4,baseline_lag1,11577.0,8362.0
2025-03-20 20:00:00,2025-03-20,20,Weekday,None,4,baseline_lag168,11577.0,10764.0
2025-03-20 20:00:00,2025-03-20,20,Weekday,None,4,baseline_lag24,11577.0,8644.0
2025-03-20 20:00:00,2025-03-20,20,Weekday,None,4,hist_gradient_boosting_24h,11577.0,9366.062836300407
2025-03-20 20:00:00,2025-03-20,20,Weekday,None,4,hist_gradient_boosting_lag1,11577.0,8865.493746443624
2025-03-20 21:00:00,2025-03-20,21,Weekday,None,4,baseline_lag1,12779.0,11577.0
2025-03-20 21:00:00,2025-03-20,21,Weekday,None,4,baseline_lag168,12779.0,11054.0
2025-03-20 21:00:00,2025-03-20,21,Weekday,None,4,baseline_lag24,12779.0,9070.0
2025-03-20 21:00:00,2025-03-20,21,Weekday,None,4,hist_gradient_boosting_24h,12779.0,10188.968542388202
2025-03-20 21:00:00,2025-03-20,21,Weekday,None,4,hist_gradient_boosting_lag1,12779.0,10596.18746199897
2025-03-20 22:00:00,2025-03-20,22,Weekday,None,4,baseline_lag1,11111.0,12779.0
2025-03-20 22:00:00,2025-03-20,22,Weekday,None,4,baseline_lag168,11111.0,9571.0
2025-03-20 22:00:00,2025-03-20,22,Weekday,None,4,baseline_lag24,11111.0,7859.0
2025-03-20 22:00:00,2025-03-20,22,Weekday,None,4,hist_gradient_boosting_24h,11111.0,8875.904456822138
2025-03-20 22:00:00,2025-03-20,22,Weekday,None,4,hist_gradient_boosting_lag1,11111.0,9363.550627187551
2025-03-20 23:00:00,2025-03-20,23,Weekday,None,4,baseline_lag1,7996.0,11111.0
2025-03-20 23:00:00,2025-03-20,23,Weekday,None,4,baseline_lag168,7996.0,6833.0
2025-03-20 23:00:00,2025-03-20,23,Weekday,None,4,baseline_lag24,7996.0,4316.0
2025-03-20 23:00:00,2025-03-20,23,Weekday,None,4,hist_gradient_boosting_24h,7996.0,6211.722423870432
2025-03-20 23:00:00,2025-03-20,23,Weekday,None,4,hist_gradient_boosting_lag1,7996.0,7698.767146004276
2025-03-21 00:00:00,2025-03-21,0,Weekday,None,4,baseline_lag1,4333.0,7996.0
2025-03-21 00:00:00,2025-03-21,0,Weekday,None,4,baseline_lag168,4333.0,3971.0
2025-03-21 00:00:00,2025-03-21,0,Weekday,None,4,baseline_lag24,4333.0,1899.0
2025-03-21 00:00:00,2025-03-21,0,Weekday,None,4,hist_gradient_boosting_24h,4333.0,3354.1719176058837
2025-03-21 00:00:00,2025-03-21,0,Weekday,None,4,hist_gradient_boosting_lag1,4333.0,4882.175893013128
2025-03-21 01:00:00,2025-03-21,1,Weekday,None,4,baseline_lag1,1878.0,4333.0
2025-03-21 01:00:00,2025-03-21,1,Weekday,None,4,baseline_lag168,1878.0,1921.0
2025-03-21 01:00:00,2025-03-21,1,Weekday,None,4,baseline_lag24,1878.0,944.0
2025-03-21 01:00:00,2025-03-21,1,Weekday,None,4,hist_gradient_boosting_24h,1878.0,1817.802581221527
2025-03-21 01:00:00,2025-03-21,1,Weekday,None,4,hist_gradient_boosting_lag1,1878.0,2138.539652688563
2025-03-21 02:00:00,2025-03-21,2,Weekday,None,4,baseline_lag1,1230.0,1878.0
2025-03-21 02:00:00,2025-03-21,2,Weekday,None,4,baseline_lag168,1230.0,1001.0
2025-03-21 02:00:00,2025-03-21,2,Weekday,None,4,baseline_lag24,1230.0,510.0
2025-03-21 02:00:00,2025-03-21,2,Weekday,None,4,hist_gradient_boosting_24h,1230.0,1143.149106968031
2025-03-21 02:00:00,2025-03-21,2,Weekday,None,4,hist_gradient_boosting_lag1,1230.0,1120.7929400891696
2025-03-21 03:00:00,2025-03-21,3,Weekday,None,4,baseline_lag1,687.0,1230.0
2025-03-21 03:00:00,2025-03-21,3,Weekday,None,4,baseline_lag168,687.0,724.0
2025-03-21 03:00:00,2025-03-21,3,Weekday,None,4,baseline_lag24,687.0,326.0
2025-03-21 03:00:00,2025-03-21,3,Weekday,None,4,hist_gradient_boosting_24h,687.0,713.0302599167898
2025-03-21 03:00:00,2025-03-21,3,Weekday,None,4,hist_gradient_boosting_lag1,687.0,741.5275252514355
2025-03-21 04:00:00,2025-03-21,4,Weekday,None,4,baseline_lag1,701.0,687.0
2025-03-21 04:00:00,2025-03-21,4,Weekday,None,4,baseline_lag168,701.0,784.0
2025-03-21 04:00:00,2025-03-21,4,Weekday,None,4,baseline_lag24,701.0,422.0
2025-03-21 04:00:00,2025-03-21,4,Weekday,None,4,hist_gradient_boosting_24h,701.0,632.8537109167385
2025-03-21 04:00:00,2025-03-21,4,Weekday,None,4,hist_gradient_boosting_lag1,701.0,757.5059885784045
2025-03-21 05:00:00,2025-03-21,5,Weekday,None,4,baseline_lag1,1159.0,701.0
2025-03-21 05:00:00,2025-03-21,5,Weekday,None,4,baseline_lag168,1159.0,1108.0
2025-03-21 05:00:00,2025-03-21,5,Weekday,None,4,baseline_lag24,1159.0,1055.0
2025-03-21 05:00:00,2025-03-21,5,Weekday,None,4,hist_gradient_boosting_24h,1159.0,1073.3235606491498
2025-03-21 05:00:00,2025-03-21,5,Weekday,None,4,hist_gradient_boosting_lag1,1159.0,1032.3149174313974
2025-03-21 06:00:00,2025-03-21,6,Weekday,None,4,baseline_lag1,2031.0,1159.0
2025-03-21 06:00:00,2025-03-21,6,Weekday,None,4,baseline_lag168,2031.0,2145.0
2025-03-21 06:00:00,2025-03-21,6,Weekday,None,4,baseline_lag24,2031.0,2266.0
2025-03-21 06:00:00,2025-03-21,6,Weekday,None,4,hist_gradient_boosting_24h,2031.0,2033.5069456611807
2025-03-21 06:00:00,2025-03-21,6,Weekday,None,4,hist_gradient_boosting_lag1,2031.0,1949.900716842128
2025-03-21 07:00:00,2025-03-21,7,Weekday,None,4,baseline_lag1,3743.0,2031.0
2025-03-21 07:00:00,2025-03-21,7,Weekday,None,4,baseline_lag168,3743.0,4203.0
2025-03-21 07:00:00,2025-03-21,7,Weekday,None,4,baseline_lag24,3743.0,4508.0
2025-03-21 07:00:00,2025-03-21,7,Weekday,None,4,hist_gradient_boosting_24h,3743.0,4457.022794007929
2025-03-21 07:00:00,2025-03-21,7,Weekday,None,4,hist_gradient_boosting_lag1,3743.0,4467.315148722145
2025-03-21 08:00:00,2025-03-21,8,Weekday,None,4,baseline_lag1,4884.0,3743.0
2025-03-21 08:00:00,2025-03-21,8,Weekday,None,4,baseline_lag168,4884.0,5381.0
2025-03-21 08:00:00,2025-03-21,8,Weekday,None,4,baseline_lag24,4884.0,6435.0
2025-03-21 08:00:00,2025-03-21,8,Weekday,None,4,hist_gradient_boosting_24h,4884.0,5259.906052520533
2025-03-21 08:00:00,2025-03-21,8,Weekday,None,4,hist_gradient_boosting_lag1,4884.0,4900.340784108673
2025-03-21 09:00:00,2025-03-21,9,Weekday,None,4,baseline_lag1,4896.0,4884.0
2025-03-21 09:00:00,2025-03-21,9,Weekday,None,4,baseline_lag168,4896.0,5123.0
2025-03-21 09:00:00,2025-03-21,9,Weekday,None,4,baseline_lag24,4896.0,6292.0
2025-03-21 09:00:00,2025-03-21,9,Weekday,None,4,hist_gradient_boosting_24h,4896.0,5207.37227279895
2025-03-21 09:00:00,2025-03-21,9,Weekday,None,4,hist_gradient_boosting_lag1,4896.0,5039.531680897759
2025-03-21 10:00:00,2025-03-21,10,Weekday,None,4,baseline_lag1,5074.0,4896.0
2025-03-21 10:00:00,2025-03-21,10,Weekday,None,4,baseline_lag168,5074.0,5194.0
2025-03-21 10:00:00,2025-03-21,10,Weekday,None,4,baseline_lag24,5074.0,5783.0
2025-03-21 10:00:00,2025-03-21,10,Weekday,None,4,hist_gradient_boosting_24h,5074.0,5239.0201037463685
2025-03-21 10:00:00,2025-03-21,10,Weekday,None,4,hist_gradient_boosting_lag1,5074.0,5125.411887301083
2025-03-21 11:00:00,2025-03-21,11,Weekday,None,4,baseline_lag1,5540.0,5074.0
2025-03-21 11:00:00,2025-03-21,11,Weekday,None,4,baseline_lag168,5540.0,5635.0
2025-03-21 11:00:00,2025-03-21,11,Weekday,None,4,baseline_lag24,5540.0,5924.0
2025-03-21 11:00:00,2025-03-21,11,Weekday,None,4,hist_gradient_boosting_24h,5540.0,5616.196533918072
2025-03-21 11:00:00,2025-03-21,11,Weekday,None,4,hist_gradient_boosting_lag1,5540.0,5581.3420755776715
2025-03-21 12:00:00,2025-03-21,12,Weekday,None,4,baseline_lag1,5859.0,5540.0
2025-03-21 12:00:00,2025-03-21,12,Weekday,None,4,baseline_lag168,5859.0,6217.0
2025-03-21 12:00:00,2025-03-21,12,Weekday,None,4,baseline_lag24,5859.0,6382.0
2025-03-21 12:00:00,2025-03-21,12,Weekday,None,4,hist_gradient_boosting_24h,5859.0,6301.332255697538
2025-03-21 12:00:00,2025-03-21,12,Weekday,None,4,hist_gradient_boosting_lag1,5859.0,6042.786236570903
2025-03-21 13:00:00,2025-03-21,13,Weekday,None,4,baseline_lag1,6142.0,5859.0
2025-03-21 13:00:00,2025-03-21,13,Weekday,None,4,baseline_lag168,6142.0,6262.0
2025-03-21 13:00:00,2025-03-21,13,Weekday,None,4,baseline_lag24,6142.0,6497.0
2025-03-21 13:00:00,2025-03-21,13,Weekday,None,4,hist_gradient_boosting_24h,6142.0,6383.730371292119
2025-03-21 13:00:00,2025-03-21,13,Weekday,None,4,hist_gradient_boosting_lag1,6142.0,6330.276009547297
2025-03-21 14:00:00,2025-03-21,14,Weekday,None,4,baseline_lag1,6605.0,6142.0
2025-03-21 14:00:00,2025-03-21,14,Weekday,None,4,baseline_lag168,6605.0,7168.0
2025-03-21 14:00:00,2025-03-21,14,Weekday,None,4,baseline_lag24,6605.0,7003.0
2025-03-21 14:00:00,2025-03-21,14,Weekday,None,4,hist_gradient_boosting_24h,6605.0,6679.940888163087
2025-03-21 14:00:00,2025-03-21,14,Weekday,None,4,hist_gradient_boosting_lag1,6605.0,6597.331821957565
2025-03-21 15:00:00,2025-03-21,15,Weekday,None,4,baseline_lag1,6797.0,6605.0
2025-03-21 15:00:00,2025-03-21,15,Weekday,None,4,baseline_lag168,6797.0,7679.0
2025-03-21 15:00:00,2025-03-21,15,Weekday,None,4,baseline_lag24,6797.0,7179.0
2025-03-21 15:00:00,2025-03-21,15,Weekday,None,4,hist_gradient_boosting_24h,6797.0,7666.404525308825
2025-03-21 15:00:00,2025-03-21,15,Weekday,None,4,hist_gradient_boosting_lag1,6797.0,7134.6306876029485
2025-03-21 16:00:00,2025-03-21,16,Weekday,None,4,baseline_lag1,6694.0,6797.0
2025-03-21 16:00:00,2025-03-21,16,Weekday,None,4,baseline_lag168,6694.0,7165.0
2025-03-21 16:00:00,2025-03-21,16,Weekday,None,4,baseline_lag24,6694.0,7163.0
2025-03-21 16:00:00,2025-03-21,16,Weekday,None,4,hist_gradient_boosting_24h,6694.0,7600.641666142658
2025-03-21 16:00:00,2025-03-21,16,Weekday,None,4,hist_gradient_boosting_lag1,6694.0,6862.074101447681
2025-03-21 17:00:00,2025-03-21,17,Weekday,None,4,baseline_lag1,7265.0,6694.0
2025-03-21 17:00:00,2025-03-21,17,Weekday,None,4,baseline_lag168,7265.0,8199.0
2025-03-21 17:00:00,2025-03-21,17,Weekday,None,4,baseline_lag24,7265.0,8676.0
2025-03-21 17:00:00,2025-03-21,17,Weekday,None,4,hist_gradient_boosting_24h,7265.0,8931.793738004333
2025-03-21 17:00:00,2025-03-21,17,Weekday,None,4,hist_gradient_boosting_lag1,7265.0,8258.549956275387
2025-03-21 18:00:00,2025-03-21,18,Weekday,None,4,baseline_lag1,8250.0,7265.0
2025-03-21 18:00:00,2025-03-21,18,Weekday,None,4,baseline_lag168,8250.0,8872.0
2025-03-21 18:00:00,2025-03-21,18,Weekday,None,4,baseline_lag24,8250.0,9002.0
2025-03-21 18:00:00,2025-03-21,18,Weekday,None,4,hist_gradient_boosting_24h,8250.0,9576.029293971895
2025-03-21 18:00:00,2025-03-21,18,Weekday,None,4,hist_gradient_boosting_lag1,8250.0,8416.939215073375
2025-03-21 19:00:00,2025-03-21,19,Weekday,None,4,baseline_lag1,8273.0,8250.0
2025-03-21 19:00:00,2025-03-21,19,Weekday,None,4,baseline_lag168,8273.0,8900.0
2025-03-21 19:00:00,2025-03-21,19,Weekday,None,4,baseline_lag24,8273.0,8362.0
2025-03-21 19:00:00,2025-03-21,19,Weekday,None,4,hist_gradient_boosting_24h,8273.0,8753.454300308918
2025-03-21 19:00:00,2025-03-21,19,Weekday,None,4,hist_gradient_boosting_lag1,8273.0,8373.598312889404
2025-03-21 20:00:00,2025-03-21,20,Weekday,None,4,baseline_lag1,7866.0,8273.0
2025-03-21 20:00:00,2025-03-21,20,Weekday,None,4,baseline_lag168,7866.0,8559.0
2025-03-21 20:00:00,2025-03-21,20,Weekday,None,4,baseline_lag24,7866.0,11577.0
2025-03-21 20:00:00,2025-03-21,20,Weekday,None,4,hist_gradient_boosting_24h,7866.0,8789.936002121263
2025-03-21 20:00:00,2025-03-21,20,Weekday,None,4,hist_gradient_boosting_lag1,7866.0,8139.1793248440945
2025-03-21 21:00:00,2025-03-21,21,Weekday,None,4,baseline_lag1,7559.0,7866.0
2025-03-21 21:00:00,2025-03-21,21,Weekday,None,4,baseline_lag168,7559.0,8250.0
2025-03-21 21:00:00,2025-03-21,21,Weekday,None,4,baseline_lag24,7559.0,12779.0
2025-03-21 21:00:00,2025-03-21,21,Weekday,None,4,hist_gradient_boosting_24h,7559.0,7820.032259369019
2025-03-21 21:00:00,2025-03-21,21,Weekday,None,4,hist_gradient_boosting_lag1,7559.0,7870.919215750497
2025-03-21 22:00:00,2025-03-21,22,Weekday,None,4,baseline_lag1,8000.0,7559.0
2025-03-21 22:00:00,2025-03-21,22,Weekday,None,4,baseline_lag168,8000.0,8662.0
2025-03-21 22:00:00,2025-03-21,22,Weekday,None,4,baseline_lag24,8000.0,11111.0
2025-03-21 22:00:00,2025-03-21,22,Weekday,None,4,hist_gradient_boosting_24h,8000.0,8414.531102612396
2025-03-21 22:00:00,2025-03-21,22,Weekday,None,4,hist_gradient_boosting_lag1,8000.0,8261.869333222758
2025-03-21 23:00:00,2025-03-21,23,Weekday,None,4,baseline_lag1,7806.0,8000.0
2025-03-21 23:00:00,2025-03-21,23,Weekday,None,4,baseline_lag168,7806.0,9101.0
2025-03-21 23:00:00,2025-03-21,23,Weekday,None,4,baseline_lag24,7806.0,7996.0
2025-03-21 23:00:00,2025-03-21,23,Weekday,None,4,hist_gradient_boosting_24h,7806.0,8735.974254261846
2025-03-21 23:00:00,2025-03-21,23,Weekday,None,4,hist_gradient_boosting_lag1,7806.0,8629.674222420805
2025-03-22 00:00:00,2025-03-22,0,Weekend,None,4,baseline_lag1,7404.0,7806.0
2025-03-22 00:00:00,2025-03-22,0,Weekend,None,4,baseline_lag168,7404.0,7333.0
2025-03-22 00:00:00,2025-03-22,0,Weekend,None,4,baseline_lag24,7404.0,4333.0
2025-03-22 00:00:00,2025-03-22,0,Weekend,None,4,hist_gradient_boosting_24h,7404.0,6864.8317704652
2025-03-22 00:00:00,2025-03-22,0,Weekend,None,4,hist_gradient_boosting_lag1,7404.0,7132.871491765676
2025-03-22 01:00:00,2025-03-22,1,Weekend,None,4,baseline_lag1,5076.0,7404.0
2025-03-22 01:00:00,2025-03-22,1,Weekend,None,4,baseline_lag168,5076.0,5145.0
2025-03-22 01:00:00,2025-03-22,1,Weekend,None,4,baseline_lag24,5076.0,1878.0
2025-03-22 01:00:00,2025-03-22,1,Weekend,None,4,hist_gradient_boosting_24h,5076.0,5688.124580909504
2025-03-22 01:00:00,2025-03-22,1,Weekend,None,4,hist_gradient_boosting_lag1,5076.0,5481.503841677874
2025-03-22 02:00:00,2025-03-22,2,Weekend,None,4,baseline_lag1,3365.0,5076.0
2025-03-22 02:00:00,2025-03-22,2,Weekend,None,4,baseline_lag168,3365.0,3115.0
2025-03-22 02:00:00,2025-03-22,2,Weekend,None,4,baseline_lag24,3365.0,1230.0
2025-03-22 02:00:00,2025-03-22,2,Weekend,None,4,hist_gradient_boosting_24h,3365.0,3764.231652504892
2025-03-22 02:00:00,2025-03-22,2,Weekend,None,4,hist_gradient_boosting_lag1,3365.0,3319.299884466501
2025-03-22 03:00:00,2025-03-22,3,Weekend,None,4,baseline_lag1,2470.0,3365.0
2025-03-22 03:00:00,2025-03-22,3,Weekend,None,4,baseline_lag168,2470.0,1927.0
2025-03-22 03:00:00,2025-03-22,3,Weekend,None,4,baseline_lag24,2470.0,687.0
2025-03-22 03:00:00,2025-03-22,3,Weekend,None,4,hist_gradient_boosting_24h,2470.0,2122.55386001489
2025-03-22 03:00:00,2025-03-22,3,Weekend,None,4,hist_gradient_boosting_lag1,2470.0,1712.3622342358537
2025-03-22 04:00:00,2025-03-22,4,Weekend,None,4,baseline_lag1,1720.0,2470.0
2025-03-22 04:00:00,2025-03-22,4,Weekend,None,4,baseline_lag168,1720.0,1435.0
2025-03-22 04:00:00,2025-03-22,4,Weekend,None,4,baseline_lag24,1720.0,701.0
2025-03-22 04:00:00,2025-03-22,4,Weekend,None,4,hist_gradient_boosting_24h,1720.0,1509.9470842934318
2025-03-22 04:00:00,2025-03-22,4,Weekend,None,4,hist_gradient_boosting_lag1,1720.0,1565.00845741671
2025-03-22 05:00:00,2025-03-22,5,Weekend,None,4,baseline_lag1,939.0,1720.0
2025-03-22 05:00:00,2025-03-22,5,Weekend,None,4,baseline_lag168,939.0,796.0
2025-03-22 05:00:00,2025-03-22,5,Weekend,None,4,baseline_lag24,939.0,1159.0
2025-03-22 05:00:00,2025-03-22,5,Weekend,None,4,hist_gradient_boosting_24h,939.0,893.7268866762134
2025-03-22 05:00:00,2025-03-22,5,Weekend,None,4,hist_gradient_boosting_lag1,939.0,872.9501079401969
2025-03-22 06:00:00,2025-03-22,6,Weekend,None,4,baseline_lag1,1012.0,939.0
2025-03-22 06:00:00,2025-03-22,6,Weekend,None,4,baseline_lag168,1012.0,1079.0
2025-03-22 06:00:00,2025-03-22,6,Weekend,None,4,baseline_lag24,1012.0,2031.0
2025-03-22 06:00:00,2025-03-22,6,Weekend,None,4,hist_gradient_boosting_24h,1012.0,1171.634077397288
2025-03-22 06:00:00,2025-03-22,6,Weekend,None,4,hist_gradient_boosting_lag1,1012.0,1239.4824007138627
2025-03-22 07:00:00,2025-03-22,7,Weekend,None,4,baseline_lag1,1384.0,1012.0
2025-03-22 07:00:00,2025-03-22,7,Weekend,None,4,baseline_lag168,1384.0,1535.0
2025-03-22 07:00:00,2025-03-22,7,Weekend,None,4,baseline_lag24,1384.0,3743.0
2025-03-22 07:00:00,2025-03-22,7,Weekend,None,4,hist_gradient_boosting_24h,1384.0,1616.1501307807348
2025-03-22 07:00:00,2025-03-22,7,Weekend,None,4,hist_gradient_boosting_lag1,1384.0,1594.8190923363422
2025-03-22 08:00:00,2025-03-22,8,Weekend,None,4,baseline_lag1,2249.0,1384.0
2025-03-22 08:00:00,2025-03-22,8,Weekend,None,4,baseline_lag168,2249.0,2473.0
2025-03-22 08:00:00,2025-03-22,8,Weekend,None,4,baseline_lag24,2249.0,4884.0
2025-03-22 08:00:00,2025-03-22,8,Weekend,None,4,hist_gradient_boosting_24h,2249.0,2681.911487307668
2025-03-22 08:00:00,2025-03-22,8,Weekend,None,4,hist_gradient_boosting_lag1,2249.0,2262.1545340000985
2025-03-22 09:00:00,2025-03-22,9,Weekend,None,4,baseline_lag1,3478.0,2249.0
2025-03-22 09:00:00,2025-03-22,9,Weekend,None,4,baseline_lag168,3478.0,3773.0
2025-03-22 09:00:00,2025-03-22,9,Weekend,None,4,baseline_lag24,3478.0,4896.0
2025-03-22 09:00:00,2025-03-22,9,Weekend,None,4,hist_gradient_boosting_24h,3478.0,3826.160202047113
2025-03-22 09:00:00,2025-03-22,9,Weekend,None,4,hist_gradient_boosting_lag1,3478.0,3749.901949433272
2025-03-22 10:00:00,2025-03-22,10,Weekend,None,4,baseline_lag1,4400.0,3478.0
2025-03-22 10:00:00,2025-03-22,10,Weekend,None,4,baseline_lag168,4400.0,5036.0
2025-03-22 10:00:00,2025-03-22,10,Weekend,None,4,baseline_lag24,4400.0,5074.0
2025-03-22 10:00:00,2025-03-22,10,Weekend,None,4,hist_gradient_boosting_24h,4400.0,4882.69600821295
2025-03-22 10:00:00,2025-03-22,10,Weekend,None,4,hist_gradient_boosting_lag1,4400.0,4503.84850046236
2025-03-22 11:00:00,2025-03-22,11,Weekend,None,4,baseline_lag1,5220.0,4400.0
2025-03-22 11:00:00,2025-03-22,11,Weekend,None,4,baseline_lag168,5220.0,5876.0
2025-03-22 11:00:00,2025-03-22,11,Weekend,None,4,baseline_lag24,5220.0,5540.0
2025-03-22 11:00:00,2025-03-22,11,Weekend,None,4,hist_gradient_boosting_24h,5220.0,5806.936571344567
2025-03-22 11:00:00,2025-03-22,11,Weekend,None,4,hist_gradient_boosting_lag1,5220.0,5377.927735108194
2025-03-22 12:00:00,2025-03-22,12,Weekend,None,4,baseline_lag1,5533.0,5220.0
2025-03-22 12:00:00,2025-03-22,12,Weekend,None,4,baseline_lag168,5533.0,6729.0
2025-03-22 12:00:00,2025-03-22,12,Weekend,None,4,baseline_lag24,5533.0,5859.0
2025-03-22 12:00:00,2025-03-22,12,Weekend,None,4,hist_gradient_boosting_24h,5533.0,6259.97379925027
2025-03-22 12:00:00,2025-03-22,12,Weekend,None,4,hist_gradient_boosting_lag1,5533.0,6110.923870960517
2025-03-22 13:00:00,2025-03-22,13,Weekend,None,4,baseline_lag1,5937.0,5533.0
2025-03-22 13:00:00,2025-03-22,13,Weekend,None,4,baseline_lag168,5937.0,7081.0
2025-03-22 13:00:00,2025-03-22,13,Weekend,None,4,baseline_lag24,5937.0,6142.0
2025-03-22 13:00:00,2025-03-22,13,Weekend,None,4,hist_gradient_boosting_24h,5937.0,6394.424659365243
2025-03-22 13:00:00,2025-03-22,13,Weekend,None,4,hist_gradient_boosting_lag1,5937.0,6218.342365893453
2025-03-22 14:00:00,2025-03-22,14,Weekend,None,4,baseline_lag1,6645.0,5937.0
2025-03-22 14:00:00,2025-03-22,14,Weekend,None,4,baseline_lag168,6645.0,6941.0
2025-03-22 14:00:00,2025-03-22,14,Weekend,None,4,baseline_lag24,6645.0,6605.0
2025-03-22 14:00:00,2025-03-22,14,Weekend,None,4,hist_gradient_boosting_24h,6645.0,6775.136476423017
2025-03-22 14:00:00,2025-03-22,14,Weekend,None,4,hist_gradient_boosting_lag1,6645.0,6667.487068621388
2025-03-22 15:00:00,2025-03-22,15,Weekend,None,4,baseline_lag1,6787.0,6645.0
2025-03-22 15:00:00,2025-03-22,15,Weekend,None,4,baseline_lag168,6787.0,7353.0
2025-03-22 15:00:00,2025-03-22,15,Weekend,None,4,baseline_lag24,6787.0,6797.0
2025-03-22 15:00:00,2025-03-22,15,Weekend,None,4,hist_gradient_boosting_24h,6787.0,7197.914262601778
2025-03-22 15:00:00,2025-03-22,15,Weekend,None,4,hist_gradient_boosting_lag1,6787.0,7142.400037935701
2025-03-22 16:00:00,2025-03-22,16,Weekend,None,4,baseline_lag1,7069.0,6787.0
2025-03-22 16:00:00,2025-03-22,16,Weekend,None,4,baseline_lag168,7069.0,7827.0
2025-03-22 16:00:00,2025-03-22,16,Weekend,None,4,baseline_lag24,7069.0,6694.0
2025-03-22 16:00:00,2025-03-22,16,Weekend,None,4,hist_gradient_boosting_24h,7069.0,7612.709067074333
2025-03-22 16:00:00,2025-03-22,16,Weekend,None,4,hist_gradient_boosting_lag1,7069.0,7534.451000265668
2025-03-22 17:00:00,2025-03-22,17,Weekend,None,4,baseline_lag1,7554.0,7069.0
2025-03-22 17:00:00,2025-03-22,17,Weekend,None,4,baseline_lag168,7554.0,8302.0
2025-03-22 17:00:00,2025-03-22,17,Weekend,None,4,baseline_lag24,7554.0,7265.0
2025-03-22 17:00:00,2025-03-22,17,Weekend,None,4,hist_gradient_boosting_24h,7554.0,8012.11687576591
2025-03-22 17:00:00,2025-03-22,17,Weekend,None,4,hist_gradient_boosting_lag1,7554.0,8090.337223420314
2025-03-22 18:00:00,2025-03-22,18,Weekend,None,4,baseline_lag1,8039.0,7554.0
2025-03-22 18:00:00,2025-03-22,18,Weekend,None,4,baseline_lag168,8039.0,9763.0
2025-03-22 18:00:00,2025-03-22,18,Weekend,None,4,baseline_lag24,8039.0,8250.0
2025-03-22 18:00:00,2025-03-22,18,Weekend,None,4,hist_gradient_boosting_24h,8039.0,9607.392084720395
2025-03-22 18:00:00,2025-03-22,18,Weekend,None,4,hist_gradient_boosting_lag1,8039.0,8270.464400695311
2025-03-22 19:00:00,2025-03-22,19,Weekend,None,4,baseline_lag1,9035.0,8039.0
2025-03-22 19:00:00,2025-03-22,19,Weekend,None,4,baseline_lag168,9035.0,9758.0
2025-03-22 19:00:00,2025-03-22,19,Weekend,None,4,baseline_lag24,9035.0,8273.0
2025-03-22 19:00:00,2025-03-22,19,Weekend,None,4,hist_gradient_boosting_24h,9035.0,9821.565387669625
2025-03-22 19:00:00,2025-03-22,19,Weekend,None,4,hist_gradient_boosting_lag1,9035.0,8311.093541771503
2025-03-22 20:00:00,2025-03-22,20,Weekend,None,4,baseline_lag1,8979.0,9035.0
2025-03-22 20:00:00,2025-03-22,20,Weekend,None,4,baseline_lag168,8979.0,9143.0
2025-03-22 20:00:00,2025-03-22,20,Weekend,None,4,baseline_lag24,8979.0,7866.0
2025-03-22 20:00:00,2025-03-22,20,Weekend,None,4,hist_gradient_boosting_24h,8979.0,8927.369921230389
2025-03-22 20:00:00,2025-03-22,20,Weekend,None,4,hist_gradient_boosting_lag1,8979.0,8297.61118798768
2025-03-22 21:00:00,2025-03-22,21,Weekend,None,4,baseline_lag1,8303.0,8979.0
2025-03-22 21:00:00,2025-03-22,21,Weekend,None,4,baseline_lag168,8303.0,9384.0
2025-03-22 21:00:00,2025-03-22,21,Weekend,None,4,baseline_lag24,8303.0,7559.0
2025-03-22 21:00:00,2025-03-22,21,Weekend,None,4,hist_gradient_boosting_24h,8303.0,7837.633966943464
2025-03-22 21:00:00,2025-03-22,21,Weekend,None,4,hist_gradient_boosting_lag1,8303.0,7955.522779053534
2025-03-22 22:00:00,2025-03-22,22,Weekend,None,4,baseline_lag1,9403.0,8303.0
2025-03-22 22:00:00,2025-03-22,22,Weekend,None,4,baseline_lag168,9403.0,9908.0
2025-03-22 22:00:00,2025-03-22,22,Weekend,None,4,baseline_lag24,9403.0,8000.0
2025-03-22 22:00:00,2025-03-22,22,Weekend,None,4,hist_gradient_boosting_24h,9403.0,9289.099846244628
2025-03-22 22:00:00,2025-03-22,22,Weekend,None,4,hist_gradient_boosting_lag1,9403.0,8491.309170148339
2025-03-22 23:00:00,2025-03-22,23,Weekend,None,4,baseline_lag1,9975.0,9403.0
2025-03-22 23:00:00,2025-03-22,23,Weekend,None,4,baseline_lag168,9975.0,9740.0
2025-03-22 23:00:00,2025-03-22,23,Weekend,None,4,baseline_lag24,9975.0,7806.0
2025-03-22 23:00:00,2025-03-22,23,Weekend,None,4,hist_gradient_boosting_24h,9975.0,9530.994568346507
2025-03-22 23:00:00,2025-03-22,23,Weekend,None,4,hist_gradient_boosting_lag1,9975.0,9565.218632109845
2025-03-23 00:00:00,2025-03-23,0,Weekend,None,4,baseline_lag1,8828.0,9975.0
2025-03-23 00:00:00,2025-03-23,0,Weekend,None,4,baseline_lag168,8828.0,7899.0
2025-03-23 00:00:00,2025-03-23,0,Weekend,None,4,baseline_lag24,8828.0,7404.0
2025-03-23 00:00:00,2025-03-23,0,Weekend,None,4,hist_gradient_boosting_24h,8828.0,7994.823416776081
2025-03-23 00:00:00,2025-03-23,0,Weekend,None,4,hist_gradient_boosting_lag1,8828.0,8547.39811298324
2025-03-23 01:00:00,2025-03-23,1,Weekend,None,4,baseline_lag1,6622.0,8828.0
2025-03-23 01:00:00,2025-03-23,1,Weekend,None,4,baseline_lag168,6622.0,5820.0
2025-03-23 01:00:00,2025-03-23,1,Weekend,None,4,baseline_lag24,6622.0,5076.0
2025-03-23 01:00:00,2025-03-23,1,Weekend,None,4,hist_gradient_boosting_24h,6622.0,6315.617284665792
2025-03-23 01:00:00,2025-03-23,1,Weekend,None,4,hist_gradient_boosting_lag1,6622.0,6514.803600230112
2025-03-23 02:00:00,2025-03-23,2,Weekend,None,4,baseline_lag1,5000.0,6622.0
2025-03-23 02:00:00,2025-03-23,2,Weekend,None,4,baseline_lag168,5000.0,4387.0
2025-03-23 02:00:00,2025-03-23,2,Weekend,None,4,baseline_lag24,5000.0,3365.0
2025-03-23 02:00:00,2025-03-23,2,Weekend,None,4,hist_gradient_boosting_24h,5000.0,4483.527980584197
2025-03-23 02:00:00,2025-03-23,2,Weekend,None,4,hist_gradient_boosting_lag1,5000.0,4287.931521994873
2025-03-23 03:00:00,2025-03-23,3,Weekend,None,4,baseline_lag1,3358.0,5000.0
2025-03-23 03:00:00,2025-03-23,3,Weekend,None,4,baseline_lag168,3358.0,2769.0
2025-03-23 03:00:00,2025-03-23,3,Weekend,None,4,baseline_lag24,3358.0,2470.0
2025-03-23 03:00:00,2025-03-23,3,Weekend,None,4,hist_gradient_boosting_24h,3358.0,3431.704136071191
2025-03-23 03:00:00,2025-03-23,3,Weekend,None,4,hist_gradient_boosting_lag1,3358.0,3043.20569035331
2025-03-23 04:00:00,2025-03-23,4,Weekend,None,4,baseline_lag1,2152.0,3358.0
2025-03-23 04:00:00,2025-03-23,4,Weekend,None,4,baseline_lag168,2152.0,2015.0
2025-03-23 04:00:00,2025-03-23,4,Weekend,None,4,baseline_lag24,2152.0,1720.0
2025-03-23 04:00:00,2025-03-23,4,Weekend,None,4,hist_gradient_boosting_24h,2152.0,2417.2976244486786
2025-03-23 04:00:00,2025-03-23,4,Weekend,None,4,hist_gradient_boosting_lag1,2152.0,1775.0713536102958
2025-03-23 05:00:00,2025-03-23,5,Weekend,None,4,baseline_lag1,1064.0,2152.0
2025-03-23 05:00:00,2025-03-23,5,Weekend,None,4,baseline_lag168,1064.0,1214.0
2025-03-23 05:00:00,2025-03-23,5,Weekend,None,4,baseline_lag24,1064.0,939.0
2025-03-23 05:00:00,2025-03-23,5,Weekend,None,4,hist_gradient_boosting_24h,1064.0,1190.416498643168
2025-03-23 05:00:00,2025-03-23,5,Weekend,None,4,hist_gradient_boosting_lag1,1064.0,1097.0775367923018
2025-03-23 06:00:00,2025-03-23,6,Weekend,None,4,baseline_lag1,1257.0,1064.0
2025-03-23 06:00:00,2025-03-23,6,Weekend,None,4,baseline_lag168,1257.0,1497.0
2025-03-23 06:00:00,2025-03-23,6,Weekend,None,4,baseline_lag24,1257.0,1012.0
2025-03-23 06:00:00,2025-03-23,6,Weekend,None,4,hist_gradient_boosting_24h,1257.0,1454.5892686140257
2025-03-23 06:00:00,2025-03-23,6,Weekend,None,4,hist_gradient_boosting_lag1,1257.0,1388.5635585363916
2025-03-23 07:00:00,2025-03-23,7,Weekend,None,4,baseline_lag1,1585.0,1257.0
2025-03-23 07:00:00,2025-03-23,7,Weekend,None,4,baseline_lag168,1585.0,1843.0
2025-03-23 07:00:00,2025-03-23,7,Weekend,None,4,baseline_lag24,1585.0,1384.0
2025-03-23 07:00:00,2025-03-23,7,Weekend,None,4,hist_gradient_boosting_24h,1585.0,1901.2264401521957
2025-03-23 07:00:00,2025-03-23,7,Weekend,None,4,hist_gradient_boosting_lag1,1585.0,1756.6851372729222
2025-03-23 08:00:00,2025-03-23,8,Weekend,None,4,baseline_lag1,2281.0,1585.0
2025-03-23 08:00:00,2025-03-23,8,Weekend,None,4,baseline_lag168,2281.0,2392.0
2025-03-23 08:00:00,2025-03-23,8,Weekend,None,4,baseline_lag24,2281.0,2249.0
2025-03-23 08:00:00,2025-03-23,8,Weekend,None,4,hist_gradient_boosting_24h,2281.0,2332.6148460247273
2025-03-23 08:00:00,2025-03-23,8,Weekend,None,4,hist_gradient_boosting_lag1,2281.0,2455.3582379976083
2025-03-23 09:00:00,2025-03-23,9,Weekend,None,4,baseline_lag1,3517.0,2281.0
2025-03-23 09:00:00,2025-03-23,9,Weekend,None,4,baseline_lag168,3517.0,3681.0
2025-03-23 09:00:00,2025-03-23,9,Weekend,None,4,baseline_lag24,3517.0,3478.0
2025-03-23 09:00:00,2025-03-23,9,Weekend,None,4,hist_gradient_boosting_24h,3517.0,3713.6120080566525
2025-03-23 09:00:00,2025-03-23,9,Weekend,None,4,hist_gradient_boosting_lag1,3517.0,3724.1604906140788
2025-03-23 10:00:00,2025-03-23,10,Weekend,None,4,baseline_lag1,4697.0,3517.0
2025-03-23 10:00:00,2025-03-23,10,Weekend,None,4,baseline_lag168,4697.0,4774.0
2025-03-23 10:00:00,2025-03-23,10,Weekend,None,4,baseline_lag24,4697.0,4400.0
2025-03-23 10:00:00,2025-03-23,10,Weekend,None,4,hist_gradient_boosting_24h,4697.0,4532.469509740024
2025-03-23 10:00:00,2025-03-23,10,Weekend,None,4,hist_gradient_boosting_lag1,4697.0,4495.365026546446
2025-03-23 11:00:00,2025-03-23,11,Weekend,None,4,baseline_lag1,5470.0,4697.0
2025-03-23 11:00:00,2025-03-23,11,Weekend,None,4,baseline_lag168,5470.0,5358.0
2025-03-23 11:00:00,2025-03-23,11,Weekend,None,4,baseline_lag24,5470.0,5220.0
2025-03-23 11:00:00,2025-03-23,11,Weekend,None,4,hist_gradient_boosting_24h,5470.0,5280.29407631282
2025-03-23 11:00:00,2025-03-23,11,Weekend,None,4,hist_gradient_boosting_lag1,5470.0,5285.162647523087
2025-03-23 12:00:00,2025-03-23,12,Weekend,None,4,baseline_lag1,5869.0,5470.0
2025-03-23 12:00:00,2025-03-23,12,Weekend,None,4,baseline_lag168,5869.0,6032.0
2025-03-23 12:00:00,2025-03-23,12,Weekend,None,4,baseline_lag24,5869.0,5533.0
2025-03-23 12:00:00,2025-03-23,12,Weekend,None,4,hist_gradient_boosting_24h,5869.0,5816.292300760629
2025-03-23 12:00:00,2025-03-23,12,Weekend,None,4,hist_gradient_boosting_lag1,5869.0,6024.762387386078
2025-03-23 13:00:00,2025-03-23,13,Weekend,None,4,baseline_lag1,5952.0,5869.0
2025-03-23 13:00:00,2025-03-23,13,Weekend,None,4,baseline_lag168,5952.0,6317.0
2025-03-23 13:00:00,2025-03-23,13,Weekend,None,4,baseline_lag24,5952.0,5937.0
2025-03-23 13:00:00,2025-03-23,13,Weekend,None,4,hist_gradient_boosting_24h,5952.0,6226.686522176328
2025-03-23 13:00:00,2025-03-23,13,Weekend,None,4,hist_gradient_boosting_lag1,5952.0,6225.176907674845
2025-03-23 14:00:00,2025-03-23,14,Weekend,None,4,baseline_lag1,6023.0,5952.0
2025-03-23 14:00:00,2025-03-23,14,Weekend,None,4,baseline_lag168,6023.0,6760.0
2025-03-23 14:00:00,2025-03-23,14,Weekend,None,4,baseline_lag24,6023.0,6645.0
2025-03-23 14:00:00,2025-03-23,14,Weekend,None,4,hist_gradient_boosting_24h,6023.0,6391.650489307796
2025-03-23 14:00:00,2025-03-23,14,Weekend,None,4,hist_gradient_boosting_lag1,6023.0,6346.441824926314
2025-03-23 15:00:00,2025-03-23,15,Weekend,None,4,baseline_lag1,5901.0,6023.0
2025-03-23 15:00:00,2025-03-23,15,Weekend,None,4,baseline_lag168,5901.0,6101.0
2025-03-23 15:00:00,2025-03-23,15,Weekend,None,4,baseline_lag24,5901.0,6787.0
2025-03-23 15:00:00,2025-03-23,15,Weekend,None,4,hist_gradient_boosting_24h,5901.0,6152.82073971791
2025-03-23 15:00:00,2025-03-23,15,Weekend,None,4,hist_gradient_boosting_lag1,5901.0,6398.884791551075
2025-03-23 16:00:00,2025-03-23,16,Weekend,None,4,baseline_lag1,6048.0,5901.0
2025-03-23 16:00:00,2025-03-23,16,Weekend,None,4,baseline_lag168,6048.0,5974.0
2025-03-23 16:00:00,2025-03-23,16,Weekend,None,4,baseline_lag24,6048.0,7069.0
2025-03-23 16:00:00,2025-03-23,16,Weekend,None,4,hist_gradient_boosting_24h,6048.0,5898.987765554455
2025-03-23 16:00:00,2025-03-23,16,Weekend,None,4,hist_gradient_boosting_lag1,6048.0,6095.251317702418
2025-03-23 17:00:00,2025-03-23,17,Weekend,None,4,baseline_lag1,6086.0,6048.0
2025-03-23 17:00:00,2025-03-23,17,Weekend,None,4,baseline_lag168,6086.0,6341.0
2025-03-23 17:00:00,2025-03-23,17,Weekend,None,4,baseline_lag24,6086.0,7554.0
2025-03-23 17:00:00,2025-03-23,17,Weekend,None,4,hist_gradient_boosting_24h,6086.0,5991.478007094604
2025-03-23 17:00:00,2025-03-23,17,Weekend,None,4,hist_gradient_boosting_lag1,6086.0,6326.211851646789
2025-03-23 18:00:00,2025-03-23,18,Weekend,None,4,baseline_lag1,6151.0,6086.0
2025-03-23 18:00:00,2025-03-23,18,Weekend,None,4,baseline_lag168,6151.0,6776.0
2025-03-23 18:00:00,2025-03-23,18,Weekend,None,4,baseline_lag24,6151.0,8039.0
2025-03-23 18:00:00,2025-03-23,18,Weekend,None,4,hist_gradient_boosting_24h,6151.0,6113.407338648073
2025-03-23 18:00:00,2025-03-23,18,Weekend,None,4,hist_gradient_boosting_lag1,6151.0,5599.374139741256
2025-03-23 19:00:00,2025-03-23,19,Weekend,None,4,baseline_lag1,6389.0,6151.0
2025-03-23 19:00:00,2025-03-23,19,Weekend,None,4,baseline_lag168,6389.0,6148.0
2025-03-23 19:00:00,2025-03-23,19,Weekend,None,4,baseline_lag24,6389.0,9035.0
2025-03-23 19:00:00,2025-03-23,19,Weekend,None,4,hist_gradient_boosting_24h,6389.0,4429.337197886589
2025-03-23 19:00:00,2025-03-23,19,Weekend,None,4,hist_gradient_boosting_lag1,6389.0,4978.6724912505
2025-03-23 20:00:00,2025-03-23,20,Weekend,None,4,baseline_lag1,5870.0,6389.0
2025-03-23 20:00:00,2025-03-23,20,Weekend,None,4,baseline_lag168,5870.0,5197.0
2025-03-23 20:00:00,2025-03-23,20,Weekend,None,4,baseline_lag24,5870.0,8979.0
2025-03-23 20:00:00,2025-03-23,20,Weekend,None,4,hist_gradient_boosting_24h,5870.0,3994.38384532885
2025-03-23 20:00:00,2025-03-23,20,Weekend,None,4,hist_gradient_boosting_lag1,5870.0,5097.788509572907
2025-03-23 21:00:00,2025-03-23,21,Weekend,None,4,baseline_lag1,5175.0,5870.0
2025-03-23 21:00:00,2025-03-23,21,Weekend,None,4,baseline_lag168,5175.0,4793.0
2025-03-23 21:00:00,2025-03-23,21,Weekend,None,4,baseline_lag24,5175.0,8303.0
2025-03-23 21:00:00,2025-03-23,21,Weekend,None,4,hist_gradient_boosting_24h,5175.0,4661.461251197672
2025-03-23 21:00:00,2025-03-23,21,Weekend,None,4,hist_gradient_boosting_lag1,5175.0,6043.252087569378
2025-03-23 22:00:00,2025-03-23,22,Weekend,None,4,baseline_lag1,4076.0,5175.0
2025-03-23 22:00:00,2025-03-23,22,Weekend,None,4,baseline_lag168,4076.0,3562.0
2025-03-23 22:00:00,2025-03-23,22,Weekend,None,4,baseline_lag24,4076.0,9403.0
2025-03-23 22:00:00,2025-03-23,22,Weekend,None,4,hist_gradient_boosting_24h,4076.0,3656.9229608179858
2025-03-23 22:00:00,2025-03-23,22,Weekend,None,4,hist_gradient_boosting_lag1,4076.0,4858.18862359831
2025-03-23 23:00:00,2025-03-23,23,Weekend,None,4,baseline_lag1,2860.0,4076.0
2025-03-23 23:00:00,2025-03-23,23,Weekend,None,4,baseline_lag168,2860.0,2309.0
2025-03-23 23:00:00,2025-03-23,23,Weekend,None,4,baseline_lag24,2860.0,9975.0
2025-03-23 23:00:00,2025-03-23,23,Weekend,None,4,hist_gradient_boosting_24h,2860.0,2127.335211731817
2025-03-23 23:00:00,2025-03-23,23,Weekend,None,4,hist_gradient_boosting_lag1,2860.0,2556.4856112296943
