pickup_hour,day_type,pickup_borough,pickup_zone,avg_daily_trips
0,Weekday,Queens,JFK Airport,184.7
0,Weekday,Queens,LaGuardia Airport,109.89
0,Weekday,Manhattan,West Village,82.27
0,Weekday,Manhattan,Greenwich Village South,79.22
0,Weekday,Manhattan,Times Sq/Theatre District,77.7
0,Weekday,Manhattan,East Village,76.41
0,Weekday,Manhattan,Clinton East,69.58
0,Weekday,Manhattan,Penn Station/Madison Sq West,65.78
0,Weekday,Manhattan,Midtown Center,57.16
0,Weekday,Manhattan,Union Sq,55.5
0,Weekday,Manhattan,East Chelsea,52.72
0,Weekday,Manhattan,Midtown South,50.64
0,Weekday,Manhattan,Lower East Side,43.84
0,Weekday,Manhattan,Midtown North,37.89
0,Weekday,Manhattan,Murray Hill,36.48
0,Weekday,Manhattan,Lincoln Square East,35.81
0,Weekday,Manhattan,Upper East Side South,34.97
0,Weekday,Manhattan,Gramercy,33.98
0,Weekday,Manhattan,Midtown East,33.55
0,Weekday,Manhattan,Meatpacking/West Village West,32.42
0,Weekday,Manhattan,Flatiron,32.36
0,Weekday,Manhattan,Garment District,28.52
0,Weekday,Manhattan,Little Italy/NoLiTa,28.33
0,Weekday,Manhattan,Greenwich Village North,26.67
0,Weekday,Manhattan,West Chelsea/Hudson Yards,22.55
0,Weekday,Manhattan,Upper West Side South,22.52
0,Weekday,Manhattan,Kips Bay,22.48
0,Weekday,Manhattan,TriBeCa/Civic Center,22.42
0,Weekday,Manhattan,Sutton Place/Turtle Bay North,22.11
0,Weekday,Manhattan,Lenox Hill West,21.53
0,Weekday,Manhattan,Yorkville West,21.08
0,Weekday,Manhattan,SoHo,18.91
0,Weekday,Manhattan,Lenox Hill East,16.23
0,Weekday,Queens,East Elmhurst,13.73
0,Weekday,Manhattan,Upper East Side North,12.78
0,Weekday,Manhattan,Upper West Side North,11.34
0,Weekday,Manhattan,UN/Turtle Bay South,10.91
0,Weekday,Manhattan,Clinton West,9.02
0,Weekday,Manhattan,Financial District North,8.9
0,Weekday,Manhattan,Central Park,8.0
0,Weekday,Manhattan,Hudson Sq,7.94
0,Weekday,Manhattan,Alphabet City,7.62
0,Weekday,Queens,Jamaica,7.38
0,Weekday,Manhattan,Morningside Heights,7.02
0,Weekday,Manhattan,Lincoln Square West,6.9
0,Weekday,Manhattan,Financial District South,6.31
0,Weekday,Brooklyn,Williamsburg (North Side),6.21
0,Weekday,Queens,Astoria,6.17
0,Weekday,Manhattan,East Harlem South,6.16
0,Weekday,Manhattan,Manhattan Valley,6.09
0,Weekday,Manhattan,World Trade Center,5.79
0,Weekday,Manhattan,Central Harlem,5.59
0,Weekday,Manhattan,Seaport,4.77
0,Weekday,Manhattan,Central Harlem North,4.6
0,Weekday,Manhattan,Two Bridges/Seward Park,4.53
0,Weekday,Manhattan,East Harlem North,4.42
0,Weekday,Queens,Long Island City/Hunters Point,4.26
0,Weekday,Manhattan,Yorkville East,4.22
0,Weekday,Brooklyn,Williamsburg (South Side),3.92
0,Weekday,Queens,Jackson Heights,3.92
0,Weekday,Brooklyn,East New York,3.88
0,Weekday,Queens,Sunnyside,3.84
0,Weekday,Brooklyn,Greenpoint,3.75
0,Weekday,Manhattan,Chinatown,3.72
0,Weekday,Manhattan,Hamilton Heights,3.65
0,Weekday,Queens,South Ozone Park,3.46
0,Weekday,Queens,Elmhurst,3.37
0,Weekday,Brooklyn,Crown Heights North,3.36
0,Weekday,Brooklyn,Bushwick South,3.33
0,Weekday,Queens,Flushing,3.24
0,Weekday,Manhattan,Bloomingdale,3.22
0,Weekday,Queens,Richmond Hill,3.18
0,Weekday,Bronx,Mott Haven/Port Morris,3.18
0,Weekday,Unknown,N/A,3.15
0,Weekday,Queens,Woodside,3.08
0,Weekday,Manhattan,Washington Heights South,3.07
0,Weekday,Brooklyn,Park Slope,2.98
0,Weekday,Manhattan,Battery Park City,2.96
0,Weekday,Brooklyn,Bushwick North,2.87
0,Weekday,Queens,Forest Hills,2.8
0,Weekday,Queens,Long Island City/Queens Plaza,2.77
0,Weekday,Brooklyn,East Williamsburg,2.73
0,Weekday,Brooklyn,Boerum Hill,2.71
0,Weekday,Manhattan,Stuy Town/Peter Cooper Village,2.63
0,Weekday,Queens,Steinway,2.5
0,Weekday,Brooklyn,Downtown Brooklyn/MetroTech,2.46
0,Weekday,Brooklyn,Fort Greene,2.45
0,Weekday,Brooklyn,Brooklyn Heights,2.35
0,Weekday,Queens,Briarwood/Jamaica Hills,2.35
0,Weekday,Brooklyn,Brownsville,2.34
0,Weekday,Queens,Corona,2.32
0,Weekday,Brooklyn,Stuyvesant Heights,2.3
0,Weekday,Queens,Baisley Park,2.25
0,Weekday,Brooklyn,Prospect-Lefferts Gardens,2.23
0,Weekday,Manhattan,Manhattanville,2.19
0,Weekday,Brooklyn,Cypress Hills,2.15
0,Weekday,Queens,Kew Gardens,2.14
0,Weekday,Brooklyn,Ocean Hill,2.1
0,Weekday,Queens,Springfield Gardens South,2.07
0,Weekday,Brooklyn,Bedford,2.05
0,Weekday,Queens,Old Astoria,2.05
0,Weekday,Queens,Springfield Gardens North,2.0
0,Weekday,Brooklyn,DUMBO/Vinegar Hill,2.0
0,Weekday,Queens,Ridgewood,1.97
0,Weekday,Manhattan,Washington Heights North,1.93
0,Weekday,Brooklyn,Clinton Hill,1.91
0,Weekday,Queens,South Jamaica,1.89
0,Weekday,Queens,Ozone Park,1.89
0,Weekday,Brooklyn,East New York/Pennsylvania Avenue,1.89
0,Weekday,Brooklyn,Canarsie,1.88
0,Weekday,Bronx,West Concourse,1.86
0,Weekday,Queens,Elmhurst/Maspeth,1.86
0,Weekday,Bronx,Mount Hope,1.86
0,Weekday,Brooklyn,Cobble Hill,1.86
0,Weekday,Brooklyn,Flatbush/Ditmas Park,1.84
0,Weekday,Brooklyn,Sunset Park West,1.83
0,Weekday,Manhattan,Inwood,1.81
0,Weekday,Bronx,Melrose South,1.81
0,Weekday,Queens,Howard Beach,1.77
0,Weekday,Bronx,Kingsbridge Heights,1.73
0,Weekday,Queens,Hillcrest/Pomonok,1.67
0,Weekday,Queens,Maspeth,1.65
0,Weekday,Queens,Woodhaven,1.64
0,Weekday,Queens,North Corona,1.64
0,Weekday,Bronx,Soundview/Castle Hill,1.6
0,Weekday,Brooklyn,East Flatbush/Remsen Village,1.6
0,Weekday,Queens,Rego Park,1.58
0,Weekday,Brooklyn,Bay Ridge,1.58
0,Weekday,Brooklyn,South Williamsburg,1.56
0,Weekday,Queens,Saint Albans,1.55
0,Weekday,Brooklyn,Borough Park,1.53
0,Weekday,Brooklyn,Flatlands,1.52
0,Weekday,Brooklyn,Brooklyn Navy Yard,1.5
0,Weekday,Brooklyn,Carroll Gardens,1.5
0,Weekday,Queens,Jamaica Estates,1.5
0,Weekday,Bronx,Hunts Point,1.5
0,Weekday,Queens,Forest Park/Highland Park,1.5
0,Weekday,Brooklyn,East Flatbush/Farragut,1.48
0,Weekday,Bronx,Van Nest/Morris Park,1.46
0,Weekday,Queens,Glen Oaks,1.46
0,Weekday,Brooklyn,Gowanus,1.45
0,Weekday,Brooklyn,Prospect Heights,1.45
0,Weekday,Bronx,Woodlawn/Wakefield,1.45
0,Weekday,Queens,Far Rockaway,1.44
0,Weekday,Queens,Murray Hill-Queens,1.43
0,Weekday,Bronx,East Concourse/Concourse Village,1.41
0,Weekday,Bronx,Bedford Park,1.4
0,Weekday,Bronx,Williamsbridge/Olinville,1.4
0,Weekday,Brooklyn,Homecrest,1.38
0,Weekday,Queens,Queens Village,1.38
0,Weekday,Queens,Rockaway Park,1.38
0,Weekday,Queens,Rosedale,1.38
0,Weekday,Bronx,University Heights/Morris Heights,1.37
0,Weekday,Brooklyn,Bensonhurst West,1.36
0,Weekday,Bronx,Norwood,1.36
0,Weekday,Brooklyn,Crown Heights South,1.36
0,Weekday,Brooklyn,Kensington,1.36
0,Weekday,Queens,Glendale,1.35
0,Weekday,N/A,Outside of NYC,1.33
0,Weekday,Bronx,East Tremont,1.33
0,Weekday,Brooklyn,Starrett City,1.33
0,Weekday,Queens,Cambria Heights,1.33
0,Weekday,Bronx,Fordham South,1.33
0,Weekday,Queens,College Point,1.32
0,Weekday,Queens,Bayside,1.31
0,Weekday,Queens,Bellerose,1.31
0,Weekday,Bronx,Belmont,1.31
0,Weekday,Queens,Hollis,1.3
0,Weekday,Bronx,Schuylerville/Edgewater Park,1.3
0,Weekday,Queens,Kew Gardens Hills,1.29
0,Weekday,Queens,Queensbridge/Ravenswood,1.29
0,Weekday,Brooklyn,Red Hook,1.29
0,Weekday,Bronx,Westchester Village/Unionport,1.28
0,Weekday,Queens,Whitestone,1.27
0,Weekday,Queens,Fresh Meadows,1.25
0,Weekday,Queens,Laurelton,1.25
0,Weekday,Queens,Flushing Meadows-Corona Park,1.24
0,Weekday,Bronx,Parkchester,1.23
0,Weekday,Brooklyn,Sunset Park East,1.23
0,Weekday,Queens,Queensboro Hill,1.23
0,Weekday,Bronx,Crotona Park East,1.23
0,Weekday,Queens,East Flushing,1.22
0,Weekday,Brooklyn,Ocean Parkway South,1.22
0,Weekday,Queens,Middle Village,1.21
0,Weekday,Bronx,Spuyten Duyvil/Kingsbridge,1.21
0,Weekday,Bronx,Soundview/Bruckner,1.21
0,Weekday,Queens,Oakland Gardens,1.21
0,Weekday,Brooklyn,Gravesend,1.2
0,Weekday,Brooklyn,Bath Beach,1.2
0,Weekday,Brooklyn,Bensonhurst East,1.19
0,Weekday,Brooklyn,Marine Park/Mill Basin,1.19
0,Weekday,Brooklyn,Erasmus,1.19
0,Weekday,Bronx,Highbridge,1.18
0,Weekday,Bronx,West Farms/Bronx River,1.17
0,Weekday,Bronx,Allerton/Pelham Gardens,1.14
0,Weekday,Brooklyn,Coney Island,1.14
0,Weekday,Bronx,Claremont/Bathgate,1.14
0,Weekday,Brooklyn,Windsor Terrace,1.14
0,Weekday,Brooklyn,Manhattan Beach,1.13
0,Weekday,Queens,Hammels/Arverne,1.13
0,Weekday,Brooklyn,Brighton Beach,1.13
0,Weekday,Bronx,Morrisania/Melrose,1.12
0,Weekday,Brooklyn,Sheepshead Bay,1.12
0,Weekday,Brooklyn,Midwood,1.12
0,Weekday,Bronx,Co-Op City,1.11
0,Weekday,Bronx,Bronxdale,1.1
0,Weekday,Bronx,Longwood,1.09
0,Weekday,Bronx,Van Cortlandt Village,1.05
0,Weekday,Bronx,Pelham Bay,1.0
0,Weekday,Queens,Saint Michaels Cemetery/Woodside,1.0
0,Weekday,Bronx,City Island,1.0
0,Weekday,Manhattan,Marble Hill,1.0
0,Weekday,Staten Island,Grymes Hill/Clifton,1.0
0,Weekday,Bronx,Pelham Parkway,1.0
0,Weekday,Queens,Douglaston,1.0
0,Weekday,Manhattan,Battery Park,1.0
0,Weekday,Brooklyn,Prospect Park,1.0
0,Weekday,Bronx,Country Club,1.0
0,Weekday,Brooklyn,Columbia Street,1.0
0,Weekday,Staten Island,Saint George/New Brighton,1.0
0,Weekday,Queens,Astoria Park,1.0
0,Weekday,Staten Island,Mariners Harbor,1.0
0,Weekday,Queens,Broad Channel,1.0
0,Weekday,Staten Island,South Beach/Dongan Hills,1.0
0,Weekday,Bronx,Van Cortlandt Park,1.0
0,Weekday,Manhattan,Roosevelt Island,1.0
0,Weekday,Staten Island,Rossville/Woodrow,1.0
0,Weekday,Manhattan,Highbridge Park,1.0
0,Weekday,Queens,Bay Terrace/Fort Totten,1.0
0,Weekday,Brooklyn,Dyker Heights,1.0
0,Weekday,Queens,Auburndale,1.0
0,Weekday,Bronx,Eastchester,1.0
0,Weekday,Staten Island,Bloomfield/Emerson Hill,1.0
0,Weekday,Bronx,Bronx Park,1.0
0,Weekday,Brooklyn,Madison,1.0
0,Weekday,Bronx,Crotona Park,1.0
0,Weekday,Staten Island,New Dorp/Midland Beach,1.0
0,Weekday,Brooklyn,Marine Park/Floyd Bennett Field,1.0
0,Weekday,Manhattan,Randalls Island,1.0
0,Weekday,Manhattan,Inwood Hill Park,1.0
0,Weekday,Bronx,Riverdale/North Riverdale/Fieldston,1.0
0,Weekday,Staten Island,Arrochar/Fort Wadsworth,1.0
0,Weekday,Staten Island,West Brighton,1.0
1,Weekday,Queens,JFK Airport,89.64
1,Weekday,Manhattan,West Village,48.09
1,Weekday,Manhattan,East Village,47.33
1,Weekday,Manhattan,Greenwich Village South,43.47
1,Weekday,Manhattan,Clinton East,38.28
1,Weekday,Queens,LaGuardia Airport,36.18
1,Weekday,Manhattan,Penn Station/Madison Sq West,30.16
1,Weekday,Manhattan,Times Sq/Theatre District,29.66
1,Weekday,Manhattan,Lower East Side,27.88
1,Weekday,Manhattan,Midtown South,25.55
1,Weekday,Manhattan,East Chelsea,23.92
1,Weekday,Manhattan,Union Sq,21.42
1,Weekday,Manhattan,Midtown Center,20.08
1,Weekday,Manhattan,West Chelsea/Hudson Yards,19.31
1,Weekday,Manhattan,Gramercy,19.13
1,Weekday,Manhattan,Little Italy/NoLiTa,18.6
1,Weekday,Manhattan,Flatiron,17.98
1,Weekday,Manhattan,Murray Hill,17.41
1,Weekday,Manhattan,Midtown North,16.92
1,Weekday,Manhattan,Meatpacking/West Village West,16.72
1,Weekday,Manhattan,Midtown East,15.41
1,Weekday,Manhattan,Greenwich Village North,14.61
1,Weekday,Manhattan,Upper East Side South,14.52
1,Weekday,Manhattan,TriBeCa/Civic Center,14.22
1,Weekday,Manhattan,Garment District,13.28
1,Weekday,Manhattan,Sutton Place/Turtle Bay North,12.84
1,Weekday,Manhattan,Lenox Hill West,12.66
1,Weekday,Manhattan,Yorkville West,12.63
1,Weekday,Manhattan,Lincoln Square East,11.38
1,Weekday,Manhattan,Kips Bay,11.28
1,Weekday,Manhattan,SoHo,11.0
1,Weekday,Manhattan,Upper West Side South,10.74
1,Weekday,Manhattan,Lenox Hill East,8.25
1,Weekday,Manhattan,Hudson Sq,7.78
1,Weekday,Manhattan,Alphabet City,7.38
1,Weekday,Manhattan,Clinton West,6.46
1,Weekday,Queens,East Elmhurst,6.36
1,Weekday,Manhattan,Upper West Side North,6.33
1,Weekday,Manhattan,Financial District North,6.06
1,Weekday,Manhattan,Upper East Side North,5.98
1,Weekday,Manhattan,UN/Turtle Bay South,5.77
1,Weekday,Queens,Jamaica,5.32
1,Weekday,Brooklyn,Williamsburg (North Side),5.13
1,Weekday,Manhattan,Lincoln Square West,4.43
1,Weekday,Manhattan,Financial District South,3.96
1,Weekday,Manhattan,Morningside Heights,3.96
1,Weekday,Queens,Astoria,3.88
1,Weekday,Manhattan,Seaport,3.86
1,Weekday,Manhattan,East Harlem South,3.85
1,Weekday,Manhattan,Central Park,3.81
1,Weekday,Manhattan,Two Bridges/Seward Park,3.66
1,Weekday,Brooklyn,Williamsburg (South Side),3.63
1,Weekday,Brooklyn,Greenpoint,3.36
1,Weekday,Manhattan,World Trade Center,3.29
1,Weekday,Manhattan,Yorkville East,3.2
1,Weekday,Manhattan,Manhattan Valley,3.18
1,Weekday,Brooklyn,Clinton Hill,3.17
1,Weekday,Brooklyn,Bushwick South,3.04
1,Weekday,Brooklyn,East Williamsburg,3.0
1,Weekday,Manhattan,East Harlem North,2.96
1,Weekday,Queens,Jackson Heights,2.96
1,Weekday,Manhattan,Central Harlem,2.93
1,Weekday,Queens,South Ozone Park,2.91
1,Weekday,Queens,Long Island City/Hunters Point,2.89
1,Weekday,Brooklyn,Bushwick North,2.74
1,Weekday,Manhattan,Hamilton Heights,2.65
1,Weekday,Manhattan,Central Harlem North,2.51
1,Weekday,Queens,Flushing,2.47
1,Weekday,Brooklyn,Fort Greene,2.45
1,Weekday,Manhattan,Bloomingdale,2.44
1,Weekday,Brooklyn,Crown Heights North,2.42
1,Weekday,Manhattan,Stuy Town/Peter Cooper Village,2.42
1,Weekday,Queens,Elmhurst,2.39
1,Weekday,Queens,Sunnyside,2.38
1,Weekday,Queens,Woodside,2.34
1,Weekday,Brooklyn,East New York,2.34
1,Weekday,Brooklyn,Brooklyn Heights,2.31
1,Weekday,Unknown,N/A,2.26
1,Weekday,Brooklyn,Park Slope,2.26
1,Weekday,Brooklyn,Brooklyn Navy Yard,2.2
1,Weekday,Brooklyn,Boerum Hill,2.14
1,Weekday,Manhattan,Manhattanville,2.11
1,Weekday,Brooklyn,DUMBO/Vinegar Hill,2.09
1,Weekday,Brooklyn,Prospect Heights,2.06
1,Weekday,Manhattan,Battery Park City,2.04
1,Weekday,Queens,Long Island City/Queens Plaza,2.03
1,Weekday,Queens,Forest Hills,2.0
1,Weekday,Brooklyn,Red Hook,2.0
1,Weekday,Manhattan,Chinatown,2.0
1,Weekday,Bronx,Claremont/Bathgate,2.0
1,Weekday,Queens,Richmond Hill,1.94
1,Weekday,Queens,Maspeth,1.91
1,Weekday,Brooklyn,Downtown Brooklyn/MetroTech,1.87
1,Weekday,Queens,Old Astoria,1.86
1,Weekday,Brooklyn,Bedford,1.82
1,Weekday,Bronx,Mott Haven/Port Morris,1.81
1,Weekday,Brooklyn,Cypress Hills,1.77
1,Weekday,Brooklyn,Stuyvesant Heights,1.76
1,Weekday,Queens,Corona,1.75
1,Weekday,Queens,Steinway,1.71
1,Weekday,Queens,Briarwood/Jamaica Hills,1.69
1,Weekday,Manhattan,Washington Heights South,1.68
1,Weekday,Queens,South Jamaica,1.67
1,Weekday,Brooklyn,Canarsie,1.65
1,Weekday,Queens,Woodhaven,1.63
1,Weekday,N/A,Outside of NYC,1.62
1,Weekday,Brooklyn,East Flatbush/Remsen Village,1.6
1,Weekday,Queens,Ozone Park,1.59
1,Weekday,Queens,Kew Gardens,1.57
1,Weekday,Brooklyn,Carroll Gardens,1.55
1,Weekday,Queens,Baisley Park,1.55
1,Weekday,Bronx,East Concourse/Concourse Village,1.53
1,Weekday,Brooklyn,East New York/Pennsylvania Avenue,1.5
1,Weekday,Queens,Rockaway Park,1.5
1,Weekday,Bronx,East Tremont,1.5
1,Weekday,Brooklyn,Flatbush/Ditmas Park,1.5
1,Weekday,Queens,Bayside,1.5
1,Weekday,Manhattan,Roosevelt Island,1.5
1,Weekday,Queens,Elmhurst/Maspeth,1.48
1,Weekday,Queens,Ridgewood,1.48
1,Weekday,Brooklyn,Flatlands,1.47
1,Weekday,Queens,North Corona,1.47
1,Weekday,Manhattan,Inwood,1.43
1,Weekday,Brooklyn,Prospect-Lefferts Gardens,1.42
1,Weekday,Brooklyn,Windsor Terrace,1.4
1,Weekday,Bronx,Bedford Park,1.4
1,Weekday,Bronx,University Heights/Morris Heights,1.38
1,Weekday,Brooklyn,Sunset Park West,1.38
1,Weekday,Bronx,Melrose South,1.36
1,Weekday,Brooklyn,Bensonhurst East,1.36
1,Weekday,Brooklyn,Crown Heights South,1.35
1,Weekday,Queens,Hollis,1.33
1,Weekday,Brooklyn,Borough Park,1.33
1,Weekday,Brooklyn,South Williamsburg,1.33
1,Weekday,Queens,Cambria Heights,1.33
1,Weekday,Queens,Saint Albans,1.33
1,Weekday,Queens,Far Rockaway,1.33
1,Weekday,Queens,Laurelton,1.33
1,Weekday,Brooklyn,Gravesend,1.33
1,Weekday,Manhattan,Washington Heights North,1.33
1,Weekday,Brooklyn,Sunset Park East,1.33
1,Weekday,Queens,Hillcrest/Pomonok,1.33
1,Weekday,Bronx,West Concourse,1.32
1,Weekday,Queens,Howard Beach,1.29
1,Weekday,Brooklyn,Marine Park/Mill Basin,1.29
1,Weekday,Brooklyn,Sheepshead Bay,1.29
1,Weekday,Queens,College Point,1.29
1,Weekday,Queens,Springfield Gardens South,1.28
1,Weekday,Queens,Flushing Meadows-Corona Park,1.27
1,Weekday,Bronx,Soundview/Castle Hill,1.27
1,Weekday,Queens,Queens Village,1.26
1,Weekday,Queens,Queensboro Hill,1.25
1,Weekday,Bronx,Van Cortlandt Park,1.25
1,Weekday,Brooklyn,Prospect Park,1.25
1,Weekday,Brooklyn,Brownsville,1.25
1,Weekday,Queens,Jamaica Estates,1.24
1,Weekday,Bronx,Schuylerville/Edgewater Park,1.22
1,Weekday,Bronx,Crotona Park East,1.22
1,Weekday,Brooklyn,Ocean Hill,1.22
1,Weekday,Brooklyn,Bensonhurst West,1.22
1,Weekday,Brooklyn,Gowanus,1.22
1,Weekday,Bronx,Mount Hope,1.21
1,Weekday,Brooklyn,Manhattan Beach,1.2
1,Weekday,Brooklyn,Erasmus,1.2
1,Weekday,Brooklyn,Ocean Parkway South,1.2
1,Weekday,Brooklyn,Cobble Hill,1.2
1,Weekday,Bronx,Van Cortlandt Village,1.17
1,Weekday,Queens,Glen Oaks,1.17
1,Weekday,Queens,Rosedale,1.14
1,Weekday,Bronx,Belmont,1.14
1,Weekday,Bronx,Hunts Point,1.14
1,Weekday,Brooklyn,Dyker Heights,1.14
1,Weekday,Brooklyn,Coney Island,1.13
1,Weekday,Bronx,Highbridge,1.13
1,Weekday,Bronx,Spuyten Duyvil/Kingsbridge,1.13
1,Weekday,Queens,Kew Gardens Hills,1.13
1,Weekday,Brooklyn,Midwood,1.13
1,Weekday,Queens,Rego Park,1.13
1,Weekday,Queens,Douglaston,1.13
1,Weekday,Bronx,Parkchester,1.13
1,Weekday,Queens,Murray Hill-Queens,1.11
1,Weekday,Queens,Queensbridge/Ravenswood,1.11
1,Weekday,Bronx,Woodlawn/Wakefield,1.1
1,Weekday,Brooklyn,Homecrest,1.09
1,Weekday,Brooklyn,Kensington,1.09
1,Weekday,Bronx,Soundview/Bruckner,1.09
1,Weekday,Bronx,Williamsbridge/Olinville,1.08
1,Weekday,Brooklyn,East Flatbush/Farragut,1.08
1,Weekday,Bronx,Van Nest/Morris Park,1.08
1,Weekday,Bronx,Morrisania/Melrose,1.07
1,Weekday,Bronx,Westchester Village/Unionport,1.06
1,Weekday,Brooklyn,Bay Ridge,1.05
1,Weekday,Queens,Middle Village,1.05
1,Weekday,Bronx,West Farms/Bronx River,1.0
1,Weekday,Bronx,Riverdale/North Riverdale/Fieldston,1.0
1,Weekday,Manhattan,Highbridge Park,1.0
1,Weekday,Staten Island,West Brighton,1.0
1,Weekday,Brooklyn,Starrett City,1.0
1,Weekday,Staten Island,New Dorp/Midland Beach,1.0
1,Weekday,Queens,Oakland Gardens,1.0
1,Weekday,Bronx,Kingsbridge Heights,1.0
1,Weekday,Bronx,Fordham South,1.0
1,Weekday,Queens,Hammels/Arverne,1.0
1,Weekday,Queens,Forest Park/Highland Park,1.0
1,Weekday,Staten Island,Westerleigh,1.0
1,Weekday,Manhattan,Inwood Hill Park,1.0
1,Weekday,Queens,Glendale,1.0
1,Weekday,Bronx,Eastchester,1.0
1,Weekday,Manhattan,Randalls Island,1.0
1,Weekday,Brooklyn,Marine Park/Floyd Bennett Field,1.0
1,Weekday,Manhattan,Marble Hill,1.0
1,Weekday,Brooklyn,Brighton Beach,1.0
1,Weekday,Bronx,Bronxdale,1.0
1,Weekday,Brooklyn,Bath Beach,1.0
1,Weekday,Queens,East Flushing,1.0
1,Weekday,Bronx,Bronx Park,1.0
1,Weekday,Queens,Whitestone,1.0
1,Weekday,Queens,Bay Terrace/Fort Totten,1.0
1,Weekday,Staten Island,Stapleton,1.0
1,Weekday,Brooklyn,Columbia Street,1.0
1,Weekday,Bronx,Co-Op City,1.0
1,Weekday,Queens,Auburndale,1.0
1,Weekday,Brooklyn,Madison,1.0
1,Weekday,Queens,Fresh Meadows,1.0
1,Weekday,Queens,Broad Channel,1.0
1,Weekday,Queens,Astoria Park,1.0
1,Weekday,Manhattan,Battery Park,1.0
1,Weekday,Queens,Bellerose,1.0
1,Weekday,Staten Island,Saint George/New Brighton,1.0
1,Weekday,Queens,Saint Michaels Cemetery/Woodside,1.0
1,Weekday,Bronx,Norwood,1.0
1,Weekday,Bronx,Country Club,1.0
1,Weekday,Bronx,Pelham Parkway,1.0
1,Weekday,Queens,Springfield Gardens North,1.0
1,Weekday,Brooklyn,Green-Wood Cemetery,1.0
1,Weekday,Bronx,City Island,1.0
1,Weekday,Bronx,Pelham Bay,1.0
1,Weekday,Bronx,Allerton/Pelham Gardens,1.0
1,Weekday,Bronx,Longwood,1.0
2,Weekday,Queens,JFK Airport,33.95
2,Weekday,Manhattan,East Village,31.86
2,Weekday,Manhattan,West Village,30.22
2,Weekday,Manhattan,Clinton East,27.52
2,Weekday,Manhattan,Lower East Side,22.67
2,Weekday,Manhattan,Greenwich Village South,20.7
2,Weekday,Manhattan,Penn Station/Madison Sq West,18.25
2,Weekday,Manhattan,West Chelsea/Hudson Yards,18.03
2,Weekday,Manhattan,East Chelsea,17.84
2,Weekday,Manhattan,Times Sq/Theatre District,16.48
2,Weekday,Manhattan,Little Italy/NoLiTa,14.87
2,Weekday,Queens,LaGuardia Airport,14.38
2,Weekday,Manhattan,Midtown South,14.02
2,Weekday,Manhattan,Flatiron,11.73
2,Weekday,Manhattan,Gramercy,11.59
2,Weekday,Manhattan,TriBeCa/Civic Center,11.16
2,Weekday,Manhattan,Union Sq,9.87
2,Weekday,Manhattan,Meatpacking/West Village West,9.62
2,Weekday,Manhattan,Greenwich Village North,9.41
2,Weekday,Manhattan,Murray Hill,9.24
2,Weekday,Manhattan,Midtown North,9.06
2,Weekday,Manhattan,Midtown Center,8.52
2,Weekday,Manhattan,Yorkville West,8.29
2,Weekday,Manhattan,Lenox Hill West,8.06
2,Weekday,Manhattan,Hudson Sq,7.58
2,Weekday,Manhattan,Garment District,7.47
2,Weekday,Manhattan,Sutton Place/Turtle Bay North,7.3
2,Weekday,Manhattan,SoHo,7.12
2,Weekday,Manhattan,Midtown East,7.11
2,Weekday,Manhattan,Kips Bay,6.47
2,Weekday,Manhattan,Upper East Side South,6.24
2,Weekday,Manhattan,Alphabet City,5.57
2,Weekday,Manhattan,Upper West Side South,5.31
2,Weekday,Manhattan,Lincoln Square East,4.98
2,Weekday,Manhattan,Lenox Hill East,4.8
2,Weekday,Manhattan,Clinton West,4.45
2,Weekday,Manhattan,UN/Turtle Bay South,4.44
2,Weekday,Brooklyn,Williamsburg (North Side),4.26
2,Weekday,Manhattan,Financial District North,4.16
2,Weekday,Manhattan,Upper East Side North,4.1
2,Weekday,Manhattan,Upper West Side North,4.06
2,Weekday,Brooklyn,Brooklyn Navy Yard,4.0
2,Weekday,Brooklyn,East Williamsburg,3.76
2,Weekday,Queens,East Elmhurst,3.44
2,Weekday,Queens,Maspeth,3.43
2,Weekday,Brooklyn,Boerum Hill,3.39
2,Weekday,Brooklyn,Fort Greene,3.27
2,Weekday,Brooklyn,Bushwick South,3.2
2,Weekday,Queens,Jamaica,3.16
2,Weekday,Brooklyn,Greenpoint,3.14
2,Weekday,Brooklyn,Clinton Hill,3.11
2,Weekday,Brooklyn,Bushwick North,3.08
2,Weekday,Brooklyn,Williamsburg (South Side),3.07
2,Weekday,Queens,Astoria,3.0
2,Weekday,Manhattan,Financial District South,2.86
2,Weekday,Queens,Long Island City/Hunters Point,2.85
2,Weekday,Manhattan,Two Bridges/Seward Park,2.8
2,Weekday,Manhattan,Lincoln Square West,2.77
2,Weekday,Queens,Woodside,2.7
2,Weekday,Queens,Jackson Heights,2.65
2,Weekday,Manhattan,East Harlem South,2.63
2,Weekday,Manhattan,Stuy Town/Peter Cooper Village,2.57
2,Weekday,Manhattan,Morningside Heights,2.4
2,Weekday,Manhattan,Central Harlem,2.36
2,Weekday,Queens,Richmond Hill,2.3
2,Weekday,Manhattan,World Trade Center,2.28
2,Weekday,Queens,Sunnyside,2.23
2,Weekday,Brooklyn,Park Slope,2.21
2,Weekday,Manhattan,Central Park,2.21
2,Weekday,Queens,South Ozone Park,2.18
2,Weekday,Manhattan,Yorkville East,2.17
2,Weekday,Manhattan,Seaport,2.15
2,Weekday,Brooklyn,Brooklyn Heights,2.13
2,Weekday,Queens,Steinway,2.12
2,Weekday,Manhattan,Manhattan Valley,2.1
2,Weekday,Manhattan,Central Harlem North,2.08
2,Weekday,Brooklyn,DUMBO/Vinegar Hill,2.08
2,Weekday,Manhattan,East Harlem North,2.05
2,Weekday,Queens,Woodhaven,1.94
2,Weekday,Queens,North Corona,1.92
2,Weekday,Manhattan,Hamilton Heights,1.92
2,Weekday,Queens,Elmhurst,1.88
2,Weekday,Brooklyn,Stuyvesant Heights,1.87
2,Weekday,Unknown,N/A,1.85
2,Weekday,Queens,Ridgewood,1.81
2,Weekday,Brooklyn,East New York,1.8
2,Weekday,Brooklyn,Carroll Gardens,1.8
2,Weekday,Brooklyn,Prospect Heights,1.78
2,Weekday,Queens,Flushing,1.77
2,Weekday,Manhattan,Battery Park City,1.77
2,Weekday,Brooklyn,Downtown Brooklyn/MetroTech,1.75
2,Weekday,Brooklyn,Crown Heights South,1.71
2,Weekday,Queens,Corona,1.7
2,Weekday,Brooklyn,Cobble Hill,1.67
2,Weekday,Bronx,Mount Hope,1.67
2,Weekday,Manhattan,Bloomingdale,1.67
2,Weekday,Brooklyn,South Williamsburg,1.67
2,Weekday,Brooklyn,Crown Heights North,1.65
2,Weekday,Manhattan,Washington Heights South,1.61
2,Weekday,Bronx,Mott Haven/Port Morris,1.6
2,Weekday,Manhattan,Washington Heights North,1.6
2,Weekday,Queens,Kew Gardens,1.57
2,Weekday,Brooklyn,Brownsville,1.56
2,Weekday,Queens,Old Astoria,1.55
2,Weekday,Manhattan,Chinatown,1.55
2,Weekday,Queens,Briarwood/Jamaica Hills,1.53
2,Weekday,Queens,Forest Hills,1.52
2,Weekday,Queens,Elmhurst/Maspeth,1.5
2,Weekday,Queens,Whitestone,1.5
2,Weekday,Queens,Flushing Meadows-Corona Park,1.5
2,Weekday,Brooklyn,Flatbush/Ditmas Park,1.47
2,Weekday,Queens,Long Island City/Queens Plaza,1.45
2,Weekday,Brooklyn,Prospect-Lefferts Gardens,1.45
2,Weekday,Brooklyn,Cypress Hills,1.41
2,Weekday,Queens,Baisley Park,1.4
2,Weekday,Queens,Jamaica Estates,1.4
2,Weekday,Bronx,Belmont,1.4
2,Weekday,Brooklyn,Ocean Hill,1.4
2,Weekday,Bronx,University Heights/Morris Heights,1.38
2,Weekday,Brooklyn,East New York/Pennsylvania Avenue,1.38
2,Weekday,Queens,Queensbridge/Ravenswood,1.36
2,Weekday,Queens,Springfield Gardens South,1.35
2,Weekday,Brooklyn,Bedford,1.35
2,Weekday,Brooklyn,Erasmus,1.33
2,Weekday,Queens,Bayside,1.33
2,Weekday,Brooklyn,Dyker Heights,1.33
2,Weekday,Bronx,Highbridge,1.33
2,Weekday,Manhattan,Roosevelt Island,1.33
2,Weekday,Queens,Murray Hill-Queens,1.33
2,Weekday,Queens,East Flushing,1.33
2,Weekday,Bronx,Eastchester,1.33
2,Weekday,Brooklyn,Flatlands,1.33
2,Weekday,Brooklyn,Canarsie,1.32
2,Weekday,Queens,Saint Albans,1.31
2,Weekday,Queens,Rego Park,1.3
2,Weekday,Brooklyn,Sunset Park East,1.3
2,Weekday,Queens,South Jamaica,1.29
2,Weekday,Queens,Ozone Park,1.29
2,Weekday,Queens,College Point,1.29
2,Weekday,Bronx,Melrose South,1.27
2,Weekday,Bronx,Van Nest/Morris Park,1.27
2,Weekday,N/A,Outside of NYC,1.27
2,Weekday,Bronx,Van Cortlandt Village,1.25
2,Weekday,Manhattan,Manhattanville,1.25
2,Weekday,Bronx,Hunts Point,1.25
2,Weekday,Queens,Fresh Meadows,1.25
2,Weekday,Brooklyn,Red Hook,1.25
2,Weekday,Queens,Middle Village,1.23
2,Weekday,Manhattan,Inwood,1.22
2,Weekday,Brooklyn,Borough Park,1.22
2,Weekday,Brooklyn,Gowanus,1.22
2,Weekday,Brooklyn,Sunset Park West,1.21
2,Weekday,Queens,Springfield Gardens North,1.2
2,Weekday,Brooklyn,Bay Ridge,1.2
2,Weekday,Bronx,Westchester Village/Unionport,1.2
2,Weekday,Queens,Howard Beach,1.2
2,Weekday,Bronx,Schuylerville/Edgewater Park,1.18
2,Weekday,Queens,Queens Village,1.18
2,Weekday,Bronx,Soundview/Castle Hill,1.18
2,Weekday,Brooklyn,Bensonhurst East,1.17
2,Weekday,Queens,Rosedale,1.17
2,Weekday,Bronx,Morrisania/Melrose,1.17
2,Weekday,Queens,Hollis,1.17
2,Weekday,Bronx,Spuyten Duyvil/Kingsbridge,1.14
2,Weekday,Queens,Glendale,1.14
2,Weekday,Bronx,Longwood,1.14
2,Weekday,Bronx,Bedford Park,1.14
2,Weekday,Bronx,Crotona Park East,1.13
2,Weekday,Bronx,Soundview/Bruckner,1.13
2,Weekday,Bronx,Woodlawn/Wakefield,1.13
2,Weekday,Brooklyn,Gravesend,1.13
2,Weekday,Bronx,West Concourse,1.13
2,Weekday,Bronx,Norwood,1.13
2,Weekday,Brooklyn,East Flatbush/Remsen Village,1.12
2,Weekday,Brooklyn,Midwood,1.11
2,Weekday,Queens,Hillcrest/Pomonok,1.1
2,Weekday,Brooklyn,Sheepshead Bay,1.1
2,Weekday,Bronx,East Concourse/Concourse Village,1.09
2,Weekday,Brooklyn,East Flatbush/Farragut,1.07
2,Weekday,Brooklyn,Marine Park/Floyd Bennett Field,1.0
2,Weekday,Bronx,Kingsbridge Heights,1.0
2,Weekday,Brooklyn,Brighton Beach,1.0
2,Weekday,Manhattan,Inwood Hill Park,1.0
2,Weekday,Brooklyn,Bath Beach,1.0
2,Weekday,Queens,Saint Michaels Cemetery/Woodside,1.0
2,Weekday,Queens,Douglaston,1.0
2,Weekday,Brooklyn,Windsor Terrace,1.0
2,Weekday,Bronx,Fordham South,1.0
2,Weekday,Queens,Kew Gardens Hills,1.0
2,Weekday,Brooklyn,Madison,1.0
2,Weekday,Bronx,West Farms/Bronx River,1.0
2,Weekday,Brooklyn,Marine Park/Mill Basin,1.0
2,Weekday,Brooklyn,Ocean Parkway South,1.0
2,Weekday,Bronx,Riverdale/North Riverdale/Fieldston,1.0
2,Weekday,Queens,Astoria Park,1.0
2,Weekday,Queens,Laurelton,1.0
2,Weekday,Bronx,Co-Op City,1.0
2,Weekday,Bronx,Claremont/Bathgate,1.0
2,Weekday,Queens,Far Rockaway,1.0
2,Weekday,Queens,Bellerose,1.0
2,Weekday,Queens,Glen Oaks,1.0
2,Weekday,Bronx,East Tremont,1.0
2,Weekday,Queens,Bay Terrace/Fort Totten,1.0
2,Weekday,Staten Island,South Beach/Dongan Hills,1.0
2,Weekday,Queens,Queensboro Hill,1.0
2,Weekday,Brooklyn,Homecrest,1.0
2,Weekday,Brooklyn,Manhattan Beach,1.0
2,Weekday,Bronx,Williamsbridge/Olinville,1.0
2,Weekday,Bronx,Bronxdale,1.0
2,Weekday,Queens,Cambria Heights,1.0
2,Weekday,Brooklyn,Starrett City,1.0
2,Weekday,Brooklyn,Kensington,1.0
2,Weekday,Bronx,Van Cortlandt Park,1.0
2,Weekday,Queens,Rockaway Park,1.0
2,Weekday,Bronx,Allerton/Pelham Gardens,1.0
2,Weekday,Brooklyn,Prospect Park,1.0
2,Weekday,Brooklyn,Columbia Street,1.0
2,Weekday,Bronx,Pelham Bay,1.0
2,Weekday,Manhattan,Battery Park,1.0
2,Weekday,Bronx,Pelham Parkway,1.0
2,Weekday,Staten Island,Heartland Village/Todt Hill,1.0
2,Weekday,Bronx,Parkchester,1.0
2,Weekday,Bronx,City Island,1.0
2,Weekday,Queens,Hammels/Arverne,1.0
2,Weekday,Brooklyn,Coney Island,1.0
2,Weekday,Manhattan,Marble Hill,1.0
2,Weekday,Bronx,Country Club,1.0
2,Weekday,Queens,Oakland Gardens,1.0
2,Weekday,Brooklyn,Bensonhurst West,1.0
3,Weekday,Manhattan,East Village,23.61
3,Weekday,Queens,JFK Airport,21.93
3,Weekday,Manhattan,Clinton East,21.64
3,Weekday,Manhattan,West Village,18.56
3,Weekday,Manhattan,Lower East Side,17.1
3,Weekday,Manhattan,West Chelsea/Hudson Yards,16.05
3,Weekday,Manhattan,Times Sq/Theatre District,13.38
3,Weekday,Manhattan,Little Italy/NoLiTa,12.24
3,Weekday,Manhattan,East Chelsea,11.38
3,Weekday,Manhattan,Penn Station/Madison Sq West,9.88
3,Weekday,Manhattan,Greenwich Village South,9.79
3,Weekday,Manhattan,Midtown South,8.75
3,Weekday,Manhattan,Flatiron,8.07
3,Weekday,Manhattan,TriBeCa/Civic Center,7.98
3,Weekday,Brooklyn,Brooklyn Navy Yard,7.5
3,Weekday,Manhattan,Gramercy,7.44
3,Weekday,Manhattan,Meatpacking/West Village West,7.15
3,Weekday,Manhattan,Hudson Sq,6.7
3,Weekday,Manhattan,Lenox Hill West,6.54
3,Weekday,Manhattan,Garment District,6.21
3,Weekday,Manhattan,Midtown North,6.02
3,Weekday,Manhattan,Yorkville West,5.87
3,Weekday,Manhattan,Union Sq,5.36
3,Weekday,Manhattan,Midtown Center,5.23
3,Weekday,Manhattan,Kips Bay,5.13
3,Weekday,Manhattan,Murray Hill,5.13
3,Weekday,Manhattan,Greenwich Village North,4.75
3,Weekday,Manhattan,Sutton Place/Turtle Bay North,4.71
3,Weekday,Manhattan,Midtown East,4.43
3,Weekday,Queens,LaGuardia Airport,4.24
3,Weekday,Manhattan,SoHo,4.17
3,Weekday,Brooklyn,Williamsburg (North Side),4.16
3,Weekday,Manhattan,Upper East Side South,4.1
3,Weekday,Manhattan,Lenox Hill East,4.06
3,Weekday,Brooklyn,Bushwick North,3.88
3,Weekday,Queens,Jackson Heights,3.75
3,Weekday,Manhattan,Alphabet City,3.62
3,Weekday,Manhattan,Lincoln Square East,3.32
3,Weekday,Manhattan,Upper West Side South,3.15
3,Weekday,Brooklyn,East Williamsburg,3.1
3,Weekday,Manhattan,Clinton West,2.89
3,Weekday,Queens,Jamaica,2.79
3,Weekday,Manhattan,UN/Turtle Bay South,2.64
3,Weekday,Brooklyn,Williamsburg (South Side),2.6
3,Weekday,Manhattan,Financial District South,2.6
3,Weekday,Queens,Ridgewood,2.58
3,Weekday,Manhattan,Upper West Side North,2.57
3,Weekday,Manhattan,Upper East Side North,2.5
3,Weekday,Queens,Astoria,2.42
3,Weekday,Manhattan,East Harlem South,2.39
3,Weekday,Brooklyn,Bushwick South,2.38
3,Weekday,Manhattan,Financial District North,2.32
3,Weekday,Queens,Elmhurst,2.3
3,Weekday,Manhattan,Two Bridges/Seward Park,2.29
3,Weekday,Brooklyn,Greenpoint,2.25
3,Weekday,Queens,South Ozone Park,2.19
3,Weekday,Brooklyn,Boerum Hill,2.18
3,Weekday,Queens,Richmond Hill,2.16
3,Weekday,Queens,Long Island City/Hunters Point,2.12
3,Weekday,Queens,Sunnyside,2.09
3,Weekday,Brooklyn,East New York,2.08
3,Weekday,Queens,Woodside,2.07
3,Weekday,Bronx,Mott Haven/Port Morris,2.07
3,Weekday,Manhattan,Yorkville East,2.03
3,Weekday,Queens,Baisley Park,2.0
3,Weekday,Brooklyn,South Williamsburg,2.0
3,Weekday,Manhattan,Lincoln Square West,1.93
3,Weekday,Manhattan,Manhattan Valley,1.92
3,Weekday,Queens,Maspeth,1.9
3,Weekday,Manhattan,Central Harlem North,1.9
3,Weekday,Queens,East Elmhurst,1.86
3,Weekday,Brooklyn,Clinton Hill,1.86
3,Weekday,Manhattan,Morningside Heights,1.85
3,Weekday,Manhattan,Central Park,1.84
3,Weekday,Manhattan,Stuy Town/Peter Cooper Village,1.82
3,Weekday,Brooklyn,Crown Heights North,1.79
3,Weekday,Brooklyn,Fort Greene,1.75
3,Weekday,Manhattan,Central Harlem,1.75
3,Weekday,Unknown,N/A,1.68
3,Weekday,Brooklyn,Park Slope,1.67
3,Weekday,Manhattan,Chinatown,1.67
3,Weekday,Queens,Long Island City/Queens Plaza,1.65
3,Weekday,Manhattan,Washington Heights South,1.63
3,Weekday,Manhattan,Seaport,1.63
3,Weekday,Brooklyn,Prospect Heights,1.63
3,Weekday,Brooklyn,Stuyvesant Heights,1.62
3,Weekday,Queens,Elmhurst/Maspeth,1.61
3,Weekday,Manhattan,East Harlem North,1.61
3,Weekday,Manhattan,World Trade Center,1.61
3,Weekday,Brooklyn,Bedford,1.57
3,Weekday,Queens,Saint Albans,1.56
3,Weekday,Queens,South Jamaica,1.55
3,Weekday,Queens,North Corona,1.53
3,Weekday,Queens,Corona,1.53
3,Weekday,Queens,Steinway,1.52
3,Weekday,Queens,East Flushing,1.5
3,Weekday,Brooklyn,Canarsie,1.5
3,Weekday,Queens,Briarwood/Jamaica Hills,1.48
3,Weekday,Queens,Old Astoria,1.44
3,Weekday,Brooklyn,Coney Island,1.44
3,Weekday,Queens,Middle Village,1.43
3,Weekday,Brooklyn,Flatlands,1.43
3,Weekday,Queens,Forest Hills,1.43
3,Weekday,Brooklyn,East Flatbush/Farragut,1.42
3,Weekday,Manhattan,Hamilton Heights,1.42
3,Weekday,Brooklyn,East New York/Pennsylvania Avenue,1.42
3,Weekday,Brooklyn,East Flatbush/Remsen Village,1.38
3,Weekday,Manhattan,Bloomingdale,1.38
3,Weekday,Brooklyn,Downtown Brooklyn/MetroTech,1.35
3,Weekday,Brooklyn,Cypress Hills,1.35
3,Weekday,Bronx,Spuyten Duyvil/Kingsbridge,1.33
3,Weekday,Bronx,Kingsbridge Heights,1.33
3,Weekday,Manhattan,Washington Heights North,1.33
3,Weekday,Bronx,City Island,1.33
3,Weekday,Brooklyn,Bensonhurst East,1.33
3,Weekday,Brooklyn,Ocean Hill,1.33
3,Weekday,Brooklyn,Prospect-Lefferts Gardens,1.31
3,Weekday,Brooklyn,Flatbush/Ditmas Park,1.3
3,Weekday,Queens,Jamaica Estates,1.3
3,Weekday,Bronx,Eastchester,1.3
3,Weekday,Brooklyn,Brooklyn Heights,1.29
3,Weekday,Brooklyn,Brownsville,1.29
3,Weekday,Manhattan,Manhattanville,1.29
3,Weekday,Queens,Flushing,1.27
3,Weekday,Brooklyn,Crown Heights South,1.27
3,Weekday,Bronx,Soundview/Castle Hill,1.25
3,Weekday,Brooklyn,Madison,1.25
3,Weekday,Queens,Cambria Heights,1.25
3,Weekday,Queens,Laurelton,1.25
3,Weekday,Manhattan,Battery Park City,1.25
3,Weekday,Bronx,Highbridge,1.25
3,Weekday,Brooklyn,Erasmus,1.23
3,Weekday,Brooklyn,DUMBO/Vinegar Hill,1.22
3,Weekday,Bronx,West Concourse,1.22
3,Weekday,Queens,Kew Gardens,1.21
3,Weekday,Queens,Ozone Park,1.2
3,Weekday,Queens,Woodhaven,1.2
3,Weekday,Bronx,Van Nest/Morris Park,1.2
3,Weekday,Queens,Fresh Meadows,1.2
3,Weekday,Brooklyn,Bay Ridge,1.18
3,Weekday,Bronx,Bedford Park,1.18
3,Weekday,Brooklyn,Sunset Park West,1.18
3,Weekday,Queens,Rego Park,1.17
3,Weekday,Bronx,Crotona Park East,1.17
3,Weekday,Brooklyn,Red Hook,1.17
3,Weekday,Queens,Hammels/Arverne,1.16
3,Weekday,Queens,Springfield Gardens South,1.16
3,Weekday,Queens,Hillcrest/Pomonok,1.15
3,Weekday,Bronx,Melrose South,1.15
3,Weekday,Bronx,Longwood,1.15
3,Weekday,Bronx,Parkchester,1.14
3,Weekday,Queens,Glen Oaks,1.14
3,Weekday,Bronx,University Heights/Morris Heights,1.14
3,Weekday,Bronx,Woodlawn/Wakefield,1.13
3,Weekday,Queens,Hollis,1.13
3,Weekday,Queens,Kew Gardens Hills,1.11
3,Weekday,Queens,Queens Village,1.11
3,Weekday,Brooklyn,Borough Park,1.11
3,Weekday,Bronx,Mount Hope,1.11
3,Weekday,Brooklyn,Sheepshead Bay,1.08
3,Weekday,Queens,Glendale,1.08
3,Weekday,Brooklyn,Kensington,1.08
3,Weekday,Queens,Rosedale,1.08
3,Weekday,Queens,Springfield Gardens North,1.07
3,Weekday,Queens,Queensbridge/Ravenswood,1.05
3,Weekday,Bronx,Co-Op City,1.05
3,Weekday,Brooklyn,Midwood,1.0
3,Weekday,Queens,College Point,1.0
3,Weekday,Queens,Bayside,1.0
3,Weekday,Bronx,East Tremont,1.0
3,Weekday,Bronx,Bronxdale,1.0
3,Weekday,Bronx,Williamsbridge/Olinville,1.0
3,Weekday,Queens,Douglaston,1.0
3,Weekday,Brooklyn,Sunset Park East,1.0
3,Weekday,Bronx,Westchester Village/Unionport,1.0
3,Weekday,Brooklyn,Dyker Heights,1.0
3,Weekday,Staten Island,Grymes Hill/Clifton,1.0
3,Weekday,Brooklyn,Ocean Parkway South,1.0
3,Weekday,Brooklyn,Cobble Hill,1.0
3,Weekday,Brooklyn,Marine Park/Mill Basin,1.0
3,Weekday,Bronx,Country Club,1.0
3,Weekday,Bronx,Norwood,1.0
3,Weekday,Manhattan,Roosevelt Island,1.0
3,Weekday,Queens,Flushing Meadows-Corona Park,1.0
3,Weekday,Staten Island,Bloomfield/Emerson Hill,1.0
3,Weekday,Manhattan,Inwood,1.0
3,Weekday,Bronx,Fordham South,1.0
3,Weekday,Brooklyn,Prospect Park,1.0
3,Weekday,Bronx,Van Cortlandt Village,1.0
3,Weekday,Queens,Rockaway Park,1.0
3,Weekday,Queens,Queensboro Hill,1.0
3,Weekday,Brooklyn,Carroll Gardens,1.0
3,Weekday,Bronx,Morrisania/Melrose,1.0
3,Weekday,Queens,Bellerose,1.0
3,Weekday,Queens,Far Rockaway,1.0
3,Weekday,Brooklyn,Bath Beach,1.0
3,Weekday,Brooklyn,Windsor Terrace,1.0
3,Weekday,Bronx,Pelham Parkway,1.0
3,Weekday,Bronx,Pelham Bay,1.0
3,Weekday,Brooklyn,Brighton Beach,1.0
3,Weekday,Bronx,Allerton/Pelham Gardens,1.0
3,Weekday,Bronx,Schuylerville/Edgewater Park,1.0
3,Weekday,Queens,Whitestone,1.0
3,Weekday,Bronx,East Concourse/Concourse Village,1.0
3,Weekday,Queens,Bay Terrace/Fort Totten,1.0
3,Weekday,Brooklyn,Gowanus,1.0
3,Weekday,Bronx,West Farms/Bronx River,1.0
3,Weekday,Queens,Auburndale,1.0
3,Weekday,Brooklyn,Bensonhurst West,1.0
3,Weekday,Queens,Murray Hill-Queens,1.0
3,Weekday,N/A,Outside of NYC,1.0
3,Weekday,Bronx,Belmont,1.0
3,Weekday,Queens,Oakland Gardens,1.0
3,Weekday,Queens,Howard Beach,1.0
3,Weekday,Staten Island,New Dorp/Midland Beach,1.0
3,Weekday,Brooklyn,Homecrest,1.0
3,Weekday,Manhattan,Inwood Hill Park,1.0
3,Weekday,Bronx,Bronx Park,1.0
3,Weekday,Bronx,Claremont/Bathgate,1.0
3,Weekday,Bronx,Hunts Point,1.0
3,Weekday,Brooklyn,Manhattan Beach,1.0
3,Weekday,Bronx,Soundview/Bruckner,1.0
3,Weekday,Brooklyn,Starrett City,1.0
4,Weekday,Queens,JFK Airport,23.28
4,Weekday,Manhattan,Clinton East,22.72
4,Weekday,Manhattan,East Village,17.36
4,Weekday,Manhattan,Times Sq/Theatre District,16.42
4,Weekday,Manhattan,West Village,12.17
4,Weekday,Manhattan,Penn Station/Madison Sq West,11.36
4,Weekday,Manhattan,Lower East Side,11.1
4,Weekday,Manhattan,East Chelsea,10.22
4,Weekday,Manhattan,Yorkville West,9.44
4,Weekday,Manhattan,Midtown South,9.25
4,Weekday,Manhattan,Gramercy,8.5
4,Weekday,Manhattan,Flatiron,8.38
4,Weekday,Manhattan,Lenox Hill West,8.3
4,Weekday,Manhattan,Murray Hill,7.51
4,Weekday,Manhattan,Midtown North,7.41
4,Weekday,Manhattan,Little Italy/NoLiTa,7.22
4,Weekday,Manhattan,Garment District,6.77
4,Weekday,Manhattan,Kips Bay,6.7
4,Weekday,Manhattan,Midtown Center,6.56
4,Weekday,Manhattan,Yorkville East,6.34
4,Weekday,Manhattan,West Chelsea/Hudson Yards,6.17
4,Weekday,Manhattan,Midtown East,6.17
4,Weekday,Manhattan,Upper West Side North,5.95
4,Weekday,Manhattan,Lenox Hill East,5.75
4,Weekday,Manhattan,Union Sq,5.72
4,Weekday,Manhattan,Lincoln Square East,5.59
4,Weekday,Manhattan,Upper West Side South,5.44
4,Weekday,Manhattan,Sutton Place/Turtle Bay North,5.43
4,Weekday,Manhattan,TriBeCa/Civic Center,5.23
4,Weekday,Manhattan,Greenwich Village South,4.95
4,Weekday,Manhattan,Upper East Side North,4.7
4,Weekday,Manhattan,UN/Turtle Bay South,4.67
4,Weekday,Manhattan,Upper East Side South,4.61
4,Weekday,Queens,Jackson Heights,4.48
4,Weekday,Manhattan,East Harlem South,4.32
4,Weekday,Manhattan,Clinton West,4.05
4,Weekday,Queens,Astoria,3.98
4,Weekday,Manhattan,East Harlem North,3.95
4,Weekday,Manhattan,Hudson Sq,3.86
4,Weekday,Manhattan,Greenwich Village North,3.64
4,Weekday,Brooklyn,Bushwick South,3.44
4,Weekday,Manhattan,Central Harlem,3.39
4,Weekday,Queens,Sunnyside,3.28
4,Weekday,Manhattan,Meatpacking/West Village West,3.19
4,Weekday,Manhattan,Manhattan Valley,3.18
4,Weekday,Queens,Elmhurst,3.15
4,Weekday,Manhattan,Lincoln Square West,3.08
4,Weekday,Manhattan,Central Harlem North,3.04
4,Weekday,Manhattan,SoHo,3.03
4,Weekday,Queens,Long Island City/Hunters Point,2.84
4,Weekday,Queens,LaGuardia Airport,2.84
4,Weekday,Brooklyn,East New York,2.83
4,Weekday,Brooklyn,East Williamsburg,2.71
4,Weekday,Manhattan,Two Bridges/Seward Park,2.7
4,Weekday,Brooklyn,Williamsburg (North Side),2.69
4,Weekday,Manhattan,Alphabet City,2.68
4,Weekday,Manhattan,Financial District North,2.67
4,Weekday,Manhattan,Morningside Heights,2.63
4,Weekday,Brooklyn,Crown Heights North,2.53
4,Weekday,Brooklyn,East Flatbush/Remsen Village,2.42
4,Weekday,Manhattan,Central Park,2.4
4,Weekday,Brooklyn,Williamsburg (South Side),2.33
4,Weekday,Brooklyn,Prospect-Lefferts Gardens,2.31
4,Weekday,Queens,Jamaica,2.29
4,Weekday,Brooklyn,Bushwick North,2.26
4,Weekday,Bronx,Mott Haven/Port Morris,2.18
4,Weekday,Manhattan,Hamilton Heights,2.17
4,Weekday,Brooklyn,Bedford,2.07
4,Weekday,Queens,South Ozone Park,2.04
4,Weekday,Queens,Woodside,2.04
4,Weekday,Brooklyn,Red Hook,2.0
4,Weekday,Brooklyn,Greenpoint,1.96
4,Weekday,Queens,Maspeth,1.94
4,Weekday,Brooklyn,East Flatbush/Farragut,1.93
4,Weekday,Queens,Richmond Hill,1.93
4,Weekday,Brooklyn,Flatbush/Ditmas Park,1.9
4,Weekday,Queens,Ridgewood,1.85
4,Weekday,Queens,Steinway,1.84
4,Weekday,Queens,Long Island City/Queens Plaza,1.84
4,Weekday,Manhattan,Bloomingdale,1.83
4,Weekday,Manhattan,Seaport,1.77
4,Weekday,Brooklyn,Brooklyn Navy Yard,1.75
4,Weekday,Manhattan,Stuy Town/Peter Cooper Village,1.75
4,Weekday,Brooklyn,Stuyvesant Heights,1.74
4,Weekday,Brooklyn,Erasmus,1.68
4,Weekday,Manhattan,World Trade Center,1.67
4,Weekday,Manhattan,Battery Park City,1.67
4,Weekday,Brooklyn,Brownsville,1.67
4,Weekday,Brooklyn,Canarsie,1.65
4,Weekday,Manhattan,Washington Heights South,1.65
4,Weekday,Manhattan,Manhattanville,1.62
4,Weekday,Brooklyn,Clinton Hill,1.61
4,Weekday,Queens,South Jamaica,1.58
4,Weekday,Manhattan,Financial District South,1.57
4,Weekday,Brooklyn,East New York/Pennsylvania Avenue,1.56
4,Weekday,Queens,Baisley Park,1.56
4,Weekday,Bronx,Co-Op City,1.55
4,Weekday,Bronx,Soundview/Bruckner,1.53
4,Weekday,Brooklyn,Flatlands,1.53
4,Weekday,Queens,Woodhaven,1.51
4,Weekday,Queens,Old Astoria,1.5
4,Weekday,Bronx,Woodlawn/Wakefield,1.5
4,Weekday,Bronx,East Tremont,1.5
4,Weekday,Brooklyn,Sunset Park West,1.48
4,Weekday,Queens,Queensbridge/Ravenswood,1.48
4,Weekday,Bronx,Bedford Park,1.46
4,Weekday,Brooklyn,Boerum Hill,1.46
4,Weekday,Brooklyn,DUMBO/Vinegar Hill,1.44
4,Weekday,Bronx,Melrose South,1.44
4,Weekday,Bronx,Parkchester,1.41
4,Weekday,Bronx,Soundview/Castle Hill,1.39
4,Weekday,Brooklyn,Sunset Park East,1.38
4,Weekday,Brooklyn,Ocean Hill,1.38
4,Weekday,Manhattan,Chinatown,1.38
4,Weekday,Queens,Far Rockaway,1.37
4,Weekday,Queens,Kew Gardens,1.37
4,Weekday,Bronx,Morrisania/Melrose,1.36
4,Weekday,Queens,Jamaica Estates,1.35
4,Weekday,Bronx,Van Nest/Morris Park,1.33
4,Weekday,Bronx,Van Cortlandt Village,1.33
4,Weekday,Queens,Flushing,1.32
4,Weekday,Queens,Springfield Gardens South,1.32
4,Weekday,Brooklyn,Downtown Brooklyn/MetroTech,1.32
4,Weekday,Manhattan,Washington Heights North,1.31
4,Weekday,Unknown,N/A,1.3
4,Weekday,Queens,Springfield Gardens North,1.3
4,Weekday,Queens,Saint Albans,1.3
4,Weekday,Queens,Briarwood/Jamaica Hills,1.29
4,Weekday,Queens,Glendale,1.29
4,Weekday,Brooklyn,Crown Heights South,1.28
4,Weekday,Brooklyn,Bay Ridge,1.28
4,Weekday,Queens,Rego Park,1.27
4,Weekday,Brooklyn,Cypress Hills,1.27
4,Weekday,Brooklyn,Park Slope,1.27
4,Weekday,Bronx,Highbridge,1.27
4,Weekday,Queens,Corona,1.25
4,Weekday,Queens,North Corona,1.25
4,Weekday,Queens,Kew Gardens Hills,1.25
4,Weekday,Brooklyn,Dyker Heights,1.25
4,Weekday,Queens,Elmhurst/Maspeth,1.24
4,Weekday,Queens,Queens Village,1.23
4,Weekday,Bronx,Claremont/Bathgate,1.23
4,Weekday,Brooklyn,Brooklyn Heights,1.22
4,Weekday,Bronx,Kingsbridge Heights,1.22
4,Weekday,Brooklyn,Fort Greene,1.21
4,Weekday,Brooklyn,Carroll Gardens,1.2
4,Weekday,Manhattan,Inwood,1.2
4,Weekday,Bronx,East Concourse/Concourse Village,1.2
4,Weekday,Bronx,Eastchester,1.19
4,Weekday,Queens,Rosedale,1.18
4,Weekday,Brooklyn,Coney Island,1.17
4,Weekday,Bronx,Pelham Bay,1.17
4,Weekday,Bronx,Longwood,1.17
4,Weekday,Queens,Ozone Park,1.17
4,Weekday,Queens,Bayside,1.17
4,Weekday,Queens,Hollis,1.17
4,Weekday,Bronx,Schuylerville/Edgewater Park,1.17
4,Weekday,Bronx,Crotona Park East,1.17
4,Weekday,Brooklyn,Madison,1.17
4,Weekday,Bronx,Mount Hope,1.16
4,Weekday,Brooklyn,Starrett City,1.16
4,Weekday,Queens,East Elmhurst,1.15
4,Weekday,Queens,Forest Hills,1.15
4,Weekday,Queens,Rockaway Park,1.15
4,Weekday,Manhattan,Roosevelt Island,1.14
4,Weekday,Bronx,Williamsbridge/Olinville,1.14
4,Weekday,Bronx,Westchester Village/Unionport,1.14
4,Weekday,Bronx,University Heights/Morris Heights,1.14
4,Weekday,Brooklyn,Gowanus,1.13
4,Weekday,Bronx,West Concourse,1.13
4,Weekday,Queens,Hammels/Arverne,1.12
4,Weekday,Queens,Laurelton,1.11
4,Weekday,N/A,Outside of NYC,1.11
4,Weekday,Bronx,Belmont,1.11
4,Weekday,Bronx,West Farms/Bronx River,1.11
4,Weekday,Queens,Murray Hill-Queens,1.11
4,Weekday,Bronx,Allerton/Pelham Gardens,1.1
4,Weekday,Bronx,Hunts Point,1.1
4,Weekday,Brooklyn,Bensonhurst West,1.08
4,Weekday,Brooklyn,Borough Park,1.08
4,Weekday,Bronx,Norwood,1.07
4,Weekday,Brooklyn,Prospect Heights,1.07
4,Weekday,Queens,Middle Village,1.06
4,Weekday,Manhattan,Marble Hill,1.0
4,Weekday,Staten Island,Mariners Harbor,1.0
4,Weekday,Queens,Bellerose,1.0
4,Weekday,Bronx,Country Club,1.0
4,Weekday,Queens,Fresh Meadows,1.0
4,Weekday,Queens,East Flushing,1.0
4,Weekday,Brooklyn,Columbia Street,1.0
4,Weekday,Bronx,Pelham Parkway,1.0
4,Weekday,Queens,Flushing Meadows-Corona Park,1.0
4,Weekday,Staten Island,Bloomfield/Emerson Hill,1.0
4,Weekday,Manhattan,Battery Park,1.0
4,Weekday,Brooklyn,Prospect Park,1.0
4,Weekday,Bronx,Spuyten Duyvil/Kingsbridge,1.0
4,Weekday,Queens,Douglaston,1.0
4,Weekday,Staten Island,Heartland Village/Todt Hill,1.0
4,Weekday,Queens,Howard Beach,1.0
4,Weekday,Staten Island,Arrochar/Fort Wadsworth,1.0
4,Weekday,Queens,Forest Park/Highland Park,1.0
4,Weekday,Brooklyn,Sheepshead Bay,1.0
4,Weekday,Staten Island,Great Kills,1.0
4,Weekday,Bronx,Bronx Park,1.0
4,Weekday,Queens,Oakland Gardens,1.0
4,Weekday,Brooklyn,Bensonhurst East,1.0
4,Weekday,Queens,College Point,1.0
4,Weekday,Queens,Hillcrest/Pomonok,1.0
4,Weekday,Brooklyn,Kensington,1.0
4,Weekday,Staten Island,Saint George/New Brighton,1.0
4,Weekday,Brooklyn,South Williamsburg,1.0
4,Weekday,Brooklyn,Homecrest,1.0
4,Weekday,Bronx,Bronxdale,1.0
4,Weekday,Bronx,Van Cortlandt Park,1.0
4,Weekday,Staten Island,New Dorp/Midland Beach,1.0
4,Weekday,Brooklyn,Midwood,1.0
4,Weekday,Brooklyn,Gravesend,1.0
4,Weekday,Bronx,Riverdale/North Riverdale/Fieldston,1.0
4,Weekday,Bronx,Pelham Bay Park,1.0
4,Weekday,Brooklyn,Cobble Hill,1.0
4,Weekday,Brooklyn,Marine Park/Mill Basin,1.0
4,Weekday,Queens,Queensboro Hill,1.0
4,Weekday,Queens,Cambria Heights,1.0
4,Weekday,Brooklyn,Ocean Parkway South,1.0
4,Weekday,Brooklyn,Windsor Terrace,1.0
4,Weekday,Queens,Glen Oaks,1.0
4,Weekday,Brooklyn,Brighton Beach,1.0
4,Weekday,Brooklyn,Bath Beach,1.0
4,Weekday,Manhattan,Randalls Island,1.0
4,Weekday,Queens,Whitestone,1.0
4,Weekday,Queens,Auburndale,1.0
4,Weekday,Bronx,Fordham South,1.0
4,Weekday,Queens,Bay Terrace/Fort Totten,1.0
5,Weekday,Queens,JFK Airport,73.95
5,Weekday,Manhattan,Penn Station/Madison Sq West,54.03
5,Weekday,Manhattan,Garment District,44.19
5,Weekday,Manhattan,Clinton East,42.27
5,Weekday,Manhattan,Yorkville West,23.95
5,Weekday,Manhattan,Yorkville East,21.77
5,Weekday,Manhattan,Midtown East,20.97
5,Weekday,Manhattan,Upper West Side South,18.91
5,Weekday,Manhattan,Times Sq/Theatre District,18.88
5,Weekday,Manhattan,Upper East Side North,17.97
5,Weekday,Manhattan,Upper West Side North,17.69
5,Weekday,Manhattan,Lenox Hill West,17.44
5,Weekday,Manhattan,Gramercy,15.55
5,Weekday,Manhattan,Murray Hill,14.7
5,Weekday,Manhattan,East Chelsea,13.75
5,Weekday,Manhattan,East Harlem South,13.69
5,Weekday,Manhattan,East Village,12.7
5,Weekday,Manhattan,Lincoln Square East,12.7
5,Weekday,Manhattan,Lenox Hill East,12.36
5,Weekday,Manhattan,Upper East Side South,12.33
5,Weekday,Manhattan,Midtown Center,11.17
5,Weekday,Manhattan,Midtown North,10.86
5,Weekday,Manhattan,Sutton Place/Turtle Bay North,10.55
5,Weekday,Manhattan,Flatiron,10.3
5,Weekday,Manhattan,Lincoln Square West,9.94
5,Weekday,Manhattan,UN/Turtle Bay South,9.45
5,Weekday,Manhattan,West Village,9.29
5,Weekday,Manhattan,Midtown South,8.8
5,Weekday,Manhattan,Kips Bay,8.22
5,Weekday,Manhattan,Manhattan Valley,7.72
5,Weekday,Manhattan,East Harlem North,7.61
5,Weekday,Manhattan,Union Sq,6.79
5,Weekday,Manhattan,Central Harlem,6.3
5,Weekday,Manhattan,Clinton West,6.27
5,Weekday,Manhattan,Greenwich Village North,5.46
5,Weekday,Brooklyn,Crown Heights North,4.98
5,Weekday,Manhattan,Central Harlem North,4.67
5,Weekday,Brooklyn,East New York,4.47
5,Weekday,Manhattan,TriBeCa/Civic Center,4.3
5,Weekday,Queens,Sunnyside,4.29
5,Weekday,Manhattan,Morningside Heights,4.22
5,Weekday,Brooklyn,Canarsie,4.18
5,Weekday,Manhattan,Lower East Side,4.14
5,Weekday,Brooklyn,Brownsville,4.06
5,Weekday,Brooklyn,Prospect-Lefferts Gardens,4.0
5,Weekday,Manhattan,Bloomingdale,3.73
5,Weekday,Manhattan,Stuy Town/Peter Cooper Village,3.72
5,Weekday,Manhattan,Financial District North,3.58
5,Weekday,Brooklyn,East Flatbush/Remsen Village,3.56
5,Weekday,Manhattan,Greenwich Village South,3.44
5,Weekday,Manhattan,Central Park,3.44
5,Weekday,Manhattan,Meatpacking/West Village West,3.42
5,Weekday,Manhattan,Hamilton Heights,3.11
5,Weekday,Manhattan,Two Bridges/Seward Park,2.98
5,Weekday,Manhattan,West Chelsea/Hudson Yards,2.96
5,Weekday,Brooklyn,Flatbush/Ditmas Park,2.93
5,Weekday,Manhattan,Alphabet City,2.91
5,Weekday,Queens,Astoria,2.87
5,Weekday,Manhattan,Battery Park City,2.83
5,Weekday,Queens,Long Island City/Hunters Point,2.78
5,Weekday,Brooklyn,East Flatbush/Farragut,2.72
5,Weekday,Queens,South Ozone Park,2.67
5,Weekday,Manhattan,Hudson Sq,2.6
5,Weekday,Brooklyn,Bushwick South,2.58
5,Weekday,Manhattan,SoHo,2.5
5,Weekday,Bronx,Mott Haven/Port Morris,2.47
5,Weekday,Manhattan,Washington Heights South,2.46
5,Weekday,Queens,Queens Village,2.43
5,Weekday,Bronx,Williamsbridge/Olinville,2.43
5,Weekday,Brooklyn,East Williamsburg,2.41
5,Weekday,Brooklyn,Bedford,2.38
5,Weekday,Manhattan,Little Italy/NoLiTa,2.38
5,Weekday,Brooklyn,Stuyvesant Heights,2.37
5,Weekday,Manhattan,World Trade Center,2.36
5,Weekday,Brooklyn,Greenpoint,2.34
5,Weekday,Queens,Saint Albans,2.33
5,Weekday,Brooklyn,Ocean Hill,2.29
5,Weekday,Bronx,Soundview/Castle Hill,2.24
5,Weekday,Queens,Jackson Heights,2.19
5,Weekday,Queens,Woodside,2.18
5,Weekday,Queens,Richmond Hill,2.16
5,Weekday,Brooklyn,Bushwick North,2.15
5,Weekday,Queens,Baisley Park,2.13
5,Weekday,Manhattan,Manhattanville,2.06
5,Weekday,Queens,Springfield Gardens North,2.05
5,Weekday,Queens,Long Island City/Queens Plaza,2.05
5,Weekday,Queens,Corona,2.04
5,Weekday,Brooklyn,Erasmus,2.04
5,Weekday,Brooklyn,Crown Heights South,2.04
5,Weekday,Queens,LaGuardia Airport,2.0
5,Weekday,Brooklyn,East New York/Pennsylvania Avenue,1.98
5,Weekday,Unknown,N/A,1.94
5,Weekday,Brooklyn,Boerum Hill,1.93
5,Weekday,Brooklyn,Flatlands,1.92
5,Weekday,Queens,Jamaica,1.9
5,Weekday,Bronx,Morrisania/Melrose,1.9
5,Weekday,Bronx,Co-Op City,1.9
5,Weekday,Queens,Old Astoria,1.89
5,Weekday,Bronx,Parkchester,1.87
5,Weekday,Queens,Rosedale,1.83
5,Weekday,Queens,Springfield Gardens South,1.82
5,Weekday,Queens,South Jamaica,1.8
5,Weekday,Queens,Woodhaven,1.77
5,Weekday,Brooklyn,Sunset Park West,1.77
5,Weekday,Bronx,Claremont/Bathgate,1.76
5,Weekday,Manhattan,Seaport,1.74
5,Weekday,Brooklyn,Williamsburg (South Side),1.72
5,Weekday,Queens,Queensbridge/Ravenswood,1.69
5,Weekday,Manhattan,Washington Heights North,1.68
5,Weekday,Queens,Far Rockaway,1.68
5,Weekday,Queens,Ridgewood,1.67
5,Weekday,Queens,East Elmhurst,1.63
5,Weekday,Brooklyn,Downtown Brooklyn/MetroTech,1.63
5,Weekday,Queens,Hammels/Arverne,1.62
5,Weekday,Brooklyn,Clinton Hill,1.62
5,Weekday,Queens,Elmhurst,1.61
5,Weekday,Queens,Forest Hills,1.59
5,Weekday,Manhattan,Financial District South,1.55
5,Weekday,Brooklyn,Williamsburg (North Side),1.54
5,Weekday,Queens,Kew Gardens Hills,1.54
5,Weekday,Brooklyn,Bay Ridge,1.53
5,Weekday,Brooklyn,Park Slope,1.53
5,Weekday,Queens,Hillcrest/Pomonok,1.53
5,Weekday,Bronx,East Concourse/Concourse Village,1.52
5,Weekday,Brooklyn,Marine Park/Mill Basin,1.51
5,Weekday,Queens,Briarwood/Jamaica Hills,1.5
5,Weekday,Brooklyn,Cypress Hills,1.5
5,Weekday,Brooklyn,Sunset Park East,1.49
5,Weekday,Brooklyn,Fort Greene,1.48
5,Weekday,Bronx,Belmont,1.48
5,Weekday,Queens,Glen Oaks,1.47
5,Weekday,Bronx,Hunts Point,1.46
5,Weekday,Queens,Steinway,1.44
5,Weekday,Brooklyn,Prospect Heights,1.43
5,Weekday,Queens,Jamaica Estates,1.42
5,Weekday,Brooklyn,Starrett City,1.42
5,Weekday,Queens,Flushing Meadows-Corona Park,1.41
5,Weekday,Brooklyn,Sheepshead Bay,1.41
5,Weekday,Brooklyn,Brooklyn Heights,1.41
5,Weekday,Brooklyn,Coney Island,1.41
5,Weekday,Queens,Cambria Heights,1.4
5,Weekday,Bronx,Mount Hope,1.4
5,Weekday,Queens,Elmhurst/Maspeth,1.39
5,Weekday,Bronx,East Tremont,1.38
5,Weekday,Bronx,Fordham South,1.38
5,Weekday,Bronx,West Concourse,1.37
5,Weekday,Bronx,Allerton/Pelham Gardens,1.34
5,Weekday,Brooklyn,DUMBO/Vinegar Hill,1.33
5,Weekday,Queens,Rego Park,1.33
5,Weekday,Brooklyn,Homecrest,1.32
5,Weekday,Bronx,Bronxdale,1.3
5,Weekday,Brooklyn,Dyker Heights,1.3
5,Weekday,Queens,Oakland Gardens,1.3
5,Weekday,Bronx,Highbridge,1.3
5,Weekday,Brooklyn,Windsor Terrace,1.29
5,Weekday,Bronx,University Heights/Morris Heights,1.29
5,Weekday,Bronx,Soundview/Bruckner,1.29
5,Weekday,Queens,Hollis,1.28
5,Weekday,Bronx,Melrose South,1.28
5,Weekday,Brooklyn,Midwood,1.27
5,Weekday,Queens,Middle Village,1.27
5,Weekday,Queens,Fresh Meadows,1.26
5,Weekday,Queens,Howard Beach,1.26
5,Weekday,Staten Island,Grymes Hill/Clifton,1.25
5,Weekday,Bronx,Pelham Parkway,1.25
5,Weekday,Brooklyn,Bensonhurst West,1.25
5,Weekday,Queens,Auburndale,1.25
5,Weekday,Bronx,Longwood,1.24
5,Weekday,Queens,Maspeth,1.24
5,Weekday,Bronx,Spuyten Duyvil/Kingsbridge,1.23
5,Weekday,Bronx,Crotona Park East,1.23
5,Weekday,Brooklyn,Bath Beach,1.22
5,Weekday,Queens,East Flushing,1.21
5,Weekday,Bronx,Norwood,1.2
5,Weekday,Brooklyn,Carroll Gardens,1.2
5,Weekday,Brooklyn,Gowanus,1.2
5,Weekday,Queens,Glendale,1.2
5,Weekday,Queens,Laurelton,1.19
5,Weekday,Bronx,Bedford Park,1.19
5,Weekday,Bronx,Van Nest/Morris Park,1.19
5,Weekday,Queens,Bayside,1.18
5,Weekday,Brooklyn,Gravesend,1.17
5,Weekday,Brooklyn,Prospect Park,1.17
5,Weekday,Manhattan,Chinatown,1.17
5,Weekday,Queens,Kew Gardens,1.15
5,Weekday,Queens,Bellerose,1.14
5,Weekday,Bronx,Schuylerville/Edgewater Park,1.14
5,Weekday,Bronx,Eastchester,1.14
5,Weekday,Brooklyn,Bensonhurst East,1.14
5,Weekday,Queens,Flushing,1.13
5,Weekday,Queens,Rockaway Park,1.13
5,Weekday,N/A,Outside of NYC,1.12
5,Weekday,Brooklyn,Madison,1.12
5,Weekday,Bronx,West Farms/Bronx River,1.12
5,Weekday,Brooklyn,Red Hook,1.12
5,Weekday,Brooklyn,Cobble Hill,1.1
5,Weekday,Brooklyn,Kensington,1.1
5,Weekday,Queens,North Corona,1.09
5,Weekday,Queens,Ozone Park,1.09
5,Weekday,Brooklyn,Ocean Parkway South,1.09
5,Weekday,Bronx,Van Cortlandt Village,1.09
5,Weekday,Bronx,Woodlawn/Wakefield,1.08
5,Weekday,Bronx,Westchester Village/Unionport,1.08
5,Weekday,Staten Island,Bloomfield/Emerson Hill,1.0
5,Weekday,Manhattan,Inwood,1.0
5,Weekday,Staten Island,South Beach/Dongan Hills,1.0
5,Weekday,Queens,Broad Channel,1.0
5,Weekday,Staten Island,Mariners Harbor,1.0
5,Weekday,Manhattan,Roosevelt Island,1.0
5,Weekday,Queens,Astoria Park,1.0
5,Weekday,Bronx,Van Cortlandt Park,1.0
5,Weekday,Manhattan,Battery Park,1.0
5,Weekday,Queens,College Point,1.0
5,Weekday,Bronx,Country Club,1.0
5,Weekday,Bronx,Kingsbridge Heights,1.0
5,Weekday,Bronx,Crotona Park,1.0
5,Weekday,Brooklyn,Brooklyn Navy Yard,1.0
5,Weekday,Brooklyn,Columbia Street,1.0
5,Weekday,Staten Island,New Dorp/Midland Beach,1.0
5,Weekday,Queens,Douglaston,1.0
5,Weekday,Bronx,Pelham Bay,1.0
5,Weekday,EWR,Newark Airport,1.0
5,Weekday,Manhattan,Marble Hill,1.0
5,Weekday,Queens,Saint Michaels Cemetery/Woodside,1.0
5,Weekday,Brooklyn,Brighton Beach,1.0
5,Weekday,Brooklyn,Marine Park/Floyd Bennett Field,1.0
5,Weekday,Staten Island,Arrochar/Fort Wadsworth,1.0
5,Weekday,Staten Island,West Brighton,1.0
5,Weekday,Staten Island,Great Kills,1.0
5,Weekday,Manhattan,Randalls Island,1.0
5,Weekday,Bronx,Riverdale/North Riverdale/Fieldston,1.0
5,Weekday,Staten Island,Heartland Village/Todt Hill,1.0
5,Weekday,Brooklyn,Borough Park,1.0
5,Weekday,Queens,Whitestone,1.0
5,Weekday,Staten Island,Westerleigh,1.0
5,Weekday,Queens,Bay Terrace/Fort Totten,1.0
5,Weekday,Queens,Murray Hill-Queens,1.0
5,Weekday,Staten Island,Stapleton,1.0
5,Weekday,Brooklyn,South Williamsburg,1.0
5,Weekday,Queens,Queensboro Hill,1.0
5,Weekday,Brooklyn,Manhattan Beach,1.0
6,Weekday,Queens,JFK Airport,130.55
6,Weekday,Manhattan,Penn Station/Madison Sq West,115.95
6,Weekday,Manhattan,Clinton East,83.25
6,Weekday,Manhattan,Upper East Side North,78.98
6,Weekday,Manhattan,Garment District,78.14
6,Weekday,Manhattan,Yorkville East,69.31
6,Weekday,Manhattan,Midtown East,68.77
6,Weekday,Manhattan,Yorkville West,65.36
6,Weekday,Manhattan,Upper West Side North,52.77
6,Weekday,Manhattan,Upper West Side South,51.22
6,Weekday,Manhattan,Lenox Hill West,50.5
6,Weekday,Manhattan,Murray Hill,45.06
6,Weekday,Manhattan,Upper East Side South,44.98
6,Weekday,Manhattan,Gramercy,43.55
6,Weekday,Manhattan,Midtown Center,39.08
6,Weekday,Manhattan,Lenox Hill East,37.42
6,Weekday,Manhattan,East Village,33.0
6,Weekday,Manhattan,Times Sq/Theatre District,31.61
6,Weekday,Manhattan,Lincoln Square East,30.31
6,Weekday,Manhattan,East Chelsea,27.7
6,Weekday,Manhattan,Lincoln Square West,27.23
6,Weekday,Manhattan,Sutton Place/Turtle Bay North,26.14
6,Weekday,Manhattan,West Village,25.69
6,Weekday,Manhattan,UN/Turtle Bay South,23.94
6,Weekday,Manhattan,Union Sq,22.36
6,Weekday,Manhattan,East Harlem South,22.31
6,Weekday,Manhattan,Flatiron,22.02
6,Weekday,Manhattan,Manhattan Valley,21.5
6,Weekday,Manhattan,Kips Bay,20.48
6,Weekday,Manhattan,Midtown North,19.86
6,Weekday,Manhattan,Midtown South,18.03
6,Weekday,Manhattan,Greenwich Village North,17.16
6,Weekday,Manhattan,Central Harlem,14.64
6,Weekday,Manhattan,East Harlem North,14.5
6,Weekday,Manhattan,TriBeCa/Civic Center,12.31
6,Weekday,Manhattan,Central Harlem North,12.25
6,Weekday,Manhattan,Central Park,11.0
6,Weekday,Manhattan,Meatpacking/West Village West,10.98
6,Weekday,Manhattan,Clinton West,10.86
6,Weekday,Manhattan,Battery Park City,9.9
6,Weekday,Brooklyn,East New York,8.67
6,Weekday,Queens,Sunnyside,8.59
6,Weekday,Manhattan,Morningside Heights,8.55
6,Weekday,Manhattan,Stuy Town/Peter Cooper Village,8.55
6,Weekday,Manhattan,Financial District North,8.39
6,Weekday,Manhattan,West Chelsea/Hudson Yards,7.97
6,Weekday,Brooklyn,Crown Heights North,7.91
6,Weekday,Manhattan,Lower East Side,7.45
6,Weekday,Brooklyn,Canarsie,7.41
6,Weekday,Manhattan,Greenwich Village South,7.38
6,Weekday,Manhattan,Alphabet City,7.16
6,Weekday,Brooklyn,Prospect-Lefferts Gardens,7.09
6,Weekday,Manhattan,Hamilton Heights,7.03
6,Weekday,Manhattan,Two Bridges/Seward Park,6.32
6,Weekday,Manhattan,Bloomingdale,6.08
6,Weekday,Unknown,N/A,5.72
6,Weekday,Queens,Astoria,5.22
6,Weekday,Brooklyn,East Flatbush/Remsen Village,5.13
6,Weekday,Brooklyn,Stuyvesant Heights,5.1
6,Weekday,Brooklyn,East Flatbush/Farragut,4.87
6,Weekday,Brooklyn,Flatlands,4.87
6,Weekday,Manhattan,Hudson Sq,4.7
6,Weekday,Queens,Long Island City/Queens Plaza,4.66
6,Weekday,Queens,South Jamaica,4.52
6,Weekday,Brooklyn,Flatbush/Ditmas Park,4.21
6,Weekday,Manhattan,Manhattanville,4.19
6,Weekday,Brooklyn,Brownsville,4.15
6,Weekday,Bronx,Parkchester,4.03
6,Weekday,Queens,South Ozone Park,3.79
6,Weekday,Brooklyn,Ocean Hill,3.78
6,Weekday,Queens,Richmond Hill,3.65
6,Weekday,Queens,Old Astoria,3.59
6,Weekday,Brooklyn,Brooklyn Heights,3.55
6,Weekday,Manhattan,Little Italy/NoLiTa,3.54
6,Weekday,Manhattan,SoHo,3.53
6,Weekday,Manhattan,Washington Heights South,3.5
6,Weekday,Bronx,Co-Op City,3.48
6,Weekday,Queens,Saint Albans,3.43
6,Weekday,Bronx,Soundview/Castle Hill,3.42
6,Weekday,Queens,Woodside,3.37
6,Weekday,Manhattan,World Trade Center,3.36
6,Weekday,Queens,Jackson Heights,3.34
6,Weekday,Queens,Jamaica,3.29
6,Weekday,Queens,Baisley Park,3.23
6,Weekday,Queens,Queens Village,3.07
6,Weekday,Bronx,Williamsbridge/Olinville,3.07
6,Weekday,Bronx,Morrisania/Melrose,3.05
6,Weekday,Brooklyn,Bushwick South,3.02
6,Weekday,Queens,Woodhaven,3.02
6,Weekday,Queens,Forest Hills,2.98
6,Weekday,Brooklyn,Boerum Hill,2.95
6,Weekday,Brooklyn,Bedford,2.95
6,Weekday,Bronx,East Concourse/Concourse Village,2.92
6,Weekday,Brooklyn,Crown Heights South,2.86
6,Weekday,Bronx,Mott Haven/Port Morris,2.81
6,Weekday,Queens,Springfield Gardens North,2.79
6,Weekday,Bronx,Melrose South,2.78
6,Weekday,Brooklyn,Erasmus,2.74
6,Weekday,Brooklyn,Fort Greene,2.62
6,Weekday,Queens,Elmhurst,2.58
6,Weekday,Queens,Long Island City/Hunters Point,2.52
6,Weekday,Brooklyn,Carroll Gardens,2.5
6,Weekday,Brooklyn,Clinton Hill,2.48
6,Weekday,Bronx,Soundview/Bruckner,2.45
6,Weekday,Queens,Briarwood/Jamaica Hills,2.42
6,Weekday,Queens,LaGuardia Airport,2.38
6,Weekday,Queens,Hammels/Arverne,2.35
6,Weekday,Brooklyn,East New York/Pennsylvania Avenue,2.32
6,Weekday,Brooklyn,Bay Ridge,2.3
6,Weekday,Bronx,Woodlawn/Wakefield,2.3
6,Weekday,Manhattan,Chinatown,2.29
6,Weekday,Queens,Queensbridge/Ravenswood,2.29
6,Weekday,Brooklyn,Cypress Hills,2.26
6,Weekday,Brooklyn,Marine Park/Mill Basin,2.25
6,Weekday,Queens,Hillcrest/Pomonok,2.22
6,Weekday,Queens,Corona,2.21
6,Weekday,Brooklyn,Coney Island,2.21
6,Weekday,Brooklyn,DUMBO/Vinegar Hill,2.17
6,Weekday,Manhattan,Financial District South,2.17
6,Weekday,Queens,Jamaica Estates,2.16
6,Weekday,Queens,Far Rockaway,2.16
6,Weekday,Bronx,Norwood,2.15
6,Weekday,Manhattan,Washington Heights North,2.13
6,Weekday,Brooklyn,East Williamsburg,2.12
6,Weekday,Manhattan,Seaport,2.11
6,Weekday,Brooklyn,Williamsburg (South Side),2.11
6,Weekday,Bronx,University Heights/Morris Heights,2.1
6,Weekday,Brooklyn,Downtown Brooklyn/MetroTech,2.09
6,Weekday,Brooklyn,Sheepshead Bay,2.09
6,Weekday,Queens,Ridgewood,2.06
6,Weekday,Brooklyn,Bushwick North,2.05
6,Weekday,Queens,Springfield Gardens South,2.04
6,Weekday,Queens,Hollis,2.04
6,Weekday,Brooklyn,Greenpoint,2.04
6,Weekday,Bronx,Van Cortlandt Village,2.02
6,Weekday,Bronx,West Farms/Bronx River,2.02
6,Weekday,Bronx,Mount Hope,2.0
6,Weekday,Brooklyn,Park Slope,2.0
6,Weekday,Queens,Kew Gardens,2.0
6,Weekday,Queens,Laurelton,1.98
6,Weekday,Queens,Rego Park,1.95
6,Weekday,Brooklyn,Sunset Park West,1.95
6,Weekday,Bronx,Eastchester,1.94
6,Weekday,Queens,Kew Gardens Hills,1.9
6,Weekday,Queens,Maspeth,1.9
6,Weekday,Bronx,Highbridge,1.89
6,Weekday,Queens,Rosedale,1.89
6,Weekday,Brooklyn,Starrett City,1.88
6,Weekday,Bronx,West Concourse,1.87
6,Weekday,Bronx,Westchester Village/Unionport,1.87
6,Weekday,Brooklyn,Bensonhurst West,1.86
6,Weekday,Bronx,Bedford Park,1.84
6,Weekday,Queens,Cambria Heights,1.82
6,Weekday,Brooklyn,Cobble Hill,1.81
6,Weekday,Brooklyn,Midwood,1.75
6,Weekday,Queens,Glendale,1.75
6,Weekday,Brooklyn,Madison,1.74
6,Weekday,Bronx,Crotona Park East,1.74
6,Weekday,Bronx,Claremont/Bathgate,1.73
6,Weekday,Queens,North Corona,1.73
6,Weekday,Bronx,Allerton/Pelham Gardens,1.73
6,Weekday,Queens,Elmhurst/Maspeth,1.72
6,Weekday,Brooklyn,Red Hook,1.72
6,Weekday,Queens,Middle Village,1.69
6,Weekday,Queens,Steinway,1.68
6,Weekday,Bronx,East Tremont,1.62
6,Weekday,Bronx,Pelham Parkway,1.59
6,Weekday,Brooklyn,Kensington,1.59
6,Weekday,Queens,East Elmhurst,1.55
6,Weekday,Brooklyn,Williamsburg (North Side),1.54
6,Weekday,Staten Island,Heartland Village/Todt Hill,1.5
6,Weekday,Brooklyn,Prospect Heights,1.49
6,Weekday,Bronx,Schuylerville/Edgewater Park,1.48
6,Weekday,Brooklyn,Gravesend,1.45
6,Weekday,Queens,Auburndale,1.44
6,Weekday,Brooklyn,Windsor Terrace,1.43
6,Weekday,Bronx,Pelham Bay,1.43
6,Weekday,Queens,Flushing,1.42
6,Weekday,Brooklyn,Sunset Park East,1.39
6,Weekday,Bronx,Fordham South,1.39
6,Weekday,Brooklyn,Brighton Beach,1.38
6,Weekday,Queens,College Point,1.38
6,Weekday,Queens,Oakland Gardens,1.37
6,Weekday,Brooklyn,Ocean Parkway South,1.36
6,Weekday,Queens,Howard Beach,1.35
6,Weekday,Bronx,Riverdale/North Riverdale/Fieldston,1.35
6,Weekday,Bronx,Bronxdale,1.35
6,Weekday,Bronx,Hunts Point,1.33
6,Weekday,Manhattan,Roosevelt Island,1.33
6,Weekday,Bronx,Van Cortlandt Park,1.33
6,Weekday,Brooklyn,Gowanus,1.3
6,Weekday,Queens,Bellerose,1.29
6,Weekday,Bronx,Longwood,1.29
6,Weekday,Bronx,Van Nest/Morris Park,1.29
6,Weekday,Manhattan,Inwood,1.27
6,Weekday,Queens,Ozone Park,1.27
6,Weekday,Queens,Fresh Meadows,1.26
6,Weekday,Bronx,Spuyten Duyvil/Kingsbridge,1.26
6,Weekday,Bronx,Belmont,1.25
6,Weekday,Brooklyn,Homecrest,1.25
6,Weekday,Manhattan,Randalls Island,1.25
6,Weekday,Queens,Flushing Meadows-Corona Park,1.21
6,Weekday,Brooklyn,Dyker Heights,1.21
6,Weekday,Queens,Whitestone,1.21
6,Weekday,Queens,Queensboro Hill,1.2
6,Weekday,Brooklyn,Bensonhurst East,1.18
6,Weekday,Queens,Glen Oaks,1.18
6,Weekday,Brooklyn,Bath Beach,1.17
6,Weekday,N/A,Outside of NYC,1.17
6,Weekday,Brooklyn,Borough Park,1.15
6,Weekday,Brooklyn,South Williamsburg,1.14
6,Weekday,Brooklyn,Manhattan Beach,1.13
6,Weekday,Brooklyn,Prospect Park,1.12
6,Weekday,Bronx,Kingsbridge Heights,1.11
6,Weekday,Queens,Rockaway Park,1.11
6,Weekday,Brooklyn,Brooklyn Navy Yard,1.11
6,Weekday,Queens,East Flushing,1.09
6,Weekday,Brooklyn,Columbia Street,1.08
6,Weekday,Queens,Douglaston,1.07
6,Weekday,Queens,Bayside,1.07
6,Weekday,Queens,Murray Hill-Queens,1.07
6,Weekday,Manhattan,Marble Hill,1.0
6,Weekday,Staten Island,Stapleton,1.0
6,Weekday,Queens,Astoria Park,1.0
6,Weekday,Brooklyn,Marine Park/Floyd Bennett Field,1.0
6,Weekday,Queens,Broad Channel,1.0
6,Weekday,Bronx,Bronx Park,1.0
6,Weekday,Manhattan,Battery Park,1.0
6,Weekday,Staten Island,Westerleigh,1.0
6,Weekday,Staten Island,New Dorp/Midland Beach,1.0
6,Weekday,Bronx,Crotona Park,1.0
6,Weekday,Queens,Saint Michaels Cemetery/Woodside,1.0
6,Weekday,Brooklyn,Green-Wood Cemetery,1.0
6,Weekday,Staten Island,Eltingville/Annadale/Prince's Bay,1.0
6,Weekday,EWR,Newark Airport,1.0
6,Weekday,Queens,Forest Park/Highland Park,1.0
6,Weekday,Staten Island,Saint George/New Brighton,1.0
6,Weekday,Bronx,Country Club,1.0
6,Weekday,Manhattan,Highbridge Park,1.0
6,Weekday,Staten Island,West Brighton,1.0
6,Weekday,Staten Island,Arrochar/Fort Wadsworth,1.0
6,Weekday,Bronx,Pelham Bay Park,1.0
6,Weekday,Staten Island,Grymes Hill/Clifton,1.0
6,Weekday,Bronx,City Island,1.0
6,Weekday,Staten Island,Mariners Harbor,1.0
6,Weekday,Staten Island,South Beach/Dongan Hills,1.0
6,Weekday,Queens,Bay Terrace/Fort Totten,1.0
6,Weekday,Staten Island,Bloomfield/Emerson Hill,1.0
6,Weekday,Manhattan,Inwood Hill Park,1.0
7,Weekday,Manhattan,Upper East Side North,272.66
7,Weekday,Manhattan,Penn Station/Madison Sq West,193.3
7,Weekday,Manhattan,Upper East Side South,178.42
7,Weekday,Manhattan,Yorkville East,143.89
7,Weekday,Queens,JFK Airport,143.83
7,Weekday,Manhattan,Upper West Side South,139.73
7,Weekday,Manhattan,Lenox Hill West,132.67
7,Weekday,Manhattan,Midtown East,125.3
7,Weekday,Manhattan,Yorkville West,121.66
7,Weekday,Manhattan,Upper West Side North,119.36
7,Weekday,Manhattan,Lenox Hill East,111.19
7,Weekday,Manhattan,Lincoln Square East,107.89
7,Weekday,Manhattan,Clinton East,97.42
7,Weekday,Manhattan,Murray Hill,96.23
7,Weekday,Manhattan,Gramercy,88.81
7,Weekday,Manhattan,Midtown Center,84.59
7,Weekday,Manhattan,Sutton Place/Turtle Bay North,83.09
7,Weekday,Manhattan,Lincoln Square West,82.11
7,Weekday,Manhattan,Garment District,77.59
7,Weekday,Manhattan,East Village,61.14
7,Weekday,Manhattan,Times Sq/Theatre District,60.58
7,Weekday,Manhattan,Manhattan Valley,57.98
7,Weekday,Manhattan,Midtown North,55.53
7,Weekday,Manhattan,West Village,55.11
7,Weekday,Manhattan,Union Sq,54.92
7,Weekday,Manhattan,East Chelsea,53.86
7,Weekday,Manhattan,East Harlem South,51.73
7,Weekday,Queens,LaGuardia Airport,47.16
7,Weekday,Manhattan,Kips Bay,46.64
7,Weekday,Manhattan,Central Park,44.52
7,Weekday,Manhattan,Flatiron,44.09
7,Weekday,Manhattan,TriBeCa/Civic Center,42.06
7,Weekday,Manhattan,Midtown South,41.78
7,Weekday,Manhattan,Greenwich Village North,41.36
7,Weekday,Manhattan,UN/Turtle Bay South,40.91
7,Weekday,Manhattan,Central Harlem,30.3
7,Weekday,Manhattan,East Harlem North,28.14
7,Weekday,Manhattan,Clinton West,26.63
7,Weekday,Manhattan,Central Harlem North,26.38
7,Weekday,Manhattan,West Chelsea/Hudson Yards,26.08
7,Weekday,Manhattan,Morningside Heights,24.84
7,Weekday,Manhattan,Battery Park City,24.53
7,Weekday,Manhattan,Meatpacking/West Village West,23.88
7,Weekday,Manhattan,Bloomingdale,18.95
7,Weekday,Manhattan,Hudson Sq,17.92
7,Weekday,Manhattan,Lower East Side,17.73
7,Weekday,Manhattan,Hamilton Heights,16.19
7,Weekday,Manhattan,Greenwich Village South,15.77
7,Weekday,Manhattan,Stuy Town/Peter Cooper Village,14.47
7,Weekday,Manhattan,Financial District North,14.06
7,Weekday,Manhattan,Washington Heights South,13.05
7,Weekday,Brooklyn,East New York,12.88
7,Weekday,Manhattan,Alphabet City,12.69
7,Weekday,Queens,Sunnyside,12.57
7,Weekday,Unknown,N/A,11.55
7,Weekday,Brooklyn,Crown Heights North,11.45
7,Weekday,Queens,Astoria,10.59
7,Weekday,Manhattan,Two Bridges/Seward Park,10.59
7,Weekday,Manhattan,SoHo,10.46
7,Weekday,Brooklyn,Flatbush/Ditmas Park,10.27
7,Weekday,Queens,Richmond Hill,9.84
7,Weekday,Manhattan,Little Italy/NoLiTa,9.59
7,Weekday,Brooklyn,Canarsie,9.19
7,Weekday,Queens,South Ozone Park,7.97
7,Weekday,Manhattan,Manhattanville,7.83
7,Weekday,Brooklyn,Flatlands,7.66
7,Weekday,Brooklyn,Prospect-Lefferts Gardens,7.59
7,Weekday,Brooklyn,Brooklyn Heights,7.53
7,Weekday,Brooklyn,Brownsville,7.33
7,Weekday,Queens,Jackson Heights,6.94
7,Weekday,Brooklyn,East Flatbush/Remsen Village,6.31
7,Weekday,Manhattan,World Trade Center,6.28
7,Weekday,Brooklyn,Stuyvesant Heights,6.11
7,Weekday,Brooklyn,East Flatbush/Farragut,6.0
7,Weekday,Queens,South Jamaica,5.94
7,Weekday,Queens,Old Astoria,5.87
7,Weekday,Brooklyn,Bay Ridge,5.69
7,Weekday,Brooklyn,Bedford,5.66
7,Weekday,Bronx,Parkchester,5.48
7,Weekday,Queens,Baisley Park,5.33
7,Weekday,Queens,East Elmhurst,5.32
7,Weekday,Queens,Forest Hills,5.32
7,Weekday,Queens,Woodhaven,5.19
7,Weekday,Brooklyn,Ocean Hill,5.09
7,Weekday,Queens,Woodside,5.07
7,Weekday,Bronx,East Concourse/Concourse Village,4.97
7,Weekday,Brooklyn,Fort Greene,4.93
7,Weekday,Brooklyn,Downtown Brooklyn/MetroTech,4.88
7,Weekday,Brooklyn,Bushwick South,4.84
7,Weekday,Bronx,Mott Haven/Port Morris,4.84
7,Weekday,Queens,Jamaica,4.75
7,Weekday,Manhattan,Washington Heights North,4.75
7,Weekday,Brooklyn,Cobble Hill,4.67
7,Weekday,Queens,Long Island City/Queens Plaza,4.44
7,Weekday,Bronx,West Concourse,4.42
7,Weekday,Brooklyn,Boerum Hill,4.19
7,Weekday,Brooklyn,Cypress Hills,4.06
7,Weekday,Queens,Saint Albans,3.87
7,Weekday,Bronx,Soundview/Castle Hill,3.81
7,Weekday,Brooklyn,Crown Heights South,3.81
7,Weekday,Queens,Long Island City/Hunters Point,3.75
7,Weekday,Brooklyn,Erasmus,3.74
7,Weekday,Bronx,Morrisania/Melrose,3.72
7,Weekday,Queens,Elmhurst,3.69
7,Weekday,Brooklyn,Clinton Hill,3.68
7,Weekday,Manhattan,Chinatown,3.63
7,Weekday,Brooklyn,DUMBO/Vinegar Hill,3.45
7,Weekday,Queens,Queensbridge/Ravenswood,3.3
7,Weekday,Brooklyn,East New York/Pennsylvania Avenue,3.3
7,Weekday,Brooklyn,Coney Island,3.28
7,Weekday,Queens,Briarwood/Jamaica Hills,3.23
7,Weekday,Brooklyn,Williamsburg (South Side),3.22
7,Weekday,Brooklyn,Park Slope,3.19
7,Weekday,Bronx,Highbridge,3.19
7,Weekday,Queens,Kew Gardens,3.16
7,Weekday,Queens,Corona,3.13
7,Weekday,Queens,Steinway,3.11
7,Weekday,Brooklyn,East Williamsburg,3.09
7,Weekday,Brooklyn,Carroll Gardens,3.09
7,Weekday,Manhattan,Financial District South,3.05
7,Weekday,Bronx,Williamsbridge/Olinville,3.04
7,Weekday,Manhattan,Seaport,3.03
7,Weekday,Brooklyn,Kensington,3.02
7,Weekday,Bronx,Mount Hope,3.02
7,Weekday,Queens,Hammels/Arverne,2.98
7,Weekday,Bronx,Melrose South,2.98
7,Weekday,Bronx,University Heights/Morris Heights,2.95
7,Weekday,Brooklyn,Sunset Park West,2.91
7,Weekday,Brooklyn,Midwood,2.79
7,Weekday,Queens,Rego Park,2.79
7,Weekday,Queens,Springfield Gardens North,2.75
7,Weekday,Queens,Jamaica Estates,2.74
7,Weekday,Bronx,Soundview/Bruckner,2.73
7,Weekday,Brooklyn,Bensonhurst West,2.69
7,Weekday,Queens,Queens Village,2.63
7,Weekday,Queens,Maspeth,2.63
7,Weekday,Brooklyn,Greenpoint,2.6
7,Weekday,Bronx,Claremont/Bathgate,2.6
7,Weekday,Queens,Elmhurst/Maspeth,2.57
7,Weekday,Queens,Ridgewood,2.56
7,Weekday,Bronx,Westchester Village/Unionport,2.54
7,Weekday,Bronx,West Farms/Bronx River,2.52
7,Weekday,Queens,Springfield Gardens South,2.47
7,Weekday,Bronx,Co-Op City,2.44
7,Weekday,Queens,Hillcrest/Pomonok,2.43
7,Weekday,Brooklyn,Bushwick North,2.4
7,Weekday,Brooklyn,Sheepshead Bay,2.38
7,Weekday,Brooklyn,Dyker Heights,2.38
7,Weekday,Bronx,East Tremont,2.31
7,Weekday,Bronx,Bedford Park,2.24
7,Weekday,Brooklyn,Homecrest,2.24
7,Weekday,Bronx,Van Cortlandt Village,2.22
7,Weekday,Brooklyn,Red Hook,2.22
7,Weekday,Brooklyn,Marine Park/Mill Basin,2.2
7,Weekday,Bronx,Woodlawn/Wakefield,2.19
7,Weekday,Brooklyn,Starrett City,2.19
7,Weekday,Brooklyn,Williamsburg (North Side),2.18
7,Weekday,Queens,Middle Village,2.16
7,Weekday,Queens,Kew Gardens Hills,2.13
7,Weekday,Brooklyn,Borough Park,2.13
7,Weekday,Brooklyn,Prospect Heights,2.11
7,Weekday,Queens,Far Rockaway,2.06
7,Weekday,Bronx,Hunts Point,2.02
7,Weekday,Queens,Ozone Park,2.0
7,Weekday,Bronx,Longwood,2.0
7,Weekday,Manhattan,Inwood,1.98
7,Weekday,Queens,Rosedale,1.98
7,Weekday,Bronx,Schuylerville/Edgewater Park,1.96
7,Weekday,Bronx,Crotona Park East,1.92
7,Weekday,Brooklyn,Bensonhurst East,1.91
7,Weekday,Queens,Hollis,1.89
7,Weekday,Brooklyn,Windsor Terrace,1.88
7,Weekday,Bronx,Van Nest/Morris Park,1.86
7,Weekday,Queens,Laurelton,1.84
7,Weekday,Queens,North Corona,1.81
7,Weekday,Brooklyn,Madison,1.8
7,Weekday,Bronx,Eastchester,1.79
7,Weekday,Brooklyn,Brighton Beach,1.78
7,Weekday,Bronx,Kingsbridge Heights,1.78
7,Weekday,Bronx,Fordham South,1.77
7,Weekday,Queens,Flushing,1.76
7,Weekday,Bronx,Norwood,1.73
7,Weekday,Bronx,Bronxdale,1.72
7,Weekday,Brooklyn,Gravesend,1.71
7,Weekday,Bronx,Pelham Bay,1.67
7,Weekday,Queens,Glendale,1.61
7,Weekday,Bronx,Spuyten Duyvil/Kingsbridge,1.6
7,Weekday,Queens,Forest Park/Highland Park,1.6
7,Weekday,Brooklyn,Ocean Parkway South,1.59
7,Weekday,Queens,Flushing Meadows-Corona Park,1.56
7,Weekday,Brooklyn,Columbia Street,1.56
7,Weekday,Queens,Cambria Heights,1.56
7,Weekday,Brooklyn,Sunset Park East,1.52
7,Weekday,Queens,Bellerose,1.52
7,Weekday,Queens,College Point,1.48
7,Weekday,Bronx,Allerton/Pelham Gardens,1.45
7,Weekday,Bronx,Riverdale/North Riverdale/Fieldston,1.43
7,Weekday,Queens,Murray Hill-Queens,1.42
7,Weekday,Bronx,Belmont,1.4
7,Weekday,Bronx,Pelham Parkway,1.38
7,Weekday,Queens,Rockaway Park,1.38
7,Weekday,Queens,Bayside,1.35
7,Weekday,Brooklyn,Bath Beach,1.35
7,Weekday,Queens,Howard Beach,1.35
7,Weekday,Staten Island,Stapleton,1.33
7,Weekday,Brooklyn,Manhattan Beach,1.33
7,Weekday,Queens,Queensboro Hill,1.33
7,Weekday,Queens,East Flushing,1.32
7,Weekday,Brooklyn,Prospect Park,1.31
7,Weekday,Queens,Auburndale,1.29
7,Weekday,Queens,Whitestone,1.27
7,Weekday,Bronx,Pelham Bay Park,1.25
7,Weekday,Manhattan,Roosevelt Island,1.24
7,Weekday,Brooklyn,Gowanus,1.24
7,Weekday,Brooklyn,Brooklyn Navy Yard,1.22
7,Weekday,Brooklyn,South Williamsburg,1.19
7,Weekday,Queens,Oakland Gardens,1.16
7,Weekday,Manhattan,Marble Hill,1.15
7,Weekday,Queens,Glen Oaks,1.14
7,Weekday,Bronx,Van Cortlandt Park,1.13
7,Weekday,Queens,Fresh Meadows,1.1
7,Weekday,N/A,Outside of NYC,1.09
7,Weekday,Staten Island,Saint George/New Brighton,1.0
7,Weekday,Manhattan,Battery Park,1.0
7,Weekday,Staten Island,Grymes Hill/Clifton,1.0
7,Weekday,Queens,Broad Channel,1.0
7,Weekday,Queens,Astoria Park,1.0
7,Weekday,Staten Island,Bloomfield/Emerson Hill,1.0
7,Weekday,Bronx,City Island,1.0
7,Weekday,Brooklyn,Marine Park/Floyd Bennett Field,1.0
7,Weekday,Manhattan,Highbridge Park,1.0
7,Weekday,Staten Island,Port Richmond,1.0
7,Weekday,Queens,Jamaica Bay,1.0
7,Weekday,Staten Island,Mariners Harbor,1.0
7,Weekday,Bronx,Country Club,1.0
7,Weekday,Staten Island,South Beach/Dongan Hills,1.0
7,Weekday,Queens,Douglaston,1.0
7,Weekday,Staten Island,Westerleigh,1.0
7,Weekday,EWR,Newark Airport,1.0
7,Weekday,Staten Island,Oakwood,1.0
7,Weekday,Queens,Bay Terrace/Fort Totten,1.0
7,Weekday,Staten Island,Heartland Village/Todt Hill,1.0
7,Weekday,Bronx,Bronx Park,1.0
7,Weekday,Staten Island,Arrochar/Fort Wadsworth,1.0
7,Weekday,Staten Island,West Brighton,1.0
7,Weekday,Staten Island,Great Kills,1.0
7,Weekday,Manhattan,Randalls Island,1.0
7,Weekday,Manhattan,Inwood Hill Park,1.0
7,Weekday,Staten Island,New Dorp/Midland Beach,1.0
8,Weekday,Manhattan,Upper East Side North,380.11
8,Weekday,Manhattan,Upper East Side South,263.83
8,Weekday,Manhattan,Penn Station/Madison Sq West,246.77
8,Weekday,Manhattan,Upper West Side South,193.69
8,Weekday,Manhattan,Midtown East,184.77
8,Weekday,Manhattan,Lenox Hill East,176.55
8,Weekday,Manhattan,Upper West Side North,174.88
8,Weekday,Manhattan,Lenox Hill West,170.08
8,Weekday,Manhattan,Lincoln Square East,167.0
8,Weekday,Manhattan,Yorkville East,164.52
8,Weekday,Manhattan,Murray Hill,156.05
8,Weekday,Manhattan,Yorkville West,148.13
8,Weekday,Manhattan,Midtown Center,136.22
8,Weekday,Manhattan,Gramercy,124.0
8,Weekday,Manhattan,Lincoln Square West,121.45
8,Weekday,Manhattan,Sutton Place/Turtle Bay North,120.55
8,Weekday,Manhattan,Clinton East,119.19
8,Weekday,Manhattan,East Chelsea,108.39
8,Weekday,Queens,JFK Airport,106.98
8,Weekday,Manhattan,Times Sq/Theatre District,99.16
8,Weekday,Manhattan,Union Sq,97.94
8,Weekday,Manhattan,Midtown North,89.61
8,Weekday,Manhattan,West Village,89.0
8,Weekday,Manhattan,East Village,88.2
8,Weekday,Queens,LaGuardia Airport,85.67
8,Weekday,Manhattan,Midtown South,81.72
8,Weekday,Manhattan,Flatiron,79.03
8,Weekday,Manhattan,Greenwich Village North,74.09
8,Weekday,Manhattan,Manhattan Valley,72.78
8,Weekday,Manhattan,Garment District,70.63
8,Weekday,Manhattan,UN/Turtle Bay South,68.47
8,Weekday,Manhattan,TriBeCa/Civic Center,66.83
8,Weekday,Manhattan,Kips Bay,63.14
8,Weekday,Manhattan,Central Park,62.97
8,Weekday,Manhattan,East Harlem South,53.59
8,Weekday,Manhattan,Clinton West,53.14
8,Weekday,Manhattan,West Chelsea/Hudson Yards,52.16
8,Weekday,Manhattan,Meatpacking/West Village West,42.48
8,Weekday,Manhattan,Battery Park City,36.39
8,Weekday,Manhattan,Morningside Heights,34.02
8,Weekday,Manhattan,Central Harlem,33.97
8,Weekday,Manhattan,East Harlem North,30.59
8,Weekday,Manhattan,Greenwich Village South,28.73
8,Weekday,Manhattan,Hudson Sq,28.0
8,Weekday,Manhattan,Financial District North,25.55
8,Weekday,Manhattan,Lower East Side,24.72
8,Weekday,Manhattan,Central Harlem North,24.33
8,Weekday,Manhattan,Bloomingdale,23.7
8,Weekday,Manhattan,SoHo,19.8
8,Weekday,Manhattan,Little Italy/NoLiTa,19.66
8,Weekday,Manhattan,Hamilton Heights,17.64
8,Weekday,Manhattan,Alphabet City,16.08
8,Weekday,Manhattan,Stuy Town/Peter Cooper Village,14.56
8,Weekday,Brooklyn,Crown Heights North,13.75
8,Weekday,Manhattan,Two Bridges/Seward Park,13.33
8,Weekday,Unknown,N/A,13.14
8,Weekday,Manhattan,World Trade Center,12.47
8,Weekday,Brooklyn,East New York,12.34
8,Weekday,Queens,East Elmhurst,11.53
8,Weekday,Manhattan,Washington Heights South,11.16
8,Weekday,Queens,Sunnyside,10.81
8,Weekday,Queens,Astoria,10.64
8,Weekday,Brooklyn,Flatbush/Ditmas Park,10.4
8,Weekday,Brooklyn,Canarsie,9.53
8,Weekday,Brooklyn,Brooklyn Heights,9.44
8,Weekday,Brooklyn,Prospect-Lefferts Gardens,8.65
8,Weekday,Queens,South Ozone Park,8.33
8,Weekday,Brooklyn,Brownsville,8.0
8,Weekday,Queens,Richmond Hill,7.48
8,Weekday,Brooklyn,Stuyvesant Heights,7.28
8,Weekday,Manhattan,Manhattanville,7.17
8,Weekday,Brooklyn,East Flatbush/Remsen Village,7.13
8,Weekday,Brooklyn,Clinton Hill,6.66
8,Weekday,Brooklyn,Flatlands,6.47
8,Weekday,Brooklyn,Ocean Hill,6.32
8,Weekday,Brooklyn,Fort Greene,6.21
8,Weekday,Brooklyn,Bedford,6.09
8,Weekday,Brooklyn,East Flatbush/Farragut,5.78
8,Weekday,Brooklyn,Downtown Brooklyn/MetroTech,5.77
8,Weekday,Manhattan,Washington Heights North,5.67
8,Weekday,Brooklyn,Carroll Gardens,5.64
8,Weekday,Manhattan,Financial District South,5.51
8,Weekday,Brooklyn,Boerum Hill,5.47
8,Weekday,Brooklyn,Cobble Hill,5.37
8,Weekday,Queens,South Jamaica,5.32
8,Weekday,Brooklyn,Bushwick South,5.3
8,Weekday,Brooklyn,DUMBO/Vinegar Hill,5.3
8,Weekday,Brooklyn,Park Slope,5.02
8,Weekday,Queens,Old Astoria,4.97
8,Weekday,Manhattan,Seaport,4.9
8,Weekday,Queens,Jackson Heights,4.84
8,Weekday,Queens,Woodside,4.8
8,Weekday,Brooklyn,Greenpoint,4.76
8,Weekday,Queens,Baisley Park,4.74
8,Weekday,Brooklyn,Crown Heights South,4.63
8,Weekday,Queens,Long Island City/Hunters Point,4.6
8,Weekday,Queens,Saint Albans,4.27
8,Weekday,Brooklyn,Bay Ridge,4.27
8,Weekday,Queens,Forest Hills,4.23
8,Weekday,Bronx,Soundview/Castle Hill,4.21
8,Weekday,Brooklyn,Williamsburg (South Side),4.19
8,Weekday,Manhattan,Chinatown,4.18
8,Weekday,Queens,Woodhaven,4.18
8,Weekday,Bronx,Parkchester,4.15
8,Weekday,Bronx,Mott Haven/Port Morris,4.13
8,Weekday,Brooklyn,East Williamsburg,4.1
8,Weekday,Queens,Long Island City/Queens Plaza,3.92
8,Weekday,Queens,Jamaica,3.92
8,Weekday,Bronx,East Concourse/Concourse Village,3.86
8,Weekday,Brooklyn,East New York/Pennsylvania Avenue,3.76
8,Weekday,Bronx,Williamsbridge/Olinville,3.63
8,Weekday,Brooklyn,Kensington,3.57
8,Weekday,Bronx,West Concourse,3.55
8,Weekday,Brooklyn,Erasmus,3.5
8,Weekday,Bronx,West Farms/Bronx River,3.38
8,Weekday,Brooklyn,Williamsburg (North Side),3.37
8,Weekday,Brooklyn,Starrett City,3.27
8,Weekday,Bronx,Soundview/Bruckner,3.25
8,Weekday,Queens,Elmhurst,3.22
8,Weekday,Brooklyn,Cypress Hills,3.16
8,Weekday,Queens,Queensbridge/Ravenswood,3.13
8,Weekday,Brooklyn,Prospect Heights,3.02
8,Weekday,Queens,Corona,3.0
8,Weekday,Brooklyn,Midwood,2.98
8,Weekday,Brooklyn,Coney Island,2.96
8,Weekday,Bronx,University Heights/Morris Heights,2.9
8,Weekday,Bronx,Melrose South,2.86
8,Weekday,Bronx,Van Cortlandt Village,2.82
8,Weekday,Queens,Ridgewood,2.81
8,Weekday,Bronx,Morrisania/Melrose,2.79
8,Weekday,Brooklyn,Sunset Park West,2.78
8,Weekday,Bronx,Mount Hope,2.74
8,Weekday,Brooklyn,Borough Park,2.64
8,Weekday,Bronx,Hunts Point,2.59
8,Weekday,Queens,Queens Village,2.56
8,Weekday,Bronx,Highbridge,2.55
8,Weekday,Queens,Kew Gardens,2.53
8,Weekday,Queens,Springfield Gardens North,2.53
8,Weekday,Queens,Steinway,2.52
8,Weekday,Queens,Briarwood/Jamaica Hills,2.51
8,Weekday,Queens,Maspeth,2.51
8,Weekday,Queens,Far Rockaway,2.43
8,Weekday,Bronx,Woodlawn/Wakefield,2.42
8,Weekday,Brooklyn,Marine Park/Mill Basin,2.4
8,Weekday,Bronx,Bedford Park,2.38
8,Weekday,Brooklyn,Bushwick North,2.37
8,Weekday,Bronx,East Tremont,2.36
8,Weekday,Brooklyn,Bensonhurst West,2.34
8,Weekday,Queens,Hammels/Arverne,2.31
8,Weekday,Bronx,Crotona Park East,2.27
8,Weekday,Brooklyn,Red Hook,2.24
8,Weekday,Queens,Rego Park,2.24
8,Weekday,Bronx,Westchester Village/Unionport,2.23
8,Weekday,Bronx,Co-Op City,2.22
8,Weekday,Brooklyn,Sunset Park East,2.21
8,Weekday,Queens,Elmhurst/Maspeth,2.2
8,Weekday,Brooklyn,Homecrest,2.18
8,Weekday,Bronx,Claremont/Bathgate,2.15
8,Weekday,Brooklyn,Sheepshead Bay,2.14
8,Weekday,Manhattan,Inwood,2.08
8,Weekday,Queens,Middle Village,2.08
8,Weekday,Bronx,Eastchester,2.06
8,Weekday,Brooklyn,Columbia Street,2.02
8,Weekday,Brooklyn,Madison,1.96
8,Weekday,Queens,Glendale,1.96
8,Weekday,Bronx,Schuylerville/Edgewater Park,1.94
8,Weekday,Brooklyn,Windsor Terrace,1.93
8,Weekday,Bronx,Kingsbridge Heights,1.93
8,Weekday,Queens,Jamaica Estates,1.9
8,Weekday,Bronx,Longwood,1.89
8,Weekday,Queens,North Corona,1.89
8,Weekday,Queens,Flushing,1.86
8,Weekday,Queens,Springfield Gardens South,1.85
8,Weekday,Queens,Laurelton,1.84
8,Weekday,Brooklyn,Bensonhurst East,1.83
8,Weekday,Brooklyn,Gravesend,1.81
8,Weekday,Bronx,Pelham Parkway,1.79
8,Weekday,Bronx,Norwood,1.79
8,Weekday,Brooklyn,Gowanus,1.79
8,Weekday,Queens,Hollis,1.78
8,Weekday,Queens,Kew Gardens Hills,1.77
8,Weekday,Bronx,Van Nest/Morris Park,1.75
8,Weekday,Bronx,Spuyten Duyvil/Kingsbridge,1.75
8,Weekday,Bronx,Bronxdale,1.71
8,Weekday,Brooklyn,South Williamsburg,1.64
8,Weekday,Queens,Cambria Heights,1.59
8,Weekday,Queens,Rosedale,1.58
8,Weekday,Brooklyn,Bath Beach,1.57
8,Weekday,Queens,Hillcrest/Pomonok,1.57
8,Weekday,Bronx,Belmont,1.56
8,Weekday,Queens,Murray Hill-Queens,1.56
8,Weekday,Queens,Ozone Park,1.56
8,Weekday,Brooklyn,Ocean Parkway South,1.53
8,Weekday,Bronx,Allerton/Pelham Gardens,1.52
8,Weekday,Bronx,Fordham South,1.49
8,Weekday,Bronx,Riverdale/North Riverdale/Fieldston,1.46
8,Weekday,Brooklyn,Dyker Heights,1.42
8,Weekday,Manhattan,Battery Park,1.41
8,Weekday,Queens,Howard Beach,1.38
8,Weekday,Queens,Whitestone,1.38
8,Weekday,Queens,Bayside,1.38
8,Weekday,Queens,Bellerose,1.34
8,Weekday,Queens,East Flushing,1.33
8,Weekday,Queens,Auburndale,1.33
8,Weekday,Bronx,Pelham Bay,1.28
8,Weekday,Brooklyn,Manhattan Beach,1.27
8,Weekday,Queens,College Point,1.27
8,Weekday,Manhattan,Roosevelt Island,1.25
8,Weekday,Manhattan,Inwood Hill Park,1.25
8,Weekday,Brooklyn,Brighton Beach,1.23
8,Weekday,Queens,Glen Oaks,1.23
8,Weekday,Staten Island,Stapleton,1.22
8,Weekday,Queens,Fresh Meadows,1.21
8,Weekday,Manhattan,Marble Hill,1.2
8,Weekday,Queens,Rockaway Park,1.19
8,Weekday,Queens,Queensboro Hill,1.18
8,Weekday,Staten Island,Grymes Hill/Clifton,1.18
8,Weekday,Manhattan,Randalls Island,1.18
8,Weekday,Queens,Oakland Gardens,1.17
8,Weekday,Brooklyn,Brooklyn Navy Yard,1.16
8,Weekday,Queens,Douglaston,1.15
8,Weekday,Bronx,Van Cortlandt Park,1.14
8,Weekday,N/A,Outside of NYC,1.11
8,Weekday,Queens,Flushing Meadows-Corona Park,1.09
8,Weekday,Bronx,Bronx Park,1.09
8,Weekday,Staten Island,Arrochar/Fort Wadsworth,1.06
8,Weekday,Brooklyn,Prospect Park,1.06
8,Weekday,Staten Island,Port Richmond,1.0
8,Weekday,Queens,Willets Point,1.0
8,Weekday,Brooklyn,Marine Park/Floyd Bennett Field,1.0
8,Weekday,Bronx,City Island,1.0
8,Weekday,Bronx,Country Club,1.0
8,Weekday,Staten Island,Westerleigh,1.0
8,Weekday,Queens,Forest Park/Highland Park,1.0
8,Weekday,Staten Island,Eltingville/Annadale/Prince's Bay,1.0
8,Weekday,Staten Island,New Dorp/Midland Beach,1.0
8,Weekday,Staten Island,Saint George/New Brighton,1.0
8,Weekday,Staten Island,Heartland Village/Todt Hill,1.0
8,Weekday,Queens,Bay Terrace/Fort Totten,1.0
8,Weekday,Staten Island,West Brighton,1.0
8,Weekday,Queens,Broad Channel,1.0
8,Weekday,Queens,Astoria Park,1.0
8,Weekday,Manhattan,Highbridge Park,1.0
8,Weekday,Queens,Saint Michaels Cemetery/Woodside,1.0
8,Weekday,Staten Island,South Beach/Dongan Hills,1.0
8,Weekday,Staten Island,Mariners Harbor,1.0
8,Weekday,Bronx,Crotona Park,1.0
8,Weekday,Bronx,Pelham Bay Park,1.0
9,Weekday,Manhattan,Upper East Side North,361.05
9,Weekday,Manhattan,Upper East Side South,291.78
9,Weekday,Manhattan,Penn Station/Madison Sq West,255.47
9,Weekday,Manhattan,Midtown East,201.33
9,Weekday,Manhattan,Upper West Side South,182.63
9,Weekday,Manhattan,Midtown Center,181.64
9,Weekday,Manhattan,Murray Hill,169.27
9,Weekday,Manhattan,Upper West Side North,164.67
9,Weekday,Manhattan,Lenox Hill East,161.63
9,Weekday,Manhattan,Yorkville East,155.61
9,Weekday,Manhattan,Lincoln Square East,154.98
9,Weekday,Manhattan,Lenox Hill West,152.75
9,Weekday,Queens,LaGuardia Airport,144.55
9,Weekday,Manhattan,Yorkville West,134.86
9,Weekday,Manhattan,East Chelsea,127.23
9,Weekday,Manhattan,Times Sq/Theatre District,124.17
9,Weekday,Manhattan,Gramercy,122.13
9,Weekday,Manhattan,Sutton Place/Turtle Bay North,114.33
9,Weekday,Manhattan,Clinton East,112.2
9,Weekday,Manhattan,Lincoln Square West,109.7
9,Weekday,Manhattan,Midtown North,106.47
9,Weekday,Manhattan,Union Sq,101.75
9,Weekday,Queens,JFK Airport,101.38
9,Weekday,Manhattan,Midtown South,87.08
9,Weekday,Manhattan,East Village,86.25
9,Weekday,Manhattan,Flatiron,79.58
9,Weekday,Manhattan,West Village,78.94
9,Weekday,Manhattan,Garment District,73.77
9,Weekday,Manhattan,Central Park,71.3
9,Weekday,Manhattan,Greenwich Village North,69.88
9,Weekday,Manhattan,UN/Turtle Bay South,67.72
9,Weekday,Manhattan,Manhattan Valley,62.94
9,Weekday,Manhattan,Kips Bay,57.17
9,Weekday,Manhattan,TriBeCa/Civic Center,56.14
9,Weekday,Manhattan,West Chelsea/Hudson Yards,54.48
9,Weekday,Manhattan,East Harlem South,45.56
9,Weekday,Manhattan,Clinton West,43.91
9,Weekday,Manhattan,Meatpacking/West Village West,29.25
9,Weekday,Manhattan,Battery Park City,29.25
9,Weekday,Manhattan,Morningside Heights,27.03
9,Weekday,Manhattan,Greenwich Village South,25.14
9,Weekday,Manhattan,Hudson Sq,23.59
9,Weekday,Manhattan,Financial District North,23.48
9,Weekday,Manhattan,Lower East Side,21.61
9,Weekday,Manhattan,Bloomingdale,19.63
9,Weekday,Manhattan,Central Harlem,18.84
9,Weekday,Manhattan,East Harlem North,18.0
9,Weekday,Queens,East Elmhurst,17.7
9,Weekday,Manhattan,SoHo,17.48
9,Weekday,Manhattan,Little Italy/NoLiTa,16.8
9,Weekday,Manhattan,Stuy Town/Peter Cooper Village,15.65
9,Weekday,Manhattan,Alphabet City,14.33
9,Weekday,Manhattan,World Trade Center,13.58
9,Weekday,Unknown,N/A,12.14
9,Weekday,Manhattan,Two Bridges/Seward Park,11.69
9,Weekday,Manhattan,Central Harlem North,11.34
9,Weekday,Brooklyn,Crown Heights North,10.73
9,Weekday,Brooklyn,East New York,7.95
9,Weekday,Brooklyn,Canarsie,7.1
9,Weekday,Manhattan,Hamilton Heights,7.02
9,Weekday,Brooklyn,Prospect-Lefferts Gardens,6.38
9,Weekday,Manhattan,Chinatown,6.2
9,Weekday,Manhattan,Financial District South,6.19
9,Weekday,Brooklyn,Stuyvesant Heights,5.89
9,Weekday,Manhattan,Washington Heights South,5.87
9,Weekday,Brooklyn,Flatbush/Ditmas Park,5.76
9,Weekday,Brooklyn,Brooklyn Heights,5.75
9,Weekday,Queens,Astoria,5.6
9,Weekday,Queens,Sunnyside,5.29
9,Weekday,Brooklyn,Bedford,5.17
9,Weekday,Manhattan,Manhattanville,5.02
9,Weekday,Brooklyn,East Flatbush/Remsen Village,4.98
9,Weekday,Brooklyn,Flatlands,4.81
9,Weekday,Manhattan,Seaport,4.73
9,Weekday,Brooklyn,Bushwick South,4.69
9,Weekday,Brooklyn,Brownsville,4.5
9,Weekday,Queens,South Ozone Park,4.49
9,Weekday,Brooklyn,Fort Greene,4.41
9,Weekday,Brooklyn,Clinton Hill,4.32
9,Weekday,Brooklyn,Downtown Brooklyn/MetroTech,4.27
9,Weekday,Brooklyn,Ocean Hill,4.25
9,Weekday,Queens,Long Island City/Hunters Point,4.05
9,Weekday,Brooklyn,East Flatbush/Farragut,4.05
9,Weekday,Queens,Old Astoria,3.93
9,Weekday,Brooklyn,Crown Heights South,3.89
9,Weekday,Brooklyn,Park Slope,3.79
9,Weekday,Queens,Richmond Hill,3.44
9,Weekday,Brooklyn,Williamsburg (South Side),3.42
9,Weekday,Brooklyn,Boerum Hill,3.39
9,Weekday,Brooklyn,Greenpoint,3.17
9,Weekday,Bronx,Soundview/Castle Hill,3.14
9,Weekday,Queens,Long Island City/Queens Plaza,3.07
9,Weekday,Queens,Jackson Heights,3.05
9,Weekday,Manhattan,Washington Heights North,3.02
9,Weekday,Bronx,Mott Haven/Port Morris,3.0
9,Weekday,Brooklyn,East Williamsburg,2.84
9,Weekday,Brooklyn,Borough Park,2.8
9,Weekday,Brooklyn,DUMBO/Vinegar Hill,2.75
9,Weekday,Brooklyn,East New York/Pennsylvania Avenue,2.73
9,Weekday,Brooklyn,Erasmus,2.66
9,Weekday,Bronx,Williamsbridge/Olinville,2.58
9,Weekday,Brooklyn,Red Hook,2.58
9,Weekday,Brooklyn,Williamsburg (North Side),2.55
9,Weekday,Brooklyn,Cobble Hill,2.55
9,Weekday,Brooklyn,Midwood,2.52
9,Weekday,Queens,South Jamaica,2.52
9,Weekday,Queens,Baisley Park,2.48
9,Weekday,Queens,Jamaica,2.45
9,Weekday,Queens,Woodside,2.45
9,Weekday,Brooklyn,Carroll Gardens,2.44
9,Weekday,Bronx,East Concourse/Concourse Village,2.42
9,Weekday,Brooklyn,Cypress Hills,2.4
9,Weekday,Queens,Forest Hills,2.39
9,Weekday,Brooklyn,Starrett City,2.39
9,Weekday,Brooklyn,Coney Island,2.38
9,Weekday,Queens,Saint Albans,2.35
9,Weekday,Brooklyn,Marine Park/Mill Basin,2.32
9,Weekday,Bronx,Co-Op City,2.29
9,Weekday,Queens,Steinway,2.25
9,Weekday,Queens,Queensbridge/Ravenswood,2.25
9,Weekday,Queens,Elmhurst,2.24
9,Weekday,Bronx,Parkchester,2.22
9,Weekday,Bronx,Highbridge,2.2
9,Weekday,Brooklyn,Bay Ridge,2.15
9,Weekday,Bronx,Soundview/Bruckner,2.12
9,Weekday,Queens,Ridgewood,2.12
9,Weekday,Brooklyn,Sheepshead Bay,2.11
9,Weekday,Brooklyn,Bushwick North,2.11
9,Weekday,Queens,Springfield Gardens North,2.11
9,Weekday,Brooklyn,Bensonhurst West,2.1
9,Weekday,Queens,Woodhaven,2.09
9,Weekday,Brooklyn,Prospect Heights,2.08
9,Weekday,Brooklyn,Homecrest,2.07
9,Weekday,Brooklyn,Kensington,2.06
9,Weekday,Bronx,University Heights/Morris Heights,2.0
9,Weekday,Bronx,East Tremont,2.0
9,Weekday,Bronx,West Concourse,1.94
9,Weekday,Bronx,West Farms/Bronx River,1.92
9,Weekday,Queens,Corona,1.91
9,Weekday,Brooklyn,South Williamsburg,1.91
9,Weekday,Bronx,Mount Hope,1.87
9,Weekday,Bronx,Morrisania/Melrose,1.87
9,Weekday,Bronx,Melrose South,1.83
9,Weekday,Bronx,Bedford Park,1.82
9,Weekday,Brooklyn,Sunset Park West,1.8
9,Weekday,Brooklyn,Bensonhurst East,1.8
9,Weekday,Bronx,Claremont/Bathgate,1.79
9,Weekday,Bronx,Van Cortlandt Village,1.74
9,Weekday,Brooklyn,Ocean Parkway South,1.74
9,Weekday,Bronx,Woodlawn/Wakefield,1.74
9,Weekday,Brooklyn,Gowanus,1.73
9,Weekday,Queens,Maspeth,1.72
9,Weekday,Queens,Hammels/Arverne,1.71
9,Weekday,Bronx,Eastchester,1.7
9,Weekday,Bronx,Westchester Village/Unionport,1.7
9,Weekday,Queens,North Corona,1.69
9,Weekday,Queens,Queens Village,1.65
9,Weekday,Queens,Far Rockaway,1.65
9,Weekday,Queens,Rego Park,1.64
9,Weekday,Brooklyn,Sunset Park East,1.61
9,Weekday,Bronx,Spuyten Duyvil/Kingsbridge,1.61
9,Weekday,Queens,Elmhurst/Maspeth,1.59
9,Weekday,Brooklyn,Gravesend,1.58
9,Weekday,Bronx,Kingsbridge Heights,1.57
9,Weekday,Manhattan,Inwood,1.55
9,Weekday,Queens,Glendale,1.52
9,Weekday,Queens,Briarwood/Jamaica Hills,1.51
9,Weekday,Bronx,Hunts Point,1.5
9,Weekday,Brooklyn,Brighton Beach,1.48
9,Weekday,Bronx,Crotona Park East,1.46
9,Weekday,Brooklyn,Dyker Heights,1.46
9,Weekday,Queens,Flushing,1.46
9,Weekday,Queens,Middle Village,1.45
9,Weekday,Bronx,Norwood,1.43
9,Weekday,Queens,Rosedale,1.41
9,Weekday,Queens,Douglaston,1.4
9,Weekday,Bronx,Schuylerville/Edgewater Park,1.39
9,Weekday,Brooklyn,Columbia Street,1.39
9,Weekday,Bronx,Van Nest/Morris Park,1.39
9,Weekday,Queens,Hillcrest/Pomonok,1.39
9,Weekday,Queens,Howard Beach,1.38
9,Weekday,Bronx,Belmont,1.38
9,Weekday,Queens,Ozone Park,1.37
9,Weekday,Queens,Jamaica Estates,1.36
9,Weekday,Queens,Bellerose,1.36
9,Weekday,Queens,College Point,1.35
9,Weekday,Queens,Hollis,1.33
9,Weekday,Queens,Cambria Heights,1.33
9,Weekday,Queens,Fresh Meadows,1.33
9,Weekday,Bronx,City Island,1.33
9,Weekday,Manhattan,Battery Park,1.32
9,Weekday,Brooklyn,Bath Beach,1.32
9,Weekday,Brooklyn,Windsor Terrace,1.3
9,Weekday,Queens,Kew Gardens,1.3
9,Weekday,Queens,Springfield Gardens South,1.29
9,Weekday,Bronx,Longwood,1.27
9,Weekday,Bronx,Allerton/Pelham Gardens,1.27
9,Weekday,Bronx,Riverdale/North Riverdale/Fieldston,1.26
9,Weekday,Bronx,Bronxdale,1.26
9,Weekday,Queens,Kew Gardens Hills,1.26
9,Weekday,Bronx,Fordham South,1.24
9,Weekday,Brooklyn,Madison,1.24
9,Weekday,Bronx,Pelham Parkway,1.24
9,Weekday,Queens,Whitestone,1.21
9,Weekday,Queens,Laurelton,1.19
9,Weekday,Manhattan,Roosevelt Island,1.18
9,Weekday,N/A,Outside of NYC,1.18
9,Weekday,Bronx,Bronx Park,1.17
9,Weekday,Queens,Murray Hill-Queens,1.17
9,Weekday,Brooklyn,Prospect Park,1.16
9,Weekday,Queens,Queensboro Hill,1.15
9,Weekday,Queens,Flushing Meadows-Corona Park,1.15
9,Weekday,Bronx,Pelham Bay,1.15
9,Weekday,Queens,East Flushing,1.14
9,Weekday,Queens,Auburndale,1.14
9,Weekday,Brooklyn,Brooklyn Navy Yard,1.13
9,Weekday,Queens,Bayside,1.11
9,Weekday,Queens,Saint Michaels Cemetery/Woodside,1.1
9,Weekday,Manhattan,Marble Hill,1.09
9,Weekday,Queens,Rockaway Park,1.09
9,Weekday,Staten Island,South Beach/Dongan Hills,1.0
9,Weekday,Bronx,Pelham Bay Park,1.0
9,Weekday,Queens,Willets Point,1.0
9,Weekday,EWR,Newark Airport,1.0
9,Weekday,Bronx,Crotona Park,1.0
9,Weekday,Queens,Forest Park/Highland Park,1.0
9,Weekday,Staten Island,Bloomfield/Emerson Hill,1.0
9,Weekday,Queens,Oakland Gardens,1.0
9,Weekday,Staten Island,Grymes Hill/Clifton,1.0
9,Weekday,Staten Island,Great Kills,1.0
9,Weekday,Manhattan,Randalls Island,1.0
9,Weekday,Bronx,Van Cortlandt Park,1.0
9,Weekday,Bronx,Rikers Island,1.0
9,Weekday,Staten Island,Arrochar/Fort Wadsworth,1.0
9,Weekday,Manhattan,Inwood Hill Park,1.0
9,Weekday,Queens,Bay Terrace/Fort Totten,1.0
9,Weekday,Queens,Glen Oaks,1.0
9,Weekday,Brooklyn,Marine Park/Floyd Bennett Field,1.0
9,Weekday,Queens,Astoria Park,1.0
9,Weekday,Staten Island,Port Richmond,1.0
9,Weekday,Bronx,Country Club,1.0
9,Weekday,Staten Island,Oakwood,1.0
9,Weekday,Brooklyn,Manhattan Beach,1.0
9,Weekday,Manhattan,Highbridge Park,1.0
10,Weekday,Manhattan,Upper East Side North,335.77
10,Weekday,Manhattan,Upper East Side South,309.08
10,Weekday,Manhattan,Penn Station/Madison Sq West,216.13
10,Weekday,Manhattan,Midtown Center,213.2
10,Weekday,Queens,LaGuardia Airport,190.11
10,Weekday,Manhattan,Midtown East,182.98
10,Weekday,Manhattan,Upper West Side South,172.11
10,Weekday,Manhattan,Murray Hill,169.25
10,Weekday,Manhattan,Lenox Hill East,159.84
10,Weekday,Manhattan,Lincoln Square East,158.3
10,Weekday,Manhattan,Lenox Hill West,148.14
10,Weekday,Manhattan,Upper West Side North,146.06
10,Weekday,Manhattan,Times Sq/Theatre District,140.47
10,Weekday,Manhattan,Midtown North,133.19
10,Weekday,Manhattan,East Chelsea,126.86
10,Weekday,Manhattan,Yorkville East,121.19
10,Weekday,Queens,JFK Airport,118.28
10,Weekday,Manhattan,Yorkville West,113.39
10,Weekday,Manhattan,Union Sq,110.72
10,Weekday,Manhattan,Sutton Place/Turtle Bay North,109.88
10,Weekday,Manhattan,Clinton East,102.03
10,Weekday,Manhattan,Gramercy,94.84
10,Weekday,Manhattan,Midtown South,94.78
10,Weekday,Manhattan,Central Park,85.3
10,Weekday,Manhattan,Lincoln Square West,84.16
10,Weekday,Manhattan,Flatiron,71.16
10,Weekday,Manhattan,Garment District,70.38
10,Weekday,Manhattan,UN/Turtle Bay South,69.41
10,Weekday,Manhattan,Greenwich Village North,61.88
10,Weekday,Manhattan,West Chelsea/Hudson Yards,61.53
10,Weekday,Manhattan,West Village,60.5
10,Weekday,Manhattan,TriBeCa/Civic Center,59.66
10,Weekday,Manhattan,Kips Bay,58.59
10,Weekday,Manhattan,Manhattan Valley,57.86
10,Weekday,Manhattan,East Village,57.84
10,Weekday,Manhattan,East Harlem South,41.91
10,Weekday,Manhattan,Clinton West,35.34
10,Weekday,Manhattan,Greenwich Village South,26.11
10,Weekday,Manhattan,Battery Park City,25.92
10,Weekday,Manhattan,Meatpacking/West Village West,25.47
10,Weekday,Manhattan,Morningside Heights,24.81
10,Weekday,Manhattan,Hudson Sq,22.05
10,Weekday,Manhattan,SoHo,19.91
10,Weekday,Manhattan,Little Italy/NoLiTa,18.63
10,Weekday,Manhattan,Bloomingdale,18.02
10,Weekday,Manhattan,Financial District North,17.53
10,Weekday,Manhattan,World Trade Center,17.3
10,Weekday,Queens,East Elmhurst,16.72
10,Weekday,Manhattan,Lower East Side,15.41
10,Weekday,Manhattan,Central Harlem,13.45
10,Weekday,Manhattan,East Harlem North,13.13
10,Weekday,Unknown,N/A,11.42
10,Weekday,Manhattan,Stuy Town/Peter Cooper Village,11.08
10,Weekday,Manhattan,Financial District South,8.8
10,Weekday,Manhattan,Central Harlem North,8.2
10,Weekday,Brooklyn,Crown Heights North,6.9
10,Weekday,Manhattan,Chinatown,6.81
10,Weekday,Manhattan,Alphabet City,6.72
10,Weekday,Brooklyn,East New York,5.98
10,Weekday,Manhattan,Seaport,5.45
10,Weekday,Manhattan,Two Bridges/Seward Park,5.39
10,Weekday,Manhattan,Washington Heights South,5.14
10,Weekday,Brooklyn,Canarsie,5.02
10,Weekday,Queens,Sunnyside,4.94
10,Weekday,Brooklyn,Prospect-Lefferts Gardens,4.69
10,Weekday,Brooklyn,East Flatbush/Remsen Village,4.4
10,Weekday,Queens,Astoria,4.27
10,Weekday,Manhattan,Hamilton Heights,4.05
10,Weekday,Brooklyn,Brownsville,3.92
10,Weekday,Brooklyn,Flatbush/Ditmas Park,3.81
10,Weekday,Brooklyn,Brooklyn Heights,3.74
10,Weekday,Brooklyn,Stuyvesant Heights,3.53
10,Weekday,Brooklyn,Bedford,3.45
10,Weekday,Queens,Long Island City/Queens Plaza,3.29
10,Weekday,Brooklyn,Fort Greene,3.27
10,Weekday,Queens,Old Astoria,3.25
10,Weekday,Brooklyn,Flatlands,3.25
10,Weekday,Manhattan,Manhattanville,3.25
10,Weekday,Brooklyn,Ocean Hill,3.22
10,Weekday,Queens,South Ozone Park,3.16
10,Weekday,Brooklyn,Downtown Brooklyn/MetroTech,3.15
10,Weekday,Brooklyn,Park Slope,3.07
10,Weekday,Brooklyn,Bushwick South,3.07
10,Weekday,Brooklyn,Boerum Hill,2.88
10,Weekday,Brooklyn,Clinton Hill,2.8
10,Weekday,Brooklyn,Borough Park,2.72
10,Weekday,Queens,Richmond Hill,2.68
10,Weekday,Queens,Long Island City/Hunters Point,2.67
10,Weekday,Brooklyn,Crown Heights South,2.57
10,Weekday,Brooklyn,East Flatbush/Farragut,2.55
10,Weekday,Queens,Jackson Heights,2.49
10,Weekday,Brooklyn,Cypress Hills,2.42
10,Weekday,Brooklyn,Coney Island,2.39
10,Weekday,Brooklyn,Starrett City,2.38
10,Weekday,Queens,Jamaica,2.37
10,Weekday,Queens,Forest Hills,2.26
10,Weekday,Brooklyn,Williamsburg (South Side),2.25
10,Weekday,Brooklyn,East New York/Pennsylvania Avenue,2.22
10,Weekday,Brooklyn,Erasmus,2.21
10,Weekday,Brooklyn,Red Hook,2.19
10,Weekday,Queens,South Jamaica,2.18
10,Weekday,Queens,Steinway,2.17
10,Weekday,Brooklyn,Bay Ridge,2.15
10,Weekday,Queens,Woodside,2.13
10,Weekday,Bronx,Mott Haven/Port Morris,2.13
10,Weekday,Queens,Queensbridge/Ravenswood,2.1
10,Weekday,Queens,Baisley Park,2.02
10,Weekday,Manhattan,Washington Heights North,2.0
10,Weekday,Bronx,Soundview/Castle Hill,1.98
10,Weekday,Bronx,East Concourse/Concourse Village,1.96
10,Weekday,Queens,Woodhaven,1.94
10,Weekday,Brooklyn,Midwood,1.88
10,Weekday,Brooklyn,Cobble Hill,1.88
10,Weekday,Bronx,Soundview/Bruckner,1.86
10,Weekday,Brooklyn,DUMBO/Vinegar Hill,1.81
10,Weekday,Brooklyn,Sheepshead Bay,1.8
10,Weekday,Queens,Saint Albans,1.8
10,Weekday,Brooklyn,Marine Park/Mill Basin,1.8
10,Weekday,Brooklyn,Greenpoint,1.79
10,Weekday,Bronx,Williamsbridge/Olinville,1.79
10,Weekday,Brooklyn,Bensonhurst West,1.77
10,Weekday,Bronx,Van Nest/Morris Park,1.76
10,Weekday,Queens,Hammels/Arverne,1.72
10,Weekday,Bronx,East Tremont,1.71
10,Weekday,Brooklyn,Sunset Park East,1.71
10,Weekday,Bronx,West Concourse,1.7
10,Weekday,Brooklyn,Bushwick North,1.7
10,Weekday,Bronx,Co-Op City,1.7
10,Weekday,Brooklyn,Carroll Gardens,1.69
10,Weekday,Queens,Ridgewood,1.69
10,Weekday,Brooklyn,East Williamsburg,1.68
10,Weekday,Bronx,University Heights/Morris Heights,1.67
10,Weekday,Brooklyn,Kensington,1.66
10,Weekday,Queens,Elmhurst,1.65
10,Weekday,Bronx,Norwood,1.64
10,Weekday,Bronx,Eastchester,1.63
10,Weekday,Brooklyn,Williamsburg (North Side),1.63
10,Weekday,Brooklyn,Sunset Park West,1.62
10,Weekday,Bronx,Morrisania/Melrose,1.61
10,Weekday,Queens,Maspeth,1.6
10,Weekday,Queens,Far Rockaway,1.59
10,Weekday,Queens,Elmhurst/Maspeth,1.59
10,Weekday,Bronx,Woodlawn/Wakefield,1.59
10,Weekday,Queens,Corona,1.58
10,Weekday,Manhattan,Battery Park,1.57
10,Weekday,Bronx,Crotona Park East,1.56
10,Weekday,Brooklyn,Gravesend,1.55
10,Weekday,Queens,Kew Gardens,1.55
10,Weekday,Bronx,Parkchester,1.53
10,Weekday,Brooklyn,South Williamsburg,1.53
10,Weekday,Brooklyn,Prospect Heights,1.53
10,Weekday,Bronx,Claremont/Bathgate,1.52
10,Weekday,Queens,Queens Village,1.5
10,Weekday,Queens,Briarwood/Jamaica Hills,1.49
10,Weekday,Bronx,Melrose South,1.49
10,Weekday,Manhattan,Roosevelt Island,1.47
10,Weekday,Brooklyn,Bensonhurst East,1.46
10,Weekday,Brooklyn,Dyker Heights,1.46
10,Weekday,Brooklyn,Bath Beach,1.45
10,Weekday,Queens,Flushing,1.43
10,Weekday,Queens,Jamaica Estates,1.43
10,Weekday,Bronx,Hunts Point,1.43
10,Weekday,Brooklyn,Brighton Beach,1.42
10,Weekday,Bronx,Mount Hope,1.4
10,Weekday,Bronx,Schuylerville/Edgewater Park,1.39
10,Weekday,Bronx,Westchester Village/Unionport,1.38
10,Weekday,Bronx,Van Cortlandt Village,1.37
10,Weekday,Brooklyn,Columbia Street,1.36
10,Weekday,Brooklyn,Gowanus,1.36
10,Weekday,Bronx,Pelham Parkway,1.36
10,Weekday,Bronx,Highbridge,1.36
10,Weekday,Queens,Springfield Gardens North,1.36
10,Weekday,Bronx,Bronxdale,1.36
10,Weekday,Queens,Springfield Gardens South,1.36
10,Weekday,Queens,Rego Park,1.35
10,Weekday,Bronx,Bedford Park,1.34
10,Weekday,Bronx,Spuyten Duyvil/Kingsbridge,1.33
10,Weekday,Queens,Howard Beach,1.33
10,Weekday,Queens,Hillcrest/Pomonok,1.33
10,Weekday,Queens,Glen Oaks,1.33
10,Weekday,Brooklyn,Windsor Terrace,1.32
10,Weekday,Queens,Glendale,1.31
10,Weekday,Queens,Laurelton,1.3
10,Weekday,Queens,Fresh Meadows,1.3
10,Weekday,Queens,Kew Gardens Hills,1.29
10,Weekday,Queens,Middle Village,1.29
10,Weekday,Queens,Hollis,1.28
10,Weekday,Bronx,West Farms/Bronx River,1.28
10,Weekday,Bronx,Kingsbridge Heights,1.28
10,Weekday,Brooklyn,Homecrest,1.26
10,Weekday,Brooklyn,Prospect Park,1.25
10,Weekday,Bronx,Riverdale/North Riverdale/Fieldston,1.25
10,Weekday,Queens,Rockaway Park,1.25
10,Weekday,Brooklyn,Madison,1.25
10,Weekday,Queens,North Corona,1.24
10,Weekday,Bronx,Longwood,1.23
10,Weekday,Queens,Rosedale,1.23
10,Weekday,Manhattan,Inwood,1.21
10,Weekday,Queens,Bellerose,1.2
10,Weekday,N/A,Outside of NYC,1.2
10,Weekday,Brooklyn,Brooklyn Navy Yard,1.17
10,Weekday,Bronx,Pelham Bay,1.17
10,Weekday,Bronx,Belmont,1.17
10,Weekday,Manhattan,Randalls Island,1.17
10,Weekday,Queens,Bay Terrace/Fort Totten,1.14
10,Weekday,Queens,College Point,1.12
10,Weekday,Queens,Murray Hill-Queens,1.11
10,Weekday,Queens,Auburndale,1.11
10,Weekday,Queens,Cambria Heights,1.1
10,Weekday,Queens,Queensboro Hill,1.09
10,Weekday,Brooklyn,Ocean Parkway South,1.08
10,Weekday,Bronx,Fordham South,1.08
10,Weekday,Bronx,Allerton/Pelham Gardens,1.06
10,Weekday,Brooklyn,Manhattan Beach,1.06
10,Weekday,Queens,Ozone Park,1.06
10,Weekday,Queens,Flushing Meadows-Corona Park,1.05
10,Weekday,Staten Island,Arrochar/Fort Wadsworth,1.0
10,Weekday,Queens,Broad Channel,1.0
10,Weekday,Staten Island,Heartland Village/Todt Hill,1.0
10,Weekday,Queens,Astoria Park,1.0
10,Weekday,Bronx,Country Club,1.0
10,Weekday,Manhattan,Marble Hill,1.0
10,Weekday,Queens,East Flushing,1.0
10,Weekday,Bronx,City Island,1.0
10,Weekday,Queens,Douglaston,1.0
10,Weekday,Queens,Saint Michaels Cemetery/Woodside,1.0
10,Weekday,EWR,Newark Airport,1.0
10,Weekday,Staten Island,Mariners Harbor,1.0
10,Weekday,Bronx,Bronx Park,1.0
10,Weekday,Queens,Forest Park/Highland Park,1.0
10,Weekday,Queens,Oakland Gardens,1.0
10,Weekday,Bronx,Van Cortlandt Park,1.0
10,Weekday,Staten Island,Stapleton,1.0
10,Weekday,Queens,Bayside,1.0
10,Weekday,Queens,Willets Point,1.0
10,Weekday,Manhattan,Highbridge Park,1.0
10,Weekday,Staten Island,Bloomfield/Emerson Hill,1.0
10,Weekday,Queens,Jamaica Bay,1.0
10,Weekday,Bronx,Pelham Bay Park,1.0
10,Weekday,Manhattan,Inwood Hill Park,1.0
10,Weekday,Brooklyn,Marine Park/Floyd Bennett Field,1.0
10,Weekday,Staten Island,Saint George/New Brighton,1.0
10,Weekday,Staten Island,Grymes Hill/Clifton,1.0
10,Weekday,Bronx,Crotona Park,1.0
10,Weekday,Queens,Breezy Point/Fort Tilden/Riis Beach,1.0
10,Weekday,Queens,Whitestone,1.0
11,Weekday,Manhattan,Upper East Side South,349.05
11,Weekday,Manhattan,Upper East Side North,338.94
11,Weekday,Manhattan,Midtown Center,263.14
11,Weekday,Manhattan,Penn Station/Madison Sq West,202.7
11,Weekday,Manhattan,Midtown East,198.73
11,Weekday,Manhattan,Murray Hill,174.86
11,Weekday,Manhattan,Upper West Side South,173.33
11,Weekday,Manhattan,Lenox Hill East,171.09
11,Weekday,Manhattan,Lincoln Square East,164.8
11,Weekday,Queens,LaGuardia Airport,163.31
11,Weekday,Manhattan,Times Sq/Theatre District,161.81
11,Weekday,Manhattan,Midtown North,160.17
11,Weekday,Manhattan,Lenox Hill West,148.19
11,Weekday,Manhattan,Upper West Side North,137.06
11,Weekday,Manhattan,East Chelsea,134.58
11,Weekday,Manhattan,Union Sq,128.39
11,Weekday,Queens,JFK Airport,114.14
11,Weekday,Manhattan,Midtown South,112.36
11,Weekday,Manhattan,Yorkville West,105.95
11,Weekday,Manhattan,Sutton Place/Turtle Bay North,103.03
11,Weekday,Manhattan,Yorkville East,101.98
11,Weekday,Manhattan,Central Park,94.39
11,Weekday,Manhattan,Clinton East,93.98
11,Weekday,Manhattan,Gramercy,89.91
11,Weekday,Manhattan,West Chelsea/Hudson Yards,76.55
11,Weekday,Manhattan,Lincoln Square West,75.59
11,Weekday,Manhattan,Garment District,74.94
11,Weekday,Manhattan,Flatiron,70.78
11,Weekday,Manhattan,UN/Turtle Bay South,69.47
11,Weekday,Manhattan,Greenwich Village North,66.34
11,Weekday,Manhattan,TriBeCa/Civic Center,63.59
11,Weekday,Manhattan,Kips Bay,61.13
11,Weekday,Manhattan,West Village,56.56
11,Weekday,Manhattan,Manhattan Valley,55.75
11,Weekday,Manhattan,East Village,52.89
11,Weekday,Manhattan,East Harlem South,47.44
11,Weekday,Manhattan,Battery Park City,32.08
11,Weekday,Manhattan,Clinton West,30.36
11,Weekday,Manhattan,Greenwich Village South,27.98
11,Weekday,Manhattan,Morningside Heights,27.33
11,Weekday,Manhattan,Meatpacking/West Village West,24.7
11,Weekday,Manhattan,SoHo,24.33
11,Weekday,Manhattan,World Trade Center,24.09
11,Weekday,Manhattan,Little Italy/NoLiTa,23.73
11,Weekday,Manhattan,Hudson Sq,21.36
11,Weekday,Manhattan,Financial District North,19.52
11,Weekday,Queens,East Elmhurst,17.94
11,Weekday,Manhattan,Lower East Side,16.64
11,Weekday,Manhattan,Bloomingdale,15.41
11,Weekday,Manhattan,Central Harlem,13.25
11,Weekday,Manhattan,East Harlem North,13.23
11,Weekday,Unknown,N/A,11.8
11,Weekday,Manhattan,Financial District South,10.72
11,Weekday,Manhattan,Chinatown,8.27
11,Weekday,Manhattan,Stuy Town/Peter Cooper Village,7.83
11,Weekday,Manhattan,Central Harlem North,7.73
11,Weekday,Brooklyn,Crown Heights North,6.42
11,Weekday,Brooklyn,East New York,6.08
11,Weekday,Manhattan,Seaport,5.84
11,Weekday,Manhattan,Washington Heights South,5.73
11,Weekday,Manhattan,Two Bridges/Seward Park,5.13
11,Weekday,Queens,Sunnyside,4.91
11,Weekday,Queens,Astoria,4.76
11,Weekday,Manhattan,Alphabet City,4.49
11,Weekday,Brooklyn,Canarsie,4.11
11,Weekday,Manhattan,Hamilton Heights,4.0
11,Weekday,Brooklyn,Flatbush/Ditmas Park,3.88
11,Weekday,Brooklyn,Prospect-Lefferts Gardens,3.81
11,Weekday,Brooklyn,Brooklyn Heights,3.7
11,Weekday,Brooklyn,East Flatbush/Remsen Village,3.53
11,Weekday,Brooklyn,Brownsville,3.48
11,Weekday,Queens,Long Island City/Queens Plaza,3.43
11,Weekday,Manhattan,Manhattanville,3.34
11,Weekday,Brooklyn,Fort Greene,3.16
11,Weekday,Brooklyn,Boerum Hill,3.13
11,Weekday,Brooklyn,Downtown Brooklyn/MetroTech,3.02
11,Weekday,Queens,South Ozone Park,2.98
11,Weekday,Brooklyn,Bedford,2.96
11,Weekday,Queens,Long Island City/Hunters Point,2.95
11,Weekday,Brooklyn,Ocean Hill,2.81
11,Weekday,Brooklyn,East Flatbush/Farragut,2.8
11,Weekday,Queens,Old Astoria,2.78
11,Weekday,Queens,Richmond Hill,2.75
11,Weekday,Queens,Jamaica,2.72
11,Weekday,Brooklyn,Park Slope,2.7
11,Weekday,Brooklyn,Clinton Hill,2.68
11,Weekday,Brooklyn,Bay Ridge,2.65
11,Weekday,Brooklyn,Stuyvesant Heights,2.64
11,Weekday,Brooklyn,Borough Park,2.58
11,Weekday,Brooklyn,Flatlands,2.57
11,Weekday,Brooklyn,Midwood,2.52
11,Weekday,Brooklyn,Bushwick South,2.51
11,Weekday,Queens,Jackson Heights,2.51
11,Weekday,Queens,Forest Hills,2.39
11,Weekday,Bronx,East Concourse/Concourse Village,2.31
11,Weekday,Manhattan,Battery Park,2.24
11,Weekday,Queens,Woodside,2.2
11,Weekday,Bronx,Mott Haven/Port Morris,2.2
11,Weekday,Bronx,West Concourse,2.17
11,Weekday,Brooklyn,Crown Heights South,2.1
11,Weekday,Brooklyn,Sunset Park West,2.07
11,Weekday,Brooklyn,Sheepshead Bay,2.06
11,Weekday,Brooklyn,Marine Park/Mill Basin,2.0
11,Weekday,Brooklyn,Starrett City,1.98
11,Weekday,Brooklyn,Homecrest,1.96
11,Weekday,Queens,Queensbridge/Ravenswood,1.94
11,Weekday,Queens,Baisley Park,1.92
11,Weekday,Brooklyn,DUMBO/Vinegar Hill,1.91
11,Weekday,Queens,Elmhurst,1.9
11,Weekday,Queens,Steinway,1.9
11,Weekday,Manhattan,Washington Heights North,1.82
11,Weekday,Brooklyn,Coney Island,1.82
11,Weekday,Bronx,Co-Op City,1.8
11,Weekday,Brooklyn,Cobble Hill,1.77
11,Weekday,Brooklyn,Williamsburg (South Side),1.74
11,Weekday,Queens,Kew Gardens,1.73
11,Weekday,Brooklyn,Erasmus,1.69
11,Weekday,Brooklyn,Bensonhurst West,1.68
11,Weekday,Brooklyn,Greenpoint,1.68
11,Weekday,Brooklyn,East New York/Pennsylvania Avenue,1.67
11,Weekday,Brooklyn,East Williamsburg,1.67
11,Weekday,Bronx,Parkchester,1.66
11,Weekday,Brooklyn,Cypress Hills,1.66
11,Weekday,Brooklyn,Prospect Heights,1.65
11,Weekday,Bronx,University Heights/Morris Heights,1.65
11,Weekday,Queens,Woodhaven,1.64
11,Weekday,Bronx,Morrisania/Melrose,1.63
11,Weekday,Queens,Rego Park,1.63
11,Weekday,Queens,South Jamaica,1.63
11,Weekday,Bronx,Van Nest/Morris Park,1.62
11,Weekday,Bronx,Hunts Point,1.62
11,Weekday,Bronx,Williamsbridge/Olinville,1.6
11,Weekday,Queens,Springfield Gardens North,1.6
11,Weekday,Brooklyn,Kensington,1.58
11,Weekday,Queens,Ridgewood,1.57
11,Weekday,Brooklyn,Bushwick North,1.57
11,Weekday,Queens,Saint Albans,1.56
11,Weekday,Queens,Briarwood/Jamaica Hills,1.54
11,Weekday,Bronx,Woodlawn/Wakefield,1.53
11,Weekday,Bronx,Melrose South,1.53
11,Weekday,Bronx,Soundview/Castle Hill,1.51
11,Weekday,Brooklyn,Sunset Park East,1.5
11,Weekday,Bronx,Soundview/Bruckner,1.48
11,Weekday,Brooklyn,Williamsburg (North Side),1.46
11,Weekday,Bronx,Bronxdale,1.45
11,Weekday,Bronx,East Tremont,1.45
11,Weekday,N/A,Outside of NYC,1.44
11,Weekday,Bronx,Spuyten Duyvil/Kingsbridge,1.43
11,Weekday,Bronx,Belmont,1.42
11,Weekday,Queens,Rosedale,1.42
11,Weekday,Queens,Middle Village,1.42
11,Weekday,Queens,Queens Village,1.41
11,Weekday,Bronx,Bedford Park,1.4
11,Weekday,Queens,Hammels/Arverne,1.39
11,Weekday,Queens,Far Rockaway,1.39
11,Weekday,Queens,Howard Beach,1.38
11,Weekday,Bronx,Kingsbridge Heights,1.37
11,Weekday,Queens,Flushing,1.37
11,Weekday,Brooklyn,Madison,1.36
11,Weekday,Bronx,Eastchester,1.36
11,Weekday,Brooklyn,South Williamsburg,1.36
11,Weekday,Queens,Glendale,1.35
11,Weekday,Queens,Kew Gardens Hills,1.35
11,Weekday,Brooklyn,Gowanus,1.35
11,Weekday,Bronx,Norwood,1.34
11,Weekday,Brooklyn,Red Hook,1.34
11,Weekday,Brooklyn,Brighton Beach,1.33
11,Weekday,Queens,Rockaway Park,1.33
11,Weekday,Brooklyn,Carroll Gardens,1.33
11,Weekday,Bronx,Westchester Village/Unionport,1.32
11,Weekday,Queens,Elmhurst/Maspeth,1.32
11,Weekday,Queens,Maspeth,1.32
11,Weekday,Queens,Hollis,1.32
11,Weekday,Bronx,Riverdale/North Riverdale/Fieldston,1.32
11,Weekday,Queens,Jamaica Estates,1.32
11,Weekday,Bronx,Longwood,1.31
11,Weekday,Bronx,Mount Hope,1.31
11,Weekday,Bronx,West Farms/Bronx River,1.31
11,Weekday,Queens,Bay Terrace/Fort Totten,1.3
11,Weekday,Queens,Springfield Gardens South,1.3
11,Weekday,Bronx,Highbridge,1.3
11,Weekday,Brooklyn,Bath Beach,1.29
11,Weekday,Brooklyn,Dyker Heights,1.29
11,Weekday,Bronx,Pelham Parkway,1.28
11,Weekday,Bronx,Schuylerville/Edgewater Park,1.27
11,Weekday,Queens,Murray Hill-Queens,1.26
11,Weekday,Manhattan,Roosevelt Island,1.25
11,Weekday,Manhattan,Inwood,1.25
11,Weekday,Queens,Laurelton,1.25
11,Weekday,Brooklyn,Gravesend,1.24
11,Weekday,Queens,North Corona,1.22
11,Weekday,Queens,Corona,1.22
11,Weekday,Queens,Queensboro Hill,1.2
11,Weekday,Queens,Flushing Meadows-Corona Park,1.2
11,Weekday,Bronx,Van Cortlandt Village,1.19
11,Weekday,Queens,Bellerose,1.19
11,Weekday,Brooklyn,Windsor Terrace,1.18
11,Weekday,Bronx,Claremont/Bathgate,1.18
11,Weekday,Queens,Hillcrest/Pomonok,1.15
11,Weekday,Queens,Fresh Meadows,1.15
11,Weekday,Queens,Glen Oaks,1.14
11,Weekday,Queens,Ozone Park,1.14
11,Weekday,Queens,Cambria Heights,1.13
11,Weekday,Queens,Douglaston,1.13
11,Weekday,Brooklyn,Bensonhurst East,1.12
11,Weekday,Queens,Bayside,1.09
11,Weekday,Bronx,Allerton/Pelham Gardens,1.07
11,Weekday,Brooklyn,Ocean Parkway South,1.06
11,Weekday,Bronx,City Island,1.0
11,Weekday,Staten Island,Saint George/New Brighton,1.0
11,Weekday,Manhattan,Inwood Hill Park,1.0
11,Weekday,Brooklyn,Marine Park/Floyd Bennett Field,1.0
11,Weekday,Queens,Whitestone,1.0
11,Weekday,Queens,Auburndale,1.0
11,Weekday,Queens,Breezy Point/Fort Tilden/Riis Beach,1.0
11,Weekday,Manhattan,Randalls Island,1.0
11,Weekday,Bronx,Pelham Bay,1.0
11,Weekday,Bronx,Country Club,1.0
11,Weekday,Staten Island,Bloomfield/Emerson Hill,1.0
11,Weekday,Queens,Forest Park/Highland Park,1.0
11,Weekday,Brooklyn,Green-Wood Cemetery,1.0
11,Weekday,Manhattan,Highbridge Park,1.0
11,Weekday,Queens,Oakland Gardens,1.0
11,Weekday,Staten Island,Stapleton,1.0
11,Weekday,Queens,Saint Michaels Cemetery/Woodside,1.0
11,Weekday,Staten Island,Charleston/Tottenville,1.0
11,Weekday,Staten Island,South Beach/Dongan Hills,1.0
11,Weekday,Queens,Willets Point,1.0
11,Weekday,Staten Island,Mariners Harbor,1.0
11,Weekday,Brooklyn,Manhattan Beach,1.0
11,Weekday,Bronx,Bronx Park,1.0
11,Weekday,Queens,College Point,1.0
11,Weekday,Staten Island,Arden Heights,1.0
11,Weekday,Brooklyn,Columbia Street,1.0
11,Weekday,Queens,East Flushing,1.0
11,Weekday,Staten Island,Heartland Village/Todt Hill,1.0
11,Weekday,Bronx,Fordham South,1.0
11,Weekday,Brooklyn,Brooklyn Navy Yard,1.0
11,Weekday,Staten Island,Arrochar/Fort Wadsworth,1.0
11,Weekday,Brooklyn,Prospect Park,1.0
11,Weekday,Bronx,Crotona Park East,1.0
11,Weekday,Queens,Broad Channel,1.0
11,Weekday,Manhattan,Marble Hill,1.0
11,Weekday,Bronx,Pelham Bay Park,1.0
12,Weekday,Manhattan,Upper East Side South,373.92
12,Weekday,Manhattan,Upper East Side North,361.13
12,Weekday,Manhattan,Midtown Center,296.89
12,Weekday,Manhattan,Midtown East,213.7
12,Weekday,Manhattan,Upper West Side South,188.64
12,Weekday,Manhattan,Penn Station/Madison Sq West,186.02
12,Weekday,Manhattan,Murray Hill,182.22
12,Weekday,Manhattan,Lincoln Square East,180.88
12,Weekday,Manhattan,Lenox Hill East,175.61
12,Weekday,Queens,LaGuardia Airport,174.91
12,Weekday,Manhattan,Midtown North,174.88
12,Weekday,Manhattan,Times Sq/Theatre District,159.47
12,Weekday,Manhattan,Lenox Hill West,156.31
12,Weekday,Queens,JFK Airport,155.81
12,Weekday,Manhattan,Upper West Side North,145.23
12,Weekday,Manhattan,Union Sq,141.63
12,Weekday,Manhattan,East Chelsea,135.36
12,Weekday,Manhattan,Midtown South,119.78
12,Weekday,Manhattan,Yorkville West,113.66
12,Weekday,Manhattan,Sutton Place/Turtle Bay North,110.73
12,Weekday,Manhattan,Central Park,110.14
12,Weekday,Manhattan,Yorkville East,102.09
12,Weekday,Manhattan,Gramercy,94.7
12,Weekday,Manhattan,Clinton East,92.98
12,Weekday,Manhattan,West Chelsea/Hudson Yards,88.0
12,Weekday,Manhattan,Garment District,78.77
12,Weekday,Manhattan,Lincoln Square West,76.17
12,Weekday,Manhattan,UN/Turtle Bay South,74.7
12,Weekday,Manhattan,Flatiron,74.33
12,Weekday,Manhattan,Greenwich Village North,68.61
12,Weekday,Manhattan,Kips Bay,67.42
12,Weekday,Manhattan,TriBeCa/Civic Center,67.11
12,Weekday,Manhattan,West Village,61.42
12,Weekday,Manhattan,East Village,57.72
12,Weekday,Manhattan,Manhattan Valley,56.83
12,Weekday,Manhattan,East Harlem South,51.11
12,Weekday,Manhattan,Battery Park City,35.56
12,Weekday,Manhattan,Morningside Heights,34.95
12,Weekday,Manhattan,Greenwich Village South,33.91
12,Weekday,Manhattan,Little Italy/NoLiTa,33.02
12,Weekday,Manhattan,SoHo,31.42
12,Weekday,Manhattan,World Trade Center,28.89
12,Weekday,Manhattan,Clinton West,28.78
12,Weekday,Manhattan,Meatpacking/West Village West,27.8
12,Weekday,Manhattan,Hudson Sq,23.63
12,Weekday,Manhattan,Financial District North,22.0
12,Weekday,Queens,East Elmhurst,20.55
12,Weekday,Manhattan,Lower East Side,19.91
12,Weekday,Manhattan,Bloomingdale,16.7
12,Weekday,Manhattan,Central Harlem,14.47
12,Weekday,Manhattan,East Harlem North,13.86
12,Weekday,Unknown,N/A,13.06
12,Weekday,Manhattan,Financial District South,13.0
12,Weekday,Manhattan,Chinatown,9.53
12,Weekday,Manhattan,Stuy Town/Peter Cooper Village,8.58
12,Weekday,Manhattan,Central Harlem North,7.84
12,Weekday,Manhattan,Seaport,6.86
12,Weekday,Manhattan,Washington Heights South,6.84
12,Weekday,Brooklyn,Crown Heights North,6.39
12,Weekday,Brooklyn,East New York,6.02
12,Weekday,Manhattan,Two Bridges/Seward Park,5.76
12,Weekday,Queens,Sunnyside,5.63
12,Weekday,Queens,Astoria,4.63
12,Weekday,Brooklyn,Prospect-Lefferts Gardens,4.63
12,Weekday,Brooklyn,Brooklyn Heights,4.41
12,Weekday,Brooklyn,Canarsie,4.37
12,Weekday,Manhattan,Alphabet City,4.31
12,Weekday,Brooklyn,Downtown Brooklyn/MetroTech,4.05
12,Weekday,Manhattan,Hamilton Heights,3.95
12,Weekday,Brooklyn,Boerum Hill,3.73
12,Weekday,Brooklyn,Brownsville,3.66
12,Weekday,Manhattan,Manhattanville,3.53
12,Weekday,Brooklyn,Fort Greene,3.53
12,Weekday,Queens,Long Island City/Hunters Point,3.47
12,Weekday,Brooklyn,Flatbush/Ditmas Park,3.45
12,Weekday,Queens,Long Island City/Queens Plaza,3.38
12,Weekday,Brooklyn,East Flatbush/Remsen Village,3.34
12,Weekday,Queens,South Ozone Park,3.28
12,Weekday,Queens,Jamaica,3.27
12,Weekday,Brooklyn,Coney Island,3.25
12,Weekday,Brooklyn,East Flatbush/Farragut,3.13
12,Weekday,Brooklyn,Park Slope,3.13
12,Weekday,Manhattan,Battery Park,2.96
12,Weekday,Brooklyn,Bushwick South,2.86
12,Weekday,Queens,Richmond Hill,2.74
12,Weekday,Brooklyn,Stuyvesant Heights,2.71
12,Weekday,Brooklyn,Bedford,2.71
12,Weekday,Queens,Old Astoria,2.7
12,Weekday,Queens,Jackson Heights,2.69
12,Weekday,Queens,Forest Hills,2.58
12,Weekday,Bronx,Mott Haven/Port Morris,2.56
12,Weekday,Brooklyn,Crown Heights South,2.55
12,Weekday,Brooklyn,Clinton Hill,2.55
12,Weekday,Brooklyn,Borough Park,2.51
12,Weekday,Brooklyn,DUMBO/Vinegar Hill,2.39
12,Weekday,Queens,South Jamaica,2.36
12,Weekday,Brooklyn,Flatlands,2.36
12,Weekday,Brooklyn,Bay Ridge,2.25
12,Weekday,Brooklyn,Marine Park/Mill Basin,2.24
12,Weekday,Brooklyn,Ocean Hill,2.2
12,Weekday,Brooklyn,Homecrest,2.18
12,Weekday,Brooklyn,Midwood,2.12
12,Weekday,Queens,Steinway,2.08
12,Weekday,Brooklyn,Erasmus,2.06
12,Weekday,Queens,Kew Gardens,2.04
12,Weekday,Manhattan,Washington Heights North,2.02
12,Weekday,Queens,Elmhurst,2.0
12,Weekday,Bronx,East Concourse/Concourse Village,1.94
12,Weekday,Brooklyn,Starrett City,1.91
12,Weekday,Brooklyn,Sunset Park West,1.88
12,Weekday,Bronx,West Concourse,1.87
12,Weekday,Queens,Queensbridge/Ravenswood,1.87
12,Weekday,Brooklyn,Cobble Hill,1.83
12,Weekday,Brooklyn,Bensonhurst West,1.81
12,Weekday,Queens,Saint Albans,1.79
12,Weekday,Queens,Woodside,1.77
12,Weekday,Brooklyn,Cypress Hills,1.76
12,Weekday,Brooklyn,Greenpoint,1.74
12,Weekday,Brooklyn,Prospect Heights,1.72
12,Weekday,Brooklyn,Williamsburg (South Side),1.72
12,Weekday,Brooklyn,Sheepshead Bay,1.71
12,Weekday,Queens,Baisley Park,1.7
12,Weekday,Brooklyn,East New York/Pennsylvania Avenue,1.7
12,Weekday,Queens,Jamaica Estates,1.68
12,Weekday,Bronx,Williamsbridge/Olinville,1.67
12,Weekday,Bronx,Co-Op City,1.66
12,Weekday,Bronx,Highbridge,1.65
12,Weekday,Brooklyn,Williamsburg (North Side),1.62
12,Weekday,Queens,Briarwood/Jamaica Hills,1.6
12,Weekday,Brooklyn,Kensington,1.58
12,Weekday,Bronx,Crotona Park East,1.57
12,Weekday,Brooklyn,South Williamsburg,1.57
12,Weekday,Brooklyn,Brighton Beach,1.56
12,Weekday,Queens,Rego Park,1.56
12,Weekday,Bronx,Spuyten Duyvil/Kingsbridge,1.55
12,Weekday,Bronx,Woodlawn/Wakefield,1.55
12,Weekday,Bronx,Morrisania/Melrose,1.55
12,Weekday,Queens,Hillcrest/Pomonok,1.54
12,Weekday,Bronx,Van Nest/Morris Park,1.54
12,Weekday,Brooklyn,Sunset Park East,1.53
12,Weekday,Bronx,Parkchester,1.53
12,Weekday,Queens,Flushing,1.52
12,Weekday,Brooklyn,Madison,1.52
12,Weekday,Queens,Woodhaven,1.52
12,Weekday,Queens,Kew Gardens Hills,1.5
12,Weekday,Queens,Glendale,1.5
12,Weekday,Brooklyn,Bushwick North,1.49
12,Weekday,Queens,Far Rockaway,1.48
12,Weekday,Bronx,West Farms/Bronx River,1.48
12,Weekday,N/A,Outside of NYC,1.48
12,Weekday,Brooklyn,East Williamsburg,1.47
12,Weekday,Queens,Springfield Gardens North,1.47
12,Weekday,Bronx,University Heights/Morris Heights,1.46
12,Weekday,Bronx,Mount Hope,1.46
12,Weekday,Queens,Ridgewood,1.46
12,Weekday,Queens,Corona,1.45
12,Weekday,Brooklyn,Carroll Gardens,1.45
12,Weekday,Bronx,Melrose South,1.44
12,Weekday,Brooklyn,Gravesend,1.44
12,Weekday,Queens,Howard Beach,1.4
12,Weekday,Brooklyn,Bensonhurst East,1.4
12,Weekday,Queens,Maspeth,1.39
12,Weekday,Brooklyn,Gowanus,1.39
12,Weekday,Bronx,Soundview/Castle Hill,1.38
12,Weekday,Bronx,Norwood,1.38
12,Weekday,Bronx,Bedford Park,1.38
12,Weekday,Brooklyn,Dyker Heights,1.37
12,Weekday,Queens,Springfield Gardens South,1.37
12,Weekday,Bronx,Van Cortlandt Village,1.36
12,Weekday,Queens,Hammels/Arverne,1.36
12,Weekday,Bronx,Belmont,1.35
12,Weekday,Queens,Flushing Meadows-Corona Park,1.33
12,Weekday,Queens,Elmhurst/Maspeth,1.33
12,Weekday,Bronx,Claremont/Bathgate,1.33
12,Weekday,Queens,Middle Village,1.33
12,Weekday,Bronx,Westchester Village/Unionport,1.32
12,Weekday,Bronx,Kingsbridge Heights,1.31
12,Weekday,Manhattan,Inwood,1.31
12,Weekday,Bronx,Schuylerville/Edgewater Park,1.3
12,Weekday,Bronx,Longwood,1.3
12,Weekday,Queens,Auburndale,1.3
12,Weekday,Brooklyn,Windsor Terrace,1.29
12,Weekday,Manhattan,Randalls Island,1.29
12,Weekday,Bronx,East Tremont,1.28
12,Weekday,Queens,Hollis,1.28
12,Weekday,Queens,Cambria Heights,1.28
12,Weekday,Bronx,Eastchester,1.27
12,Weekday,Queens,Queens Village,1.26
12,Weekday,Queens,Ozone Park,1.26
12,Weekday,Manhattan,Roosevelt Island,1.26
12,Weekday,Queens,Fresh Meadows,1.25
12,Weekday,Queens,Laurelton,1.25
12,Weekday,Brooklyn,Marine Park/Floyd Bennett Field,1.25
12,Weekday,Queens,Rockaway Park,1.23
12,Weekday,Bronx,Fordham South,1.22
12,Weekday,Bronx,Bronxdale,1.22
12,Weekday,Brooklyn,Red Hook,1.2
12,Weekday,Queens,Oakland Gardens,1.2
12,Weekday,Queens,Rosedale,1.2
12,Weekday,Bronx,Hunts Point,1.18
12,Weekday,Queens,Bayside,1.18
12,Weekday,Bronx,Riverdale/North Riverdale/Fieldston,1.17
12,Weekday,Brooklyn,Ocean Parkway South,1.16
12,Weekday,Bronx,Allerton/Pelham Gardens,1.16
12,Weekday,Queens,North Corona,1.15
12,Weekday,Bronx,Soundview/Bruckner,1.15
12,Weekday,Brooklyn,Prospect Park,1.14
12,Weekday,Brooklyn,Brooklyn Navy Yard,1.14
12,Weekday,Brooklyn,Bath Beach,1.13
12,Weekday,Queens,Bellerose,1.12
12,Weekday,Bronx,Pelham Parkway,1.11
12,Weekday,Queens,Murray Hill-Queens,1.1
12,Weekday,Queens,Saint Michaels Cemetery/Woodside,1.08
12,Weekday,Queens,College Point,1.08
12,Weekday,Brooklyn,Columbia Street,1.08
12,Weekday,Brooklyn,Manhattan Beach,1.06
12,Weekday,Queens,Queensboro Hill,1.06
12,Weekday,Queens,Glen Oaks,1.05
12,Weekday,Queens,Astoria Park,1.0
12,Weekday,Queens,Broad Channel,1.0
12,Weekday,Manhattan,Highbridge Park,1.0
12,Weekday,Bronx,Pelham Bay Park,1.0
12,Weekday,Staten Island,Arrochar/Fort Wadsworth,1.0
12,Weekday,EWR,Newark Airport,1.0
12,Weekday,Staten Island,Heartland Village/Todt Hill,1.0
12,Weekday,Queens,East Flushing,1.0
12,Weekday,Queens,Douglaston,1.0
12,Weekday,Staten Island,Stapleton,1.0
12,Weekday,Bronx,Bronx Park,1.0
12,Weekday,Queens,Forest Park/Highland Park,1.0
12,Weekday,Staten Island,Bloomfield/Emerson Hill,1.0
12,Weekday,Manhattan,Inwood Hill Park,1.0
12,Weekday,Manhattan,Marble Hill,1.0
12,Weekday,Queens,Willets Point,1.0
12,Weekday,Staten Island,South Beach/Dongan Hills,1.0
12,Weekday,Bronx,Van Cortlandt Park,1.0
12,Weekday,Staten Island,Grymes Hill/Clifton,1.0
12,Weekday,Bronx,Pelham Bay,1.0
12,Weekday,Bronx,City Island,1.0
12,Weekday,Queens,Bay Terrace/Fort Totten,1.0
12,Weekday,Queens,Whitestone,1.0
12,Weekday,Bronx,Country Club,1.0
13,Weekday,Manhattan,Upper East Side South,373.97
13,Weekday,Manhattan,Upper East Side North,341.25
13,Weekday,Manhattan,Midtown Center,338.27
13,Weekday,Manhattan,Penn Station/Madison Sq West,224.98
13,Weekday,Manhattan,Midtown East,218.02
13,Weekday,Queens,LaGuardia Airport,196.48
13,Weekday,Manhattan,Murray Hill,191.08
13,Weekday,Manhattan,Midtown North,189.44
13,Weekday,Manhattan,Upper West Side South,183.95
13,Weekday,Manhattan,Lincoln Square East,182.05
13,Weekday,Manhattan,Lenox Hill East,172.3
13,Weekday,Queens,JFK Airport,170.56
13,Weekday,Manhattan,East Chelsea,161.94
13,Weekday,Manhattan,Times Sq/Theatre District,161.42
13,Weekday,Manhattan,Union Sq,160.41
13,Weekday,Manhattan,Lenox Hill West,156.3
13,Weekday,Manhattan,Upper West Side North,132.64
13,Weekday,Manhattan,Midtown South,127.2
13,Weekday,Manhattan,Central Park,112.16
13,Weekday,Manhattan,Sutton Place/Turtle Bay North,109.86
13,Weekday,Manhattan,Yorkville West,108.61
13,Weekday,Manhattan,West Chelsea/Hudson Yards,104.41
13,Weekday,Manhattan,Gramercy,99.22
13,Weekday,Manhattan,Clinton East,92.72
13,Weekday,Manhattan,Yorkville East,92.0
13,Weekday,Manhattan,Garment District,81.97
13,Weekday,Manhattan,UN/Turtle Bay South,76.97
13,Weekday,Manhattan,Flatiron,75.56
13,Weekday,Manhattan,Lincoln Square West,73.59
13,Weekday,Manhattan,Greenwich Village North,72.92
13,Weekday,Manhattan,TriBeCa/Civic Center,71.14
13,Weekday,Manhattan,Kips Bay,66.8
13,Weekday,Manhattan,West Village,65.78
13,Weekday,Manhattan,East Village,62.45
13,Weekday,Manhattan,Manhattan Valley,57.44
13,Weekday,Manhattan,East Harlem South,50.22
13,Weekday,Manhattan,Little Italy/NoLiTa,44.58
13,Weekday,Manhattan,Battery Park City,42.08
13,Weekday,Manhattan,Greenwich Village South,40.98
13,Weekday,Manhattan,SoHo,35.88
13,Weekday,Manhattan,Morningside Heights,35.48
13,Weekday,Manhattan,World Trade Center,35.3
13,Weekday,Manhattan,Meatpacking/West Village West,32.25
13,Weekday,Manhattan,Clinton West,30.05
13,Weekday,Manhattan,Financial District North,27.03
13,Weekday,Manhattan,Hudson Sq,25.63
13,Weekday,Manhattan,Lower East Side,23.34
13,Weekday,Queens,East Elmhurst,18.58
13,Weekday,Manhattan,Financial District South,17.58
13,Weekday,Manhattan,Central Harlem,17.58
13,Weekday,Manhattan,Bloomingdale,16.3
13,Weekday,Manhattan,East Harlem North,15.8
13,Weekday,Unknown,N/A,13.56
13,Weekday,Manhattan,Chinatown,9.08
13,Weekday,Manhattan,Central Harlem North,8.84
13,Weekday,Manhattan,Stuy Town/Peter Cooper Village,7.75
13,Weekday,Manhattan,Seaport,7.55
13,Weekday,Manhattan,Washington Heights South,7.1
13,Weekday,Brooklyn,Crown Heights North,6.73
13,Weekday,Manhattan,Two Bridges/Seward Park,6.55
13,Weekday,Queens,Sunnyside,6.34
13,Weekday,Brooklyn,East New York,5.23
13,Weekday,Queens,Jamaica,5.13
13,Weekday,Manhattan,Hamilton Heights,4.97
13,Weekday,Manhattan,Manhattanville,4.92
13,Weekday,Queens,Astoria,4.69
13,Weekday,Brooklyn,Downtown Brooklyn/MetroTech,4.69
13,Weekday,Manhattan,Alphabet City,4.56
13,Weekday,Queens,South Ozone Park,4.28
13,Weekday,Brooklyn,Prospect-Lefferts Gardens,4.21
13,Weekday,Brooklyn,Flatbush/Ditmas Park,4.15
13,Weekday,Brooklyn,Brooklyn Heights,4.08
13,Weekday,Queens,Long Island City/Hunters Point,3.93
13,Weekday,Brooklyn,Fort Greene,3.88
13,Weekday,Queens,Richmond Hill,3.7
13,Weekday,Manhattan,Battery Park,3.7
13,Weekday,Brooklyn,Canarsie,3.47
13,Weekday,Brooklyn,Boerum Hill,3.44
13,Weekday,Brooklyn,East Flatbush/Remsen Village,3.41
13,Weekday,Brooklyn,Brownsville,3.27
13,Weekday,Brooklyn,DUMBO/Vinegar Hill,3.2
13,Weekday,Brooklyn,Flatlands,3.19
13,Weekday,Brooklyn,Park Slope,3.0
13,Weekday,Queens,Long Island City/Queens Plaza,3.0
13,Weekday,Queens,Forest Hills,3.0
13,Weekday,Brooklyn,Bedford,2.95
13,Weekday,Brooklyn,East Flatbush/Farragut,2.89
13,Weekday,Queens,Old Astoria,2.77
13,Weekday,Brooklyn,Crown Heights South,2.71
13,Weekday,Queens,Baisley Park,2.61
13,Weekday,Brooklyn,Stuyvesant Heights,2.61
13,Weekday,Queens,Jackson Heights,2.54
13,Weekday,Brooklyn,Bushwick South,2.52
13,Weekday,Bronx,Mott Haven/Port Morris,2.49
13,Weekday,Queens,Woodside,2.49
13,Weekday,Brooklyn,Marine Park/Mill Basin,2.38
13,Weekday,Queens,South Jamaica,2.36
13,Weekday,Brooklyn,Clinton Hill,2.28
13,Weekday,Brooklyn,Borough Park,2.25
13,Weekday,Manhattan,Washington Heights North,2.18
13,Weekday,Brooklyn,Ocean Hill,2.16
13,Weekday,Brooklyn,Midwood,2.09
13,Weekday,Bronx,West Concourse,2.09
13,Weekday,Brooklyn,Coney Island,2.06
13,Weekday,Brooklyn,Bay Ridge,2.06
13,Weekday,Queens,Queensbridge/Ravenswood,2.05
13,Weekday,Brooklyn,Homecrest,2.04
13,Weekday,Queens,Elmhurst,2.0
13,Weekday,Bronx,Melrose South,1.94
13,Weekday,Queens,Saint Albans,1.92
13,Weekday,Brooklyn,Erasmus,1.92
13,Weekday,Queens,Ridgewood,1.91
13,Weekday,Brooklyn,Williamsburg (South Side),1.9
13,Weekday,Queens,Steinway,1.9
13,Weekday,Brooklyn,East New York/Pennsylvania Avenue,1.86
13,Weekday,Queens,Corona,1.85
13,Weekday,Queens,Woodhaven,1.82
13,Weekday,Brooklyn,East Williamsburg,1.81
13,Weekday,Queens,Hillcrest/Pomonok,1.79
13,Weekday,Bronx,East Concourse/Concourse Village,1.79
13,Weekday,Queens,Rego Park,1.79
13,Weekday,Queens,Elmhurst/Maspeth,1.78
13,Weekday,Brooklyn,Greenpoint,1.78
13,Weekday,Queens,Far Rockaway,1.78
13,Weekday,Brooklyn,Cypress Hills,1.76
13,Weekday,Brooklyn,Sunset Park West,1.74
13,Weekday,Queens,Jamaica Estates,1.72
13,Weekday,Bronx,Morrisania/Melrose,1.72
13,Weekday,Brooklyn,Starrett City,1.71
13,Weekday,Queens,Kew Gardens,1.71
13,Weekday,Brooklyn,Sunset Park East,1.7
13,Weekday,Brooklyn,Bensonhurst West,1.68
13,Weekday,Brooklyn,Sheepshead Bay,1.68
13,Weekday,Brooklyn,Prospect Heights,1.67
13,Weekday,Brooklyn,Kensington,1.67
13,Weekday,Bronx,Williamsbridge/Olinville,1.66
13,Weekday,Queens,Briarwood/Jamaica Hills,1.66
13,Weekday,Queens,Springfield Gardens North,1.65
13,Weekday,Bronx,East Tremont,1.63
13,Weekday,Brooklyn,Williamsburg (North Side),1.62
13,Weekday,Bronx,Schuylerville/Edgewater Park,1.61
13,Weekday,Bronx,Mount Hope,1.61
13,Weekday,Queens,Maspeth,1.59
13,Weekday,Brooklyn,South Williamsburg,1.59
13,Weekday,Queens,Queens Village,1.59
13,Weekday,Bronx,Soundview/Castle Hill,1.57
13,Weekday,Queens,Springfield Gardens South,1.56
13,Weekday,Bronx,Norwood,1.55
13,Weekday,Queens,Ozone Park,1.54
13,Weekday,Brooklyn,Red Hook,1.54
13,Weekday,Bronx,Co-Op City,1.54
13,Weekday,Brooklyn,Brooklyn Navy Yard,1.53
13,Weekday,Brooklyn,Bushwick North,1.52
13,Weekday,Brooklyn,Gravesend,1.52
13,Weekday,Bronx,Woodlawn/Wakefield,1.52
13,Weekday,Brooklyn,Carroll Gardens,1.5
13,Weekday,Bronx,Highbridge,1.5
13,Weekday,Brooklyn,Cobble Hill,1.49
13,Weekday,Bronx,Eastchester,1.48
13,Weekday,Bronx,Spuyten Duyvil/Kingsbridge,1.47
13,Weekday,Bronx,Parkchester,1.46
13,Weekday,Bronx,Crotona Park East,1.44
13,Weekday,Brooklyn,Gowanus,1.44
13,Weekday,Bronx,Bedford Park,1.43
13,Weekday,Brooklyn,Madison,1.43
13,Weekday,Queens,Middle Village,1.42
13,Weekday,Queens,Kew Gardens Hills,1.42
13,Weekday,Bronx,Soundview/Bruckner,1.42
13,Weekday,Bronx,Van Nest/Morris Park,1.39
13,Weekday,Bronx,University Heights/Morris Heights,1.38
13,Weekday,Manhattan,Randalls Island,1.38
13,Weekday,Queens,Glen Oaks,1.38
13,Weekday,Manhattan,Inwood,1.37
13,Weekday,Bronx,Kingsbridge Heights,1.37
13,Weekday,Bronx,Pelham Parkway,1.37
13,Weekday,Queens,Flushing,1.36
13,Weekday,Brooklyn,Bensonhurst East,1.34
13,Weekday,N/A,Outside of NYC,1.33
13,Weekday,Bronx,Westchester Village/Unionport,1.33
13,Weekday,Staten Island,Bloomfield/Emerson Hill,1.33
13,Weekday,Bronx,Riverdale/North Riverdale/Fieldston,1.31
13,Weekday,Bronx,Van Cortlandt Village,1.31
13,Weekday,Queens,Glendale,1.31
13,Weekday,Bronx,Claremont/Bathgate,1.31
13,Weekday,Queens,Laurelton,1.3
13,Weekday,Queens,Flushing Meadows-Corona Park,1.29
13,Weekday,Bronx,Hunts Point,1.29
13,Weekday,Bronx,West Farms/Bronx River,1.28
13,Weekday,Queens,Auburndale,1.27
13,Weekday,Queens,Hammels/Arverne,1.27
13,Weekday,Bronx,Fordham South,1.26
13,Weekday,Queens,Whitestone,1.26
13,Weekday,Brooklyn,Dyker Heights,1.26
13,Weekday,Brooklyn,Bath Beach,1.26
13,Weekday,Queens,Rosedale,1.25
13,Weekday,Queens,Cambria Heights,1.24
13,Weekday,Brooklyn,Columbia Street,1.23
13,Weekday,Bronx,Longwood,1.23
13,Weekday,Queens,North Corona,1.22
13,Weekday,Queens,Howard Beach,1.22
13,Weekday,Queens,Oakland Gardens,1.21
13,Weekday,Bronx,Pelham Bay,1.21
13,Weekday,Queens,Rockaway Park,1.2
13,Weekday,Brooklyn,Brighton Beach,1.2
13,Weekday,Queens,Hollis,1.2
13,Weekday,Bronx,Bronxdale,1.19
13,Weekday,Brooklyn,Windsor Terrace,1.18
13,Weekday,Queens,Bellerose,1.17
13,Weekday,Bronx,Belmont,1.16
13,Weekday,Brooklyn,Prospect Park,1.15
13,Weekday,Manhattan,Roosevelt Island,1.14
13,Weekday,Queens,Bay Terrace/Fort Totten,1.14
13,Weekday,Queens,Saint Michaels Cemetery/Woodside,1.13
13,Weekday,Brooklyn,Manhattan Beach,1.11
13,Weekday,Staten Island,Arrochar/Fort Wadsworth,1.1
13,Weekday,Bronx,Allerton/Pelham Gardens,1.1
13,Weekday,Queens,College Point,1.09
13,Weekday,Manhattan,Marble Hill,1.08
13,Weekday,Queens,Bayside,1.07
13,Weekday,Queens,Murray Hill-Queens,1.07
13,Weekday,Staten Island,Westerleigh,1.0
13,Weekday,Queens,Douglaston,1.0
13,Weekday,Bronx,Crotona Park,1.0
13,Weekday,Staten Island,Stapleton,1.0
13,Weekday,Staten Island,Arden Heights,1.0
13,Weekday,Queens,East Flushing,1.0
13,Weekday,Staten Island,West Brighton,1.0
13,Weekday,Staten Island,Great Kills,1.0
13,Weekday,Queens,Queensboro Hill,1.0
13,Weekday,Bronx,Van Cortlandt Park,1.0
13,Weekday,Manhattan,Inwood Hill Park,1.0
13,Weekday,Queens,Broad Channel,1.0
13,Weekday,Bronx,Bronx Park,1.0
13,Weekday,Queens,Astoria Park,1.0
13,Weekday,Queens,Fresh Meadows,1.0
13,Weekday,Brooklyn,Green-Wood Cemetery,1.0
13,Weekday,Brooklyn,Marine Park/Floyd Bennett Field,1.0
13,Weekday,EWR,Newark Airport,1.0
13,Weekday,Queens,Forest Park/Highland Park,1.0
13,Weekday,Queens,Willets Point,1.0
13,Weekday,Brooklyn,Ocean Parkway South,1.0
13,Weekday,Staten Island,South Beach/Dongan Hills,1.0
13,Weekday,Bronx,City Island,1.0
14,Weekday,Manhattan,Upper East Side South,436.69
14,Weekday,Manhattan,Midtown Center,379.09
14,Weekday,Manhattan,Upper East Side North,371.0
14,Weekday,Queens,JFK Airport,254.44
14,Weekday,Queens,LaGuardia Airport,246.47
14,Weekday,Manhattan,Midtown East,237.97
14,Weekday,Manhattan,Midtown North,203.56
14,Weekday,Manhattan,Murray Hill,202.25
14,Weekday,Manhattan,Lincoln Square East,201.72
14,Weekday,Manhattan,Upper West Side South,197.19
14,Weekday,Manhattan,Lenox Hill East,196.97
14,Weekday,Manhattan,Union Sq,181.17
14,Weekday,Manhattan,Penn Station/Madison Sq West,177.0
14,Weekday,Manhattan,Times Sq/Theatre District,173.09
14,Weekday,Manhattan,Lenox Hill West,167.66
14,Weekday,Manhattan,East Chelsea,163.58
14,Weekday,Manhattan,Upper West Side North,143.61
14,Weekday,Manhattan,Midtown South,134.66
14,Weekday,Manhattan,Central Park,128.05
14,Weekday,Manhattan,West Chelsea/Hudson Yards,124.42
14,Weekday,Manhattan,Yorkville West,118.08
14,Weekday,Manhattan,Gramercy,106.91
14,Weekday,Manhattan,Sutton Place/Turtle Bay North,103.73
14,Weekday,Manhattan,Clinton East,100.42
14,Weekday,Manhattan,Yorkville East,89.39
14,Weekday,Manhattan,Garment District,88.22
14,Weekday,Manhattan,Flatiron,80.77
14,Weekday,Manhattan,Lincoln Square West,79.88
14,Weekday,Manhattan,Greenwich Village North,78.89
14,Weekday,Manhattan,TriBeCa/Civic Center,78.38
14,Weekday,Manhattan,UN/Turtle Bay South,77.17
14,Weekday,Manhattan,West Village,73.27
14,Weekday,Manhattan,Kips Bay,73.25
14,Weekday,Manhattan,East Village,65.25
14,Weekday,Manhattan,East Harlem South,58.66
14,Weekday,Manhattan,Manhattan Valley,55.44
14,Weekday,Manhattan,Little Italy/NoLiTa,51.98
14,Weekday,Manhattan,Battery Park City,45.06
14,Weekday,Manhattan,SoHo,44.86
14,Weekday,Manhattan,Greenwich Village South,44.59
14,Weekday,Manhattan,World Trade Center,39.02
14,Weekday,Manhattan,Meatpacking/West Village West,38.14
14,Weekday,Manhattan,Morningside Heights,36.42
14,Weekday,Manhattan,Clinton West,32.41
14,Weekday,Manhattan,Hudson Sq,26.3
14,Weekday,Manhattan,Lower East Side,25.84
14,Weekday,Manhattan,Financial District North,25.55
14,Weekday,Queens,East Elmhurst,23.55
14,Weekday,Manhattan,Financial District South,20.5
14,Weekday,Manhattan,East Harlem North,19.58
14,Weekday,Manhattan,Central Harlem,18.5
14,Weekday,Manhattan,Bloomingdale,17.7
14,Weekday,Unknown,N/A,16.92
14,Weekday,Manhattan,Chinatown,10.59
14,Weekday,Manhattan,Central Harlem North,10.14
14,Weekday,Manhattan,Seaport,8.7
14,Weekday,Manhattan,Washington Heights South,8.0
14,Weekday,Queens,Sunnyside,7.63
14,Weekday,Queens,Jamaica,6.53
14,Weekday,Brooklyn,Crown Heights North,6.46
14,Weekday,Manhattan,Stuy Town/Peter Cooper Village,6.39
14,Weekday,Manhattan,Two Bridges/Seward Park,6.23
14,Weekday,Brooklyn,East New York,6.15
14,Weekday,Manhattan,Hamilton Heights,5.33
14,Weekday,Queens,Astoria,5.27
14,Weekday,Manhattan,Manhattanville,5.08
14,Weekday,Brooklyn,Prospect-Lefferts Gardens,5.07
14,Weekday,Manhattan,Alphabet City,4.79
14,Weekday,Brooklyn,Downtown Brooklyn/MetroTech,4.59
14,Weekday,Queens,Long Island City/Hunters Point,4.3
14,Weekday,Queens,South Ozone Park,4.23
14,Weekday,Queens,Richmond Hill,4.13
14,Weekday,Brooklyn,Flatbush/Ditmas Park,4.03
14,Weekday,Brooklyn,Brooklyn Heights,3.87
14,Weekday,Manhattan,Battery Park,3.84
14,Weekday,Brooklyn,Canarsie,3.8
14,Weekday,Brooklyn,Fort Greene,3.78
14,Weekday,Queens,Jackson Heights,3.71
14,Weekday,Brooklyn,East Flatbush/Remsen Village,3.62
14,Weekday,Brooklyn,Bedford,3.59
14,Weekday,Brooklyn,Park Slope,3.51
14,Weekday,Brooklyn,Boerum Hill,3.46
14,Weekday,Brooklyn,DUMBO/Vinegar Hill,3.45
14,Weekday,Bronx,Mott Haven/Port Morris,3.3
14,Weekday,Brooklyn,Brownsville,3.25
14,Weekday,Queens,Long Island City/Queens Plaza,3.24
14,Weekday,Brooklyn,Flatlands,3.2
14,Weekday,Queens,Forest Hills,3.1
14,Weekday,Manhattan,Washington Heights North,3.02
14,Weekday,Queens,Saint Albans,2.92
14,Weekday,Queens,Old Astoria,2.89
14,Weekday,Queens,Baisley Park,2.87
14,Weekday,Brooklyn,Stuyvesant Heights,2.86
14,Weekday,Queens,South Jamaica,2.76
14,Weekday,Brooklyn,Borough Park,2.75
14,Weekday,Queens,Elmhurst,2.66
14,Weekday,Brooklyn,Ocean Hill,2.65
14,Weekday,Brooklyn,Clinton Hill,2.63
14,Weekday,Brooklyn,East Flatbush/Farragut,2.63
14,Weekday,Brooklyn,Crown Heights South,2.57
14,Weekday,Queens,Woodside,2.53
14,Weekday,Brooklyn,Bushwick South,2.48
14,Weekday,Bronx,Melrose South,2.48
14,Weekday,Brooklyn,Sheepshead Bay,2.22
14,Weekday,Queens,Briarwood/Jamaica Hills,2.21
14,Weekday,Brooklyn,East Williamsburg,2.2
14,Weekday,Queens,North Corona,2.19
14,Weekday,Brooklyn,Sunset Park West,2.18
14,Weekday,Brooklyn,Bay Ridge,2.18
14,Weekday,Queens,Queensbridge/Ravenswood,2.15
14,Weekday,Bronx,Williamsbridge/Olinville,2.15
14,Weekday,Queens,Corona,2.11
14,Weekday,Brooklyn,East New York/Pennsylvania Avenue,2.1
14,Weekday,Queens,Queens Village,2.1
14,Weekday,Brooklyn,Erasmus,2.09
14,Weekday,Brooklyn,Midwood,2.06
14,Weekday,Brooklyn,Homecrest,2.05
14,Weekday,Brooklyn,Greenpoint,2.03
14,Weekday,Bronx,Mount Hope,2.02
14,Weekday,Brooklyn,Williamsburg (South Side),2.02
14,Weekday,Queens,Maspeth,2.0
14,Weekday,Brooklyn,Marine Park/Mill Basin,1.98
14,Weekday,Brooklyn,Prospect Heights,1.94
14,Weekday,Bronx,West Concourse,1.94
14,Weekday,Brooklyn,Coney Island,1.93
14,Weekday,Queens,Woodhaven,1.93
14,Weekday,Bronx,East Concourse/Concourse Village,1.92
14,Weekday,Bronx,Morrisania/Melrose,1.92
14,Weekday,Queens,Steinway,1.91
14,Weekday,Queens,Rego Park,1.89
14,Weekday,Queens,Springfield Gardens North,1.87
14,Weekday,Queens,Kew Gardens,1.84
14,Weekday,Queens,Flushing,1.81
14,Weekday,Queens,Far Rockaway,1.79
14,Weekday,Brooklyn,Cypress Hills,1.78
14,Weekday,Brooklyn,Cobble Hill,1.78
14,Weekday,Bronx,Soundview/Castle Hill,1.78
14,Weekday,Manhattan,Inwood,1.76
14,Weekday,Queens,Springfield Gardens South,1.75
14,Weekday,Queens,Kew Gardens Hills,1.73
14,Weekday,Queens,Elmhurst/Maspeth,1.72
14,Weekday,Bronx,Bedford Park,1.71
14,Weekday,Brooklyn,Williamsburg (North Side),1.7
14,Weekday,Bronx,Van Nest/Morris Park,1.7
14,Weekday,Bronx,Bronxdale,1.68
14,Weekday,Brooklyn,Brighton Beach,1.67
14,Weekday,Brooklyn,Bensonhurst East,1.64
14,Weekday,Queens,Ozone Park,1.63
14,Weekday,Queens,Ridgewood,1.63
14,Weekday,Brooklyn,Bushwick North,1.62
14,Weekday,Bronx,Belmont,1.61
14,Weekday,Brooklyn,Carroll Gardens,1.6
14,Weekday,Bronx,Parkchester,1.6
14,Weekday,Brooklyn,Gravesend,1.6
14,Weekday,Brooklyn,Bensonhurst West,1.59
14,Weekday,Brooklyn,Gowanus,1.59
14,Weekday,Queens,Hillcrest/Pomonok,1.59
14,Weekday,Brooklyn,South Williamsburg,1.58
14,Weekday,Bronx,Claremont/Bathgate,1.56
14,Weekday,Brooklyn,Starrett City,1.5
14,Weekday,Bronx,Soundview/Bruckner,1.5
14,Weekday,Bronx,Hunts Point,1.5
14,Weekday,Bronx,West Farms/Bronx River,1.5
14,Weekday,Bronx,East Tremont,1.5
14,Weekday,Bronx,Eastchester,1.48
14,Weekday,Bronx,Co-Op City,1.48
14,Weekday,Queens,Flushing Meadows-Corona Park,1.48
14,Weekday,Bronx,Spuyten Duyvil/Kingsbridge,1.48
14,Weekday,Queens,Queensboro Hill,1.47
14,Weekday,Bronx,Norwood,1.46
14,Weekday,Queens,Jamaica Estates,1.45
14,Weekday,Queens,Whitestone,1.44
14,Weekday,Bronx,Allerton/Pelham Gardens,1.44
14,Weekday,Queens,Middle Village,1.44
14,Weekday,Brooklyn,Kensington,1.43
14,Weekday,Brooklyn,Windsor Terrace,1.43
14,Weekday,Queens,Bayside,1.43
14,Weekday,Queens,Howard Beach,1.42
14,Weekday,Brooklyn,Sunset Park East,1.42
14,Weekday,Bronx,Westchester Village/Unionport,1.42
14,Weekday,Bronx,University Heights/Morris Heights,1.39
14,Weekday,Brooklyn,Dyker Heights,1.38
14,Weekday,Brooklyn,Manhattan Beach,1.36
14,Weekday,Bronx,Longwood,1.36
14,Weekday,Bronx,Van Cortlandt Village,1.35
14,Weekday,N/A,Outside of NYC,1.34
14,Weekday,Brooklyn,Red Hook,1.33
14,Weekday,Queens,Glen Oaks,1.33
14,Weekday,Bronx,Pelham Parkway,1.33
14,Weekday,Queens,Hammels/Arverne,1.32
14,Weekday,Queens,Laurelton,1.32
14,Weekday,Queens,Bellerose,1.32
14,Weekday,Bronx,Kingsbridge Heights,1.32
14,Weekday,Bronx,Crotona Park East,1.31
14,Weekday,Queens,Cambria Heights,1.31
14,Weekday,Bronx,Woodlawn/Wakefield,1.3
14,Weekday,Queens,Fresh Meadows,1.26
14,Weekday,Bronx,Bronx Park,1.25
14,Weekday,Brooklyn,Madison,1.25
14,Weekday,Queens,Glendale,1.25
14,Weekday,Brooklyn,Bath Beach,1.25
14,Weekday,Bronx,Highbridge,1.23
14,Weekday,Bronx,Schuylerville/Edgewater Park,1.22
14,Weekday,Queens,Murray Hill-Queens,1.22
14,Weekday,Queens,College Point,1.21
14,Weekday,Queens,Saint Michaels Cemetery/Woodside,1.2
14,Weekday,Queens,Auburndale,1.18
14,Weekday,Brooklyn,Ocean Parkway South,1.18
14,Weekday,Brooklyn,Brooklyn Navy Yard,1.17
14,Weekday,Staten Island,Arrochar/Fort Wadsworth,1.15
14,Weekday,Queens,Douglaston,1.14
14,Weekday,Manhattan,Randalls Island,1.13
14,Weekday,Bronx,Riverdale/North Riverdale/Fieldston,1.13
14,Weekday,Bronx,Pelham Bay,1.13
14,Weekday,Bronx,Fordham South,1.13
14,Weekday,Manhattan,Marble Hill,1.13
14,Weekday,Queens,Rockaway Park,1.11
14,Weekday,Queens,Oakland Gardens,1.1
14,Weekday,Brooklyn,Prospect Park,1.09
14,Weekday,Queens,Hollis,1.08
14,Weekday,Queens,Rosedale,1.08
14,Weekday,Queens,Bay Terrace/Fort Totten,1.07
14,Weekday,Staten Island,Heartland Village/Todt Hill,1.0
14,Weekday,Queens,Forest Park/Highland Park,1.0
14,Weekday,Staten Island,New Dorp/Midland Beach,1.0
14,Weekday,Manhattan,Inwood Hill Park,1.0
14,Weekday,Queens,Willets Point,1.0
14,Weekday,Bronx,Pelham Bay Park,1.0
14,Weekday,Brooklyn,Columbia Street,1.0
14,Weekday,Queens,Broad Channel,1.0
14,Weekday,Queens,Astoria Park,1.0
14,Weekday,Staten Island,South Beach/Dongan Hills,1.0
14,Weekday,Bronx,City Island,1.0
14,Weekday,Staten Island,Stapleton,1.0
14,Weekday,Manhattan,Highbridge Park,1.0
14,Weekday,Bronx,Crotona Park,1.0
14,Weekday,EWR,Newark Airport,1.0
14,Weekday,Queens,East Flushing,1.0
14,Weekday,Staten Island,Bloomfield/Emerson Hill,1.0
14,Weekday,Brooklyn,Marine Park/Floyd Bennett Field,1.0
14,Weekday,Manhattan,Roosevelt Island,1.0
14,Weekday,Brooklyn,Green-Wood Cemetery,1.0
14,Weekday,Bronx,Van Cortlandt Park,1.0
15,Weekday,Manhattan,Upper East Side North,454.92
15,Weekday,Manhattan,Upper East Side South,433.69
15,Weekday,Manhattan,Midtown Center,394.56
15,Weekday,Queens,JFK Airport,300.84
15,Weekday,Manhattan,Midtown East,252.33
15,Weekday,Queens,LaGuardia Airport,228.81
15,Weekday,Manhattan,Lenox Hill East,221.95
15,Weekday,Manhattan,Midtown North,206.45
15,Weekday,Manhattan,Lincoln Square East,203.02
15,Weekday,Manhattan,Murray Hill,201.41
15,Weekday,Manhattan,Upper West Side South,198.44
15,Weekday,Manhattan,Penn Station/Madison Sq West,192.44
15,Weekday,Manhattan,Union Sq,190.64
15,Weekday,Manhattan,Times Sq/Theatre District,181.83
15,Weekday,Manhattan,Upper West Side North,180.11
15,Weekday,Manhattan,East Chelsea,175.09
15,Weekday,Manhattan,Lenox Hill West,172.53
15,Weekday,Manhattan,Central Park,154.59
15,Weekday,Manhattan,West Chelsea/Hudson Yards,142.91
15,Weekday,Manhattan,Midtown South,139.34
15,Weekday,Manhattan,Yorkville West,121.63
15,Weekday,Manhattan,Gramercy,112.06
15,Weekday,Manhattan,Yorkville East,110.13
15,Weekday,Manhattan,Clinton East,97.92
15,Weekday,Manhattan,Sutton Place/Turtle Bay North,97.58
15,Weekday,Manhattan,Greenwich Village North,89.39
15,Weekday,Manhattan,Lincoln Square West,88.58
15,Weekday,Manhattan,Garment District,87.78
15,Weekday,Manhattan,Kips Bay,85.45
15,Weekday,Manhattan,TriBeCa/Civic Center,84.98
15,Weekday,Manhattan,Flatiron,82.38
15,Weekday,Manhattan,West Village,76.11
15,Weekday,Manhattan,UN/Turtle Bay South,75.56
15,Weekday,Manhattan,East Village,70.83
15,Weekday,Manhattan,East Harlem South,64.56
15,Weekday,Manhattan,Little Italy/NoLiTa,59.53
15,Weekday,Manhattan,Manhattan Valley,54.06
15,Weekday,Manhattan,SoHo,53.97
15,Weekday,Manhattan,Greenwich Village South,53.38
15,Weekday,Manhattan,Battery Park City,47.53
15,Weekday,Manhattan,Meatpacking/West Village West,44.86
15,Weekday,Manhattan,Morningside Heights,43.72
15,Weekday,Manhattan,World Trade Center,42.66
15,Weekday,Manhattan,Clinton West,30.97
15,Weekday,Manhattan,Financial District North,30.77
15,Weekday,Manhattan,Hudson Sq,28.48
15,Weekday,Manhattan,Lower East Side,26.66
15,Weekday,Queens,East Elmhurst,24.7
15,Weekday,Manhattan,Financial District South,21.91
15,Weekday,Manhattan,East Harlem North,20.83
15,Weekday,Manhattan,Central Harlem,20.36
15,Weekday,Manhattan,Bloomingdale,17.56
15,Weekday,Unknown,N/A,16.33
15,Weekday,Manhattan,Chinatown,13.05
15,Weekday,Manhattan,Central Harlem North,10.55
15,Weekday,Manhattan,Seaport,8.91
15,Weekday,Manhattan,Washington Heights South,8.49
15,Weekday,Queens,Sunnyside,8.06
15,Weekday,Manhattan,Stuy Town/Peter Cooper Village,7.73
15,Weekday,Queens,Richmond Hill,7.23
15,Weekday,Manhattan,Two Bridges/Seward Park,6.97
15,Weekday,Queens,Jamaica,6.73
15,Weekday,Brooklyn,Crown Heights North,6.48
15,Weekday,Manhattan,Manhattanville,6.46
15,Weekday,Brooklyn,Downtown Brooklyn/MetroTech,6.06
15,Weekday,Brooklyn,East New York,5.16
15,Weekday,Brooklyn,Brooklyn Heights,5.06
15,Weekday,Queens,Astoria,5.03
15,Weekday,Manhattan,Hamilton Heights,5.0
15,Weekday,Manhattan,Alphabet City,4.98
15,Weekday,Brooklyn,Prospect-Lefferts Gardens,4.6
15,Weekday,Manhattan,Battery Park,4.34
15,Weekday,Brooklyn,Fort Greene,4.31
15,Weekday,Queens,Long Island City/Hunters Point,4.21
15,Weekday,Brooklyn,DUMBO/Vinegar Hill,3.74
15,Weekday,Brooklyn,Boerum Hill,3.65
15,Weekday,Brooklyn,Park Slope,3.48
15,Weekday,Bronx,Mott Haven/Port Morris,3.4
15,Weekday,Brooklyn,Bedford,3.32
15,Weekday,Brooklyn,Canarsie,3.31
15,Weekday,Brooklyn,East Flatbush/Remsen Village,3.24
15,Weekday,Queens,Jackson Heights,3.22
15,Weekday,Brooklyn,Flatbush/Ditmas Park,3.2
15,Weekday,Brooklyn,Clinton Hill,3.2
15,Weekday,Queens,Long Island City/Queens Plaza,3.18
15,Weekday,Brooklyn,Brownsville,3.09
15,Weekday,Queens,Woodside,2.91
15,Weekday,Queens,Elmhurst,2.89
15,Weekday,Queens,Forest Hills,2.88
15,Weekday,Manhattan,Washington Heights North,2.84
15,Weekday,Brooklyn,Stuyvesant Heights,2.79
15,Weekday,Queens,Old Astoria,2.76
15,Weekday,Brooklyn,Bushwick South,2.73
15,Weekday,Brooklyn,Flatlands,2.68
15,Weekday,Queens,South Ozone Park,2.66
15,Weekday,Brooklyn,Williamsburg (South Side),2.63
15,Weekday,Brooklyn,Borough Park,2.57
15,Weekday,Brooklyn,East Flatbush/Farragut,2.53
15,Weekday,Brooklyn,Crown Heights South,2.44
15,Weekday,Queens,Baisley Park,2.35
15,Weekday,Bronx,West Concourse,2.35
15,Weekday,Brooklyn,Bay Ridge,2.3
15,Weekday,Bronx,East Concourse/Concourse Village,2.29
15,Weekday,Queens,Saint Albans,2.23
15,Weekday,Queens,Springfield Gardens South,2.22
15,Weekday,Brooklyn,Sunset Park West,2.2
15,Weekday,Brooklyn,Ocean Hill,2.2
15,Weekday,Queens,Kew Gardens,2.17
15,Weekday,Manhattan,Inwood,2.17
15,Weekday,Queens,South Jamaica,2.12
15,Weekday,Queens,Steinway,2.11
15,Weekday,Brooklyn,East New York/Pennsylvania Avenue,2.09
15,Weekday,Brooklyn,Williamsburg (North Side),2.03
15,Weekday,Bronx,Melrose South,2.0
15,Weekday,Brooklyn,Cypress Hills,1.97
15,Weekday,Brooklyn,Greenpoint,1.93
15,Weekday,Queens,Briarwood/Jamaica Hills,1.93
15,Weekday,Bronx,Soundview/Castle Hill,1.92
15,Weekday,Queens,Hillcrest/Pomonok,1.91
15,Weekday,Bronx,Mount Hope,1.89
15,Weekday,Brooklyn,Homecrest,1.88
15,Weekday,Bronx,Van Nest/Morris Park,1.87
15,Weekday,Brooklyn,Marine Park/Mill Basin,1.87
15,Weekday,Queens,Queensbridge/Ravenswood,1.85
15,Weekday,Brooklyn,East Williamsburg,1.84
15,Weekday,Brooklyn,Erasmus,1.82
15,Weekday,Queens,Rego Park,1.8
15,Weekday,Brooklyn,Coney Island,1.8
15,Weekday,Brooklyn,Bushwick North,1.79
15,Weekday,Queens,Woodhaven,1.79
15,Weekday,Queens,North Corona,1.78
15,Weekday,Brooklyn,Cobble Hill,1.78
15,Weekday,Queens,Maspeth,1.76
15,Weekday,Queens,Springfield Gardens North,1.76
15,Weekday,Queens,Far Rockaway,1.73
15,Weekday,Brooklyn,Midwood,1.72
15,Weekday,Queens,Flushing,1.71
15,Weekday,Queens,Corona,1.68
15,Weekday,Brooklyn,Prospect Heights,1.65
15,Weekday,Bronx,East Tremont,1.65
15,Weekday,Brooklyn,Carroll Gardens,1.61
15,Weekday,Bronx,Hunts Point,1.6
15,Weekday,Bronx,Claremont/Bathgate,1.58
15,Weekday,Bronx,Bedford Park,1.57
15,Weekday,Brooklyn,Manhattan Beach,1.56
15,Weekday,Bronx,Williamsbridge/Olinville,1.56
15,Weekday,Brooklyn,Brighton Beach,1.56
15,Weekday,Queens,Ridgewood,1.55
15,Weekday,Brooklyn,Starrett City,1.53
15,Weekday,Brooklyn,Madison,1.52
15,Weekday,Brooklyn,Sunset Park East,1.51
15,Weekday,Brooklyn,Bensonhurst West,1.5
15,Weekday,Queens,Glen Oaks,1.5
15,Weekday,Bronx,Riverdale/North Riverdale/Fieldston,1.5
15,Weekday,Bronx,Van Cortlandt Village,1.5
15,Weekday,Queens,Kew Gardens Hills,1.49
15,Weekday,Bronx,Morrisania/Melrose,1.49
15,Weekday,Brooklyn,Sheepshead Bay,1.49
15,Weekday,Bronx,Woodlawn/Wakefield,1.48
15,Weekday,Brooklyn,South Williamsburg,1.48
15,Weekday,N/A,Outside of NYC,1.48
15,Weekday,Bronx,Kingsbridge Heights,1.48
15,Weekday,Brooklyn,Red Hook,1.47
15,Weekday,Bronx,Eastchester,1.47
15,Weekday,Bronx,Norwood,1.44
15,Weekday,Queens,Middle Village,1.44
15,Weekday,Queens,Flushing Meadows-Corona Park,1.44
15,Weekday,Queens,Queens Village,1.44
15,Weekday,Bronx,University Heights/Morris Heights,1.44
15,Weekday,Queens,Laurelton,1.43
15,Weekday,Brooklyn,Gravesend,1.42
15,Weekday,Brooklyn,Windsor Terrace,1.42
15,Weekday,Brooklyn,Prospect Park,1.4
15,Weekday,Brooklyn,Gowanus,1.39
15,Weekday,Brooklyn,Bensonhurst East,1.39
15,Weekday,Brooklyn,Kensington,1.39
15,Weekday,Bronx,Highbridge,1.38
15,Weekday,Queens,Elmhurst/Maspeth,1.37
15,Weekday,Bronx,Fordham South,1.36
15,Weekday,Bronx,Parkchester,1.35
15,Weekday,Queens,Howard Beach,1.35
15,Weekday,Queens,Fresh Meadows,1.33
15,Weekday,Queens,Bellerose,1.33
15,Weekday,Bronx,Schuylerville/Edgewater Park,1.33
15,Weekday,Bronx,Crotona Park East,1.33
15,Weekday,Queens,Oakland Gardens,1.33
15,Weekday,Bronx,Longwood,1.32
15,Weekday,Bronx,West Farms/Bronx River,1.32
15,Weekday,Queens,Glendale,1.31
15,Weekday,Bronx,Belmont,1.31
15,Weekday,Manhattan,Roosevelt Island,1.31
15,Weekday,Queens,Hammels/Arverne,1.3
15,Weekday,Queens,Whitestone,1.29
15,Weekday,Bronx,Westchester Village/Unionport,1.28
15,Weekday,Bronx,Co-Op City,1.26
15,Weekday,Bronx,Bronxdale,1.26
15,Weekday,Brooklyn,Brooklyn Navy Yard,1.25
15,Weekday,Manhattan,Inwood Hill Park,1.25
15,Weekday,Queens,Queensboro Hill,1.25
15,Weekday,Queens,Ozone Park,1.23
15,Weekday,Brooklyn,Dyker Heights,1.23
15,Weekday,Bronx,Spuyten Duyvil/Kingsbridge,1.22
15,Weekday,Bronx,Pelham Parkway,1.21
15,Weekday,Queens,College Point,1.21
15,Weekday,Queens,Bayside,1.19
15,Weekday,Queens,Jamaica Estates,1.18
15,Weekday,Bronx,Pelham Bay,1.17
15,Weekday,Queens,East Flushing,1.17
15,Weekday,Queens,Cambria Heights,1.17
15,Weekday,Brooklyn,Ocean Parkway South,1.17
15,Weekday,Queens,Rosedale,1.16
15,Weekday,Queens,Douglaston,1.14
15,Weekday,Queens,Rockaway Park,1.13
15,Weekday,EWR,Newark Airport,1.13
15,Weekday,Queens,Murray Hill-Queens,1.11
15,Weekday,Brooklyn,Bath Beach,1.11
15,Weekday,Bronx,Soundview/Bruckner,1.1
15,Weekday,Manhattan,Randalls Island,1.1
15,Weekday,Brooklyn,Columbia Street,1.09
15,Weekday,Queens,Saint Michaels Cemetery/Woodside,1.08
15,Weekday,Staten Island,Arrochar/Fort Wadsworth,1.07
15,Weekday,Bronx,Allerton/Pelham Gardens,1.07
15,Weekday,Bronx,Country Club,1.0
15,Weekday,Staten Island,Heartland Village/Todt Hill,1.0
15,Weekday,Manhattan,Highbridge Park,1.0
15,Weekday,Bronx,City Island,1.0
15,Weekday,Queens,Broad Channel,1.0
15,Weekday,Queens,Astoria Park,1.0
15,Weekday,Staten Island,Westerleigh,1.0
15,Weekday,Queens,Bay Terrace/Fort Totten,1.0
15,Weekday,Queens,Auburndale,1.0
15,Weekday,Bronx,Bronx Park,1.0
15,Weekday,Staten Island,South Beach/Dongan Hills,1.0
15,Weekday,Bronx,Van Cortlandt Park,1.0
15,Weekday,Staten Island,Port Richmond,1.0
15,Weekday,Manhattan,Marble Hill,1.0
15,Weekday,Queens,Hollis,1.0
15,Weekday,Brooklyn,Marine Park/Floyd Bennett Field,1.0
15,Weekday,Bronx,Pelham Bay Park,1.0
15,Weekday,Staten Island,Saint George/New Brighton,1.0
15,Weekday,Queens,Willets Point,1.0
15,Weekday,Queens,Forest Park/Highland Park,1.0
15,Weekday,Staten Island,Grymes Hill/Clifton,1.0
15,Weekday,Bronx,Crotona Park,1.0
16,Weekday,Manhattan,Midtown Center,445.97
16,Weekday,Manhattan,Upper East Side South,405.28
16,Weekday,Manhattan,Upper East Side North,374.44
16,Weekday,Queens,JFK Airport,336.64
16,Weekday,Manhattan,Midtown East,285.38
16,Weekday,Manhattan,Midtown North,220.59
16,Weekday,Manhattan,Times Sq/Theatre District,219.81
16,Weekday,Queens,LaGuardia Airport,218.39
16,Weekday,Manhattan,Murray Hill,211.69
16,Weekday,Manhattan,Lenox Hill East,206.91
16,Weekday,Manhattan,Union Sq,196.61
16,Weekday,Manhattan,Penn Station/Madison Sq West,189.59
16,Weekday,Manhattan,Upper West Side South,185.97
16,Weekday,Manhattan,Lincoln Square East,185.0
16,Weekday,Manhattan,East Chelsea,173.84
16,Weekday,Manhattan,West Chelsea/Hudson Yards,159.48
16,Weekday,Manhattan,Lenox Hill West,152.7
16,Weekday,Manhattan,Midtown South,149.77
16,Weekday,Manhattan,Central Park,139.23
16,Weekday,Manhattan,Upper West Side North,133.23
16,Weekday,Manhattan,Yorkville West,110.78
16,Weekday,Manhattan,Gramercy,107.75
16,Weekday,Manhattan,Clinton East,106.7
16,Weekday,Manhattan,Garment District,101.02
16,Weekday,Manhattan,Sutton Place/Turtle Bay North,95.56
16,Weekday,Manhattan,TriBeCa/Civic Center,90.8
16,Weekday,Manhattan,Yorkville East,88.61
16,Weekday,Manhattan,Kips Bay,87.63
16,Weekday,Manhattan,Greenwich Village North,85.81
16,Weekday,Manhattan,Flatiron,83.09
16,Weekday,Manhattan,UN/Turtle Bay South,79.91
16,Weekday,Manhattan,Lincoln Square West,79.25
16,Weekday,Manhattan,West Village,70.53
16,Weekday,Manhattan,East Village,63.13
16,Weekday,Manhattan,Little Italy/NoLiTa,58.72
16,Weekday,Manhattan,Battery Park City,58.09
16,Weekday,Manhattan,East Harlem South,55.42
16,Weekday,Manhattan,SoHo,53.28
16,Weekday,Manhattan,Greenwich Village South,52.38
16,Weekday,Manhattan,Manhattan Valley,50.88
16,Weekday,Manhattan,Meatpacking/West Village West,43.45
16,Weekday,Manhattan,World Trade Center,42.78
16,Weekday,Manhattan,Morningside Heights,38.91
16,Weekday,Manhattan,Financial District North,34.0
16,Weekday,Manhattan,Clinton West,31.95
16,Weekday,Manhattan,Hudson Sq,29.97
16,Weekday,Manhattan,Financial District South,25.52
16,Weekday,Manhattan,Lower East Side,24.86
16,Weekday,Queens,East Elmhurst,20.34
16,Weekday,Manhattan,Central Harlem,17.13
16,Weekday,Manhattan,East Harlem North,17.0
16,Weekday,Manhattan,Bloomingdale,14.98
16,Weekday,Unknown,N/A,14.67
16,Weekday,Manhattan,Chinatown,12.39
16,Weekday,Manhattan,Seaport,9.56
16,Weekday,Manhattan,Central Harlem North,8.75
16,Weekday,Queens,Sunnyside,7.86
16,Weekday,Queens,Richmond Hill,6.8
16,Weekday,Manhattan,Washington Heights South,6.38
16,Weekday,Manhattan,Two Bridges/Seward Park,5.78
16,Weekday,Brooklyn,Downtown Brooklyn/MetroTech,5.63
16,Weekday,Manhattan,Stuy Town/Peter Cooper Village,5.49
16,Weekday,Queens,Long Island City/Hunters Point,5.13
16,Weekday,Manhattan,Manhattanville,5.09
16,Weekday,Queens,Jamaica,4.9
16,Weekday,Manhattan,Battery Park,4.1
16,Weekday,Brooklyn,Fort Greene,3.75
16,Weekday,Brooklyn,Crown Heights North,3.7
16,Weekday,Manhattan,Hamilton Heights,3.67
16,Weekday,Brooklyn,DUMBO/Vinegar Hill,3.57
16,Weekday,Queens,Baisley Park,3.47
16,Weekday,Queens,Astoria,3.47
16,Weekday,Brooklyn,Boerum Hill,3.46
16,Weekday,Manhattan,Alphabet City,3.36
16,Weekday,Brooklyn,Brooklyn Heights,3.35
16,Weekday,Brooklyn,Prospect-Lefferts Gardens,3.29
16,Weekday,Brooklyn,East New York,3.24
16,Weekday,Queens,Long Island City/Queens Plaza,3.1
16,Weekday,Queens,South Ozone Park,2.67
16,Weekday,Bronx,Mott Haven/Port Morris,2.65
16,Weekday,Brooklyn,Bedford,2.63
16,Weekday,Queens,Woodside,2.61
16,Weekday,Queens,Forest Hills,2.58
16,Weekday,Brooklyn,Clinton Hill,2.5
16,Weekday,Queens,Jackson Heights,2.43
16,Weekday,Brooklyn,Bushwick South,2.42
16,Weekday,Brooklyn,Park Slope,2.41
16,Weekday,Brooklyn,Flatbush/Ditmas Park,2.4
16,Weekday,Queens,South Jamaica,2.28
16,Weekday,Manhattan,Washington Heights North,2.2
16,Weekday,Queens,Old Astoria,2.18
16,Weekday,Brooklyn,East Flatbush/Remsen Village,2.1
16,Weekday,Brooklyn,Borough Park,2.07
16,Weekday,Queens,Kew Gardens,2.07
16,Weekday,Brooklyn,Brownsville,2.06
16,Weekday,Brooklyn,Canarsie,2.05
16,Weekday,Queens,Elmhurst,2.0
16,Weekday,Queens,Flushing Meadows-Corona Park,1.98
16,Weekday,Bronx,West Concourse,1.95
16,Weekday,Brooklyn,East Flatbush/Farragut,1.94
16,Weekday,Queens,Steinway,1.93
16,Weekday,Brooklyn,Williamsburg (South Side),1.92
16,Weekday,Brooklyn,Stuyvesant Heights,1.92
16,Weekday,Bronx,East Concourse/Concourse Village,1.9
16,Weekday,Brooklyn,East Williamsburg,1.89
16,Weekday,Brooklyn,Williamsburg (North Side),1.89
16,Weekday,Brooklyn,Sunset Park West,1.87
16,Weekday,Bronx,Van Nest/Morris Park,1.83
16,Weekday,Brooklyn,Ocean Hill,1.82
16,Weekday,Brooklyn,Crown Heights South,1.75
16,Weekday,Queens,Springfield Gardens South,1.75
16,Weekday,Queens,Rego Park,1.74
16,Weekday,Brooklyn,Greenpoint,1.73
16,Weekday,Bronx,Melrose South,1.71
16,Weekday,Brooklyn,Sunset Park East,1.68
16,Weekday,Brooklyn,Prospect Heights,1.67
16,Weekday,Queens,Briarwood/Jamaica Hills,1.65
16,Weekday,Bronx,Hunts Point,1.62
16,Weekday,Brooklyn,East New York/Pennsylvania Avenue,1.62
16,Weekday,Queens,Maspeth,1.58
16,Weekday,Manhattan,Inwood,1.58
16,Weekday,Queens,Elmhurst/Maspeth,1.57
16,Weekday,Brooklyn,Cypress Hills,1.57
16,Weekday,Brooklyn,Flatlands,1.56
16,Weekday,Queens,Queensbridge/Ravenswood,1.56
16,Weekday,Brooklyn,Red Hook,1.54
16,Weekday,Brooklyn,Marine Park/Mill Basin,1.54
16,Weekday,Brooklyn,Cobble Hill,1.53
16,Weekday,Queens,Hillcrest/Pomonok,1.52
16,Weekday,Queens,Ridgewood,1.52
16,Weekday,Brooklyn,Coney Island,1.5
16,Weekday,Brooklyn,Midwood,1.5
16,Weekday,Queens,Corona,1.5
16,Weekday,Queens,Far Rockaway,1.48
16,Weekday,Bronx,Claremont/Bathgate,1.47
16,Weekday,Brooklyn,Bushwick North,1.47
16,Weekday,Bronx,Norwood,1.47
16,Weekday,Brooklyn,Madison,1.47
16,Weekday,Brooklyn,Erasmus,1.45
16,Weekday,Bronx,Belmont,1.44
16,Weekday,Bronx,Mount Hope,1.43
16,Weekday,Queens,Howard Beach,1.43
16,Weekday,Brooklyn,Bay Ridge,1.42
16,Weekday,N/A,Outside of NYC,1.41
16,Weekday,Brooklyn,Windsor Terrace,1.4
16,Weekday,Queens,Saint Albans,1.39
16,Weekday,Bronx,Longwood,1.39
16,Weekday,Bronx,East Tremont,1.39
16,Weekday,Brooklyn,Sheepshead Bay,1.37
16,Weekday,Queens,Springfield Gardens North,1.35
16,Weekday,Brooklyn,Homecrest,1.35
16,Weekday,Bronx,Westchester Village/Unionport,1.35
16,Weekday,Bronx,Spuyten Duyvil/Kingsbridge,1.35
16,Weekday,Bronx,Bronx Park,1.33
16,Weekday,Brooklyn,Gowanus,1.33
16,Weekday,Brooklyn,Gravesend,1.33
16,Weekday,Queens,Glendale,1.33
16,Weekday,Bronx,Eastchester,1.32
16,Weekday,Brooklyn,Starrett City,1.32
16,Weekday,Bronx,Pelham Parkway,1.31
16,Weekday,Bronx,Bronxdale,1.31
16,Weekday,Bronx,Williamsbridge/Olinville,1.3
16,Weekday,Queens,Middle Village,1.29
16,Weekday,Queens,Woodhaven,1.29
16,Weekday,Queens,Rosedale,1.29
16,Weekday,Brooklyn,Bensonhurst West,1.28
16,Weekday,Queens,College Point,1.27
16,Weekday,Queens,Jamaica Estates,1.27
16,Weekday,Brooklyn,Prospect Park,1.25
16,Weekday,Queens,Kew Gardens Hills,1.24
16,Weekday,Brooklyn,South Williamsburg,1.24
16,Weekday,Bronx,Soundview/Castle Hill,1.24
16,Weekday,Queens,Hammels/Arverne,1.24
16,Weekday,Brooklyn,Brighton Beach,1.23
16,Weekday,Brooklyn,Carroll Gardens,1.22
16,Weekday,Queens,Queens Village,1.22
16,Weekday,Queens,Queensboro Hill,1.22
16,Weekday,Bronx,Crotona Park East,1.22
16,Weekday,Queens,Laurelton,1.22
16,Weekday,Bronx,Kingsbridge Heights,1.21
16,Weekday,Brooklyn,Manhattan Beach,1.21
16,Weekday,Bronx,Van Cortlandt Village,1.2
16,Weekday,Bronx,Highbridge,1.19
16,Weekday,Brooklyn,Bensonhurst East,1.18
16,Weekday,Bronx,Morrisania/Melrose,1.18
16,Weekday,Brooklyn,Dyker Heights,1.18
16,Weekday,Queens,Bay Terrace/Fort Totten,1.17
16,Weekday,Bronx,Bedford Park,1.16
16,Weekday,Brooklyn,Ocean Parkway South,1.15
16,Weekday,Queens,Douglaston,1.14
16,Weekday,Queens,Cambria Heights,1.14
16,Weekday,EWR,Newark Airport,1.14
16,Weekday,Brooklyn,Columbia Street,1.13
16,Weekday,Bronx,Fordham South,1.13
16,Weekday,Brooklyn,Kensington,1.13
16,Weekday,Queens,Rockaway Park,1.13
16,Weekday,Bronx,West Farms/Bronx River,1.13
16,Weekday,Manhattan,Randalls Island,1.13
16,Weekday,Queens,Glen Oaks,1.13
16,Weekday,Bronx,Schuylerville/Edgewater Park,1.11
16,Weekday,Bronx,Soundview/Bruckner,1.1
16,Weekday,Bronx,University Heights/Morris Heights,1.1
16,Weekday,Queens,Ozone Park,1.09
16,Weekday,Queens,Bayside,1.09
16,Weekday,Bronx,Co-Op City,1.08
16,Weekday,Brooklyn,Brooklyn Navy Yard,1.08
16,Weekday,Queens,North Corona,1.08
16,Weekday,Bronx,Allerton/Pelham Gardens,1.08
16,Weekday,Bronx,Woodlawn/Wakefield,1.08
16,Weekday,Bronx,Parkchester,1.05
16,Weekday,Staten Island,Arrochar/Fort Wadsworth,1.0
16,Weekday,Queens,Saint Michaels Cemetery/Woodside,1.0
16,Weekday,Manhattan,Highbridge Park,1.0
16,Weekday,Queens,East Flushing,1.0
16,Weekday,Bronx,Crotona Park,1.0
16,Weekday,Bronx,Country Club,1.0
16,Weekday,Staten Island,Mariners Harbor,1.0
16,Weekday,Staten Island,South Beach/Dongan Hills,1.0
16,Weekday,Bronx,Pelham Bay Park,1.0
16,Weekday,Queens,Flushing,1.0
16,Weekday,Queens,Broad Channel,1.0
16,Weekday,Bronx,Riverdale/North Riverdale/Fieldston,1.0
16,Weekday,Queens,Fresh Meadows,1.0
16,Weekday,Staten Island,Stapleton,1.0
16,Weekday,Queens,Astoria Park,1.0
16,Weekday,Queens,Bellerose,1.0
16,Weekday,Manhattan,Inwood Hill Park,1.0
16,Weekday,Staten Island,Port Richmond,1.0
16,Weekday,Brooklyn,Green-Wood Cemetery,1.0
16,Weekday,Queens,Auburndale,1.0
16,Weekday,Manhattan,Marble Hill,1.0
16,Weekday,Queens,Breezy Point/Fort Tilden/Riis Beach,1.0
16,Weekday,Bronx,City Island,1.0
16,Weekday,Bronx,Pelham Bay,1.0
16,Weekday,Staten Island,Bloomfield/Emerson Hill,1.0
16,Weekday,Queens,Whitestone,1.0
16,Weekday,Queens,Murray Hill-Queens,1.0
16,Weekday,Queens,Oakland Gardens,1.0
16,Weekday,Manhattan,Roosevelt Island,1.0
16,Weekday,Brooklyn,Bath Beach,1.0
16,Weekday,Brooklyn,Marine Park/Floyd Bennett Field,1.0
16,Weekday,Bronx,Van Cortlandt Park,1.0
16,Weekday,Queens,Willets Point,1.0
16,Weekday,Queens,Hollis,1.0
16,Weekday,Staten Island,Grymes Hill/Clifton,1.0
17,Weekday,Manhattan,Midtown Center,571.16
17,Weekday,Manhattan,Upper East Side South,427.95
17,Weekday,Manhattan,Midtown East,401.52
17,Weekday,Manhattan,Upper East Side North,392.41
17,Weekday,Queens,JFK Airport,295.8
17,Weekday,Manhattan,Midtown North,271.55
17,Weekday,Manhattan,Times Sq/Theatre District,271.14
17,Weekday,Manhattan,Murray Hill,251.28
17,Weekday,Manhattan,Union Sq,250.16
17,Weekday,Manhattan,East Chelsea,237.5
17,Weekday,Manhattan,Penn Station/Madison Sq West,235.34
17,Weekday,Manhattan,Lincoln Square East,220.2
17,Weekday,Manhattan,Upper West Side South,211.06
17,Weekday,Manhattan,Lenox Hill East,207.06
17,Weekday,Manhattan,West Chelsea/Hudson Yards,201.92
17,Weekday,Queens,LaGuardia Airport,192.02
17,Weekday,Manhattan,Midtown South,187.94
17,Weekday,Manhattan,Lenox Hill West,169.06
17,Weekday,Manhattan,Upper West Side North,155.05
17,Weekday,Manhattan,Clinton East,132.52
17,Weekday,Manhattan,Gramercy,128.89
17,Weekday,Manhattan,Yorkville West,128.88
17,Weekday,Manhattan,TriBeCa/Civic Center,128.27
17,Weekday,Manhattan,Garment District,127.16
17,Weekday,Manhattan,Sutton Place/Turtle Bay North,123.55
17,Weekday,Manhattan,Central Park,118.59
17,Weekday,Manhattan,UN/Turtle Bay South,105.06
17,Weekday,Manhattan,Yorkville East,102.25
17,Weekday,Manhattan,Flatiron,101.19
17,Weekday,Manhattan,Greenwich Village North,99.17
17,Weekday,Manhattan,Kips Bay,91.77
17,Weekday,Manhattan,West Village,89.72
17,Weekday,Manhattan,Lincoln Square West,85.39
17,Weekday,Manhattan,Battery Park City,83.06
17,Weekday,Manhattan,East Village,78.56
17,Weekday,Manhattan,Little Italy/NoLiTa,67.67
17,Weekday,Manhattan,Greenwich Village South,62.25
17,Weekday,Manhattan,SoHo,60.09
17,Weekday,Manhattan,East Harlem South,56.44
17,Weekday,Manhattan,Meatpacking/West Village West,56.0
17,Weekday,Manhattan,Manhattan Valley,55.77
17,Weekday,Manhattan,Financial District North,50.44
17,Weekday,Manhattan,Morningside Heights,49.5
17,Weekday,Manhattan,World Trade Center,46.97
17,Weekday,Manhattan,Hudson Sq,41.52
17,Weekday,Manhattan,Clinton West,38.2
17,Weekday,Manhattan,Financial District South,31.17
17,Weekday,Manhattan,Lower East Side,28.61
17,Weekday,Manhattan,Central Harlem,22.67
17,Weekday,Queens,East Elmhurst,19.22
17,Weekday,Manhattan,Bloomingdale,19.22
17,Weekday,Manhattan,East Harlem North,17.72
17,Weekday,Unknown,N/A,16.5
17,Weekday,Manhattan,Seaport,10.86
17,Weekday,Manhattan,Chinatown,10.39
17,Weekday,Manhattan,Central Harlem North,9.34
17,Weekday,Manhattan,Manhattanville,7.6
17,Weekday,Manhattan,Washington Heights South,7.52
17,Weekday,Manhattan,Stuy Town/Peter Cooper Village,7.23
17,Weekday,Brooklyn,Downtown Brooklyn/MetroTech,7.23
17,Weekday,Queens,Sunnyside,6.72
17,Weekday,Manhattan,Two Bridges/Seward Park,6.14
17,Weekday,Brooklyn,Brooklyn Heights,5.11
17,Weekday,Queens,Long Island City/Hunters Point,4.97
17,Weekday,Brooklyn,DUMBO/Vinegar Hill,4.95
17,Weekday,Manhattan,Hamilton Heights,4.59
17,Weekday,Queens,Jamaica,4.38
17,Weekday,Queens,Astoria,4.37
17,Weekday,Manhattan,Alphabet City,4.31
17,Weekday,Brooklyn,Fort Greene,4.11
17,Weekday,Brooklyn,Boerum Hill,4.08
17,Weekday,Brooklyn,Crown Heights North,3.68
17,Weekday,Queens,Long Island City/Queens Plaza,3.35
17,Weekday,Brooklyn,Clinton Hill,3.32
17,Weekday,Brooklyn,Park Slope,3.13
17,Weekday,Queens,Forest Hills,3.09
17,Weekday,Queens,Jackson Heights,3.02
17,Weekday,Brooklyn,East New York,2.98
17,Weekday,Brooklyn,Prospect-Lefferts Gardens,2.94
17,Weekday,Manhattan,Battery Park,2.93
17,Weekday,Bronx,Mott Haven/Port Morris,2.91
17,Weekday,Brooklyn,Williamsburg (North Side),2.88
17,Weekday,Brooklyn,Bedford,2.64
17,Weekday,Brooklyn,Flatbush/Ditmas Park,2.59
17,Weekday,Brooklyn,Williamsburg (South Side),2.55
17,Weekday,Queens,Elmhurst,2.53
17,Weekday,Manhattan,Washington Heights North,2.46
17,Weekday,Brooklyn,East Williamsburg,2.38
17,Weekday,Brooklyn,Bushwick South,2.29
17,Weekday,Queens,Woodside,2.25
17,Weekday,Brooklyn,Greenpoint,2.2
17,Weekday,Queens,Old Astoria,2.2
17,Weekday,Brooklyn,Sunset Park West,2.14
17,Weekday,Brooklyn,Stuyvesant Heights,2.14
17,Weekday,Queens,South Ozone Park,2.14
17,Weekday,Brooklyn,East Flatbush/Remsen Village,2.11
17,Weekday,Queens,Richmond Hill,2.05
17,Weekday,Queens,Queensbridge/Ravenswood,2.0
17,Weekday,Bronx,West Concourse,1.98
17,Weekday,Bronx,Melrose South,1.94
17,Weekday,Queens,Baisley Park,1.92
17,Weekday,Brooklyn,Borough Park,1.9
17,Weekday,Brooklyn,Canarsie,1.88
17,Weekday,Queens,Kew Gardens,1.86
17,Weekday,Bronx,East Concourse/Concourse Village,1.86
17,Weekday,Brooklyn,Dyker Heights,1.82
17,Weekday,Brooklyn,Brownsville,1.8
17,Weekday,Queens,Far Rockaway,1.79
17,Weekday,Queens,Ridgewood,1.73
17,Weekday,Queens,Springfield Gardens South,1.67
17,Weekday,Brooklyn,Crown Heights South,1.66
17,Weekday,Brooklyn,Cobble Hill,1.66
17,Weekday,Brooklyn,Gowanus,1.64
17,Weekday,Brooklyn,Prospect Heights,1.64
17,Weekday,Brooklyn,Homecrest,1.63
17,Weekday,Queens,Steinway,1.62
17,Weekday,Brooklyn,Flatlands,1.62
17,Weekday,Brooklyn,Ocean Hill,1.62
17,Weekday,Queens,South Jamaica,1.61
17,Weekday,Brooklyn,Bay Ridge,1.59
17,Weekday,Brooklyn,Erasmus,1.56
17,Weekday,Bronx,University Heights/Morris Heights,1.56
17,Weekday,Bronx,Bedford Park,1.55
17,Weekday,Brooklyn,Kensington,1.52
17,Weekday,Brooklyn,Coney Island,1.5
17,Weekday,Queens,Ozone Park,1.5
17,Weekday,Manhattan,Inwood,1.47
17,Weekday,Brooklyn,Cypress Hills,1.47
17,Weekday,Queens,Briarwood/Jamaica Hills,1.46
17,Weekday,Queens,Rego Park,1.46
17,Weekday,Brooklyn,Sunset Park East,1.45
17,Weekday,Brooklyn,East Flatbush/Farragut,1.45
17,Weekday,Queens,Saint Albans,1.44
17,Weekday,Brooklyn,East New York/Pennsylvania Avenue,1.44
17,Weekday,Queens,Middle Village,1.44
17,Weekday,Brooklyn,Carroll Gardens,1.43
17,Weekday,Bronx,Claremont/Bathgate,1.43
17,Weekday,Bronx,Co-Op City,1.42
17,Weekday,Bronx,Hunts Point,1.42
17,Weekday,Bronx,Williamsbridge/Olinville,1.41
17,Weekday,Bronx,Westchester Village/Unionport,1.41
17,Weekday,Bronx,Van Nest/Morris Park,1.4
17,Weekday,Queens,Elmhurst/Maspeth,1.39
17,Weekday,Brooklyn,Marine Park/Mill Basin,1.39
17,Weekday,Bronx,Norwood,1.38
17,Weekday,Brooklyn,Bensonhurst East,1.38
17,Weekday,Queens,Jamaica Estates,1.38
17,Weekday,Queens,Queens Village,1.37
17,Weekday,Brooklyn,Brighton Beach,1.37
17,Weekday,Brooklyn,Red Hook,1.36
17,Weekday,Bronx,Highbridge,1.36
17,Weekday,Bronx,Pelham Parkway,1.35
17,Weekday,Queens,Woodhaven,1.35
17,Weekday,Bronx,Soundview/Castle Hill,1.33
17,Weekday,Brooklyn,Manhattan Beach,1.33
17,Weekday,Queens,Douglaston,1.33
17,Weekday,Queens,Hammels/Arverne,1.32
17,Weekday,Queens,Maspeth,1.32
17,Weekday,Brooklyn,Brooklyn Navy Yard,1.31
17,Weekday,N/A,Outside of NYC,1.31
17,Weekday,Brooklyn,South Williamsburg,1.3
17,Weekday,Brooklyn,Sheepshead Bay,1.29
17,Weekday,Brooklyn,Starrett City,1.29
17,Weekday,Brooklyn,Midwood,1.29
17,Weekday,Queens,Springfield Gardens North,1.29
17,Weekday,Bronx,West Farms/Bronx River,1.29
17,Weekday,Brooklyn,Bensonhurst West,1.28
17,Weekday,Bronx,Bronxdale,1.28
17,Weekday,Queens,Laurelton,1.27
17,Weekday,Brooklyn,Bushwick North,1.26
17,Weekday,Bronx,Belmont,1.26
17,Weekday,Bronx,Longwood,1.25
17,Weekday,Bronx,Parkchester,1.25
17,Weekday,Brooklyn,Columbia Street,1.25
17,Weekday,Queens,Bay Terrace/Fort Totten,1.25
17,Weekday,Manhattan,Marble Hill,1.25
17,Weekday,Queens,Corona,1.25
17,Weekday,Bronx,Mount Hope,1.25
17,Weekday,Queens,Hillcrest/Pomonok,1.25
17,Weekday,Bronx,Riverdale/North Riverdale/Fieldston,1.25
17,Weekday,Queens,Howard Beach,1.24
17,Weekday,Bronx,Kingsbridge Heights,1.23
17,Weekday,Queens,Kew Gardens Hills,1.23
17,Weekday,Brooklyn,Gravesend,1.22
17,Weekday,Bronx,Fordham South,1.22
17,Weekday,Bronx,Van Cortlandt Village,1.21
17,Weekday,Queens,Glendale,1.2
17,Weekday,Queens,Flushing Meadows-Corona Park,1.19
17,Weekday,Bronx,East Tremont,1.19
17,Weekday,Bronx,Spuyten Duyvil/Kingsbridge,1.19
17,Weekday,Queens,Flushing,1.19
17,Weekday,Brooklyn,Madison,1.18
17,Weekday,Queens,Hollis,1.17
17,Weekday,Brooklyn,Windsor Terrace,1.17
17,Weekday,Queens,Rockaway Park,1.16
17,Weekday,Queens,Oakland Gardens,1.14
17,Weekday,Bronx,Soundview/Bruckner,1.14
17,Weekday,Bronx,Schuylerville/Edgewater Park,1.14
17,Weekday,Bronx,Crotona Park East,1.14
17,Weekday,Bronx,Morrisania/Melrose,1.13
17,Weekday,Queens,College Point,1.13
17,Weekday,Brooklyn,Prospect Park,1.11
17,Weekday,Queens,Queensboro Hill,1.11
17,Weekday,Queens,Fresh Meadows,1.11
17,Weekday,Queens,Bayside,1.11
17,Weekday,Queens,Cambria Heights,1.1
17,Weekday,Manhattan,Roosevelt Island,1.09
17,Weekday,Bronx,Eastchester,1.08
17,Weekday,Queens,North Corona,1.07
17,Weekday,Bronx,Woodlawn/Wakefield,1.07
17,Weekday,Bronx,City Island,1.0
17,Weekday,Bronx,Allerton/Pelham Gardens,1.0
17,Weekday,EWR,Newark Airport,1.0
17,Weekday,Staten Island,South Beach/Dongan Hills,1.0
17,Weekday,Bronx,Pelham Bay,1.0
17,Weekday,Queens,Rosedale,1.0
17,Weekday,Queens,Jamaica Bay,1.0
17,Weekday,Queens,Willets Point,1.0
17,Weekday,Queens,Forest Park/Highland Park,1.0
17,Weekday,Staten Island,Bloomfield/Emerson Hill,1.0
17,Weekday,Bronx,Country Club,1.0
17,Weekday,Bronx,Van Cortlandt Park,1.0
17,Weekday,Staten Island,Arrochar/Fort Wadsworth,1.0
17,Weekday,Queens,East Flushing,1.0
17,Weekday,Queens,Glen Oaks,1.0
17,Weekday,Queens,Murray Hill-Queens,1.0
17,Weekday,Queens,Whitestone,1.0
17,Weekday,Queens,Breezy Point/Fort Tilden/Riis Beach,1.0
17,Weekday,Queens,Auburndale,1.0
17,Weekday,Queens,Astoria Park,1.0
17,Weekday,Manhattan,Randalls Island,1.0
17,Weekday,Queens,Bellerose,1.0
17,Weekday,Queens,Broad Channel,1.0
17,Weekday,Manhattan,Inwood Hill Park,1.0
17,Weekday,Bronx,Bronx Park,1.0
17,Weekday,Manhattan,Highbridge Park,1.0
17,Weekday,Brooklyn,Ocean Parkway South,1.0
17,Weekday,Queens,Saint Michaels Cemetery/Woodside,1.0
17,Weekday,Brooklyn,Marine Park/Floyd Bennett Field,1.0
17,Weekday,Brooklyn,Bath Beach,1.0
18,Weekday,Manhattan,Midtown Center,595.66
18,Weekday,Manhattan,Upper East Side South,437.95
18,Weekday,Manhattan,Midtown East,436.7
18,Weekday,Manhattan,Upper East Side North,381.08
18,Weekday,Manhattan,Midtown North,307.64
18,Weekday,Manhattan,Times Sq/Theatre District,296.75
18,Weekday,Manhattan,Union Sq,281.47
18,Weekday,Manhattan,Murray Hill,271.67
18,Weekday,Queens,JFK Airport,258.77
18,Weekday,Manhattan,East Chelsea,257.17
18,Weekday,Manhattan,Lincoln Square East,248.67
18,Weekday,Manhattan,Penn Station/Madison Sq West,233.59
18,Weekday,Manhattan,West Chelsea/Hudson Yards,213.7
18,Weekday,Manhattan,Midtown South,210.48
18,Weekday,Manhattan,Upper West Side South,209.3
18,Weekday,Queens,LaGuardia Airport,193.05
18,Weekday,Manhattan,Lenox Hill West,185.17
18,Weekday,Manhattan,Lenox Hill East,175.27
18,Weekday,Manhattan,Clinton East,166.22
18,Weekday,Manhattan,Upper West Side North,155.52
18,Weekday,Manhattan,Gramercy,152.41
18,Weekday,Manhattan,Sutton Place/Turtle Bay North,152.38
18,Weekday,Manhattan,TriBeCa/Civic Center,140.83
18,Weekday,Manhattan,Yorkville West,137.69
18,Weekday,Manhattan,Flatiron,134.36
18,Weekday,Manhattan,Garment District,128.59
18,Weekday,Manhattan,Greenwich Village North,119.0
18,Weekday,Manhattan,East Village,117.78
18,Weekday,Manhattan,West Village,116.77
18,Weekday,Manhattan,UN/Turtle Bay South,111.28
18,Weekday,Manhattan,Yorkville East,100.7
18,Weekday,Manhattan,Central Park,95.09
18,Weekday,Manhattan,Kips Bay,94.61
18,Weekday,Manhattan,Lincoln Square West,89.97
18,Weekday,Manhattan,Greenwich Village South,82.81
18,Weekday,Manhattan,Little Italy/NoLiTa,80.14
18,Weekday,Manhattan,Battery Park City,80.11
18,Weekday,Manhattan,SoHo,71.41
18,Weekday,Manhattan,Meatpacking/West Village West,62.47
18,Weekday,Manhattan,Manhattan Valley,60.95
18,Weekday,Manhattan,Financial District North,59.72
18,Weekday,Manhattan,Morningside Heights,48.58
18,Weekday,Manhattan,East Harlem South,48.03
18,Weekday,Manhattan,World Trade Center,47.97
18,Weekday,Manhattan,Hudson Sq,45.94
18,Weekday,Manhattan,Clinton West,41.94
18,Weekday,Manhattan,Lower East Side,40.77
18,Weekday,Manhattan,Financial District South,27.14
18,Weekday,Manhattan,Central Harlem,24.36
18,Weekday,Manhattan,East Harlem North,19.11
18,Weekday,Manhattan,Bloomingdale,17.75
18,Weekday,Queens,East Elmhurst,17.27
18,Weekday,Unknown,N/A,17.06
18,Weekday,Manhattan,Seaport,13.77
18,Weekday,Manhattan,Stuy Town/Peter Cooper Village,12.08
18,Weekday,Manhattan,Chinatown,11.52
18,Weekday,Manhattan,Central Harlem North,10.61
18,Weekday,Manhattan,Two Bridges/Seward Park,8.47
18,Weekday,Manhattan,Washington Heights South,7.82
18,Weekday,Manhattan,Alphabet City,7.52
18,Weekday,Manhattan,Manhattanville,7.32
18,Weekday,Brooklyn,DUMBO/Vinegar Hill,6.95
18,Weekday,Brooklyn,Downtown Brooklyn/MetroTech,6.94
18,Weekday,Manhattan,Hamilton Heights,6.94
18,Weekday,Brooklyn,Brooklyn Heights,6.65
18,Weekday,Queens,Long Island City/Hunters Point,6.31
18,Weekday,Queens,Sunnyside,6.26
18,Weekday,Brooklyn,Fort Greene,5.11
18,Weekday,Queens,Astoria,4.66
18,Weekday,Brooklyn,Park Slope,4.4
18,Weekday,Brooklyn,Boerum Hill,4.3
18,Weekday,Brooklyn,Crown Heights North,4.21
18,Weekday,Queens,Jamaica,4.2
18,Weekday,Brooklyn,Greenpoint,3.74
18,Weekday,Brooklyn,Williamsburg (North Side),3.67
18,Weekday,Brooklyn,Williamsburg (South Side),3.65
18,Weekday,Queens,Long Island City/Queens Plaza,3.47
18,Weekday,Brooklyn,Clinton Hill,3.37
18,Weekday,Queens,Forest Hills,3.31
18,Weekday,Brooklyn,East New York,3.24
18,Weekday,Manhattan,Washington Heights North,3.14
18,Weekday,Brooklyn,Flatbush/Ditmas Park,3.04
18,Weekday,Brooklyn,Bedford,2.96
18,Weekday,Queens,Old Astoria,2.93
18,Weekday,Queens,Jackson Heights,2.88
18,Weekday,Brooklyn,Prospect-Lefferts Gardens,2.85
18,Weekday,Queens,Elmhurst,2.64
18,Weekday,Brooklyn,Bushwick South,2.64
18,Weekday,Brooklyn,East Williamsburg,2.55
18,Weekday,Bronx,Mott Haven/Port Morris,2.47
18,Weekday,Queens,Queensbridge/Ravenswood,2.17
18,Weekday,Brooklyn,Stuyvesant Heights,2.15
18,Weekday,Brooklyn,Borough Park,2.11
18,Weekday,Brooklyn,Brownsville,2.09
18,Weekday,Queens,Woodside,2.08
18,Weekday,Brooklyn,Sunset Park West,2.04
18,Weekday,Brooklyn,Ocean Hill,2.03
18,Weekday,Queens,South Ozone Park,2.0
18,Weekday,Queens,Baisley Park,2.0
18,Weekday,Queens,Steinway,1.98
18,Weekday,Brooklyn,Cobble Hill,1.98
18,Weekday,Brooklyn,Crown Heights South,1.97
18,Weekday,Manhattan,Inwood,1.96
18,Weekday,Queens,Rego Park,1.91
18,Weekday,Queens,Kew Gardens,1.9
18,Weekday,Queens,Ridgewood,1.88
18,Weekday,Brooklyn,Prospect Heights,1.86
18,Weekday,Brooklyn,Canarsie,1.8
18,Weekday,Brooklyn,Bushwick North,1.77
18,Weekday,Manhattan,Battery Park,1.76
18,Weekday,Brooklyn,South Williamsburg,1.75
18,Weekday,Bronx,West Concourse,1.73
18,Weekday,Brooklyn,East Flatbush/Remsen Village,1.69
18,Weekday,Queens,Richmond Hill,1.66
18,Weekday,Brooklyn,Gowanus,1.65
18,Weekday,Brooklyn,Flatlands,1.64
18,Weekday,Queens,Elmhurst/Maspeth,1.63
18,Weekday,Brooklyn,Carroll Gardens,1.61
18,Weekday,Bronx,East Concourse/Concourse Village,1.59
18,Weekday,Brooklyn,Midwood,1.59
18,Weekday,Brooklyn,Kensington,1.58
18,Weekday,Brooklyn,East Flatbush/Farragut,1.55
18,Weekday,Brooklyn,Red Hook,1.53
18,Weekday,Bronx,Williamsbridge/Olinville,1.52
18,Weekday,Brooklyn,Bensonhurst West,1.5
18,Weekday,Queens,Fresh Meadows,1.5
18,Weekday,Queens,Springfield Gardens South,1.49
18,Weekday,Queens,Saint Albans,1.48
18,Weekday,Bronx,Melrose South,1.48
18,Weekday,Brooklyn,Cypress Hills,1.48
18,Weekday,Brooklyn,Coney Island,1.48
18,Weekday,Brooklyn,Erasmus,1.48
18,Weekday,Queens,Briarwood/Jamaica Hills,1.48
18,Weekday,Brooklyn,Marine Park/Mill Basin,1.48
18,Weekday,Queens,Flushing,1.48
18,Weekday,Bronx,Soundview/Bruckner,1.47
18,Weekday,Brooklyn,Bay Ridge,1.46
18,Weekday,Bronx,Highbridge,1.44
18,Weekday,Queens,Ozone Park,1.43
18,Weekday,Queens,South Jamaica,1.42
18,Weekday,Bronx,Morrisania/Melrose,1.42
18,Weekday,Queens,Far Rockaway,1.38
18,Weekday,Queens,Flushing Meadows-Corona Park,1.38
18,Weekday,Bronx,Soundview/Castle Hill,1.38
18,Weekday,Bronx,Norwood,1.37
18,Weekday,Brooklyn,Homecrest,1.36
18,Weekday,Queens,Corona,1.36
18,Weekday,Bronx,University Heights/Morris Heights,1.35
18,Weekday,Queens,Springfield Gardens North,1.35
18,Weekday,Queens,Middle Village,1.33
18,Weekday,Bronx,Allerton/Pelham Gardens,1.33
18,Weekday,Queens,East Flushing,1.33
18,Weekday,Queens,Maspeth,1.32
18,Weekday,Queens,Glendale,1.29
18,Weekday,Manhattan,Marble Hill,1.29
18,Weekday,Queens,Jamaica Estates,1.29
18,Weekday,N/A,Outside of NYC,1.28
18,Weekday,Brooklyn,Brooklyn Navy Yard,1.27
18,Weekday,Brooklyn,Madison,1.27
18,Weekday,Bronx,Van Nest/Morris Park,1.27
18,Weekday,Brooklyn,Sunset Park East,1.26
18,Weekday,Brooklyn,East New York/Pennsylvania Avenue,1.25
18,Weekday,Bronx,Co-Op City,1.25
18,Weekday,Queens,Hammels/Arverne,1.25
18,Weekday,Queens,Howard Beach,1.25
18,Weekday,Queens,Douglaston,1.25
18,Weekday,Queens,Queens Village,1.25
18,Weekday,Queens,North Corona,1.24
18,Weekday,Bronx,Mount Hope,1.23
18,Weekday,Bronx,Fordham South,1.22
18,Weekday,Queens,Rosedale,1.22
18,Weekday,Bronx,East Tremont,1.21
18,Weekday,Queens,Bay Terrace/Fort Totten,1.2
18,Weekday,Bronx,Schuylerville/Edgewater Park,1.2
18,Weekday,Bronx,Riverdale/North Riverdale/Fieldston,1.2
18,Weekday,Queens,Hillcrest/Pomonok,1.2
18,Weekday,Bronx,Longwood,1.19
18,Weekday,Bronx,Parkchester,1.19
18,Weekday,Bronx,Bedford Park,1.19
18,Weekday,Queens,Laurelton,1.18
18,Weekday,Brooklyn,Windsor Terrace,1.17
18,Weekday,Brooklyn,Starrett City,1.16
18,Weekday,Bronx,Westchester Village/Unionport,1.16
18,Weekday,Bronx,Crotona Park East,1.15
18,Weekday,Bronx,Van Cortlandt Village,1.14
18,Weekday,Brooklyn,Ocean Parkway South,1.14
18,Weekday,Bronx,Hunts Point,1.13
18,Weekday,Brooklyn,Brighton Beach,1.13
18,Weekday,Queens,Kew Gardens Hills,1.13
18,Weekday,Bronx,Bronxdale,1.13
18,Weekday,Brooklyn,Dyker Heights,1.13
18,Weekday,Queens,Oakland Gardens,1.12
18,Weekday,Queens,Woodhaven,1.11
18,Weekday,Queens,Cambria Heights,1.1
18,Weekday,Bronx,Claremont/Bathgate,1.1
18,Weekday,Manhattan,Roosevelt Island,1.08
18,Weekday,Queens,College Point,1.08
18,Weekday,Bronx,Belmont,1.08
18,Weekday,Bronx,Pelham Parkway,1.08
18,Weekday,Bronx,Kingsbridge Heights,1.07
18,Weekday,Brooklyn,Bensonhurst East,1.07
18,Weekday,Bronx,Spuyten Duyvil/Kingsbridge,1.07
18,Weekday,Bronx,Eastchester,1.07
18,Weekday,Brooklyn,Gravesend,1.07
18,Weekday,Brooklyn,Sheepshead Bay,1.06
18,Weekday,Staten Island,Grymes Hill/Clifton,1.0
18,Weekday,Queens,Rockaway Park,1.0
18,Weekday,Queens,Queensboro Hill,1.0
18,Weekday,Bronx,Pelham Bay Park,1.0
18,Weekday,Bronx,West Farms/Bronx River,1.0
18,Weekday,Brooklyn,Manhattan Beach,1.0
18,Weekday,Queens,Glen Oaks,1.0
18,Weekday,Queens,Murray Hill-Queens,1.0
18,Weekday,Queens,Whitestone,1.0
18,Weekday,Queens,Auburndale,1.0
18,Weekday,Staten Island,South Beach/Dongan Hills,1.0
18,Weekday,Bronx,Bronx Park,1.0
18,Weekday,Queens,Willets Point,1.0
18,Weekday,Queens,Hollis,1.0
18,Weekday,Brooklyn,Marine Park/Floyd Bennett Field,1.0
18,Weekday,Brooklyn,Bath Beach,1.0
18,Weekday,Bronx,Woodlawn/Wakefield,1.0
18,Weekday,Queens,Bayside,1.0
18,Weekday,Brooklyn,Columbia Street,1.0
18,Weekday,Brooklyn,Prospect Park,1.0
18,Weekday,Queens,Forest Park/Highland Park,1.0
18,Weekday,Staten Island,Bloomfield/Emerson Hill,1.0
18,Weekday,Manhattan,Inwood Hill Park,1.0
18,Weekday,Bronx,Rikers Island,1.0
18,Weekday,Manhattan,Randalls Island,1.0
18,Weekday,Queens,Saint Michaels Cemetery/Woodside,1.0
18,Weekday,Bronx,Van Cortlandt Park,1.0
18,Weekday,Bronx,Pelham Bay,1.0
18,Weekday,Staten Island,Eltingville/Annadale/Prince's Bay,1.0
18,Weekday,Queens,Bellerose,1.0
18,Weekday,EWR,Newark Airport,1.0
18,Weekday,Manhattan,Highbridge Park,1.0
18,Weekday,Queens,Astoria Park,1.0
18,Weekday,Brooklyn,Green-Wood Cemetery,1.0
18,Weekday,Staten Island,Arrochar/Fort Wadsworth,1.0
18,Weekday,Bronx,Country Club,1.0
19,Weekday,Manhattan,Midtown Center,511.56
19,Weekday,Manhattan,Upper East Side South,348.64
19,Weekday,Manhattan,Midtown East,345.42
19,Weekday,Queens,JFK Airport,302.48
19,Weekday,Manhattan,Upper East Side North,261.7
19,Weekday,Manhattan,Union Sq,261.5
19,Weekday,Manhattan,Times Sq/Theatre District,260.89
19,Weekday,Manhattan,Midtown North,247.31
19,Weekday,Manhattan,Murray Hill,242.0
19,Weekday,Manhattan,East Chelsea,223.75
19,Weekday,Manhattan,Penn Station/Madison Sq West,218.3
19,Weekday,Manhattan,Lincoln Square East,208.13
19,Weekday,Queens,LaGuardia Airport,197.41
19,Weekday,Manhattan,Midtown South,191.95
19,Weekday,Manhattan,West Chelsea/Hudson Yards,171.25
19,Weekday,Manhattan,Upper West Side South,169.8
19,Weekday,Manhattan,Lenox Hill West,159.16
19,Weekday,Manhattan,Clinton East,146.38
19,Weekday,Manhattan,Lenox Hill East,142.86
19,Weekday,Manhattan,Gramercy,142.52
19,Weekday,Manhattan,East Village,132.02
19,Weekday,Manhattan,West Village,130.55
19,Weekday,Manhattan,TriBeCa/Civic Center,127.23
19,Weekday,Manhattan,Flatiron,124.47
19,Weekday,Manhattan,Sutton Place/Turtle Bay North,122.7
19,Weekday,Manhattan,Yorkville West,120.66
19,Weekday,Manhattan,Upper West Side North,111.75
19,Weekday,Manhattan,Greenwich Village North,109.73
19,Weekday,Manhattan,Garment District,103.14
19,Weekday,Manhattan,Kips Bay,91.64
19,Weekday,Manhattan,UN/Turtle Bay South,91.5
19,Weekday,Manhattan,Greenwich Village South,88.59
19,Weekday,Manhattan,Central Park,78.14
19,Weekday,Manhattan,Little Italy/NoLiTa,77.05
19,Weekday,Manhattan,Yorkville East,68.95
19,Weekday,Manhattan,SoHo,68.47
19,Weekday,Manhattan,Battery Park City,68.45
19,Weekday,Manhattan,Lincoln Square West,64.92
19,Weekday,Manhattan,Meatpacking/West Village West,58.42
19,Weekday,Manhattan,Financial District North,50.75
19,Weekday,Manhattan,Lower East Side,48.83
19,Weekday,Manhattan,Manhattan Valley,43.8
19,Weekday,Manhattan,World Trade Center,41.72
19,Weekday,Manhattan,Morningside Heights,40.44
19,Weekday,Manhattan,East Harlem South,39.02
19,Weekday,Manhattan,Hudson Sq,38.84
19,Weekday,Manhattan,Clinton West,36.59
19,Weekday,Manhattan,Financial District South,25.2
19,Weekday,Manhattan,Central Harlem,20.06
19,Weekday,Queens,East Elmhurst,15.11
19,Weekday,Manhattan,East Harlem North,14.97
19,Weekday,Manhattan,Seaport,14.52
19,Weekday,Manhattan,Bloomingdale,14.3
19,Weekday,Unknown,N/A,14.19
19,Weekday,Manhattan,Chinatown,11.28
19,Weekday,Manhattan,Central Harlem North,10.47
19,Weekday,Manhattan,Stuy Town/Peter Cooper Village,9.95
19,Weekday,Manhattan,Two Bridges/Seward Park,9.31
19,Weekday,Manhattan,Alphabet City,8.16
19,Weekday,Brooklyn,Downtown Brooklyn/MetroTech,7.23
19,Weekday,Queens,Long Island City/Hunters Point,7.18
19,Weekday,Manhattan,Washington Heights South,6.95
19,Weekday,Manhattan,Hamilton Heights,6.79
19,Weekday,Manhattan,Manhattanville,6.61
19,Weekday,Brooklyn,Brooklyn Heights,6.52
19,Weekday,Queens,Sunnyside,6.03
19,Weekday,Brooklyn,DUMBO/Vinegar Hill,5.72
19,Weekday,Brooklyn,Fort Greene,5.23
19,Weekday,Brooklyn,Crown Heights North,5.2
19,Weekday,Brooklyn,Williamsburg (North Side),4.82
19,Weekday,Queens,Astoria,4.78
19,Weekday,Brooklyn,Park Slope,4.71
19,Weekday,Brooklyn,Boerum Hill,4.54
19,Weekday,Brooklyn,Williamsburg (South Side),4.52
19,Weekday,Brooklyn,Greenpoint,3.67
19,Weekday,Queens,Jamaica,3.61
19,Weekday,Queens,Long Island City/Queens Plaza,3.6
19,Weekday,Manhattan,Washington Heights North,3.37
19,Weekday,Brooklyn,Flatbush/Ditmas Park,3.3
19,Weekday,Brooklyn,Stuyvesant Heights,3.25
19,Weekday,Queens,Forest Hills,3.22
19,Weekday,Brooklyn,Bedford,3.21
19,Weekday,Queens,Elmhurst,3.14
19,Weekday,Brooklyn,Clinton Hill,3.1
19,Weekday,Brooklyn,East New York,3.09
19,Weekday,Queens,Jackson Heights,3.02
19,Weekday,Bronx,Mott Haven/Port Morris,2.88
19,Weekday,Brooklyn,Prospect-Lefferts Gardens,2.87
19,Weekday,Brooklyn,Bushwick South,2.79
19,Weekday,Brooklyn,East Williamsburg,2.7
19,Weekday,Queens,Old Astoria,2.65
19,Weekday,Queens,Steinway,2.55
19,Weekday,Brooklyn,Sunset Park West,2.48
19,Weekday,Queens,Woodside,2.44
19,Weekday,Brooklyn,Prospect Heights,2.42
19,Weekday,Queens,Ridgewood,2.3
19,Weekday,Brooklyn,Bushwick North,2.29
19,Weekday,Brooklyn,Brownsville,2.2
19,Weekday,Brooklyn,Crown Heights South,2.08
19,Weekday,Queens,Baisley Park,2.04
19,Weekday,Brooklyn,East Flatbush/Remsen Village,2.02
19,Weekday,Manhattan,Inwood,2.0
19,Weekday,Queens,Queensbridge/Ravenswood,2.0
19,Weekday,Queens,Richmond Hill,1.96
19,Weekday,Bronx,West Concourse,1.94
19,Weekday,Brooklyn,Ocean Hill,1.92
19,Weekday,Brooklyn,Cobble Hill,1.91
19,Weekday,Bronx,East Tremont,1.85
19,Weekday,Brooklyn,Canarsie,1.85
19,Weekday,Brooklyn,Borough Park,1.84
19,Weekday,Queens,South Ozone Park,1.8
19,Weekday,Brooklyn,South Williamsburg,1.8
19,Weekday,Brooklyn,Carroll Gardens,1.79
19,Weekday,Brooklyn,Flatlands,1.75
19,Weekday,Brooklyn,East Flatbush/Farragut,1.74
19,Weekday,Brooklyn,Bay Ridge,1.72
19,Weekday,Brooklyn,Kensington,1.72
19,Weekday,Queens,Rego Park,1.71
19,Weekday,Brooklyn,Erasmus,1.69
19,Weekday,Queens,Flushing,1.67
19,Weekday,Bronx,Williamsbridge/Olinville,1.67
19,Weekday,Queens,Kew Gardens,1.65
19,Weekday,Bronx,East Concourse/Concourse Village,1.64
19,Weekday,Bronx,Bedford Park,1.63
19,Weekday,Queens,Corona,1.63
19,Weekday,Brooklyn,East New York/Pennsylvania Avenue,1.63
19,Weekday,Bronx,Melrose South,1.6
19,Weekday,Bronx,Soundview/Castle Hill,1.57
19,Weekday,Bronx,Westchester Village/Unionport,1.57
19,Weekday,Brooklyn,Gowanus,1.55
19,Weekday,Queens,Woodhaven,1.54
19,Weekday,Queens,Springfield Gardens South,1.54
19,Weekday,Queens,Saint Albans,1.54
19,Weekday,Bronx,Van Nest/Morris Park,1.52
19,Weekday,Queens,South Jamaica,1.52
19,Weekday,Brooklyn,Windsor Terrace,1.5
19,Weekday,Brooklyn,Coney Island,1.5
19,Weekday,Queens,Middle Village,1.5
19,Weekday,Queens,Hillcrest/Pomonok,1.5
19,Weekday,Queens,Bayside,1.5
19,Weekday,Queens,Glendale,1.5
19,Weekday,Queens,Murray Hill-Queens,1.5
19,Weekday,Brooklyn,Midwood,1.48
19,Weekday,Queens,Maspeth,1.48
19,Weekday,Brooklyn,Red Hook,1.47
19,Weekday,Brooklyn,Cypress Hills,1.46
19,Weekday,Bronx,Co-Op City,1.45
19,Weekday,Queens,Flushing Meadows-Corona Park,1.44
19,Weekday,Bronx,Morrisania/Melrose,1.44
19,Weekday,Queens,Kew Gardens Hills,1.44
19,Weekday,Bronx,Claremont/Bathgate,1.44
19,Weekday,Queens,Briarwood/Jamaica Hills,1.44
19,Weekday,Brooklyn,Homecrest,1.44
19,Weekday,Manhattan,Battery Park,1.42
19,Weekday,Bronx,Van Cortlandt Village,1.42
19,Weekday,Brooklyn,Marine Park/Mill Basin,1.41
19,Weekday,Bronx,Norwood,1.4
19,Weekday,Bronx,University Heights/Morris Heights,1.39
19,Weekday,Bronx,Longwood,1.38
19,Weekday,Bronx,Pelham Parkway,1.36
19,Weekday,Brooklyn,Bensonhurst East,1.36
19,Weekday,Queens,Springfield Gardens North,1.35
19,Weekday,Brooklyn,Brooklyn Navy Yard,1.35
19,Weekday,Queens,North Corona,1.33
19,Weekday,Brooklyn,Brighton Beach,1.33
19,Weekday,Bronx,Hunts Point,1.32
19,Weekday,Queens,Far Rockaway,1.3
19,Weekday,Queens,Elmhurst/Maspeth,1.29
19,Weekday,Bronx,Bronxdale,1.29
19,Weekday,Manhattan,Randalls Island,1.29
19,Weekday,Brooklyn,Starrett City,1.29
19,Weekday,Queens,Whitestone,1.29
19,Weekday,Brooklyn,Sheepshead Bay,1.28
19,Weekday,Bronx,Spuyten Duyvil/Kingsbridge,1.27
19,Weekday,Brooklyn,Bensonhurst West,1.27
19,Weekday,Queens,Howard Beach,1.26
19,Weekday,Brooklyn,Dyker Heights,1.25
19,Weekday,Brooklyn,Ocean Parkway South,1.25
19,Weekday,Bronx,Belmont,1.25
19,Weekday,Queens,Queensboro Hill,1.25
19,Weekday,N/A,Outside of NYC,1.24
19,Weekday,Bronx,Soundview/Bruckner,1.23
19,Weekday,Queens,Hammels/Arverne,1.23
19,Weekday,Bronx,Mount Hope,1.22
19,Weekday,Bronx,Crotona Park East,1.22
19,Weekday,Queens,Queens Village,1.21
19,Weekday,Queens,Fresh Meadows,1.2
19,Weekday,Brooklyn,Sunset Park East,1.2
19,Weekday,Queens,Laurelton,1.2
19,Weekday,Brooklyn,Madison,1.2
19,Weekday,Queens,Ozone Park,1.19
19,Weekday,Queens,Saint Michaels Cemetery/Woodside,1.17
19,Weekday,Bronx,Riverdale/North Riverdale/Fieldston,1.17
19,Weekday,Queens,Cambria Heights,1.17
19,Weekday,Bronx,Parkchester,1.15
19,Weekday,Bronx,Highbridge,1.15
19,Weekday,Queens,Bay Terrace/Fort Totten,1.14
19,Weekday,Queens,Jamaica Estates,1.13
19,Weekday,Brooklyn,Bath Beach,1.13
19,Weekday,Bronx,Woodlawn/Wakefield,1.13
19,Weekday,Bronx,Allerton/Pelham Gardens,1.11
19,Weekday,Queens,Hollis,1.1
19,Weekday,Queens,College Point,1.09
19,Weekday,Manhattan,Roosevelt Island,1.08
19,Weekday,Brooklyn,Columbia Street,1.08
19,Weekday,Bronx,Schuylerville/Edgewater Park,1.07
19,Weekday,Staten Island,Oakwood,1.0
19,Weekday,Queens,Bellerose,1.0
19,Weekday,Staten Island,Westerleigh,1.0
19,Weekday,Queens,Astoria Park,1.0
19,Weekday,Queens,Broad Channel,1.0
19,Weekday,Bronx,City Island,1.0
19,Weekday,Manhattan,Marble Hill,1.0
19,Weekday,Queens,East Flushing,1.0
19,Weekday,Staten Island,Stapleton,1.0
19,Weekday,Bronx,Pelham Bay,1.0
19,Weekday,Brooklyn,Gravesend,1.0
19,Weekday,Queens,Douglaston,1.0
19,Weekday,Staten Island,Arrochar/Fort Wadsworth,1.0
19,Weekday,Brooklyn,Marine Park/Floyd Bennett Field,1.0
19,Weekday,Bronx,Bronx Park,1.0
19,Weekday,Queens,Oakland Gardens,1.0
19,Weekday,Queens,Forest Park/Highland Park,1.0
19,Weekday,Bronx,Van Cortlandt Park,1.0
19,Weekday,Manhattan,Highbridge Park,1.0
19,Weekday,Brooklyn,Prospect Park,1.0
19,Weekday,Bronx,Eastchester,1.0
19,Weekday,EWR,Newark Airport,1.0
19,Weekday,Queens,Rosedale,1.0
19,Weekday,Queens,Rockaway Park,1.0
19,Weekday,Bronx,West Farms/Bronx River,1.0
19,Weekday,Staten Island,Bloomfield/Emerson Hill,1.0
19,Weekday,Manhattan,Inwood Hill Park,1.0
19,Weekday,Brooklyn,Manhattan Beach,1.0
19,Weekday,Bronx,Crotona Park,1.0
19,Weekday,Bronx,Fordham South,1.0
19,Weekday,Queens,Breezy Point/Fort Tilden/Riis Beach,1.0
19,Weekday,Bronx,Kingsbridge Heights,1.0
19,Weekday,Queens,Glen Oaks,1.0
19,Weekday,Queens,Auburndale,1.0
19,Weekday,Staten Island,South Beach/Dongan Hills,1.0
20,Weekday,Manhattan,Midtown Center,533.91
20,Weekday,Manhattan,Midtown East,339.53
20,Weekday,Manhattan,Upper East Side South,327.59
20,Weekday,Manhattan,Times Sq/Theatre District,320.13
20,Weekday,Queens,JFK Airport,299.17
20,Weekday,Manhattan,Union Sq,276.98
20,Weekday,Manhattan,Midtown North,240.06
20,Weekday,Manhattan,Murray Hill,239.31
20,Weekday,Manhattan,Lincoln Square East,227.64
20,Weekday,Manhattan,East Chelsea,224.27
20,Weekday,Manhattan,Upper East Side North,215.8
20,Weekday,Manhattan,Midtown South,203.84
20,Weekday,Queens,LaGuardia Airport,203.56
20,Weekday,Manhattan,Penn Station/Madison Sq West,192.39
20,Weekday,Manhattan,West Village,177.39
20,Weekday,Manhattan,Clinton East,175.83
20,Weekday,Manhattan,West Chelsea/Hudson Yards,173.92
20,Weekday,Manhattan,East Village,162.05
20,Weekday,Manhattan,Upper West Side South,158.14
20,Weekday,Manhattan,Gramercy,152.64
20,Weekday,Manhattan,Lenox Hill West,139.77
20,Weekday,Manhattan,Flatiron,125.53
20,Weekday,Manhattan,Sutton Place/Turtle Bay North,123.7
20,Weekday,Manhattan,Greenwich Village North,123.58
20,Weekday,Manhattan,Yorkville West,120.13
20,Weekday,Manhattan,TriBeCa/Civic Center,118.39
20,Weekday,Manhattan,Greenwich Village South,115.41
20,Weekday,Manhattan,Lenox Hill East,108.61
20,Weekday,Manhattan,Garment District,103.61
20,Weekday,Manhattan,Upper West Side North,90.14
20,Weekday,Manhattan,UN/Turtle Bay South,85.55
20,Weekday,Manhattan,Little Italy/NoLiTa,81.09
20,Weekday,Manhattan,Meatpacking/West Village West,76.34
20,Weekday,Manhattan,Kips Bay,75.28
20,Weekday,Manhattan,Central Park,73.22
20,Weekday,Manhattan,SoHo,66.48
20,Weekday,Manhattan,Lower East Side,61.89
20,Weekday,Manhattan,Battery Park City,58.58
20,Weekday,Manhattan,Financial District North,52.34
20,Weekday,Manhattan,Lincoln Square West,52.14
20,Weekday,Manhattan,Yorkville East,48.83
20,Weekday,Manhattan,Morningside Heights,42.45
20,Weekday,Manhattan,Hudson Sq,41.45
20,Weekday,Manhattan,World Trade Center,39.09
20,Weekday,Manhattan,Manhattan Valley,37.56
20,Weekday,Manhattan,Clinton West,34.31
20,Weekday,Manhattan,East Harlem South,30.27
20,Weekday,Manhattan,Financial District South,26.11
20,Weekday,Manhattan,Central Harlem,20.56
20,Weekday,Queens,East Elmhurst,18.8
20,Weekday,Manhattan,Seaport,17.25
20,Weekday,Manhattan,East Harlem North,15.27
20,Weekday,Manhattan,Chinatown,15.23
20,Weekday,Unknown,N/A,13.44
20,Weekday,Manhattan,Bloomingdale,13.3
20,Weekday,Manhattan,Central Harlem North,11.34
20,Weekday,Manhattan,Two Bridges/Seward Park,11.03
20,Weekday,Manhattan,Stuy Town/Peter Cooper Village,9.05
20,Weekday,Manhattan,Alphabet City,8.97
20,Weekday,Manhattan,Washington Heights South,8.03
20,Weekday,Brooklyn,Downtown Brooklyn/MetroTech,7.15
20,Weekday,Manhattan,Hamilton Heights,7.02
20,Weekday,Brooklyn,DUMBO/Vinegar Hill,6.45
20,Weekday,Queens,Long Island City/Hunters Point,6.41
20,Weekday,Manhattan,Manhattanville,6.33
20,Weekday,Brooklyn,Crown Heights North,5.87
20,Weekday,Queens,Sunnyside,5.84
20,Weekday,Queens,Astoria,5.8
20,Weekday,Brooklyn,Williamsburg (South Side),5.55
20,Weekday,Brooklyn,Williamsburg (North Side),5.36
20,Weekday,Brooklyn,Brooklyn Heights,5.11
20,Weekday,Queens,Jamaica,5.08
20,Weekday,Brooklyn,Park Slope,4.69
20,Weekday,Brooklyn,Fort Greene,4.6
20,Weekday,Brooklyn,Boerum Hill,4.43
20,Weekday,Queens,Jackson Heights,4.4
20,Weekday,Queens,Elmhurst,4.24
20,Weekday,Brooklyn,East New York,3.95
20,Weekday,Brooklyn,Bushwick South,3.85
20,Weekday,Brooklyn,Prospect-Lefferts Gardens,3.72
20,Weekday,Queens,Forest Hills,3.57
20,Weekday,Brooklyn,East Williamsburg,3.54
20,Weekday,Bronx,Mott Haven/Port Morris,3.49
20,Weekday,Brooklyn,Stuyvesant Heights,3.38
20,Weekday,Queens,Long Island City/Queens Plaza,3.36
20,Weekday,Brooklyn,Bushwick North,3.35
20,Weekday,Manhattan,Washington Heights North,3.34
20,Weekday,Brooklyn,Bedford,3.27
20,Weekday,Bronx,West Concourse,3.18
20,Weekday,Brooklyn,Greenpoint,3.17
20,Weekday,Brooklyn,Flatbush/Ditmas Park,3.08
20,Weekday,Queens,Woodside,2.85
20,Weekday,Queens,Old Astoria,2.68
20,Weekday,Queens,Richmond Hill,2.67
20,Weekday,Brooklyn,Clinton Hill,2.63
20,Weekday,Queens,Steinway,2.63
20,Weekday,Brooklyn,Crown Heights South,2.51
20,Weekday,Brooklyn,Brownsville,2.43
20,Weekday,Brooklyn,East Flatbush/Remsen Village,2.42
20,Weekday,Brooklyn,Cobble Hill,2.34
20,Weekday,Brooklyn,Sunset Park West,2.33
20,Weekday,Brooklyn,Ocean Hill,2.33
20,Weekday,Brooklyn,Canarsie,2.32
20,Weekday,Bronx,Melrose South,2.3
20,Weekday,Queens,South Ozone Park,2.25
20,Weekday,Bronx,East Concourse/Concourse Village,2.17
20,Weekday,Brooklyn,Erasmus,2.16
20,Weekday,Queens,Ridgewood,2.13
20,Weekday,Queens,Baisley Park,2.08
20,Weekday,Manhattan,Inwood,2.07
20,Weekday,Brooklyn,Gowanus,2.05
20,Weekday,Queens,Flushing,2.02
20,Weekday,Brooklyn,Prospect Heights,2.0
20,Weekday,Queens,Rego Park,1.96
20,Weekday,Brooklyn,Borough Park,1.94
20,Weekday,Brooklyn,Brooklyn Navy Yard,1.9
20,Weekday,Queens,Corona,1.86
20,Weekday,Brooklyn,East Flatbush/Farragut,1.86
20,Weekday,Brooklyn,Carroll Gardens,1.85
20,Weekday,Brooklyn,Marine Park/Mill Basin,1.84
20,Weekday,Brooklyn,Bensonhurst West,1.82
20,Weekday,Queens,Queensbridge/Ravenswood,1.79
20,Weekday,Brooklyn,Flatlands,1.75
20,Weekday,Queens,South Jamaica,1.71
20,Weekday,Bronx,Mount Hope,1.68
20,Weekday,Brooklyn,Bay Ridge,1.66
20,Weekday,Queens,Briarwood/Jamaica Hills,1.65
20,Weekday,Brooklyn,Cypress Hills,1.64
20,Weekday,Brooklyn,South Williamsburg,1.63
20,Weekday,Bronx,Van Nest/Morris Park,1.62
20,Weekday,Queens,Woodhaven,1.61
20,Weekday,Brooklyn,Red Hook,1.58
20,Weekday,Brooklyn,Bensonhurst East,1.58
20,Weekday,Brooklyn,Kensington,1.57
20,Weekday,Queens,Laurelton,1.56
20,Weekday,Bronx,Williamsbridge/Olinville,1.55
20,Weekday,Bronx,Bedford Park,1.54
20,Weekday,Queens,Flushing Meadows-Corona Park,1.54
20,Weekday,Queens,Glendale,1.5
20,Weekday,Manhattan,Battery Park,1.5
20,Weekday,Queens,Douglaston,1.5
20,Weekday,Bronx,Riverdale/North Riverdale/Fieldston,1.5
20,Weekday,Queens,Elmhurst/Maspeth,1.5
20,Weekday,Queens,Springfield Gardens South,1.48
20,Weekday,Bronx,Co-Op City,1.48
20,Weekday,Queens,Middle Village,1.47
20,Weekday,Brooklyn,East New York/Pennsylvania Avenue,1.46
20,Weekday,Queens,Springfield Gardens North,1.45
20,Weekday,Brooklyn,Midwood,1.43
20,Weekday,Bronx,Morrisania/Melrose,1.42
20,Weekday,Queens,Ozone Park,1.42
20,Weekday,Queens,Far Rockaway,1.42
20,Weekday,Bronx,Parkchester,1.41
20,Weekday,Bronx,University Heights/Morris Heights,1.4
20,Weekday,Queens,North Corona,1.4
20,Weekday,Queens,Kew Gardens,1.37
20,Weekday,Bronx,Crotona Park East,1.37
20,Weekday,Queens,Maspeth,1.37
20,Weekday,Bronx,Spuyten Duyvil/Kingsbridge,1.36
20,Weekday,Bronx,Hunts Point,1.36
20,Weekday,Brooklyn,Sunset Park East,1.35
20,Weekday,Brooklyn,Dyker Heights,1.35
20,Weekday,Brooklyn,Brighton Beach,1.35
20,Weekday,Bronx,Westchester Village/Unionport,1.33
20,Weekday,Queens,Howard Beach,1.33
20,Weekday,Bronx,Claremont/Bathgate,1.33
20,Weekday,Queens,Saint Albans,1.32
20,Weekday,Bronx,Soundview/Castle Hill,1.32
20,Weekday,Queens,Hammels/Arverne,1.31
20,Weekday,Bronx,Longwood,1.31
20,Weekday,Brooklyn,Windsor Terrace,1.31
20,Weekday,Queens,Kew Gardens Hills,1.3
20,Weekday,Queens,Glen Oaks,1.29
20,Weekday,Bronx,East Tremont,1.29
20,Weekday,Bronx,Pelham Parkway,1.29
20,Weekday,Brooklyn,Coney Island,1.27
20,Weekday,Bronx,Soundview/Bruckner,1.27
20,Weekday,N/A,Outside of NYC,1.27
20,Weekday,Queens,Jamaica Estates,1.27
20,Weekday,Brooklyn,Sheepshead Bay,1.26
20,Weekday,Brooklyn,Manhattan Beach,1.25
20,Weekday,Queens,Hillcrest/Pomonok,1.25
20,Weekday,Brooklyn,Madison,1.25
20,Weekday,Queens,Fresh Meadows,1.25
20,Weekday,Bronx,West Farms/Bronx River,1.24
20,Weekday,Bronx,Bronxdale,1.23
20,Weekday,Bronx,Van Cortlandt Village,1.23
20,Weekday,Manhattan,Randalls Island,1.21
20,Weekday,Bronx,Highbridge,1.21
20,Weekday,Queens,Whitestone,1.19
20,Weekday,Bronx,Schuylerville/Edgewater Park,1.19
20,Weekday,Brooklyn,Columbia Street,1.17
20,Weekday,Brooklyn,Homecrest,1.17
20,Weekday,Bronx,Kingsbridge Heights,1.17
20,Weekday,Queens,Bayside,1.17
20,Weekday,Queens,Queens Village,1.16
20,Weekday,Manhattan,Roosevelt Island,1.15
20,Weekday,Bronx,Norwood,1.15
20,Weekday,Queens,Bay Terrace/Fort Totten,1.14
20,Weekday,Bronx,Pelham Bay,1.14
20,Weekday,Brooklyn,Prospect Park,1.13
20,Weekday,Queens,Saint Michaels Cemetery/Woodside,1.13
20,Weekday,Brooklyn,Ocean Parkway South,1.13
20,Weekday,Bronx,Belmont,1.12
20,Weekday,Brooklyn,Starrett City,1.11
20,Weekday,Bronx,Woodlawn/Wakefield,1.1
20,Weekday,Bronx,Allerton/Pelham Gardens,1.1
20,Weekday,Queens,Queensboro Hill,1.08
20,Weekday,Queens,College Point,1.08
20,Weekday,Queens,Bellerose,1.08
20,Weekday,Manhattan,Marble Hill,1.07
20,Weekday,Bronx,Fordham South,1.06
20,Weekday,Staten Island,South Beach/Dongan Hills,1.0
20,Weekday,Queens,Breezy Point/Fort Tilden/Riis Beach,1.0
20,Weekday,Bronx,Van Cortlandt Park,1.0
20,Weekday,Queens,Murray Hill-Queens,1.0
20,Weekday,Queens,Auburndale,1.0
20,Weekday,EWR,Newark Airport,1.0
20,Weekday,Bronx,Rikers Island,1.0
20,Weekday,Staten Island,Bloomfield/Emerson Hill,1.0
20,Weekday,Queens,Cambria Heights,1.0
20,Weekday,Queens,Rockaway Park,1.0
20,Weekday,Staten Island,Grymes Hill/Clifton,1.0
20,Weekday,Bronx,City Island,1.0
20,Weekday,Queens,Forest Park/Highland Park,1.0
20,Weekday,Queens,Oakland Gardens,1.0
20,Weekday,Bronx,Pelham Bay Park,1.0
20,Weekday,Staten Island,West Brighton,1.0
20,Weekday,Staten Island,Arrochar/Fort Wadsworth,1.0
20,Weekday,Brooklyn,Gravesend,1.0
20,Weekday,Queens,Willets Point,1.0
20,Weekday,Queens,Rosedale,1.0
20,Weekday,Queens,Hollis,1.0
20,Weekday,Bronx,Country Club,1.0
20,Weekday,Manhattan,Inwood Hill Park,1.0
20,Weekday,Staten Island,New Dorp/Midland Beach,1.0
20,Weekday,Manhattan,Highbridge Park,1.0
20,Weekday,Brooklyn,Bath Beach,1.0
20,Weekday,Brooklyn,Marine Park/Floyd Bennett Field,1.0
20,Weekday,Queens,East Flushing,1.0
20,Weekday,Queens,Broad Channel,1.0
20,Weekday,Queens,Astoria Park,1.0
20,Weekday,Bronx,Eastchester,1.0
21,Weekday,Manhattan,Midtown Center,493.63
21,Weekday,Manhattan,Times Sq/Theatre District,460.14
21,Weekday,Manhattan,Lincoln Square East,344.53
21,Weekday,Manhattan,Upper East Side South,326.77
21,Weekday,Queens,JFK Airport,291.94
21,Weekday,Manhattan,Union Sq,288.53
21,Weekday,Manhattan,Midtown East,268.52
21,Weekday,Manhattan,Penn Station/Madison Sq West,255.69
21,Weekday,Manhattan,Midtown North,251.98
21,Weekday,Manhattan,Clinton East,243.23
21,Weekday,Manhattan,East Chelsea,230.61
21,Weekday,Manhattan,West Village,227.08
21,Weekday,Manhattan,East Village,217.63
21,Weekday,Manhattan,Midtown South,206.83
21,Weekday,Queens,LaGuardia Airport,205.58
21,Weekday,Manhattan,Murray Hill,201.55
21,Weekday,Manhattan,Upper West Side South,172.5
21,Weekday,Manhattan,Upper East Side North,171.25
21,Weekday,Manhattan,Greenwich Village South,166.61
21,Weekday,Manhattan,Gramercy,154.95
21,Weekday,Manhattan,West Chelsea/Hudson Yards,149.14
21,Weekday,Manhattan,Greenwich Village North,132.36
21,Weekday,Manhattan,Lenox Hill West,131.67
21,Weekday,Manhattan,Flatiron,131.36
21,Weekday,Manhattan,Sutton Place/Turtle Bay North,115.94
21,Weekday,Manhattan,Garment District,111.78
21,Weekday,Manhattan,Yorkville West,111.52
21,Weekday,Manhattan,TriBeCa/Civic Center,109.97
21,Weekday,Manhattan,Meatpacking/West Village West,93.13
21,Weekday,Manhattan,Little Italy/NoLiTa,87.05
21,Weekday,Manhattan,Lower East Side,77.91
21,Weekday,Manhattan,Upper West Side North,76.38
21,Weekday,Manhattan,Lenox Hill East,73.69
21,Weekday,Manhattan,SoHo,72.58
21,Weekday,Manhattan,UN/Turtle Bay South,67.64
21,Weekday,Manhattan,Kips Bay,63.11
21,Weekday,Manhattan,Central Park,61.92
21,Weekday,Manhattan,Lincoln Square West,48.84
21,Weekday,Manhattan,Financial District North,46.16
21,Weekday,Manhattan,Battery Park City,45.25
21,Weekday,Manhattan,Hudson Sq,40.91
21,Weekday,Manhattan,Clinton West,37.81
21,Weekday,Manhattan,Morningside Heights,35.33
21,Weekday,Manhattan,Yorkville East,32.7
21,Weekday,Manhattan,World Trade Center,27.42
21,Weekday,Manhattan,Manhattan Valley,27.27
21,Weekday,Manhattan,Financial District South,26.44
21,Weekday,Manhattan,East Harlem South,23.06
21,Weekday,Queens,East Elmhurst,21.78
21,Weekday,Manhattan,Central Harlem,17.63
21,Weekday,Manhattan,Seaport,17.42
21,Weekday,Manhattan,Chinatown,14.88
21,Weekday,Manhattan,Two Bridges/Seward Park,13.56
21,Weekday,Unknown,N/A,13.42
21,Weekday,Manhattan,Bloomingdale,12.38
21,Weekday,Manhattan,East Harlem North,11.61
21,Weekday,Manhattan,Alphabet City,10.44
21,Weekday,Manhattan,Central Harlem North,8.1
21,Weekday,Brooklyn,Park Slope,7.6
21,Weekday,Manhattan,Stuy Town/Peter Cooper Village,6.92
21,Weekday,Manhattan,Manhattanville,6.41
21,Weekday,Brooklyn,Fort Greene,6.31
21,Weekday,Brooklyn,Williamsburg (North Side),6.3
21,Weekday,Manhattan,Hamilton Heights,5.82
21,Weekday,Brooklyn,DUMBO/Vinegar Hill,5.73
21,Weekday,Queens,Astoria,5.61
21,Weekday,Queens,Sunnyside,5.57
21,Weekday,Queens,Long Island City/Hunters Point,5.5
21,Weekday,Brooklyn,Williamsburg (South Side),5.29
21,Weekday,Manhattan,Washington Heights South,5.19
21,Weekday,Brooklyn,Brooklyn Heights,5.17
21,Weekday,Brooklyn,Downtown Brooklyn/MetroTech,5.03
21,Weekday,Queens,Elmhurst,4.73
21,Weekday,Queens,Jamaica,4.53
21,Weekday,Brooklyn,Crown Heights North,4.49
21,Weekday,Brooklyn,Boerum Hill,4.41
21,Weekday,Brooklyn,East New York,4.0
21,Weekday,Queens,Jackson Heights,3.57
21,Weekday,Brooklyn,Greenpoint,3.55
21,Weekday,Queens,Forest Hills,3.29
21,Weekday,Brooklyn,Bedford,3.0
21,Weekday,Brooklyn,Flatbush/Ditmas Park,2.91
21,Weekday,Queens,Long Island City/Queens Plaza,2.78
21,Weekday,Queens,Flushing,2.77
21,Weekday,Brooklyn,Bushwick South,2.76
21,Weekday,Queens,Woodside,2.74
21,Weekday,Bronx,Mott Haven/Port Morris,2.71
21,Weekday,Brooklyn,Clinton Hill,2.67
21,Weekday,Brooklyn,East Williamsburg,2.64
21,Weekday,Brooklyn,Canarsie,2.58
21,Weekday,Queens,Steinway,2.55
21,Weekday,Brooklyn,Prospect-Lefferts Gardens,2.49
21,Weekday,Brooklyn,Stuyvesant Heights,2.48
21,Weekday,Brooklyn,Prospect Heights,2.45
21,Weekday,Queens,Richmond Hill,2.41
21,Weekday,Manhattan,Washington Heights North,2.36
21,Weekday,Brooklyn,Bushwick North,2.35
21,Weekday,Brooklyn,Ocean Hill,2.32
21,Weekday,Queens,South Ozone Park,2.31
21,Weekday,Brooklyn,Sunset Park West,2.28
21,Weekday,Brooklyn,Brownsville,2.26
21,Weekday,Bronx,West Concourse,2.23
21,Weekday,Brooklyn,Gowanus,2.18
21,Weekday,Brooklyn,Borough Park,2.1
21,Weekday,Brooklyn,Cobble Hill,2.08
21,Weekday,Staten Island,New Dorp/Midland Beach,2.0
21,Weekday,Brooklyn,East Flatbush/Remsen Village,2.0
21,Weekday,Brooklyn,Carroll Gardens,1.98
21,Weekday,Bronx,East Concourse/Concourse Village,1.97
21,Weekday,Queens,Old Astoria,1.96
21,Weekday,Brooklyn,Crown Heights South,1.95
21,Weekday,Queens,Ridgewood,1.83
21,Weekday,Brooklyn,Flatlands,1.81
21,Weekday,Queens,Elmhurst/Maspeth,1.77
21,Weekday,Queens,Woodhaven,1.76
21,Weekday,Bronx,Mount Hope,1.75
21,Weekday,Bronx,Soundview/Castle Hill,1.72
21,Weekday,Queens,Baisley Park,1.7
21,Weekday,Brooklyn,Erasmus,1.69
21,Weekday,Brooklyn,East New York/Pennsylvania Avenue,1.68
21,Weekday,Brooklyn,Bay Ridge,1.67
21,Weekday,Bronx,Hunts Point,1.64
21,Weekday,Queens,Springfield Gardens South,1.64
21,Weekday,Manhattan,Inwood,1.64
21,Weekday,Brooklyn,Cypress Hills,1.63
21,Weekday,Manhattan,Battery Park,1.6
21,Weekday,Bronx,Co-Op City,1.59
21,Weekday,Brooklyn,Marine Park/Mill Basin,1.59
21,Weekday,Bronx,University Heights/Morris Heights,1.57
21,Weekday,Queens,Rego Park,1.55
21,Weekday,Brooklyn,Columbia Street,1.54
21,Weekday,Queens,Flushing Meadows-Corona Park,1.53
21,Weekday,Bronx,Claremont/Bathgate,1.53
21,Weekday,Queens,Briarwood/Jamaica Hills,1.53
21,Weekday,Queens,Kew Gardens,1.52
21,Weekday,Brooklyn,South Williamsburg,1.5
21,Weekday,Queens,Middle Village,1.5
21,Weekday,Bronx,Bedford Park,1.5
21,Weekday,Queens,Maspeth,1.48
21,Weekday,Queens,Howard Beach,1.47
21,Weekday,Brooklyn,Midwood,1.46
21,Weekday,Queens,Queensbridge/Ravenswood,1.46
21,Weekday,Queens,South Jamaica,1.44
21,Weekday,Queens,Jamaica Estates,1.42
21,Weekday,Bronx,Melrose South,1.41
21,Weekday,Brooklyn,Sunset Park East,1.4
21,Weekday,Queens,North Corona,1.39
21,Weekday,Queens,Corona,1.39
21,Weekday,Brooklyn,Red Hook,1.39
21,Weekday,Queens,College Point,1.39
21,Weekday,Bronx,Morrisania/Melrose,1.39
21,Weekday,Queens,Glendale,1.39
21,Weekday,Brooklyn,Starrett City,1.36
21,Weekday,Queens,Hillcrest/Pomonok,1.33
21,Weekday,Bronx,Schuylerville/Edgewater Park,1.33
21,Weekday,Bronx,Williamsbridge/Olinville,1.33
21,Weekday,Brooklyn,East Flatbush/Farragut,1.32
21,Weekday,Bronx,Crotona Park East,1.31
21,Weekday,Brooklyn,Sheepshead Bay,1.3
21,Weekday,Bronx,East Tremont,1.3
21,Weekday,Brooklyn,Brooklyn Navy Yard,1.29
21,Weekday,Bronx,Kingsbridge Heights,1.29
21,Weekday,Queens,Ozone Park,1.29
21,Weekday,Bronx,Longwood,1.29
21,Weekday,Bronx,Parkchester,1.28
21,Weekday,Bronx,Spuyten Duyvil/Kingsbridge,1.27
21,Weekday,Brooklyn,Kensington,1.26
21,Weekday,Queens,Glen Oaks,1.25
21,Weekday,Brooklyn,Windsor Terrace,1.25
21,Weekday,N/A,Outside of NYC,1.24
21,Weekday,Brooklyn,Coney Island,1.23
21,Weekday,Brooklyn,Homecrest,1.22
21,Weekday,Queens,Oakland Gardens,1.22
21,Weekday,Bronx,Fordham South,1.21
21,Weekday,Bronx,Westchester Village/Unionport,1.21
21,Weekday,Queens,Far Rockaway,1.2
21,Weekday,Queens,Laurelton,1.2
21,Weekday,Bronx,Van Cortlandt Village,1.2
21,Weekday,Queens,Auburndale,1.2
21,Weekday,Queens,Saint Albans,1.19
21,Weekday,Queens,Queens Village,1.18
21,Weekday,Bronx,Eastchester,1.18
21,Weekday,Queens,Bayside,1.18
21,Weekday,Queens,Kew Gardens Hills,1.18
21,Weekday,Bronx,Highbridge,1.17
21,Weekday,Queens,Springfield Gardens North,1.17
21,Weekday,Bronx,Pelham Parkway,1.17
21,Weekday,Queens,Hammels/Arverne,1.17
21,Weekday,Manhattan,Randalls Island,1.15
21,Weekday,Brooklyn,Bath Beach,1.14
21,Weekday,Brooklyn,Ocean Parkway South,1.14
21,Weekday,Queens,Bellerose,1.13
21,Weekday,Bronx,Belmont,1.13
21,Weekday,Brooklyn,Manhattan Beach,1.13
21,Weekday,Brooklyn,Bensonhurst East,1.13
21,Weekday,Queens,Murray Hill-Queens,1.11
21,Weekday,Queens,Rockaway Park,1.11
21,Weekday,Brooklyn,Gravesend,1.1
21,Weekday,Brooklyn,Madison,1.1
21,Weekday,Bronx,Norwood,1.09
21,Weekday,Bronx,Riverdale/North Riverdale/Fieldston,1.09
21,Weekday,Brooklyn,Bensonhurst West,1.08
21,Weekday,Manhattan,Roosevelt Island,1.08
21,Weekday,Bronx,Van Nest/Morris Park,1.07
21,Weekday,Queens,Whitestone,1.07
21,Weekday,Bronx,Soundview/Bruckner,1.06
21,Weekday,Bronx,Bronxdale,1.05
21,Weekday,Queens,East Flushing,1.0
21,Weekday,Bronx,Bronx Park,1.0
21,Weekday,Staten Island,Oakwood,1.0
21,Weekday,Staten Island,Westerleigh,1.0
21,Weekday,Brooklyn,Prospect Park,1.0
21,Weekday,Queens,Astoria Park,1.0
21,Weekday,Manhattan,Marble Hill,1.0
21,Weekday,Staten Island,Stapleton,1.0
21,Weekday,Queens,Fresh Meadows,1.0
21,Weekday,Staten Island,Arrochar/Fort Wadsworth,1.0
21,Weekday,Staten Island,Heartland Village/Todt Hill,1.0
21,Weekday,Staten Island,West Brighton,1.0
21,Weekday,Queens,Willets Point,1.0
21,Weekday,Staten Island,Grymes Hill/Clifton,1.0
21,Weekday,Queens,Rosedale,1.0
21,Weekday,Bronx,Country Club,1.0
21,Weekday,Queens,Hollis,1.0
21,Weekday,Queens,Saint Michaels Cemetery/Woodside,1.0
21,Weekday,Bronx,Pelham Bay Park,1.0
21,Weekday,Bronx,West Farms/Bronx River,1.0
21,Weekday,Queens,Douglaston,1.0
21,Weekday,Bronx,City Island,1.0
21,Weekday,Brooklyn,Dyker Heights,1.0
21,Weekday,Bronx,Allerton/Pelham Gardens,1.0
21,Weekday,Manhattan,Highbridge Park,1.0
21,Weekday,Bronx,Pelham Bay,1.0
21,Weekday,Queens,Forest Park/Highland Park,1.0
21,Weekday,Brooklyn,Green-Wood Cemetery,1.0
21,Weekday,Bronx,Van Cortlandt Park,1.0
21,Weekday,Brooklyn,Marine Park/Floyd Bennett Field,1.0
21,Weekday,Queens,Bay Terrace/Fort Totten,1.0
21,Weekday,Brooklyn,Brighton Beach,1.0
21,Weekday,Manhattan,Inwood Hill Park,1.0
21,Weekday,Queens,Breezy Point/Fort Tilden/Riis Beach,1.0
21,Weekday,Staten Island,Bloomfield/Emerson Hill,1.0
21,Weekday,Bronx,Woodlawn/Wakefield,1.0
21,Weekday,Queens,Cambria Heights,1.0
21,Weekday,Queens,Queensboro Hill,1.0
22,Weekday,Manhattan,Times Sq/Theatre District,416.09
22,Weekday,Manhattan,Midtown Center,361.47
22,Weekday,Manhattan,Lincoln Square East,300.5
22,Weekday,Queens,JFK Airport,267.28
22,Weekday,Manhattan,Clinton East,262.09
22,Weekday,Manhattan,Union Sq,252.81
22,Weekday,Manhattan,West Village,242.17
22,Weekday,Manhattan,East Village,234.44
22,Weekday,Manhattan,Midtown North,231.97
22,Weekday,Manhattan,Penn Station/Madison Sq West,222.73
22,Weekday,Manhattan,Upper East Side South,220.66
22,Weekday,Manhattan,East Chelsea,201.7
22,Weekday,Manhattan,Midtown South,193.61
22,Weekday,Manhattan,Midtown East,179.09
22,Weekday,Queens,LaGuardia Airport,173.14
22,Weekday,Manhattan,Greenwich Village South,172.95
22,Weekday,Manhattan,Murray Hill,163.14
22,Weekday,Manhattan,Gramercy,144.59
22,Weekday,Manhattan,Upper West Side South,117.31
22,Weekday,Manhattan,Flatiron,114.41
22,Weekday,Manhattan,Greenwich Village North,113.53
22,Weekday,Manhattan,West Chelsea/Hudson Yards,105.3
22,Weekday,Manhattan,Garment District,103.33
22,Weekday,Manhattan,Lower East Side,100.97
22,Weekday,Manhattan,Upper East Side North,99.27
22,Weekday,Manhattan,Lenox Hill West,97.5
22,Weekday,Manhattan,TriBeCa/Civic Center,96.08
22,Weekday,Manhattan,Meatpacking/West Village West,87.7
22,Weekday,Manhattan,Little Italy/NoLiTa,85.86
22,Weekday,Manhattan,Yorkville West,84.78
22,Weekday,Manhattan,Sutton Place/Turtle Bay North,83.7
22,Weekday,Manhattan,SoHo,74.16
22,Weekday,Manhattan,Kips Bay,53.17
22,Weekday,Manhattan,Upper West Side North,50.42
22,Weekday,Manhattan,Lenox Hill East,50.33
22,Weekday,Manhattan,UN/Turtle Bay South,49.81
22,Weekday,Manhattan,Central Park,42.48
22,Weekday,Manhattan,Financial District North,40.36
22,Weekday,Manhattan,Hudson Sq,39.66
22,Weekday,Manhattan,Lincoln Square West,39.55
22,Weekday,Manhattan,Clinton West,35.16
22,Weekday,Manhattan,Morningside Heights,27.89
22,Weekday,Manhattan,Battery Park City,23.98
22,Weekday,Manhattan,Yorkville East,21.41
22,Weekday,Manhattan,Financial District South,21.38
22,Weekday,Manhattan,Manhattan Valley,21.34
22,Weekday,Manhattan,World Trade Center,21.08
22,Weekday,Queens,East Elmhurst,20.61
22,Weekday,Manhattan,East Harlem South,19.34
22,Weekday,Manhattan,Two Bridges/Seward Park,16.77
22,Weekday,Manhattan,Central Harlem,15.89
22,Weekday,Manhattan,Alphabet City,15.03
22,Weekday,Manhattan,Seaport,14.41
22,Weekday,Brooklyn,Fort Greene,14.08
22,Weekday,Manhattan,Chinatown,13.59
22,Weekday,Brooklyn,Park Slope,12.44
22,Weekday,Brooklyn,Williamsburg (North Side),11.32
22,Weekday,Manhattan,East Harlem North,11.03
22,Weekday,Unknown,N/A,10.92
22,Weekday,Manhattan,Bloomingdale,9.31
22,Weekday,Manhattan,Central Harlem North,8.54
22,Weekday,Brooklyn,Williamsburg (South Side),8.38
22,Weekday,Manhattan,Hamilton Heights,7.85
22,Weekday,Manhattan,Stuy Town/Peter Cooper Village,7.52
22,Weekday,Brooklyn,Boerum Hill,7.21
22,Weekday,Manhattan,Washington Heights South,6.84
22,Weekday,Queens,Jamaica,6.48
22,Weekday,Queens,Astoria,6.47
22,Weekday,Brooklyn,Greenpoint,6.37
22,Weekday,Brooklyn,DUMBO/Vinegar Hill,6.33
22,Weekday,Queens,Long Island City/Hunters Point,6.3
22,Weekday,Brooklyn,Downtown Brooklyn/MetroTech,6.1
22,Weekday,Queens,Sunnyside,5.85
22,Weekday,Brooklyn,Brooklyn Heights,5.36
22,Weekday,Manhattan,Manhattanville,5.32
22,Weekday,Brooklyn,Crown Heights North,4.62
22,Weekday,Brooklyn,East New York,4.58
22,Weekday,Brooklyn,East Williamsburg,4.2
22,Weekday,Queens,Elmhurst,4.02
22,Weekday,Queens,Jackson Heights,4.0
22,Weekday,Queens,Forest Hills,3.6
22,Weekday,Brooklyn,Bushwick South,3.56
22,Weekday,Manhattan,Washington Heights North,3.52
22,Weekday,Brooklyn,Bedford,3.43
22,Weekday,Brooklyn,Flatbush/Ditmas Park,3.43
22,Weekday,Queens,Steinway,3.27
22,Weekday,Bronx,Mott Haven/Port Morris,3.22
22,Weekday,Manhattan,Randalls Island,3.17
22,Weekday,Brooklyn,Prospect Heights,3.13
22,Weekday,Brooklyn,Stuyvesant Heights,3.11
22,Weekday,Queens,Long Island City/Queens Plaza,2.93
22,Weekday,Brooklyn,Clinton Hill,2.88
22,Weekday,Queens,Woodside,2.84
22,Weekday,Brooklyn,Prospect-Lefferts Gardens,2.76
22,Weekday,Brooklyn,Bushwick North,2.71
22,Weekday,Queens,South Ozone Park,2.71
22,Weekday,Brooklyn,Carroll Gardens,2.67
22,Weekday,Brooklyn,Canarsie,2.64
22,Weekday,Queens,Old Astoria,2.55
22,Weekday,Brooklyn,Brownsville,2.52
22,Weekday,Brooklyn,Erasmus,2.48
22,Weekday,Queens,Flushing,2.47
22,Weekday,Brooklyn,Gowanus,2.32
22,Weekday,Brooklyn,Cobble Hill,2.29
22,Weekday,Bronx,West Concourse,2.27
22,Weekday,Queens,Baisley Park,2.2
22,Weekday,Queens,Ridgewood,2.17
22,Weekday,Queens,Maspeth,2.14
22,Weekday,Brooklyn,Ocean Hill,2.11
22,Weekday,Queens,Richmond Hill,2.09
22,Weekday,Brooklyn,Borough Park,2.05
22,Weekday,Brooklyn,Bay Ridge,2.03
22,Weekday,Brooklyn,East Flatbush/Remsen Village,2.03
22,Weekday,Brooklyn,Red Hook,2.0
22,Weekday,Manhattan,Inwood,1.97
22,Weekday,Queens,Briarwood/Jamaica Hills,1.94
22,Weekday,Brooklyn,Crown Heights South,1.91
22,Weekday,Queens,South Jamaica,1.87
22,Weekday,Queens,North Corona,1.86
22,Weekday,Brooklyn,Flatlands,1.84
22,Weekday,Queens,Springfield Gardens South,1.83
22,Weekday,Bronx,East Concourse/Concourse Village,1.81
22,Weekday,Brooklyn,Sunset Park West,1.8
22,Weekday,Queens,Woodhaven,1.8
22,Weekday,Manhattan,Battery Park,1.78
22,Weekday,Queens,Queens Village,1.76
22,Weekday,Queens,Springfield Gardens North,1.76
22,Weekday,Bronx,Melrose South,1.74
22,Weekday,Brooklyn,East New York/Pennsylvania Avenue,1.7
22,Weekday,Queens,Corona,1.68
22,Weekday,Queens,Rego Park,1.68
22,Weekday,Queens,Saint Albans,1.63
22,Weekday,Queens,Glendale,1.62
22,Weekday,Bronx,Spuyten Duyvil/Kingsbridge,1.61
22,Weekday,Brooklyn,East Flatbush/Farragut,1.61
22,Weekday,Bronx,Soundview/Castle Hill,1.6
22,Weekday,Queens,Kew Gardens,1.59
22,Weekday,Queens,Elmhurst/Maspeth,1.59
22,Weekday,Brooklyn,Columbia Street,1.58
22,Weekday,Queens,Ozone Park,1.56
22,Weekday,Bronx,Mount Hope,1.55
22,Weekday,Bronx,West Farms/Bronx River,1.55
22,Weekday,Brooklyn,Cypress Hills,1.54
22,Weekday,Bronx,Schuylerville/Edgewater Park,1.53
22,Weekday,Queens,Howard Beach,1.52
22,Weekday,Brooklyn,South Williamsburg,1.52
22,Weekday,Bronx,Highbridge,1.5
22,Weekday,Queens,Hillcrest/Pomonok,1.5
22,Weekday,Brooklyn,Bensonhurst West,1.48
22,Weekday,Bronx,Co-Op City,1.48
22,Weekday,Queens,Flushing Meadows-Corona Park,1.48
22,Weekday,Bronx,Van Nest/Morris Park,1.47
22,Weekday,Brooklyn,Midwood,1.47
22,Weekday,Brooklyn,Marine Park/Mill Basin,1.47
22,Weekday,Queens,Queensboro Hill,1.46
22,Weekday,Bronx,Fordham South,1.45
22,Weekday,Queens,Laurelton,1.44
22,Weekday,Queens,College Point,1.44
22,Weekday,Manhattan,Inwood Hill Park,1.4
22,Weekday,Bronx,Bedford Park,1.38
22,Weekday,Queens,Whitestone,1.38
22,Weekday,Bronx,Van Cortlandt Village,1.38
22,Weekday,Bronx,Morrisania/Melrose,1.37
22,Weekday,Brooklyn,Starrett City,1.35
22,Weekday,Bronx,University Heights/Morris Heights,1.35
22,Weekday,Brooklyn,Coney Island,1.33
22,Weekday,Queens,Far Rockaway,1.33
22,Weekday,Bronx,Bronxdale,1.33
22,Weekday,Brooklyn,Sheepshead Bay,1.33
22,Weekday,Bronx,Crotona Park,1.33
22,Weekday,Queens,Hammels/Arverne,1.32
22,Weekday,Bronx,Williamsbridge/Olinville,1.32
22,Weekday,Brooklyn,Sunset Park East,1.32
22,Weekday,Bronx,Woodlawn/Wakefield,1.31
22,Weekday,Queens,Jamaica Estates,1.31
22,Weekday,Bronx,Norwood,1.3
22,Weekday,Bronx,Pelham Parkway,1.29
22,Weekday,Brooklyn,Kensington,1.29
22,Weekday,Bronx,Claremont/Bathgate,1.29
22,Weekday,Bronx,Hunts Point,1.29
22,Weekday,Queens,Middle Village,1.29
22,Weekday,Queens,Kew Gardens Hills,1.28
22,Weekday,Bronx,Westchester Village/Unionport,1.26
22,Weekday,Queens,Glen Oaks,1.25
22,Weekday,Queens,Cambria Heights,1.24
22,Weekday,Bronx,Soundview/Bruckner,1.23
22,Weekday,Bronx,Longwood,1.21
22,Weekday,Bronx,Belmont,1.21
22,Weekday,Queens,Bellerose,1.2
22,Weekday,Bronx,Kingsbridge Heights,1.2
22,Weekday,Brooklyn,Brooklyn Navy Yard,1.19
22,Weekday,Brooklyn,Windsor Terrace,1.19
22,Weekday,Bronx,East Tremont,1.18
22,Weekday,N/A,Outside of NYC,1.18
22,Weekday,Manhattan,Marble Hill,1.18
22,Weekday,Queens,Bayside,1.18
22,Weekday,Bronx,Crotona Park East,1.18
22,Weekday,Bronx,Allerton/Pelham Gardens,1.17
22,Weekday,Manhattan,Roosevelt Island,1.17
22,Weekday,Queens,Hollis,1.17
22,Weekday,Brooklyn,Homecrest,1.16
22,Weekday,Queens,Fresh Meadows,1.16
22,Weekday,Brooklyn,Madison,1.15
22,Weekday,Queens,Queensbridge/Ravenswood,1.13
22,Weekday,Brooklyn,Brighton Beach,1.13
22,Weekday,Queens,Murray Hill-Queens,1.12
22,Weekday,Queens,Rosedale,1.11
22,Weekday,Queens,Douglaston,1.11
22,Weekday,Queens,Oakland Gardens,1.1
22,Weekday,Queens,Saint Michaels Cemetery/Woodside,1.09
22,Weekday,Brooklyn,Manhattan Beach,1.08
22,Weekday,Brooklyn,Gravesend,1.08
22,Weekday,Brooklyn,Bath Beach,1.08
22,Weekday,Bronx,Parkchester,1.06
22,Weekday,Brooklyn,Bensonhurst East,1.06
22,Weekday,Queens,Forest Park/Highland Park,1.0
22,Weekday,Brooklyn,Prospect Park,1.0
22,Weekday,Bronx,Pelham Bay,1.0
22,Weekday,Staten Island,Heartland Village/Todt Hill,1.0
22,Weekday,Queens,Jamaica Bay,1.0
22,Weekday,Staten Island,Arrochar/Fort Wadsworth,1.0
22,Weekday,Bronx,City Island,1.0
22,Weekday,Queens,Willets Point,1.0
22,Weekday,Staten Island,Stapleton,1.0
22,Weekday,Queens,Auburndale,1.0
22,Weekday,Queens,Breezy Point/Fort Tilden/Riis Beach,1.0
22,Weekday,Queens,Bay Terrace/Fort Totten,1.0
22,Weekday,Staten Island,Bloomfield/Emerson Hill,1.0
22,Weekday,Bronx,Bronx Park,1.0
22,Weekday,Queens,Astoria Park,1.0
22,Weekday,Queens,Rockaway Park,1.0
22,Weekday,Staten Island,Oakwood,1.0
22,Weekday,Bronx,Rikers Island,1.0
22,Weekday,Bronx,Van Cortlandt Park,1.0
22,Weekday,Bronx,Eastchester,1.0
22,Weekday,Queens,East Flushing,1.0
22,Weekday,Brooklyn,Dyker Heights,1.0
22,Weekday,Staten Island,South Beach/Dongan Hills,1.0
22,Weekday,Brooklyn,Green-Wood Cemetery,1.0
22,Weekday,Manhattan,Highbridge Park,1.0
22,Weekday,Brooklyn,Marine Park/Floyd Bennett Field,1.0
22,Weekday,Bronx,Riverdale/North Riverdale/Fieldston,1.0
22,Weekday,Staten Island,Saint George/New Brighton,1.0
22,Weekday,Brooklyn,Ocean Parkway South,1.0
23,Weekday,Queens,JFK Airport,238.75
23,Weekday,Manhattan,Times Sq/Theatre District,234.92
23,Weekday,Manhattan,West Village,224.86
23,Weekday,Manhattan,East Village,219.56
23,Weekday,Queens,LaGuardia Airport,192.16
23,Weekday,Manhattan,Midtown Center,176.73
23,Weekday,Manhattan,Greenwich Village South,172.75
23,Weekday,Manhattan,Union Sq,169.83
23,Weekday,Manhattan,Clinton East,168.78
23,Weekday,Manhattan,Penn Station/Madison Sq West,138.94
23,Weekday,Manhattan,Lincoln Square East,137.73
23,Weekday,Manhattan,Midtown South,128.55
23,Weekday,Manhattan,East Chelsea,125.11
23,Weekday,Manhattan,Midtown North,116.05
23,Weekday,Manhattan,Upper East Side South,106.28
23,Weekday,Manhattan,Gramercy,105.78
23,Weekday,Manhattan,Lower East Side,104.8
23,Weekday,Manhattan,Murray Hill,98.52
23,Weekday,Manhattan,Flatiron,89.52
23,Weekday,Manhattan,Midtown East,89.5
23,Weekday,Manhattan,Greenwich Village North,84.02
23,Weekday,Manhattan,Meatpacking/West Village West,80.48
23,Weekday,Manhattan,Little Italy/NoLiTa,73.3
23,Weekday,Manhattan,TriBeCa/Civic Center,70.63
23,Weekday,Manhattan,Garment District,61.27
23,Weekday,Manhattan,Upper West Side South,60.59
23,Weekday,Manhattan,West Chelsea/Hudson Yards,56.64
23,Weekday,Manhattan,Lenox Hill West,55.64
23,Weekday,Manhattan,SoHo,54.73
23,Weekday,Manhattan,Sutton Place/Turtle Bay North,54.16
23,Weekday,Manhattan,Yorkville West,51.13
23,Weekday,Manhattan,Kips Bay,47.09
23,Weekday,Manhattan,Upper East Side North,43.58
23,Weekday,Manhattan,Lenox Hill East,30.25
23,Weekday,Manhattan,Upper West Side North,30.05
23,Weekday,Manhattan,UN/Turtle Bay South,30.05
23,Weekday,Manhattan,Financial District North,28.06
23,Weekday,Manhattan,Hudson Sq,25.98
23,Weekday,Manhattan,Clinton West,24.98
23,Weekday,Manhattan,Lincoln Square West,22.92
23,Weekday,Manhattan,Central Park,19.41
23,Weekday,Queens,East Elmhurst,19.38
23,Weekday,Manhattan,Alphabet City,18.74
23,Weekday,Manhattan,Morningside Heights,18.09
23,Weekday,Manhattan,Financial District South,16.46
23,Weekday,Manhattan,World Trade Center,14.48
23,Weekday,Manhattan,East Harlem South,14.44
23,Weekday,Manhattan,Central Harlem,13.64
23,Weekday,Brooklyn,Williamsburg (North Side),13.52
23,Weekday,Manhattan,Two Bridges/Seward Park,13.06
23,Weekday,Manhattan,Yorkville East,12.78
23,Weekday,Manhattan,Seaport,12.38
23,Weekday,Manhattan,Manhattan Valley,12.38
23,Weekday,Manhattan,Chinatown,11.78
23,Weekday,Manhattan,East Harlem North,9.75
23,Weekday,Brooklyn,Fort Greene,9.0
23,Weekday,Queens,Jamaica,8.91
23,Weekday,Manhattan,Battery Park City,8.88
23,Weekday,Manhattan,Central Harlem North,8.34
23,Weekday,Brooklyn,Williamsburg (South Side),8.0
23,Weekday,Manhattan,Washington Heights South,7.59
23,Weekday,Manhattan,Stuy Town/Peter Cooper Village,7.4
23,Weekday,Manhattan,Hamilton Heights,7.36
23,Weekday,Unknown,N/A,7.3
23,Weekday,Brooklyn,Park Slope,6.91
23,Weekday,Manhattan,Bloomingdale,6.61
23,Weekday,Brooklyn,Greenpoint,6.41
23,Weekday,Queens,Astoria,6.21
23,Weekday,Queens,Long Island City/Hunters Point,5.87
23,Weekday,Brooklyn,Crown Heights North,5.55
23,Weekday,Queens,Sunnyside,5.53
23,Weekday,Manhattan,Manhattanville,5.43
23,Weekday,Brooklyn,Downtown Brooklyn/MetroTech,5.38
23,Weekday,Brooklyn,East New York,5.02
23,Weekday,Brooklyn,Boerum Hill,4.89
23,Weekday,Queens,Jackson Heights,4.46
23,Weekday,Brooklyn,DUMBO/Vinegar Hill,4.46
23,Weekday,Brooklyn,East Williamsburg,4.33
23,Weekday,Bronx,Mott Haven/Port Morris,4.19
23,Weekday,Brooklyn,Brooklyn Heights,4.05
23,Weekday,Queens,Forest Hills,3.95
23,Weekday,Manhattan,Washington Heights North,3.89
23,Weekday,Brooklyn,Flatbush/Ditmas Park,3.82
23,Weekday,Brooklyn,Bedford,3.67
23,Weekday,Brooklyn,Bushwick South,3.59
23,Weekday,Queens,Long Island City/Queens Plaza,3.34
23,Weekday,Queens,Elmhurst,3.3
23,Weekday,Brooklyn,Bushwick North,3.2
23,Weekday,Queens,Steinway,3.04
23,Weekday,Brooklyn,Clinton Hill,3.02
23,Weekday,Queens,South Ozone Park,2.95
23,Weekday,Brooklyn,Stuyvesant Heights,2.93
23,Weekday,Queens,Richmond Hill,2.83
23,Weekday,Brooklyn,Prospect-Lefferts Gardens,2.76
23,Weekday,Brooklyn,Prospect Heights,2.75
23,Weekday,Queens,Flushing,2.66
23,Weekday,Queens,Woodside,2.57
23,Weekday,Brooklyn,Ocean Hill,2.53
23,Weekday,Brooklyn,Erasmus,2.53
23,Weekday,Brooklyn,Carroll Gardens,2.42
23,Weekday,Bronx,West Concourse,2.38
23,Weekday,Queens,Baisley Park,2.22
23,Weekday,Brooklyn,Gowanus,2.21
23,Weekday,Brooklyn,Brownsville,2.18
23,Weekday,Queens,South Jamaica,2.16
23,Weekday,Brooklyn,Crown Heights South,2.14
23,Weekday,Queens,Ridgewood,2.1
23,Weekday,Brooklyn,Borough Park,2.0
23,Weekday,Manhattan,Inwood,2.0
23,Weekday,Queens,Briarwood/Jamaica Hills,1.95
23,Weekday,Brooklyn,Canarsie,1.94
23,Weekday,Queens,Old Astoria,1.93
23,Weekday,Brooklyn,Cobble Hill,1.93
23,Weekday,Queens,Queensbridge/Ravenswood,1.91
23,Weekday,Queens,Springfield Gardens South,1.91
23,Weekday,Brooklyn,Flatlands,1.88
23,Weekday,Bronx,East Concourse/Concourse Village,1.88
23,Weekday,Brooklyn,Cypress Hills,1.86
23,Weekday,Brooklyn,East Flatbush/Remsen Village,1.86
23,Weekday,Brooklyn,South Williamsburg,1.85
23,Weekday,Queens,Corona,1.81
23,Weekday,Bronx,Melrose South,1.79
23,Weekday,Queens,Maspeth,1.76
23,Weekday,Manhattan,Battery Park,1.73
23,Weekday,Brooklyn,Sunset Park West,1.71
23,Weekday,Brooklyn,East New York/Pennsylvania Avenue,1.67
23,Weekday,Brooklyn,East Flatbush/Farragut,1.67
23,Weekday,Queens,Springfield Gardens North,1.66
23,Weekday,Queens,Queens Village,1.66
23,Weekday,Bronx,Pelham Parkway,1.65
23,Weekday,Queens,Saint Albans,1.65
23,Weekday,Queens,Laurelton,1.65
23,Weekday,Queens,Rego Park,1.63
23,Weekday,Queens,North Corona,1.63
23,Weekday,Queens,Woodhaven,1.6
23,Weekday,Bronx,Williamsbridge/Olinville,1.59
23,Weekday,Queens,Hillcrest/Pomonok,1.56
23,Weekday,Brooklyn,Windsor Terrace,1.56
23,Weekday,Brooklyn,Red Hook,1.55
23,Weekday,Queens,Elmhurst/Maspeth,1.55
23,Weekday,Bronx,University Heights/Morris Heights,1.55
23,Weekday,Bronx,Van Nest/Morris Park,1.54
23,Weekday,Bronx,Spuyten Duyvil/Kingsbridge,1.54
23,Weekday,Brooklyn,Bay Ridge,1.54
23,Weekday,Queens,Queensboro Hill,1.53
23,Weekday,Bronx,Soundview/Castle Hill,1.52
23,Weekday,Queens,Ozone Park,1.5
23,Weekday,Bronx,Mount Hope,1.5
23,Weekday,Queens,Glendale,1.48
23,Weekday,Brooklyn,Sheepshead Bay,1.48
23,Weekday,Bronx,Highbridge,1.47
23,Weekday,Queens,Howard Beach,1.46
23,Weekday,Queens,Flushing Meadows-Corona Park,1.45
23,Weekday,Bronx,Westchester Village/Unionport,1.44
23,Weekday,Queens,Kew Gardens,1.44
23,Weekday,Queens,Murray Hill-Queens,1.43
23,Weekday,Queens,Jamaica Estates,1.41
23,Weekday,N/A,Outside of NYC,1.41
23,Weekday,Queens,Middle Village,1.4
23,Weekday,Bronx,Bedford Park,1.4
23,Weekday,Bronx,West Farms/Bronx River,1.4
23,Weekday,Bronx,Morrisania/Melrose,1.39
23,Weekday,Brooklyn,Bensonhurst West,1.39
23,Weekday,Manhattan,Randalls Island,1.38
23,Weekday,Queens,Glen Oaks,1.37
23,Weekday,Brooklyn,Starrett City,1.36
23,Weekday,Bronx,Norwood,1.35
23,Weekday,Queens,Bellerose,1.35
23,Weekday,Queens,Far Rockaway,1.35
23,Weekday,Manhattan,Highbridge Park,1.33
23,Weekday,Brooklyn,Bath Beach,1.33
23,Weekday,Bronx,Hunts Point,1.33
23,Weekday,Bronx,Schuylerville/Edgewater Park,1.33
23,Weekday,Bronx,Crotona Park East,1.3
23,Weekday,Bronx,Fordham South,1.29
23,Weekday,Brooklyn,Kensington,1.28
23,Weekday,Queens,Kew Gardens Hills,1.27
23,Weekday,Brooklyn,Brooklyn Navy Yard,1.27
23,Weekday,Bronx,Van Cortlandt Village,1.27
23,Weekday,Brooklyn,Manhattan Beach,1.26
23,Weekday,Queens,Bayside,1.25
23,Weekday,Queens,East Flushing,1.25
23,Weekday,Brooklyn,Brighton Beach,1.25
23,Weekday,Brooklyn,Midwood,1.25
23,Weekday,Bronx,Bronxdale,1.24
23,Weekday,Brooklyn,Coney Island,1.24
23,Weekday,Brooklyn,Marine Park/Mill Basin,1.24
23,Weekday,Brooklyn,Homecrest,1.23
23,Weekday,Bronx,Belmont,1.23
23,Weekday,Queens,Oakland Gardens,1.22
23,Weekday,Brooklyn,Sunset Park East,1.22
23,Weekday,Bronx,Eastchester,1.21
23,Weekday,Bronx,Claremont/Bathgate,1.21
23,Weekday,Brooklyn,Madison,1.21
23,Weekday,Bronx,Van Cortlandt Park,1.2
23,Weekday,Bronx,Kingsbridge Heights,1.2
23,Weekday,Queens,Hollis,1.2
23,Weekday,Queens,College Point,1.19
23,Weekday,Bronx,Longwood,1.19
23,Weekday,Queens,Cambria Heights,1.18
23,Weekday,Bronx,Co-Op City,1.18
23,Weekday,Brooklyn,Gravesend,1.18
23,Weekday,Bronx,Allerton/Pelham Gardens,1.17
23,Weekday,Bronx,East Tremont,1.17
23,Weekday,Manhattan,Roosevelt Island,1.16
23,Weekday,Queens,Whitestone,1.16
23,Weekday,Bronx,Riverdale/North Riverdale/Fieldston,1.15
23,Weekday,Brooklyn,Bensonhurst East,1.13
23,Weekday,Brooklyn,Dyker Heights,1.13
23,Weekday,Queens,Rosedale,1.13
23,Weekday,Brooklyn,Columbia Street,1.12
23,Weekday,Bronx,Woodlawn/Wakefield,1.12
23,Weekday,Bronx,Soundview/Bruckner,1.11
23,Weekday,Queens,Auburndale,1.09
23,Weekday,Queens,Fresh Meadows,1.08
23,Weekday,Bronx,Pelham Bay,1.0
23,Weekday,Bronx,Parkchester,1.0
23,Weekday,Bronx,City Island,1.0
23,Weekday,Manhattan,Marble Hill,1.0
23,Weekday,Queens,Saint Michaels Cemetery/Woodside,1.0
23,Weekday,Queens,Douglaston,1.0
23,Weekday,Staten Island,South Beach/Dongan Hills,1.0
23,Weekday,Staten Island,Mariners Harbor,1.0
23,Weekday,Bronx,Rikers Island,1.0
23,Weekday,EWR,Newark Airport,1.0
23,Weekday,Brooklyn,Marine Park/Floyd Bennett Field,1.0
23,Weekday,Queens,Rockaway Park,1.0
23,Weekday,Staten Island,Eltingville/Annadale/Prince's Bay,1.0
23,Weekday,Staten Island,Grymes Hill/Clifton,1.0
23,Weekday,Brooklyn,Prospect Park,1.0
23,Weekday,Queens,Astoria Park,1.0
23,Weekday,Queens,Broad Channel,1.0
23,Weekday,Staten Island,Arden Heights,1.0
23,Weekday,Staten Island,Arrochar/Fort Wadsworth,1.0
23,Weekday,Bronx,Bronx Park,1.0
23,Weekday,Queens,Bay Terrace/Fort Totten,1.0
23,Weekday,Staten Island,Heartland Village/Todt Hill,1.0
23,Weekday,Brooklyn,Ocean Parkway South,1.0
23,Weekday,Queens,Hammels/Arverne,1.0
23,Weekday,Queens,Forest Park/Highland Park,1.0
23,Weekday,Staten Island,Westerleigh,1.0
23,Weekday,Staten Island,Stapleton,1.0
23,Weekday,Manhattan,Inwood Hill Park,1.0
0,Weekend,Manhattan,East Village,736.54
0,Weekend,Manhattan,West Village,558.19
0,Weekend,Manhattan,Greenwich Village South,415.46
0,Weekend,Manhattan,Lower East Side,391.77
0,Weekend,Manhattan,Clinton East,267.85
0,Weekend,Manhattan,Union Sq,251.5
0,Weekend,Manhattan,Gramercy,230.96
0,Weekend,Manhattan,Meatpacking/West Village West,204.38
0,Weekend,Manhattan,Little Italy/NoLiTa,197.65
0,Weekend,Manhattan,Flatiron,191.38
0,Weekend,Manhattan,Times Sq/Theatre District,185.5
0,Weekend,Manhattan,Midtown South,184.85
0,Weekend,Manhattan,East Chelsea,183.35
0,Weekend,Manhattan,Penn Station/Madison Sq West,162.5
0,Weekend,Manhattan,Greenwich Village North,157.92
0,Weekend,Manhattan,TriBeCa/Civic Center,152.08
0,Weekend,Queens,JFK Airport,141.23
0,Weekend,Manhattan,Murray Hill,131.31
0,Weekend,Manhattan,SoHo,129.88
0,Weekend,Manhattan,Lincoln Square East,118.62
0,Weekend,Manhattan,Midtown Center,110.77
0,Weekend,Manhattan,Midtown North,103.19
0,Weekend,Manhattan,Kips Bay,100.77
0,Weekend,Manhattan,Yorkville West,100.31
0,Weekend,Manhattan,Upper East Side South,98.5
0,Weekend,Manhattan,Alphabet City,90.08
0,Weekend,Manhattan,Upper West Side South,86.77
0,Weekend,Manhattan,Lenox Hill West,84.73
0,Weekend,Manhattan,Garment District,84.42
0,Weekend,Manhattan,West Chelsea/Hudson Yards,83.77
0,Weekend,Manhattan,Sutton Place/Turtle Bay North,73.42
0,Weekend,Manhattan,Midtown East,72.08
0,Weekend,Manhattan,Financial District North,70.35
0,Weekend,Queens,LaGuardia Airport,61.35
0,Weekend,Manhattan,Hudson Sq,60.23
0,Weekend,Manhattan,Clinton West,49.65
0,Weekend,Brooklyn,Williamsburg (North Side),47.0
0,Weekend,Manhattan,Upper East Side North,41.35
0,Weekend,Manhattan,Financial District South,40.0
0,Weekend,Manhattan,UN/Turtle Bay South,39.38
0,Weekend,Manhattan,Upper West Side North,37.46
0,Weekend,Manhattan,Two Bridges/Seward Park,35.54
0,Weekend,Manhattan,Seaport,34.42
0,Weekend,Manhattan,Lenox Hill East,31.08
0,Weekend,Manhattan,Chinatown,27.38
0,Weekend,Manhattan,Lincoln Square West,24.81
0,Weekend,Brooklyn,Williamsburg (South Side),24.08
0,Weekend,Brooklyn,Greenpoint,22.68
0,Weekend,Manhattan,Central Harlem,21.54
0,Weekend,Manhattan,World Trade Center,20.62
0,Weekend,Manhattan,Morningside Heights,20.54
0,Weekend,Manhattan,East Harlem South,17.96
0,Weekend,Manhattan,Manhattan Valley,17.62
0,Weekend,Manhattan,Yorkville East,17.0
0,Weekend,Manhattan,Central Park,17.0
0,Weekend,Queens,Long Island City/Hunters Point,16.72
0,Weekend,Manhattan,Stuy Town/Peter Cooper Village,16.35
0,Weekend,Brooklyn,East Williamsburg,15.88
0,Weekend,Manhattan,Central Harlem North,14.04
0,Weekend,Manhattan,East Harlem North,13.69
0,Weekend,Brooklyn,Park Slope,13.63
0,Weekend,Brooklyn,Fort Greene,12.73
0,Weekend,Manhattan,Battery Park City,12.42
0,Weekend,Manhattan,Hamilton Heights,12.42
0,Weekend,Brooklyn,Boerum Hill,12.08
0,Weekend,Brooklyn,Bushwick South,11.91
0,Weekend,Unknown,N/A,11.62
0,Weekend,Brooklyn,Crown Heights North,10.35
0,Weekend,Manhattan,Washington Heights South,9.96
0,Weekend,Queens,Astoria,9.88
0,Weekend,Manhattan,Bloomingdale,9.81
0,Weekend,Brooklyn,Downtown Brooklyn/MetroTech,9.27
0,Weekend,Brooklyn,Bushwick North,9.24
0,Weekend,Queens,East Elmhurst,8.85
0,Weekend,Brooklyn,DUMBO/Vinegar Hill,8.43
0,Weekend,Brooklyn,Bedford,8.27
0,Weekend,Queens,Sunnyside,7.96
0,Weekend,Brooklyn,Brooklyn Heights,7.38
0,Weekend,Bronx,Mott Haven/Port Morris,7.18
0,Weekend,Brooklyn,Clinton Hill,7.13
0,Weekend,Manhattan,Manhattanville,6.77
0,Weekend,Brooklyn,Stuyvesant Heights,6.62
0,Weekend,Brooklyn,Prospect Heights,5.62
0,Weekend,Queens,Jamaica,5.62
0,Weekend,Queens,Jackson Heights,5.61
0,Weekend,Queens,Long Island City/Queens Plaza,5.61
0,Weekend,Manhattan,Washington Heights North,5.33
0,Weekend,Brooklyn,Gowanus,5.26
0,Weekend,Brooklyn,Prospect-Lefferts Gardens,4.95
0,Weekend,Brooklyn,Flatbush/Ditmas Park,4.25
0,Weekend,Queens,Ridgewood,4.05
0,Weekend,Queens,Flushing,4.0
0,Weekend,Queens,Steinway,4.0
0,Weekend,Brooklyn,East New York,3.87
0,Weekend,Brooklyn,Carroll Gardens,3.71
0,Weekend,Brooklyn,Crown Heights South,3.71
0,Weekend,Bronx,West Concourse,3.47
0,Weekend,Brooklyn,Brownsville,3.41
0,Weekend,Queens,South Ozone Park,3.38
0,Weekend,Queens,Old Astoria,3.35
0,Weekend,Queens,Elmhurst,3.3
0,Weekend,Queens,Forest Hills,3.21
0,Weekend,Queens,Woodside,3.11
0,Weekend,Brooklyn,Ocean Hill,3.05
0,Weekend,Bronx,East Concourse/Concourse Village,2.88
0,Weekend,Brooklyn,East New York/Pennsylvania Avenue,2.79
0,Weekend,Brooklyn,East Flatbush/Remsen Village,2.75
0,Weekend,Brooklyn,Sunset Park West,2.73
0,Weekend,Queens,Richmond Hill,2.57
0,Weekend,Brooklyn,Bay Ridge,2.53
0,Weekend,Bronx,Melrose South,2.5
0,Weekend,Brooklyn,Erasmus,2.5
0,Weekend,Brooklyn,Cobble Hill,2.5
0,Weekend,Bronx,Longwood,2.43
0,Weekend,Queens,Queensbridge/Ravenswood,2.43
0,Weekend,Bronx,Spuyten Duyvil/Kingsbridge,2.27
0,Weekend,Brooklyn,Canarsie,2.2
0,Weekend,Queens,Elmhurst/Maspeth,2.18
0,Weekend,Queens,Woodhaven,2.18
0,Weekend,Brooklyn,Flatlands,2.13
0,Weekend,Queens,Baisley Park,2.13
0,Weekend,Brooklyn,East Flatbush/Farragut,2.12
0,Weekend,Queens,Kew Gardens,2.07
0,Weekend,Queens,North Corona,2.06
0,Weekend,Brooklyn,Red Hook,2.06
0,Weekend,Queens,Queens Village,2.0
0,Weekend,Manhattan,Inwood,2.0
0,Weekend,Bronx,Mount Hope,2.0
0,Weekend,Queens,Maspeth,2.0
0,Weekend,Brooklyn,Homecrest,2.0
0,Weekend,Bronx,University Heights/Morris Heights,2.0
0,Weekend,Staten Island,Heartland Village/Todt Hill,2.0
0,Weekend,Queens,Briarwood/Jamaica Hills,2.0
0,Weekend,Bronx,Allerton/Pelham Gardens,2.0
0,Weekend,Queens,Ozone Park,2.0
0,Weekend,Queens,Murray Hill-Queens,2.0
0,Weekend,Bronx,East Tremont,1.92
0,Weekend,Brooklyn,Midwood,1.9
0,Weekend,Queens,Springfield Gardens North,1.9
0,Weekend,Brooklyn,Marine Park/Mill Basin,1.83
0,Weekend,Bronx,Van Cortlandt Village,1.82
0,Weekend,Bronx,Kingsbridge Heights,1.82
0,Weekend,Brooklyn,South Williamsburg,1.8
0,Weekend,Queens,South Jamaica,1.8
0,Weekend,Queens,Howard Beach,1.8
0,Weekend,Bronx,Claremont/Bathgate,1.79
0,Weekend,Bronx,Hunts Point,1.78
0,Weekend,Bronx,Co-Op City,1.78
0,Weekend,Queens,Rego Park,1.77
0,Weekend,Brooklyn,Cypress Hills,1.76
0,Weekend,Queens,Corona,1.75
0,Weekend,Queens,Flushing Meadows-Corona Park,1.69
0,Weekend,Brooklyn,Sheepshead Bay,1.69
0,Weekend,Bronx,Highbridge,1.67
0,Weekend,Brooklyn,Kensington,1.67
0,Weekend,Brooklyn,Sunset Park East,1.67
0,Weekend,Queens,Bayside,1.64
0,Weekend,Bronx,Van Nest/Morris Park,1.63
0,Weekend,Bronx,Schuylerville/Edgewater Park,1.62
0,Weekend,Queens,College Point,1.62
0,Weekend,Queens,Middle Village,1.6
0,Weekend,Brooklyn,Prospect Park,1.57
0,Weekend,Brooklyn,Brooklyn Navy Yard,1.55
0,Weekend,Bronx,Morrisania/Melrose,1.55
0,Weekend,Bronx,Crotona Park East,1.54
0,Weekend,Bronx,Bedford Park,1.53
0,Weekend,Brooklyn,Coney Island,1.5
0,Weekend,Queens,Kew Gardens Hills,1.5
0,Weekend,Bronx,City Island,1.5
0,Weekend,Queens,Glendale,1.5
0,Weekend,Brooklyn,Windsor Terrace,1.5
0,Weekend,Bronx,Williamsbridge/Olinville,1.5
0,Weekend,Queens,Auburndale,1.5
0,Weekend,Queens,Springfield Gardens South,1.47
0,Weekend,Queens,Glen Oaks,1.46
0,Weekend,Bronx,Soundview/Bruckner,1.44
0,Weekend,Brooklyn,Bensonhurst West,1.44
0,Weekend,Bronx,Norwood,1.44
0,Weekend,Brooklyn,Manhattan Beach,1.43
0,Weekend,Bronx,Soundview/Castle Hill,1.42
0,Weekend,Brooklyn,Dyker Heights,1.38
0,Weekend,Brooklyn,Bensonhurst East,1.36
0,Weekend,Brooklyn,Brighton Beach,1.36
0,Weekend,Queens,Far Rockaway,1.33
0,Weekend,Manhattan,Roosevelt Island,1.33
0,Weekend,Queens,Oakland Gardens,1.33
0,Weekend,Queens,Hillcrest/Pomonok,1.33
0,Weekend,Brooklyn,Columbia Street,1.3
0,Weekend,Bronx,Westchester Village/Unionport,1.3
0,Weekend,Bronx,West Farms/Bronx River,1.29
0,Weekend,Manhattan,Battery Park,1.29
0,Weekend,Queens,Whitestone,1.29
0,Weekend,Bronx,Belmont,1.27
0,Weekend,Queens,Jamaica Estates,1.25
0,Weekend,Bronx,Parkchester,1.25
0,Weekend,Brooklyn,Borough Park,1.25
0,Weekend,Queens,Hollis,1.25
0,Weekend,Queens,Cambria Heights,1.25
0,Weekend,Queens,Queensboro Hill,1.25
0,Weekend,N/A,Outside of NYC,1.22
0,Weekend,Bronx,Woodlawn/Wakefield,1.22
0,Weekend,Bronx,Bronxdale,1.22
0,Weekend,Bronx,Pelham Bay,1.2
0,Weekend,Queens,Saint Albans,1.2
0,Weekend,Queens,Rosedale,1.18
0,Weekend,Bronx,Riverdale/North Riverdale/Fieldston,1.14
0,Weekend,Brooklyn,Gravesend,1.14
0,Weekend,Manhattan,Marble Hill,1.14
0,Weekend,Bronx,Fordham South,1.11
0,Weekend,Bronx,Eastchester,1.1
0,Weekend,Queens,Fresh Meadows,1.0
0,Weekend,Staten Island,South Beach/Dongan Hills,1.0
0,Weekend,Queens,Bellerose,1.0
0,Weekend,Queens,Laurelton,1.0
0,Weekend,Queens,Broad Channel,1.0
0,Weekend,Queens,East Flushing,1.0
0,Weekend,Staten Island,Bloomfield/Emerson Hill,1.0
0,Weekend,Brooklyn,Starrett City,1.0
0,Weekend,Queens,Saint Michaels Cemetery/Woodside,1.0
0,Weekend,Bronx,Pelham Bay Park,1.0
0,Weekend,Queens,Douglaston,1.0
0,Weekend,Queens,Hammels/Arverne,1.0
0,Weekend,Bronx,Pelham Parkway,1.0
0,Weekend,Staten Island,Arrochar/Fort Wadsworth,1.0
0,Weekend,Queens,Forest Park/Highland Park,1.0
0,Weekend,Brooklyn,Green-Wood Cemetery,1.0
0,Weekend,Bronx,Country Club,1.0
0,Weekend,Manhattan,Randalls Island,1.0
0,Weekend,Manhattan,Inwood Hill Park,1.0
0,Weekend,Staten Island,Stapleton,1.0
0,Weekend,Brooklyn,Bath Beach,1.0
0,Weekend,Queens,Rockaway Park,1.0
0,Weekend,Manhattan,Highbridge Park,1.0
0,Weekend,Queens,Bay Terrace/Fort Totten,1.0
0,Weekend,Brooklyn,Madison,1.0
0,Weekend,Brooklyn,Ocean Parkway South,1.0
0,Weekend,Queens,Breezy Point/Fort Tilden/Riis Beach,1.0
0,Weekend,Staten Island,Westerleigh,1.0
1,Weekend,Manhattan,East Village,724.73
1,Weekend,Manhattan,West Village,518.5
1,Weekend,Manhattan,Lower East Side,450.88
1,Weekend,Manhattan,Greenwich Village South,436.42
1,Weekend,Manhattan,Meatpacking/West Village West,222.38
1,Weekend,Manhattan,Little Italy/NoLiTa,213.85
1,Weekend,Manhattan,Clinton East,188.08
1,Weekend,Manhattan,Union Sq,168.23
1,Weekend,Manhattan,Gramercy,165.0
1,Weekend,Manhattan,Flatiron,144.35
1,Weekend,Manhattan,Midtown South,130.96
1,Weekend,Manhattan,Greenwich Village North,129.85
1,Weekend,Manhattan,East Chelsea,127.15
1,Weekend,Manhattan,SoHo,125.31
1,Weekend,Manhattan,Alphabet City,109.23
1,Weekend,Manhattan,TriBeCa/Civic Center,107.77
1,Weekend,Manhattan,Times Sq/Theatre District,103.27
1,Weekend,Manhattan,Penn Station/Madison Sq West,83.62
1,Weekend,Manhattan,West Chelsea/Hudson Yards,79.88
1,Weekend,Manhattan,Murray Hill,72.31
1,Weekend,Manhattan,Kips Bay,64.73
1,Weekend,Queens,JFK Airport,61.69
1,Weekend,Manhattan,Yorkville West,60.31
1,Weekend,Manhattan,Garment District,59.65
1,Weekend,Manhattan,Lenox Hill West,49.92
1,Weekend,Manhattan,Hudson Sq,48.15
1,Weekend,Manhattan,Upper East Side South,47.73
1,Weekend,Manhattan,Midtown North,46.96
1,Weekend,Manhattan,Midtown Center,44.69
1,Weekend,Brooklyn,Williamsburg (North Side),43.27
1,Weekend,Manhattan,Upper West Side South,40.77
1,Weekend,Manhattan,Sutton Place/Turtle Bay North,39.5
1,Weekend,Manhattan,Financial District North,38.08
1,Weekend,Manhattan,Midtown East,36.15
1,Weekend,Manhattan,Lincoln Square East,34.73
1,Weekend,Manhattan,Two Bridges/Seward Park,28.27
1,Weekend,Manhattan,Financial District South,27.73
1,Weekend,Manhattan,Clinton West,26.35
1,Weekend,Manhattan,Seaport,24.88
1,Weekend,Brooklyn,Williamsburg (South Side),24.6
1,Weekend,Manhattan,Chinatown,22.12
1,Weekend,Brooklyn,East Williamsburg,19.25
1,Weekend,Manhattan,UN/Turtle Bay South,18.23
1,Weekend,Brooklyn,Greenpoint,17.6
1,Weekend,Manhattan,Upper East Side North,17.58
1,Weekend,Brooklyn,Bushwick North,16.27
1,Weekend,Queens,LaGuardia Airport,16.04
1,Weekend,Manhattan,Upper West Side North,15.58
1,Weekend,Manhattan,Lenox Hill East,15.27
1,Weekend,Manhattan,Stuy Town/Peter Cooper Village,13.48
1,Weekend,Brooklyn,Bushwick South,13.35
1,Weekend,Manhattan,Central Harlem,10.56
1,Weekend,Manhattan,World Trade Center,10.38
1,Weekend,Manhattan,Lincoln Square West,9.15
1,Weekend,Brooklyn,Boerum Hill,9.12
1,Weekend,Unknown,N/A,8.92
1,Weekend,Manhattan,Morningside Heights,8.6
1,Weekend,Manhattan,East Harlem South,8.46
1,Weekend,Manhattan,Central Harlem North,8.32
1,Weekend,Queens,Astoria,8.29
1,Weekend,Queens,Long Island City/Hunters Point,8.04
1,Weekend,Manhattan,Yorkville East,7.58
1,Weekend,Brooklyn,Fort Greene,7.27
1,Weekend,Brooklyn,Park Slope,7.0
1,Weekend,Manhattan,East Harlem North,6.62
1,Weekend,Manhattan,Manhattan Valley,6.23
1,Weekend,Brooklyn,Crown Heights North,6.11
1,Weekend,Manhattan,Central Park,6.04
1,Weekend,Manhattan,Hamilton Heights,5.74
1,Weekend,Brooklyn,Bedford,5.32
1,Weekend,Manhattan,Battery Park City,5.08
1,Weekend,Manhattan,Bloomingdale,4.84
1,Weekend,Brooklyn,Downtown Brooklyn/MetroTech,4.79
1,Weekend,Queens,Ridgewood,4.71
1,Weekend,Brooklyn,DUMBO/Vinegar Hill,4.62
1,Weekend,Queens,Sunnyside,4.56
1,Weekend,Manhattan,Washington Heights South,4.52
1,Weekend,Queens,Jamaica,4.29
1,Weekend,Bronx,Mott Haven/Port Morris,4.26
1,Weekend,Queens,East Elmhurst,3.95
1,Weekend,Brooklyn,Brooklyn Heights,3.9
1,Weekend,Queens,South Ozone Park,3.77
1,Weekend,Queens,Jackson Heights,3.63
1,Weekend,Brooklyn,Prospect Heights,3.55
1,Weekend,Brooklyn,East New York,3.53
1,Weekend,Queens,Maspeth,3.5
1,Weekend,Manhattan,Manhattanville,3.5
1,Weekend,Queens,Long Island City/Queens Plaza,3.5
1,Weekend,Queens,Woodside,3.47
1,Weekend,Manhattan,Washington Heights North,3.38
1,Weekend,Brooklyn,Clinton Hill,3.35
1,Weekend,Brooklyn,Stuyvesant Heights,3.29
1,Weekend,Queens,Richmond Hill,3.1
1,Weekend,Queens,Elmhurst,3.06
1,Weekend,Queens,Broad Channel,3.0
1,Weekend,Brooklyn,Prospect-Lefferts Gardens,2.94
1,Weekend,Queens,Forest Hills,2.82
1,Weekend,Brooklyn,Gowanus,2.67
1,Weekend,Brooklyn,Ocean Hill,2.61
1,Weekend,Queens,Steinway,2.6
1,Weekend,Manhattan,Inwood,2.5
1,Weekend,Bronx,West Concourse,2.4
1,Weekend,Brooklyn,Sunset Park West,2.37
1,Weekend,Brooklyn,Carroll Gardens,2.31
1,Weekend,Queens,Old Astoria,2.31
1,Weekend,Brooklyn,Brownsville,2.2
1,Weekend,Queens,Flushing,2.13
1,Weekend,Brooklyn,Flatbush/Ditmas Park,2.13
1,Weekend,Brooklyn,East Flatbush/Farragut,2.09
1,Weekend,Brooklyn,Canarsie,2.06
1,Weekend,Queens,Baisley Park,2.0
1,Weekend,Queens,Bayside,2.0
1,Weekend,Brooklyn,Red Hook,2.0
1,Weekend,Bronx,East Concourse/Concourse Village,2.0
1,Weekend,Queens,Laurelton,2.0
1,Weekend,Brooklyn,Crown Heights South,1.9
1,Weekend,Brooklyn,Cypress Hills,1.85
1,Weekend,Queens,Woodhaven,1.83
1,Weekend,Queens,Elmhurst/Maspeth,1.82
1,Weekend,Bronx,Schuylerville/Edgewater Park,1.8
1,Weekend,Bronx,Westchester Village/Unionport,1.78
1,Weekend,Queens,Ozone Park,1.78
1,Weekend,Brooklyn,Flatlands,1.77
1,Weekend,Brooklyn,Cobble Hill,1.77
1,Weekend,Bronx,Melrose South,1.75
1,Weekend,Queens,Queens Village,1.7
1,Weekend,Queens,South Jamaica,1.69
1,Weekend,Brooklyn,South Williamsburg,1.67
1,Weekend,Bronx,Hunts Point,1.67
1,Weekend,Bronx,Belmont,1.67
1,Weekend,Brooklyn,East New York/Pennsylvania Avenue,1.63
1,Weekend,Bronx,Woodlawn/Wakefield,1.63
1,Weekend,Queens,Kew Gardens,1.63
1,Weekend,Bronx,Soundview/Bruckner,1.63
1,Weekend,Queens,Rego Park,1.6
1,Weekend,Brooklyn,Bay Ridge,1.58
1,Weekend,Queens,Saint Albans,1.57
1,Weekend,Brooklyn,Borough Park,1.5
1,Weekend,Bronx,Soundview/Castle Hill,1.5
1,Weekend,Brooklyn,Prospect Park,1.5
1,Weekend,Queens,Auburndale,1.5
1,Weekend,Bronx,Fordham South,1.5
1,Weekend,Bronx,Highbridge,1.5
1,Weekend,Bronx,Williamsbridge/Olinville,1.43
1,Weekend,Bronx,Claremont/Bathgate,1.43
1,Weekend,Bronx,Bedford Park,1.42
1,Weekend,Queens,College Point,1.4
1,Weekend,Queens,Fresh Meadows,1.4
1,Weekend,Bronx,Norwood,1.4
1,Weekend,Brooklyn,Marine Park/Mill Basin,1.4
1,Weekend,Queens,Murray Hill-Queens,1.4
1,Weekend,Bronx,Mount Hope,1.4
1,Weekend,Brooklyn,East Flatbush/Remsen Village,1.4
1,Weekend,Brooklyn,Brooklyn Navy Yard,1.38
1,Weekend,Queens,Middle Village,1.36
1,Weekend,Bronx,Spuyten Duyvil/Kingsbridge,1.33
1,Weekend,Bronx,East Tremont,1.33
1,Weekend,Brooklyn,Coney Island,1.33
1,Weekend,Bronx,Longwood,1.33
1,Weekend,Queens,North Corona,1.33
1,Weekend,Bronx,Pelham Parkway,1.33
1,Weekend,Bronx,University Heights/Morris Heights,1.33
1,Weekend,Queens,Rockaway Park,1.33
1,Weekend,Queens,Bay Terrace/Fort Totten,1.33
1,Weekend,Brooklyn,Ocean Parkway South,1.33
1,Weekend,Brooklyn,Gravesend,1.33
1,Weekend,Queens,Briarwood/Jamaica Hills,1.33
1,Weekend,Brooklyn,Dyker Heights,1.33
1,Weekend,Brooklyn,Manhattan Beach,1.3
1,Weekend,Bronx,Morrisania/Melrose,1.3
1,Weekend,Queens,Glendale,1.29
1,Weekend,Brooklyn,Erasmus,1.27
1,Weekend,Brooklyn,Starrett City,1.25
1,Weekend,Queens,Flushing Meadows-Corona Park,1.25
1,Weekend,Bronx,Allerton/Pelham Gardens,1.25
1,Weekend,Queens,Corona,1.25
1,Weekend,Queens,Far Rockaway,1.25
1,Weekend,Bronx,Kingsbridge Heights,1.25
1,Weekend,Queens,Hillcrest/Pomonok,1.22
1,Weekend,Bronx,Bronxdale,1.2
1,Weekend,Bronx,Parkchester,1.2
1,Weekend,Queens,Howard Beach,1.2
1,Weekend,Queens,Springfield Gardens South,1.19
1,Weekend,Queens,Queensbridge/Ravenswood,1.18
1,Weekend,Brooklyn,Sunset Park East,1.18
1,Weekend,Brooklyn,Windsor Terrace,1.17
1,Weekend,Queens,Jamaica Estates,1.17
1,Weekend,Brooklyn,Homecrest,1.14
1,Weekend,Bronx,Van Nest/Morris Park,1.11
1,Weekend,Queens,Rosedale,1.11
1,Weekend,N/A,Outside of NYC,1.1
1,Weekend,Bronx,Co-Op City,1.1
1,Weekend,Brooklyn,Madison,1.09
1,Weekend,Bronx,Van Cortlandt Park,1.0
1,Weekend,Queens,Springfield Gardens North,1.0
1,Weekend,Staten Island,South Beach/Dongan Hills,1.0
1,Weekend,Staten Island,Bloomfield/Emerson Hill,1.0
1,Weekend,Brooklyn,Kensington,1.0
1,Weekend,Brooklyn,Bensonhurst East,1.0
1,Weekend,Manhattan,Highbridge Park,1.0
1,Weekend,Queens,Douglaston,1.0
1,Weekend,Queens,Kew Gardens Hills,1.0
1,Weekend,Brooklyn,Bensonhurst West,1.0
1,Weekend,Bronx,Pelham Bay,1.0
1,Weekend,Queens,East Flushing,1.0
1,Weekend,Bronx,City Island,1.0
1,Weekend,Bronx,West Farms/Bronx River,1.0
1,Weekend,Bronx,Riverdale/North Riverdale/Fieldston,1.0
1,Weekend,Queens,Cambria Heights,1.0
1,Weekend,Queens,Queensboro Hill,1.0
1,Weekend,Bronx,Crotona Park East,1.0
1,Weekend,Brooklyn,Bath Beach,1.0
1,Weekend,Manhattan,Battery Park,1.0
1,Weekend,Brooklyn,Brighton Beach,1.0
1,Weekend,Queens,Astoria Park,1.0
1,Weekend,Queens,Bellerose,1.0
1,Weekend,Manhattan,Randalls Island,1.0
1,Weekend,Brooklyn,Columbia Street,1.0
1,Weekend,Queens,Glen Oaks,1.0
1,Weekend,Staten Island,New Dorp/Midland Beach,1.0
1,Weekend,Queens,Whitestone,1.0
1,Weekend,Manhattan,Marble Hill,1.0
1,Weekend,Bronx,Van Cortlandt Village,1.0
1,Weekend,Queens,Forest Park/Highland Park,1.0
1,Weekend,Queens,Oakland Gardens,1.0
1,Weekend,Manhattan,Roosevelt Island,1.0
1,Weekend,Queens,Hammels/Arverne,1.0
1,Weekend,Staten Island,Stapleton,1.0
1,Weekend,Brooklyn,Midwood,1.0
1,Weekend,Brooklyn,Sheepshead Bay,1.0
1,Weekend,Queens,Hollis,1.0
1,Weekend,Bronx,Eastchester,1.0
2,Weekend,Manhattan,East Village,517.68
2,Weekend,Manhattan,Lower East Side,393.4
2,Weekend,Manhattan,West Village,356.56
2,Weekend,Manhattan,Greenwich Village South,329.12
2,Weekend,Manhattan,Little Italy/NoLiTa,199.84
2,Weekend,Manhattan,Meatpacking/West Village West,169.08
2,Weekend,Manhattan,Clinton East,129.96
2,Weekend,Manhattan,East Chelsea,103.72
2,Weekend,Manhattan,Flatiron,100.88
2,Weekend,Manhattan,Greenwich Village North,99.52
2,Weekend,Manhattan,Gramercy,99.4
2,Weekend,Manhattan,Alphabet City,90.92
2,Weekend,Manhattan,Union Sq,88.68
2,Weekend,Manhattan,West Chelsea/Hudson Yards,87.76
2,Weekend,Manhattan,SoHo,82.76
2,Weekend,Manhattan,Midtown South,76.32
2,Weekend,Manhattan,TriBeCa/Civic Center,61.88
2,Weekend,Manhattan,Times Sq/Theatre District,52.56
2,Weekend,Manhattan,Penn Station/Madison Sq West,49.96
2,Weekend,Brooklyn,Williamsburg (North Side),38.04
2,Weekend,Manhattan,Kips Bay,38.04
2,Weekend,Manhattan,Murray Hill,37.2
2,Weekend,Manhattan,Yorkville West,36.56
2,Weekend,Manhattan,Garment District,33.36
2,Weekend,Manhattan,Hudson Sq,31.92
2,Weekend,Manhattan,Lenox Hill West,29.84
2,Weekend,Queens,JFK Airport,25.46
2,Weekend,Manhattan,Midtown North,25.04
2,Weekend,Manhattan,Sutton Place/Turtle Bay North,24.6
2,Weekend,Brooklyn,East Williamsburg,23.52
2,Weekend,Manhattan,Two Bridges/Seward Park,21.4
2,Weekend,Manhattan,Upper East Side South,20.08
2,Weekend,Manhattan,Financial District North,19.58
2,Weekend,Brooklyn,Williamsburg (South Side),19.28
2,Weekend,Manhattan,Midtown East,18.24
2,Weekend,Brooklyn,Bushwick North,17.28
2,Weekend,Manhattan,Upper West Side South,16.64
2,Weekend,Manhattan,Clinton West,16.44
2,Weekend,Manhattan,Midtown Center,16.08
2,Weekend,Manhattan,Seaport,15.6
2,Weekend,Brooklyn,Bushwick South,14.83
2,Weekend,Brooklyn,Greenpoint,14.6
2,Weekend,Manhattan,Financial District South,13.0
2,Weekend,Brooklyn,Brooklyn Navy Yard,12.67
2,Weekend,Manhattan,Chinatown,12.4
2,Weekend,Manhattan,Lincoln Square East,12.28
2,Weekend,Manhattan,UN/Turtle Bay South,11.08
2,Weekend,Brooklyn,Boerum Hill,9.86
2,Weekend,Manhattan,Lenox Hill East,9.8
2,Weekend,Manhattan,Stuy Town/Peter Cooper Village,9.68
2,Weekend,Manhattan,Upper West Side North,8.68
2,Weekend,Queens,Maspeth,8.29
2,Weekend,Manhattan,Upper East Side North,7.52
2,Weekend,Queens,Astoria,7.08
2,Weekend,Unknown,N/A,6.12
2,Weekend,Manhattan,World Trade Center,5.8
2,Weekend,Queens,Ridgewood,5.47
2,Weekend,Queens,Long Island City/Hunters Point,5.36
2,Weekend,Manhattan,Central Harlem North,5.0
2,Weekend,Manhattan,Morningside Heights,4.96
2,Weekend,Manhattan,East Harlem South,4.92
2,Weekend,Brooklyn,Crown Heights North,4.83
2,Weekend,Manhattan,Central Harlem,4.83
2,Weekend,Queens,LaGuardia Airport,4.69
2,Weekend,Manhattan,Lincoln Square West,4.52
2,Weekend,Manhattan,Yorkville East,4.44
2,Weekend,Brooklyn,Stuyvesant Heights,4.26
2,Weekend,Queens,Sunnyside,4.25
2,Weekend,Queens,Jackson Heights,4.05
2,Weekend,Brooklyn,Park Slope,3.67
2,Weekend,Queens,Richmond Hill,3.55
2,Weekend,Queens,Jamaica,3.53
2,Weekend,Manhattan,East Harlem North,3.5
2,Weekend,Queens,Woodside,3.42
2,Weekend,Brooklyn,Downtown Brooklyn/MetroTech,3.4
2,Weekend,Queens,South Ozone Park,3.37
2,Weekend,Manhattan,Manhattan Valley,3.33
2,Weekend,Brooklyn,Gowanus,3.0
2,Weekend,Queens,Elmhurst,3.0
2,Weekend,Brooklyn,Brooklyn Heights,2.94
2,Weekend,Manhattan,Washington Heights North,2.89
2,Weekend,Manhattan,Bloomingdale,2.87
2,Weekend,Brooklyn,Fort Greene,2.86
2,Weekend,Queens,Long Island City/Queens Plaza,2.71
2,Weekend,Queens,East Elmhurst,2.7
2,Weekend,Brooklyn,DUMBO/Vinegar Hill,2.68
2,Weekend,Manhattan,Hamilton Heights,2.64
2,Weekend,Manhattan,Washington Heights South,2.6
2,Weekend,Manhattan,Central Park,2.6
2,Weekend,Brooklyn,East New York,2.59
2,Weekend,Bronx,Mott Haven/Port Morris,2.5
2,Weekend,Brooklyn,Bedford,2.47
2,Weekend,Brooklyn,South Williamsburg,2.43
2,Weekend,Manhattan,Battery Park City,2.35
2,Weekend,Brooklyn,Clinton Hill,2.31
2,Weekend,Brooklyn,Canarsie,2.2
2,Weekend,Queens,Old Astoria,2.11
2,Weekend,Queens,Steinway,2.06
2,Weekend,Queens,Jamaica Estates,2.0
2,Weekend,Bronx,Soundview/Bruckner,2.0
2,Weekend,Bronx,Melrose South,2.0
2,Weekend,Manhattan,Manhattanville,2.0
2,Weekend,Queens,Ozone Park,2.0
2,Weekend,Bronx,Pelham Parkway,2.0
2,Weekend,Queens,Rockaway Park,2.0
2,Weekend,Brooklyn,Brownsville,2.0
2,Weekend,Brooklyn,Sunset Park West,1.93
2,Weekend,Brooklyn,Crown Heights South,1.91
2,Weekend,Brooklyn,Flatlands,1.89
2,Weekend,Queens,Flushing,1.85
2,Weekend,Brooklyn,Flatbush/Ditmas Park,1.83
2,Weekend,Bronx,Crotona Park East,1.83
2,Weekend,Brooklyn,Ocean Hill,1.8
2,Weekend,Queens,Forest Hills,1.79
2,Weekend,Manhattan,Inwood,1.79
2,Weekend,Queens,Woodhaven,1.73
2,Weekend,Brooklyn,East Flatbush/Remsen Village,1.71
2,Weekend,Queens,Briarwood/Jamaica Hills,1.67
2,Weekend,Queens,Kew Gardens,1.67
2,Weekend,Brooklyn,Carroll Gardens,1.63
2,Weekend,Brooklyn,Prospect-Lefferts Gardens,1.6
2,Weekend,Brooklyn,Bensonhurst West,1.6
2,Weekend,Bronx,Kingsbridge Heights,1.6
2,Weekend,Queens,Howard Beach,1.6
2,Weekend,Brooklyn,Cobble Hill,1.6
2,Weekend,Brooklyn,Prospect Heights,1.55
2,Weekend,Bronx,Co-Op City,1.5
2,Weekend,Brooklyn,Bath Beach,1.5
2,Weekend,N/A,Outside of NYC,1.45
2,Weekend,Queens,Elmhurst/Maspeth,1.45
2,Weekend,Bronx,Hunts Point,1.44
2,Weekend,Bronx,University Heights/Morris Heights,1.44
2,Weekend,Brooklyn,Cypress Hills,1.44
2,Weekend,Bronx,Mount Hope,1.43
2,Weekend,Brooklyn,Sunset Park East,1.43
2,Weekend,Bronx,East Tremont,1.43
2,Weekend,Bronx,Spuyten Duyvil/Kingsbridge,1.43
2,Weekend,Queens,North Corona,1.42
2,Weekend,Queens,Baisley Park,1.4
2,Weekend,Bronx,West Concourse,1.4
2,Weekend,Brooklyn,Erasmus,1.4
2,Weekend,Brooklyn,Bay Ridge,1.38
2,Weekend,Queens,Laurelton,1.33
2,Weekend,Queens,Queens Village,1.33
2,Weekend,Queens,Bayside,1.33
2,Weekend,Queens,Springfield Gardens South,1.33
2,Weekend,Bronx,Woodlawn/Wakefield,1.33
2,Weekend,Manhattan,Roosevelt Island,1.33
2,Weekend,Brooklyn,East Flatbush/Farragut,1.33
2,Weekend,Queens,South Jamaica,1.3
2,Weekend,Bronx,Schuylerville/Edgewater Park,1.3
2,Weekend,Bronx,Westchester Village/Unionport,1.3
2,Weekend,Queens,Springfield Gardens North,1.29
2,Weekend,Bronx,Morrisania/Melrose,1.29
2,Weekend,Bronx,Williamsbridge/Olinville,1.29
2,Weekend,Brooklyn,Marine Park/Mill Basin,1.29
2,Weekend,Bronx,East Concourse/Concourse Village,1.27
2,Weekend,Brooklyn,Midwood,1.25
2,Weekend,Bronx,Parkchester,1.25
2,Weekend,Queens,Corona,1.2
2,Weekend,Queens,Flushing Meadows-Corona Park,1.2
2,Weekend,Brooklyn,Bensonhurst East,1.2
2,Weekend,Brooklyn,Red Hook,1.2
2,Weekend,Brooklyn,East New York/Pennsylvania Avenue,1.2
2,Weekend,Queens,Rosedale,1.2
2,Weekend,Queens,Glendale,1.2
2,Weekend,Bronx,Claremont/Bathgate,1.17
2,Weekend,Brooklyn,Coney Island,1.17
2,Weekend,Bronx,Soundview/Castle Hill,1.17
2,Weekend,Bronx,Van Nest/Morris Park,1.17
2,Weekend,Bronx,Bedford Park,1.14
2,Weekend,Queens,Queensbridge/Ravenswood,1.1
2,Weekend,Queens,Middle Village,1.08
2,Weekend,Queens,Far Rockaway,1.0
2,Weekend,Brooklyn,Columbia Street,1.0
2,Weekend,Queens,Fresh Meadows,1.0
2,Weekend,Staten Island,Oakwood,1.0
2,Weekend,Brooklyn,Prospect Park,1.0
2,Weekend,Bronx,Highbridge,1.0
2,Weekend,Queens,Bellerose,1.0
2,Weekend,Queens,East Flushing,1.0
2,Weekend,Bronx,Eastchester,1.0
2,Weekend,Bronx,Belmont,1.0
2,Weekend,Queens,Douglaston,1.0
2,Weekend,Queens,Rego Park,1.0
2,Weekend,Brooklyn,Homecrest,1.0
2,Weekend,Bronx,Fordham South,1.0
2,Weekend,Brooklyn,Manhattan Beach,1.0
2,Weekend,Queens,Saint Michaels Cemetery/Woodside,1.0
2,Weekend,Brooklyn,Kensington,1.0
2,Weekend,Queens,Kew Gardens Hills,1.0
2,Weekend,Brooklyn,Starrett City,1.0
2,Weekend,Bronx,Van Cortlandt Village,1.0
2,Weekend,Manhattan,Marble Hill,1.0
2,Weekend,Queens,Hammels/Arverne,1.0
2,Weekend,Bronx,Country Club,1.0
2,Weekend,Bronx,Norwood,1.0
2,Weekend,Queens,Forest Park/Highland Park,1.0
2,Weekend,Brooklyn,Gravesend,1.0
2,Weekend,Queens,College Point,1.0
2,Weekend,Bronx,Riverdale/North Riverdale/Fieldston,1.0
2,Weekend,Queens,Hillcrest/Pomonok,1.0
2,Weekend,Bronx,West Farms/Bronx River,1.0
2,Weekend,Brooklyn,Borough Park,1.0
2,Weekend,Brooklyn,Sheepshead Bay,1.0
2,Weekend,Brooklyn,Dyker Heights,1.0
2,Weekend,Bronx,City Island,1.0
2,Weekend,Bronx,Longwood,1.0
2,Weekend,Queens,Hollis,1.0
2,Weekend,Manhattan,Battery Park,1.0
2,Weekend,Brooklyn,Windsor Terrace,1.0
2,Weekend,Queens,Cambria Heights,1.0
2,Weekend,Bronx,Van Cortlandt Park,1.0
2,Weekend,Bronx,Bronxdale,1.0
2,Weekend,Queens,Saint Albans,1.0
2,Weekend,Brooklyn,Brighton Beach,1.0
2,Weekend,Queens,Murray Hill-Queens,1.0
2,Weekend,Queens,Auburndale,1.0
2,Weekend,Queens,Whitestone,1.0
2,Weekend,Brooklyn,Ocean Parkway South,1.0
2,Weekend,Queens,Glen Oaks,1.0
2,Weekend,Queens,Bay Terrace/Fort Totten,1.0
2,Weekend,Brooklyn,Madison,1.0
3,Weekend,Manhattan,East Village,319.62
3,Weekend,Manhattan,Lower East Side,266.19
3,Weekend,Manhattan,West Village,214.73
3,Weekend,Manhattan,Greenwich Village South,174.46
3,Weekend,Manhattan,Little Italy/NoLiTa,135.04
3,Weekend,Manhattan,West Chelsea/Hudson Yards,103.77
3,Weekend,Manhattan,Clinton East,99.73
3,Weekend,Manhattan,Meatpacking/West Village West,84.08
3,Weekend,Manhattan,East Chelsea,82.12
3,Weekend,Manhattan,Flatiron,65.31
3,Weekend,Manhattan,Greenwich Village North,61.58
3,Weekend,Manhattan,Gramercy,59.38
3,Weekend,Manhattan,Midtown South,55.15
3,Weekend,Manhattan,Alphabet City,47.19
3,Weekend,Manhattan,Union Sq,46.15
3,Weekend,Manhattan,SoHo,42.31
3,Weekend,Manhattan,Times Sq/Theatre District,41.27
3,Weekend,Manhattan,TriBeCa/Civic Center,40.0
3,Weekend,Brooklyn,Williamsburg (North Side),31.23
3,Weekend,Brooklyn,East Williamsburg,29.54
3,Weekend,Manhattan,Penn Station/Madison Sq West,29.5
3,Weekend,Manhattan,Kips Bay,26.23
3,Weekend,Manhattan,Hudson Sq,24.54
3,Weekend,Manhattan,Murray Hill,24.04
3,Weekend,Manhattan,Garment District,23.96
3,Weekend,Manhattan,Yorkville West,22.81
3,Weekend,Manhattan,Lenox Hill West,22.65
3,Weekend,Brooklyn,Williamsburg (South Side),19.81
3,Weekend,Manhattan,Sutton Place/Turtle Bay North,17.85
3,Weekend,Brooklyn,Brooklyn Navy Yard,17.83
3,Weekend,Manhattan,Midtown North,16.65
3,Weekend,Brooklyn,Bushwick South,16.48
3,Weekend,Brooklyn,Bushwick North,16.27
3,Weekend,Manhattan,Clinton West,14.42
3,Weekend,Queens,JFK Airport,14.31
3,Weekend,Queens,Maspeth,14.29
3,Weekend,Manhattan,Two Bridges/Seward Park,13.5
3,Weekend,Brooklyn,Greenpoint,12.56
3,Weekend,Manhattan,Upper East Side South,11.92
3,Weekend,Manhattan,Midtown East,11.85
3,Weekend,Queens,Astoria,11.35
3,Weekend,Manhattan,Midtown Center,10.88
3,Weekend,Manhattan,Financial District North,9.23
3,Weekend,Manhattan,UN/Turtle Bay South,8.88
3,Weekend,Manhattan,Lincoln Square East,8.88
3,Weekend,Manhattan,Seaport,8.8
3,Weekend,Manhattan,Upper West Side South,8.08
3,Weekend,Brooklyn,Boerum Hill,7.65
3,Weekend,Manhattan,Stuy Town/Peter Cooper Village,7.31
3,Weekend,Manhattan,Lenox Hill East,7.19
3,Weekend,Queens,Ridgewood,6.63
3,Weekend,Queens,Jackson Heights,6.52
3,Weekend,Manhattan,Chinatown,6.5
3,Weekend,Queens,Long Island City/Hunters Point,6.35
3,Weekend,Manhattan,Upper West Side North,6.23
3,Weekend,Queens,Woodside,5.82
3,Weekend,Manhattan,Financial District South,5.48
3,Weekend,Queens,Sunnyside,5.24
3,Weekend,Manhattan,Upper East Side North,4.83
3,Weekend,Queens,Jamaica,4.67
3,Weekend,Queens,Richmond Hill,4.65
3,Weekend,Brooklyn,Sunset Park West,4.37
3,Weekend,Brooklyn,Stuyvesant Heights,4.3
3,Weekend,Queens,South Ozone Park,4.09
3,Weekend,Manhattan,World Trade Center,3.92
3,Weekend,Manhattan,East Harlem South,3.92
3,Weekend,Manhattan,Central Harlem North,3.85
3,Weekend,Brooklyn,Fort Greene,3.8
3,Weekend,Brooklyn,Crown Heights North,3.67
3,Weekend,Queens,Long Island City/Queens Plaza,3.5
3,Weekend,Brooklyn,Bedford,3.5
3,Weekend,Manhattan,Lincoln Square West,3.44
3,Weekend,Manhattan,Central Harlem,3.38
3,Weekend,Manhattan,Hamilton Heights,3.35
3,Weekend,Manhattan,Manhattan Valley,3.21
3,Weekend,Manhattan,Yorkville East,3.08
3,Weekend,Manhattan,Morningside Heights,3.0
3,Weekend,Queens,Elmhurst,2.95
3,Weekend,Brooklyn,Park Slope,2.9
3,Weekend,Manhattan,Bloomingdale,2.86
3,Weekend,Unknown,N/A,2.83
3,Weekend,Manhattan,East Harlem North,2.63
3,Weekend,Brooklyn,East New York,2.62
3,Weekend,Queens,Flushing,2.54
3,Weekend,Brooklyn,Downtown Brooklyn/MetroTech,2.53
3,Weekend,Manhattan,Washington Heights South,2.5
3,Weekend,Brooklyn,Brownsville,2.47
3,Weekend,Manhattan,Inwood,2.44
3,Weekend,Queens,Steinway,2.31
3,Weekend,Brooklyn,Gowanus,2.3
3,Weekend,Queens,North Corona,2.3
3,Weekend,Manhattan,Central Park,2.29
3,Weekend,Manhattan,Battery Park City,2.22
3,Weekend,Manhattan,Washington Heights North,2.21
3,Weekend,Bronx,Mott Haven/Port Morris,2.17
3,Weekend,Bronx,Morrisania/Melrose,2.15
3,Weekend,Queens,Elmhurst/Maspeth,2.14
3,Weekend,Queens,Forest Hills,2.14
3,Weekend,Brooklyn,Bensonhurst East,2.0
3,Weekend,Brooklyn,Crown Heights South,2.0
3,Weekend,Bronx,East Concourse/Concourse Village,2.0
3,Weekend,Brooklyn,East Flatbush/Remsen Village,2.0
3,Weekend,Brooklyn,Bay Ridge,1.94
3,Weekend,Brooklyn,Clinton Hill,1.93
3,Weekend,Brooklyn,South Williamsburg,1.91
3,Weekend,Queens,Saint Albans,1.86
3,Weekend,Brooklyn,Canarsie,1.86
3,Weekend,Bronx,Kingsbridge Heights,1.86
3,Weekend,Queens,LaGuardia Airport,1.83
3,Weekend,Brooklyn,Flatlands,1.8
3,Weekend,Queens,Old Astoria,1.77
3,Weekend,Bronx,Van Cortlandt Village,1.75
3,Weekend,Bronx,Soundview/Bruckner,1.75
3,Weekend,Brooklyn,Flatbush/Ditmas Park,1.73
3,Weekend,Queens,Glendale,1.71
3,Weekend,Bronx,Highbridge,1.71
3,Weekend,Bronx,West Concourse,1.7
3,Weekend,Brooklyn,Cypress Hills,1.69
3,Weekend,Queens,Howard Beach,1.67
3,Weekend,Brooklyn,Carroll Gardens,1.67
3,Weekend,Queens,Rego Park,1.67
3,Weekend,Brooklyn,East Flatbush/Farragut,1.67
3,Weekend,Manhattan,Battery Park,1.67
3,Weekend,Queens,Corona,1.63
3,Weekend,Brooklyn,East New York/Pennsylvania Avenue,1.6
3,Weekend,Queens,Woodhaven,1.59
3,Weekend,Brooklyn,Ocean Hill,1.58
3,Weekend,Queens,Ozone Park,1.58
3,Weekend,Bronx,Westchester Village/Unionport,1.56
3,Weekend,Queens,Briarwood/Jamaica Hills,1.54
3,Weekend,Bronx,Van Cortlandt Park,1.5
3,Weekend,Queens,Kew Gardens,1.5
3,Weekend,Brooklyn,Prospect Park,1.5
3,Weekend,Bronx,West Farms/Bronx River,1.5
3,Weekend,Brooklyn,Coney Island,1.5
3,Weekend,Queens,Hollis,1.5
3,Weekend,Queens,Baisley Park,1.5
3,Weekend,Queens,Bayside,1.5
3,Weekend,Queens,Fresh Meadows,1.5
3,Weekend,Brooklyn,Prospect-Lefferts Gardens,1.47
3,Weekend,Bronx,Schuylerville/Edgewater Park,1.45
3,Weekend,Bronx,Melrose South,1.45
3,Weekend,Queens,Jamaica Estates,1.44
3,Weekend,Bronx,University Heights/Morris Heights,1.43
3,Weekend,Brooklyn,Brooklyn Heights,1.43
3,Weekend,Bronx,Mount Hope,1.4
3,Weekend,Bronx,Spuyten Duyvil/Kingsbridge,1.38
3,Weekend,Brooklyn,Red Hook,1.33
3,Weekend,Manhattan,Roosevelt Island,1.33
3,Weekend,Brooklyn,Starrett City,1.33
3,Weekend,Queens,Murray Hill-Queens,1.33
3,Weekend,Bronx,Pelham Bay,1.33
3,Weekend,Queens,Kew Gardens Hills,1.33
3,Weekend,Brooklyn,Erasmus,1.33
3,Weekend,Queens,Hillcrest/Pomonok,1.33
3,Weekend,Queens,East Flushing,1.33
3,Weekend,Brooklyn,Sunset Park East,1.33
3,Weekend,Brooklyn,Prospect Heights,1.31
3,Weekend,Queens,Queensbridge/Ravenswood,1.3
3,Weekend,N/A,Outside of NYC,1.3
3,Weekend,Bronx,East Tremont,1.29
3,Weekend,Manhattan,Manhattanville,1.29
3,Weekend,Queens,Glen Oaks,1.25
3,Weekend,Bronx,Woodlawn/Wakefield,1.25
3,Weekend,Bronx,Crotona Park East,1.25
3,Weekend,Bronx,Bedford Park,1.25
3,Weekend,Queens,Springfield Gardens South,1.25
3,Weekend,Queens,Springfield Gardens North,1.25
3,Weekend,Queens,Middle Village,1.25
3,Weekend,Brooklyn,Dyker Heights,1.25
3,Weekend,Queens,Bellerose,1.25
3,Weekend,Queens,South Jamaica,1.23
3,Weekend,Brooklyn,DUMBO/Vinegar Hill,1.23
3,Weekend,Bronx,Norwood,1.22
3,Weekend,Brooklyn,Marine Park/Mill Basin,1.2
3,Weekend,Queens,Laurelton,1.2
3,Weekend,Bronx,Soundview/Castle Hill,1.17
3,Weekend,Bronx,Eastchester,1.17
3,Weekend,Brooklyn,Kensington,1.14
3,Weekend,Bronx,Van Nest/Morris Park,1.14
3,Weekend,Bronx,Hunts Point,1.11
3,Weekend,Queens,East Elmhurst,1.11
3,Weekend,Staten Island,Stapleton,1.0
3,Weekend,Queens,Bay Terrace/Fort Totten,1.0
3,Weekend,Bronx,Williamsbridge/Olinville,1.0
3,Weekend,Brooklyn,Homecrest,1.0
3,Weekend,Queens,Rockaway Park,1.0
3,Weekend,Queens,Queensboro Hill,1.0
3,Weekend,Brooklyn,Borough Park,1.0
3,Weekend,Queens,Cambria Heights,1.0
3,Weekend,Bronx,Longwood,1.0
3,Weekend,Staten Island,Freshkills Park,1.0
3,Weekend,Manhattan,Marble Hill,1.0
3,Weekend,Queens,Forest Park/Highland Park,1.0
3,Weekend,Queens,Hammels/Arverne,1.0
3,Weekend,Bronx,Pelham Parkway,1.0
3,Weekend,Bronx,Allerton/Pelham Gardens,1.0
3,Weekend,Bronx,Parkchester,1.0
3,Weekend,Brooklyn,Columbia Street,1.0
3,Weekend,Staten Island,New Dorp/Midland Beach,1.0
3,Weekend,Bronx,City Island,1.0
3,Weekend,Queens,Oakland Gardens,1.0
3,Weekend,Queens,Douglaston,1.0
3,Weekend,Brooklyn,Ocean Parkway South,1.0
3,Weekend,Brooklyn,Cobble Hill,1.0
3,Weekend,Bronx,Pelham Bay Park,1.0
3,Weekend,Bronx,Riverdale/North Riverdale/Fieldston,1.0
3,Weekend,Brooklyn,Bensonhurst West,1.0
3,Weekend,Bronx,Country Club,1.0
3,Weekend,Staten Island,West Brighton,1.0
3,Weekend,Queens,Rosedale,1.0
3,Weekend,Brooklyn,Brighton Beach,1.0
3,Weekend,Bronx,Crotona Park,1.0
3,Weekend,Brooklyn,Bath Beach,1.0
3,Weekend,Brooklyn,Windsor Terrace,1.0
3,Weekend,Queens,College Point,1.0
3,Weekend,Bronx,Fordham South,1.0
3,Weekend,Bronx,Bronx Park,1.0
3,Weekend,Bronx,Co-Op City,1.0
3,Weekend,Bronx,Claremont/Bathgate,1.0
3,Weekend,Brooklyn,Sheepshead Bay,1.0
3,Weekend,Staten Island,South Beach/Dongan Hills,1.0
3,Weekend,Queens,Flushing Meadows-Corona Park,1.0
3,Weekend,Queens,Queens Village,1.0
3,Weekend,Queens,Far Rockaway,1.0
3,Weekend,Bronx,Belmont,1.0
3,Weekend,Manhattan,Highbridge Park,1.0
3,Weekend,Brooklyn,Midwood,1.0
3,Weekend,Brooklyn,Gravesend,1.0
4,Weekend,Manhattan,East Village,131.19
4,Weekend,Manhattan,Lower East Side,114.23
4,Weekend,Manhattan,Clinton East,75.23
4,Weekend,Manhattan,West Village,72.58
4,Weekend,Manhattan,Little Italy/NoLiTa,72.38
4,Weekend,Manhattan,East Chelsea,52.65
4,Weekend,Manhattan,Greenwich Village South,50.77
4,Weekend,Manhattan,West Chelsea/Hudson Yards,46.96
4,Weekend,Manhattan,Midtown South,42.88
4,Weekend,Manhattan,Flatiron,41.73
4,Weekend,Manhattan,Times Sq/Theatre District,36.73
4,Weekend,Manhattan,Gramercy,34.04
4,Weekend,Manhattan,Union Sq,28.77
4,Weekend,Manhattan,Greenwich Village North,25.19
4,Weekend,Manhattan,Penn Station/Madison Sq West,23.77
4,Weekend,Manhattan,TriBeCa/Civic Center,23.27
4,Weekend,Manhattan,SoHo,21.04
4,Weekend,Manhattan,Kips Bay,20.65
4,Weekend,Manhattan,Lenox Hill West,20.19
4,Weekend,Queens,Maspeth,19.71
4,Weekend,Manhattan,Meatpacking/West Village West,19.27
4,Weekend,Brooklyn,East Williamsburg,19.12
4,Weekend,Manhattan,Yorkville West,19.0
4,Weekend,Manhattan,Hudson Sq,18.58
4,Weekend,Manhattan,Murray Hill,18.42
4,Weekend,Manhattan,Garment District,17.46
4,Weekend,Manhattan,Alphabet City,17.08
4,Weekend,Queens,JFK Airport,15.81
4,Weekend,Queens,Astoria,15.73
4,Weekend,Brooklyn,Bushwick North,14.85
4,Weekend,Brooklyn,Brooklyn Navy Yard,14.56
4,Weekend,Brooklyn,Bushwick South,14.19
4,Weekend,Brooklyn,Williamsburg (North Side),13.88
4,Weekend,Manhattan,Midtown North,13.88
4,Weekend,Brooklyn,Williamsburg (South Side),13.4
4,Weekend,Manhattan,Clinton West,12.92
4,Weekend,Queens,Long Island City/Hunters Point,12.15
4,Weekend,Manhattan,Sutton Place/Turtle Bay North,12.12
4,Weekend,Manhattan,Midtown Center,11.69
4,Weekend,Queens,Jackson Heights,11.54
4,Weekend,Brooklyn,Greenpoint,10.58
4,Weekend,Queens,Sunnyside,10.23
4,Weekend,Manhattan,Midtown East,9.5
4,Weekend,Manhattan,Two Bridges/Seward Park,9.42
4,Weekend,Manhattan,Upper East Side South,9.15
4,Weekend,Manhattan,Lincoln Square East,9.04
4,Weekend,Queens,Ridgewood,8.12
4,Weekend,Manhattan,UN/Turtle Bay South,7.88
4,Weekend,Manhattan,Financial District North,7.81
4,Weekend,Manhattan,Lenox Hill East,7.77
4,Weekend,Manhattan,Upper West Side South,7.08
4,Weekend,Queens,Elmhurst,7.0
4,Weekend,Queens,Woodside,6.5
4,Weekend,Brooklyn,Boerum Hill,6.24
4,Weekend,Brooklyn,Sunset Park West,6.18
4,Weekend,Manhattan,Central Harlem North,5.68
4,Weekend,Manhattan,Upper West Side North,5.5
4,Weekend,Queens,South Ozone Park,5.3
4,Weekend,Queens,Richmond Hill,5.24
4,Weekend,Manhattan,Upper East Side North,5.23
4,Weekend,Brooklyn,Crown Heights North,5.14
4,Weekend,Manhattan,Stuy Town/Peter Cooper Village,4.88
4,Weekend,Brooklyn,Stuyvesant Heights,4.86
4,Weekend,Queens,Jamaica,4.82
4,Weekend,Manhattan,East Harlem South,4.73
4,Weekend,Manhattan,Yorkville East,4.64
4,Weekend,Manhattan,Chinatown,4.5
4,Weekend,Queens,Steinway,4.48
4,Weekend,Bronx,Mott Haven/Port Morris,4.3
4,Weekend,Manhattan,East Harlem North,4.27
4,Weekend,Manhattan,Seaport,4.23
4,Weekend,Manhattan,Central Harlem,4.21
4,Weekend,Queens,Long Island City/Queens Plaza,4.12
4,Weekend,Brooklyn,Bedford,4.0
4,Weekend,Brooklyn,Fort Greene,4.0
4,Weekend,Brooklyn,East New York,3.89
4,Weekend,Queens,Elmhurst/Maspeth,3.83
4,Weekend,Manhattan,Financial District South,3.57
4,Weekend,Manhattan,Morningside Heights,3.48
4,Weekend,Queens,Flushing,3.42
4,Weekend,Brooklyn,Ocean Hill,3.31
4,Weekend,Queens,LaGuardia Airport,3.3
4,Weekend,Manhattan,Inwood,3.3
4,Weekend,Manhattan,Lincoln Square West,3.27
4,Weekend,Manhattan,World Trade Center,3.21
4,Weekend,Manhattan,Washington Heights North,3.06
4,Weekend,Manhattan,Washington Heights South,3.0
4,Weekend,Queens,North Corona,2.95
4,Weekend,Brooklyn,Clinton Hill,2.94
4,Weekend,Manhattan,Manhattan Valley,2.92
4,Weekend,Manhattan,Hamilton Heights,2.91
4,Weekend,Queens,Woodhaven,2.9
4,Weekend,Manhattan,Bloomingdale,2.86
4,Weekend,Unknown,N/A,2.84
4,Weekend,Brooklyn,Prospect-Lefferts Gardens,2.74
4,Weekend,Queens,Old Astoria,2.73
4,Weekend,Brooklyn,Flatbush/Ditmas Park,2.61
4,Weekend,Bronx,Morrisania/Melrose,2.5
4,Weekend,Manhattan,Battery Park City,2.5
4,Weekend,Brooklyn,Canarsie,2.47
4,Weekend,Brooklyn,East Flatbush/Farragut,2.46
4,Weekend,Brooklyn,Cypress Hills,2.42
4,Weekend,Brooklyn,DUMBO/Vinegar Hill,2.38
4,Weekend,Brooklyn,Park Slope,2.33
4,Weekend,Brooklyn,East Flatbush/Remsen Village,2.28
4,Weekend,Brooklyn,Downtown Brooklyn/MetroTech,2.28
4,Weekend,Queens,Corona,2.28
4,Weekend,Queens,Saint Albans,2.23
4,Weekend,Queens,Baisley Park,2.2
4,Weekend,Brooklyn,South Williamsburg,2.2
4,Weekend,Queens,South Jamaica,2.17
4,Weekend,Brooklyn,Crown Heights South,2.17
4,Weekend,Brooklyn,Gowanus,2.15
4,Weekend,Manhattan,Central Park,2.14
4,Weekend,Brooklyn,Prospect Heights,2.11
4,Weekend,Queens,Forest Hills,2.05
4,Weekend,Bronx,Westchester Village/Unionport,2.0
4,Weekend,Brooklyn,Bay Ridge,1.95
4,Weekend,Queens,East Elmhurst,1.92
4,Weekend,Queens,Queensbridge/Ravenswood,1.88
4,Weekend,Brooklyn,Brownsville,1.88
4,Weekend,Manhattan,Manhattanville,1.87
4,Weekend,Brooklyn,Erasmus,1.83
4,Weekend,Queens,Rego Park,1.83
4,Weekend,Bronx,Hunts Point,1.81
4,Weekend,Bronx,Williamsbridge/Olinville,1.79
4,Weekend,Bronx,Norwood,1.75
4,Weekend,Bronx,Claremont/Bathgate,1.75
4,Weekend,Bronx,Soundview/Bruckner,1.71
4,Weekend,Bronx,Fordham South,1.71
4,Weekend,Brooklyn,Red Hook,1.67
4,Weekend,Brooklyn,Flatlands,1.67
4,Weekend,Queens,Glendale,1.64
4,Weekend,Bronx,East Tremont,1.64
4,Weekend,Queens,Jamaica Estates,1.64
4,Weekend,Bronx,West Concourse,1.6
4,Weekend,Queens,Queens Village,1.58
4,Weekend,Bronx,Van Nest/Morris Park,1.57
4,Weekend,Queens,Briarwood/Jamaica Hills,1.57
4,Weekend,Bronx,Van Cortlandt Village,1.57
4,Weekend,Bronx,West Farms/Bronx River,1.55
4,Weekend,Bronx,Mount Hope,1.53
4,Weekend,Queens,Middle Village,1.53
4,Weekend,Queens,Kew Gardens,1.5
4,Weekend,Bronx,Highbridge,1.5
4,Weekend,Brooklyn,Bensonhurst East,1.5
4,Weekend,Bronx,University Heights/Morris Heights,1.5
4,Weekend,Queens,Laurelton,1.5
4,Weekend,Bronx,Kingsbridge Heights,1.5
4,Weekend,Brooklyn,Coney Island,1.43
4,Weekend,Bronx,East Concourse/Concourse Village,1.42
4,Weekend,Brooklyn,Brooklyn Heights,1.4
4,Weekend,Queens,Hillcrest/Pomonok,1.4
4,Weekend,Brooklyn,East New York/Pennsylvania Avenue,1.39
4,Weekend,Bronx,Soundview/Castle Hill,1.38
4,Weekend,Brooklyn,Gravesend,1.33
4,Weekend,Queens,Douglaston,1.33
4,Weekend,Queens,Springfield Gardens North,1.33
4,Weekend,Queens,Ozone Park,1.33
4,Weekend,Queens,College Point,1.33
4,Weekend,Queens,Flushing Meadows-Corona Park,1.3
4,Weekend,Queens,Murray Hill-Queens,1.29
4,Weekend,Bronx,Parkchester,1.29
4,Weekend,Queens,Cambria Heights,1.29
4,Weekend,Brooklyn,Carroll Gardens,1.29
4,Weekend,Bronx,Schuylerville/Edgewater Park,1.29
4,Weekend,Brooklyn,Starrett City,1.29
4,Weekend,Queens,Far Rockaway,1.29
4,Weekend,Bronx,Bedford Park,1.25
4,Weekend,Queens,Whitestone,1.25
4,Weekend,Bronx,Longwood,1.25
4,Weekend,Bronx,Co-Op City,1.25
4,Weekend,Queens,Hollis,1.25
4,Weekend,Bronx,Belmont,1.25
4,Weekend,Bronx,Eastchester,1.25
4,Weekend,Queens,Bayside,1.25
4,Weekend,Brooklyn,Sheepshead Bay,1.2
4,Weekend,Bronx,Allerton/Pelham Gardens,1.2
4,Weekend,Bronx,Spuyten Duyvil/Kingsbridge,1.2
4,Weekend,Bronx,Bronxdale,1.2
4,Weekend,Brooklyn,Borough Park,1.2
4,Weekend,Queens,Queensboro Hill,1.17
4,Weekend,Brooklyn,Bensonhurst West,1.17
4,Weekend,Queens,Rosedale,1.14
4,Weekend,Bronx,Crotona Park East,1.14
4,Weekend,Brooklyn,Marine Park/Mill Basin,1.13
4,Weekend,Bronx,Melrose South,1.11
4,Weekend,Queens,Springfield Gardens South,1.09
4,Weekend,Queens,Bay Terrace/Fort Totten,1.0
4,Weekend,Manhattan,Highbridge Park,1.0
4,Weekend,Staten Island,Stapleton,1.0
4,Weekend,Queens,Auburndale,1.0
4,Weekend,Brooklyn,Sunset Park East,1.0
4,Weekend,Queens,Glen Oaks,1.0
4,Weekend,Brooklyn,Dyker Heights,1.0
4,Weekend,Bronx,Country Club,1.0
4,Weekend,Bronx,Pelham Bay,1.0
4,Weekend,Bronx,Pelham Parkway,1.0
4,Weekend,Queens,Rockaway Park,1.0
4,Weekend,Brooklyn,Midwood,1.0
4,Weekend,Queens,Howard Beach,1.0
4,Weekend,Brooklyn,Windsor Terrace,1.0
4,Weekend,Brooklyn,Bath Beach,1.0
4,Weekend,Brooklyn,Brighton Beach,1.0
4,Weekend,Queens,Hammels/Arverne,1.0
4,Weekend,Queens,Oakland Gardens,1.0
4,Weekend,Queens,Forest Park/Highland Park,1.0
4,Weekend,Bronx,Woodlawn/Wakefield,1.0
4,Weekend,Bronx,Bronx Park,1.0
4,Weekend,Queens,Kew Gardens Hills,1.0
4,Weekend,Staten Island,Saint George/New Brighton,1.0
4,Weekend,Manhattan,Marble Hill,1.0
4,Weekend,Brooklyn,Ocean Parkway South,1.0
4,Weekend,Staten Island,Heartland Village/Todt Hill,1.0
4,Weekend,Queens,Jamaica Bay,1.0
4,Weekend,Bronx,Van Cortlandt Park,1.0
4,Weekend,Brooklyn,Cobble Hill,1.0
4,Weekend,Brooklyn,Madison,1.0
4,Weekend,Staten Island,Grymes Hill/Clifton,1.0
4,Weekend,Brooklyn,Columbia Street,1.0
4,Weekend,Brooklyn,Homecrest,1.0
4,Weekend,Staten Island,South Beach/Dongan Hills,1.0
4,Weekend,Brooklyn,Manhattan Beach,1.0
4,Weekend,Bronx,Riverdale/North Riverdale/Fieldston,1.0
4,Weekend,N/A,Outside of NYC,1.0
4,Weekend,Brooklyn,Kensington,1.0
4,Weekend,Bronx,Crotona Park,1.0
4,Weekend,Manhattan,Roosevelt Island,1.0
4,Weekend,Queens,Fresh Meadows,1.0
4,Weekend,Queens,Bellerose,1.0
5,Weekend,Queens,JFK Airport,62.42
5,Weekend,Manhattan,Clinton East,28.81
5,Weekend,Manhattan,East Village,25.08
5,Weekend,Brooklyn,Brooklyn Navy Yard,23.5
5,Weekend,Manhattan,Penn Station/Madison Sq West,22.04
5,Weekend,Manhattan,Times Sq/Theatre District,21.85
5,Weekend,Manhattan,Midtown South,19.85
5,Weekend,Queens,Maspeth,19.23
5,Weekend,Manhattan,Gramercy,16.5
5,Weekend,Manhattan,Yorkville West,14.85
5,Weekend,Manhattan,East Chelsea,14.85
5,Weekend,Manhattan,Lower East Side,14.58
5,Weekend,Manhattan,Flatiron,14.12
5,Weekend,Manhattan,Kips Bay,13.0
5,Weekend,Manhattan,Murray Hill,12.73
5,Weekend,Manhattan,West Village,12.46
5,Weekend,Manhattan,Little Italy/NoLiTa,11.88
5,Weekend,Manhattan,Garment District,11.69
5,Weekend,Manhattan,Lenox Hill West,11.23
5,Weekend,Manhattan,Midtown North,11.23
5,Weekend,Manhattan,Midtown Center,10.23
5,Weekend,Brooklyn,Bushwick South,9.9
5,Weekend,Manhattan,Union Sq,9.73
5,Weekend,Manhattan,Midtown East,9.69
5,Weekend,Manhattan,Sutton Place/Turtle Bay North,9.38
5,Weekend,Manhattan,East Harlem South,9.08
5,Weekend,Manhattan,Upper West Side South,8.92
5,Weekend,Brooklyn,East Williamsburg,8.91
5,Weekend,Manhattan,Upper East Side North,8.38
5,Weekend,Brooklyn,Bushwick North,8.35
5,Weekend,Manhattan,Yorkville East,8.27
5,Weekend,Manhattan,Lincoln Square East,8.15
5,Weekend,Manhattan,East Harlem North,8.08
5,Weekend,Manhattan,Lenox Hill East,7.96
5,Weekend,Manhattan,Greenwich Village South,7.81
5,Weekend,Queens,Astoria,7.57
5,Weekend,Manhattan,Upper West Side North,7.46
5,Weekend,Manhattan,Greenwich Village North,7.33
5,Weekend,Manhattan,UN/Turtle Bay South,6.92
5,Weekend,Queens,Sunnyside,6.79
5,Weekend,Manhattan,Upper East Side South,6.69
5,Weekend,Queens,Ridgewood,6.5
5,Weekend,Manhattan,Clinton West,6.19
5,Weekend,Brooklyn,Williamsburg (South Side),6.1
5,Weekend,Queens,Jackson Heights,5.96
5,Weekend,Brooklyn,Williamsburg (North Side),5.94
5,Weekend,Queens,Long Island City/Hunters Point,5.71
5,Weekend,Brooklyn,Greenpoint,5.56
5,Weekend,Manhattan,Hudson Sq,5.12
5,Weekend,Manhattan,SoHo,5.08
5,Weekend,Brooklyn,Crown Heights North,4.88
5,Weekend,Manhattan,Lincoln Square West,4.84
5,Weekend,Manhattan,TriBeCa/Civic Center,4.72
5,Weekend,Manhattan,Central Harlem,4.64
5,Weekend,Manhattan,Central Harlem North,4.63
5,Weekend,Bronx,Mott Haven/Port Morris,4.32
5,Weekend,Manhattan,Financial District North,4.24
5,Weekend,Manhattan,West Chelsea/Hudson Yards,4.17
5,Weekend,Manhattan,Alphabet City,4.09
5,Weekend,Brooklyn,Prospect-Lefferts Gardens,4.08
5,Weekend,Manhattan,Manhattan Valley,4.08
5,Weekend,Brooklyn,Fort Greene,4.06
5,Weekend,Queens,Elmhurst,4.04
5,Weekend,Queens,South Ozone Park,3.91
5,Weekend,Queens,Woodside,3.85
5,Weekend,Brooklyn,East New York,3.75
5,Weekend,Queens,Long Island City/Queens Plaza,3.61
5,Weekend,Brooklyn,Stuyvesant Heights,3.59
5,Weekend,Brooklyn,Bedford,3.45
5,Weekend,Manhattan,Stuy Town/Peter Cooper Village,3.36
5,Weekend,Queens,Richmond Hill,3.29
5,Weekend,Manhattan,Washington Heights South,3.29
5,Weekend,Manhattan,Morningside Heights,3.21
5,Weekend,Manhattan,Two Bridges/Seward Park,3.17
5,Weekend,Brooklyn,Brownsville,3.17
5,Weekend,Queens,Jamaica,3.1
5,Weekend,Brooklyn,Sunset Park West,3.06
5,Weekend,Manhattan,Hamilton Heights,3.0
5,Weekend,Queens,Old Astoria,3.0
5,Weekend,Manhattan,Meatpacking/West Village West,2.96
5,Weekend,Brooklyn,East Flatbush/Remsen Village,2.95
5,Weekend,Brooklyn,Boerum Hill,2.93
5,Weekend,Brooklyn,Canarsie,2.74
5,Weekend,Brooklyn,Ocean Hill,2.71
5,Weekend,Brooklyn,Clinton Hill,2.47
5,Weekend,Queens,Steinway,2.42
5,Weekend,Queens,LaGuardia Airport,2.37
5,Weekend,Manhattan,Chinatown,2.36
5,Weekend,Bronx,Van Cortlandt Village,2.33
5,Weekend,Manhattan,World Trade Center,2.29
5,Weekend,Brooklyn,Park Slope,2.29
5,Weekend,Manhattan,Bloomingdale,2.23
5,Weekend,Brooklyn,East Flatbush/Farragut,2.23
5,Weekend,Manhattan,Seaport,2.2
5,Weekend,Brooklyn,Sunset Park East,2.2
5,Weekend,Brooklyn,Cypress Hills,2.18
5,Weekend,Manhattan,Central Park,2.16
5,Weekend,Queens,Woodhaven,2.15
5,Weekend,Bronx,Melrose South,2.11
5,Weekend,Brooklyn,Crown Heights South,2.07
5,Weekend,Queens,Briarwood/Jamaica Hills,2.0
5,Weekend,Queens,Forest Hills,2.0
5,Weekend,Brooklyn,South Williamsburg,2.0
5,Weekend,Bronx,West Concourse,2.0
5,Weekend,Brooklyn,Downtown Brooklyn/MetroTech,2.0
5,Weekend,Bronx,Williamsbridge/Olinville,2.0
5,Weekend,Brooklyn,Flatlands,1.95
5,Weekend,Queens,Saint Albans,1.95
5,Weekend,Queens,Corona,1.94
5,Weekend,Queens,South Jamaica,1.92
5,Weekend,Brooklyn,Prospect Heights,1.91
5,Weekend,Queens,Kew Gardens,1.91
5,Weekend,Manhattan,Manhattanville,1.88
5,Weekend,Queens,Queensbridge/Ravenswood,1.88
5,Weekend,Brooklyn,East New York/Pennsylvania Avenue,1.88
5,Weekend,Queens,Middle Village,1.88
5,Weekend,Queens,North Corona,1.87
5,Weekend,Brooklyn,Flatbush/Ditmas Park,1.86
5,Weekend,Brooklyn,Bay Ridge,1.86
5,Weekend,Manhattan,Washington Heights North,1.85
5,Weekend,Brooklyn,Kensington,1.83
5,Weekend,Bronx,Highbridge,1.82
5,Weekend,Queens,Elmhurst/Maspeth,1.81
5,Weekend,Bronx,Soundview/Castle Hill,1.78
5,Weekend,Bronx,Morrisania/Melrose,1.76
5,Weekend,Queens,Hollis,1.75
5,Weekend,Bronx,Longwood,1.75
5,Weekend,Manhattan,Inwood,1.75
5,Weekend,Bronx,Mount Hope,1.73
5,Weekend,Bronx,East Concourse/Concourse Village,1.73
5,Weekend,Manhattan,Battery Park City,1.71
5,Weekend,Queens,Springfield Gardens South,1.67
5,Weekend,Brooklyn,Homecrest,1.67
5,Weekend,Bronx,Parkchester,1.67
5,Weekend,Bronx,Kingsbridge Heights,1.67
5,Weekend,Queens,Queensboro Hill,1.67
5,Weekend,Brooklyn,Brooklyn Heights,1.67
5,Weekend,Bronx,Eastchester,1.64
5,Weekend,Unknown,N/A,1.62
5,Weekend,Bronx,Westchester Village/Unionport,1.59
5,Weekend,Bronx,Schuylerville/Edgewater Park,1.58
5,Weekend,Brooklyn,DUMBO/Vinegar Hill,1.58
5,Weekend,Brooklyn,Erasmus,1.56
5,Weekend,Queens,Hillcrest/Pomonok,1.56
5,Weekend,Queens,Rego Park,1.55
5,Weekend,Queens,Flushing Meadows-Corona Park,1.54
5,Weekend,Manhattan,Financial District South,1.53
5,Weekend,Queens,Queens Village,1.5
5,Weekend,N/A,Outside of NYC,1.5
5,Weekend,Queens,Baisley Park,1.47
5,Weekend,Queens,Springfield Gardens North,1.46
5,Weekend,Queens,Jamaica Estates,1.45
5,Weekend,Queens,Glendale,1.45
5,Weekend,Bronx,Hunts Point,1.43
5,Weekend,Brooklyn,Marine Park/Mill Basin,1.43
5,Weekend,Bronx,University Heights/Morris Heights,1.42
5,Weekend,Bronx,West Farms/Bronx River,1.42
5,Weekend,Bronx,Soundview/Bruckner,1.41
5,Weekend,Brooklyn,Carroll Gardens,1.4
5,Weekend,Brooklyn,Starrett City,1.4
5,Weekend,Brooklyn,Coney Island,1.38
5,Weekend,Queens,Flushing,1.38
5,Weekend,Bronx,Co-Op City,1.33
5,Weekend,Brooklyn,Bensonhurst East,1.33
5,Weekend,Queens,Whitestone,1.33
5,Weekend,Bronx,Fordham South,1.33
5,Weekend,Queens,Kew Gardens Hills,1.3
5,Weekend,Bronx,Claremont/Bathgate,1.25
5,Weekend,Brooklyn,Midwood,1.25
5,Weekend,Bronx,Allerton/Pelham Gardens,1.25
5,Weekend,Queens,East Elmhurst,1.25
5,Weekend,Bronx,East Tremont,1.25
5,Weekend,Queens,Ozone Park,1.25
5,Weekend,Queens,Bellerose,1.22
5,Weekend,Bronx,Bronxdale,1.22
5,Weekend,Queens,Howard Beach,1.2
5,Weekend,Queens,Murray Hill-Queens,1.2
5,Weekend,Bronx,Pelham Bay,1.2
5,Weekend,Brooklyn,Dyker Heights,1.2
5,Weekend,Bronx,Bedford Park,1.2
5,Weekend,Bronx,Belmont,1.17
5,Weekend,Queens,Hammels/Arverne,1.17
5,Weekend,Queens,Far Rockaway,1.17
5,Weekend,Brooklyn,Borough Park,1.17
5,Weekend,Queens,Cambria Heights,1.17
5,Weekend,Bronx,Norwood,1.17
5,Weekend,Brooklyn,Red Hook,1.14
5,Weekend,Bronx,Woodlawn/Wakefield,1.14
5,Weekend,Brooklyn,Windsor Terrace,1.14
5,Weekend,Bronx,Crotona Park East,1.11
5,Weekend,Bronx,Van Nest/Morris Park,1.09
5,Weekend,Brooklyn,Columbia Street,1.0
5,Weekend,Queens,Forest Park/Highland Park,1.0
5,Weekend,Queens,Oakland Gardens,1.0
5,Weekend,Brooklyn,Prospect Park,1.0
5,Weekend,Staten Island,Mariners Harbor,1.0
5,Weekend,Brooklyn,Bensonhurst West,1.0
5,Weekend,Queens,Willets Point,1.0
5,Weekend,Queens,Rosedale,1.0
5,Weekend,Manhattan,Randalls Island,1.0
5,Weekend,Staten Island,South Beach/Dongan Hills,1.0
5,Weekend,Bronx,Bronx Park,1.0
5,Weekend,Brooklyn,Gowanus,1.0
5,Weekend,Manhattan,Inwood Hill Park,1.0
5,Weekend,Queens,Glen Oaks,1.0
5,Weekend,Brooklyn,Manhattan Beach,1.0
5,Weekend,Bronx,Riverdale/North Riverdale/Fieldston,1.0
5,Weekend,Queens,Auburndale,1.0
5,Weekend,Bronx,Pelham Bay Park,1.0
5,Weekend,Bronx,Pelham Parkway,1.0
5,Weekend,Queens,Laurelton,1.0
5,Weekend,Queens,Fresh Meadows,1.0
5,Weekend,Brooklyn,Gravesend,1.0
5,Weekend,Queens,Rockaway Park,1.0
5,Weekend,Staten Island,Grymes Hill/Clifton,1.0
5,Weekend,Queens,East Flushing,1.0
5,Weekend,Staten Island,Great Kills,1.0
5,Weekend,Manhattan,Roosevelt Island,1.0
5,Weekend,Brooklyn,Sheepshead Bay,1.0
5,Weekend,Brooklyn,Bath Beach,1.0
5,Weekend,Manhattan,Marble Hill,1.0
5,Weekend,Bronx,Spuyten Duyvil/Kingsbridge,1.0
5,Weekend,Queens,Bayside,1.0
5,Weekend,Staten Island,Westerleigh,1.0
5,Weekend,Brooklyn,Marine Park/Floyd Bennett Field,1.0
5,Weekend,Queens,College Point,1.0
5,Weekend,EWR,Newark Airport,1.0
5,Weekend,Brooklyn,Brighton Beach,1.0
5,Weekend,Brooklyn,Madison,1.0
5,Weekend,Brooklyn,Cobble Hill,1.0
5,Weekend,Queens,Douglaston,1.0
6,Weekend,Queens,JFK Airport,111.0
6,Weekend,Manhattan,Penn Station/Madison Sq West,43.5
6,Weekend,Manhattan,Clinton East,33.08
6,Weekend,Manhattan,Yorkville West,28.15
6,Weekend,Manhattan,Times Sq/Theatre District,26.96
6,Weekend,Manhattan,Midtown East,24.5
6,Weekend,Manhattan,Upper West Side North,22.92
6,Weekend,Manhattan,Gramercy,21.42
6,Weekend,Manhattan,Garment District,20.23
6,Weekend,Manhattan,Yorkville East,19.92
6,Weekend,Manhattan,East Village,19.85
6,Weekend,Manhattan,Lenox Hill West,18.54
6,Weekend,Manhattan,Upper East Side North,18.12
6,Weekend,Manhattan,Upper West Side South,17.96
6,Weekend,Manhattan,Murray Hill,17.5
6,Weekend,Manhattan,Upper East Side South,16.54
6,Weekend,Manhattan,Midtown Center,16.35
6,Weekend,Manhattan,East Chelsea,16.15
6,Weekend,Manhattan,East Harlem South,15.77
6,Weekend,Manhattan,Lincoln Square East,15.65
6,Weekend,Manhattan,Sutton Place/Turtle Bay North,14.92
6,Weekend,Manhattan,Midtown North,14.38
6,Weekend,Manhattan,Kips Bay,14.0
6,Weekend,Manhattan,Midtown South,13.96
6,Weekend,Manhattan,Lenox Hill East,13.04
6,Weekend,Manhattan,East Harlem North,11.85
6,Weekend,Queens,Maspeth,11.29
6,Weekend,Manhattan,Flatiron,10.85
6,Weekend,Manhattan,UN/Turtle Bay South,10.85
6,Weekend,Manhattan,Manhattan Valley,9.96
6,Weekend,Manhattan,Central Harlem North,9.38
6,Weekend,Manhattan,West Village,8.65
6,Weekend,Manhattan,Lincoln Square West,8.19
6,Weekend,Manhattan,Union Sq,7.69
6,Weekend,Manhattan,Central Harlem,7.69
6,Weekend,Queens,Sunnyside,7.29
6,Weekend,Manhattan,Lower East Side,6.65
6,Weekend,Queens,Long Island City/Hunters Point,6.19
6,Weekend,Manhattan,Clinton West,6.19
6,Weekend,Manhattan,Morningside Heights,6.12
6,Weekend,Queens,Astoria,5.83
6,Weekend,Manhattan,Central Park,5.24
6,Weekend,Manhattan,Hamilton Heights,5.12
6,Weekend,Brooklyn,Prospect-Lefferts Gardens,5.12
6,Weekend,Brooklyn,Bushwick South,5.05
6,Weekend,Manhattan,Greenwich Village North,5.04
6,Weekend,Manhattan,Hudson Sq,5.0
6,Weekend,Manhattan,TriBeCa/Civic Center,4.88
6,Weekend,Brooklyn,Brooklyn Navy Yard,4.75
6,Weekend,Brooklyn,East New York,4.48
6,Weekend,Manhattan,Bloomingdale,4.38
6,Weekend,Brooklyn,Crown Heights North,4.38
6,Weekend,Bronx,Mott Haven/Port Morris,4.26
6,Weekend,Brooklyn,East Williamsburg,4.14
6,Weekend,Queens,Jackson Heights,4.05
6,Weekend,Manhattan,Stuy Town/Peter Cooper Village,4.0
6,Weekend,Brooklyn,Bushwick North,4.0
6,Weekend,Manhattan,Two Bridges/Seward Park,3.96
6,Weekend,Queens,Ridgewood,3.86
6,Weekend,Manhattan,Washington Heights South,3.84
6,Weekend,Manhattan,Greenwich Village South,3.8
6,Weekend,Manhattan,Alphabet City,3.7
6,Weekend,Manhattan,Manhattanville,3.6
6,Weekend,Brooklyn,Stuyvesant Heights,3.45
6,Weekend,Manhattan,Financial District North,3.43
6,Weekend,Brooklyn,East Flatbush/Remsen Village,3.33
6,Weekend,Brooklyn,Fort Greene,3.2
6,Weekend,Queens,South Ozone Park,3.15
6,Weekend,Manhattan,West Chelsea/Hudson Yards,3.08
6,Weekend,Queens,Woodside,3.05
6,Weekend,Manhattan,Meatpacking/West Village West,3.05
6,Weekend,Manhattan,Battery Park City,3.04
6,Weekend,Brooklyn,Greenpoint,2.89
6,Weekend,Queens,Richmond Hill,2.88
6,Weekend,Brooklyn,Williamsburg (South Side),2.88
6,Weekend,Brooklyn,Williamsburg (North Side),2.87
6,Weekend,Queens,Old Astoria,2.86
6,Weekend,Queens,North Corona,2.85
6,Weekend,Queens,Elmhurst/Maspeth,2.84
6,Weekend,Unknown,N/A,2.82
6,Weekend,Manhattan,Little Italy/NoLiTa,2.79
6,Weekend,Bronx,Bedford Park,2.76
6,Weekend,Brooklyn,East Flatbush/Farragut,2.74
6,Weekend,Brooklyn,Canarsie,2.7
6,Weekend,Bronx,Westchester Village/Unionport,2.67
6,Weekend,Brooklyn,Bedford,2.65
6,Weekend,Bronx,University Heights/Morris Heights,2.62
6,Weekend,Brooklyn,Ocean Hill,2.61
6,Weekend,Queens,Elmhurst,2.6
6,Weekend,Manhattan,World Trade Center,2.58
6,Weekend,Brooklyn,Sunset Park West,2.56
6,Weekend,Bronx,West Concourse,2.5
6,Weekend,Brooklyn,Flatbush/Ditmas Park,2.5
6,Weekend,Queens,Long Island City/Queens Plaza,2.5
6,Weekend,Brooklyn,Brownsville,2.48
6,Weekend,Bronx,Williamsbridge/Olinville,2.47
6,Weekend,Queens,LaGuardia Airport,2.45
6,Weekend,Brooklyn,Boerum Hill,2.43
6,Weekend,Manhattan,SoHo,2.43
6,Weekend,Bronx,West Farms/Bronx River,2.4
6,Weekend,Bronx,Parkchester,2.38
6,Weekend,Queens,Jamaica,2.35
6,Weekend,Brooklyn,Flatlands,2.35
6,Weekend,Brooklyn,Crown Heights South,2.33
6,Weekend,Manhattan,Washington Heights North,2.3
6,Weekend,Bronx,Highbridge,2.29
6,Weekend,Brooklyn,East New York/Pennsylvania Avenue,2.24
6,Weekend,Queens,Saint Albans,2.19
6,Weekend,Bronx,Mount Hope,2.16
6,Weekend,Manhattan,Chinatown,2.1
6,Weekend,Brooklyn,Downtown Brooklyn/MetroTech,2.06
6,Weekend,Queens,Briarwood/Jamaica Hills,2.06
6,Weekend,Queens,South Jamaica,2.05
6,Weekend,Staten Island,Stapleton,2.0
6,Weekend,Queens,Murray Hill-Queens,2.0
6,Weekend,Brooklyn,Clinton Hill,2.0
6,Weekend,Queens,Woodhaven,2.0
6,Weekend,Bronx,East Tremont,2.0
6,Weekend,Bronx,Claremont/Bathgate,1.94
6,Weekend,Bronx,Van Nest/Morris Park,1.91
6,Weekend,Brooklyn,Cypress Hills,1.9
6,Weekend,Bronx,Melrose South,1.89
6,Weekend,Queens,Flushing Meadows-Corona Park,1.89
6,Weekend,Queens,Kew Gardens,1.88
6,Weekend,Queens,Steinway,1.88
6,Weekend,Bronx,East Concourse/Concourse Village,1.82
6,Weekend,Bronx,Fordham South,1.82
6,Weekend,Queens,Queens Village,1.81
6,Weekend,Queens,Corona,1.81
6,Weekend,Queens,Queensbridge/Ravenswood,1.77
6,Weekend,Bronx,Soundview/Bruckner,1.77
6,Weekend,Queens,Hillcrest/Pomonok,1.77
6,Weekend,Brooklyn,Kensington,1.77
6,Weekend,Bronx,Soundview/Castle Hill,1.77
6,Weekend,Bronx,Co-Op City,1.75
6,Weekend,Queens,Oakland Gardens,1.75
6,Weekend,Queens,Rego Park,1.75
6,Weekend,Queens,Hollis,1.75
6,Weekend,Bronx,Van Cortlandt Village,1.75
6,Weekend,Bronx,Longwood,1.73
6,Weekend,Queens,Baisley Park,1.73
6,Weekend,Queens,Middle Village,1.73
6,Weekend,Bronx,Hunts Point,1.67
6,Weekend,Queens,Kew Gardens Hills,1.67
6,Weekend,Queens,Rosedale,1.64
6,Weekend,Bronx,Bronxdale,1.64
6,Weekend,Queens,Hammels/Arverne,1.63
6,Weekend,Brooklyn,South Williamsburg,1.63
6,Weekend,Queens,Forest Hills,1.61
6,Weekend,Bronx,Morrisania/Melrose,1.6
6,Weekend,Brooklyn,Prospect Heights,1.58
6,Weekend,Manhattan,Seaport,1.57
6,Weekend,Bronx,Norwood,1.57
6,Weekend,Brooklyn,Erasmus,1.56
6,Weekend,Queens,Queensboro Hill,1.56
6,Weekend,Brooklyn,Carroll Gardens,1.56
6,Weekend,Bronx,Pelham Parkway,1.54
6,Weekend,Brooklyn,Red Hook,1.53
6,Weekend,Brooklyn,Park Slope,1.5
6,Weekend,Queens,Springfield Gardens North,1.5
6,Weekend,Bronx,Country Club,1.5
6,Weekend,Queens,Ozone Park,1.5
6,Weekend,Queens,College Point,1.5
6,Weekend,N/A,Outside of NYC,1.5
6,Weekend,Bronx,Schuylerville/Edgewater Park,1.47
6,Weekend,Manhattan,Financial District South,1.47
6,Weekend,Queens,Jamaica Estates,1.47
6,Weekend,Queens,East Elmhurst,1.45
6,Weekend,Queens,Far Rockaway,1.44
6,Weekend,Bronx,Crotona Park East,1.4
6,Weekend,Brooklyn,Gowanus,1.4
6,Weekend,Manhattan,Inwood,1.38
6,Weekend,Queens,Glendale,1.36
6,Weekend,Bronx,Bronx Park,1.33
6,Weekend,Brooklyn,Dyker Heights,1.33
6,Weekend,Queens,Douglaston,1.33
6,Weekend,Bronx,Spuyten Duyvil/Kingsbridge,1.33
6,Weekend,Queens,Flushing,1.33
6,Weekend,Bronx,Pelham Bay,1.29
6,Weekend,Brooklyn,Bay Ridge,1.29
6,Weekend,Bronx,Woodlawn/Wakefield,1.29
6,Weekend,Queens,Laurelton,1.29
6,Weekend,Brooklyn,Sunset Park East,1.27
6,Weekend,Queens,Springfield Gardens South,1.27
6,Weekend,Brooklyn,Coney Island,1.27
6,Weekend,Manhattan,Randalls Island,1.25
6,Weekend,Brooklyn,Manhattan Beach,1.25
6,Weekend,Bronx,Van Cortlandt Park,1.25
6,Weekend,Brooklyn,Borough Park,1.22
6,Weekend,Brooklyn,Bensonhurst West,1.22
6,Weekend,Brooklyn,DUMBO/Vinegar Hill,1.2
6,Weekend,Bronx,Kingsbridge Heights,1.2
6,Weekend,Brooklyn,Homecrest,1.2
6,Weekend,Brooklyn,Windsor Terrace,1.17
6,Weekend,Brooklyn,Marine Park/Mill Basin,1.17
6,Weekend,Brooklyn,Brooklyn Heights,1.17
6,Weekend,Queens,Fresh Meadows,1.17
6,Weekend,Brooklyn,Brighton Beach,1.14
6,Weekend,Bronx,Eastchester,1.14
6,Weekend,Queens,Bellerose,1.14
6,Weekend,Queens,Cambria Heights,1.13
6,Weekend,Brooklyn,Sheepshead Bay,1.13
6,Weekend,Bronx,Allerton/Pelham Gardens,1.13
6,Weekend,Manhattan,Roosevelt Island,1.08
6,Weekend,Brooklyn,Bath Beach,1.0
6,Weekend,Queens,Whitestone,1.0
6,Weekend,Queens,Glen Oaks,1.0
6,Weekend,Queens,Breezy Point/Fort Tilden/Riis Beach,1.0
6,Weekend,Queens,Bay Terrace/Fort Totten,1.0
6,Weekend,Queens,Auburndale,1.0
6,Weekend,Bronx,Belmont,1.0
6,Weekend,Brooklyn,Ocean Parkway South,1.0
6,Weekend,Brooklyn,Madison,1.0
6,Weekend,Staten Island,Oakwood,1.0
6,Weekend,Brooklyn,Cobble Hill,1.0
6,Weekend,Queens,Rockaway Park,1.0
6,Weekend,Manhattan,Highbridge Park,1.0
6,Weekend,Staten Island,Westerleigh,1.0
6,Weekend,Queens,Howard Beach,1.0
6,Weekend,Bronx,Pelham Bay Park,1.0
6,Weekend,Manhattan,Battery Park,1.0
6,Weekend,Staten Island,Heartland Village/Todt Hill,1.0
6,Weekend,Brooklyn,Midwood,1.0
6,Weekend,Bronx,Crotona Park,1.0
6,Weekend,Brooklyn,Gravesend,1.0
6,Weekend,Staten Island,Grymes Hill/Clifton,1.0
6,Weekend,Brooklyn,Starrett City,1.0
6,Weekend,Manhattan,Marble Hill,1.0
6,Weekend,Brooklyn,Bensonhurst East,1.0
6,Weekend,Queens,Bayside,1.0
6,Weekend,Queens,East Flushing,1.0
6,Weekend,Brooklyn,Columbia Street,1.0
6,Weekend,Staten Island,South Beach/Dongan Hills,1.0
6,Weekend,EWR,Newark Airport,1.0
7,Weekend,Queens,JFK Airport,136.62
7,Weekend,Manhattan,Times Sq/Theatre District,45.0
7,Weekend,Manhattan,Upper East Side North,44.92
7,Weekend,Manhattan,Penn Station/Madison Sq West,40.77
7,Weekend,Manhattan,Clinton East,40.38
7,Weekend,Manhattan,Upper West Side North,37.42
7,Weekend,Manhattan,Yorkville West,37.35
7,Weekend,Manhattan,Upper West Side South,35.88
7,Weekend,Manhattan,Upper East Side South,35.65
7,Weekend,Manhattan,Midtown East,35.65
7,Weekend,Manhattan,Yorkville East,35.38
7,Weekend,Manhattan,Lenox Hill West,34.77
7,Weekend,Manhattan,Sutton Place/Turtle Bay North,31.0
7,Weekend,Manhattan,Gramercy,30.77
7,Weekend,Manhattan,Lenox Hill East,30.38
7,Weekend,Manhattan,Murray Hill,30.27
7,Weekend,Manhattan,Midtown Center,29.46
7,Weekend,Manhattan,Lincoln Square East,28.96
7,Weekend,Manhattan,Kips Bay,28.31
7,Weekend,Manhattan,Midtown North,24.85
7,Weekend,Manhattan,Garment District,23.04
7,Weekend,Manhattan,East Harlem South,22.62
7,Weekend,Manhattan,East Chelsea,20.69
7,Weekend,Manhattan,UN/Turtle Bay South,20.31
7,Weekend,Manhattan,Midtown South,19.0
7,Weekend,Manhattan,East Village,18.81
7,Weekend,Manhattan,Manhattan Valley,16.12
7,Weekend,Manhattan,Flatiron,16.0
7,Weekend,Manhattan,Union Sq,15.08
7,Weekend,Manhattan,Lincoln Square West,14.88
7,Weekend,Brooklyn,Red Hook,13.24
7,Weekend,Manhattan,Central Park,12.38
7,Weekend,Manhattan,West Village,12.0
7,Weekend,Manhattan,East Harlem North,11.42
7,Weekend,Manhattan,Central Harlem,11.12
7,Weekend,Queens,LaGuardia Airport,10.54
7,Weekend,Manhattan,Morningside Heights,10.31
7,Weekend,Manhattan,Greenwich Village North,9.27
7,Weekend,Manhattan,Clinton West,9.12
7,Weekend,Manhattan,Central Harlem North,7.88
7,Weekend,Manhattan,Bloomingdale,7.35
7,Weekend,Manhattan,West Chelsea/Hudson Yards,7.0
7,Weekend,Manhattan,TriBeCa/Civic Center,6.15
7,Weekend,Manhattan,Lower East Side,5.81
7,Weekend,Manhattan,Financial District North,5.54
7,Weekend,Manhattan,Hamilton Heights,5.42
7,Weekend,Manhattan,Stuy Town/Peter Cooper Village,5.38
7,Weekend,Brooklyn,Crown Heights North,5.35
7,Weekend,Queens,Sunnyside,5.19
7,Weekend,Manhattan,Manhattanville,5.12
7,Weekend,Queens,Astoria,4.91
7,Weekend,Manhattan,Battery Park City,4.85
7,Weekend,Manhattan,Washington Heights South,4.77
7,Weekend,Brooklyn,East New York,4.76
7,Weekend,Manhattan,Greenwich Village South,4.56
7,Weekend,Manhattan,Meatpacking/West Village West,4.4
7,Weekend,Queens,Maspeth,4.26
7,Weekend,Manhattan,World Trade Center,4.2
7,Weekend,Brooklyn,Brownsville,3.88
7,Weekend,Manhattan,SoHo,3.88
7,Weekend,Manhattan,Alphabet City,3.87
7,Weekend,Manhattan,Hudson Sq,3.85
7,Weekend,Brooklyn,Prospect-Lefferts Gardens,3.79
7,Weekend,Unknown,N/A,3.72
7,Weekend,Brooklyn,Bushwick South,3.63
7,Weekend,Queens,Jackson Heights,3.59
7,Weekend,Brooklyn,Stuyvesant Heights,3.58
7,Weekend,Bronx,Mott Haven/Port Morris,3.55
7,Weekend,Queens,Long Island City/Hunters Point,3.52
7,Weekend,Brooklyn,Canarsie,3.36
7,Weekend,Brooklyn,East Flatbush/Remsen Village,3.32
7,Weekend,Queens,Richmond Hill,3.16
7,Weekend,Queens,Ridgewood,3.15
7,Weekend,Manhattan,Two Bridges/Seward Park,3.0
7,Weekend,Brooklyn,Flatbush/Ditmas Park,3.0
7,Weekend,Manhattan,Little Italy/NoLiTa,2.88
7,Weekend,Brooklyn,Bedford,2.84
7,Weekend,Bronx,East Concourse/Concourse Village,2.83
7,Weekend,Queens,Long Island City/Queens Plaza,2.83
7,Weekend,Queens,South Ozone Park,2.77
7,Weekend,Brooklyn,Bushwick North,2.74
7,Weekend,Brooklyn,Fort Greene,2.71
7,Weekend,Queens,Elmhurst,2.69
7,Weekend,Brooklyn,East Flatbush/Farragut,2.68
7,Weekend,Queens,Old Astoria,2.61
7,Weekend,Brooklyn,Ocean Hill,2.42
7,Weekend,Brooklyn,Cypress Hills,2.41
7,Weekend,Bronx,Melrose South,2.41
7,Weekend,Bronx,Parkchester,2.4
7,Weekend,Queens,South Jamaica,2.36
7,Weekend,Queens,Queensbridge/Ravenswood,2.33
7,Weekend,Bronx,West Concourse,2.33
7,Weekend,Bronx,Soundview/Castle Hill,2.33
7,Weekend,Queens,Baisley Park,2.32
7,Weekend,Queens,Woodhaven,2.26
7,Weekend,Queens,North Corona,2.25
7,Weekend,Brooklyn,East Williamsburg,2.22
7,Weekend,Brooklyn,Greenpoint,2.21
7,Weekend,Brooklyn,Williamsburg (North Side),2.2
7,Weekend,Bronx,University Heights/Morris Heights,2.16
7,Weekend,Brooklyn,Flatlands,2.15
7,Weekend,Bronx,Morrisania/Melrose,2.1
7,Weekend,Bronx,Kingsbridge Heights,2.1
7,Weekend,Bronx,Mount Hope,2.09
7,Weekend,Bronx,Williamsbridge/Olinville,2.09
7,Weekend,Queens,Woodside,2.05
7,Weekend,Brooklyn,East New York/Pennsylvania Avenue,2.05
7,Weekend,Queens,East Elmhurst,2.05
7,Weekend,Bronx,Highbridge,2.0
7,Weekend,Bronx,Claremont/Bathgate,2.0
7,Weekend,Brooklyn,Brooklyn Heights,2.0
7,Weekend,Queens,Flushing Meadows-Corona Park,2.0
7,Weekend,Brooklyn,Crown Heights South,1.95
7,Weekend,Bronx,Norwood,1.93
7,Weekend,Queens,Queens Village,1.93
7,Weekend,Queens,Jamaica,1.92
7,Weekend,Brooklyn,Sunset Park West,1.92
7,Weekend,Queens,Briarwood/Jamaica Hills,1.88
7,Weekend,Bronx,Westchester Village/Unionport,1.87
7,Weekend,Queens,Forest Hills,1.86
7,Weekend,Brooklyn,Erasmus,1.85
7,Weekend,Brooklyn,Williamsburg (South Side),1.85
7,Weekend,Bronx,Woodlawn/Wakefield,1.83
7,Weekend,Bronx,Longwood,1.79
7,Weekend,Queens,Saint Albans,1.78
7,Weekend,Bronx,Soundview/Bruckner,1.77
7,Weekend,Bronx,Crotona Park East,1.77
7,Weekend,Queens,Jamaica Estates,1.77
7,Weekend,Manhattan,Financial District South,1.74
7,Weekend,Brooklyn,Boerum Hill,1.73
7,Weekend,Manhattan,Washington Heights North,1.71
7,Weekend,Brooklyn,Clinton Hill,1.69
7,Weekend,Manhattan,Seaport,1.68
7,Weekend,Brooklyn,Sunset Park East,1.67
7,Weekend,Manhattan,Chinatown,1.63
7,Weekend,Bronx,Co-Op City,1.61
7,Weekend,Brooklyn,Downtown Brooklyn/MetroTech,1.6
7,Weekend,Queens,Murray Hill-Queens,1.6
7,Weekend,Queens,Hammels/Arverne,1.6
7,Weekend,Queens,Corona,1.6
7,Weekend,Queens,Springfield Gardens South,1.58
7,Weekend,Bronx,Van Nest/Morris Park,1.58
7,Weekend,Brooklyn,Park Slope,1.56
7,Weekend,Queens,Steinway,1.56
7,Weekend,Bronx,East Tremont,1.56
7,Weekend,Brooklyn,Carroll Gardens,1.55
7,Weekend,Bronx,Hunts Point,1.53
7,Weekend,Bronx,Van Cortlandt Village,1.53
7,Weekend,Brooklyn,Brighton Beach,1.5
7,Weekend,Brooklyn,Marine Park/Mill Basin,1.5
7,Weekend,Brooklyn,Ocean Parkway South,1.5
7,Weekend,Queens,Hillcrest/Pomonok,1.5
7,Weekend,Queens,Elmhurst/Maspeth,1.5
7,Weekend,Brooklyn,Manhattan Beach,1.5
7,Weekend,Staten Island,Arrochar/Fort Wadsworth,1.5
7,Weekend,Bronx,Bronxdale,1.5
7,Weekend,Bronx,West Farms/Bronx River,1.47
7,Weekend,Bronx,Eastchester,1.45
7,Weekend,Bronx,Bedford Park,1.45
7,Weekend,Bronx,Pelham Parkway,1.44
7,Weekend,Queens,Glendale,1.43
7,Weekend,Brooklyn,DUMBO/Vinegar Hill,1.4
7,Weekend,Brooklyn,Homecrest,1.4
7,Weekend,Queens,Springfield Gardens North,1.38
7,Weekend,Bronx,Fordham South,1.38
7,Weekend,Bronx,Spuyten Duyvil/Kingsbridge,1.38
7,Weekend,Brooklyn,Prospect Heights,1.36
7,Weekend,Queens,Far Rockaway,1.36
7,Weekend,Brooklyn,Marine Park/Floyd Bennett Field,1.33
7,Weekend,Queens,Howard Beach,1.33
7,Weekend,Brooklyn,Prospect Park,1.33
7,Weekend,Brooklyn,Brooklyn Navy Yard,1.33
7,Weekend,Brooklyn,Coney Island,1.33
7,Weekend,Queens,Rosedale,1.29
7,Weekend,Brooklyn,Borough Park,1.29
7,Weekend,Brooklyn,Midwood,1.29
7,Weekend,Queens,Hollis,1.27
7,Weekend,Queens,Kew Gardens Hills,1.27
7,Weekend,Bronx,Belmont,1.25
7,Weekend,Brooklyn,Windsor Terrace,1.25
7,Weekend,Brooklyn,Kensington,1.23
7,Weekend,Queens,College Point,1.22
7,Weekend,Queens,Laurelton,1.22
7,Weekend,Queens,Queensboro Hill,1.2
7,Weekend,Queens,Ozone Park,1.2
7,Weekend,Brooklyn,South Williamsburg,1.2
7,Weekend,Manhattan,Inwood,1.18
7,Weekend,Brooklyn,Columbia Street,1.17
7,Weekend,Brooklyn,Cobble Hill,1.13
7,Weekend,Bronx,Schuylerville/Edgewater Park,1.13
7,Weekend,Queens,Flushing,1.13
7,Weekend,N/A,Outside of NYC,1.11
7,Weekend,Brooklyn,Starrett City,1.1
7,Weekend,Queens,Kew Gardens,1.09
7,Weekend,Brooklyn,Sheepshead Bay,1.09
7,Weekend,Queens,Rego Park,1.09
7,Weekend,Queens,Middle Village,1.08
7,Weekend,Queens,Cambria Heights,1.0
7,Weekend,Queens,Rockaway Park,1.0
7,Weekend,Staten Island,Saint George/New Brighton,1.0
7,Weekend,Brooklyn,Bath Beach,1.0
7,Weekend,Brooklyn,Madison,1.0
7,Weekend,Queens,Bay Terrace/Fort Totten,1.0
7,Weekend,Queens,Glen Oaks,1.0
7,Weekend,Bronx,Bronx Park,1.0
7,Weekend,Queens,Whitestone,1.0
7,Weekend,Queens,Auburndale,1.0
7,Weekend,Staten Island,Grymes Hill/Clifton,1.0
7,Weekend,Manhattan,Highbridge Park,1.0
7,Weekend,Queens,Willets Point,1.0
7,Weekend,Bronx,Riverdale/North Riverdale/Fieldston,1.0
7,Weekend,Brooklyn,Dyker Heights,1.0
7,Weekend,Queens,Bayside,1.0
7,Weekend,Bronx,Allerton/Pelham Gardens,1.0
7,Weekend,Staten Island,Stapleton,1.0
7,Weekend,Manhattan,Roosevelt Island,1.0
7,Weekend,Bronx,Pelham Bay,1.0
7,Weekend,Brooklyn,Bay Ridge,1.0
7,Weekend,Queens,Oakland Gardens,1.0
7,Weekend,Brooklyn,Gravesend,1.0
7,Weekend,Queens,Saint Michaels Cemetery/Woodside,1.0
7,Weekend,Brooklyn,Bensonhurst East,1.0
7,Weekend,Bronx,Country Club,1.0
7,Weekend,Queens,Bellerose,1.0
7,Weekend,Manhattan,Battery Park,1.0
7,Weekend,Brooklyn,Gowanus,1.0
7,Weekend,Queens,East Flushing,1.0
7,Weekend,Brooklyn,Bensonhurst West,1.0
7,Weekend,Manhattan,Marble Hill,1.0
7,Weekend,Bronx,Van Cortlandt Park,1.0
8,Weekend,Queens,JFK Airport,104.69
8,Weekend,Manhattan,Upper East Side North,89.42
8,Weekend,Manhattan,Times Sq/Theatre District,79.81
8,Weekend,Manhattan,Upper East Side South,74.19
8,Weekend,Manhattan,Upper West Side North,73.08
8,Weekend,Manhattan,Upper West Side South,71.88
8,Weekend,Manhattan,Lenox Hill West,67.58
8,Weekend,Manhattan,Penn Station/Madison Sq West,61.12
8,Weekend,Manhattan,Clinton East,60.54
8,Weekend,Manhattan,Yorkville East,58.31
8,Weekend,Manhattan,Yorkville West,56.85
8,Weekend,Manhattan,Midtown East,56.62
8,Weekend,Manhattan,Lincoln Square East,56.23
8,Weekend,Manhattan,Murray Hill,52.77
8,Weekend,Manhattan,Midtown Center,51.54
8,Weekend,Manhattan,Lenox Hill East,50.58
8,Weekend,Manhattan,Gramercy,47.38
8,Weekend,Manhattan,Midtown North,46.77
8,Weekend,Manhattan,Sutton Place/Turtle Bay North,46.69
8,Weekend,Manhattan,East Chelsea,40.65
8,Weekend,Manhattan,Midtown South,36.88
8,Weekend,Manhattan,East Village,32.73
8,Weekend,Manhattan,Lincoln Square West,32.62
8,Weekend,Manhattan,Union Sq,32.54
8,Weekend,Manhattan,Garment District,31.92
8,Weekend,Manhattan,UN/Turtle Bay South,30.85
8,Weekend,Queens,LaGuardia Airport,30.23
8,Weekend,Manhattan,Flatiron,30.08
8,Weekend,Manhattan,Manhattan Valley,28.92
8,Weekend,Manhattan,East Harlem South,27.88
8,Weekend,Manhattan,Kips Bay,26.42
8,Weekend,Manhattan,Central Park,23.38
8,Weekend,Manhattan,West Village,23.35
8,Weekend,Manhattan,Greenwich Village North,20.42
8,Weekend,Brooklyn,Red Hook,18.53
8,Weekend,Manhattan,Clinton West,17.73
8,Weekend,Manhattan,Morningside Heights,16.77
8,Weekend,Manhattan,TriBeCa/Civic Center,15.81
8,Weekend,Manhattan,Central Harlem,15.5
8,Weekend,Manhattan,East Harlem North,13.73
8,Weekend,Manhattan,Bloomingdale,13.15
8,Weekend,Manhattan,West Chelsea/Hudson Yards,13.0
8,Weekend,Manhattan,Battery Park City,10.88
8,Weekend,Manhattan,Lower East Side,9.69
8,Weekend,Manhattan,Central Harlem North,9.12
8,Weekend,Manhattan,Stuy Town/Peter Cooper Village,8.92
8,Weekend,Manhattan,Meatpacking/West Village West,8.88
8,Weekend,Manhattan,Greenwich Village South,8.27
8,Weekend,Manhattan,Hudson Sq,8.08
8,Weekend,Manhattan,World Trade Center,7.35
8,Weekend,Manhattan,Financial District North,6.54
8,Weekend,Queens,Sunnyside,6.42
8,Weekend,Manhattan,Hamilton Heights,6.36
8,Weekend,Brooklyn,Crown Heights North,6.27
8,Weekend,Manhattan,SoHo,5.88
8,Weekend,Unknown,N/A,5.65
8,Weekend,Manhattan,Alphabet City,5.62
8,Weekend,Brooklyn,East New York,5.31
8,Weekend,Queens,Astoria,5.24
8,Weekend,Manhattan,Little Italy/NoLiTa,5.15
8,Weekend,Brooklyn,Brownsville,4.69
8,Weekend,Manhattan,Manhattanville,4.56
8,Weekend,Brooklyn,Canarsie,4.38
8,Weekend,Manhattan,Two Bridges/Seward Park,4.38
8,Weekend,Manhattan,Washington Heights South,4.35
8,Weekend,Queens,East Elmhurst,4.24
8,Weekend,Brooklyn,Bushwick South,4.09
8,Weekend,Brooklyn,Ocean Hill,3.92
8,Weekend,Brooklyn,Stuyvesant Heights,3.92
8,Weekend,Brooklyn,Flatbush/Ditmas Park,3.85
8,Weekend,Brooklyn,Prospect-Lefferts Gardens,3.73
8,Weekend,Bronx,Mott Haven/Port Morris,3.67
8,Weekend,Brooklyn,East Flatbush/Remsen Village,3.57
8,Weekend,Queens,Jackson Heights,3.52
8,Weekend,Brooklyn,Flatlands,3.36
8,Weekend,Bronx,East Concourse/Concourse Village,3.25
8,Weekend,Queens,Long Island City/Hunters Point,3.22
8,Weekend,Queens,Maspeth,3.11
8,Weekend,Brooklyn,Bedford,3.08
8,Weekend,Queens,Long Island City/Queens Plaza,3.05
8,Weekend,Brooklyn,East New York/Pennsylvania Avenue,3.05
8,Weekend,Queens,Old Astoria,3.0
8,Weekend,Queens,Richmond Hill,2.96
8,Weekend,Manhattan,Seaport,2.83
8,Weekend,Queens,Elmhurst,2.8
8,Weekend,Brooklyn,East Flatbush/Farragut,2.78
8,Weekend,Manhattan,Washington Heights North,2.7
8,Weekend,Queens,Jamaica,2.67
8,Weekend,Manhattan,Financial District South,2.65
8,Weekend,Bronx,West Concourse,2.6
8,Weekend,Bronx,University Heights/Morris Heights,2.59
8,Weekend,Queens,South Ozone Park,2.57
8,Weekend,Queens,Forest Hills,2.55
8,Weekend,Bronx,Williamsbridge/Olinville,2.53
8,Weekend,Brooklyn,Erasmus,2.52
8,Weekend,Queens,Saint Albans,2.5
8,Weekend,Brooklyn,Fort Greene,2.5
8,Weekend,Brooklyn,Bushwick North,2.47
8,Weekend,Brooklyn,Park Slope,2.44
8,Weekend,Brooklyn,Brooklyn Heights,2.43
8,Weekend,Brooklyn,Crown Heights South,2.42
8,Weekend,Queens,Woodhaven,2.41
8,Weekend,Bronx,Co-Op City,2.33
8,Weekend,Brooklyn,Clinton Hill,2.32
8,Weekend,Queens,Corona,2.31
8,Weekend,Brooklyn,Downtown Brooklyn/MetroTech,2.29
8,Weekend,Bronx,Melrose South,2.26
8,Weekend,Bronx,Mount Hope,2.25
8,Weekend,Bronx,West Farms/Bronx River,2.17
8,Weekend,Bronx,Parkchester,2.14
8,Weekend,Queens,Elmhurst/Maspeth,2.13
8,Weekend,Brooklyn,Cypress Hills,2.11
8,Weekend,Bronx,Morrisania/Melrose,2.05
8,Weekend,Brooklyn,Williamsburg (South Side),2.05
8,Weekend,Queens,Ridgewood,2.05
8,Weekend,Manhattan,Chinatown,2.05
8,Weekend,Queens,Woodside,2.04
8,Weekend,Queens,Briarwood/Jamaica Hills,2.0
8,Weekend,Queens,Queensbridge/Ravenswood,2.0
8,Weekend,Brooklyn,Greenpoint,1.94
8,Weekend,Bronx,Bedford Park,1.92
8,Weekend,Brooklyn,Boerum Hill,1.9
8,Weekend,Bronx,Soundview/Bruckner,1.89
8,Weekend,Queens,South Jamaica,1.89
8,Weekend,Bronx,East Tremont,1.89
8,Weekend,Bronx,Highbridge,1.88
8,Weekend,Bronx,Van Nest/Morris Park,1.88
8,Weekend,Brooklyn,Williamsburg (North Side),1.83
8,Weekend,Brooklyn,Sunset Park West,1.82
8,Weekend,Queens,Queens Village,1.82
8,Weekend,Queens,Steinway,1.8
8,Weekend,Brooklyn,Starrett City,1.78
8,Weekend,Queens,Hammels/Arverne,1.78
8,Weekend,Queens,Flushing Meadows-Corona Park,1.78
8,Weekend,Bronx,Woodlawn/Wakefield,1.78
8,Weekend,Queens,Springfield Gardens South,1.76
8,Weekend,Queens,Glendale,1.75
8,Weekend,Queens,Murray Hill-Queens,1.75
8,Weekend,Bronx,Soundview/Castle Hill,1.75
8,Weekend,Brooklyn,East Williamsburg,1.75
8,Weekend,Brooklyn,Bensonhurst West,1.73
8,Weekend,Brooklyn,Midwood,1.73
8,Weekend,Queens,Rego Park,1.72
8,Weekend,Brooklyn,Bay Ridge,1.72
8,Weekend,Bronx,Claremont/Bathgate,1.69
8,Weekend,Queens,Kew Gardens,1.69
8,Weekend,Queens,Springfield Gardens North,1.69
8,Weekend,Bronx,Longwood,1.67
8,Weekend,Queens,Laurelton,1.63
8,Weekend,Bronx,Westchester Village/Unionport,1.63
8,Weekend,Queens,Hollis,1.6
8,Weekend,Bronx,Pelham Bay,1.6
8,Weekend,Bronx,Norwood,1.6
8,Weekend,Brooklyn,Sunset Park East,1.6
8,Weekend,Queens,Baisley Park,1.6
8,Weekend,Queens,Middle Village,1.58
8,Weekend,Bronx,Schuylerville/Edgewater Park,1.57
8,Weekend,Brooklyn,DUMBO/Vinegar Hill,1.57
8,Weekend,Bronx,Pelham Parkway,1.56
8,Weekend,Bronx,Eastchester,1.54
8,Weekend,Brooklyn,Kensington,1.53
8,Weekend,Brooklyn,Coney Island,1.53
8,Weekend,Queens,Hillcrest/Pomonok,1.5
8,Weekend,Queens,Bayside,1.5
8,Weekend,Bronx,Kingsbridge Heights,1.47
8,Weekend,Bronx,Van Cortlandt Village,1.47
8,Weekend,Queens,Flushing,1.46
8,Weekend,Bronx,Crotona Park East,1.45
8,Weekend,Manhattan,Roosevelt Island,1.44
8,Weekend,Brooklyn,Marine Park/Mill Basin,1.44
8,Weekend,Queens,Far Rockaway,1.44
8,Weekend,Bronx,Belmont,1.43
8,Weekend,Brooklyn,Bensonhurst East,1.43
8,Weekend,Brooklyn,Homecrest,1.43
8,Weekend,Brooklyn,Sheepshead Bay,1.43
8,Weekend,Bronx,Hunts Point,1.42
8,Weekend,Queens,Howard Beach,1.4
8,Weekend,Brooklyn,Borough Park,1.38
8,Weekend,Brooklyn,Windsor Terrace,1.38
8,Weekend,Brooklyn,Carroll Gardens,1.36
8,Weekend,Manhattan,Inwood,1.33
8,Weekend,Brooklyn,Columbia Street,1.33
8,Weekend,Brooklyn,Prospect Park,1.33
8,Weekend,Bronx,Allerton/Pelham Gardens,1.33
8,Weekend,Queens,Kew Gardens Hills,1.33
8,Weekend,Bronx,Van Cortlandt Park,1.33
8,Weekend,Bronx,Bronxdale,1.33
8,Weekend,Bronx,Riverdale/North Riverdale/Fieldston,1.3
8,Weekend,Brooklyn,Gravesend,1.3
8,Weekend,Queens,Bellerose,1.29
8,Weekend,Brooklyn,Dyker Heights,1.29
8,Weekend,Manhattan,Randalls Island,1.25
8,Weekend,Brooklyn,Brighton Beach,1.22
8,Weekend,Queens,Jamaica Estates,1.22
8,Weekend,Brooklyn,Cobble Hill,1.21
8,Weekend,Queens,Glen Oaks,1.17
8,Weekend,Queens,Ozone Park,1.17
8,Weekend,Queens,North Corona,1.14
8,Weekend,Brooklyn,Prospect Heights,1.13
8,Weekend,Queens,Cambria Heights,1.13
8,Weekend,Brooklyn,Gowanus,1.13
8,Weekend,Brooklyn,Bath Beach,1.13
8,Weekend,Queens,College Point,1.13
8,Weekend,Queens,Queensboro Hill,1.11
8,Weekend,Queens,Bay Terrace/Fort Totten,1.11
8,Weekend,Bronx,Spuyten Duyvil/Kingsbridge,1.11
8,Weekend,Bronx,Fordham South,1.1
8,Weekend,Queens,Jamaica Bay,1.0
8,Weekend,Staten Island,Grymes Hill/Clifton,1.0
8,Weekend,Brooklyn,South Williamsburg,1.0
8,Weekend,Queens,Rosedale,1.0
8,Weekend,Queens,Willets Point,1.0
8,Weekend,Brooklyn,Manhattan Beach,1.0
8,Weekend,Bronx,Bronx Park,1.0
8,Weekend,Queens,Oakland Gardens,1.0
8,Weekend,N/A,Outside of NYC,1.0
8,Weekend,Staten Island,South Beach/Dongan Hills,1.0
8,Weekend,Manhattan,Marble Hill,1.0
8,Weekend,Brooklyn,Brooklyn Navy Yard,1.0
8,Weekend,Queens,Rockaway Park,1.0
8,Weekend,Brooklyn,Ocean Parkway South,1.0
8,Weekend,Queens,East Flushing,1.0
8,Weekend,Staten Island,Oakwood,1.0
8,Weekend,Bronx,City Island,1.0
8,Weekend,Brooklyn,Madison,1.0
8,Weekend,Queens,Auburndale,1.0
8,Weekend,Queens,Whitestone,1.0
8,Weekend,Manhattan,Battery Park,1.0
8,Weekend,Queens,Breezy Point/Fort Tilden/Riis Beach,1.0
8,Weekend,Brooklyn,Marine Park/Floyd Bennett Field,1.0
8,Weekend,Queens,Fresh Meadows,1.0
8,Weekend,Queens,Douglaston,1.0
8,Weekend,Brooklyn,Green-Wood Cemetery,1.0
8,Weekend,Queens,Saint Michaels Cemetery/Woodside,1.0
8,Weekend,Staten Island,New Dorp/Midland Beach,1.0
8,Weekend,Staten Island,Arrochar/Fort Wadsworth,1.0
8,Weekend,Manhattan,Highbridge Park,1.0
9,Weekend,Manhattan,Upper East Side North,159.81
9,Weekend,Manhattan,Upper East Side South,137.19
9,Weekend,Manhattan,Upper West Side South,124.38
9,Weekend,Manhattan,Times Sq/Theatre District,119.0
9,Weekend,Manhattan,Upper West Side North,116.65
9,Weekend,Queens,JFK Airport,111.81
9,Weekend,Manhattan,Lenox Hill West,104.96
9,Weekend,Manhattan,Penn Station/Madison Sq West,102.62
9,Weekend,Manhattan,Midtown Center,97.38
9,Weekend,Manhattan,Lincoln Square East,95.65
9,Weekend,Manhattan,Yorkville West,92.42
9,Weekend,Manhattan,Midtown East,88.92
9,Weekend,Manhattan,Clinton East,87.92
9,Weekend,Manhattan,Yorkville East,84.38
9,Weekend,Manhattan,Midtown North,83.19
9,Weekend,Manhattan,Murray Hill,82.0
9,Weekend,Manhattan,Sutton Place/Turtle Bay North,75.96
9,Weekend,Manhattan,Lenox Hill East,73.23
9,Weekend,Queens,LaGuardia Airport,72.0
9,Weekend,Manhattan,East Chelsea,71.69
9,Weekend,Manhattan,Gramercy,70.0
9,Weekend,Manhattan,Midtown South,58.54
9,Weekend,Manhattan,Lincoln Square West,58.38
9,Weekend,Manhattan,Union Sq,56.46
9,Weekend,Manhattan,East Village,50.38
9,Weekend,Manhattan,Manhattan Valley,50.08
9,Weekend,Manhattan,Flatiron,50.0
9,Weekend,Manhattan,UN/Turtle Bay South,48.12
9,Weekend,Manhattan,Central Park,46.42
9,Weekend,Manhattan,Garment District,45.69
9,Weekend,Manhattan,West Village,41.58
9,Weekend,Manhattan,East Harlem South,38.5
9,Weekend,Manhattan,Greenwich Village North,36.54
9,Weekend,Manhattan,Kips Bay,34.42
9,Weekend,Manhattan,TriBeCa/Civic Center,30.54
9,Weekend,Manhattan,Clinton West,25.31
9,Weekend,Manhattan,West Chelsea/Hudson Yards,25.08
9,Weekend,Manhattan,Morningside Heights,23.65
9,Weekend,Manhattan,Central Harlem,21.85
9,Weekend,Brooklyn,Red Hook,19.5
9,Weekend,Manhattan,East Harlem North,18.08
9,Weekend,Manhattan,Greenwich Village South,17.81
9,Weekend,Manhattan,Battery Park City,16.88
9,Weekend,Manhattan,Bloomingdale,16.54
9,Weekend,Manhattan,Lower East Side,15.35
9,Weekend,Manhattan,Meatpacking/West Village West,15.19
9,Weekend,Manhattan,Hudson Sq,13.85
9,Weekend,Manhattan,Financial District North,13.58
9,Weekend,Manhattan,Central Harlem North,13.38
9,Weekend,Manhattan,World Trade Center,11.88
9,Weekend,Manhattan,Stuy Town/Peter Cooper Village,11.54
9,Weekend,Manhattan,SoHo,10.73
9,Weekend,Manhattan,Little Italy/NoLiTa,10.04
9,Weekend,Manhattan,Hamilton Heights,9.92
9,Weekend,Queens,East Elmhurst,9.73
9,Weekend,Brooklyn,Crown Heights North,8.58
9,Weekend,Unknown,N/A,8.46
9,Weekend,Queens,Sunnyside,7.88
9,Weekend,Manhattan,Alphabet City,7.84
9,Weekend,Brooklyn,East New York,6.62
9,Weekend,Manhattan,Washington Heights South,6.38
9,Weekend,Brooklyn,Flatbush/Ditmas Park,6.24
9,Weekend,Queens,Astoria,6.23
9,Weekend,Brooklyn,Prospect-Lefferts Gardens,5.88
9,Weekend,Manhattan,Two Bridges/Seward Park,5.69
9,Weekend,Brooklyn,Brownsville,5.23
9,Weekend,Brooklyn,East Flatbush/Remsen Village,5.16
9,Weekend,Queens,Long Island City/Hunters Point,5.0
9,Weekend,Manhattan,Manhattanville,4.88
9,Weekend,Queens,Long Island City/Queens Plaza,4.8
9,Weekend,Brooklyn,Stuyvesant Heights,4.79
9,Weekend,Brooklyn,Canarsie,4.72
9,Weekend,Queens,Old Astoria,4.57
9,Weekend,Brooklyn,Bedford,4.12
9,Weekend,Brooklyn,Bushwick South,4.04
9,Weekend,Brooklyn,Flatlands,3.84
9,Weekend,Brooklyn,Ocean Hill,3.81
9,Weekend,Brooklyn,Downtown Brooklyn/MetroTech,3.75
9,Weekend,Manhattan,Financial District South,3.54
9,Weekend,Brooklyn,East Flatbush/Farragut,3.5
9,Weekend,Brooklyn,Crown Heights South,3.42
9,Weekend,Manhattan,Chinatown,3.4
9,Weekend,Manhattan,Seaport,3.35
9,Weekend,Queens,Jackson Heights,3.31
9,Weekend,Queens,Woodside,3.22
9,Weekend,Bronx,West Concourse,3.13
9,Weekend,Queens,South Ozone Park,3.13
9,Weekend,Queens,Richmond Hill,3.09
9,Weekend,Bronx,West Farms/Bronx River,3.06
9,Weekend,Queens,Elmhurst,3.05
9,Weekend,Bronx,Mott Haven/Port Morris,3.05
9,Weekend,Brooklyn,Clinton Hill,3.05
9,Weekend,Bronx,Soundview/Castle Hill,3.0
9,Weekend,Brooklyn,Fort Greene,2.96
9,Weekend,Bronx,Mount Hope,2.95
9,Weekend,Bronx,East Concourse/Concourse Village,2.88
9,Weekend,Manhattan,Washington Heights North,2.77
9,Weekend,Bronx,University Heights/Morris Heights,2.65
9,Weekend,Brooklyn,Williamsburg (South Side),2.58
9,Weekend,Brooklyn,East New York/Pennsylvania Avenue,2.58
9,Weekend,Queens,Steinway,2.57
9,Weekend,Brooklyn,Brooklyn Heights,2.52
9,Weekend,Queens,South Jamaica,2.5
9,Weekend,Queens,Maspeth,2.5
9,Weekend,Queens,Jamaica,2.48
9,Weekend,Brooklyn,East Williamsburg,2.48
9,Weekend,Brooklyn,Boerum Hill,2.48
9,Weekend,Queens,Baisley Park,2.45
9,Weekend,Bronx,East Tremont,2.44
9,Weekend,Queens,Woodhaven,2.44
9,Weekend,Brooklyn,Starrett City,2.43
9,Weekend,Brooklyn,Park Slope,2.43
9,Weekend,Queens,Corona,2.38
9,Weekend,Bronx,Williamsbridge/Olinville,2.37
9,Weekend,Bronx,Parkchester,2.33
9,Weekend,Queens,Ridgewood,2.32
9,Weekend,Brooklyn,Cypress Hills,2.26
9,Weekend,Brooklyn,Erasmus,2.18
9,Weekend,Bronx,Morrisania/Melrose,2.17
9,Weekend,Bronx,Melrose South,2.15
9,Weekend,Brooklyn,Cobble Hill,2.15
9,Weekend,Queens,Forest Hills,2.14
9,Weekend,Bronx,Co-Op City,2.14
9,Weekend,Bronx,Soundview/Bruckner,2.14
9,Weekend,Brooklyn,Sunset Park West,2.1
9,Weekend,Queens,Queensbridge/Ravenswood,2.0
9,Weekend,Brooklyn,Kensington,2.0
9,Weekend,Queens,Saint Albans,2.0
9,Weekend,Queens,Bayside,2.0
9,Weekend,Bronx,Highbridge,2.0
9,Weekend,Queens,Far Rockaway,1.94
9,Weekend,Queens,Elmhurst/Maspeth,1.94
9,Weekend,Bronx,Longwood,1.91
9,Weekend,Brooklyn,Bay Ridge,1.89
9,Weekend,Brooklyn,Bensonhurst West,1.88
9,Weekend,Bronx,Van Nest/Morris Park,1.88
9,Weekend,Queens,Ozone Park,1.88
9,Weekend,Queens,Briarwood/Jamaica Hills,1.84
9,Weekend,Brooklyn,Greenpoint,1.83
9,Weekend,Bronx,Bedford Park,1.83
9,Weekend,Queens,Jamaica Estates,1.83
9,Weekend,Bronx,Eastchester,1.81
9,Weekend,Brooklyn,Prospect Heights,1.79
9,Weekend,Brooklyn,Coney Island,1.78
9,Weekend,Brooklyn,Bushwick North,1.75
9,Weekend,Brooklyn,Windsor Terrace,1.75
9,Weekend,Queens,Springfield Gardens North,1.74
9,Weekend,Bronx,Woodlawn/Wakefield,1.67
9,Weekend,Brooklyn,Sheepshead Bay,1.67
9,Weekend,Brooklyn,DUMBO/Vinegar Hill,1.65
9,Weekend,Queens,Howard Beach,1.63
9,Weekend,Brooklyn,Midwood,1.62
9,Weekend,Bronx,Fordham South,1.62
9,Weekend,Queens,Bellerose,1.6
9,Weekend,Bronx,Norwood,1.58
9,Weekend,Brooklyn,South Williamsburg,1.57
9,Weekend,Bronx,Van Cortlandt Village,1.57
9,Weekend,Bronx,Kingsbridge Heights,1.57
9,Weekend,Queens,Hammels/Arverne,1.56
9,Weekend,Brooklyn,Carroll Gardens,1.56
9,Weekend,Queens,Springfield Gardens South,1.56
9,Weekend,Brooklyn,Homecrest,1.55
9,Weekend,Bronx,Crotona Park East,1.55
9,Weekend,Brooklyn,Gowanus,1.54
9,Weekend,Bronx,Claremont/Bathgate,1.53
9,Weekend,Bronx,Hunts Point,1.53
9,Weekend,Bronx,Crotona Park,1.5
9,Weekend,Queens,Glendale,1.5
9,Weekend,Bronx,Belmont,1.5
9,Weekend,Queens,Douglaston,1.5
9,Weekend,Brooklyn,Marine Park/Mill Basin,1.47
9,Weekend,Queens,Hillcrest/Pomonok,1.46
9,Weekend,Manhattan,Roosevelt Island,1.43
9,Weekend,Queens,Murray Hill-Queens,1.43
9,Weekend,Queens,Kew Gardens,1.43
9,Weekend,Queens,North Corona,1.43
9,Weekend,Bronx,Riverdale/North Riverdale/Fieldston,1.43
9,Weekend,Queens,Rego Park,1.43
9,Weekend,Queens,Whitestone,1.4
9,Weekend,Brooklyn,Columbia Street,1.38
9,Weekend,Queens,Rosedale,1.36
9,Weekend,Brooklyn,Bensonhurst East,1.36
9,Weekend,Bronx,Westchester Village/Unionport,1.35
9,Weekend,Queens,Queens Village,1.33
9,Weekend,Queens,College Point,1.33
9,Weekend,Queens,Cambria Heights,1.3
9,Weekend,Brooklyn,Dyker Heights,1.3
9,Weekend,Bronx,Schuylerville/Edgewater Park,1.29
9,Weekend,Bronx,Bronxdale,1.27
9,Weekend,Queens,Laurelton,1.27
9,Weekend,Queens,Flushing Meadows-Corona Park,1.27
9,Weekend,Queens,Rockaway Park,1.25
9,Weekend,Bronx,Pelham Bay,1.25
9,Weekend,Brooklyn,Bath Beach,1.25
9,Weekend,Queens,Middle Village,1.25
9,Weekend,Bronx,Allerton/Pelham Gardens,1.23
9,Weekend,Brooklyn,Gravesend,1.22
9,Weekend,Brooklyn,Borough Park,1.22
9,Weekend,Brooklyn,Brighton Beach,1.19
9,Weekend,Bronx,Pelham Parkway,1.17
9,Weekend,Manhattan,Inwood,1.13
9,Weekend,Queens,Fresh Meadows,1.13
9,Weekend,Brooklyn,Sunset Park East,1.1
9,Weekend,Brooklyn,Madison,1.1
9,Weekend,Bronx,Spuyten Duyvil/Kingsbridge,1.09
9,Weekend,Brooklyn,Williamsburg (North Side),1.09
9,Weekend,Staten Island,Arrochar/Fort Wadsworth,1.0
9,Weekend,Brooklyn,Brooklyn Navy Yard,1.0
9,Weekend,Brooklyn,Prospect Park,1.0
9,Weekend,Queens,Oakland Gardens,1.0
9,Weekend,Queens,Hollis,1.0
9,Weekend,Staten Island,New Dorp/Midland Beach,1.0
9,Weekend,Queens,Willets Point,1.0
9,Weekend,Bronx,Van Cortlandt Park,1.0
9,Weekend,Brooklyn,Manhattan Beach,1.0
9,Weekend,Queens,Bay Terrace/Fort Totten,1.0
9,Weekend,Queens,Glen Oaks,1.0
9,Weekend,Manhattan,Marble Hill,1.0
9,Weekend,Bronx,Country Club,1.0
9,Weekend,Queens,Auburndale,1.0
9,Weekend,Manhattan,Randalls Island,1.0
9,Weekend,Staten Island,South Beach/Dongan Hills,1.0
9,Weekend,Queens,Flushing,1.0
9,Weekend,Manhattan,Inwood Hill Park,1.0
9,Weekend,Queens,Queensboro Hill,1.0
9,Weekend,N/A,Outside of NYC,1.0
9,Weekend,Manhattan,Battery Park,1.0
9,Weekend,Queens,East Flushing,1.0
9,Weekend,Staten Island,Bloomfield/Emerson Hill,1.0
9,Weekend,Brooklyn,Marine Park/Floyd Bennett Field,1.0
9,Weekend,Queens,Saint Michaels Cemetery/Woodside,1.0
9,Weekend,Queens,Kew Gardens Hills,1.0
9,Weekend,Brooklyn,Ocean Parkway South,1.0
9,Weekend,Bronx,Bronx Park,1.0
9,Weekend,Manhattan,Highbridge Park,1.0
10,Weekend,Manhattan,Upper East Side North,222.0
10,Weekend,Manhattan,Upper East Side South,195.65
10,Weekend,Manhattan,Upper West Side South,173.46
10,Weekend,Manhattan,Times Sq/Theatre District,166.08
10,Weekend,Manhattan,Midtown Center,152.96
10,Weekend,Manhattan,Penn Station/Madison Sq West,152.96
10,Weekend,Manhattan,Lenox Hill West,145.81
10,Weekend,Manhattan,Upper West Side North,142.65
10,Weekend,Manhattan,Lincoln Square East,139.27
10,Weekend,Queens,LaGuardia Airport,131.81
10,Weekend,Manhattan,Midtown East,130.62
10,Weekend,Manhattan,Murray Hill,128.73
10,Weekend,Manhattan,Yorkville West,124.04
10,Weekend,Queens,JFK Airport,121.23
10,Weekend,Manhattan,Midtown North,117.88
10,Weekend,Manhattan,Clinton East,107.81
10,Weekend,Manhattan,Yorkville East,103.96
10,Weekend,Manhattan,Sutton Place/Turtle Bay North,102.35
10,Weekend,Manhattan,East Chelsea,97.88
10,Weekend,Manhattan,Gramercy,94.88
10,Weekend,Manhattan,Lenox Hill East,93.5
10,Weekend,Manhattan,Union Sq,91.85
10,Weekend,Manhattan,Midtown South,85.15
10,Weekend,Manhattan,Lincoln Square West,76.38
10,Weekend,Manhattan,East Village,72.69
10,Weekend,Manhattan,Central Park,71.92
10,Weekend,Manhattan,Flatiron,71.62
10,Weekend,Manhattan,UN/Turtle Bay South,69.85
10,Weekend,Manhattan,Garment District,61.12
10,Weekend,Manhattan,Manhattan Valley,58.92
10,Weekend,Manhattan,West Village,57.96
10,Weekend,Manhattan,Greenwich Village North,55.85
10,Weekend,Manhattan,West Chelsea/Hudson Yards,47.96
10,Weekend,Manhattan,TriBeCa/Civic Center,45.35
10,Weekend,Manhattan,Kips Bay,42.58
10,Weekend,Manhattan,East Harlem South,40.42
10,Weekend,Manhattan,Clinton West,30.31
10,Weekend,Manhattan,Morningside Heights,29.04
10,Weekend,Manhattan,Battery Park City,27.27
10,Weekend,Manhattan,Lower East Side,24.85
10,Weekend,Manhattan,Greenwich Village South,24.08
10,Weekend,Manhattan,Financial District North,23.42
10,Weekend,Manhattan,Meatpacking/West Village West,21.58
10,Weekend,Manhattan,Central Harlem,20.54
10,Weekend,Manhattan,Bloomingdale,20.08
10,Weekend,Manhattan,Little Italy/NoLiTa,19.81
10,Weekend,Manhattan,SoHo,19.81
10,Weekend,Manhattan,World Trade Center,19.04
10,Weekend,Manhattan,East Harlem North,18.31
10,Weekend,Manhattan,Hudson Sq,17.88
10,Weekend,Manhattan,Stuy Town/Peter Cooper Village,14.96
10,Weekend,Manhattan,Central Harlem North,12.08
10,Weekend,Queens,East Elmhurst,11.58
10,Weekend,Brooklyn,Red Hook,11.06
10,Weekend,Unknown,N/A,9.92
10,Weekend,Manhattan,Alphabet City,8.73
10,Weekend,Manhattan,Hamilton Heights,8.69
10,Weekend,Brooklyn,Crown Heights North,8.27
10,Weekend,Queens,Sunnyside,7.65
10,Weekend,Manhattan,Two Bridges/Seward Park,7.58
10,Weekend,Queens,Astoria,7.24
10,Weekend,Queens,Long Island City/Hunters Point,6.62
10,Weekend,Brooklyn,East New York,6.35
10,Weekend,Brooklyn,Flatbush/Ditmas Park,6.04
10,Weekend,Manhattan,Washington Heights South,6.04
10,Weekend,Manhattan,Manhattanville,6.0
10,Weekend,Manhattan,Financial District South,5.85
10,Weekend,Manhattan,Seaport,5.65
10,Weekend,Queens,Long Island City/Queens Plaza,5.38
10,Weekend,Manhattan,Chinatown,5.04
10,Weekend,Brooklyn,Canarsie,4.92
10,Weekend,Brooklyn,Stuyvesant Heights,4.73
10,Weekend,Brooklyn,Prospect-Lefferts Gardens,4.69
10,Weekend,Brooklyn,Bedford,4.5
10,Weekend,Bronx,Mott Haven/Port Morris,4.35
10,Weekend,Brooklyn,Downtown Brooklyn/MetroTech,4.13
10,Weekend,Brooklyn,East Flatbush/Remsen Village,4.12
10,Weekend,Queens,Old Astoria,4.09
10,Weekend,Brooklyn,Fort Greene,4.04
10,Weekend,Brooklyn,Bushwick South,3.91
10,Weekend,Brooklyn,East Flatbush/Farragut,3.81
10,Weekend,Brooklyn,Ocean Hill,3.79
10,Weekend,Brooklyn,Clinton Hill,3.74
10,Weekend,Brooklyn,Brooklyn Heights,3.68
10,Weekend,Manhattan,Washington Heights North,3.65
10,Weekend,Brooklyn,Brownsville,3.58
10,Weekend,Queens,Jackson Heights,3.54
10,Weekend,Brooklyn,Boerum Hill,3.48
10,Weekend,Queens,Queensbridge/Ravenswood,3.11
10,Weekend,Brooklyn,Flatlands,3.0
10,Weekend,Queens,South Ozone Park,3.0
10,Weekend,Brooklyn,Greenpoint,3.0
10,Weekend,Queens,Richmond Hill,2.9
10,Weekend,Bronx,East Concourse/Concourse Village,2.84
10,Weekend,Brooklyn,Crown Heights South,2.83
10,Weekend,Queens,Corona,2.75
10,Weekend,Brooklyn,East Williamsburg,2.65
10,Weekend,Queens,Forest Hills,2.55
10,Weekend,Brooklyn,Coney Island,2.53
10,Weekend,Bronx,West Concourse,2.52
10,Weekend,Brooklyn,Park Slope,2.52
10,Weekend,Queens,South Jamaica,2.52
10,Weekend,Bronx,University Heights/Morris Heights,2.45
10,Weekend,Queens,Woodside,2.42
10,Weekend,Bronx,Soundview/Castle Hill,2.41
10,Weekend,Brooklyn,Starrett City,2.4
10,Weekend,Brooklyn,Williamsburg (South Side),2.4
10,Weekend,Brooklyn,Sunset Park West,2.36
10,Weekend,Queens,Steinway,2.35
10,Weekend,Brooklyn,East New York/Pennsylvania Avenue,2.35
10,Weekend,Queens,Elmhurst,2.32
10,Weekend,Bronx,Melrose South,2.27
10,Weekend,Bronx,Williamsbridge/Olinville,2.25
10,Weekend,Queens,Elmhurst/Maspeth,2.25
10,Weekend,Brooklyn,Bushwick North,2.24
10,Weekend,Brooklyn,Cypress Hills,2.18
10,Weekend,Bronx,Parkchester,2.17
10,Weekend,Brooklyn,DUMBO/Vinegar Hill,2.17
10,Weekend,Bronx,Morrisania/Melrose,2.15
10,Weekend,Brooklyn,Windsor Terrace,2.13
10,Weekend,Bronx,Highbridge,2.11
10,Weekend,Brooklyn,Erasmus,2.08
10,Weekend,Queens,Maspeth,2.07
10,Weekend,Brooklyn,Cobble Hill,2.06
10,Weekend,Brooklyn,Bay Ridge,2.0
10,Weekend,Queens,Springfield Gardens North,2.0
10,Weekend,Bronx,Mount Hope,2.0
10,Weekend,Bronx,Co-Op City,1.95
10,Weekend,Brooklyn,Williamsburg (North Side),1.93
10,Weekend,Bronx,Soundview/Bruckner,1.92
10,Weekend,Bronx,West Farms/Bronx River,1.92
10,Weekend,Queens,Jamaica,1.91
10,Weekend,Queens,Ridgewood,1.88
10,Weekend,Queens,Baisley Park,1.82
10,Weekend,Bronx,Van Cortlandt Village,1.81
10,Weekend,Brooklyn,Prospect Heights,1.79
10,Weekend,Brooklyn,Kensington,1.76
10,Weekend,Bronx,Hunts Point,1.75
10,Weekend,Bronx,East Tremont,1.73
10,Weekend,Queens,Woodhaven,1.72
10,Weekend,Queens,Glendale,1.7
10,Weekend,Queens,Middle Village,1.69
10,Weekend,Queens,Briarwood/Jamaica Hills,1.69
10,Weekend,Queens,Springfield Gardens South,1.67
10,Weekend,Manhattan,Inwood,1.65
10,Weekend,Bronx,Crotona Park East,1.64
10,Weekend,Queens,Flushing Meadows-Corona Park,1.64
10,Weekend,Queens,Hammels/Arverne,1.63
10,Weekend,Bronx,Fordham South,1.63
10,Weekend,Brooklyn,Carroll Gardens,1.6
10,Weekend,Bronx,Longwood,1.57
10,Weekend,Brooklyn,Midwood,1.57
10,Weekend,Queens,North Corona,1.57
10,Weekend,Queens,Kew Gardens,1.55
10,Weekend,Brooklyn,Gravesend,1.55
10,Weekend,Queens,Flushing,1.54
10,Weekend,Brooklyn,Borough Park,1.52
10,Weekend,Bronx,Bedford Park,1.5
10,Weekend,Queens,Bay Terrace/Fort Totten,1.5
10,Weekend,Brooklyn,Gowanus,1.5
10,Weekend,Queens,Far Rockaway,1.5
10,Weekend,Manhattan,Battery Park,1.5
10,Weekend,Brooklyn,Brooklyn Navy Yard,1.5
10,Weekend,Manhattan,Marble Hill,1.5
10,Weekend,Queens,Saint Albans,1.47
10,Weekend,Bronx,Bronxdale,1.46
10,Weekend,Brooklyn,Sunset Park East,1.43
10,Weekend,Bronx,Schuylerville/Edgewater Park,1.42
10,Weekend,Queens,Queens Village,1.42
10,Weekend,Brooklyn,Sheepshead Bay,1.41
10,Weekend,Bronx,Norwood,1.38
10,Weekend,Brooklyn,Homecrest,1.38
10,Weekend,Queens,Ozone Park,1.38
10,Weekend,Brooklyn,Bensonhurst West,1.38
10,Weekend,Brooklyn,Bensonhurst East,1.36
10,Weekend,Bronx,Westchester Village/Unionport,1.35
10,Weekend,Brooklyn,Ocean Parkway South,1.33
10,Weekend,Bronx,Pelham Parkway,1.33
10,Weekend,Bronx,Woodlawn/Wakefield,1.33
10,Weekend,Bronx,Claremont/Bathgate,1.33
10,Weekend,Brooklyn,South Williamsburg,1.33
10,Weekend,Queens,Howard Beach,1.33
10,Weekend,Queens,Rego Park,1.33
10,Weekend,Bronx,Riverdale/North Riverdale/Fieldston,1.33
10,Weekend,Brooklyn,Madison,1.29
10,Weekend,Queens,Hillcrest/Pomonok,1.27
10,Weekend,Queens,Queensboro Hill,1.25
10,Weekend,Bronx,Eastchester,1.25
10,Weekend,Queens,Jamaica Estates,1.22
10,Weekend,Queens,Murray Hill-Queens,1.2
10,Weekend,Bronx,Pelham Bay,1.2
10,Weekend,Brooklyn,Brighton Beach,1.2
10,Weekend,Brooklyn,Marine Park/Mill Basin,1.18
10,Weekend,N/A,Outside of NYC,1.18
10,Weekend,Bronx,Kingsbridge Heights,1.18
10,Weekend,Brooklyn,Dyker Heights,1.17
10,Weekend,Bronx,Allerton/Pelham Gardens,1.14
10,Weekend,Queens,Hollis,1.14
10,Weekend,Bronx,Van Nest/Morris Park,1.13
10,Weekend,Queens,Kew Gardens Hills,1.13
10,Weekend,Brooklyn,Prospect Park,1.13
10,Weekend,Queens,Rosedale,1.08
10,Weekend,Manhattan,Inwood Hill Park,1.0
10,Weekend,Queens,Cambria Heights,1.0
10,Weekend,Manhattan,Randalls Island,1.0
10,Weekend,Brooklyn,Bath Beach,1.0
10,Weekend,Queens,Glen Oaks,1.0
10,Weekend,Queens,Auburndale,1.0
10,Weekend,Queens,Whitestone,1.0
10,Weekend,Brooklyn,Marine Park/Floyd Bennett Field,1.0
10,Weekend,Staten Island,Arrochar/Fort Wadsworth,1.0
10,Weekend,Manhattan,Highbridge Park,1.0
10,Weekend,Bronx,Spuyten Duyvil/Kingsbridge,1.0
10,Weekend,Queens,Willets Point,1.0
10,Weekend,Bronx,Bronx Park,1.0
10,Weekend,Manhattan,Roosevelt Island,1.0
10,Weekend,Queens,Bayside,1.0
10,Weekend,Brooklyn,Manhattan Beach,1.0
10,Weekend,Queens,College Point,1.0
10,Weekend,Staten Island,New Dorp/Midland Beach,1.0
10,Weekend,Queens,Oakland Gardens,1.0
10,Weekend,Bronx,Van Cortlandt Park,1.0
10,Weekend,Queens,Saint Michaels Cemetery/Woodside,1.0
10,Weekend,Bronx,Belmont,1.0
10,Weekend,Queens,Douglaston,1.0
10,Weekend,Queens,Astoria Park,1.0
10,Weekend,Queens,Bellerose,1.0
10,Weekend,Queens,Fresh Meadows,1.0
10,Weekend,Bronx,Pelham Bay Park,1.0
10,Weekend,Queens,Laurelton,1.0
10,Weekend,Brooklyn,Columbia Street,1.0
10,Weekend,Staten Island,South Beach/Dongan Hills,1.0
10,Weekend,Bronx,Crotona Park,1.0
11,Weekend,Manhattan,Upper East Side North,262.23
11,Weekend,Manhattan,Upper East Side South,238.04
11,Weekend,Manhattan,Penn Station/Madison Sq West,237.92
11,Weekend,Manhattan,Midtown Center,204.42
11,Weekend,Manhattan,Upper West Side South,196.31
11,Weekend,Manhattan,Times Sq/Theatre District,182.69
11,Weekend,Manhattan,Midtown East,170.69
11,Weekend,Manhattan,Lincoln Square East,169.54
11,Weekend,Manhattan,Murray Hill,159.27
11,Weekend,Manhattan,Lenox Hill West,153.27
11,Weekend,Manhattan,Upper West Side North,146.12
11,Weekend,Manhattan,Midtown North,145.08
11,Weekend,Manhattan,East Chelsea,139.92
11,Weekend,Manhattan,Yorkville West,135.65
11,Weekend,Manhattan,Union Sq,128.23
11,Weekend,Queens,LaGuardia Airport,123.77
11,Weekend,Manhattan,Sutton Place/Turtle Bay North,115.12
11,Weekend,Manhattan,Clinton East,114.58
11,Weekend,Queens,JFK Airport,112.31
11,Weekend,Manhattan,Gramercy,111.54
11,Weekend,Manhattan,Yorkville East,109.19
11,Weekend,Manhattan,Midtown South,104.42
11,Weekend,Manhattan,Lenox Hill East,101.54
11,Weekend,Manhattan,Central Park,92.5
11,Weekend,Manhattan,Flatiron,91.08
11,Weekend,Manhattan,East Village,88.5
11,Weekend,Manhattan,Lincoln Square West,79.77
11,Weekend,Manhattan,West Chelsea/Hudson Yards,77.85
11,Weekend,Manhattan,UN/Turtle Bay South,75.5
11,Weekend,Manhattan,Garment District,75.31
11,Weekend,Manhattan,West Village,73.62
11,Weekend,Manhattan,Greenwich Village North,70.08
11,Weekend,Manhattan,Manhattan Valley,65.88
11,Weekend,Manhattan,TriBeCa/Civic Center,57.19
11,Weekend,Manhattan,Kips Bay,56.85
11,Weekend,Manhattan,East Harlem South,41.27
11,Weekend,Manhattan,Greenwich Village South,37.15
11,Weekend,Manhattan,Little Italy/NoLiTa,35.42
11,Weekend,Manhattan,World Trade Center,34.27
11,Weekend,Manhattan,Clinton West,34.12
11,Weekend,Manhattan,Battery Park City,32.88
11,Weekend,Manhattan,Meatpacking/West Village West,31.92
11,Weekend,Manhattan,Morningside Heights,31.42
11,Weekend,Manhattan,SoHo,30.85
11,Weekend,Manhattan,Lower East Side,30.54
11,Weekend,Manhattan,Financial District North,26.96
11,Weekend,Manhattan,Hudson Sq,23.04
11,Weekend,Manhattan,Central Harlem,21.5
11,Weekend,Manhattan,East Harlem North,19.46
11,Weekend,Manhattan,Bloomingdale,18.77
11,Weekend,Manhattan,Stuy Town/Peter Cooper Village,17.38
11,Weekend,Queens,East Elmhurst,15.42
11,Weekend,Manhattan,Central Harlem North,12.85
11,Weekend,Unknown,N/A,12.19
11,Weekend,Manhattan,Two Bridges/Seward Park,9.04
11,Weekend,Manhattan,Alphabet City,8.73
11,Weekend,Brooklyn,Crown Heights North,8.62
11,Weekend,Manhattan,Financial District South,8.42
11,Weekend,Manhattan,Hamilton Heights,8.38
11,Weekend,Manhattan,Seaport,8.31
11,Weekend,Queens,Long Island City/Hunters Point,7.52
11,Weekend,Manhattan,Chinatown,7.19
11,Weekend,Queens,Sunnyside,7.08
11,Weekend,Queens,Astoria,6.46
11,Weekend,Brooklyn,Downtown Brooklyn/MetroTech,5.38
11,Weekend,Brooklyn,East New York,5.38
11,Weekend,Manhattan,Manhattanville,5.38
11,Weekend,Brooklyn,Boerum Hill,5.32
11,Weekend,Manhattan,Washington Heights South,5.28
11,Weekend,Brooklyn,Stuyvesant Heights,5.04
11,Weekend,Brooklyn,Bushwick South,4.65
11,Weekend,Queens,Long Island City/Queens Plaza,4.52
11,Weekend,Brooklyn,Flatbush/Ditmas Park,4.4
11,Weekend,Brooklyn,Brooklyn Heights,4.19
11,Weekend,Brooklyn,Bedford,4.17
11,Weekend,Brooklyn,Brownsville,4.12
11,Weekend,Brooklyn,Canarsie,4.0
11,Weekend,Brooklyn,Fort Greene,3.92
11,Weekend,Brooklyn,Prospect-Lefferts Gardens,3.92
11,Weekend,Queens,Old Astoria,3.92
11,Weekend,Bronx,Mott Haven/Port Morris,3.88
11,Weekend,Brooklyn,Williamsburg (South Side),3.75
11,Weekend,Brooklyn,East Flatbush/Remsen Village,3.48
11,Weekend,Queens,South Ozone Park,3.48
11,Weekend,Brooklyn,Ocean Hill,3.25
11,Weekend,Brooklyn,Clinton Hill,3.18
11,Weekend,Manhattan,Battery Park,3.13
11,Weekend,Queens,Queensbridge/Ravenswood,3.04
11,Weekend,Manhattan,Washington Heights North,2.96
11,Weekend,Queens,Jamaica,2.95
11,Weekend,Queens,Woodside,2.86
11,Weekend,Brooklyn,East Flatbush/Farragut,2.83
11,Weekend,Bronx,West Concourse,2.82
11,Weekend,Brooklyn,DUMBO/Vinegar Hill,2.77
11,Weekend,Brooklyn,Park Slope,2.76
11,Weekend,Brooklyn,Flatlands,2.72
11,Weekend,Brooklyn,Crown Heights South,2.68
11,Weekend,Bronx,University Heights/Morris Heights,2.65
11,Weekend,Queens,Elmhurst/Maspeth,2.61
11,Weekend,Queens,Richmond Hill,2.59
11,Weekend,Queens,Forest Hills,2.55
11,Weekend,Brooklyn,Williamsburg (North Side),2.53
11,Weekend,Queens,Steinway,2.5
11,Weekend,Bronx,Melrose South,2.47
11,Weekend,Queens,Elmhurst,2.45
11,Weekend,Bronx,Soundview/Castle Hill,2.39
11,Weekend,Queens,Jackson Heights,2.35
11,Weekend,Queens,South Jamaica,2.3
11,Weekend,Brooklyn,Greenpoint,2.29
11,Weekend,Brooklyn,Bay Ridge,2.28
11,Weekend,Queens,Ridgewood,2.21
11,Weekend,Brooklyn,Red Hook,2.18
11,Weekend,Brooklyn,Cypress Hills,2.18
11,Weekend,Brooklyn,East Williamsburg,2.17
11,Weekend,Queens,Baisley Park,2.11
11,Weekend,Brooklyn,Bushwick North,2.1
11,Weekend,Brooklyn,Prospect Heights,2.05
11,Weekend,Queens,Saint Albans,2.0
11,Weekend,Brooklyn,Erasmus,2.0
11,Weekend,Bronx,Highbridge,2.0
11,Weekend,Brooklyn,Cobble Hill,2.0
11,Weekend,Bronx,Mount Hope,2.0
11,Weekend,Brooklyn,Sunset Park West,2.0
11,Weekend,Bronx,East Tremont,2.0
11,Weekend,Brooklyn,Kensington,2.0
11,Weekend,Bronx,Longwood,2.0
11,Weekend,Brooklyn,East New York/Pennsylvania Avenue,1.95
11,Weekend,Bronx,Hunts Point,1.94
11,Weekend,Brooklyn,Coney Island,1.89
11,Weekend,Bronx,Soundview/Bruckner,1.88
11,Weekend,Bronx,East Concourse/Concourse Village,1.86
11,Weekend,Queens,Maspeth,1.83
11,Weekend,Queens,Woodhaven,1.83
11,Weekend,Queens,Middle Village,1.81
11,Weekend,Brooklyn,Windsor Terrace,1.8
11,Weekend,Brooklyn,Columbia Street,1.8
11,Weekend,Bronx,Co-Op City,1.79
11,Weekend,Bronx,Eastchester,1.77
11,Weekend,Queens,Rockaway Park,1.75
11,Weekend,Queens,Cambria Heights,1.75
11,Weekend,Brooklyn,Starrett City,1.75
11,Weekend,Queens,Briarwood/Jamaica Hills,1.71
11,Weekend,Bronx,Williamsbridge/Olinville,1.69
11,Weekend,Queens,Far Rockaway,1.69
11,Weekend,Brooklyn,Bensonhurst West,1.64
11,Weekend,Brooklyn,Bensonhurst East,1.64
11,Weekend,Bronx,Parkchester,1.63
11,Weekend,Bronx,Van Cortlandt Village,1.62
11,Weekend,Bronx,Claremont/Bathgate,1.62
11,Weekend,Bronx,Bedford Park,1.6
11,Weekend,Queens,Springfield Gardens North,1.58
11,Weekend,Brooklyn,Sheepshead Bay,1.57
11,Weekend,Queens,Flushing,1.57
11,Weekend,Bronx,Crotona Park East,1.56
11,Weekend,Queens,Kew Gardens,1.55
11,Weekend,Queens,Hammels/Arverne,1.54
11,Weekend,Brooklyn,Carroll Gardens,1.54
11,Weekend,Brooklyn,Borough Park,1.54
11,Weekend,Brooklyn,Marine Park/Mill Basin,1.53
11,Weekend,Bronx,Woodlawn/Wakefield,1.53
11,Weekend,Bronx,Morrisania/Melrose,1.52
11,Weekend,Bronx,Riverdale/North Riverdale/Fieldston,1.5
11,Weekend,Manhattan,Randalls Island,1.5
11,Weekend,Staten Island,Arrochar/Fort Wadsworth,1.5
11,Weekend,Brooklyn,South Williamsburg,1.45
11,Weekend,Queens,Springfield Gardens South,1.42
11,Weekend,Bronx,Norwood,1.42
11,Weekend,Bronx,Kingsbridge Heights,1.4
11,Weekend,Brooklyn,Madison,1.4
11,Weekend,Queens,Jamaica Estates,1.4
11,Weekend,Queens,Howard Beach,1.38
11,Weekend,Brooklyn,Gravesend,1.38
11,Weekend,Brooklyn,Gowanus,1.37
11,Weekend,Manhattan,Roosevelt Island,1.36
11,Weekend,Queens,Rego Park,1.36
11,Weekend,Bronx,Schuylerville/Edgewater Park,1.33
11,Weekend,Brooklyn,Sunset Park East,1.33
11,Weekend,Queens,Flushing Meadows-Corona Park,1.33
11,Weekend,Queens,Queens Village,1.33
11,Weekend,Queens,Whitestone,1.33
11,Weekend,Queens,Bellerose,1.33
11,Weekend,N/A,Outside of NYC,1.33
11,Weekend,Brooklyn,Midwood,1.31
11,Weekend,Bronx,Westchester Village/Unionport,1.31
11,Weekend,Brooklyn,Brighton Beach,1.3
11,Weekend,Bronx,Bronxdale,1.3
11,Weekend,Queens,Kew Gardens Hills,1.29
11,Weekend,Manhattan,Inwood,1.27
11,Weekend,Bronx,West Farms/Bronx River,1.27
11,Weekend,Queens,Rosedale,1.25
11,Weekend,Queens,Murray Hill-Queens,1.25
11,Weekend,Queens,Hillcrest/Pomonok,1.25
11,Weekend,Bronx,Fordham South,1.22
11,Weekend,Brooklyn,Dyker Heights,1.2
11,Weekend,Queens,Glendale,1.2
11,Weekend,Brooklyn,Prospect Park,1.2
11,Weekend,Queens,North Corona,1.18
11,Weekend,Queens,Corona,1.18
11,Weekend,Brooklyn,Ocean Parkway South,1.17
11,Weekend,Queens,Hollis,1.13
11,Weekend,Bronx,Spuyten Duyvil/Kingsbridge,1.09
11,Weekend,Bronx,Pelham Parkway,1.09
11,Weekend,Brooklyn,Homecrest,1.08
11,Weekend,Staten Island,Stapleton,1.0
11,Weekend,Queens,Willets Point,1.0
11,Weekend,Queens,Oakland Gardens,1.0
11,Weekend,Queens,Forest Park/Highland Park,1.0
11,Weekend,EWR,Newark Airport,1.0
11,Weekend,Queens,Queensboro Hill,1.0
11,Weekend,Brooklyn,Marine Park/Floyd Bennett Field,1.0
11,Weekend,Bronx,Belmont,1.0
11,Weekend,Brooklyn,Bath Beach,1.0
11,Weekend,Manhattan,Marble Hill,1.0
11,Weekend,Queens,East Flushing,1.0
11,Weekend,Manhattan,Inwood Hill Park,1.0
11,Weekend,Bronx,Van Cortlandt Park,1.0
11,Weekend,Queens,Bay Terrace/Fort Totten,1.0
11,Weekend,Bronx,Bronx Park,1.0
11,Weekend,Queens,Auburndale,1.0
11,Weekend,Queens,Laurelton,1.0
11,Weekend,Queens,Fresh Meadows,1.0
11,Weekend,Brooklyn,Brooklyn Navy Yard,1.0
11,Weekend,Bronx,Country Club,1.0
11,Weekend,Queens,Saint Michaels Cemetery/Woodside,1.0
11,Weekend,Brooklyn,Manhattan Beach,1.0
11,Weekend,Queens,Ozone Park,1.0
11,Weekend,Queens,Bayside,1.0
11,Weekend,Bronx,Van Nest/Morris Park,1.0
11,Weekend,Queens,College Point,1.0
11,Weekend,Bronx,Allerton/Pelham Gardens,1.0
11,Weekend,Bronx,Pelham Bay,1.0
12,Weekend,Manhattan,Upper East Side North,310.31
12,Weekend,Manhattan,Upper East Side South,287.42
12,Weekend,Manhattan,Penn Station/Madison Sq West,240.04
12,Weekend,Manhattan,Midtown Center,233.54
12,Weekend,Manhattan,Upper West Side South,229.08
12,Weekend,Manhattan,Lincoln Square East,195.73
12,Weekend,Manhattan,Midtown East,185.58
12,Weekend,Manhattan,Times Sq/Theatre District,178.42
12,Weekend,Manhattan,Lenox Hill West,168.08
12,Weekend,Manhattan,Murray Hill,165.96
12,Weekend,Queens,JFK Airport,160.69
12,Weekend,Manhattan,Midtown North,159.73
12,Weekend,Manhattan,Union Sq,159.69
12,Weekend,Manhattan,East Chelsea,155.0
12,Weekend,Manhattan,Upper West Side North,152.5
12,Weekend,Manhattan,Yorkville West,144.58
12,Weekend,Queens,LaGuardia Airport,133.65
12,Weekend,Manhattan,Central Park,123.5
12,Weekend,Manhattan,Sutton Place/Turtle Bay North,122.35
12,Weekend,Manhattan,Gramercy,121.12
12,Weekend,Manhattan,Clinton East,120.5
12,Weekend,Manhattan,Midtown South,117.69
12,Weekend,Manhattan,Lenox Hill East,117.04
12,Weekend,Manhattan,West Chelsea/Hudson Yards,109.5
12,Weekend,Manhattan,Yorkville East,108.23
12,Weekend,Manhattan,East Village,99.73
12,Weekend,Manhattan,Flatiron,99.46
12,Weekend,Manhattan,West Village,92.46
12,Weekend,Manhattan,Greenwich Village North,89.12
12,Weekend,Manhattan,Lincoln Square West,86.77
12,Weekend,Manhattan,Garment District,80.12
12,Weekend,Manhattan,UN/Turtle Bay South,77.08
12,Weekend,Manhattan,TriBeCa/Civic Center,71.15
12,Weekend,Manhattan,Manhattan Valley,68.62
12,Weekend,Manhattan,Kips Bay,62.46
12,Weekend,Manhattan,Greenwich Village South,51.85
12,Weekend,Manhattan,Little Italy/NoLiTa,51.08
12,Weekend,Manhattan,SoHo,45.35
12,Weekend,Manhattan,Meatpacking/West Village West,44.77
12,Weekend,Manhattan,World Trade Center,43.0
12,Weekend,Manhattan,East Harlem South,41.69
12,Weekend,Manhattan,Clinton West,41.19
12,Weekend,Manhattan,Morningside Heights,39.65
12,Weekend,Manhattan,Battery Park City,38.15
12,Weekend,Manhattan,Lower East Side,37.77
12,Weekend,Manhattan,Financial District North,34.38
12,Weekend,Manhattan,Central Harlem,26.85
12,Weekend,Manhattan,Hudson Sq,25.69
12,Weekend,Manhattan,East Harlem North,22.88
12,Weekend,Manhattan,Bloomingdale,20.77
12,Weekend,Queens,East Elmhurst,19.12
12,Weekend,Manhattan,Central Harlem North,16.5
12,Weekend,Manhattan,Financial District South,14.23
12,Weekend,Manhattan,Stuy Town/Peter Cooper Village,14.12
12,Weekend,Unknown,N/A,13.08
12,Weekend,Manhattan,Two Bridges/Seward Park,10.12
12,Weekend,Brooklyn,Crown Heights North,9.65
12,Weekend,Manhattan,Alphabet City,9.62
12,Weekend,Manhattan,Hamilton Heights,9.58
12,Weekend,Queens,Long Island City/Hunters Point,9.52
12,Weekend,Manhattan,Chinatown,9.04
12,Weekend,Manhattan,Seaport,8.38
12,Weekend,Manhattan,Manhattanville,6.58
12,Weekend,Queens,Sunnyside,6.28
12,Weekend,Queens,Astoria,5.68
12,Weekend,Brooklyn,Stuyvesant Heights,5.65
12,Weekend,Brooklyn,East New York,5.62
12,Weekend,Brooklyn,Downtown Brooklyn/MetroTech,5.5
12,Weekend,Manhattan,Washington Heights South,5.42
12,Weekend,Brooklyn,Prospect-Lefferts Gardens,4.79
12,Weekend,Brooklyn,Bushwick South,4.77
12,Weekend,Queens,Long Island City/Queens Plaza,4.54
12,Weekend,Brooklyn,Brownsville,4.4
12,Weekend,Brooklyn,Boerum Hill,4.36
12,Weekend,Brooklyn,Fort Greene,4.16
12,Weekend,Manhattan,Battery Park,4.16
12,Weekend,Brooklyn,Bedford,4.09
12,Weekend,Brooklyn,Brooklyn Heights,4.08
12,Weekend,Brooklyn,Canarsie,4.08
12,Weekend,Brooklyn,Flatbush/Ditmas Park,3.92
12,Weekend,Manhattan,Washington Heights North,3.68
12,Weekend,Queens,Old Astoria,3.65
12,Weekend,Brooklyn,East Flatbush/Farragut,3.59
12,Weekend,Brooklyn,DUMBO/Vinegar Hill,3.57
12,Weekend,Queens,South Ozone Park,3.5
12,Weekend,Brooklyn,Williamsburg (South Side),3.44
12,Weekend,Brooklyn,Starrett City,3.43
12,Weekend,Brooklyn,East Flatbush/Remsen Village,3.42
12,Weekend,Brooklyn,Clinton Hill,3.42
12,Weekend,Brooklyn,Park Slope,3.33
12,Weekend,Queens,Queensbridge/Ravenswood,3.29
12,Weekend,Brooklyn,Greenpoint,3.2
12,Weekend,Brooklyn,Ocean Hill,3.2
12,Weekend,Bronx,Mott Haven/Port Morris,3.17
12,Weekend,Queens,Jackson Heights,3.17
12,Weekend,Queens,Jamaica,3.12
12,Weekend,Brooklyn,Williamsburg (North Side),2.94
12,Weekend,Brooklyn,Crown Heights South,2.71
12,Weekend,Queens,Forest Hills,2.7
12,Weekend,Brooklyn,Flatlands,2.7
12,Weekend,Brooklyn,Sunset Park West,2.67
12,Weekend,Bronx,West Concourse,2.62
12,Weekend,Queens,Richmond Hill,2.5
12,Weekend,Brooklyn,East Williamsburg,2.43
12,Weekend,Bronx,Morrisania/Melrose,2.38
12,Weekend,Bronx,Melrose South,2.35
12,Weekend,Queens,South Jamaica,2.29
12,Weekend,Queens,Woodside,2.24
12,Weekend,Queens,Ridgewood,2.16
12,Weekend,Brooklyn,Cobble Hill,2.07
12,Weekend,Bronx,Mount Hope,2.06
12,Weekend,Queens,Woodhaven,2.05
12,Weekend,Bronx,East Concourse/Concourse Village,2.0
12,Weekend,Queens,Saint Albans,1.93
12,Weekend,Bronx,Soundview/Bruckner,1.92
12,Weekend,Queens,Steinway,1.91
12,Weekend,Queens,Elmhurst,1.91
12,Weekend,Queens,Baisley Park,1.91
12,Weekend,Brooklyn,Bushwick North,1.9
12,Weekend,Queens,Maspeth,1.87
12,Weekend,Brooklyn,East New York/Pennsylvania Avenue,1.86
12,Weekend,Brooklyn,Carroll Gardens,1.85
12,Weekend,Brooklyn,Windsor Terrace,1.83
12,Weekend,Bronx,Kingsbridge Heights,1.82
12,Weekend,Brooklyn,Kensington,1.82
12,Weekend,Brooklyn,Prospect Heights,1.81
12,Weekend,Manhattan,Inwood,1.8
12,Weekend,Bronx,Parkchester,1.8
12,Weekend,Brooklyn,Coney Island,1.8
12,Weekend,Bronx,Woodlawn/Wakefield,1.8
12,Weekend,Brooklyn,Cypress Hills,1.79
12,Weekend,Brooklyn,Marine Park/Mill Basin,1.77
12,Weekend,Queens,Briarwood/Jamaica Hills,1.76
12,Weekend,Brooklyn,Erasmus,1.74
12,Weekend,Bronx,Highbridge,1.72
12,Weekend,Brooklyn,Madison,1.71
12,Weekend,Bronx,Williamsbridge/Olinville,1.68
12,Weekend,Queens,Queensboro Hill,1.67
12,Weekend,Queens,Queens Village,1.67
12,Weekend,Bronx,Claremont/Bathgate,1.64
12,Weekend,Brooklyn,Borough Park,1.64
12,Weekend,Queens,Flushing Meadows-Corona Park,1.6
12,Weekend,Brooklyn,Sheepshead Bay,1.59
12,Weekend,Bronx,University Heights/Morris Heights,1.59
12,Weekend,Bronx,Crotona Park East,1.59
12,Weekend,Queens,Springfield Gardens North,1.58
12,Weekend,Bronx,Van Cortlandt Village,1.56
12,Weekend,Bronx,Soundview/Castle Hill,1.55
12,Weekend,Queens,Hammels/Arverne,1.54
12,Weekend,Brooklyn,Sunset Park East,1.54
12,Weekend,Brooklyn,Red Hook,1.54
12,Weekend,Brooklyn,Bay Ridge,1.53
12,Weekend,Brooklyn,Gravesend,1.5
12,Weekend,Manhattan,Inwood Hill Park,1.5
12,Weekend,Queens,Kew Gardens,1.5
12,Weekend,Brooklyn,Bath Beach,1.5
12,Weekend,Brooklyn,Bensonhurst West,1.5
12,Weekend,Queens,Bayside,1.5
12,Weekend,Queens,Elmhurst/Maspeth,1.5
12,Weekend,Bronx,Hunts Point,1.47
12,Weekend,Queens,Flushing,1.47
12,Weekend,Bronx,Bedford Park,1.47
12,Weekend,Bronx,West Farms/Bronx River,1.47
12,Weekend,Bronx,Longwood,1.47
12,Weekend,Brooklyn,Midwood,1.43
12,Weekend,Bronx,Fordham South,1.43
12,Weekend,Queens,Corona,1.43
12,Weekend,Queens,Cambria Heights,1.43
12,Weekend,Queens,Springfield Gardens South,1.42
12,Weekend,Queens,Far Rockaway,1.4
12,Weekend,Brooklyn,Prospect Park,1.38
12,Weekend,Brooklyn,Brighton Beach,1.38
12,Weekend,Queens,Rego Park,1.37
12,Weekend,Bronx,Van Nest/Morris Park,1.36
12,Weekend,Queens,Howard Beach,1.33
12,Weekend,Queens,Oakland Gardens,1.33
12,Weekend,Bronx,Pelham Bay,1.33
12,Weekend,Bronx,Allerton/Pelham Gardens,1.33
12,Weekend,Brooklyn,Homecrest,1.33
12,Weekend,Queens,Jamaica Estates,1.31
12,Weekend,Bronx,East Tremont,1.31
12,Weekend,Bronx,Co-Op City,1.29
12,Weekend,Queens,Murray Hill-Queens,1.29
12,Weekend,Queens,Hillcrest/Pomonok,1.27
12,Weekend,Brooklyn,Columbia Street,1.25
12,Weekend,Bronx,Norwood,1.25
12,Weekend,Queens,Ozone Park,1.25
12,Weekend,Brooklyn,Bensonhurst East,1.25
12,Weekend,Bronx,Spuyten Duyvil/Kingsbridge,1.22
12,Weekend,Bronx,Eastchester,1.21
12,Weekend,Queens,Laurelton,1.2
12,Weekend,Manhattan,Roosevelt Island,1.2
12,Weekend,Queens,North Corona,1.2
12,Weekend,Bronx,Pelham Parkway,1.18
12,Weekend,Queens,Glendale,1.17
12,Weekend,Brooklyn,Gowanus,1.17
12,Weekend,Queens,Middle Village,1.17
12,Weekend,Brooklyn,Dyker Heights,1.14
12,Weekend,Queens,Bellerose,1.14
12,Weekend,Bronx,Bronxdale,1.14
12,Weekend,Queens,Kew Gardens Hills,1.14
12,Weekend,Bronx,Belmont,1.11
12,Weekend,Bronx,Schuylerville/Edgewater Park,1.11
12,Weekend,Brooklyn,South Williamsburg,1.11
12,Weekend,N/A,Outside of NYC,1.1
12,Weekend,Bronx,Westchester Village/Unionport,1.1
12,Weekend,Staten Island,South Beach/Dongan Hills,1.0
12,Weekend,Queens,Forest Park/Highland Park,1.0
12,Weekend,Bronx,Bronx Park,1.0
12,Weekend,Queens,Willets Point,1.0
12,Weekend,Manhattan,Randalls Island,1.0
12,Weekend,Queens,Rosedale,1.0
12,Weekend,Queens,Hollis,1.0
12,Weekend,Brooklyn,Green-Wood Cemetery,1.0
12,Weekend,Queens,Bay Terrace/Fort Totten,1.0
12,Weekend,Brooklyn,Ocean Parkway South,1.0
12,Weekend,Bronx,Crotona Park,1.0
12,Weekend,Queens,Whitestone,1.0
12,Weekend,Queens,Glen Oaks,1.0
12,Weekend,Staten Island,Grymes Hill/Clifton,1.0
12,Weekend,Queens,Auburndale,1.0
12,Weekend,Staten Island,West Brighton,1.0
12,Weekend,Staten Island,Heartland Village/Todt Hill,1.0
12,Weekend,Bronx,Country Club,1.0
12,Weekend,Staten Island,Arrochar/Fort Wadsworth,1.0
12,Weekend,Brooklyn,Brooklyn Navy Yard,1.0
12,Weekend,Queens,Fresh Meadows,1.0
12,Weekend,Queens,Astoria Park,1.0
12,Weekend,Queens,Rockaway Park,1.0
12,Weekend,Bronx,Riverdale/North Riverdale/Fieldston,1.0
12,Weekend,EWR,Newark Airport,1.0
12,Weekend,Staten Island,Saint George/New Brighton,1.0
12,Weekend,Staten Island,New Dorp/Midland Beach,1.0
12,Weekend,Queens,East Flushing,1.0
12,Weekend,Bronx,Van Cortlandt Park,1.0
12,Weekend,Queens,College Point,1.0
12,Weekend,Manhattan,Marble Hill,1.0
12,Weekend,Queens,Douglaston,1.0
12,Weekend,Brooklyn,Manhattan Beach,1.0
12,Weekend,Queens,Saint Michaels Cemetery/Woodside,1.0
13,Weekend,Manhattan,Upper East Side South,314.15
13,Weekend,Manhattan,Upper East Side North,308.54
13,Weekend,Manhattan,Penn Station/Madison Sq West,278.0
13,Weekend,Manhattan,Midtown Center,255.08
13,Weekend,Manhattan,Upper West Side South,245.35
13,Weekend,Manhattan,Lincoln Square East,205.0
13,Weekend,Queens,JFK Airport,197.5
13,Weekend,Manhattan,East Chelsea,179.81
13,Weekend,Manhattan,Union Sq,179.58
13,Weekend,Manhattan,Midtown North,178.23
13,Weekend,Manhattan,Lenox Hill West,174.65
13,Weekend,Manhattan,Midtown East,171.42
13,Weekend,Manhattan,Murray Hill,169.81
13,Weekend,Manhattan,Times Sq/Theatre District,167.46
13,Weekend,Manhattan,Upper West Side North,153.46
13,Weekend,Manhattan,Central Park,147.96
13,Weekend,Queens,LaGuardia Airport,143.81
13,Weekend,Manhattan,Yorkville West,141.69
13,Weekend,Manhattan,West Chelsea/Hudson Yards,138.31
13,Weekend,Manhattan,Sutton Place/Turtle Bay North,128.0
13,Weekend,Manhattan,Midtown South,127.42
13,Weekend,Manhattan,Gramercy,122.62
13,Weekend,Manhattan,Clinton East,118.73
13,Weekend,Manhattan,Lenox Hill East,117.08
13,Weekend,Manhattan,West Village,116.65
13,Weekend,Manhattan,East Village,114.5
13,Weekend,Manhattan,Flatiron,105.73
13,Weekend,Manhattan,Yorkville East,98.77
13,Weekend,Manhattan,Greenwich Village North,95.04
13,Weekend,Manhattan,Garment District,84.31
13,Weekend,Manhattan,Lincoln Square West,84.19
13,Weekend,Manhattan,UN/Turtle Bay South,76.08
13,Weekend,Manhattan,Manhattan Valley,74.54
13,Weekend,Manhattan,TriBeCa/Civic Center,73.0
13,Weekend,Manhattan,Little Italy/NoLiTa,69.0
13,Weekend,Manhattan,Kips Bay,65.5
13,Weekend,Manhattan,SoHo,61.92
13,Weekend,Manhattan,Greenwich Village South,61.81
13,Weekend,Manhattan,Meatpacking/West Village West,53.31
13,Weekend,Manhattan,World Trade Center,46.04
13,Weekend,Manhattan,East Harlem South,44.5
13,Weekend,Manhattan,Lower East Side,44.15
13,Weekend,Manhattan,Battery Park City,39.88
13,Weekend,Manhattan,Clinton West,37.31
13,Weekend,Manhattan,Morningside Heights,37.31
13,Weekend,Manhattan,Financial District North,34.0
13,Weekend,Manhattan,Central Harlem,31.62
13,Weekend,Manhattan,Hudson Sq,30.31
13,Weekend,Manhattan,East Harlem North,25.04
13,Weekend,Manhattan,Bloomingdale,22.77
13,Weekend,Manhattan,Central Harlem North,17.0
13,Weekend,Manhattan,Financial District South,16.58
13,Weekend,Queens,East Elmhurst,16.42
13,Weekend,Unknown,N/A,15.0
13,Weekend,Manhattan,Stuy Town/Peter Cooper Village,13.88
13,Weekend,Manhattan,Chinatown,12.15
13,Weekend,Manhattan,Two Bridges/Seward Park,11.23
13,Weekend,Manhattan,Seaport,10.88
13,Weekend,Manhattan,Alphabet City,9.54
13,Weekend,Queens,Long Island City/Hunters Point,9.29
13,Weekend,Brooklyn,Crown Heights North,8.96
13,Weekend,Manhattan,Hamilton Heights,8.85
13,Weekend,Manhattan,Washington Heights South,8.12
13,Weekend,Manhattan,Manhattanville,7.96
13,Weekend,Queens,Sunnyside,7.65
13,Weekend,Brooklyn,Downtown Brooklyn/MetroTech,6.4
13,Weekend,Brooklyn,Brooklyn Heights,6.24
13,Weekend,Brooklyn,East New York,6.15
13,Weekend,Queens,Astoria,6.12
13,Weekend,Brooklyn,Stuyvesant Heights,5.54
13,Weekend,Manhattan,Battery Park,5.12
13,Weekend,Brooklyn,Boerum Hill,4.76
13,Weekend,Brooklyn,Bedford,4.64
13,Weekend,Brooklyn,Brownsville,4.64
13,Weekend,Brooklyn,DUMBO/Vinegar Hill,4.62
13,Weekend,Queens,South Ozone Park,4.56
13,Weekend,Queens,Jamaica,4.5
13,Weekend,Brooklyn,Flatbush/Ditmas Park,4.46
13,Weekend,Queens,Long Island City/Queens Plaza,4.42
13,Weekend,Brooklyn,Bushwick South,4.36
13,Weekend,Brooklyn,Fort Greene,4.31
13,Weekend,Bronx,Mott Haven/Port Morris,4.17
13,Weekend,Brooklyn,Prospect-Lefferts Gardens,4.16
13,Weekend,Brooklyn,Canarsie,4.04
13,Weekend,Brooklyn,Clinton Hill,3.78
13,Weekend,Brooklyn,Park Slope,3.75
13,Weekend,Queens,Jackson Heights,3.58
13,Weekend,Manhattan,Washington Heights North,3.56
13,Weekend,Queens,Richmond Hill,3.55
13,Weekend,Brooklyn,Crown Heights South,3.52
13,Weekend,Queens,Old Astoria,3.48
13,Weekend,Brooklyn,Ocean Hill,3.12
13,Weekend,Brooklyn,Bushwick North,3.11
13,Weekend,Brooklyn,East Williamsburg,3.04
13,Weekend,Brooklyn,East Flatbush/Remsen Village,3.0
13,Weekend,Brooklyn,Prospect Heights,2.95
13,Weekend,Brooklyn,Flatlands,2.95
13,Weekend,Brooklyn,Williamsburg (South Side),2.91
13,Weekend,Brooklyn,Greenpoint,2.83
13,Weekend,Queens,Woodside,2.81
13,Weekend,Brooklyn,Williamsburg (North Side),2.77
13,Weekend,Bronx,Melrose South,2.76
13,Weekend,Queens,South Jamaica,2.62
13,Weekend,Queens,Queensbridge/Ravenswood,2.54
13,Weekend,Brooklyn,Erasmus,2.52
13,Weekend,Bronx,West Concourse,2.5
13,Weekend,Queens,Baisley Park,2.43
13,Weekend,Bronx,Williamsbridge/Olinville,2.41
13,Weekend,Queens,Woodhaven,2.37
13,Weekend,Queens,Forest Hills,2.35
13,Weekend,Brooklyn,Cypress Hills,2.33
13,Weekend,Bronx,East Concourse/Concourse Village,2.33
13,Weekend,Brooklyn,East Flatbush/Farragut,2.33
13,Weekend,Bronx,Parkchester,2.32
13,Weekend,Queens,Elmhurst,2.29
13,Weekend,Queens,Steinway,2.29
13,Weekend,Queens,Briarwood/Jamaica Hills,2.25
13,Weekend,Bronx,East Tremont,2.24
13,Weekend,Queens,Jamaica Estates,2.17
13,Weekend,Brooklyn,Bay Ridge,2.16
13,Weekend,Queens,Saint Albans,2.11
13,Weekend,Queens,Ridgewood,2.1
13,Weekend,Queens,Rego Park,2.08
13,Weekend,Queens,Corona,2.06
13,Weekend,Brooklyn,Cobble Hill,2.05
13,Weekend,Bronx,Mount Hope,2.0
13,Weekend,Bronx,Morrisania/Melrose,2.0
13,Weekend,Manhattan,Inwood Hill Park,2.0
13,Weekend,Bronx,Soundview/Castle Hill,2.0
13,Weekend,Brooklyn,East New York/Pennsylvania Avenue,1.95
13,Weekend,Bronx,Crotona Park East,1.85
13,Weekend,Bronx,Highbridge,1.85
13,Weekend,Bronx,Soundview/Bruckner,1.83
13,Weekend,Queens,Far Rockaway,1.77
13,Weekend,Brooklyn,Sunset Park West,1.76
13,Weekend,Bronx,University Heights/Morris Heights,1.75
13,Weekend,Queens,Ozone Park,1.75
13,Weekend,Queens,Kew Gardens Hills,1.75
13,Weekend,Bronx,Claremont/Bathgate,1.73
13,Weekend,Brooklyn,Starrett City,1.71
13,Weekend,Manhattan,Inwood,1.71
13,Weekend,Bronx,Westchester Village/Unionport,1.71
13,Weekend,Brooklyn,Kensington,1.69
13,Weekend,Brooklyn,Coney Island,1.67
13,Weekend,Queens,Flushing Meadows-Corona Park,1.67
13,Weekend,Queens,Springfield Gardens North,1.65
13,Weekend,Brooklyn,Borough Park,1.64
13,Weekend,Bronx,West Farms/Bronx River,1.64
13,Weekend,Bronx,Hunts Point,1.64
13,Weekend,Bronx,Schuylerville/Edgewater Park,1.62
13,Weekend,Brooklyn,Marine Park/Mill Basin,1.59
13,Weekend,Bronx,Spuyten Duyvil/Kingsbridge,1.56
13,Weekend,Queens,Hillcrest/Pomonok,1.54
13,Weekend,Queens,Elmhurst/Maspeth,1.53
13,Weekend,Bronx,Longwood,1.53
13,Weekend,Bronx,Van Cortlandt Village,1.5
13,Weekend,Queens,Middle Village,1.5
13,Weekend,Bronx,Woodlawn/Wakefield,1.5
13,Weekend,Brooklyn,Windsor Terrace,1.5
13,Weekend,Brooklyn,Carroll Gardens,1.5
13,Weekend,Queens,Saint Michaels Cemetery/Woodside,1.5
13,Weekend,Brooklyn,Sheepshead Bay,1.5
13,Weekend,Queens,Flushing,1.47
13,Weekend,Brooklyn,Homecrest,1.46
13,Weekend,Bronx,Van Nest/Morris Park,1.46
13,Weekend,Brooklyn,Red Hook,1.45
13,Weekend,Queens,Glendale,1.44
13,Weekend,Queens,Hammels/Arverne,1.44
13,Weekend,Brooklyn,Bensonhurst West,1.43
13,Weekend,Brooklyn,Madison,1.43
13,Weekend,Queens,Queens Village,1.43
13,Weekend,Brooklyn,South Williamsburg,1.42
13,Weekend,Bronx,Co-Op City,1.42
13,Weekend,Queens,Howard Beach,1.42
13,Weekend,Queens,Bellerose,1.4
13,Weekend,Bronx,Fordham South,1.38
13,Weekend,Brooklyn,Bensonhurst East,1.36
13,Weekend,Brooklyn,Midwood,1.36
13,Weekend,Queens,Queensboro Hill,1.33
13,Weekend,Bronx,Kingsbridge Heights,1.33
13,Weekend,Queens,Kew Gardens,1.33
13,Weekend,Brooklyn,Gowanus,1.33
13,Weekend,Queens,Maspeth,1.33
13,Weekend,Queens,Douglaston,1.33
13,Weekend,Manhattan,Randalls Island,1.33
13,Weekend,Bronx,Norwood,1.33
13,Weekend,Queens,Cambria Heights,1.3
13,Weekend,Bronx,Eastchester,1.3
13,Weekend,Brooklyn,Sunset Park East,1.3
13,Weekend,Bronx,Bedford Park,1.29
13,Weekend,Bronx,Bronxdale,1.27
13,Weekend,Brooklyn,Brooklyn Navy Yard,1.25
13,Weekend,Brooklyn,Prospect Park,1.22
13,Weekend,N/A,Outside of NYC,1.21
13,Weekend,Queens,Rosedale,1.2
13,Weekend,Manhattan,Roosevelt Island,1.2
13,Weekend,Brooklyn,Brighton Beach,1.2
13,Weekend,Bronx,Belmont,1.2
13,Weekend,Bronx,Allerton/Pelham Gardens,1.2
13,Weekend,Queens,North Corona,1.2
13,Weekend,Queens,Springfield Gardens South,1.17
13,Weekend,Queens,College Point,1.17
13,Weekend,Queens,Fresh Meadows,1.17
13,Weekend,Bronx,Pelham Parkway,1.15
13,Weekend,Queens,Whitestone,1.13
13,Weekend,Brooklyn,Dyker Heights,1.13
13,Weekend,Queens,Laurelton,1.11
13,Weekend,Staten Island,Stapleton,1.0
13,Weekend,Manhattan,Marble Hill,1.0
13,Weekend,Queens,Rockaway Park,1.0
13,Weekend,Queens,Auburndale,1.0
13,Weekend,Bronx,Riverdale/North Riverdale/Fieldston,1.0
13,Weekend,Queens,Murray Hill-Queens,1.0
13,Weekend,Queens,Bay Terrace/Fort Totten,1.0
13,Weekend,Bronx,Pelham Bay Park,1.0
13,Weekend,Brooklyn,Manhattan Beach,1.0
13,Weekend,Queens,Glen Oaks,1.0
13,Weekend,Queens,Willets Point,1.0
13,Weekend,Queens,Hollis,1.0
13,Weekend,Bronx,Bronx Park,1.0
13,Weekend,Staten Island,New Dorp/Midland Beach,1.0
13,Weekend,Manhattan,Highbridge Park,1.0
13,Weekend,Queens,Bayside,1.0
13,Weekend,Staten Island,Saint George/New Brighton,1.0
13,Weekend,Brooklyn,Bath Beach,1.0
13,Weekend,Brooklyn,Marine Park/Floyd Bennett Field,1.0
13,Weekend,Brooklyn,Columbia Street,1.0
13,Weekend,Queens,Oakland Gardens,1.0
13,Weekend,Queens,Forest Park/Highland Park,1.0
13,Weekend,Staten Island,Arrochar/Fort Wadsworth,1.0
13,Weekend,Bronx,Van Cortlandt Park,1.0
13,Weekend,Staten Island,Grymes Hill/Clifton,1.0
13,Weekend,Brooklyn,Ocean Parkway South,1.0
13,Weekend,Brooklyn,Gravesend,1.0
13,Weekend,Bronx,Pelham Bay,1.0
13,Weekend,Bronx,City Island,1.0
13,Weekend,EWR,Newark Airport,1.0
13,Weekend,Bronx,Country Club,1.0
13,Weekend,Queens,East Flushing,1.0
14,Weekend,Manhattan,Upper East Side South,326.31
14,Weekend,Manhattan,Upper East Side North,309.27
14,Weekend,Queens,JFK Airport,266.27
14,Weekend,Manhattan,Midtown Center,260.38
14,Weekend,Manhattan,Penn Station/Madison Sq West,242.42
14,Weekend,Manhattan,Upper West Side South,233.96
14,Weekend,Queens,LaGuardia Airport,209.38
14,Weekend,Manhattan,Lincoln Square East,206.73
14,Weekend,Manhattan,Union Sq,195.08
14,Weekend,Manhattan,Midtown North,180.42
14,Weekend,Manhattan,East Chelsea,179.46
14,Weekend,Manhattan,Lenox Hill West,167.08
14,Weekend,Manhattan,Midtown East,165.15
14,Weekend,Manhattan,Times Sq/Theatre District,162.88
14,Weekend,Manhattan,Murray Hill,158.62
14,Weekend,Manhattan,West Chelsea/Hudson Yards,158.42
14,Weekend,Manhattan,Central Park,152.04
14,Weekend,Manhattan,Upper West Side North,134.96
14,Weekend,Manhattan,Yorkville West,129.85
14,Weekend,Manhattan,Midtown South,128.04
14,Weekend,Manhattan,Gramercy,127.04
14,Weekend,Manhattan,West Village,127.0
14,Weekend,Manhattan,East Village,125.96
14,Weekend,Manhattan,Clinton East,112.73
14,Weekend,Manhattan,Flatiron,111.96
14,Weekend,Manhattan,Lenox Hill East,111.88
14,Weekend,Manhattan,Sutton Place/Turtle Bay North,105.96
14,Weekend,Manhattan,Greenwich Village North,105.65
14,Weekend,Manhattan,Yorkville East,88.58
14,Weekend,Manhattan,Little Italy/NoLiTa,87.04
14,Weekend,Manhattan,Garment District,85.54
14,Weekend,Manhattan,SoHo,79.65
14,Weekend,Manhattan,Greenwich Village South,76.38
14,Weekend,Manhattan,Lincoln Square West,75.12
14,Weekend,Manhattan,TriBeCa/Civic Center,73.46
14,Weekend,Manhattan,Manhattan Valley,70.73
14,Weekend,Manhattan,Meatpacking/West Village West,62.96
14,Weekend,Manhattan,UN/Turtle Bay South,61.35
14,Weekend,Manhattan,Kips Bay,57.88
14,Weekend,Manhattan,Lower East Side,53.5
14,Weekend,Manhattan,World Trade Center,48.85
14,Weekend,Manhattan,East Harlem South,43.88
14,Weekend,Manhattan,Battery Park City,36.65
14,Weekend,Manhattan,Morningside Heights,35.12
14,Weekend,Manhattan,Clinton West,34.19
14,Weekend,Manhattan,Financial District North,30.0
14,Weekend,Manhattan,Hudson Sq,29.85
14,Weekend,Manhattan,Central Harlem,29.12
14,Weekend,Manhattan,East Harlem North,24.62
14,Weekend,Queens,East Elmhurst,20.46
14,Weekend,Manhattan,Bloomingdale,17.69
14,Weekend,Unknown,N/A,16.54
14,Weekend,Manhattan,Central Harlem North,16.5
14,Weekend,Manhattan,Financial District South,15.81
14,Weekend,Manhattan,Chinatown,14.15
14,Weekend,Manhattan,Stuy Town/Peter Cooper Village,13.38
14,Weekend,Manhattan,Seaport,11.69
14,Weekend,Manhattan,Two Bridges/Seward Park,11.58
14,Weekend,Manhattan,Alphabet City,9.92
14,Weekend,Brooklyn,Crown Heights North,9.42
14,Weekend,Manhattan,Hamilton Heights,9.08
14,Weekend,Manhattan,Washington Heights South,8.77
14,Weekend,Queens,Sunnyside,7.5
14,Weekend,Queens,Long Island City/Hunters Point,7.0
14,Weekend,Manhattan,Manhattanville,6.65
14,Weekend,Brooklyn,Downtown Brooklyn/MetroTech,6.27
14,Weekend,Brooklyn,DUMBO/Vinegar Hill,6.15
14,Weekend,Queens,Astoria,6.08
14,Weekend,Brooklyn,Boerum Hill,5.92
14,Weekend,Brooklyn,East New York,5.65
14,Weekend,Manhattan,Battery Park,5.6
14,Weekend,Brooklyn,Flatbush/Ditmas Park,5.52
14,Weekend,Brooklyn,Brooklyn Heights,5.44
14,Weekend,Bronx,Mott Haven/Port Morris,5.39
14,Weekend,Brooklyn,Bedford,5.38
14,Weekend,Brooklyn,Fort Greene,5.31
14,Weekend,Brooklyn,Canarsie,5.12
14,Weekend,Brooklyn,Williamsburg (North Side),5.09
14,Weekend,Brooklyn,Prospect-Lefferts Gardens,5.0
14,Weekend,Queens,Jamaica,4.92
14,Weekend,Queens,Richmond Hill,4.64
14,Weekend,Queens,South Ozone Park,4.6
14,Weekend,Brooklyn,Clinton Hill,4.52
14,Weekend,Queens,Long Island City/Queens Plaza,4.42
14,Weekend,Brooklyn,Bushwick South,4.04
14,Weekend,Brooklyn,East Flatbush/Remsen Village,4.0
14,Weekend,Brooklyn,Stuyvesant Heights,4.0
14,Weekend,Manhattan,Washington Heights North,4.0
14,Weekend,Brooklyn,Brownsville,3.96
14,Weekend,Brooklyn,Williamsburg (South Side),3.92
14,Weekend,Brooklyn,Park Slope,3.65
14,Weekend,Queens,Jackson Heights,3.58
14,Weekend,Brooklyn,Ocean Hill,3.48
14,Weekend,Queens,Elmhurst,3.19
14,Weekend,Brooklyn,East Flatbush/Farragut,3.14
14,Weekend,Brooklyn,Greenpoint,3.0
14,Weekend,Bronx,West Concourse,3.0
14,Weekend,Brooklyn,East Williamsburg,2.91
14,Weekend,Bronx,Melrose South,2.85
14,Weekend,Queens,Old Astoria,2.85
14,Weekend,Queens,South Jamaica,2.62
14,Weekend,Brooklyn,Flatlands,2.6
14,Weekend,Brooklyn,Erasmus,2.55
14,Weekend,Queens,Woodside,2.48
14,Weekend,Queens,Baisley Park,2.48
14,Weekend,Queens,Saint Albans,2.43
14,Weekend,Brooklyn,Bushwick North,2.36
14,Weekend,Manhattan,Inwood,2.36
14,Weekend,Bronx,Morrisania/Melrose,2.35
14,Weekend,Queens,Ridgewood,2.3
14,Weekend,Queens,Steinway,2.3
14,Weekend,Brooklyn,Crown Heights South,2.29
14,Weekend,Bronx,East Concourse/Concourse Village,2.24
14,Weekend,Queens,Briarwood/Jamaica Hills,2.14
14,Weekend,Brooklyn,Cobble Hill,2.12
14,Weekend,Brooklyn,Prospect Heights,2.09
14,Weekend,Bronx,University Heights/Morris Heights,2.06
14,Weekend,Brooklyn,Carroll Gardens,2.06
14,Weekend,Bronx,Mount Hope,2.05
14,Weekend,Queens,Queensbridge/Ravenswood,2.0
14,Weekend,Bronx,Fordham South,2.0
14,Weekend,Queens,Far Rockaway,2.0
14,Weekend,Queens,Woodhaven,1.96
14,Weekend,Brooklyn,Sunset Park West,1.95
14,Weekend,Bronx,Highbridge,1.93
14,Weekend,Bronx,Eastchester,1.92
14,Weekend,Brooklyn,Gowanus,1.92
14,Weekend,Bronx,Soundview/Bruckner,1.87
14,Weekend,Queens,Forest Hills,1.86
14,Weekend,Queens,Kew Gardens,1.85
14,Weekend,Bronx,Parkchester,1.85
14,Weekend,Bronx,Williamsbridge/Olinville,1.82
14,Weekend,Queens,Rego Park,1.81
14,Weekend,Brooklyn,Prospect Park,1.8
14,Weekend,Queens,College Point,1.8
14,Weekend,Queens,Glendale,1.78
14,Weekend,Bronx,Claremont/Bathgate,1.76
14,Weekend,Bronx,Hunts Point,1.75
14,Weekend,Queens,Hammels/Arverne,1.75
14,Weekend,Brooklyn,Marine Park/Mill Basin,1.74
14,Weekend,Bronx,Longwood,1.71
14,Weekend,Bronx,Norwood,1.7
14,Weekend,N/A,Outside of NYC,1.69
14,Weekend,Queens,Hollis,1.64
14,Weekend,Queens,Queens Village,1.63
14,Weekend,Queens,North Corona,1.62
14,Weekend,Brooklyn,Kensington,1.62
14,Weekend,Queens,Corona,1.61
14,Weekend,Bronx,Woodlawn/Wakefield,1.6
14,Weekend,Brooklyn,Sheepshead Bay,1.59
14,Weekend,Bronx,Co-Op City,1.59
14,Weekend,Bronx,West Farms/Bronx River,1.59
14,Weekend,Queens,Elmhurst/Maspeth,1.59
14,Weekend,Brooklyn,Starrett City,1.59
14,Weekend,Brooklyn,Red Hook,1.57
14,Weekend,Brooklyn,Bay Ridge,1.56
14,Weekend,Brooklyn,Coney Island,1.56
14,Weekend,Manhattan,Randalls Island,1.56
14,Weekend,Bronx,East Tremont,1.56
14,Weekend,Bronx,Westchester Village/Unionport,1.56
14,Weekend,Brooklyn,East New York/Pennsylvania Avenue,1.55
14,Weekend,Queens,Springfield Gardens South,1.53
14,Weekend,Brooklyn,Cypress Hills,1.53
14,Weekend,Bronx,Soundview/Castle Hill,1.52
14,Weekend,Brooklyn,Sunset Park East,1.5
14,Weekend,Brooklyn,Dyker Heights,1.5
14,Weekend,Manhattan,Highbridge Park,1.5
14,Weekend,Brooklyn,Brighton Beach,1.5
14,Weekend,Brooklyn,Windsor Terrace,1.5
14,Weekend,Queens,Oakland Gardens,1.5
14,Weekend,Brooklyn,Bensonhurst West,1.5
14,Weekend,Bronx,Pelham Bay,1.5
14,Weekend,Bronx,Van Nest/Morris Park,1.5
14,Weekend,Bronx,Bronxdale,1.5
14,Weekend,Bronx,Bedford Park,1.46
14,Weekend,Queens,Flushing Meadows-Corona Park,1.46
14,Weekend,Brooklyn,South Williamsburg,1.46
14,Weekend,Bronx,Van Cortlandt Village,1.44
14,Weekend,Bronx,Schuylerville/Edgewater Park,1.4
14,Weekend,Brooklyn,Bensonhurst East,1.4
14,Weekend,Queens,Maspeth,1.38
14,Weekend,Queens,Springfield Gardens North,1.36
14,Weekend,Queens,Middle Village,1.36
14,Weekend,Queens,Murray Hill-Queens,1.33
14,Weekend,Bronx,Bronx Park,1.33
14,Weekend,Queens,Forest Park/Highland Park,1.33
14,Weekend,Queens,Ozone Park,1.33
14,Weekend,Brooklyn,Midwood,1.31
14,Weekend,Queens,Howard Beach,1.3
14,Weekend,Bronx,Spuyten Duyvil/Kingsbridge,1.3
14,Weekend,Brooklyn,Madison,1.29
14,Weekend,Bronx,Belmont,1.25
14,Weekend,Queens,Whitestone,1.25
14,Weekend,Bronx,Allerton/Pelham Gardens,1.25
14,Weekend,Brooklyn,Brooklyn Navy Yard,1.25
14,Weekend,Brooklyn,Homecrest,1.25
14,Weekend,Queens,Flushing,1.25
14,Weekend,Queens,Cambria Heights,1.23
14,Weekend,Bronx,Kingsbridge Heights,1.22
14,Weekend,Bronx,Crotona Park East,1.21
14,Weekend,Bronx,Riverdale/North Riverdale/Fieldston,1.2
14,Weekend,Brooklyn,Columbia Street,1.2
14,Weekend,Queens,Laurelton,1.2
14,Weekend,Queens,Queensboro Hill,1.17
14,Weekend,Queens,Hillcrest/Pomonok,1.14
14,Weekend,Queens,Kew Gardens Hills,1.13
14,Weekend,Brooklyn,Borough Park,1.13
14,Weekend,Queens,Jamaica Estates,1.13
14,Weekend,Manhattan,Roosevelt Island,1.11
14,Weekend,Bronx,Pelham Parkway,1.09
14,Weekend,Queens,Rosedale,1.09
14,Weekend,Queens,Glen Oaks,1.0
14,Weekend,Brooklyn,Green-Wood Cemetery,1.0
14,Weekend,Queens,Breezy Point/Fort Tilden/Riis Beach,1.0
14,Weekend,Queens,Bay Terrace/Fort Totten,1.0
14,Weekend,Queens,Auburndale,1.0
14,Weekend,Queens,Rockaway Park,1.0
14,Weekend,Staten Island,South Beach/Dongan Hills,1.0
14,Weekend,Brooklyn,Gravesend,1.0
14,Weekend,Brooklyn,Marine Park/Floyd Bennett Field,1.0
14,Weekend,Brooklyn,Bath Beach,1.0
14,Weekend,Queens,Douglaston,1.0
14,Weekend,Bronx,City Island,1.0
14,Weekend,Queens,Saint Michaels Cemetery/Woodside,1.0
14,Weekend,Brooklyn,Ocean Parkway South,1.0
14,Weekend,Queens,Jamaica Bay,1.0
14,Weekend,Manhattan,Inwood Hill Park,1.0
14,Weekend,Bronx,Crotona Park,1.0
14,Weekend,EWR,Newark Airport,1.0
14,Weekend,Queens,Bayside,1.0
14,Weekend,Bronx,Country Club,1.0
14,Weekend,Staten Island,Heartland Village/Todt Hill,1.0
14,Weekend,Staten Island,Arrochar/Fort Wadsworth,1.0
14,Weekend,Manhattan,Marble Hill,1.0
14,Weekend,Queens,East Flushing,1.0
14,Weekend,Brooklyn,Manhattan Beach,1.0
14,Weekend,Queens,Broad Channel,1.0
14,Weekend,Queens,Astoria Park,1.0
14,Weekend,Queens,Fresh Meadows,1.0
14,Weekend,Staten Island,Stapleton,1.0
14,Weekend,Bronx,Van Cortlandt Park,1.0
14,Weekend,Queens,Bellerose,1.0
15,Weekend,Manhattan,Upper East Side South,330.54
15,Weekend,Queens,JFK Airport,320.62
15,Weekend,Manhattan,Upper East Side North,285.96
15,Weekend,Manhattan,Midtown Center,273.27
15,Weekend,Manhattan,Lincoln Square East,237.73
15,Weekend,Manhattan,Upper West Side South,228.12
15,Weekend,Manhattan,Penn Station/Madison Sq West,220.77
15,Weekend,Manhattan,Union Sq,195.58
15,Weekend,Manhattan,Times Sq/Theatre District,193.23
15,Weekend,Queens,LaGuardia Airport,192.38
15,Weekend,Manhattan,Midtown North,188.73
15,Weekend,Manhattan,West Chelsea/Hudson Yards,179.96
15,Weekend,Manhattan,East Chelsea,174.92
15,Weekend,Manhattan,Central Park,173.69
15,Weekend,Manhattan,Lenox Hill West,161.42
15,Weekend,Manhattan,Midtown East,157.35
15,Weekend,Manhattan,Murray Hill,138.77
15,Weekend,Manhattan,West Village,135.81
15,Weekend,Manhattan,East Village,133.31
15,Weekend,Manhattan,Upper West Side North,123.58
15,Weekend,Manhattan,Yorkville West,121.85
15,Weekend,Manhattan,Midtown South,118.42
15,Weekend,Manhattan,Gramercy,118.0
15,Weekend,Manhattan,Clinton East,117.77
15,Weekend,Manhattan,Flatiron,112.81
15,Weekend,Manhattan,Greenwich Village North,112.31
15,Weekend,Manhattan,Lenox Hill East,105.54
15,Weekend,Manhattan,Little Italy/NoLiTa,104.85
15,Weekend,Manhattan,SoHo,99.23
15,Weekend,Manhattan,Sutton Place/Turtle Bay North,91.58
15,Weekend,Manhattan,Greenwich Village South,91.08
15,Weekend,Manhattan,Garment District,80.19
15,Weekend,Manhattan,Yorkville East,77.08
15,Weekend,Manhattan,TriBeCa/Civic Center,76.69
15,Weekend,Manhattan,Meatpacking/West Village West,73.65
15,Weekend,Manhattan,Lincoln Square West,66.35
15,Weekend,Manhattan,Manhattan Valley,65.35
15,Weekend,Manhattan,Lower East Side,60.58
15,Weekend,Manhattan,Kips Bay,59.77
15,Weekend,Manhattan,UN/Turtle Bay South,51.38
15,Weekend,Manhattan,World Trade Center,47.42
15,Weekend,Manhattan,East Harlem South,39.23
15,Weekend,Manhattan,Battery Park City,35.96
15,Weekend,Manhattan,Morningside Heights,33.65
15,Weekend,Manhattan,Hudson Sq,32.19
15,Weekend,Manhattan,Clinton West,32.19
15,Weekend,Manhattan,Financial District North,29.12
15,Weekend,Manhattan,Central Harlem,28.35
15,Weekend,Queens,East Elmhurst,23.88
15,Weekend,Manhattan,East Harlem North,22.77
15,Weekend,Manhattan,Financial District South,19.27
15,Weekend,Manhattan,Bloomingdale,16.35
15,Weekend,Manhattan,Chinatown,15.12
15,Weekend,Unknown,N/A,14.19
15,Weekend,Manhattan,Central Harlem North,13.42
15,Weekend,Manhattan,Seaport,13.12
15,Weekend,Manhattan,Two Bridges/Seward Park,12.92
15,Weekend,Manhattan,Stuy Town/Peter Cooper Village,11.15
15,Weekend,Queens,Sunnyside,9.5
15,Weekend,Manhattan,Alphabet City,9.38
15,Weekend,Manhattan,Hamilton Heights,8.88
15,Weekend,Brooklyn,Crown Heights North,7.83
15,Weekend,Manhattan,Washington Heights South,7.62
15,Weekend,Queens,Astoria,6.88
15,Weekend,Queens,Long Island City/Hunters Point,6.84
15,Weekend,Manhattan,Battery Park,6.48
15,Weekend,Brooklyn,DUMBO/Vinegar Hill,6.23
15,Weekend,Manhattan,Manhattanville,6.15
15,Weekend,Brooklyn,Downtown Brooklyn/MetroTech,6.12
15,Weekend,Queens,Jamaica,6.08
15,Weekend,Brooklyn,Williamsburg (North Side),5.65
15,Weekend,Brooklyn,Williamsburg (South Side),5.52
15,Weekend,Bronx,Mott Haven/Port Morris,5.13
15,Weekend,Brooklyn,Fort Greene,5.12
15,Weekend,Brooklyn,Stuyvesant Heights,4.76
15,Weekend,Brooklyn,East Flatbush/Remsen Village,4.68
15,Weekend,Queens,South Ozone Park,4.67
15,Weekend,Brooklyn,East New York,4.6
15,Weekend,Brooklyn,Brooklyn Heights,4.56
15,Weekend,Brooklyn,Bushwick South,4.5
15,Weekend,Brooklyn,Boerum Hill,4.43
15,Weekend,Queens,Elmhurst,4.43
15,Weekend,Brooklyn,Prospect-Lefferts Gardens,4.28
15,Weekend,Queens,Jackson Heights,4.04
15,Weekend,Brooklyn,Canarsie,3.92
15,Weekend,Brooklyn,Bedford,3.92
15,Weekend,Brooklyn,Park Slope,3.92
15,Weekend,Manhattan,Washington Heights North,3.82
15,Weekend,Bronx,West Concourse,3.73
15,Weekend,Queens,Woodside,3.65
15,Weekend,Queens,Richmond Hill,3.63
15,Weekend,Brooklyn,East Williamsburg,3.61
15,Weekend,Queens,Old Astoria,3.52
15,Weekend,Brooklyn,Brownsville,3.5
15,Weekend,Brooklyn,Flatbush/Ditmas Park,3.5
15,Weekend,Queens,Long Island City/Queens Plaza,3.46
15,Weekend,Brooklyn,Clinton Hill,3.42
15,Weekend,Brooklyn,Ocean Hill,3.41
15,Weekend,Brooklyn,Greenpoint,3.29
15,Weekend,Brooklyn,Flatlands,3.14
15,Weekend,Queens,Baisley Park,3.08
15,Weekend,Queens,Steinway,3.05
15,Weekend,Brooklyn,Prospect Heights,2.88
15,Weekend,Queens,Forest Hills,2.65
15,Weekend,Brooklyn,Sunset Park West,2.55
15,Weekend,Bronx,East Concourse/Concourse Village,2.52
15,Weekend,Bronx,Melrose South,2.5
15,Weekend,Queens,Ridgewood,2.47
15,Weekend,Bronx,University Heights/Morris Heights,2.47
15,Weekend,Brooklyn,East Flatbush/Farragut,2.42
15,Weekend,Brooklyn,Crown Heights South,2.39
15,Weekend,Queens,Saint Albans,2.39
15,Weekend,Bronx,Soundview/Castle Hill,2.33
15,Weekend,Queens,Queensbridge/Ravenswood,2.32
15,Weekend,Queens,South Jamaica,2.3
15,Weekend,Brooklyn,Bushwick North,2.3
15,Weekend,Brooklyn,Erasmus,2.25
15,Weekend,Queens,Flushing,2.18
15,Weekend,Manhattan,Randalls Island,2.17
15,Weekend,Bronx,Hunts Point,2.12
15,Weekend,Brooklyn,Bay Ridge,2.11
15,Weekend,Brooklyn,Borough Park,2.08
15,Weekend,Bronx,East Tremont,2.07
15,Weekend,Queens,Corona,2.06
15,Weekend,Bronx,Highbridge,2.0
15,Weekend,Bronx,Williamsbridge/Olinville,2.0
15,Weekend,Queens,Rego Park,1.94
15,Weekend,Bronx,Bedford Park,1.88
15,Weekend,Bronx,Morrisania/Melrose,1.88
15,Weekend,Queens,Springfield Gardens North,1.86
15,Weekend,Brooklyn,Cypress Hills,1.85
15,Weekend,Bronx,Spuyten Duyvil/Kingsbridge,1.85
15,Weekend,Bronx,Mount Hope,1.84
15,Weekend,Brooklyn,Starrett City,1.82
15,Weekend,Queens,Woodhaven,1.8
15,Weekend,Queens,Middle Village,1.8
15,Weekend,Queens,Elmhurst/Maspeth,1.79
15,Weekend,Queens,Maspeth,1.79
15,Weekend,Bronx,Westchester Village/Unionport,1.79
15,Weekend,Bronx,Co-Op City,1.73
15,Weekend,Queens,Jamaica Estates,1.71
15,Weekend,Brooklyn,Brooklyn Navy Yard,1.69
15,Weekend,Queens,Briarwood/Jamaica Hills,1.67
15,Weekend,Bronx,Soundview/Bruckner,1.63
15,Weekend,Brooklyn,Homecrest,1.57
15,Weekend,Bronx,Van Nest/Morris Park,1.57
15,Weekend,Manhattan,Inwood,1.57
15,Weekend,Bronx,Claremont/Bathgate,1.56
15,Weekend,Queens,Glendale,1.56
15,Weekend,Queens,Kew Gardens,1.56
15,Weekend,Brooklyn,Sunset Park East,1.55
15,Weekend,Queens,Queens Village,1.54
15,Weekend,Bronx,Longwood,1.5
15,Weekend,Bronx,Allerton/Pelham Gardens,1.5
15,Weekend,Queens,Flushing Meadows-Corona Park,1.5
15,Weekend,Bronx,Belmont,1.5
15,Weekend,Queens,Whitestone,1.5
15,Weekend,Bronx,Eastchester,1.5
15,Weekend,Brooklyn,East New York/Pennsylvania Avenue,1.47
15,Weekend,Brooklyn,Marine Park/Mill Basin,1.47
15,Weekend,Brooklyn,Prospect Park,1.45
15,Weekend,Bronx,Kingsbridge Heights,1.45
15,Weekend,Bronx,Norwood,1.44
15,Weekend,Brooklyn,Red Hook,1.44
15,Weekend,Queens,Rosedale,1.44
15,Weekend,Brooklyn,Sheepshead Bay,1.43
15,Weekend,Brooklyn,South Williamsburg,1.42
15,Weekend,Queens,Springfield Gardens South,1.41
15,Weekend,Brooklyn,Cobble Hill,1.38
15,Weekend,Queens,Hammels/Arverne,1.38
15,Weekend,Brooklyn,Carroll Gardens,1.36
15,Weekend,Bronx,Van Cortlandt Village,1.35
15,Weekend,Brooklyn,Kensington,1.33
15,Weekend,Brooklyn,Bensonhurst East,1.33
15,Weekend,Brooklyn,Columbia Street,1.33
15,Weekend,Brooklyn,Bensonhurst West,1.33
15,Weekend,EWR,Newark Airport,1.33
15,Weekend,Bronx,Schuylerville/Edgewater Park,1.33
15,Weekend,Queens,North Corona,1.31
15,Weekend,N/A,Outside of NYC,1.31
15,Weekend,Bronx,Bronxdale,1.31
15,Weekend,Brooklyn,Coney Island,1.29
15,Weekend,Queens,Howard Beach,1.29
15,Weekend,Bronx,West Farms/Bronx River,1.27
15,Weekend,Bronx,Fordham South,1.27
15,Weekend,Brooklyn,Midwood,1.27
15,Weekend,Queens,Kew Gardens Hills,1.25
15,Weekend,Queens,Fresh Meadows,1.25
15,Weekend,Queens,Hollis,1.25
15,Weekend,Bronx,Parkchester,1.21
15,Weekend,Bronx,Crotona Park East,1.21
15,Weekend,Bronx,Woodlawn/Wakefield,1.2
15,Weekend,Brooklyn,Windsor Terrace,1.2
15,Weekend,Brooklyn,Gravesend,1.2
15,Weekend,Brooklyn,Madison,1.19
15,Weekend,Queens,Far Rockaway,1.18
15,Weekend,Queens,College Point,1.17
15,Weekend,Bronx,Bronx Park,1.17
15,Weekend,Brooklyn,Dyker Heights,1.17
15,Weekend,Queens,Hillcrest/Pomonok,1.11
15,Weekend,Queens,Bellerose,1.11
15,Weekend,Queens,Laurelton,1.11
15,Weekend,Brooklyn,Gowanus,1.11
15,Weekend,Queens,Ozone Park,1.1
15,Weekend,Queens,Cambria Heights,1.09
15,Weekend,Brooklyn,Brighton Beach,1.09
15,Weekend,Queens,Bayside,1.0
15,Weekend,Staten Island,South Beach/Dongan Hills,1.0
15,Weekend,Brooklyn,Manhattan Beach,1.0
15,Weekend,Bronx,Country Club,1.0
15,Weekend,Queens,Douglaston,1.0
15,Weekend,Bronx,Pelham Parkway,1.0
15,Weekend,Bronx,Pelham Bay,1.0
15,Weekend,Queens,Saint Michaels Cemetery/Woodside,1.0
15,Weekend,Manhattan,Inwood Hill Park,1.0
15,Weekend,Staten Island,West Brighton,1.0
15,Weekend,Queens,Rockaway Park,1.0
15,Weekend,Staten Island,Arrochar/Fort Wadsworth,1.0
15,Weekend,Manhattan,Marble Hill,1.0
15,Weekend,Queens,Queensboro Hill,1.0
15,Weekend,Staten Island,Heartland Village/Todt Hill,1.0
15,Weekend,Brooklyn,Ocean Parkway South,1.0
15,Weekend,Queens,Broad Channel,1.0
15,Weekend,Staten Island,Saint George/New Brighton,1.0
15,Weekend,Queens,Astoria Park,1.0
15,Weekend,Queens,Auburndale,1.0
15,Weekend,Brooklyn,Marine Park/Floyd Bennett Field,1.0
15,Weekend,Queens,Murray Hill-Queens,1.0
15,Weekend,Queens,Glen Oaks,1.0
15,Weekend,Brooklyn,Bath Beach,1.0
15,Weekend,Queens,Bay Terrace/Fort Totten,1.0
15,Weekend,Staten Island,Stapleton,1.0
15,Weekend,Queens,Forest Park/Highland Park,1.0
15,Weekend,Bronx,Riverdale/North Riverdale/Fieldston,1.0
15,Weekend,Bronx,Pelham Bay Park,1.0
15,Weekend,Queens,Oakland Gardens,1.0
15,Weekend,Queens,Jamaica Bay,1.0
15,Weekend,Manhattan,Roosevelt Island,1.0
16,Weekend,Queens,JFK Airport,357.42
16,Weekend,Manhattan,Upper East Side South,320.19
16,Weekend,Manhattan,Midtown Center,311.65
16,Weekend,Manhattan,Times Sq/Theatre District,296.88
16,Weekend,Manhattan,Upper East Side North,290.85
16,Weekend,Manhattan,Lincoln Square East,267.35
16,Weekend,Manhattan,Penn Station/Madison Sq West,248.46
16,Weekend,Manhattan,Upper West Side South,224.54
16,Weekend,Manhattan,Midtown North,206.5
16,Weekend,Manhattan,Union Sq,200.54
16,Weekend,Manhattan,East Chelsea,199.38
16,Weekend,Manhattan,West Chelsea/Hudson Yards,181.77
16,Weekend,Manhattan,Midtown East,179.04
16,Weekend,Manhattan,Central Park,178.96
16,Weekend,Queens,LaGuardia Airport,172.31
16,Weekend,Manhattan,Clinton East,168.58
16,Weekend,Manhattan,Lenox Hill West,151.69
16,Weekend,Manhattan,West Village,145.85
16,Weekend,Manhattan,Murray Hill,144.96
16,Weekend,Manhattan,East Village,133.62
16,Weekend,Manhattan,Midtown South,128.0
16,Weekend,Manhattan,Yorkville West,122.35
16,Weekend,Manhattan,Gramercy,121.62
16,Weekend,Manhattan,Upper West Side North,118.54
16,Weekend,Manhattan,Little Italy/NoLiTa,113.73
16,Weekend,Manhattan,Greenwich Village North,113.46
16,Weekend,Manhattan,Flatiron,112.85
16,Weekend,Manhattan,SoHo,104.77
16,Weekend,Manhattan,Lenox Hill East,103.12
16,Weekend,Manhattan,Greenwich Village South,98.12
16,Weekend,Manhattan,Garment District,96.19
16,Weekend,Manhattan,Sutton Place/Turtle Bay North,92.27
16,Weekend,Manhattan,TriBeCa/Civic Center,76.27
16,Weekend,Manhattan,Meatpacking/West Village West,73.92
16,Weekend,Manhattan,Lincoln Square West,70.85
16,Weekend,Manhattan,Yorkville East,69.85
16,Weekend,Manhattan,Manhattan Valley,62.58
16,Weekend,Manhattan,Lower East Side,61.62
16,Weekend,Manhattan,UN/Turtle Bay South,60.73
16,Weekend,Manhattan,Kips Bay,56.81
16,Weekend,Manhattan,World Trade Center,48.12
16,Weekend,Manhattan,East Harlem South,37.73
16,Weekend,Manhattan,Clinton West,37.31
16,Weekend,Manhattan,Battery Park City,35.08
16,Weekend,Manhattan,Hudson Sq,33.5
16,Weekend,Manhattan,Morningside Heights,33.0
16,Weekend,Manhattan,Financial District North,29.08
16,Weekend,Manhattan,Central Harlem,26.31
16,Weekend,Manhattan,East Harlem North,22.23
16,Weekend,Manhattan,Financial District South,21.92
16,Weekend,Queens,East Elmhurst,17.35
16,Weekend,Manhattan,Bloomingdale,16.96
16,Weekend,Unknown,N/A,15.08
16,Weekend,Manhattan,Chinatown,13.12
16,Weekend,Manhattan,Seaport,11.96
16,Weekend,Manhattan,Central Harlem North,11.27
16,Weekend,Manhattan,Two Bridges/Seward Park,11.19
16,Weekend,Manhattan,Stuy Town/Peter Cooper Village,11.19
16,Weekend,Queens,Sunnyside,9.54
16,Weekend,Manhattan,Alphabet City,8.65
16,Weekend,Queens,Long Island City/Hunters Point,8.15
16,Weekend,Manhattan,Hamilton Heights,8.04
16,Weekend,Queens,Astoria,7.77
16,Weekend,Brooklyn,DUMBO/Vinegar Hill,6.85
16,Weekend,Brooklyn,Fort Greene,6.64
16,Weekend,Brooklyn,Crown Heights North,6.58
16,Weekend,Manhattan,Washington Heights South,6.54
16,Weekend,Manhattan,Battery Park,6.23
16,Weekend,Manhattan,Manhattanville,6.0
16,Weekend,Queens,Elmhurst,5.85
16,Weekend,Brooklyn,Downtown Brooklyn/MetroTech,5.38
16,Weekend,Queens,Jamaica,5.36
16,Weekend,Brooklyn,Williamsburg (North Side),5.24
16,Weekend,Brooklyn,East New York,5.08
16,Weekend,Brooklyn,Williamsburg (South Side),5.04
16,Weekend,Brooklyn,Brooklyn Heights,4.76
16,Weekend,Queens,Jackson Heights,4.75
16,Weekend,Brooklyn,Boerum Hill,4.62
16,Weekend,Brooklyn,Bedford,4.57
16,Weekend,Queens,Long Island City/Queens Plaza,4.54
16,Weekend,Bronx,West Concourse,4.48
16,Weekend,Brooklyn,Prospect-Lefferts Gardens,4.28
16,Weekend,Queens,Woodside,4.25
16,Weekend,Brooklyn,Flatbush/Ditmas Park,4.05
16,Weekend,Brooklyn,Park Slope,4.04
16,Weekend,Brooklyn,Greenpoint,4.04
16,Weekend,Brooklyn,Stuyvesant Heights,3.78
16,Weekend,Queens,South Ozone Park,3.63
16,Weekend,Brooklyn,Canarsie,3.54
16,Weekend,Brooklyn,Bushwick South,3.5
16,Weekend,Queens,Richmond Hill,3.43
16,Weekend,Queens,Old Astoria,3.38
16,Weekend,Brooklyn,Ocean Hill,3.24
16,Weekend,Manhattan,Washington Heights North,3.23
16,Weekend,Brooklyn,Clinton Hill,3.15
16,Weekend,Brooklyn,East Williamsburg,3.14
16,Weekend,Bronx,Mott Haven/Port Morris,3.12
16,Weekend,Brooklyn,Erasmus,3.11
16,Weekend,Brooklyn,Brownsville,3.05
16,Weekend,Brooklyn,East Flatbush/Remsen Village,3.0
16,Weekend,Queens,Forest Hills,2.91
16,Weekend,Queens,Steinway,2.88
16,Weekend,Queens,Baisley Park,2.71
16,Weekend,Bronx,East Concourse/Concourse Village,2.67
16,Weekend,Brooklyn,Bushwick North,2.59
16,Weekend,Brooklyn,Prospect Heights,2.53
16,Weekend,Brooklyn,Crown Heights South,2.38
16,Weekend,Queens,Queensbridge/Ravenswood,2.37
16,Weekend,Queens,Briarwood/Jamaica Hills,2.33
16,Weekend,Brooklyn,Flatlands,2.32
16,Weekend,Brooklyn,Sunset Park West,2.3
16,Weekend,Queens,Woodhaven,2.29
16,Weekend,Bronx,University Heights/Morris Heights,2.27
16,Weekend,Brooklyn,Red Hook,2.19
16,Weekend,Manhattan,Inwood,2.15
16,Weekend,Queens,Rego Park,2.13
16,Weekend,Bronx,Melrose South,2.1
16,Weekend,Bronx,Mount Hope,2.08
16,Weekend,Brooklyn,East Flatbush/Farragut,2.05
16,Weekend,Bronx,West Farms/Bronx River,2.0
16,Weekend,Brooklyn,Marine Park/Mill Basin,2.0
16,Weekend,Queens,Saint Albans,2.0
16,Weekend,Brooklyn,Cypress Hills,2.0
16,Weekend,Queens,Flushing,2.0
16,Weekend,Queens,Elmhurst/Maspeth,2.0
16,Weekend,Bronx,Claremont/Bathgate,1.92
16,Weekend,Bronx,Bedford Park,1.92
16,Weekend,Brooklyn,Cobble Hill,1.91
16,Weekend,Queens,South Jamaica,1.9
16,Weekend,Brooklyn,Carroll Gardens,1.9
16,Weekend,Brooklyn,Bensonhurst West,1.89
16,Weekend,Queens,Jamaica Estates,1.88
16,Weekend,Bronx,Morrisania/Melrose,1.87
16,Weekend,Bronx,Williamsbridge/Olinville,1.85
16,Weekend,Bronx,Highbridge,1.85
16,Weekend,Brooklyn,Gowanus,1.83
16,Weekend,Brooklyn,Bay Ridge,1.82
16,Weekend,Queens,Kew Gardens,1.81
16,Weekend,Queens,Ridgewood,1.81
16,Weekend,Queens,Maspeth,1.81
16,Weekend,Bronx,Soundview/Castle Hill,1.77
16,Weekend,Brooklyn,Brooklyn Navy Yard,1.77
16,Weekend,Queens,Springfield Gardens South,1.76
16,Weekend,Bronx,Parkchester,1.73
16,Weekend,N/A,Outside of NYC,1.71
16,Weekend,Bronx,Schuylerville/Edgewater Park,1.69
16,Weekend,Queens,Corona,1.69
16,Weekend,Brooklyn,South Williamsburg,1.67
16,Weekend,Brooklyn,Kensington,1.67
16,Weekend,Brooklyn,Coney Island,1.65
16,Weekend,Bronx,Norwood,1.64
16,Weekend,Brooklyn,East New York/Pennsylvania Avenue,1.63
16,Weekend,Bronx,Hunts Point,1.6
16,Weekend,Bronx,East Tremont,1.59
16,Weekend,Brooklyn,Borough Park,1.58
16,Weekend,Brooklyn,Midwood,1.58
16,Weekend,Brooklyn,Dyker Heights,1.56
16,Weekend,Queens,North Corona,1.55
16,Weekend,Queens,Far Rockaway,1.55
16,Weekend,Queens,Glendale,1.54
16,Weekend,Queens,Cambria Heights,1.5
16,Weekend,Manhattan,Inwood Hill Park,1.5
16,Weekend,Bronx,Spuyten Duyvil/Kingsbridge,1.5
16,Weekend,Queens,Springfield Gardens North,1.5
16,Weekend,Bronx,Van Cortlandt Village,1.47
16,Weekend,Brooklyn,Sunset Park East,1.47
16,Weekend,Brooklyn,Starrett City,1.47
16,Weekend,Brooklyn,Windsor Terrace,1.45
16,Weekend,Bronx,Crotona Park East,1.45
16,Weekend,Brooklyn,Brighton Beach,1.43
16,Weekend,Bronx,Soundview/Bruckner,1.43
16,Weekend,Brooklyn,Ocean Parkway South,1.4
16,Weekend,Bronx,Riverdale/North Riverdale/Fieldston,1.33
16,Weekend,Queens,Hammels/Arverne,1.33
16,Weekend,Brooklyn,Sheepshead Bay,1.33
16,Weekend,Bronx,Bronx Park,1.33
16,Weekend,Brooklyn,Bensonhurst East,1.33
16,Weekend,Bronx,Van Nest/Morris Park,1.33
16,Weekend,Brooklyn,Madison,1.31
16,Weekend,Bronx,Eastchester,1.3
16,Weekend,Queens,Whitestone,1.3
16,Weekend,Bronx,Woodlawn/Wakefield,1.3
16,Weekend,Brooklyn,Prospect Park,1.29
16,Weekend,Queens,Howard Beach,1.27
16,Weekend,Bronx,Westchester Village/Unionport,1.25
16,Weekend,Queens,Ozone Park,1.25
16,Weekend,Queens,Middle Village,1.24
16,Weekend,Bronx,Co-Op City,1.23
16,Weekend,Queens,Flushing Meadows-Corona Park,1.21
16,Weekend,Bronx,Kingsbridge Heights,1.2
16,Weekend,Bronx,Belmont,1.2
16,Weekend,Bronx,Van Cortlandt Park,1.2
16,Weekend,Queens,Glen Oaks,1.2
16,Weekend,Queens,Bellerose,1.2
16,Weekend,Bronx,Longwood,1.2
16,Weekend,Bronx,Pelham Parkway,1.18
16,Weekend,Brooklyn,Homecrest,1.17
16,Weekend,Queens,Kew Gardens Hills,1.17
16,Weekend,Queens,Queens Village,1.15
16,Weekend,Manhattan,Randalls Island,1.14
16,Weekend,Manhattan,Roosevelt Island,1.1
16,Weekend,Queens,Hollis,1.0
16,Weekend,Staten Island,South Beach/Dongan Hills,1.0
16,Weekend,Queens,Willets Point,1.0
16,Weekend,Staten Island,Mariners Harbor,1.0
16,Weekend,Brooklyn,Marine Park/Floyd Bennett Field,1.0
16,Weekend,Queens,Rosedale,1.0
16,Weekend,Brooklyn,Bath Beach,1.0
16,Weekend,Bronx,Pelham Bay Park,1.0
16,Weekend,Manhattan,Highbridge Park,1.0
16,Weekend,Bronx,Fordham South,1.0
16,Weekend,Bronx,Crotona Park,1.0
16,Weekend,Queens,Oakland Gardens,1.0
16,Weekend,Queens,Forest Park/Highland Park,1.0
16,Weekend,Queens,Rockaway Park,1.0
16,Weekend,Brooklyn,Green-Wood Cemetery,1.0
16,Weekend,Queens,Queensboro Hill,1.0
16,Weekend,Bronx,Bronxdale,1.0
16,Weekend,Staten Island,Arrochar/Fort Wadsworth,1.0
16,Weekend,Queens,East Flushing,1.0
16,Weekend,Brooklyn,Gravesend,1.0
16,Weekend,Queens,Breezy Point/Fort Tilden/Riis Beach,1.0
16,Weekend,Queens,Auburndale,1.0
16,Weekend,EWR,Newark Airport,1.0
16,Weekend,Queens,Bay Terrace/Fort Totten,1.0
16,Weekend,Queens,Murray Hill-Queens,1.0
16,Weekend,Queens,Fresh Meadows,1.0
16,Weekend,Manhattan,Marble Hill,1.0
16,Weekend,Queens,Broad Channel,1.0
16,Weekend,Brooklyn,Manhattan Beach,1.0
16,Weekend,Queens,Laurelton,1.0
16,Weekend,Queens,Saint Michaels Cemetery/Woodside,1.0
16,Weekend,Brooklyn,Columbia Street,1.0
16,Weekend,Bronx,Country Club,1.0
16,Weekend,Queens,Douglaston,1.0
16,Weekend,Queens,Bayside,1.0
16,Weekend,Bronx,City Island,1.0
16,Weekend,Queens,Hillcrest/Pomonok,1.0
16,Weekend,Bronx,Allerton/Pelham Gardens,1.0
16,Weekend,Bronx,Pelham Bay,1.0
16,Weekend,Queens,College Point,1.0
17,Weekend,Manhattan,Midtown Center,325.0
17,Weekend,Manhattan,Upper East Side South,312.5
17,Weekend,Manhattan,Upper East Side North,306.73
17,Weekend,Queens,JFK Airport,303.92
17,Weekend,Manhattan,Times Sq/Theatre District,288.42
17,Weekend,Manhattan,Penn Station/Madison Sq West,279.27
17,Weekend,Manhattan,Lincoln Square East,258.65
17,Weekend,Manhattan,Upper West Side South,243.04
17,Weekend,Manhattan,East Chelsea,203.65
17,Weekend,Manhattan,Midtown North,200.88
17,Weekend,Manhattan,Midtown East,196.88
17,Weekend,Manhattan,Union Sq,190.35
17,Weekend,Manhattan,West Chelsea/Hudson Yards,185.65
17,Weekend,Manhattan,Clinton East,185.38
17,Weekend,Queens,LaGuardia Airport,182.54
17,Weekend,Manhattan,Lenox Hill West,168.96
17,Weekend,Manhattan,Murray Hill,163.77
17,Weekend,Manhattan,West Village,161.27
17,Weekend,Manhattan,East Village,153.92
17,Weekend,Manhattan,Central Park,144.96
17,Weekend,Manhattan,Yorkville West,140.35
17,Weekend,Manhattan,Midtown South,139.08
17,Weekend,Manhattan,Upper West Side North,133.65
17,Weekend,Manhattan,Gramercy,132.92
17,Weekend,Manhattan,Flatiron,121.31
17,Weekend,Manhattan,Little Italy/NoLiTa,119.0
17,Weekend,Manhattan,Lenox Hill East,114.96
17,Weekend,Manhattan,Greenwich Village North,112.62
17,Weekend,Manhattan,Sutton Place/Turtle Bay North,112.27
17,Weekend,Manhattan,Greenwich Village South,102.77
17,Weekend,Manhattan,SoHo,99.77
17,Weekend,Manhattan,Garment District,94.65
17,Weekend,Manhattan,Yorkville East,88.27
17,Weekend,Manhattan,TriBeCa/Civic Center,86.46
17,Weekend,Manhattan,Meatpacking/West Village West,81.19
17,Weekend,Manhattan,Lincoln Square West,80.96
17,Weekend,Manhattan,UN/Turtle Bay South,76.69
17,Weekend,Manhattan,Lower East Side,68.73
17,Weekend,Manhattan,Manhattan Valley,66.15
17,Weekend,Manhattan,Kips Bay,64.69
17,Weekend,Manhattan,World Trade Center,46.73
17,Weekend,Manhattan,Morningside Heights,44.96
17,Weekend,Manhattan,Financial District North,43.12
17,Weekend,Manhattan,East Harlem South,40.77
17,Weekend,Manhattan,Battery Park City,39.65
17,Weekend,Manhattan,Clinton West,39.12
17,Weekend,Manhattan,Hudson Sq,36.12
17,Weekend,Manhattan,Central Harlem,30.96
17,Weekend,Manhattan,East Harlem North,23.65
17,Weekend,Manhattan,Financial District South,22.5
17,Weekend,Manhattan,Bloomingdale,19.31
17,Weekend,Queens,East Elmhurst,16.15
17,Weekend,Manhattan,Seaport,15.77
17,Weekend,Manhattan,Central Harlem North,15.0
17,Weekend,Manhattan,Two Bridges/Seward Park,14.73
17,Weekend,Unknown,N/A,14.73
17,Weekend,Queens,Long Island City/Hunters Point,14.65
17,Weekend,Manhattan,Chinatown,13.12
17,Weekend,Manhattan,Alphabet City,13.12
17,Weekend,Manhattan,Stuy Town/Peter Cooper Village,12.96
17,Weekend,Queens,Astoria,12.5
17,Weekend,Queens,Sunnyside,11.38
17,Weekend,Manhattan,Hamilton Heights,9.56
17,Weekend,Manhattan,Washington Heights South,8.62
17,Weekend,Brooklyn,DUMBO/Vinegar Hill,8.42
17,Weekend,Brooklyn,Williamsburg (North Side),8.13
17,Weekend,Brooklyn,Crown Heights North,8.04
17,Weekend,Queens,Jackson Heights,7.81
17,Weekend,Brooklyn,Downtown Brooklyn/MetroTech,7.77
17,Weekend,Queens,Elmhurst,7.44
17,Weekend,Manhattan,Manhattanville,7.0
17,Weekend,Brooklyn,Fort Greene,6.92
17,Weekend,Brooklyn,Williamsburg (South Side),6.85
17,Weekend,Brooklyn,Brooklyn Heights,6.73
17,Weekend,Brooklyn,Park Slope,6.5
17,Weekend,Brooklyn,Boerum Hill,6.32
17,Weekend,Queens,Long Island City/Queens Plaza,6.31
17,Weekend,Brooklyn,Greenpoint,5.91
17,Weekend,Brooklyn,East New York,5.46
17,Weekend,Brooklyn,Clinton Hill,5.18
17,Weekend,Brooklyn,Prospect-Lefferts Gardens,5.17
17,Weekend,Brooklyn,Bedford,5.16
17,Weekend,Queens,Jamaica,5.0
17,Weekend,Brooklyn,Stuyvesant Heights,4.92
17,Weekend,Brooklyn,Flatbush/Ditmas Park,4.75
17,Weekend,Queens,Woodside,4.72
17,Weekend,Brooklyn,Bushwick South,4.55
17,Weekend,Queens,Old Astoria,4.52
17,Weekend,Bronx,Mott Haven/Port Morris,4.17
17,Weekend,Manhattan,Washington Heights North,4.14
17,Weekend,Queens,South Ozone Park,4.0
17,Weekend,Queens,Steinway,3.83
17,Weekend,Queens,Forest Hills,3.7
17,Weekend,Brooklyn,East Williamsburg,3.68
17,Weekend,Brooklyn,Bushwick North,3.53
17,Weekend,Brooklyn,Canarsie,3.52
17,Weekend,Manhattan,Battery Park,3.41
17,Weekend,Queens,Richmond Hill,3.25
17,Weekend,Bronx,West Concourse,3.25
17,Weekend,Brooklyn,Brownsville,3.13
17,Weekend,Brooklyn,Prospect Heights,3.13
17,Weekend,Queens,Ridgewood,3.1
17,Weekend,Queens,Rego Park,3.0
17,Weekend,Brooklyn,East Flatbush/Remsen Village,2.95
17,Weekend,Brooklyn,Ocean Hill,2.95
17,Weekend,Brooklyn,East Flatbush/Farragut,2.85
17,Weekend,Brooklyn,Sunset Park West,2.83
17,Weekend,Bronx,East Concourse/Concourse Village,2.83
17,Weekend,Brooklyn,Red Hook,2.82
17,Weekend,Brooklyn,Crown Heights South,2.82
17,Weekend,Brooklyn,Carroll Gardens,2.81
17,Weekend,Brooklyn,Bay Ridge,2.71
17,Weekend,Bronx,Co-Op City,2.69
17,Weekend,Queens,Elmhurst/Maspeth,2.5
17,Weekend,Queens,Briarwood/Jamaica Hills,2.44
17,Weekend,Queens,Baisley Park,2.43
17,Weekend,Queens,Queensbridge/Ravenswood,2.4
17,Weekend,Queens,Woodhaven,2.4
17,Weekend,Bronx,Soundview/Castle Hill,2.38
17,Weekend,Brooklyn,Gowanus,2.29
17,Weekend,Brooklyn,Cypress Hills,2.28
17,Weekend,Manhattan,Inwood,2.27
17,Weekend,Brooklyn,Flatlands,2.23
17,Weekend,Brooklyn,Cobble Hill,2.16
17,Weekend,Bronx,Hunts Point,2.08
17,Weekend,Bronx,Spuyten Duyvil/Kingsbridge,2.0
17,Weekend,Brooklyn,Midwood,2.0
17,Weekend,Brooklyn,Borough Park,2.0
17,Weekend,Bronx,Soundview/Bruckner,2.0
17,Weekend,Queens,Flushing Meadows-Corona Park,2.0
17,Weekend,Queens,Corona,1.95
17,Weekend,Queens,Flushing,1.95
17,Weekend,Bronx,Melrose South,1.94
17,Weekend,Brooklyn,East New York/Pennsylvania Avenue,1.94
17,Weekend,Brooklyn,Kensington,1.93
17,Weekend,Brooklyn,Sheepshead Bay,1.92
17,Weekend,Queens,Glendale,1.92
17,Weekend,Brooklyn,Sunset Park East,1.92
17,Weekend,Bronx,University Heights/Morris Heights,1.92
17,Weekend,Bronx,Mount Hope,1.92
17,Weekend,Bronx,Kingsbridge Heights,1.88
17,Weekend,Brooklyn,Marine Park/Mill Basin,1.88
17,Weekend,Brooklyn,Prospect Park,1.83
17,Weekend,Brooklyn,Erasmus,1.82
17,Weekend,Bronx,Crotona Park East,1.82
17,Weekend,Queens,Saint Albans,1.81
17,Weekend,Brooklyn,Columbia Street,1.78
17,Weekend,Bronx,Highbridge,1.77
17,Weekend,Queens,North Corona,1.75
17,Weekend,Queens,South Jamaica,1.73
17,Weekend,Bronx,Parkchester,1.69
17,Weekend,Queens,Springfield Gardens South,1.65
17,Weekend,Queens,Whitestone,1.64
17,Weekend,Queens,Ozone Park,1.6
17,Weekend,Manhattan,Randalls Island,1.6
17,Weekend,Brooklyn,Bensonhurst West,1.58
17,Weekend,Bronx,Morrisania/Melrose,1.57
17,Weekend,Queens,Springfield Gardens North,1.56
17,Weekend,Queens,Kew Gardens,1.53
17,Weekend,Bronx,Van Cortlandt Park,1.5
17,Weekend,Queens,Murray Hill-Queens,1.5
17,Weekend,Brooklyn,Madison,1.5
17,Weekend,Bronx,City Island,1.5
17,Weekend,Brooklyn,Ocean Parkway South,1.5
17,Weekend,Queens,Maspeth,1.5
17,Weekend,Brooklyn,Starrett City,1.5
17,Weekend,Queens,Laurelton,1.5
17,Weekend,Brooklyn,Coney Island,1.47
17,Weekend,Queens,Jamaica Estates,1.47
17,Weekend,Brooklyn,South Williamsburg,1.46
17,Weekend,Brooklyn,Windsor Terrace,1.44
17,Weekend,Bronx,West Farms/Bronx River,1.44
17,Weekend,Bronx,Schuylerville/Edgewater Park,1.43
17,Weekend,Bronx,Longwood,1.42
17,Weekend,Queens,Hollis,1.4
17,Weekend,Queens,Hillcrest/Pomonok,1.4
17,Weekend,N/A,Outside of NYC,1.4
17,Weekend,Bronx,Westchester Village/Unionport,1.38
17,Weekend,Bronx,Van Cortlandt Village,1.38
17,Weekend,Queens,Hammels/Arverne,1.38
17,Weekend,Queens,Queens Village,1.36
17,Weekend,Queens,Rockaway Park,1.33
17,Weekend,Bronx,Woodlawn/Wakefield,1.33
17,Weekend,Brooklyn,Dyker Heights,1.33
17,Weekend,Queens,Glen Oaks,1.33
17,Weekend,Bronx,Bedford Park,1.33
17,Weekend,Queens,Forest Park/Highland Park,1.33
17,Weekend,Bronx,Pelham Parkway,1.33
17,Weekend,Queens,Astoria Park,1.33
17,Weekend,Brooklyn,Manhattan Beach,1.33
17,Weekend,Bronx,Claremont/Bathgate,1.33
17,Weekend,Bronx,Fordham South,1.31
17,Weekend,Queens,Cambria Heights,1.29
17,Weekend,Queens,College Point,1.29
17,Weekend,Brooklyn,Homecrest,1.29
17,Weekend,Bronx,Williamsbridge/Olinville,1.27
17,Weekend,Queens,Middle Village,1.27
17,Weekend,Queens,Kew Gardens Hills,1.27
17,Weekend,Brooklyn,Brooklyn Navy Yard,1.27
17,Weekend,Brooklyn,Gravesend,1.25
17,Weekend,Bronx,Norwood,1.25
17,Weekend,Bronx,Bronx Park,1.25
17,Weekend,Queens,Far Rockaway,1.23
17,Weekend,Bronx,East Tremont,1.22
17,Weekend,Bronx,Bronxdale,1.22
17,Weekend,Brooklyn,Brighton Beach,1.22
17,Weekend,Bronx,Belmont,1.22
17,Weekend,Bronx,Van Nest/Morris Park,1.21
17,Weekend,Queens,Howard Beach,1.2
17,Weekend,Queens,Fresh Meadows,1.2
17,Weekend,Manhattan,Inwood Hill Park,1.17
17,Weekend,Bronx,Allerton/Pelham Gardens,1.14
17,Weekend,Manhattan,Marble Hill,1.14
17,Weekend,Queens,Bayside,1.13
17,Weekend,Bronx,Riverdale/North Riverdale/Fieldston,1.11
17,Weekend,Bronx,Eastchester,1.11
17,Weekend,Manhattan,Roosevelt Island,1.11
17,Weekend,Brooklyn,Bensonhurst East,1.1
17,Weekend,Queens,Queensboro Hill,1.0
17,Weekend,Queens,Bay Terrace/Fort Totten,1.0
17,Weekend,Queens,Auburndale,1.0
17,Weekend,Queens,Rosedale,1.0
17,Weekend,Brooklyn,Marine Park/Floyd Bennett Field,1.0
17,Weekend,EWR,Newark Airport,1.0
17,Weekend,Brooklyn,Bath Beach,1.0
17,Weekend,Bronx,Crotona Park,1.0
17,Weekend,Bronx,Pelham Bay,1.0
17,Weekend,Queens,Oakland Gardens,1.0
17,Weekend,Bronx,Pelham Bay Park,1.0
17,Weekend,Queens,Saint Michaels Cemetery/Woodside,1.0
17,Weekend,Staten Island,New Dorp/Midland Beach,1.0
17,Weekend,Queens,Bellerose,1.0
17,Weekend,Staten Island,Arrochar/Fort Wadsworth,1.0
17,Weekend,Queens,East Flushing,1.0
18,Weekend,Manhattan,Upper East Side South,308.12
18,Weekend,Manhattan,Midtown Center,299.73
18,Weekend,Manhattan,Upper East Side North,296.96
18,Weekend,Manhattan,Lincoln Square East,286.62
18,Weekend,Queens,JFK Airport,286.54
18,Weekend,Manhattan,Times Sq/Theatre District,262.85
18,Weekend,Manhattan,Penn Station/Madison Sq West,241.54
18,Weekend,Manhattan,Upper West Side South,221.73
18,Weekend,Manhattan,East Chelsea,215.08
18,Weekend,Manhattan,Midtown East,209.46
18,Weekend,Manhattan,West Village,208.23
18,Weekend,Manhattan,Clinton East,204.23
18,Weekend,Manhattan,Midtown North,203.46
18,Weekend,Manhattan,East Village,203.46
18,Weekend,Manhattan,Union Sq,201.42
18,Weekend,Manhattan,Lenox Hill West,191.58
18,Weekend,Manhattan,Murray Hill,183.08
18,Weekend,Queens,LaGuardia Airport,169.85
18,Weekend,Manhattan,West Chelsea/Hudson Yards,165.85
18,Weekend,Manhattan,Yorkville West,160.27
18,Weekend,Manhattan,Gramercy,159.23
18,Weekend,Manhattan,Midtown South,153.46
18,Weekend,Manhattan,Upper West Side North,151.0
18,Weekend,Manhattan,Flatiron,140.62
18,Weekend,Manhattan,Sutton Place/Turtle Bay North,132.08
18,Weekend,Manhattan,Greenwich Village South,127.96
18,Weekend,Manhattan,Greenwich Village North,123.58
18,Weekend,Manhattan,Little Italy/NoLiTa,117.58
18,Weekend,Manhattan,Lenox Hill East,117.0
18,Weekend,Manhattan,TriBeCa/Civic Center,107.73
18,Weekend,Manhattan,Garment District,102.04
18,Weekend,Manhattan,SoHo,97.81
18,Weekend,Manhattan,Lincoln Square West,97.42
18,Weekend,Manhattan,Central Park,97.27
18,Weekend,Manhattan,Yorkville East,92.58
18,Weekend,Manhattan,Kips Bay,87.0
18,Weekend,Manhattan,Meatpacking/West Village West,84.27
18,Weekend,Manhattan,Lower East Side,82.42
18,Weekend,Manhattan,UN/Turtle Bay South,81.46
18,Weekend,Manhattan,Manhattan Valley,71.85
18,Weekend,Manhattan,Financial District North,52.62
18,Weekend,Manhattan,Clinton West,49.04
18,Weekend,Manhattan,Morningside Heights,45.04
18,Weekend,Manhattan,East Harlem South,43.73
18,Weekend,Manhattan,World Trade Center,43.0
18,Weekend,Manhattan,Battery Park City,42.46
18,Weekend,Manhattan,Hudson Sq,40.46
18,Weekend,Manhattan,Central Harlem,36.65
18,Weekend,Manhattan,East Harlem North,27.88
18,Weekend,Manhattan,Financial District South,21.85
18,Weekend,Manhattan,Bloomingdale,21.81
18,Weekend,Manhattan,Two Bridges/Seward Park,20.92
18,Weekend,Manhattan,Alphabet City,20.88
18,Weekend,Queens,Long Island City/Hunters Point,20.44
18,Weekend,Manhattan,Central Harlem North,19.96
18,Weekend,Manhattan,Chinatown,19.35
18,Weekend,Manhattan,Stuy Town/Peter Cooper Village,18.23
18,Weekend,Manhattan,Seaport,18.08
18,Weekend,Queens,Astoria,16.46
18,Weekend,Queens,East Elmhurst,15.5
18,Weekend,Manhattan,Washington Heights South,14.48
18,Weekend,Unknown,N/A,14.35
18,Weekend,Brooklyn,Williamsburg (North Side),13.42
18,Weekend,Manhattan,Hamilton Heights,13.36
18,Weekend,Queens,Sunnyside,12.0
18,Weekend,Brooklyn,Greenpoint,10.79
18,Weekend,Brooklyn,Fort Greene,10.72
18,Weekend,Brooklyn,Brooklyn Heights,9.96
18,Weekend,Brooklyn,Williamsburg (South Side),9.88
18,Weekend,Brooklyn,Park Slope,9.77
18,Weekend,Manhattan,Manhattanville,9.73
18,Weekend,Brooklyn,Crown Heights North,9.72
18,Weekend,Brooklyn,Downtown Brooklyn/MetroTech,9.69
18,Weekend,Brooklyn,DUMBO/Vinegar Hill,9.23
18,Weekend,Queens,Elmhurst,9.08
18,Weekend,Queens,Jackson Heights,8.68
18,Weekend,Queens,Long Island City/Queens Plaza,8.42
18,Weekend,Brooklyn,Boerum Hill,7.73
18,Weekend,Brooklyn,Bushwick South,7.19
18,Weekend,Queens,Woodside,7.13
18,Weekend,Queens,Jamaica,6.96
18,Weekend,Brooklyn,Prospect-Lefferts Gardens,6.88
18,Weekend,Manhattan,Washington Heights North,6.7
18,Weekend,Queens,Old Astoria,6.54
18,Weekend,Brooklyn,East New York,6.48
18,Weekend,Brooklyn,East Williamsburg,6.35
18,Weekend,Brooklyn,Stuyvesant Heights,6.18
18,Weekend,Brooklyn,Bedford,6.09
18,Weekend,Brooklyn,Flatbush/Ditmas Park,5.54
18,Weekend,Queens,Steinway,5.52
18,Weekend,Bronx,Mott Haven/Port Morris,5.38
18,Weekend,Brooklyn,Clinton Hill,5.26
18,Weekend,Queens,Forest Hills,4.82
18,Weekend,Brooklyn,Bushwick North,4.38
18,Weekend,Brooklyn,Prospect Heights,4.23
18,Weekend,Brooklyn,Ocean Hill,4.21
18,Weekend,Queens,South Ozone Park,4.17
18,Weekend,Manhattan,Inwood,4.11
18,Weekend,Brooklyn,Sunset Park West,3.78
18,Weekend,Brooklyn,Canarsie,3.76
18,Weekend,Queens,Ridgewood,3.65
18,Weekend,Bronx,West Concourse,3.57
18,Weekend,Queens,Richmond Hill,3.48
18,Weekend,Queens,Rego Park,3.48
18,Weekend,Queens,Queensbridge/Ravenswood,3.3
18,Weekend,Brooklyn,Brownsville,3.26
18,Weekend,Brooklyn,Flatlands,3.24
18,Weekend,Queens,Elmhurst/Maspeth,3.1
18,Weekend,Brooklyn,Carroll Gardens,3.05
18,Weekend,Brooklyn,Erasmus,3.0
18,Weekend,Brooklyn,East Flatbush/Remsen Village,3.0
18,Weekend,Brooklyn,Cobble Hill,2.95
18,Weekend,Brooklyn,Gowanus,2.91
18,Weekend,Bronx,Co-Op City,2.84
18,Weekend,Queens,Corona,2.79
18,Weekend,Queens,Flushing,2.78
18,Weekend,Brooklyn,Red Hook,2.75
18,Weekend,Brooklyn,Cypress Hills,2.7
18,Weekend,Queens,Baisley Park,2.7
18,Weekend,Queens,Woodhaven,2.69
18,Weekend,Brooklyn,Marine Park/Mill Basin,2.67
18,Weekend,Brooklyn,East Flatbush/Farragut,2.61
18,Weekend,Queens,Kew Gardens Hills,2.6
18,Weekend,Brooklyn,Crown Heights South,2.58
18,Weekend,Queens,Briarwood/Jamaica Hills,2.57
18,Weekend,Brooklyn,Bay Ridge,2.5
18,Weekend,Queens,North Corona,2.38
18,Weekend,Queens,Middle Village,2.38
18,Weekend,Queens,Saint Albans,2.36
18,Weekend,Bronx,Spuyten Duyvil/Kingsbridge,2.32
18,Weekend,Queens,South Jamaica,2.3
18,Weekend,Brooklyn,Bensonhurst West,2.29
18,Weekend,Bronx,Soundview/Bruckner,2.27
18,Weekend,Bronx,Soundview/Castle Hill,2.26
18,Weekend,Queens,Howard Beach,2.25
18,Weekend,Brooklyn,Coney Island,2.25
18,Weekend,Bronx,East Concourse/Concourse Village,2.25
18,Weekend,Queens,Kew Gardens,2.24
18,Weekend,Bronx,Westchester Village/Unionport,2.21
18,Weekend,Bronx,East Tremont,2.21
18,Weekend,Bronx,Mount Hope,2.2
18,Weekend,Bronx,West Farms/Bronx River,2.2
18,Weekend,Bronx,Parkchester,2.14
18,Weekend,Bronx,Morrisania/Melrose,2.13
18,Weekend,Bronx,Bedford Park,2.12
18,Weekend,Bronx,Melrose South,2.09
18,Weekend,Brooklyn,Windsor Terrace,2.07
18,Weekend,Brooklyn,Sheepshead Bay,2.07
18,Weekend,Bronx,Williamsbridge/Olinville,2.06
18,Weekend,Queens,Glendale,2.05
18,Weekend,Queens,Maspeth,2.05
18,Weekend,Brooklyn,Borough Park,2.0
18,Weekend,Bronx,Norwood,2.0
18,Weekend,Brooklyn,Kensington,2.0
18,Weekend,Queens,Saint Michaels Cemetery/Woodside,2.0
18,Weekend,Brooklyn,East New York/Pennsylvania Avenue,1.94
18,Weekend,Manhattan,Battery Park,1.87
18,Weekend,Bronx,Van Cortlandt Village,1.85
18,Weekend,Bronx,Schuylerville/Edgewater Park,1.82
18,Weekend,Bronx,Van Nest/Morris Park,1.8
18,Weekend,Brooklyn,Columbia Street,1.77
18,Weekend,Brooklyn,Manhattan Beach,1.75
18,Weekend,Brooklyn,South Williamsburg,1.75
18,Weekend,Bronx,Hunts Point,1.74
18,Weekend,Bronx,Highbridge,1.69
18,Weekend,Queens,Springfield Gardens North,1.69
18,Weekend,Bronx,Claremont/Bathgate,1.67
18,Weekend,Brooklyn,Midwood,1.67
18,Weekend,Brooklyn,Sunset Park East,1.67
18,Weekend,Queens,Rosedale,1.64
18,Weekend,Brooklyn,Madison,1.64
18,Weekend,Brooklyn,Prospect Park,1.62
18,Weekend,Manhattan,Marble Hill,1.6
18,Weekend,Brooklyn,Brooklyn Navy Yard,1.6
18,Weekend,Bronx,Longwood,1.58
18,Weekend,Queens,Ozone Park,1.58
18,Weekend,Queens,Hammels/Arverne,1.57
18,Weekend,Brooklyn,Bensonhurst East,1.57
18,Weekend,Brooklyn,Homecrest,1.57
18,Weekend,Bronx,Allerton/Pelham Gardens,1.56
18,Weekend,Bronx,Eastchester,1.53
18,Weekend,Bronx,University Heights/Morris Heights,1.53
18,Weekend,Queens,Rockaway Park,1.5
18,Weekend,Queens,Queens Village,1.5
18,Weekend,Bronx,Woodlawn/Wakefield,1.5
18,Weekend,Queens,Springfield Gardens South,1.47
18,Weekend,Brooklyn,Brighton Beach,1.45
18,Weekend,Brooklyn,Starrett City,1.43
18,Weekend,Queens,Murray Hill-Queens,1.43
18,Weekend,Queens,Hillcrest/Pomonok,1.43
18,Weekend,Bronx,Belmont,1.42
18,Weekend,Brooklyn,Dyker Heights,1.4
18,Weekend,Queens,Hollis,1.38
18,Weekend,Queens,Whitestone,1.38
18,Weekend,Bronx,Riverdale/North Riverdale/Fieldston,1.38
18,Weekend,Bronx,Pelham Parkway,1.36
18,Weekend,N/A,Outside of NYC,1.36
18,Weekend,Queens,College Point,1.36
18,Weekend,Bronx,Bronxdale,1.33
18,Weekend,Queens,Fresh Meadows,1.33
18,Weekend,Bronx,Fordham South,1.33
18,Weekend,Queens,Far Rockaway,1.3
18,Weekend,Queens,Laurelton,1.29
18,Weekend,Manhattan,Randalls Island,1.27
18,Weekend,Queens,Flushing Meadows-Corona Park,1.25
18,Weekend,Queens,Bay Terrace/Fort Totten,1.25
18,Weekend,Bronx,Bronx Park,1.25
18,Weekend,Queens,Jamaica Estates,1.22
18,Weekend,Manhattan,Highbridge Park,1.2
18,Weekend,Manhattan,Roosevelt Island,1.19
18,Weekend,Bronx,Pelham Bay,1.17
18,Weekend,Brooklyn,Bath Beach,1.17
18,Weekend,Brooklyn,Ocean Parkway South,1.17
18,Weekend,Bronx,Kingsbridge Heights,1.17
18,Weekend,Bronx,Crotona Park East,1.15
18,Weekend,Queens,East Flushing,1.14
18,Weekend,Brooklyn,Gravesend,1.14
18,Weekend,Queens,Bellerose,1.1
18,Weekend,Queens,Bayside,1.1
18,Weekend,Queens,Willets Point,1.0
18,Weekend,Bronx,City Island,1.0
18,Weekend,Staten Island,Stapleton,1.0
18,Weekend,Queens,Oakland Gardens,1.0
18,Weekend,Bronx,Country Club,1.0
18,Weekend,Queens,Queensboro Hill,1.0
18,Weekend,Queens,Cambria Heights,1.0
18,Weekend,Bronx,Van Cortlandt Park,1.0
18,Weekend,Brooklyn,Marine Park/Floyd Bennett Field,1.0
18,Weekend,Staten Island,Saint George/New Brighton,1.0
18,Weekend,Queens,Glen Oaks,1.0
18,Weekend,EWR,Newark Airport,1.0
18,Weekend,Staten Island,Arrochar/Fort Wadsworth,1.0
18,Weekend,Queens,Breezy Point/Fort Tilden/Riis Beach,1.0
18,Weekend,Staten Island,Heartland Village/Todt Hill,1.0
18,Weekend,Queens,Auburndale,1.0
18,Weekend,Queens,Broad Channel,1.0
18,Weekend,Queens,Douglaston,1.0
18,Weekend,Staten Island,South Beach/Dongan Hills,1.0
18,Weekend,Bronx,Pelham Bay Park,1.0
19,Weekend,Queens,JFK Airport,332.19
19,Weekend,Manhattan,Upper East Side South,251.85
19,Weekend,Manhattan,East Village,244.38
19,Weekend,Manhattan,Lincoln Square East,238.0
19,Weekend,Manhattan,Upper East Side North,231.69
19,Weekend,Manhattan,Midtown Center,230.35
19,Weekend,Manhattan,Penn Station/Madison Sq West,229.38
19,Weekend,Manhattan,West Village,228.62
19,Weekend,Manhattan,East Chelsea,211.54
19,Weekend,Manhattan,Times Sq/Theatre District,211.08
19,Weekend,Manhattan,Union Sq,205.35
19,Weekend,Manhattan,Upper West Side South,198.35
19,Weekend,Manhattan,Clinton East,198.35
19,Weekend,Manhattan,Murray Hill,184.85
19,Weekend,Manhattan,Midtown North,184.69
19,Weekend,Queens,LaGuardia Airport,182.65
19,Weekend,Manhattan,Midtown East,180.0
19,Weekend,Manhattan,Lenox Hill West,179.08
19,Weekend,Manhattan,Gramercy,167.5
19,Weekend,Manhattan,Midtown South,164.35
19,Weekend,Manhattan,Yorkville West,148.15
19,Weekend,Manhattan,Greenwich Village South,146.19
19,Weekend,Manhattan,West Chelsea/Hudson Yards,138.27
19,Weekend,Manhattan,Flatiron,137.5
19,Weekend,Manhattan,Upper West Side North,127.46
19,Weekend,Manhattan,Sutton Place/Turtle Bay North,126.0
19,Weekend,Manhattan,Greenwich Village North,123.46
19,Weekend,Manhattan,Little Italy/NoLiTa,108.62
19,Weekend,Manhattan,Lenox Hill East,107.46
19,Weekend,Manhattan,TriBeCa/Civic Center,101.65
19,Weekend,Manhattan,Lower East Side,94.58
19,Weekend,Manhattan,Kips Bay,94.35
19,Weekend,Manhattan,Meatpacking/West Village West,90.19
19,Weekend,Manhattan,Garment District,86.0
19,Weekend,Manhattan,UN/Turtle Bay South,84.27
19,Weekend,Manhattan,SoHo,80.65
19,Weekend,Manhattan,Central Park,78.23
19,Weekend,Manhattan,Lincoln Square West,77.65
19,Weekend,Manhattan,Yorkville East,70.42
19,Weekend,Manhattan,Financial District North,55.19
19,Weekend,Manhattan,Manhattan Valley,54.46
19,Weekend,Manhattan,Clinton West,43.81
19,Weekend,Manhattan,East Harlem South,43.31
19,Weekend,Manhattan,Hudson Sq,42.77
19,Weekend,Manhattan,Morningside Heights,38.88
19,Weekend,Manhattan,World Trade Center,36.73
19,Weekend,Manhattan,Battery Park City,33.12
19,Weekend,Manhattan,Central Harlem,33.08
19,Weekend,Manhattan,East Harlem North,24.73
19,Weekend,Manhattan,Alphabet City,22.73
19,Weekend,Manhattan,Seaport,20.77
19,Weekend,Manhattan,Financial District South,20.69
19,Weekend,Manhattan,Two Bridges/Seward Park,20.54
19,Weekend,Manhattan,Chinatown,20.0
19,Weekend,Manhattan,Bloomingdale,19.27
19,Weekend,Manhattan,Stuy Town/Peter Cooper Village,19.08
19,Weekend,Manhattan,Central Harlem North,18.38
19,Weekend,Queens,Long Island City/Hunters Point,17.8
19,Weekend,Brooklyn,Williamsburg (North Side),16.24
19,Weekend,Queens,East Elmhurst,16.19
19,Weekend,Queens,Astoria,15.42
19,Weekend,Manhattan,Washington Heights South,15.12
19,Weekend,Queens,Sunnyside,13.84
19,Weekend,Brooklyn,Greenpoint,13.26
19,Weekend,Manhattan,Hamilton Heights,13.16
19,Weekend,Unknown,N/A,12.96
19,Weekend,Brooklyn,Williamsburg (South Side),12.72
19,Weekend,Brooklyn,Crown Heights North,11.21
19,Weekend,Manhattan,Manhattanville,9.81
19,Weekend,Queens,Elmhurst,9.5
19,Weekend,Brooklyn,Park Slope,9.38
19,Weekend,Brooklyn,Fort Greene,9.36
19,Weekend,Brooklyn,Boerum Hill,8.88
19,Weekend,Brooklyn,Brooklyn Heights,8.81
19,Weekend,Brooklyn,Bushwick South,8.21
19,Weekend,Brooklyn,Downtown Brooklyn/MetroTech,8.08
19,Weekend,Queens,Jackson Heights,7.69
19,Weekend,Queens,Long Island City/Queens Plaza,7.62
19,Weekend,Brooklyn,DUMBO/Vinegar Hill,7.38
19,Weekend,Brooklyn,East New York,7.35
19,Weekend,Manhattan,Washington Heights North,7.33
19,Weekend,Brooklyn,East Williamsburg,7.08
19,Weekend,Brooklyn,Prospect-Lefferts Gardens,6.92
19,Weekend,Queens,Jamaica,6.92
19,Weekend,Brooklyn,Bedford,6.83
19,Weekend,Brooklyn,Flatbush/Ditmas Park,6.65
19,Weekend,Queens,Woodside,6.58
19,Weekend,Brooklyn,Clinton Hill,6.56
19,Weekend,Brooklyn,Stuyvesant Heights,6.42
19,Weekend,Queens,Forest Hills,6.25
19,Weekend,Brooklyn,Bushwick North,6.09
19,Weekend,Queens,Steinway,5.79
19,Weekend,Queens,Old Astoria,5.64
19,Weekend,Queens,South Ozone Park,5.48
19,Weekend,Bronx,Mott Haven/Port Morris,4.88
19,Weekend,Queens,Flushing,4.45
19,Weekend,Queens,Richmond Hill,4.35
19,Weekend,Brooklyn,Canarsie,4.21
19,Weekend,Queens,Ridgewood,4.15
19,Weekend,Brooklyn,Prospect Heights,4.04
19,Weekend,Brooklyn,Sunset Park West,4.04
19,Weekend,Queens,Corona,3.7
19,Weekend,Brooklyn,Brownsville,3.64
19,Weekend,Bronx,West Concourse,3.61
19,Weekend,Queens,Briarwood/Jamaica Hills,3.5
19,Weekend,Brooklyn,Ocean Hill,3.48
19,Weekend,Brooklyn,Flatlands,3.46
19,Weekend,Queens,Rego Park,3.45
19,Weekend,Brooklyn,Cobble Hill,3.33
19,Weekend,Queens,South Jamaica,3.27
19,Weekend,Brooklyn,Crown Heights South,3.26
19,Weekend,Brooklyn,Erasmus,3.22
19,Weekend,Queens,Maspeth,3.18
19,Weekend,Brooklyn,East Flatbush/Remsen Village,3.13
19,Weekend,Brooklyn,Bay Ridge,3.13
19,Weekend,Bronx,Co-Op City,3.05
19,Weekend,Manhattan,Inwood,3.05
19,Weekend,Bronx,University Heights/Morris Heights,3.0
19,Weekend,Queens,Middle Village,2.94
19,Weekend,Queens,Baisley Park,2.83
19,Weekend,Brooklyn,Cypress Hills,2.82
19,Weekend,Brooklyn,East New York/Pennsylvania Avenue,2.79
19,Weekend,Brooklyn,Borough Park,2.74
19,Weekend,Brooklyn,Carroll Gardens,2.7
19,Weekend,Brooklyn,Marine Park/Mill Basin,2.67
19,Weekend,Brooklyn,East Flatbush/Farragut,2.57
19,Weekend,Bronx,Mount Hope,2.56
19,Weekend,Queens,Springfield Gardens North,2.54
19,Weekend,Brooklyn,Red Hook,2.52
19,Weekend,Queens,North Corona,2.52
19,Weekend,Queens,Kew Gardens,2.5
19,Weekend,Bronx,Melrose South,2.5
19,Weekend,Queens,Elmhurst/Maspeth,2.47
19,Weekend,Brooklyn,Windsor Terrace,2.45
19,Weekend,Brooklyn,Coney Island,2.44
19,Weekend,Brooklyn,Gowanus,2.39
19,Weekend,Queens,Saint Albans,2.36
19,Weekend,Bronx,Bedford Park,2.33
19,Weekend,Bronx,Spuyten Duyvil/Kingsbridge,2.31
19,Weekend,Bronx,Williamsbridge/Olinville,2.29
19,Weekend,Queens,Glendale,2.25
19,Weekend,Bronx,Highbridge,2.22
19,Weekend,Bronx,Hunts Point,2.21
19,Weekend,Queens,Woodhaven,2.19
19,Weekend,Brooklyn,Kensington,2.17
19,Weekend,Brooklyn,Midwood,2.15
19,Weekend,Queens,Springfield Gardens South,2.11
19,Weekend,Queens,Queensbridge/Ravenswood,2.1
19,Weekend,Queens,Queensboro Hill,2.09
19,Weekend,Brooklyn,Brooklyn Navy Yard,2.0
19,Weekend,Bronx,Morrisania/Melrose,2.0
19,Weekend,Bronx,West Farms/Bronx River,2.0
19,Weekend,Bronx,East Concourse/Concourse Village,2.0
19,Weekend,Bronx,Soundview/Castle Hill,1.94
19,Weekend,Queens,Whitestone,1.92
19,Weekend,Queens,Howard Beach,1.92
19,Weekend,Bronx,Norwood,1.91
19,Weekend,Bronx,Van Nest/Morris Park,1.88
19,Weekend,Brooklyn,Sunset Park East,1.86
19,Weekend,Bronx,Parkchester,1.85
19,Weekend,Bronx,Schuylerville/Edgewater Park,1.85
19,Weekend,Queens,College Point,1.8
19,Weekend,Manhattan,Battery Park,1.8
19,Weekend,Queens,Flushing Meadows-Corona Park,1.79
19,Weekend,Brooklyn,Sheepshead Bay,1.79
19,Weekend,Brooklyn,Prospect Park,1.78
19,Weekend,Queens,Queens Village,1.77
19,Weekend,Bronx,Van Cortlandt Village,1.75
19,Weekend,Brooklyn,Homecrest,1.73
19,Weekend,Brooklyn,South Williamsburg,1.71
19,Weekend,Bronx,Claremont/Bathgate,1.71
19,Weekend,Brooklyn,Madison,1.69
19,Weekend,Brooklyn,Bensonhurst West,1.69
19,Weekend,Bronx,Belmont,1.69
19,Weekend,Bronx,East Tremont,1.67
19,Weekend,Bronx,Pelham Bay,1.67
19,Weekend,Bronx,Longwood,1.67
19,Weekend,Bronx,Kingsbridge Heights,1.67
19,Weekend,Queens,Kew Gardens Hills,1.64
19,Weekend,Bronx,Pelham Parkway,1.64
19,Weekend,Bronx,Crotona Park East,1.63
19,Weekend,Queens,Ozone Park,1.6
19,Weekend,Queens,Laurelton,1.6
19,Weekend,Bronx,Soundview/Bruckner,1.6
19,Weekend,Queens,Hillcrest/Pomonok,1.59
19,Weekend,Brooklyn,Bensonhurst East,1.57
19,Weekend,Brooklyn,Columbia Street,1.57
19,Weekend,Queens,Bay Terrace/Fort Totten,1.57
19,Weekend,Queens,Jamaica Estates,1.55
19,Weekend,Queens,Far Rockaway,1.54
19,Weekend,Manhattan,Highbridge Park,1.5
19,Weekend,Brooklyn,Manhattan Beach,1.5
19,Weekend,Manhattan,Randalls Island,1.5
19,Weekend,Manhattan,Marble Hill,1.5
19,Weekend,N/A,Outside of NYC,1.5
19,Weekend,Queens,Hollis,1.5
19,Weekend,Bronx,Fordham South,1.45
19,Weekend,Bronx,Eastchester,1.45
19,Weekend,Queens,Hammels/Arverne,1.45
19,Weekend,Bronx,Westchester Village/Unionport,1.44
19,Weekend,Brooklyn,Dyker Heights,1.44
19,Weekend,Brooklyn,Bath Beach,1.43
19,Weekend,Brooklyn,Starrett City,1.42
19,Weekend,Bronx,Riverdale/North Riverdale/Fieldston,1.42
19,Weekend,Queens,Fresh Meadows,1.4
19,Weekend,Queens,Auburndale,1.33
19,Weekend,Brooklyn,Brighton Beach,1.33
19,Weekend,Queens,Rosedale,1.33
19,Weekend,Bronx,Bronxdale,1.31
19,Weekend,Queens,Glen Oaks,1.29
19,Weekend,Manhattan,Roosevelt Island,1.25
19,Weekend,Queens,Douglaston,1.2
19,Weekend,Queens,Saint Michaels Cemetery/Woodside,1.2
19,Weekend,Brooklyn,Ocean Parkway South,1.2
19,Weekend,Bronx,City Island,1.17
19,Weekend,Queens,Murray Hill-Queens,1.17
19,Weekend,Queens,Rockaway Park,1.17
19,Weekend,Brooklyn,Gravesend,1.17
19,Weekend,Bronx,Allerton/Pelham Gardens,1.13
19,Weekend,Queens,Bayside,1.1
19,Weekend,Bronx,Woodlawn/Wakefield,1.07
19,Weekend,Bronx,Van Cortlandt Park,1.0
19,Weekend,Manhattan,Inwood Hill Park,1.0
19,Weekend,Queens,Astoria Park,1.0
19,Weekend,Staten Island,Port Richmond,1.0
19,Weekend,EWR,Newark Airport,1.0
19,Weekend,Queens,Bellerose,1.0
19,Weekend,Bronx,Pelham Bay Park,1.0
19,Weekend,Staten Island,Bloomfield/Emerson Hill,1.0
19,Weekend,Queens,East Flushing,1.0
19,Weekend,Bronx,Country Club,1.0
19,Weekend,Queens,Cambria Heights,1.0
19,Weekend,Staten Island,South Beach/Dongan Hills,1.0
19,Weekend,Bronx,Crotona Park,1.0
19,Weekend,Brooklyn,Marine Park/Floyd Bennett Field,1.0
19,Weekend,Staten Island,Grymes Hill/Clifton,1.0
19,Weekend,Queens,Willets Point,1.0
19,Weekend,Bronx,Bronx Park,1.0
19,Weekend,Queens,Oakland Gardens,1.0
19,Weekend,Queens,Forest Park/Highland Park,1.0
20,Weekend,Queens,JFK Airport,321.46
20,Weekend,Manhattan,East Village,254.0
20,Weekend,Manhattan,West Village,237.23
20,Weekend,Manhattan,Penn Station/Madison Sq West,228.69
20,Weekend,Manhattan,Lincoln Square East,202.81
20,Weekend,Manhattan,Upper East Side South,192.85
20,Weekend,Manhattan,Union Sq,184.15
20,Weekend,Manhattan,Times Sq/Theatre District,179.0
20,Weekend,Manhattan,Upper East Side North,177.77
20,Weekend,Manhattan,East Chelsea,175.15
20,Weekend,Queens,LaGuardia Airport,166.96
20,Weekend,Manhattan,Midtown Center,165.5
20,Weekend,Manhattan,Clinton East,165.38
20,Weekend,Manhattan,Upper West Side South,160.31
20,Weekend,Manhattan,Murray Hill,153.23
20,Weekend,Manhattan,Greenwich Village South,151.31
20,Weekend,Manhattan,Gramercy,149.88
20,Weekend,Manhattan,Lenox Hill West,147.27
20,Weekend,Manhattan,Midtown South,143.81
20,Weekend,Manhattan,Midtown East,140.69
20,Weekend,Manhattan,Yorkville West,130.54
20,Weekend,Manhattan,Midtown North,129.08
20,Weekend,Manhattan,Flatiron,115.54
20,Weekend,Manhattan,Greenwich Village North,113.65
20,Weekend,Manhattan,West Chelsea/Hudson Yards,112.08
20,Weekend,Manhattan,Little Italy/NoLiTa,103.85
20,Weekend,Manhattan,Lower East Side,100.35
20,Weekend,Manhattan,Sutton Place/Turtle Bay North,95.15
20,Weekend,Manhattan,Upper West Side North,89.62
20,Weekend,Manhattan,TriBeCa/Civic Center,87.38
20,Weekend,Manhattan,Meatpacking/West Village West,85.58
20,Weekend,Manhattan,Lenox Hill East,85.04
20,Weekend,Manhattan,Kips Bay,78.42
20,Weekend,Manhattan,Garment District,75.38
20,Weekend,Manhattan,Central Park,66.35
20,Weekend,Manhattan,SoHo,66.19
20,Weekend,Manhattan,UN/Turtle Bay South,61.85
20,Weekend,Manhattan,Lincoln Square West,52.04
20,Weekend,Manhattan,Financial District North,51.23
20,Weekend,Manhattan,Yorkville East,47.12
20,Weekend,Manhattan,Manhattan Valley,43.08
20,Weekend,Manhattan,Hudson Sq,37.77
20,Weekend,Manhattan,Morningside Heights,35.35
20,Weekend,Manhattan,East Harlem South,32.85
20,Weekend,Manhattan,Clinton West,32.04
20,Weekend,Manhattan,Central Harlem,31.27
20,Weekend,Manhattan,World Trade Center,24.73
20,Weekend,Manhattan,Battery Park City,21.08
20,Weekend,Manhattan,Chinatown,20.81
20,Weekend,Manhattan,East Harlem North,20.69
20,Weekend,Manhattan,Two Bridges/Seward Park,19.81
20,Weekend,Manhattan,Alphabet City,19.23
20,Weekend,Queens,East Elmhurst,18.88
20,Weekend,Manhattan,Seaport,18.5
20,Weekend,Manhattan,Financial District South,18.27
20,Weekend,Manhattan,Central Harlem North,17.69
20,Weekend,Manhattan,Bloomingdale,15.92
20,Weekend,Manhattan,Stuy Town/Peter Cooper Village,14.69
20,Weekend,Queens,Long Island City/Hunters Point,13.72
20,Weekend,Queens,Astoria,13.12
20,Weekend,Brooklyn,Williamsburg (North Side),12.92
20,Weekend,Manhattan,Washington Heights South,12.72
20,Weekend,Manhattan,Hamilton Heights,12.42
20,Weekend,Brooklyn,Greenpoint,10.96
20,Weekend,Brooklyn,Williamsburg (South Side),10.81
20,Weekend,Queens,Sunnyside,10.77
20,Weekend,Unknown,N/A,10.77
20,Weekend,Brooklyn,Park Slope,10.73
20,Weekend,Queens,Jackson Heights,10.32
20,Weekend,Queens,Elmhurst,10.16
20,Weekend,Brooklyn,Crown Heights North,9.79
20,Weekend,Brooklyn,Fort Greene,9.38
20,Weekend,Brooklyn,Bushwick South,8.76
20,Weekend,Manhattan,Manhattanville,8.46
20,Weekend,Brooklyn,East Williamsburg,8.29
20,Weekend,Brooklyn,Brooklyn Heights,8.17
20,Weekend,Brooklyn,Boerum Hill,8.04
20,Weekend,Brooklyn,East New York,7.92
20,Weekend,Manhattan,Washington Heights North,7.68
20,Weekend,Brooklyn,Bedford,7.23
20,Weekend,Brooklyn,Prospect-Lefferts Gardens,7.09
20,Weekend,Brooklyn,DUMBO/Vinegar Hill,7.0
20,Weekend,Brooklyn,Downtown Brooklyn/MetroTech,6.85
20,Weekend,Bronx,Mott Haven/Port Morris,6.54
20,Weekend,Queens,Jamaica,6.52
20,Weekend,Brooklyn,Stuyvesant Heights,6.48
20,Weekend,Brooklyn,Flatbush/Ditmas Park,6.24
20,Weekend,Brooklyn,Clinton Hill,6.17
20,Weekend,Queens,Forest Hills,6.13
20,Weekend,Queens,Steinway,6.09
20,Weekend,Queens,Woodside,6.04
20,Weekend,Brooklyn,Bushwick North,5.96
20,Weekend,Queens,Long Island City/Queens Plaza,5.72
20,Weekend,Queens,Ridgewood,5.38
20,Weekend,Bronx,West Concourse,5.2
20,Weekend,Brooklyn,Brownsville,5.18
20,Weekend,Queens,Rockaway Park,5.0
20,Weekend,Queens,South Ozone Park,4.95
20,Weekend,Queens,Old Astoria,4.61
20,Weekend,Brooklyn,Ocean Hill,4.33
20,Weekend,Queens,Flushing,4.18
20,Weekend,Brooklyn,Canarsie,4.09
20,Weekend,Bronx,Melrose South,3.8
20,Weekend,Brooklyn,East Flatbush/Farragut,3.72
20,Weekend,Brooklyn,Sunset Park West,3.71
20,Weekend,Brooklyn,Flatlands,3.58
20,Weekend,Manhattan,Inwood,3.57
20,Weekend,Brooklyn,East Flatbush/Remsen Village,3.52
20,Weekend,Queens,Rego Park,3.45
20,Weekend,Queens,Corona,3.41
20,Weekend,Brooklyn,Carroll Gardens,3.32
20,Weekend,Bronx,Soundview/Castle Hill,3.3
20,Weekend,Queens,Elmhurst/Maspeth,3.3
20,Weekend,Queens,Richmond Hill,3.29
20,Weekend,Brooklyn,Erasmus,3.27
20,Weekend,Brooklyn,Cobble Hill,3.11
20,Weekend,Queens,Baisley Park,3.04
20,Weekend,Brooklyn,Prospect Heights,2.96
20,Weekend,Brooklyn,Red Hook,2.96
20,Weekend,Queens,Glendale,2.94
20,Weekend,Queens,North Corona,2.88
20,Weekend,Bronx,East Concourse/Concourse Village,2.86
20,Weekend,Brooklyn,Crown Heights South,2.85
20,Weekend,Brooklyn,Cypress Hills,2.83
20,Weekend,Queens,South Jamaica,2.81
20,Weekend,Bronx,Mount Hope,2.75
20,Weekend,Queens,Maspeth,2.73
20,Weekend,Brooklyn,Bay Ridge,2.7
20,Weekend,Brooklyn,Marine Park/Mill Basin,2.67
20,Weekend,Bronx,Bedford Park,2.65
20,Weekend,Bronx,Spuyten Duyvil/Kingsbridge,2.64
20,Weekend,Queens,Briarwood/Jamaica Hills,2.63
20,Weekend,Brooklyn,East New York/Pennsylvania Avenue,2.59
20,Weekend,Bronx,University Heights/Morris Heights,2.56
20,Weekend,Brooklyn,Gowanus,2.55
20,Weekend,Queens,Woodhaven,2.47
20,Weekend,Bronx,Co-Op City,2.45
20,Weekend,Bronx,Norwood,2.42
20,Weekend,Brooklyn,Sheepshead Bay,2.36
20,Weekend,Bronx,West Farms/Bronx River,2.36
20,Weekend,Queens,Springfield Gardens South,2.35
20,Weekend,Bronx,Allerton/Pelham Gardens,2.33
20,Weekend,Bronx,East Tremont,2.27
20,Weekend,Queens,Middle Village,2.26
20,Weekend,Brooklyn,Midwood,2.22
20,Weekend,Bronx,Williamsbridge/Olinville,2.2
20,Weekend,Queens,Kew Gardens,2.19
20,Weekend,Bronx,Hunts Point,2.19
20,Weekend,Brooklyn,Bensonhurst West,2.11
20,Weekend,Bronx,Claremont/Bathgate,2.08
20,Weekend,Bronx,Soundview/Bruckner,2.06
20,Weekend,Brooklyn,Coney Island,2.05
20,Weekend,Queens,Queensbridge/Ravenswood,2.0
20,Weekend,Bronx,Westchester Village/Unionport,2.0
20,Weekend,Queens,Howard Beach,2.0
20,Weekend,Queens,Ozone Park,2.0
20,Weekend,Bronx,Fordham South,2.0
20,Weekend,Bronx,Longwood,1.94
20,Weekend,Bronx,Parkchester,1.93
20,Weekend,Bronx,Schuylerville/Edgewater Park,1.92
20,Weekend,Bronx,Kingsbridge Heights,1.89
20,Weekend,Bronx,Highbridge,1.87
20,Weekend,Bronx,Morrisania/Melrose,1.82
20,Weekend,Bronx,Van Cortlandt Village,1.82
20,Weekend,Queens,Jamaica Estates,1.82
20,Weekend,Queens,Saint Albans,1.81
20,Weekend,Brooklyn,Columbia Street,1.8
20,Weekend,Queens,Whitestone,1.79
20,Weekend,Bronx,Crotona Park East,1.79
20,Weekend,Brooklyn,Windsor Terrace,1.77
20,Weekend,Brooklyn,South Williamsburg,1.76
20,Weekend,Brooklyn,Manhattan Beach,1.75
20,Weekend,Brooklyn,Sunset Park East,1.75
20,Weekend,Bronx,Woodlawn/Wakefield,1.73
20,Weekend,Brooklyn,Borough Park,1.7
20,Weekend,Queens,Laurelton,1.7
20,Weekend,Queens,Flushing Meadows-Corona Park,1.69
20,Weekend,Queens,Kew Gardens Hills,1.67
20,Weekend,Bronx,Belmont,1.64
20,Weekend,Queens,College Point,1.64
20,Weekend,Queens,Springfield Gardens North,1.64
20,Weekend,Bronx,Riverdale/North Riverdale/Fieldston,1.62
20,Weekend,Queens,Queensboro Hill,1.6
20,Weekend,Brooklyn,Starrett City,1.58
20,Weekend,Queens,Hammels/Arverne,1.58
20,Weekend,Bronx,Bronxdale,1.56
20,Weekend,Queens,Bayside,1.56
20,Weekend,Brooklyn,Kensington,1.54
20,Weekend,Brooklyn,Madison,1.53
20,Weekend,Bronx,Pelham Parkway,1.5
20,Weekend,Brooklyn,Homecrest,1.5
20,Weekend,Queens,Oakland Gardens,1.5
20,Weekend,Queens,Hollis,1.5
20,Weekend,Queens,Far Rockaway,1.47
20,Weekend,Queens,Murray Hill-Queens,1.45
20,Weekend,Queens,Hillcrest/Pomonok,1.45
20,Weekend,Brooklyn,Brighton Beach,1.45
20,Weekend,Queens,Glen Oaks,1.43
20,Weekend,Manhattan,Roosevelt Island,1.38
20,Weekend,Queens,Queens Village,1.38
20,Weekend,Bronx,City Island,1.33
20,Weekend,Bronx,Van Nest/Morris Park,1.33
20,Weekend,Queens,Cambria Heights,1.33
20,Weekend,Queens,Forest Park/Highland Park,1.33
20,Weekend,Manhattan,Battery Park,1.33
20,Weekend,Brooklyn,Bath Beach,1.33
20,Weekend,Brooklyn,Marine Park/Floyd Bennett Field,1.33
20,Weekend,Brooklyn,Gravesend,1.3
20,Weekend,Bronx,Pelham Bay,1.29
20,Weekend,Brooklyn,Ocean Parkway South,1.29
20,Weekend,Manhattan,Marble Hill,1.25
20,Weekend,N/A,Outside of NYC,1.23
20,Weekend,Queens,Rosedale,1.21
20,Weekend,Brooklyn,Prospect Park,1.2
20,Weekend,Queens,Douglaston,1.2
20,Weekend,Manhattan,Inwood Hill Park,1.2
20,Weekend,Queens,Bay Terrace/Fort Totten,1.17
20,Weekend,Manhattan,Randalls Island,1.17
20,Weekend,Brooklyn,Brooklyn Navy Yard,1.15
20,Weekend,Queens,Bellerose,1.14
20,Weekend,Bronx,Eastchester,1.1
20,Weekend,Staten Island,Bloomfield/Emerson Hill,1.0
20,Weekend,Queens,Auburndale,1.0
20,Weekend,Brooklyn,Bensonhurst East,1.0
20,Weekend,Queens,Breezy Point/Fort Tilden/Riis Beach,1.0
20,Weekend,Staten Island,South Beach/Dongan Hills,1.0
20,Weekend,Bronx,Country Club,1.0
20,Weekend,Bronx,Van Cortlandt Park,1.0
20,Weekend,Queens,Saint Michaels Cemetery/Woodside,1.0
20,Weekend,Staten Island,New Dorp/Midland Beach,1.0
20,Weekend,Queens,Willets Point,1.0
20,Weekend,Staten Island,Arrochar/Fort Wadsworth,1.0
20,Weekend,Bronx,Bronx Park,1.0
20,Weekend,Brooklyn,Dyker Heights,1.0
20,Weekend,Staten Island,Oakwood,1.0
20,Weekend,Queens,East Flushing,1.0
20,Weekend,Staten Island,Westerleigh,1.0
20,Weekend,Queens,Astoria Park,1.0
20,Weekend,Queens,Fresh Meadows,1.0
20,Weekend,Staten Island,Stapleton,1.0
20,Weekend,Manhattan,Highbridge Park,1.0
21,Weekend,Queens,JFK Airport,338.85
21,Weekend,Manhattan,Lincoln Square East,287.54
21,Weekend,Manhattan,East Village,268.96
21,Weekend,Manhattan,Times Sq/Theatre District,263.19
21,Weekend,Manhattan,West Village,259.15
21,Weekend,Manhattan,Penn Station/Madison Sq West,232.12
21,Weekend,Manhattan,Clinton East,188.65
21,Weekend,Manhattan,Union Sq,187.42
21,Weekend,Queens,LaGuardia Airport,184.69
21,Weekend,Manhattan,Greenwich Village South,181.62
21,Weekend,Manhattan,Upper East Side South,178.96
21,Weekend,Manhattan,East Chelsea,177.92
21,Weekend,Manhattan,Upper West Side South,165.88
21,Weekend,Manhattan,Midtown Center,149.73
21,Weekend,Manhattan,Upper East Side North,144.77
21,Weekend,Manhattan,Gramercy,138.54
21,Weekend,Manhattan,Midtown South,128.35
21,Weekend,Manhattan,Murray Hill,126.81
21,Weekend,Manhattan,Midtown North,126.08
21,Weekend,Manhattan,Lenox Hill West,118.96
21,Weekend,Manhattan,Midtown East,118.92
21,Weekend,Manhattan,Yorkville West,115.12
21,Weekend,Manhattan,Greenwich Village North,115.0
21,Weekend,Manhattan,Flatiron,112.62
21,Weekend,Manhattan,Lower East Side,102.42
21,Weekend,Manhattan,Little Italy/NoLiTa,97.96
21,Weekend,Manhattan,West Chelsea/Hudson Yards,90.46
21,Weekend,Manhattan,Sutton Place/Turtle Bay North,85.46
21,Weekend,Manhattan,Meatpacking/West Village West,84.54
21,Weekend,Manhattan,TriBeCa/Civic Center,82.77
21,Weekend,Manhattan,Upper West Side North,80.77
21,Weekend,Manhattan,Garment District,67.15
21,Weekend,Manhattan,SoHo,63.81
21,Weekend,Manhattan,Kips Bay,61.5
21,Weekend,Manhattan,Lenox Hill East,54.19
21,Weekend,Manhattan,UN/Turtle Bay South,47.04
21,Weekend,Manhattan,Lincoln Square West,46.62
21,Weekend,Manhattan,Central Park,46.12
21,Weekend,Manhattan,Financial District North,42.58
21,Weekend,Manhattan,Yorkville East,35.85
21,Weekend,Manhattan,Hudson Sq,33.5
21,Weekend,Manhattan,Clinton West,32.77
21,Weekend,Manhattan,Manhattan Valley,30.54
21,Weekend,Manhattan,Morningside Heights,27.85
21,Weekend,Manhattan,East Harlem South,24.96
21,Weekend,Manhattan,Central Harlem,24.69
21,Weekend,Queens,East Elmhurst,22.54
21,Weekend,Manhattan,World Trade Center,20.46
21,Weekend,Manhattan,Alphabet City,19.46
21,Weekend,Manhattan,Seaport,19.15
21,Weekend,Manhattan,Two Bridges/Seward Park,18.42
21,Weekend,Manhattan,Financial District South,17.35
21,Weekend,Manhattan,Battery Park City,17.08
21,Weekend,Manhattan,East Harlem North,17.04
21,Weekend,Manhattan,Chinatown,16.85
21,Weekend,Brooklyn,Williamsburg (North Side),16.64
21,Weekend,Manhattan,Bloomingdale,13.81
21,Weekend,Brooklyn,Williamsburg (South Side),13.28
21,Weekend,Manhattan,Central Harlem North,12.81
21,Weekend,Queens,Long Island City/Hunters Point,12.31
21,Weekend,Queens,Astoria,11.38
21,Weekend,Unknown,N/A,10.88
21,Weekend,Manhattan,Stuy Town/Peter Cooper Village,10.46
21,Weekend,Manhattan,Hamilton Heights,10.19
21,Weekend,Brooklyn,Crown Heights North,9.65
21,Weekend,Manhattan,Washington Heights South,9.32
21,Weekend,Brooklyn,Fort Greene,9.17
21,Weekend,Queens,Elmhurst,8.96
21,Weekend,Brooklyn,Greenpoint,8.92
21,Weekend,Brooklyn,Park Slope,8.81
21,Weekend,Queens,Sunnyside,8.65
21,Weekend,Queens,Jackson Heights,8.63
21,Weekend,Brooklyn,East Williamsburg,8.43
21,Weekend,Brooklyn,Downtown Brooklyn/MetroTech,8.08
21,Weekend,Brooklyn,Boerum Hill,8.0
21,Weekend,Brooklyn,Brooklyn Heights,7.75
21,Weekend,Brooklyn,East New York,7.7
21,Weekend,Brooklyn,Bushwick South,7.6
21,Weekend,Queens,Jamaica,7.42
21,Weekend,Brooklyn,DUMBO/Vinegar Hill,6.96
21,Weekend,Brooklyn,Bedford,6.86
21,Weekend,Queens,Forest Hills,6.46
21,Weekend,Queens,Woodside,6.42
21,Weekend,Manhattan,Manhattanville,6.04
21,Weekend,Queens,Steinway,6.0
21,Weekend,Brooklyn,Stuyvesant Heights,5.8
21,Weekend,Brooklyn,Bushwick North,5.61
21,Weekend,Queens,Flushing,5.36
21,Weekend,Brooklyn,Prospect-Lefferts Gardens,5.24
21,Weekend,Manhattan,Washington Heights North,5.24
21,Weekend,Queens,Long Island City/Queens Plaza,5.05
21,Weekend,Queens,South Ozone Park,4.85
21,Weekend,Bronx,Mott Haven/Port Morris,4.79
21,Weekend,Brooklyn,Clinton Hill,4.65
21,Weekend,Brooklyn,Flatbush/Ditmas Park,4.48
21,Weekend,Brooklyn,Prospect Heights,4.3
21,Weekend,Queens,Old Astoria,4.29
21,Weekend,Queens,Ridgewood,4.0
21,Weekend,Brooklyn,Brownsville,3.95
21,Weekend,Brooklyn,Ocean Hill,3.87
21,Weekend,Brooklyn,Canarsie,3.82
21,Weekend,Bronx,Co-Op City,3.76
21,Weekend,Bronx,West Concourse,3.75
21,Weekend,Brooklyn,East Flatbush/Remsen Village,3.63
21,Weekend,Queens,Maspeth,3.38
21,Weekend,Queens,Corona,3.33
21,Weekend,Queens,Baisley Park,3.3
21,Weekend,Brooklyn,Carroll Gardens,3.27
21,Weekend,Manhattan,Randalls Island,3.14
21,Weekend,Queens,Richmond Hill,3.13
21,Weekend,Manhattan,Inwood,3.11
21,Weekend,Bronx,Highbridge,3.08
21,Weekend,Queens,Elmhurst/Maspeth,3.05
21,Weekend,Bronx,East Concourse/Concourse Village,3.0
21,Weekend,Brooklyn,Erasmus,3.0
21,Weekend,Brooklyn,Flatlands,3.0
21,Weekend,Brooklyn,Cobble Hill,2.95
21,Weekend,Brooklyn,Sunset Park West,2.94
21,Weekend,Queens,Rego Park,2.91
21,Weekend,Brooklyn,East Flatbush/Farragut,2.9
21,Weekend,Brooklyn,Red Hook,2.9
21,Weekend,Bronx,Melrose South,2.78
21,Weekend,Brooklyn,Cypress Hills,2.76
21,Weekend,Brooklyn,Crown Heights South,2.7
21,Weekend,Queens,South Jamaica,2.68
21,Weekend,Brooklyn,South Williamsburg,2.64
21,Weekend,Queens,North Corona,2.62
21,Weekend,Queens,Woodhaven,2.58
21,Weekend,Queens,Briarwood/Jamaica Hills,2.55
21,Weekend,Bronx,Mount Hope,2.54
21,Weekend,Bronx,Soundview/Castle Hill,2.53
21,Weekend,Brooklyn,Gowanus,2.48
21,Weekend,Queens,Middle Village,2.4
21,Weekend,Brooklyn,East New York/Pennsylvania Avenue,2.4
21,Weekend,Queens,Kew Gardens,2.29
21,Weekend,Brooklyn,Marine Park/Mill Basin,2.27
21,Weekend,Bronx,Hunts Point,2.23
21,Weekend,Bronx,East Tremont,2.19
21,Weekend,Queens,Howard Beach,2.19
21,Weekend,Queens,Glendale,2.15
21,Weekend,Bronx,Morrisania/Melrose,2.14
21,Weekend,Queens,Flushing Meadows-Corona Park,2.05
21,Weekend,Brooklyn,Bay Ridge,2.0
21,Weekend,Queens,Ozone Park,2.0
21,Weekend,Manhattan,Highbridge Park,2.0
21,Weekend,Brooklyn,Bensonhurst West,2.0
21,Weekend,Staten Island,Stapleton,2.0
21,Weekend,Bronx,University Heights/Morris Heights,1.94
21,Weekend,Bronx,Spuyten Duyvil/Kingsbridge,1.93
21,Weekend,Queens,Springfield Gardens South,1.91
21,Weekend,Bronx,Bronxdale,1.88
21,Weekend,Bronx,Bedford Park,1.88
21,Weekend,Brooklyn,Starrett City,1.87
21,Weekend,Bronx,Williamsbridge/Olinville,1.86
21,Weekend,Bronx,Van Nest/Morris Park,1.83
21,Weekend,Brooklyn,Borough Park,1.83
21,Weekend,Bronx,Fordham South,1.82
21,Weekend,Queens,Springfield Gardens North,1.81
21,Weekend,Bronx,Longwood,1.8
21,Weekend,Queens,Saint Albans,1.79
21,Weekend,Brooklyn,Midwood,1.78
21,Weekend,Bronx,Schuylerville/Edgewater Park,1.77
21,Weekend,Brooklyn,Coney Island,1.76
21,Weekend,Queens,Glen Oaks,1.75
21,Weekend,Brooklyn,Brighton Beach,1.75
21,Weekend,Queens,Queensboro Hill,1.75
21,Weekend,Brooklyn,Homecrest,1.75
21,Weekend,Queens,Queensbridge/Ravenswood,1.73
21,Weekend,Queens,Laurelton,1.71
21,Weekend,Bronx,Claremont/Bathgate,1.7
21,Weekend,Bronx,Westchester Village/Unionport,1.7
21,Weekend,Brooklyn,Columbia Street,1.69
21,Weekend,Bronx,Pelham Parkway,1.67
21,Weekend,Brooklyn,Bensonhurst East,1.67
21,Weekend,Bronx,Van Cortlandt Village,1.64
21,Weekend,Brooklyn,Dyker Heights,1.64
21,Weekend,Queens,Queens Village,1.6
21,Weekend,Queens,Cambria Heights,1.6
21,Weekend,Queens,College Point,1.58
21,Weekend,Brooklyn,Sheepshead Bay,1.58
21,Weekend,Brooklyn,Sunset Park East,1.58
21,Weekend,Queens,Bay Terrace/Fort Totten,1.57
21,Weekend,Queens,Kew Gardens Hills,1.53
21,Weekend,Queens,Murray Hill-Queens,1.53
21,Weekend,Bronx,Belmont,1.53
21,Weekend,Bronx,Crotona Park East,1.5
21,Weekend,Brooklyn,Prospect Park,1.5
21,Weekend,Bronx,Woodlawn/Wakefield,1.5
21,Weekend,Bronx,Norwood,1.5
21,Weekend,Bronx,Soundview/Bruckner,1.47
21,Weekend,N/A,Outside of NYC,1.46
21,Weekend,Queens,Far Rockaway,1.44
21,Weekend,Bronx,Allerton/Pelham Gardens,1.43
21,Weekend,Queens,Whitestone,1.42
21,Weekend,Bronx,Kingsbridge Heights,1.4
21,Weekend,Queens,East Flushing,1.4
21,Weekend,Bronx,West Farms/Bronx River,1.38
21,Weekend,Queens,Bayside,1.38
21,Weekend,Bronx,Eastchester,1.36
21,Weekend,Queens,Douglaston,1.33
21,Weekend,Manhattan,Battery Park,1.33
21,Weekend,Queens,Hollis,1.33
21,Weekend,Brooklyn,Madison,1.3
21,Weekend,Bronx,Parkchester,1.3
21,Weekend,Queens,Rosedale,1.3
21,Weekend,Manhattan,Roosevelt Island,1.3
21,Weekend,Brooklyn,Kensington,1.3
21,Weekend,Queens,Jamaica Estates,1.27
21,Weekend,Brooklyn,Brooklyn Navy Yard,1.27
21,Weekend,Queens,Hillcrest/Pomonok,1.25
21,Weekend,Bronx,Bronx Park,1.25
21,Weekend,Queens,Auburndale,1.25
21,Weekend,Brooklyn,Bath Beach,1.25
21,Weekend,Brooklyn,Windsor Terrace,1.25
21,Weekend,Queens,Rockaway Park,1.25
21,Weekend,Queens,Hammels/Arverne,1.22
21,Weekend,Brooklyn,Ocean Parkway South,1.2
21,Weekend,Queens,Fresh Meadows,1.17
21,Weekend,Brooklyn,Gravesend,1.13
21,Weekend,Bronx,Riverdale/North Riverdale/Fieldston,1.13
21,Weekend,Queens,Oakland Gardens,1.13
21,Weekend,Brooklyn,Manhattan Beach,1.09
21,Weekend,Staten Island,South Beach/Dongan Hills,1.0
21,Weekend,Staten Island,Bloomfield/Emerson Hill,1.0
21,Weekend,Staten Island,Grymes Hill/Clifton,1.0
21,Weekend,Queens,Bellerose,1.0
21,Weekend,Staten Island,West Brighton,1.0
21,Weekend,Brooklyn,Marine Park/Floyd Bennett Field,1.0
21,Weekend,Staten Island,New Dorp/Midland Beach,1.0
21,Weekend,Bronx,Van Cortlandt Park,1.0
21,Weekend,Manhattan,Marble Hill,1.0
21,Weekend,Bronx,Pelham Bay,1.0
21,Weekend,Bronx,City Island,1.0
21,Weekend,Queens,Forest Park/Highland Park,1.0
21,Weekend,Bronx,Country Club,1.0
22,Weekend,Queens,JFK Airport,340.15
22,Weekend,Manhattan,Times Sq/Theatre District,332.04
22,Weekend,Manhattan,East Village,327.04
22,Weekend,Manhattan,West Village,286.58
22,Weekend,Manhattan,Clinton East,255.19
22,Weekend,Manhattan,Lincoln Square East,224.58
22,Weekend,Manhattan,Penn Station/Madison Sq West,200.88
22,Weekend,Manhattan,Union Sq,197.92
22,Weekend,Manhattan,Greenwich Village South,196.23
22,Weekend,Queens,LaGuardia Airport,172.85
22,Weekend,Manhattan,East Chelsea,169.62
22,Weekend,Manhattan,Midtown Center,168.46
22,Weekend,Manhattan,Gramercy,159.69
22,Weekend,Manhattan,Upper East Side South,157.58
22,Weekend,Manhattan,Midtown North,150.77
22,Weekend,Manhattan,Upper West Side South,144.0
22,Weekend,Manhattan,Midtown South,142.65
22,Weekend,Manhattan,Lower East Side,129.54
22,Weekend,Manhattan,Murray Hill,126.19
22,Weekend,Manhattan,Flatiron,116.81
22,Weekend,Manhattan,Yorkville West,116.5
22,Weekend,Manhattan,Lenox Hill West,112.12
22,Weekend,Manhattan,Greenwich Village North,112.0
22,Weekend,Manhattan,Upper East Side North,102.35
22,Weekend,Manhattan,TriBeCa/Civic Center,101.31
22,Weekend,Manhattan,Little Italy/NoLiTa,98.04
22,Weekend,Manhattan,Meatpacking/West Village West,94.23
22,Weekend,Manhattan,Midtown East,91.04
22,Weekend,Manhattan,West Chelsea/Hudson Yards,85.42
22,Weekend,Manhattan,Garment District,85.42
22,Weekend,Manhattan,Sutton Place/Turtle Bay North,81.73
22,Weekend,Manhattan,Upper West Side North,71.0
22,Weekend,Manhattan,Kips Bay,70.42
22,Weekend,Manhattan,SoHo,67.04
22,Weekend,Manhattan,Financial District North,51.58
22,Weekend,Manhattan,Lenox Hill East,45.5
22,Weekend,Manhattan,UN/Turtle Bay South,44.73
22,Weekend,Manhattan,Lincoln Square West,43.88
22,Weekend,Manhattan,Clinton West,43.65
22,Weekend,Manhattan,Hudson Sq,36.46
22,Weekend,Manhattan,Yorkville East,30.81
22,Weekend,Manhattan,Manhattan Valley,30.42
22,Weekend,Manhattan,Alphabet City,28.04
22,Weekend,Manhattan,Central Park,27.38
22,Weekend,Manhattan,East Harlem South,24.46
22,Weekend,Manhattan,Morningside Heights,24.42
22,Weekend,Queens,East Elmhurst,23.2
22,Weekend,Manhattan,Central Harlem,22.35
22,Weekend,Brooklyn,Williamsburg (North Side),22.12
22,Weekend,Manhattan,Financial District South,21.54
22,Weekend,Manhattan,Two Bridges/Seward Park,21.35
22,Weekend,Manhattan,World Trade Center,18.38
22,Weekend,Manhattan,Seaport,17.92
22,Weekend,Manhattan,Chinatown,16.8
22,Weekend,Brooklyn,Williamsburg (South Side),16.77
22,Weekend,Manhattan,East Harlem North,15.88
22,Weekend,Manhattan,Central Harlem North,15.81
22,Weekend,Queens,Long Island City/Hunters Point,15.4
22,Weekend,Brooklyn,Greenpoint,14.04
22,Weekend,Manhattan,Bloomingdale,13.46
22,Weekend,Queens,Astoria,13.19
22,Weekend,Manhattan,Stuy Town/Peter Cooper Village,12.73
22,Weekend,Manhattan,Battery Park City,12.69
22,Weekend,Brooklyn,Park Slope,11.96
22,Weekend,Brooklyn,Fort Greene,11.88
22,Weekend,Unknown,N/A,11.04
22,Weekend,Manhattan,Hamilton Heights,10.92
22,Weekend,Manhattan,Washington Heights South,10.6
22,Weekend,Brooklyn,East Williamsburg,10.17
22,Weekend,Brooklyn,DUMBO/Vinegar Hill,9.43
22,Weekend,Queens,Sunnyside,9.0
22,Weekend,Brooklyn,East New York,8.92
22,Weekend,Brooklyn,Crown Heights North,8.56
22,Weekend,Brooklyn,Bushwick South,8.46
22,Weekend,Queens,Elmhurst,8.46
22,Weekend,Brooklyn,Boerum Hill,8.04
22,Weekend,Brooklyn,Brooklyn Heights,8.0
22,Weekend,Queens,Jamaica,7.76
22,Weekend,Brooklyn,Downtown Brooklyn/MetroTech,7.64
22,Weekend,Queens,Jackson Heights,7.31
22,Weekend,Queens,Forest Hills,7.16
22,Weekend,Queens,Steinway,7.14
22,Weekend,Manhattan,Manhattanville,6.83
22,Weekend,Brooklyn,Bushwick North,6.83
22,Weekend,Brooklyn,Bedford,6.58
22,Weekend,Bronx,Mott Haven/Port Morris,6.48
22,Weekend,Brooklyn,Clinton Hill,6.48
22,Weekend,Manhattan,Washington Heights North,6.23
22,Weekend,Queens,Woodside,5.95
22,Weekend,Brooklyn,Stuyvesant Heights,5.91
22,Weekend,Queens,Long Island City/Queens Plaza,5.76
22,Weekend,Brooklyn,Flatbush/Ditmas Park,5.64
22,Weekend,Brooklyn,Prospect Heights,5.58
22,Weekend,Queens,Flushing,5.54
22,Weekend,Queens,South Ozone Park,5.3
22,Weekend,Brooklyn,Prospect-Lefferts Gardens,5.26
22,Weekend,Brooklyn,Carroll Gardens,5.1
22,Weekend,Queens,Old Astoria,4.52
22,Weekend,Brooklyn,Brownsville,4.45
22,Weekend,Queens,Ridgewood,4.41
22,Weekend,Queens,Richmond Hill,4.21
22,Weekend,Bronx,West Concourse,3.85
22,Weekend,Brooklyn,Cobble Hill,3.72
22,Weekend,Brooklyn,Flatlands,3.7
22,Weekend,Brooklyn,Canarsie,3.67
22,Weekend,Queens,Baisley Park,3.46
22,Weekend,Brooklyn,Ocean Hill,3.45
22,Weekend,Brooklyn,Gowanus,3.25
22,Weekend,Bronx,East Concourse/Concourse Village,3.23
22,Weekend,Brooklyn,East Flatbush/Remsen Village,3.17
22,Weekend,Bronx,Bedford Park,3.08
22,Weekend,Queens,Corona,3.0
22,Weekend,Manhattan,Inwood,2.91
22,Weekend,Queens,Woodhaven,2.9
22,Weekend,Brooklyn,Erasmus,2.9
22,Weekend,Brooklyn,Crown Heights South,2.9
22,Weekend,Brooklyn,Cypress Hills,2.82
22,Weekend,Brooklyn,East Flatbush/Farragut,2.79
22,Weekend,Queens,Maspeth,2.76
22,Weekend,Brooklyn,Red Hook,2.74
22,Weekend,Queens,Elmhurst/Maspeth,2.7
22,Weekend,Queens,South Jamaica,2.67
22,Weekend,Queens,Kew Gardens,2.63
22,Weekend,Queens,Rego Park,2.55
22,Weekend,Bronx,Schuylerville/Edgewater Park,2.5
22,Weekend,Brooklyn,Bay Ridge,2.48
22,Weekend,Bronx,Mount Hope,2.47
22,Weekend,Brooklyn,Sunset Park West,2.42
22,Weekend,Queens,Springfield Gardens South,2.4
22,Weekend,Bronx,East Tremont,2.38
22,Weekend,Queens,Saint Albans,2.33
22,Weekend,Bronx,Soundview/Castle Hill,2.25
22,Weekend,Bronx,Williamsbridge/Olinville,2.25
22,Weekend,Bronx,Morrisania/Melrose,2.24
22,Weekend,Brooklyn,Borough Park,2.24
22,Weekend,Queens,Howard Beach,2.23
22,Weekend,Queens,Briarwood/Jamaica Hills,2.22
22,Weekend,Queens,Ozone Park,2.21
22,Weekend,Brooklyn,Windsor Terrace,2.2
22,Weekend,Brooklyn,East New York/Pennsylvania Avenue,2.19
22,Weekend,Bronx,Longwood,2.18
22,Weekend,Bronx,Melrose South,2.17
22,Weekend,Queens,Flushing Meadows-Corona Park,2.14
22,Weekend,Queens,Queensbridge/Ravenswood,2.13
22,Weekend,Queens,Springfield Gardens North,2.12
22,Weekend,Queens,Glendale,2.12
22,Weekend,Brooklyn,Midwood,2.09
22,Weekend,Queens,Kew Gardens Hills,2.06
22,Weekend,Bronx,University Heights/Morris Heights,2.06
22,Weekend,Queens,Middle Village,2.04
22,Weekend,Brooklyn,Marine Park/Mill Basin,2.0
22,Weekend,Bronx,Bronxdale,2.0
22,Weekend,Bronx,Spuyten Duyvil/Kingsbridge,2.0
22,Weekend,Bronx,Hunts Point,2.0
22,Weekend,Bronx,Highbridge,2.0
22,Weekend,Queens,Queens Village,1.94
22,Weekend,Queens,North Corona,1.93
22,Weekend,Queens,College Point,1.92
22,Weekend,Bronx,Kingsbridge Heights,1.92
22,Weekend,Bronx,Soundview/Bruckner,1.87
22,Weekend,Brooklyn,Kensington,1.85
22,Weekend,Bronx,Pelham Parkway,1.83
22,Weekend,Queens,Bayside,1.82
22,Weekend,Brooklyn,Bensonhurst West,1.82
22,Weekend,Bronx,Riverdale/North Riverdale/Fieldston,1.8
22,Weekend,Queens,Bellerose,1.78
22,Weekend,Queens,Jamaica Estates,1.77
22,Weekend,Bronx,Co-Op City,1.75
22,Weekend,Brooklyn,Sheepshead Bay,1.73
22,Weekend,Manhattan,Randalls Island,1.71
22,Weekend,Brooklyn,Starrett City,1.71
22,Weekend,Brooklyn,South Williamsburg,1.71
22,Weekend,Bronx,Van Nest/Morris Park,1.69
22,Weekend,Queens,Whitestone,1.69
22,Weekend,Bronx,Van Cortlandt Village,1.68
22,Weekend,Bronx,Parkchester,1.67
22,Weekend,Queens,Fresh Meadows,1.67
22,Weekend,Queens,Bay Terrace/Fort Totten,1.67
22,Weekend,Bronx,West Farms/Bronx River,1.67
22,Weekend,Brooklyn,Columbia Street,1.65
22,Weekend,Brooklyn,Brighton Beach,1.64
22,Weekend,Bronx,Fordham South,1.64
22,Weekend,Brooklyn,Homecrest,1.64
22,Weekend,Manhattan,Battery Park,1.63
22,Weekend,Queens,Rosedale,1.61
22,Weekend,Bronx,Westchester Village/Unionport,1.6
22,Weekend,Brooklyn,Prospect Park,1.6
22,Weekend,Queens,Queensboro Hill,1.56
22,Weekend,Queens,Far Rockaway,1.56
22,Weekend,Bronx,Norwood,1.54
22,Weekend,Bronx,Belmont,1.54
22,Weekend,Queens,Douglaston,1.5
22,Weekend,Queens,Cambria Heights,1.5
22,Weekend,Queens,Laurelton,1.5
22,Weekend,Queens,Murray Hill-Queens,1.5
22,Weekend,Brooklyn,Brooklyn Navy Yard,1.47
22,Weekend,Bronx,Crotona Park East,1.47
22,Weekend,Queens,Hillcrest/Pomonok,1.46
22,Weekend,Bronx,Pelham Bay,1.4
22,Weekend,Bronx,Eastchester,1.4
22,Weekend,Queens,Glen Oaks,1.4
22,Weekend,Bronx,Woodlawn/Wakefield,1.36
22,Weekend,Bronx,Claremont/Bathgate,1.36
22,Weekend,Brooklyn,Bensonhurst East,1.36
22,Weekend,Brooklyn,Coney Island,1.35
22,Weekend,Bronx,City Island,1.33
22,Weekend,N/A,Outside of NYC,1.33
22,Weekend,Queens,Rockaway Park,1.29
22,Weekend,Bronx,Allerton/Pelham Gardens,1.27
22,Weekend,Brooklyn,Sunset Park East,1.25
22,Weekend,Brooklyn,Ocean Parkway South,1.25
22,Weekend,Queens,Hammels/Arverne,1.25
22,Weekend,Queens,Hollis,1.25
22,Weekend,Brooklyn,Madison,1.18
22,Weekend,Brooklyn,Manhattan Beach,1.18
22,Weekend,Bronx,Country Club,1.17
22,Weekend,Manhattan,Roosevelt Island,1.15
22,Weekend,Queens,East Flushing,1.13
22,Weekend,Brooklyn,Gravesend,1.1
22,Weekend,Staten Island,Westerleigh,1.0
22,Weekend,Staten Island,Rossville/Woodrow,1.0
22,Weekend,Brooklyn,Dyker Heights,1.0
22,Weekend,Staten Island,Port Richmond,1.0
22,Weekend,Queens,Saint Michaels Cemetery/Woodside,1.0
22,Weekend,Manhattan,Highbridge Park,1.0
22,Weekend,Staten Island,Stapleton,1.0
22,Weekend,Bronx,Van Cortlandt Park,1.0
22,Weekend,Staten Island,Arrochar/Fort Wadsworth,1.0
22,Weekend,Staten Island,Grymes Hill/Clifton,1.0
22,Weekend,Brooklyn,Bath Beach,1.0
22,Weekend,Brooklyn,Marine Park/Floyd Bennett Field,1.0
22,Weekend,Manhattan,Inwood Hill Park,1.0
22,Weekend,Queens,Broad Channel,1.0
22,Weekend,Manhattan,Marble Hill,1.0
22,Weekend,Queens,Breezy Point/Fort Tilden/Riis Beach,1.0
22,Weekend,Queens,Auburndale,1.0
22,Weekend,Bronx,Bronx Park,1.0
22,Weekend,Queens,Oakland Gardens,1.0
22,Weekend,Queens,Forest Park/Highland Park,1.0
22,Weekend,Staten Island,Bloomfield/Emerson Hill,1.0
22,Weekend,Bronx,Crotona Park,1.0
22,Weekend,Queens,Willets Point,1.0
22,Weekend,Bronx,Pelham Bay Park,1.0
22,Weekend,Staten Island,South Beach/Dongan Hills,1.0
23,Weekend,Manhattan,East Village,373.42
23,Weekend,Manhattan,West Village,301.08
23,Weekend,Queens,JFK Airport,286.96
23,Weekend,Manhattan,Clinton East,224.46
23,Weekend,Manhattan,Times Sq/Theatre District,223.46
23,Weekend,Manhattan,Greenwich Village South,214.69
23,Weekend,Manhattan,Lincoln Square East,193.96
23,Weekend,Manhattan,Union Sq,183.27
23,Weekend,Queens,LaGuardia Airport,178.81
23,Weekend,Manhattan,Lower East Side,175.96
23,Weekend,Manhattan,Gramercy,160.92
23,Weekend,Manhattan,Penn Station/Madison Sq West,158.62
23,Weekend,Manhattan,East Chelsea,147.23
23,Weekend,Manhattan,Midtown Center,134.35
23,Weekend,Manhattan,Midtown South,132.69
23,Weekend,Manhattan,Murray Hill,118.12
23,Weekend,Manhattan,Upper East Side South,116.15
23,Weekend,Manhattan,Flatiron,113.35
23,Weekend,Manhattan,TriBeCa/Civic Center,111.62
23,Weekend,Manhattan,Greenwich Village North,108.23
23,Weekend,Manhattan,Midtown North,104.31
23,Weekend,Manhattan,Little Italy/NoLiTa,102.5
23,Weekend,Manhattan,Upper West Side South,100.92
23,Weekend,Manhattan,Meatpacking/West Village West,99.65
23,Weekend,Manhattan,Yorkville West,97.85
23,Weekend,Manhattan,Lenox Hill West,88.5
23,Weekend,Manhattan,Midtown East,78.62
23,Weekend,Manhattan,Kips Bay,77.04
23,Weekend,Manhattan,West Chelsea/Hudson Yards,72.27
23,Weekend,Manhattan,Sutton Place/Turtle Bay North,71.46
23,Weekend,Manhattan,SoHo,70.08
23,Weekend,Manhattan,Garment District,67.46
23,Weekend,Manhattan,Upper East Side North,59.81
23,Weekend,Manhattan,Financial District North,52.69
23,Weekend,Manhattan,Upper West Side North,49.92
23,Weekend,Manhattan,Alphabet City,42.24
23,Weekend,Manhattan,UN/Turtle Bay South,41.27
23,Weekend,Manhattan,Clinton West,40.0
23,Weekend,Manhattan,Hudson Sq,38.54
23,Weekend,Manhattan,Lincoln Square West,35.23
23,Weekend,Manhattan,Lenox Hill East,34.73
23,Weekend,Manhattan,Financial District South,25.04
23,Weekend,Brooklyn,Williamsburg (North Side),24.58
23,Weekend,Manhattan,Central Harlem,22.81
23,Weekend,Manhattan,Two Bridges/Seward Park,22.8
23,Weekend,Manhattan,Yorkville East,22.5
23,Weekend,Manhattan,East Harlem South,22.23
23,Weekend,Queens,East Elmhurst,21.73
23,Weekend,Manhattan,Manhattan Valley,21.65
23,Weekend,Manhattan,Central Park,21.54
23,Weekend,Manhattan,Morningside Heights,20.88
23,Weekend,Manhattan,Seaport,20.56
23,Weekend,Brooklyn,Greenpoint,18.59
23,Weekend,Manhattan,World Trade Center,18.42
23,Weekend,Manhattan,East Harlem North,17.88
23,Weekend,Manhattan,Central Harlem North,17.43
23,Weekend,Manhattan,Chinatown,17.19
23,Weekend,Brooklyn,Park Slope,16.83
23,Weekend,Manhattan,Stuy Town/Peter Cooper Village,16.18
23,Weekend,Queens,Astoria,16.0
23,Weekend,Manhattan,Washington Heights South,15.71
23,Weekend,Brooklyn,Williamsburg (South Side),15.68
23,Weekend,Queens,Long Island City/Hunters Point,15.58
23,Weekend,Brooklyn,Fort Greene,14.33
23,Weekend,Brooklyn,East Williamsburg,13.32
23,Weekend,Brooklyn,Boerum Hill,12.18
23,Weekend,Manhattan,Battery Park City,12.04
23,Weekend,Brooklyn,Bushwick South,11.7
23,Weekend,Brooklyn,Crown Heights North,11.65
23,Weekend,Manhattan,Bloomingdale,11.35
23,Weekend,Manhattan,Hamilton Heights,11.31
23,Weekend,Unknown,N/A,10.04
23,Weekend,Queens,Sunnyside,9.69
23,Weekend,Brooklyn,East New York,9.38
23,Weekend,Queens,Jamaica,9.08
23,Weekend,Queens,Jackson Heights,9.0
23,Weekend,Brooklyn,Bushwick North,8.58
23,Weekend,Brooklyn,Bedford,8.29
23,Weekend,Brooklyn,DUMBO/Vinegar Hill,8.08
23,Weekend,Brooklyn,Brooklyn Heights,7.8
23,Weekend,Brooklyn,Clinton Hill,7.6
23,Weekend,Queens,Long Island City/Queens Plaza,7.22
23,Weekend,Brooklyn,Prospect Heights,7.19
23,Weekend,Manhattan,Washington Heights North,7.18
23,Weekend,Manhattan,Manhattanville,7.13
23,Weekend,Queens,Elmhurst,7.0
23,Weekend,Bronx,Mott Haven/Port Morris,6.91
23,Weekend,Queens,Forest Hills,6.84
23,Weekend,Queens,Steinway,6.48
23,Weekend,Queens,South Ozone Park,6.27
23,Weekend,Brooklyn,Downtown Brooklyn/MetroTech,6.04
23,Weekend,Brooklyn,Prospect-Lefferts Gardens,5.92
23,Weekend,Queens,Woodside,5.9
23,Weekend,Brooklyn,Stuyvesant Heights,5.79
23,Weekend,Brooklyn,Flatbush/Ditmas Park,5.73
23,Weekend,Queens,Ridgewood,5.5
23,Weekend,Brooklyn,Carroll Gardens,4.89
23,Weekend,Queens,Richmond Hill,4.79
23,Weekend,Brooklyn,Canarsie,4.64
23,Weekend,Brooklyn,Brownsville,4.48
23,Weekend,Brooklyn,Gowanus,4.45
23,Weekend,Queens,Baisley Park,4.0
23,Weekend,Queens,Old Astoria,4.0
23,Weekend,Queens,Flushing,3.88
23,Weekend,Bronx,West Concourse,3.87
23,Weekend,Brooklyn,Sunset Park West,3.85
23,Weekend,Brooklyn,Cobble Hill,3.71
23,Weekend,Brooklyn,Ocean Hill,3.65
23,Weekend,Manhattan,Inwood,3.53
23,Weekend,Queens,Woodhaven,3.52
23,Weekend,Brooklyn,Bay Ridge,3.45
23,Weekend,Queens,Corona,3.39
23,Weekend,Brooklyn,Cypress Hills,3.35
23,Weekend,Brooklyn,Red Hook,3.33
23,Weekend,Brooklyn,Flatlands,3.2
23,Weekend,Queens,Springfield Gardens South,3.17
23,Weekend,Brooklyn,East Flatbush/Remsen Village,3.14
23,Weekend,Queens,Briarwood/Jamaica Hills,3.05
23,Weekend,Brooklyn,Crown Heights South,2.9
23,Weekend,Bronx,East Concourse/Concourse Village,2.89
23,Weekend,Bronx,Hunts Point,2.85
23,Weekend,Bronx,Schuylerville/Edgewater Park,2.81
23,Weekend,Brooklyn,Erasmus,2.77
23,Weekend,Queens,Elmhurst/Maspeth,2.76
23,Weekend,Bronx,Melrose South,2.75
23,Weekend,Brooklyn,East New York/Pennsylvania Avenue,2.73
23,Weekend,Bronx,Mount Hope,2.7
23,Weekend,Queens,South Jamaica,2.59
23,Weekend,Queens,North Corona,2.56
23,Weekend,Bronx,Norwood,2.47
23,Weekend,Queens,College Point,2.44
23,Weekend,Brooklyn,Borough Park,2.43
23,Weekend,Queens,Queens Village,2.41
23,Weekend,Bronx,Highbridge,2.41
23,Weekend,Queens,Maspeth,2.33
23,Weekend,Brooklyn,South Williamsburg,2.32
23,Weekend,Queens,Kew Gardens Hills,2.31
23,Weekend,Queens,Ozone Park,2.3
23,Weekend,Brooklyn,Bensonhurst West,2.3
23,Weekend,Bronx,Kingsbridge Heights,2.29
23,Weekend,Bronx,University Heights/Morris Heights,2.28
23,Weekend,Queens,Kew Gardens,2.27
23,Weekend,Queens,Glen Oaks,2.25
23,Weekend,Queens,Rego Park,2.24
23,Weekend,Queens,Queensbridge/Ravenswood,2.21
23,Weekend,Bronx,Soundview/Castle Hill,2.2
23,Weekend,Queens,Middle Village,2.19
23,Weekend,Bronx,Westchester Village/Unionport,2.18
23,Weekend,Bronx,Spuyten Duyvil/Kingsbridge,2.15
23,Weekend,Bronx,Morrisania/Melrose,2.0
23,Weekend,Brooklyn,Windsor Terrace,2.0
23,Weekend,Queens,Hammels/Arverne,2.0
23,Weekend,Brooklyn,Marine Park/Mill Basin,1.94
23,Weekend,Bronx,Williamsbridge/Olinville,1.94
23,Weekend,Queens,Saint Albans,1.94
23,Weekend,Brooklyn,Manhattan Beach,1.92
23,Weekend,Brooklyn,East Flatbush/Farragut,1.9
23,Weekend,Queens,Springfield Gardens North,1.89
23,Weekend,Queens,Glendale,1.89
23,Weekend,Queens,Rosedale,1.88
23,Weekend,Brooklyn,Coney Island,1.87
23,Weekend,Bronx,Van Cortlandt Village,1.87
23,Weekend,Queens,Jamaica Estates,1.86
23,Weekend,Queens,Laurelton,1.85
23,Weekend,Queens,Far Rockaway,1.83
23,Weekend,Brooklyn,Columbia Street,1.83
23,Weekend,Queens,Howard Beach,1.8
23,Weekend,Bronx,Woodlawn/Wakefield,1.75
23,Weekend,Bronx,Soundview/Bruckner,1.75
23,Weekend,Brooklyn,Sunset Park East,1.71
23,Weekend,Brooklyn,Starrett City,1.69
23,Weekend,Bronx,Claremont/Bathgate,1.69
23,Weekend,Queens,Whitestone,1.67
23,Weekend,Bronx,East Tremont,1.67
23,Weekend,Queens,Cambria Heights,1.67
23,Weekend,Queens,East Flushing,1.63
23,Weekend,Bronx,Parkchester,1.6
23,Weekend,Queens,Bellerose,1.6
23,Weekend,N/A,Outside of NYC,1.6
23,Weekend,Bronx,Co-Op City,1.6
23,Weekend,Bronx,Riverdale/North Riverdale/Fieldston,1.6
23,Weekend,Bronx,Van Nest/Morris Park,1.59
23,Weekend,Bronx,Pelham Parkway,1.57
23,Weekend,Bronx,Longwood,1.57
23,Weekend,Queens,Hillcrest/Pomonok,1.57
23,Weekend,Brooklyn,Midwood,1.55
23,Weekend,Brooklyn,Prospect Park,1.55
23,Weekend,Queens,Bayside,1.54
23,Weekend,Bronx,Bedford Park,1.53
23,Weekend,Brooklyn,Sheepshead Bay,1.53
23,Weekend,Bronx,West Farms/Bronx River,1.53
23,Weekend,Brooklyn,Kensington,1.47
23,Weekend,Queens,Flushing Meadows-Corona Park,1.47
23,Weekend,Bronx,Bronxdale,1.46
23,Weekend,Queens,Queensboro Hill,1.46
23,Weekend,Bronx,Belmont,1.45
23,Weekend,Brooklyn,Madison,1.44
23,Weekend,Queens,Murray Hill-Queens,1.42
23,Weekend,Queens,Oakland Gardens,1.42
23,Weekend,Staten Island,Arrochar/Fort Wadsworth,1.4
23,Weekend,Queens,Rockaway Park,1.4
23,Weekend,Bronx,Fordham South,1.4
23,Weekend,Manhattan,Highbridge Park,1.4
23,Weekend,Brooklyn,Brighton Beach,1.38
23,Weekend,Brooklyn,Brooklyn Navy Yard,1.38
23,Weekend,Brooklyn,Gravesend,1.36
23,Weekend,Queens,Fresh Meadows,1.36
23,Weekend,Bronx,Eastchester,1.36
23,Weekend,Bronx,Crotona Park East,1.36
23,Weekend,Bronx,City Island,1.33
23,Weekend,Manhattan,Roosevelt Island,1.33
23,Weekend,Manhattan,Marble Hill,1.33
23,Weekend,Bronx,Bronx Park,1.33
23,Weekend,Queens,Auburndale,1.25
23,Weekend,Brooklyn,Homecrest,1.25
23,Weekend,Manhattan,Randalls Island,1.17
23,Weekend,Brooklyn,Dyker Heights,1.17
23,Weekend,Brooklyn,Bensonhurst East,1.14
23,Weekend,Queens,Douglaston,1.13
23,Weekend,Bronx,Allerton/Pelham Gardens,1.11
23,Weekend,Bronx,Pelham Bay,1.11
23,Weekend,Manhattan,Battery Park,1.1
23,Weekend,Queens,Hollis,1.08
23,Weekend,EWR,Newark Airport,1.0
23,Weekend,Queens,Saint Michaels Cemetery/Woodside,1.0
23,Weekend,Brooklyn,Ocean Parkway South,1.0
23,Weekend,Staten Island,Stapleton,1.0
23,Weekend,Brooklyn,Bath Beach,1.0
23,Weekend,Brooklyn,Marine Park/Floyd Bennett Field,1.0
23,Weekend,Staten Island,Rossville/Woodrow,1.0
23,Weekend,Queens,Broad Channel,1.0
23,Weekend,Staten Island,New Dorp/Midland Beach,1.0
23,Weekend,Bronx,Van Cortlandt Park,1.0
23,Weekend,Manhattan,Inwood Hill Park,1.0
23,Weekend,Queens,Breezy Point/Fort Tilden/Riis Beach,1.0
23,Weekend,Queens,Bay Terrace/Fort Totten,1.0
23,Weekend,Staten Island,Saint George/New Brighton,1.0
23,Weekend,Staten Island,Heartland Village/Todt Hill,1.0
23,Weekend,Brooklyn,Green-Wood Cemetery,1.0
23,Weekend,Staten Island,South Beach/Dongan Hills,1.0
23,Weekend,Staten Island,Mariners Harbor,1.0
23,Weekend,Queens,Willets Point,1.0
23,Weekend,Bronx,Crotona Park,1.0
23,Weekend,Bronx,Pelham Bay Park,1.0
23,Weekend,Queens,Forest Park/Highland Park,1.0
23,Weekend,Staten Island,Bloomfield/Emerson Hill,1.0
