fold,test_date,pickup_hour,day_of_week,baseline,airport_group,time_block,day_type,ndcg_at_5,precision_at_5,ndcg_at_10,precision_at_10,ndcg_at_20,precision_at_20
1,2025-02-03,0,Monday,global_popularity,Airport,Overnight,Weekday,1.0,0.4,1.0,0.2,1.0,0.1
1,2025-02-03,0,Monday,global_popularity,Non-airport,Overnight,Weekday,0.38421738989810045,0.2,0.39861774730084504,0.3,0.6004051239400388,0.5
1,2025-02-03,0,Monday,zone_hour_profile,Airport,Overnight,Weekday,1.0,0.4,1.0,0.2,1.0,0.1
1,2025-02-03,0,Monday,zone_hour_profile,Non-airport,Overnight,Weekday,0.8956048675787796,0.8,0.8804458821128616,0.8,0.8733366765755698,0.6
1,2025-02-03,0,Monday,same_hour_last_week,Airport,Overnight,Weekday,1.0,0.4,1.0,0.2,1.0,0.1
1,2025-02-03,0,Monday,same_hour_last_week,Non-airport,Overnight,Weekday,0.9721190088050851,0.8,0.9455310918197877,0.9,0.916634950848055,0.65
1,2025-02-03,0,Monday,trailing_4_week_profile,Airport,Overnight,Weekday,1.0,0.4,1.0,0.2,1.0,0.1
1,2025-02-03,0,Monday,trailing_4_week_profile,Non-airport,Overnight,Weekday,0.8956048675787796,0.8,0.8804458821128616,0.8,0.8733366765755698,0.6
1,2025-02-03,1,Monday,global_popularity,Airport,Overnight,Weekday,1.0,0.4,1.0,0.2,1.0,0.1
1,2025-02-03,1,Monday,global_popularity,Non-airport,Overnight,Weekday,0.3373167947250322,0.0,0.3148916980163641,0.3,0.5308624366971586,0.5
1,2025-02-03,1,Monday,zone_hour_profile,Airport,Overnight,Weekday,1.0,0.4,1.0,0.2,1.0,0.1
1,2025-02-03,1,Monday,zone_hour_profile,Non-airport,Overnight,Weekday,0.9267804670481506,0.8,0.8911930138403212,0.7,0.8797356279034987,0.7
1,2025-02-03,1,Monday,same_hour_last_week,Airport,Overnight,Weekday,1.0,0.4,1.0,0.2,1.0,0.1
1,2025-02-03,1,Monday,same_hour_last_week,Non-airport,Overnight,Weekday,0.8215414841026806,0.6,0.8084434889059748,0.6,0.8453067976456577,0.7
1,2025-02-03,1,Monday,trailing_4_week_profile,Airport,Overnight,Weekday,1.0,0.4,1.0,0.2,1.0,0.1
1,2025-02-03,1,Monday,trailing_4_week_profile,Non-airport,Overnight,Weekday,0.9267804670481506,0.8,0.8911930138403212,0.7,0.8418712918469065,0.65
1,2025-02-03,2,Monday,global_popularity,Airport,Overnight,Weekday,1.0,0.4,1.0,0.2,1.0,0.1
1,2025-02-03,2,Monday,global_popularity,Non-airport,Overnight,Weekday,0.30500220919386317,0.4,0.29765490198081535,0.2,0.5328234889704128,0.5
1,2025-02-03,2,Monday,zone_hour_profile,Airport,Overnight,Weekday,1.0,0.4,1.0,0.2,1.0,0.1
1,2025-02-03,2,Monday,zone_hour_profile,Non-airport,Overnight,Weekday,0.38320763171250927,0.4,0.6130238238959822,0.7,0.6593632974849434,0.65
1,2025-02-03,2,Monday,same_hour_last_week,Airport,Overnight,Weekday,0.9454575645803682,0.4,0.9454575645803682,0.2,0.9454575645803682,0.1
1,2025-02-03,2,Monday,same_hour_last_week,Non-airport,Overnight,Weekday,0.8792607560778055,0.8,0.8617423401151525,0.7,0.8615445495196027,0.7
1,2025-02-03,2,Monday,trailing_4_week_profile,Airport,Overnight,Weekday,1.0,0.4,1.0,0.2,1.0,0.1
1,2025-02-03,2,Monday,trailing_4_week_profile,Non-airport,Overnight,Weekday,0.833750450799683,0.8,0.7928287823581002,0.7,0.7929033299029348,0.65
1,2025-02-03,3,Monday,global_popularity,Airport,Overnight,Weekday,1.0,0.2,1.0,0.1,1.0,0.05
1,2025-02-03,3,Monday,global_popularity,Non-airport,Overnight,Weekday,0.19111419221260656,0.2,0.1926349268933465,0.2,0.39942140883885463,0.5
1,2025-02-03,3,Monday,zone_hour_profile,Airport,Overnight,Weekday,1.0,0.2,1.0,0.1,1.0,0.05
1,2025-02-03,3,Monday,zone_hour_profile,Non-airport,Overnight,Weekday,0.6153741207545947,0.4,0.7060423561838122,0.6,0.7421986730916686,0.6
1,2025-02-03,3,Monday,same_hour_last_week,Airport,Overnight,Weekday,1.0,0.2,1.0,0.1,1.0,0.05
1,2025-02-03,3,Monday,same_hour_last_week,Non-airport,Overnight,Weekday,0.8066907801238005,0.6,0.77816874085754,0.5,0.7849420590368633,0.5
1,2025-02-03,3,Monday,trailing_4_week_profile,Airport,Overnight,Weekday,1.0,0.2,1.0,0.1,1.0,0.05
1,2025-02-03,3,Monday,trailing_4_week_profile,Non-airport,Overnight,Weekday,0.8625816818934567,0.6,0.8696392708946106,0.6,0.7774908471720628,0.4
1,2025-02-03,4,Monday,global_popularity,Airport,Overnight,Weekday,1.0,0.2,1.0,0.1,1.0,0.05
1,2025-02-03,4,Monday,global_popularity,Non-airport,Overnight,Weekday,0.4129266733119533,0.2,0.47767290711279364,0.4,0.6283718117591763,0.7
1,2025-02-03,4,Monday,zone_hour_profile,Airport,Overnight,Weekday,1.0,0.2,1.0,0.1,1.0,0.05
1,2025-02-03,4,Monday,zone_hour_profile,Non-airport,Overnight,Weekday,0.7083274698865066,0.6,0.7062432004232301,0.4,0.7181710888369305,0.6
1,2025-02-03,4,Monday,same_hour_last_week,Airport,Overnight,Weekday,1.0,0.2,1.0,0.1,1.0,0.05
1,2025-02-03,4,Monday,same_hour_last_week,Non-airport,Overnight,Weekday,0.7073809831499391,0.4,0.7167478404239561,0.4,0.7418714585905705,0.65
1,2025-02-03,4,Monday,trailing_4_week_profile,Airport,Overnight,Weekday,1.0,0.2,1.0,0.1,1.0,0.05
1,2025-02-03,4,Monday,trailing_4_week_profile,Non-airport,Overnight,Weekday,0.6812604503813208,0.6,0.6870105817913982,0.4,0.6715983623119424,0.55
1,2025-02-03,5,Monday,global_popularity,Airport,Overnight,Weekday,1.0,0.4,1.0,0.2,1.0,0.1
1,2025-02-03,5,Monday,global_popularity,Non-airport,Overnight,Weekday,0.5509602703435633,0.6,0.5933181985191971,0.5,0.7187212295350968,0.75
1,2025-02-03,5,Monday,zone_hour_profile,Airport,Overnight,Weekday,1.0,0.4,1.0,0.2,1.0,0.1
1,2025-02-03,5,Monday,zone_hour_profile,Non-airport,Overnight,Weekday,0.8671144566378817,0.6,0.8812662933771676,0.6,0.927864179553692,0.85
1,2025-02-03,5,Monday,same_hour_last_week,Airport,Overnight,Weekday,1.0,0.4,1.0,0.2,1.0,0.1
1,2025-02-03,5,Monday,same_hour_last_week,Non-airport,Overnight,Weekday,0.8721145906954083,0.6,0.8412154318402294,0.6,0.9180874416332043,0.8
1,2025-02-03,5,Monday,trailing_4_week_profile,Airport,Overnight,Weekday,1.0,0.4,1.0,0.2,1.0,0.1
1,2025-02-03,5,Monday,trailing_4_week_profile,Non-airport,Overnight,Weekday,0.8671144566378817,0.6,0.8812662933771676,0.6,0.927864179553692,0.85
1,2025-02-03,6,Monday,global_popularity,Airport,Morning,Weekday,1.0,0.2,1.0,0.1,1.0,0.05
1,2025-02-03,6,Monday,global_popularity,Non-airport,Morning,Weekday,0.7077256259252047,0.4,0.6832016218841163,0.4,0.7736367824639331,0.7
1,2025-02-03,6,Monday,zone_hour_profile,Airport,Morning,Weekday,1.0,0.2,1.0,0.1,1.0,0.05
1,2025-02-03,6,Monday,zone_hour_profile,Non-airport,Morning,Weekday,0.9226699338741293,0.6,0.9719537727450873,1.0,0.9649277169348838,0.85
1,2025-02-03,6,Monday,same_hour_last_week,Airport,Morning,Weekday,1.0,0.2,1.0,0.1,1.0,0.05
1,2025-02-03,6,Monday,same_hour_last_week,Non-airport,Morning,Weekday,0.9683912981565861,0.6,0.9317036899762036,0.8,0.9721616482527712,0.85
1,2025-02-03,6,Monday,trailing_4_week_profile,Airport,Morning,Weekday,1.0,0.2,1.0,0.1,1.0,0.05
1,2025-02-03,6,Monday,trailing_4_week_profile,Non-airport,Morning,Weekday,0.9226699338741293,0.6,0.9719537727450873,1.0,0.9649277169348838,0.85
1,2025-02-03,7,Monday,global_popularity,Airport,Morning,Weekday,1.0,0.4,1.0,0.2,1.0,0.1
1,2025-02-03,7,Monday,global_popularity,Non-airport,Morning,Weekday,0.750692944866403,0.4,0.7813048498948003,0.6,0.8240740917845812,0.7
1,2025-02-03,7,Monday,zone_hour_profile,Airport,Morning,Weekday,1.0,0.4,1.0,0.2,1.0,0.1
1,2025-02-03,7,Monday,zone_hour_profile,Non-airport,Morning,Weekday,0.9753653176113275,0.8,0.9867208672824892,1.0,0.9835738663356444,0.9
1,2025-02-03,7,Monday,same_hour_last_week,Airport,Morning,Weekday,1.0,0.4,1.0,0.2,1.0,0.1
1,2025-02-03,7,Monday,same_hour_last_week,Non-airport,Morning,Weekday,0.9753653176113275,0.8,0.9833344783522097,0.9,0.9835562825340518,0.9
1,2025-02-03,7,Monday,trailing_4_week_profile,Airport,Morning,Weekday,1.0,0.4,1.0,0.2,1.0,0.1
1,2025-02-03,7,Monday,trailing_4_week_profile,Non-airport,Morning,Weekday,0.9753653176113275,0.8,0.9867208672824892,1.0,0.9835738663356444,0.9
1,2025-02-03,8,Monday,global_popularity,Airport,Morning,Weekday,1.0,0.4,1.0,0.2,1.0,0.1
1,2025-02-03,8,Monday,global_popularity,Non-airport,Morning,Weekday,0.8080358766007545,0.6,0.8171027381283696,0.6,0.8578705152214787,0.8
1,2025-02-03,8,Monday,zone_hour_profile,Airport,Morning,Weekday,1.0,0.4,1.0,0.2,1.0,0.1
1,2025-02-03,8,Monday,zone_hour_profile,Non-airport,Morning,Weekday,0.9969325615886466,0.8,0.9952268466156791,0.9,0.9932955031161027,0.95
1,2025-02-03,8,Monday,same_hour_last_week,Airport,Morning,Weekday,1.0,0.4,1.0,0.2,1.0,0.1
1,2025-02-03,8,Monday,same_hour_last_week,Non-airport,Morning,Weekday,0.9969325615886466,0.8,0.987178265082504,0.9,0.9903972369566296,0.9
1,2025-02-03,8,Monday,trailing_4_week_profile,Airport,Morning,Weekday,1.0,0.4,1.0,0.2,1.0,0.1
1,2025-02-03,8,Monday,trailing_4_week_profile,Non-airport,Morning,Weekday,0.9969325615886466,0.8,0.9952268466156791,0.9,0.9932955031161027,0.95
1,2025-02-03,9,Monday,global_popularity,Airport,Morning,Weekday,0.9338391340727517,0.4,0.9338391340727517,0.2,0.9338391340727517,0.1
1,2025-02-03,9,Monday,global_popularity,Non-airport,Morning,Weekday,0.9166178249776947,0.8,0.9038472983495938,0.7,0.9210716146884227,0.8
1,2025-02-03,9,Monday,zone_hour_profile,Airport,Morning,Weekday,1.0,0.4,1.0,0.2,1.0,0.1
1,2025-02-03,9,Monday,zone_hour_profile,Non-airport,Morning,Weekday,0.9795222007083504,0.8,0.9764527190321002,0.8,0.9924106279286983,0.95
1,2025-02-03,9,Monday,same_hour_last_week,Airport,Morning,Weekday,1.0,0.4,1.0,0.2,1.0,0.1
1,2025-02-03,9,Monday,same_hour_last_week,Non-airport,Morning,Weekday,0.9930927991334692,1.0,0.9758504255631472,0.8,0.9914766838039845,0.95
1,2025-02-03,9,Monday,trailing_4_week_profile,Airport,Morning,Weekday,1.0,0.4,1.0,0.2,1.0,0.1
1,2025-02-03,9,Monday,trailing_4_week_profile,Non-airport,Morning,Weekday,0.9795222007083504,0.8,0.9764527190321002,0.8,0.9924106279286983,0.95
1,2025-02-03,10,Monday,global_popularity,Airport,Midday,Weekday,0.9359110421937338,0.4,0.9359110421937338,0.2,0.9359110421937338,0.1
1,2025-02-03,10,Monday,global_popularity,Non-airport,Midday,Weekday,0.9449756076685228,0.8,0.9290768419342006,0.8,0.9420606955857276,0.9
1,2025-02-03,10,Monday,zone_hour_profile,Airport,Midday,Weekday,1.0,0.4,1.0,0.2,1.0,0.1
1,2025-02-03,10,Monday,zone_hour_profile,Non-airport,Midday,Weekday,0.9636070197586288,0.8,0.9644596876386733,0.7,0.9785734654538353,0.9
1,2025-02-03,10,Monday,same_hour_last_week,Airport,Midday,Weekday,1.0,0.4,1.0,0.2,1.0,0.1
1,2025-02-03,10,Monday,same_hour_last_week,Non-airport,Midday,Weekday,0.9610663653450453,0.8,0.9640165240646549,0.7,0.978288277932239,0.9
1,2025-02-03,10,Monday,trailing_4_week_profile,Airport,Midday,Weekday,1.0,0.4,1.0,0.2,1.0,0.1
1,2025-02-03,10,Monday,trailing_4_week_profile,Non-airport,Midday,Weekday,0.9636070197586288,0.8,0.9644596876386733,0.7,0.9785734654538353,0.9
1,2025-02-03,11,Monday,global_popularity,Airport,Midday,Weekday,0.9492803965366299,0.4,0.9492803965366299,0.2,0.9492803965366299,0.1
1,2025-02-03,11,Monday,global_popularity,Non-airport,Midday,Weekday,0.9287409423906002,0.8,0.9105106727527831,0.7,0.9336066151786508,0.8
1,2025-02-03,11,Monday,zone_hour_profile,Airport,Midday,Weekday,0.9492803965366299,0.4,0.9492803965366299,0.2,0.9492803965366299,0.1
1,2025-02-03,11,Monday,zone_hour_profile,Non-airport,Midday,Weekday,0.9868639758018447,0.8,0.9840721614023175,0.8,0.9888025912993106,0.9
1,2025-02-03,11,Monday,same_hour_last_week,Airport,Midday,Weekday,1.0,0.4,1.0,0.2,1.0,0.1
1,2025-02-03,11,Monday,same_hour_last_week,Non-airport,Midday,Weekday,0.996388912071335,0.8,0.9707136966213654,0.8,0.9812539770228487,0.85
1,2025-02-03,11,Monday,trailing_4_week_profile,Airport,Midday,Weekday,0.9492803965366299,0.4,0.9492803965366299,0.2,0.9492803965366299,0.1
1,2025-02-03,11,Monday,trailing_4_week_profile,Non-airport,Midday,Weekday,0.9868639758018447,0.8,0.9840721614023175,0.8,0.9888025912993106,0.9
1,2025-02-03,12,Monday,global_popularity,Airport,Midday,Weekday,1.0,0.4,1.0,0.2,1.0,0.1
1,2025-02-03,12,Monday,global_popularity,Non-airport,Midday,Weekday,0.9605925714090574,0.6,0.9611256413764951,0.8,0.9541055148835098,0.8
1,2025-02-03,12,Monday,zone_hour_profile,Airport,Midday,Weekday,0.9468868855656383,0.4,0.9468868855656383,0.2,0.9468868855656383,0.1
1,2025-02-03,12,Monday,zone_hour_profile,Non-airport,Midday,Weekday,0.9661164393649779,0.6,0.9848416234068681,0.9,0.9915620508664637,0.95
1,2025-02-03,12,Monday,same_hour_last_week,Airport,Midday,Weekday,0.9468868855656383,0.4,0.9468868855656383,0.2,0.9468868855656383,0.1
1,2025-02-03,12,Monday,same_hour_last_week,Non-airport,Midday,Weekday,0.9773797746690344,0.8,0.9764925888132315,0.8,0.9838744627534131,0.9
1,2025-02-03,12,Monday,trailing_4_week_profile,Airport,Midday,Weekday,0.9468868855656383,0.4,0.9468868855656383,0.2,0.9468868855656383,0.1
1,2025-02-03,12,Monday,trailing_4_week_profile,Non-airport,Midday,Weekday,0.9661164393649779,0.6,0.9848416234068681,0.9,0.9915620508664637,0.95
1,2025-02-03,13,Monday,global_popularity,Airport,Midday,Weekday,1.0,0.4,1.0,0.2,1.0,0.1
1,2025-02-03,13,Monday,global_popularity,Non-airport,Midday,Weekday,0.9772783173719608,1.0,0.9522540388372835,0.8,0.9509505385810334,0.85
1,2025-02-03,13,Monday,zone_hour_profile,Airport,Midday,Weekday,0.9502101991352294,0.4,0.9502101991352294,0.2,0.9502101991352294,0.1
1,2025-02-03,13,Monday,zone_hour_profile,Non-airport,Midday,Weekday,0.9583752944930223,0.8,0.9413229607550913,0.8,0.9701265769918618,0.95
1,2025-02-03,13,Monday,same_hour_last_week,Airport,Midday,Weekday,1.0,0.4,1.0,0.2,1.0,0.1
1,2025-02-03,13,Monday,same_hour_last_week,Non-airport,Midday,Weekday,0.928663167681375,0.6,0.937308624752163,0.8,0.9580779115326187,0.9
1,2025-02-03,13,Monday,trailing_4_week_profile,Airport,Midday,Weekday,0.9502101991352294,0.4,0.9502101991352294,0.2,0.9502101991352294,0.1
1,2025-02-03,13,Monday,trailing_4_week_profile,Non-airport,Midday,Weekday,0.9583752944930223,0.8,0.9413229607550913,0.8,0.9701265769918618,0.95
1,2025-02-03,14,Monday,global_popularity,Airport,Midday,Weekday,1.0,0.4,1.0,0.2,1.0,0.1
1,2025-02-03,14,Monday,global_popularity,Non-airport,Midday,Weekday,0.95979806382793,0.8,0.9565947697855944,0.7,0.9563030752953187,0.85
1,2025-02-03,14,Monday,zone_hour_profile,Airport,Midday,Weekday,1.0,0.4,1.0,0.2,1.0,0.1
1,2025-02-03,14,Monday,zone_hour_profile,Non-airport,Midday,Weekday,0.9575472533882385,0.8,0.9599023893518575,0.8,0.9729517516462177,0.9
1,2025-02-03,14,Monday,same_hour_last_week,Airport,Midday,Weekday,1.0,0.4,1.0,0.2,1.0,0.1
1,2025-02-03,14,Monday,same_hour_last_week,Non-airport,Midday,Weekday,0.9575472533882385,0.8,0.9585734069590387,0.8,0.9671665411549273,0.9
1,2025-02-03,14,Monday,trailing_4_week_profile,Airport,Midday,Weekday,1.0,0.4,1.0,0.2,1.0,0.1
1,2025-02-03,14,Monday,trailing_4_week_profile,Non-airport,Midday,Weekday,0.9575472533882385,0.8,0.9599023893518575,0.8,0.9729517516462177,0.9
1,2025-02-03,15,Monday,global_popularity,Airport,Midday,Weekday,1.0,0.4,1.0,0.2,1.0,0.1
1,2025-02-03,15,Monday,global_popularity,Non-airport,Midday,Weekday,0.9212562890956074,0.6,0.9256250427826278,0.7,0.9251607771938575,0.85
1,2025-02-03,15,Monday,zone_hour_profile,Airport,Midday,Weekday,1.0,0.4,1.0,0.2,1.0,0.1
1,2025-02-03,15,Monday,zone_hour_profile,Non-airport,Midday,Weekday,0.9511643911323588,0.8,0.9674950532438665,0.8,0.9853059174908714,0.95
1,2025-02-03,15,Monday,same_hour_last_week,Airport,Midday,Weekday,1.0,0.4,1.0,0.2,1.0,0.1
1,2025-02-03,15,Monday,same_hour_last_week,Non-airport,Midday,Weekday,0.9965512864252526,1.0,0.9614602528961995,0.7,0.9774289066755012,0.9
1,2025-02-03,15,Monday,trailing_4_week_profile,Airport,Midday,Weekday,1.0,0.4,1.0,0.2,1.0,0.1
1,2025-02-03,15,Monday,trailing_4_week_profile,Non-airport,Midday,Weekday,0.9511643911323588,0.8,0.9674950532438665,0.8,0.9853059174908714,0.95
1,2025-02-03,16,Monday,global_popularity,Airport,Evening,Weekday,1.0,0.4,1.0,0.2,1.0,0.1
1,2025-02-03,16,Monday,global_popularity,Non-airport,Evening,Weekday,0.9547170381837636,0.8,0.9617676533237389,0.7,0.9504723973994713,0.8
1,2025-02-03,16,Monday,zone_hour_profile,Airport,Evening,Weekday,1.0,0.4,1.0,0.2,1.0,0.1
1,2025-02-03,16,Monday,zone_hour_profile,Non-airport,Evening,Weekday,0.964157371982971,0.8,0.9543839867504258,0.8,0.9773901260463287,0.95
1,2025-02-03,16,Monday,same_hour_last_week,Airport,Evening,Weekday,1.0,0.4,1.0,0.2,1.0,0.1
1,2025-02-03,16,Monday,same_hour_last_week,Non-airport,Evening,Weekday,0.964157371982971,0.8,0.9391469459913868,0.7,0.9723200295960708,0.95
1,2025-02-03,16,Monday,trailing_4_week_profile,Airport,Evening,Weekday,1.0,0.4,1.0,0.2,1.0,0.1
1,2025-02-03,16,Monday,trailing_4_week_profile,Non-airport,Evening,Weekday,0.964157371982971,0.8,0.9543839867504258,0.8,0.9773901260463287,0.95
1,2025-02-03,17,Monday,global_popularity,Airport,Evening,Weekday,1.0,0.4,1.0,0.2,1.0,0.1
1,2025-02-03,17,Monday,global_popularity,Non-airport,Evening,Weekday,0.844434660665366,0.6,0.905481242867838,0.7,0.9030179958932572,0.8
1,2025-02-03,17,Monday,zone_hour_profile,Airport,Evening,Weekday,1.0,0.4,1.0,0.2,1.0,0.1
1,2025-02-03,17,Monday,zone_hour_profile,Non-airport,Evening,Weekday,0.9860534325425021,0.8,0.9684234850258818,0.7,0.984173780182274,0.9
1,2025-02-03,17,Monday,same_hour_last_week,Airport,Evening,Weekday,1.0,0.4,1.0,0.2,1.0,0.1
1,2025-02-03,17,Monday,same_hour_last_week,Non-airport,Evening,Weekday,0.9877562215410813,0.8,0.9762381547134492,0.8,0.9850920279038535,0.9
1,2025-02-03,17,Monday,trailing_4_week_profile,Airport,Evening,Weekday,1.0,0.4,1.0,0.2,1.0,0.1
1,2025-02-03,17,Monday,trailing_4_week_profile,Non-airport,Evening,Weekday,0.9860534325425021,0.8,0.9684234850258818,0.7,0.984173780182274,0.9
1,2025-02-03,18,Monday,global_popularity,Airport,Evening,Weekday,1.0,0.4,1.0,0.2,1.0,0.1
1,2025-02-03,18,Monday,global_popularity,Non-airport,Evening,Weekday,0.829148049975575,0.6,0.9006369746568231,0.7,0.9058917201656277,0.9
1,2025-02-03,18,Monday,zone_hour_profile,Airport,Evening,Weekday,1.0,0.4,1.0,0.2,1.0,0.1
1,2025-02-03,18,Monday,zone_hour_profile,Non-airport,Evening,Weekday,1.0,1.0,0.9823999818778731,0.8,0.9908177949685882,0.95
1,2025-02-03,18,Monday,same_hour_last_week,Airport,Evening,Weekday,1.0,0.4,1.0,0.2,1.0,0.1
1,2025-02-03,18,Monday,same_hour_last_week,Non-airport,Evening,Weekday,1.0,1.0,0.9841682185289724,0.8,0.9895325393885229,0.95
1,2025-02-03,18,Monday,trailing_4_week_profile,Airport,Evening,Weekday,1.0,0.4,1.0,0.2,1.0,0.1
1,2025-02-03,18,Monday,trailing_4_week_profile,Non-airport,Evening,Weekday,1.0,1.0,0.9823999818778731,0.8,0.9908177949685882,0.95
1,2025-02-03,19,Monday,global_popularity,Airport,Evening,Weekday,1.0,0.4,1.0,0.2,1.0,0.1
1,2025-02-03,19,Monday,global_popularity,Non-airport,Evening,Weekday,0.8204853923822172,0.6,0.8844091588600762,0.8,0.8982363280073019,0.85
1,2025-02-03,19,Monday,zone_hour_profile,Airport,Evening,Weekday,1.0,0.4,1.0,0.2,1.0,0.1
1,2025-02-03,19,Monday,zone_hour_profile,Non-airport,Evening,Weekday,0.9866207242539402,0.8,0.982919782593193,0.8,0.9811396717173727,0.9
1,2025-02-03,19,Monday,same_hour_last_week,Airport,Evening,Weekday,1.0,0.4,1.0,0.2,1.0,0.1
1,2025-02-03,19,Monday,same_hour_last_week,Non-airport,Evening,Weekday,0.9866207242539402,0.8,0.9894489320260642,0.8,0.9842861923351504,0.9
1,2025-02-03,19,Monday,trailing_4_week_profile,Airport,Evening,Weekday,1.0,0.4,1.0,0.2,1.0,0.1
1,2025-02-03,19,Monday,trailing_4_week_profile,Non-airport,Evening,Weekday,0.9866207242539402,0.8,0.982919782593193,0.8,0.9811396717173727,0.9
1,2025-02-03,20,Monday,global_popularity,Airport,Evening,Weekday,1.0,0.4,1.0,0.2,1.0,0.1
1,2025-02-03,20,Monday,global_popularity,Non-airport,Evening,Weekday,0.8992790354390878,0.8,0.9333520995421141,0.9,0.943606788715795,0.9
1,2025-02-03,20,Monday,zone_hour_profile,Airport,Evening,Weekday,1.0,0.4,1.0,0.2,1.0,0.1
1,2025-02-03,20,Monday,zone_hour_profile,Non-airport,Evening,Weekday,0.9873796217917439,0.8,0.9930571479230824,0.9,0.9887938757433102,0.9
1,2025-02-03,20,Monday,same_hour_last_week,Airport,Evening,Weekday,1.0,0.4,1.0,0.2,1.0,0.1
1,2025-02-03,20,Monday,same_hour_last_week,Non-airport,Evening,Weekday,0.9920168832838834,0.8,0.9931420370402398,0.9,0.9852817542338288,0.85
1,2025-02-03,20,Monday,trailing_4_week_profile,Airport,Evening,Weekday,1.0,0.4,1.0,0.2,1.0,0.1
1,2025-02-03,20,Monday,trailing_4_week_profile,Non-airport,Evening,Weekday,0.9873796217917439,0.8,0.9930571479230824,0.9,0.9887938757433102,0.9
1,2025-02-03,21,Monday,global_popularity,Airport,Late evening,Weekday,1.0,0.4,1.0,0.2,1.0,0.1
1,2025-02-03,21,Monday,global_popularity,Non-airport,Late evening,Weekday,0.8651321621250512,0.8,0.9029086151399378,0.8,0.921734473255448,0.8
1,2025-02-03,21,Monday,zone_hour_profile,Airport,Late evening,Weekday,1.0,0.4,1.0,0.2,1.0,0.1
1,2025-02-03,21,Monday,zone_hour_profile,Non-airport,Late evening,Weekday,0.9830061061195664,1.0,0.9867568125158955,1.0,0.981430192393564,0.85
1,2025-02-03,21,Monday,same_hour_last_week,Airport,Late evening,Weekday,0.8459080606321152,0.4,0.8459080606321152,0.2,0.8459080606321152,0.1
1,2025-02-03,21,Monday,same_hour_last_week,Non-airport,Late evening,Weekday,0.9661552312731444,0.8,0.986870222228167,1.0,0.9840246623193627,0.85
1,2025-02-03,21,Monday,trailing_4_week_profile,Airport,Late evening,Weekday,1.0,0.4,1.0,0.2,1.0,0.1
1,2025-02-03,21,Monday,trailing_4_week_profile,Non-airport,Late evening,Weekday,0.9830061061195664,1.0,0.9867568125158955,1.0,0.981430192393564,0.85
1,2025-02-03,22,Monday,global_popularity,Airport,Late evening,Weekday,1.0,0.4,1.0,0.2,1.0,0.1
1,2025-02-03,22,Monday,global_popularity,Non-airport,Late evening,Weekday,0.7110695322651637,0.6,0.7263732031060831,0.7,0.802615243840111,0.8
1,2025-02-03,22,Monday,zone_hour_profile,Airport,Late evening,Weekday,1.0,0.4,1.0,0.2,1.0,0.1
1,2025-02-03,22,Monday,zone_hour_profile,Non-airport,Late evening,Weekday,0.9846121968129248,0.8,0.9766112994790995,0.9,0.9878102673940644,0.9
1,2025-02-03,22,Monday,same_hour_last_week,Airport,Late evening,Weekday,1.0,0.4,1.0,0.2,1.0,0.1
1,2025-02-03,22,Monday,same_hour_last_week,Non-airport,Late evening,Weekday,0.9695213934286707,0.8,0.9868913593785366,0.9,0.9850189895127194,0.95
1,2025-02-03,22,Monday,trailing_4_week_profile,Airport,Late evening,Weekday,1.0,0.4,1.0,0.2,1.0,0.1
1,2025-02-03,22,Monday,trailing_4_week_profile,Non-airport,Late evening,Weekday,0.9846121968129248,0.8,0.9766112994790995,0.9,0.9878102673940644,0.9
1,2025-02-03,23,Monday,global_popularity,Airport,Late evening,Weekday,1.0,0.4,1.0,0.2,1.0,0.1
1,2025-02-03,23,Monday,global_popularity,Non-airport,Late evening,Weekday,0.6837014572847762,0.6,0.7024180460254273,0.5,0.7731344411314663,0.7
1,2025-02-03,23,Monday,zone_hour_profile,Airport,Late evening,Weekday,1.0,0.4,1.0,0.2,1.0,0.1
1,2025-02-03,23,Monday,zone_hour_profile,Non-airport,Late evening,Weekday,0.9367912201145795,0.8,0.9271937320765758,0.9,0.9280109144406317,0.85
1,2025-02-03,23,Monday,same_hour_last_week,Airport,Late evening,Weekday,1.0,0.4,1.0,0.2,1.0,0.1
1,2025-02-03,23,Monday,same_hour_last_week,Non-airport,Late evening,Weekday,0.9306759615502453,0.8,0.9594393892748909,0.9,0.9407927685497235,0.8
1,2025-02-03,23,Monday,trailing_4_week_profile,Airport,Late evening,Weekday,1.0,0.4,1.0,0.2,1.0,0.1
1,2025-02-03,23,Monday,trailing_4_week_profile,Non-airport,Late evening,Weekday,0.9367912201145795,0.8,0.9271937320765758,0.9,0.9280109144406317,0.85
1,2025-02-04,0,Tuesday,global_popularity,Airport,Overnight,Weekday,1.0,0.4,1.0,0.2,1.0,0.1
1,2025-02-04,0,Tuesday,global_popularity,Non-airport,Overnight,Weekday,0.6192980935133818,0.4,0.6122015744991852,0.4,0.7410083844143934,0.75
1,2025-02-04,0,Tuesday,zone_hour_profile,Airport,Overnight,Weekday,1.0,0.4,1.0,0.2,1.0,0.1
1,2025-02-04,0,Tuesday,zone_hour_profile,Non-airport,Overnight,Weekday,0.8769114123861549,0.4,0.9348140907537301,0.8,0.9256324935875397,0.8
1,2025-02-04,0,Tuesday,same_hour_last_week,Airport,Overnight,Weekday,1.0,0.4,1.0,0.2,1.0,0.1
1,2025-02-04,0,Tuesday,same_hour_last_week,Non-airport,Overnight,Weekday,0.8550659710187547,0.6,0.8978740950702814,0.8,0.9144497588012779,0.85
1,2025-02-04,0,Tuesday,trailing_4_week_profile,Airport,Overnight,Weekday,1.0,0.4,1.0,0.2,1.0,0.1
1,2025-02-04,0,Tuesday,trailing_4_week_profile,Non-airport,Overnight,Weekday,0.8769114123861549,0.4,0.9348140907537301,0.8,0.9256324935875397,0.8
1,2025-02-04,1,Tuesday,global_popularity,Airport,Overnight,Weekday,1.0,0.2,1.0,0.1,1.0,0.05
1,2025-02-04,1,Tuesday,global_popularity,Non-airport,Overnight,Weekday,0.3566432287113174,0.2,0.4275634825312987,0.4,0.6346905706463734,0.65
1,2025-02-04,1,Tuesday,zone_hour_profile,Airport,Overnight,Weekday,1.0,0.2,1.0,0.1,1.0,0.05
1,2025-02-04,1,Tuesday,zone_hour_profile,Non-airport,Overnight,Weekday,0.5095766056908649,0.4,0.6290426953682589,0.6,0.7211804916014362,0.75
1,2025-02-04,1,Tuesday,same_hour_last_week,Airport,Overnight,Weekday,1.0,0.2,1.0,0.1,1.0,0.05
1,2025-02-04,1,Tuesday,same_hour_last_week,Non-airport,Overnight,Weekday,0.6443681705242117,0.2,0.8191030017449669,0.8,0.8295258900237497,0.8
1,2025-02-04,1,Tuesday,trailing_4_week_profile,Airport,Overnight,Weekday,1.0,0.2,1.0,0.1,1.0,0.05
1,2025-02-04,1,Tuesday,trailing_4_week_profile,Non-airport,Overnight,Weekday,0.798737560700289,0.6,0.8372325389314567,0.8,0.8663129781809187,0.8
1,2025-02-04,2,Tuesday,global_popularity,Airport,Overnight,Weekday,1.0,0.4,1.0,0.2,1.0,0.1
1,2025-02-04,2,Tuesday,global_popularity,Non-airport,Overnight,Weekday,0.29616110691218567,0.2,0.3012532009615952,0.2,0.5535419728964881,0.55
1,2025-02-04,2,Tuesday,zone_hour_profile,Airport,Overnight,Weekday,1.0,0.4,1.0,0.2,1.0,0.1
1,2025-02-04,2,Tuesday,zone_hour_profile,Non-airport,Overnight,Weekday,0.33830112125786543,0.4,0.5715449858408073,0.6,0.6246189713648869,0.65
1,2025-02-04,2,Tuesday,same_hour_last_week,Airport,Overnight,Weekday,0.9838736896249268,0.4,0.9838736896249268,0.2,0.9838736896249268,0.1
1,2025-02-04,2,Tuesday,same_hour_last_week,Non-airport,Overnight,Weekday,0.852939078584059,0.6,0.8121663302162677,0.6,0.8281043140863021,0.7
1,2025-02-04,2,Tuesday,trailing_4_week_profile,Airport,Overnight,Weekday,1.0,0.4,1.0,0.2,1.0,0.1
1,2025-02-04,2,Tuesday,trailing_4_week_profile,Non-airport,Overnight,Weekday,0.9049613149337912,0.8,0.8913357151251685,0.7,0.9093148943200666,0.75
1,2025-02-04,3,Tuesday,global_popularity,Airport,Overnight,Weekday,1.0,0.2,1.0,0.1,1.0,0.05
1,2025-02-04,3,Tuesday,global_popularity,Non-airport,Overnight,Weekday,0.1974871055811346,0.0,0.24288744803821533,0.2,0.5076982127092156,0.55
1,2025-02-04,3,Tuesday,zone_hour_profile,Airport,Overnight,Weekday,1.0,0.2,1.0,0.1,1.0,0.05
1,2025-02-04,3,Tuesday,zone_hour_profile,Non-airport,Overnight,Weekday,0.27952628028745263,0.4,0.47760979798508885,0.5,0.4875299198976871,0.4
1,2025-02-04,3,Tuesday,same_hour_last_week,Airport,Overnight,Weekday,1.0,0.2,1.0,0.1,1.0,0.05
1,2025-02-04,3,Tuesday,same_hour_last_week,Non-airport,Overnight,Weekday,0.8518527929640471,0.8,0.7581248099465261,0.6,0.7752181812702402,0.6
1,2025-02-04,3,Tuesday,trailing_4_week_profile,Airport,Overnight,Weekday,1.0,0.2,1.0,0.1,1.0,0.05
1,2025-02-04,3,Tuesday,trailing_4_week_profile,Non-airport,Overnight,Weekday,0.7998103135709258,0.6,0.7811294587130315,0.5,0.7910653871787999,0.65
1,2025-02-04,4,Tuesday,global_popularity,Airport,Overnight,Weekday,1.0,0.4,1.0,0.2,1.0,0.1
1,2025-02-04,4,Tuesday,global_popularity,Non-airport,Overnight,Weekday,0.4611907610040982,0.2,0.5119677581684335,0.4,0.6195124311925486,0.55
1,2025-02-04,4,Tuesday,zone_hour_profile,Airport,Overnight,Weekday,1.0,0.4,1.0,0.2,1.0,0.1
1,2025-02-04,4,Tuesday,zone_hour_profile,Non-airport,Overnight,Weekday,0.4232984912595529,0.6,0.44038740948713245,0.4,0.523696947828788,0.45
1,2025-02-04,4,Tuesday,same_hour_last_week,Airport,Overnight,Weekday,1.0,0.4,1.0,0.2,1.0,0.1
1,2025-02-04,4,Tuesday,same_hour_last_week,Non-airport,Overnight,Weekday,0.67810169090453,0.6,0.6657490339605533,0.4,0.7612207941797552,0.55
1,2025-02-04,4,Tuesday,trailing_4_week_profile,Airport,Overnight,Weekday,1.0,0.4,1.0,0.2,1.0,0.1
1,2025-02-04,4,Tuesday,trailing_4_week_profile,Non-airport,Overnight,Weekday,0.6808500083189915,0.6,0.6658131222036706,0.4,0.7179144617724322,0.55
1,2025-02-04,5,Tuesday,global_popularity,Airport,Overnight,Weekday,1.0,0.4,1.0,0.2,1.0,0.1
1,2025-02-04,5,Tuesday,global_popularity,Non-airport,Overnight,Weekday,0.4721212897469684,0.2,0.489433641367258,0.5,0.5854282515344313,0.7
1,2025-02-04,5,Tuesday,zone_hour_profile,Airport,Overnight,Weekday,1.0,0.4,1.0,0.2,1.0,0.1
1,2025-02-04,5,Tuesday,zone_hour_profile,Non-airport,Overnight,Weekday,0.8815618054350574,0.6,0.9391914943932829,0.8,0.9392434092757349,0.85
1,2025-02-04,5,Tuesday,same_hour_last_week,Airport,Overnight,Weekday,1.0,0.4,1.0,0.2,1.0,0.1
1,2025-02-04,5,Tuesday,same_hour_last_week,Non-airport,Overnight,Weekday,0.8715755804618618,0.6,0.8631900200222532,0.7,0.915743383479908,0.8
1,2025-02-04,5,Tuesday,trailing_4_week_profile,Airport,Overnight,Weekday,1.0,0.4,1.0,0.2,1.0,0.1
1,2025-02-04,5,Tuesday,trailing_4_week_profile,Non-airport,Overnight,Weekday,0.8815618054350574,0.6,0.9391914943932829,0.8,0.9392434092757349,0.85
1,2025-02-04,6,Tuesday,global_popularity,Airport,Morning,Weekday,1.0,0.4,1.0,0.2,1.0,0.1
1,2025-02-04,6,Tuesday,global_popularity,Non-airport,Morning,Weekday,0.6121654035538119,0.4,0.6026179229509463,0.4,0.7101825689337931,0.65
1,2025-02-04,6,Tuesday,zone_hour_profile,Airport,Morning,Weekday,1.0,0.4,1.0,0.2,1.0,0.1
1,2025-02-04,6,Tuesday,zone_hour_profile,Non-airport,Morning,Weekday,0.9908346416074066,0.8,0.9713783620466505,0.9,0.9811732334891756,0.85
1,2025-02-04,6,Tuesday,same_hour_last_week,Airport,Morning,Weekday,0.9979610379889331,0.4,0.9979610379889331,0.2,0.9979610379889331,0.1
1,2025-02-04,6,Tuesday,same_hour_last_week,Non-airport,Morning,Weekday,0.9926479343874474,0.8,0.9663231908465482,0.9,0.9644848702937524,0.8
1,2025-02-04,6,Tuesday,trailing_4_week_profile,Airport,Morning,Weekday,1.0,0.4,1.0,0.2,1.0,0.1
1,2025-02-04,6,Tuesday,trailing_4_week_profile,Non-airport,Morning,Weekday,0.9908346416074066,0.8,0.9713783620466505,0.9,0.9811732334891756,0.85
1,2025-02-04,7,Tuesday,global_popularity,Airport,Morning,Weekday,1.0,0.4,1.0,0.2,1.0,0.1
1,2025-02-04,7,Tuesday,global_popularity,Non-airport,Morning,Weekday,0.7587520405146408,0.6,0.8011350334432332,0.6,0.8425332208975264,0.75
1,2025-02-04,7,Tuesday,zone_hour_profile,Airport,Morning,Weekday,1.0,0.4,1.0,0.2,1.0,0.1
1,2025-02-04,7,Tuesday,zone_hour_profile,Non-airport,Morning,Weekday,0.940523587770705,0.6,0.9634278255105745,0.8,0.9803686445604042,0.95
1,2025-02-04,7,Tuesday,same_hour_last_week,Airport,Morning,Weekday,1.0,0.4,1.0,0.2,1.0,0.1
1,2025-02-04,7,Tuesday,same_hour_last_week,Non-airport,Morning,Weekday,0.9363842414985016,0.6,0.9589543084418598,0.8,0.9836654066282055,0.95
1,2025-02-04,7,Tuesday,trailing_4_week_profile,Airport,Morning,Weekday,1.0,0.4,1.0,0.2,1.0,0.1
1,2025-02-04,7,Tuesday,trailing_4_week_profile,Non-airport,Morning,Weekday,0.940523587770705,0.6,0.9634278255105745,0.8,0.9803686445604042,0.95
1,2025-02-04,8,Tuesday,global_popularity,Airport,Morning,Weekday,0.9932568221904452,0.4,0.9932568221904452,0.2,0.9932568221904452,0.1
1,2025-02-04,8,Tuesday,global_popularity,Non-airport,Morning,Weekday,0.7687751672810694,0.6,0.8102715547683466,0.6,0.8652419385217105,0.8
1,2025-02-04,8,Tuesday,zone_hour_profile,Airport,Morning,Weekday,0.9932568221904452,0.4,0.9932568221904452,0.2,0.9932568221904452,0.1
1,2025-02-04,8,Tuesday,zone_hour_profile,Non-airport,Morning,Weekday,0.9613654006730908,0.8,0.9854563983601037,1.0,0.98450601408064,0.95
1,2025-02-04,8,Tuesday,same_hour_last_week,Airport,Morning,Weekday,0.9932568221904452,0.4,0.9932568221904452,0.2,0.9932568221904452,0.1
1,2025-02-04,8,Tuesday,same_hour_last_week,Non-airport,Morning,Weekday,0.9974891106525808,0.8,0.9849903809884248,0.8,0.9958639600338884,0.95
1,2025-02-04,8,Tuesday,trailing_4_week_profile,Airport,Morning,Weekday,0.9932568221904452,0.4,0.9932568221904452,0.2,0.9932568221904452,0.1
1,2025-02-04,8,Tuesday,trailing_4_week_profile,Non-airport,Morning,Weekday,0.9613654006730908,0.8,0.9854563983601037,1.0,0.98450601408064,0.95
1,2025-02-04,9,Tuesday,global_popularity,Airport,Morning,Weekday,0.8633212594228046,0.4,0.8633212594228046,0.2,0.8633212594228046,0.1
1,2025-02-04,9,Tuesday,global_popularity,Non-airport,Morning,Weekday,0.869811015695284,0.8,0.8709961325567954,0.6,0.90295591360661,0.8
1,2025-02-04,9,Tuesday,zone_hour_profile,Airport,Morning,Weekday,1.0,0.4,1.0,0.2,1.0,0.1
1,2025-02-04,9,Tuesday,zone_hour_profile,Non-airport,Morning,Weekday,0.9849355809848666,0.8,0.9865525809581133,0.8,0.9873697367864994,0.9
1,2025-02-04,9,Tuesday,same_hour_last_week,Airport,Morning,Weekday,1.0,0.4,1.0,0.2,1.0,0.1
1,2025-02-04,9,Tuesday,same_hour_last_week,Non-airport,Morning,Weekday,0.9836037091480574,0.8,0.9806740027459135,0.9,0.990757548257126,0.9
1,2025-02-04,9,Tuesday,trailing_4_week_profile,Airport,Morning,Weekday,1.0,0.4,1.0,0.2,1.0,0.1
1,2025-02-04,9,Tuesday,trailing_4_week_profile,Non-airport,Morning,Weekday,0.9849355809848666,0.8,0.9865525809581133,0.8,0.9873697367864994,0.9
1,2025-02-04,10,Tuesday,global_popularity,Airport,Midday,Weekday,0.8198766134567516,0.4,0.8198766134567516,0.2,0.8198766134567516,0.1
1,2025-02-04,10,Tuesday,global_popularity,Non-airport,Midday,Weekday,0.9203028357906722,0.8,0.9300701975086639,0.8,0.9359678040363534,0.8
1,2025-02-04,10,Tuesday,zone_hour_profile,Airport,Midday,Weekday,1.0,0.4,1.0,0.2,1.0,0.1
1,2025-02-04,10,Tuesday,zone_hour_profile,Non-airport,Midday,Weekday,1.0,1.0,0.9968775935679423,0.9,0.9941904317109714,0.9
1,2025-02-04,10,Tuesday,same_hour_last_week,Airport,Midday,Weekday,1.0,0.4,1.0,0.2,1.0,0.1
1,2025-02-04,10,Tuesday,same_hour_last_week,Non-airport,Midday,Weekday,0.9964708731851825,1.0,0.9950698554867242,0.9,0.990833392802562,0.9
1,2025-02-04,10,Tuesday,trailing_4_week_profile,Airport,Midday,Weekday,1.0,0.4,1.0,0.2,1.0,0.1
1,2025-02-04,10,Tuesday,trailing_4_week_profile,Non-airport,Midday,Weekday,1.0,1.0,0.9968775935679423,0.9,0.9941904317109714,0.9
1,2025-02-04,11,Tuesday,global_popularity,Airport,Midday,Weekday,0.955842282616626,0.4,0.955842282616626,0.2,0.955842282616626,0.1
1,2025-02-04,11,Tuesday,global_popularity,Non-airport,Midday,Weekday,0.9738557227383954,0.6,0.9477592000322159,0.8,0.9601998988690856,0.85
1,2025-02-04,11,Tuesday,zone_hour_profile,Airport,Midday,Weekday,1.0,0.4,1.0,0.2,1.0,0.1
1,2025-02-04,11,Tuesday,zone_hour_profile,Non-airport,Midday,Weekday,0.9768537204503294,0.6,0.9795784692214512,0.8,0.9856306528858534,0.9
1,2025-02-04,11,Tuesday,same_hour_last_week,Airport,Midday,Weekday,1.0,0.4,1.0,0.2,1.0,0.1
1,2025-02-04,11,Tuesday,same_hour_last_week,Non-airport,Midday,Weekday,0.975107704555487,0.6,0.9802649130466069,0.8,0.9881666503505966,0.9
1,2025-02-04,11,Tuesday,trailing_4_week_profile,Airport,Midday,Weekday,1.0,0.4,1.0,0.2,1.0,0.1
1,2025-02-04,11,Tuesday,trailing_4_week_profile,Non-airport,Midday,Weekday,0.9768537204503294,0.6,0.9795784692214512,0.8,0.9856306528858534,0.9
1,2025-02-04,12,Tuesday,global_popularity,Airport,Midday,Weekday,1.0,0.4,1.0,0.2,1.0,0.1
1,2025-02-04,12,Tuesday,global_popularity,Non-airport,Midday,Weekday,0.9609524084589292,0.6,0.966506157919463,0.8,0.9639369797692221,0.8
1,2025-02-04,12,Tuesday,zone_hour_profile,Airport,Midday,Weekday,0.9824260691519912,0.4,0.9824260691519912,0.2,0.9824260691519912,0.1
1,2025-02-04,12,Tuesday,zone_hour_profile,Non-airport,Midday,Weekday,0.9810202724522611,0.8,0.9778145184890502,0.8,0.9926601852285695,1.0
1,2025-02-04,12,Tuesday,same_hour_last_week,Airport,Midday,Weekday,0.9824260691519912,0.4,0.9824260691519912,0.2,0.9824260691519912,0.1
1,2025-02-04,12,Tuesday,same_hour_last_week,Non-airport,Midday,Weekday,0.9958340210385661,1.0,0.9687326151775452,0.7,0.9838381402455942,0.95
1,2025-02-04,12,Tuesday,trailing_4_week_profile,Airport,Midday,Weekday,0.9824260691519912,0.4,0.9824260691519912,0.2,0.9824260691519912,0.1
1,2025-02-04,12,Tuesday,trailing_4_week_profile,Non-airport,Midday,Weekday,0.9810202724522611,0.8,0.9778145184890502,0.8,0.9926601852285695,1.0
1,2025-02-04,13,Tuesday,global_popularity,Airport,Midday,Weekday,0.9540882238283828,0.4,0.9540882238283828,0.2,0.9540882238283828,0.1
1,2025-02-04,13,Tuesday,global_popularity,Non-airport,Midday,Weekday,0.956417615310504,0.8,0.9452339759792204,0.7,0.9434792108959321,0.85
1,2025-02-04,13,Tuesday,zone_hour_profile,Airport,Midday,Weekday,1.0,0.4,1.0,0.2,1.0,0.1
1,2025-02-04,13,Tuesday,zone_hour_profile,Non-airport,Midday,Weekday,0.9612744093792288,1.0,0.9503831699017583,0.8,0.9720394234365872,0.95
1,2025-02-04,13,Tuesday,same_hour_last_week,Airport,Midday,Weekday,1.0,0.4,1.0,0.2,1.0,0.1
1,2025-02-04,13,Tuesday,same_hour_last_week,Non-airport,Midday,Weekday,0.9102221200704268,0.6,0.9358088797896579,0.8,0.9526706513464409,0.9
1,2025-02-04,13,Tuesday,trailing_4_week_profile,Airport,Midday,Weekday,1.0,0.4,1.0,0.2,1.0,0.1
1,2025-02-04,13,Tuesday,trailing_4_week_profile,Non-airport,Midday,Weekday,0.9612744093792288,1.0,0.9503831699017583,0.8,0.9720394234365872,0.95
1,2025-02-04,14,Tuesday,global_popularity,Airport,Midday,Weekday,1.0,0.4,1.0,0.2,1.0,0.1
1,2025-02-04,14,Tuesday,global_popularity,Non-airport,Midday,Weekday,0.9580377072704424,0.8,0.9743753861210358,0.8,0.9557971547023408,0.85
1,2025-02-04,14,Tuesday,zone_hour_profile,Airport,Midday,Weekday,1.0,0.4,1.0,0.2,1.0,0.1
1,2025-02-04,14,Tuesday,zone_hour_profile,Non-airport,Midday,Weekday,0.9925297367276439,0.8,0.9881649394021893,0.9,0.9931801484693138,1.0
1,2025-02-04,14,Tuesday,same_hour_last_week,Airport,Midday,Weekday,1.0,0.4,1.0,0.2,1.0,0.1
1,2025-02-04,14,Tuesday,same_hour_last_week,Non-airport,Midday,Weekday,0.9925297367276439,0.8,0.9752449221850342,0.8,0.9822941991290142,0.95
1,2025-02-04,14,Tuesday,trailing_4_week_profile,Airport,Midday,Weekday,1.0,0.4,1.0,0.2,1.0,0.1
1,2025-02-04,14,Tuesday,trailing_4_week_profile,Non-airport,Midday,Weekday,0.9925297367276439,0.8,0.9881649394021893,0.9,0.9931801484693138,1.0
1,2025-02-04,15,Tuesday,global_popularity,Airport,Midday,Weekday,1.0,0.6,1.0,0.3,1.0,0.15
1,2025-02-04,15,Tuesday,global_popularity,Non-airport,Midday,Weekday,0.9090608563075346,0.6,0.9199978790203288,0.6,0.9333952558227124,0.85
1,2025-02-04,15,Tuesday,zone_hour_profile,Airport,Midday,Weekday,1.0,0.6,1.0,0.3,1.0,0.15
1,2025-02-04,15,Tuesday,zone_hour_profile,Non-airport,Midday,Weekday,0.9887055624219073,1.0,0.9777197886273619,0.8,0.983636822228718,0.9
1,2025-02-04,15,Tuesday,same_hour_last_week,Airport,Midday,Weekday,1.0,0.6,1.0,0.3,1.0,0.15
1,2025-02-04,15,Tuesday,same_hour_last_week,Non-airport,Midday,Weekday,0.9887055624219073,1.0,0.9772530313909117,0.8,0.975195349041386,0.95
1,2025-02-04,15,Tuesday,trailing_4_week_profile,Airport,Midday,Weekday,1.0,0.6,1.0,0.3,1.0,0.15
1,2025-02-04,15,Tuesday,trailing_4_week_profile,Non-airport,Midday,Weekday,0.9887055624219073,1.0,0.9777197886273619,0.8,0.983636822228718,0.9
1,2025-02-04,16,Tuesday,global_popularity,Airport,Evening,Weekday,1.0,0.6,1.0,0.3,1.0,0.15
1,2025-02-04,16,Tuesday,global_popularity,Non-airport,Evening,Weekday,0.9040309739607614,0.6,0.9291784516023985,0.8,0.9356490688989488,0.9
1,2025-02-04,16,Tuesday,zone_hour_profile,Airport,Evening,Weekday,1.0,0.6,1.0,0.3,1.0,0.15
1,2025-02-04,16,Tuesday,zone_hour_profile,Non-airport,Evening,Weekday,0.9653269477278911,1.0,0.961886474620636,0.8,0.9760302947198676,0.95
1,2025-02-04,16,Tuesday,same_hour_last_week,Airport,Evening,Weekday,1.0,0.6,1.0,0.3,1.0,0.15
1,2025-02-04,16,Tuesday,same_hour_last_week,Non-airport,Evening,Weekday,1.0,1.0,0.9997846016184437,1.0,0.996640566871588,0.95
1,2025-02-04,16,Tuesday,trailing_4_week_profile,Airport,Evening,Weekday,1.0,0.6,1.0,0.3,1.0,0.15
1,2025-02-04,16,Tuesday,trailing_4_week_profile,Non-airport,Evening,Weekday,0.9653269477278911,1.0,0.961886474620636,0.8,0.9760302947198676,0.95
1,2025-02-04,17,Tuesday,global_popularity,Airport,Evening,Weekday,1.0,0.4,1.0,0.2,1.0,0.1
1,2025-02-04,17,Tuesday,global_popularity,Non-airport,Evening,Weekday,0.8691942778285625,0.6,0.9151465439993697,0.7,0.9179746087613884,0.8
1,2025-02-04,17,Tuesday,zone_hour_profile,Airport,Evening,Weekday,1.0,0.4,1.0,0.2,1.0,0.1
1,2025-02-04,17,Tuesday,zone_hour_profile,Non-airport,Evening,Weekday,0.9791107270884393,0.8,0.9961725275091349,0.8,0.9924401069909288,0.85
1,2025-02-04,17,Tuesday,same_hour_last_week,Airport,Evening,Weekday,1.0,0.4,1.0,0.2,1.0,0.1
1,2025-02-04,17,Tuesday,same_hour_last_week,Non-airport,Evening,Weekday,0.9979778954190096,1.0,0.9917397921722241,0.8,0.9890177367646289,0.85
1,2025-02-04,17,Tuesday,trailing_4_week_profile,Airport,Evening,Weekday,1.0,0.4,1.0,0.2,1.0,0.1
1,2025-02-04,17,Tuesday,trailing_4_week_profile,Non-airport,Evening,Weekday,0.9791107270884393,0.8,0.9961725275091349,0.8,0.9924401069909288,0.85
1,2025-02-04,18,Tuesday,global_popularity,Airport,Evening,Weekday,1.0,0.4,1.0,0.2,1.0,0.1
1,2025-02-04,18,Tuesday,global_popularity,Non-airport,Evening,Weekday,0.8329719482886225,0.6,0.9034541823405875,0.8,0.9078881262467308,0.85
1,2025-02-04,18,Tuesday,zone_hour_profile,Airport,Evening,Weekday,1.0,0.4,1.0,0.2,1.0,0.1
1,2025-02-04,18,Tuesday,zone_hour_profile,Non-airport,Evening,Weekday,1.0,1.0,0.9995249269862442,1.0,0.996448631734929,0.95
1,2025-02-04,18,Tuesday,same_hour_last_week,Airport,Evening,Weekday,0.960005108921104,0.4,0.960005108921104,0.2,0.960005108921104,0.1
1,2025-02-04,18,Tuesday,same_hour_last_week,Non-airport,Evening,Weekday,0.9839250840229077,0.8,0.9909582194913816,0.9,0.9931117125351627,0.95
1,2025-02-04,18,Tuesday,trailing_4_week_profile,Airport,Evening,Weekday,1.0,0.4,1.0,0.2,1.0,0.1
1,2025-02-04,18,Tuesday,trailing_4_week_profile,Non-airport,Evening,Weekday,1.0,1.0,0.9995249269862442,1.0,0.996448631734929,0.95
1,2025-02-04,19,Tuesday,global_popularity,Airport,Evening,Weekday,1.0,0.4,1.0,0.2,1.0,0.1
1,2025-02-04,19,Tuesday,global_popularity,Non-airport,Evening,Weekday,0.846458870766333,0.6,0.8968449130753863,0.7,0.9112064294357882,0.8
1,2025-02-04,19,Tuesday,zone_hour_profile,Airport,Evening,Weekday,1.0,0.4,1.0,0.2,1.0,0.1
1,2025-02-04,19,Tuesday,zone_hour_profile,Non-airport,Evening,Weekday,0.9999093497628739,1.0,0.9900350020960733,0.8,0.993886169480779,0.9
1,2025-02-04,19,Tuesday,same_hour_last_week,Airport,Evening,Weekday,1.0,0.4,1.0,0.2,1.0,0.1
1,2025-02-04,19,Tuesday,same_hour_last_week,Non-airport,Evening,Weekday,0.9999093497628739,1.0,0.9889464717854071,0.8,0.9905310267093509,0.85
1,2025-02-04,19,Tuesday,trailing_4_week_profile,Airport,Evening,Weekday,1.0,0.4,1.0,0.2,1.0,0.1
1,2025-02-04,19,Tuesday,trailing_4_week_profile,Non-airport,Evening,Weekday,0.9999093497628739,1.0,0.9900350020960733,0.8,0.993886169480779,0.9
1,2025-02-04,20,Tuesday,global_popularity,Airport,Evening,Weekday,1.0,0.4,1.0,0.2,1.0,0.1
1,2025-02-04,20,Tuesday,global_popularity,Non-airport,Evening,Weekday,0.8313161549089919,0.6,0.8976186285105432,0.7,0.9061206243011428,0.8
1,2025-02-04,20,Tuesday,zone_hour_profile,Airport,Evening,Weekday,1.0,0.4,1.0,0.2,1.0,0.1
1,2025-02-04,20,Tuesday,zone_hour_profile,Non-airport,Evening,Weekday,0.9947793438501716,1.0,0.9906267070850869,0.8,0.9934782119311247,0.9
1,2025-02-04,20,Tuesday,same_hour_last_week,Airport,Evening,Weekday,1.0,0.4,1.0,0.2,1.0,0.1
1,2025-02-04,20,Tuesday,same_hour_last_week,Non-airport,Evening,Weekday,0.995789994854276,0.8,0.991525935847109,0.8,0.9946816831873915,0.9
1,2025-02-04,20,Tuesday,trailing_4_week_profile,Airport,Evening,Weekday,1.0,0.4,1.0,0.2,1.0,0.1
1,2025-02-04,20,Tuesday,trailing_4_week_profile,Non-airport,Evening,Weekday,0.9947793438501716,1.0,0.9906267070850869,0.8,0.9934782119311247,0.9
1,2025-02-04,21,Tuesday,global_popularity,Airport,Late evening,Weekday,1.0,0.4,1.0,0.2,1.0,0.1
1,2025-02-04,21,Tuesday,global_popularity,Non-airport,Late evening,Weekday,0.7873433313065389,0.6,0.8378340024707467,0.7,0.8690791351590507,0.8
1,2025-02-04,21,Tuesday,zone_hour_profile,Airport,Late evening,Weekday,1.0,0.4,1.0,0.2,1.0,0.1
1,2025-02-04,21,Tuesday,zone_hour_profile,Non-airport,Late evening,Weekday,0.9940924033866227,0.8,0.9928316137742906,0.9,0.9951842350291701,0.9
1,2025-02-04,21,Tuesday,same_hour_last_week,Airport,Late evening,Weekday,1.0,0.4,1.0,0.2,1.0,0.1
1,2025-02-04,21,Tuesday,same_hour_last_week,Non-airport,Late evening,Weekday,0.9893683769033218,0.8,0.9900224197909667,0.9,0.9939810690261558,0.95
1,2025-02-04,21,Tuesday,trailing_4_week_profile,Airport,Late evening,Weekday,1.0,0.4,1.0,0.2,1.0,0.1
1,2025-02-04,21,Tuesday,trailing_4_week_profile,Non-airport,Late evening,Weekday,0.9940924033866227,0.8,0.9928316137742906,0.9,0.9951842350291701,0.9
1,2025-02-04,22,Tuesday,global_popularity,Airport,Late evening,Weekday,0.9668939618216078,0.4,0.9668939618216078,0.2,0.9668939618216078,0.1
1,2025-02-04,22,Tuesday,global_popularity,Non-airport,Late evening,Weekday,0.7287081751006752,0.4,0.7766782504138805,0.6,0.8385319355406592,0.75
1,2025-02-04,22,Tuesday,zone_hour_profile,Airport,Late evening,Weekday,0.9668939618216078,0.4,0.9668939618216078,0.2,0.9668939618216078,0.1
1,2025-02-04,22,Tuesday,zone_hour_profile,Non-airport,Late evening,Weekday,0.9446791767732013,0.8,0.9687080807029181,0.8,0.9783970517018888,0.9
1,2025-02-04,22,Tuesday,same_hour_last_week,Airport,Late evening,Weekday,0.9668939618216078,0.4,0.9668939618216078,0.2,0.9668939618216078,0.1
1,2025-02-04,22,Tuesday,same_hour_last_week,Non-airport,Late evening,Weekday,0.9319680458370211,0.6,0.9594140570237111,0.8,0.9740753921396557,0.9
1,2025-02-04,22,Tuesday,trailing_4_week_profile,Airport,Late evening,Weekday,0.9668939618216078,0.4,0.9668939618216078,0.2,0.9668939618216078,0.1
1,2025-02-04,22,Tuesday,trailing_4_week_profile,Non-airport,Late evening,Weekday,0.9446791767732013,0.8,0.9687080807029181,0.8,0.9783970517018888,0.9
1,2025-02-04,23,Tuesday,global_popularity,Airport,Late evening,Weekday,1.0,0.4,1.0,0.2,1.0,0.1
1,2025-02-04,23,Tuesday,global_popularity,Non-airport,Late evening,Weekday,0.7502206343896637,0.4,0.7630111504403854,0.5,0.8153669669009649,0.75
1,2025-02-04,23,Tuesday,zone_hour_profile,Airport,Late evening,Weekday,1.0,0.4,1.0,0.2,1.0,0.1
1,2025-02-04,23,Tuesday,zone_hour_profile,Non-airport,Late evening,Weekday,0.7912412498899434,0.6,0.8532073024996915,0.9,0.8865963775903958,0.9
1,2025-02-04,23,Tuesday,same_hour_last_week,Airport,Late evening,Weekday,0.9404982441903261,0.4,0.9404982441903261,0.2,0.9404982441903261,0.1
1,2025-02-04,23,Tuesday,same_hour_last_week,Non-airport,Late evening,Weekday,0.7512210514103429,0.4,0.8124963771907739,0.6,0.9069828229533498,0.9
1,2025-02-04,23,Tuesday,trailing_4_week_profile,Airport,Late evening,Weekday,1.0,0.4,1.0,0.2,1.0,0.1
1,2025-02-04,23,Tuesday,trailing_4_week_profile,Non-airport,Late evening,Weekday,0.7912412498899434,0.6,0.8532073024996915,0.9,0.8865963775903958,0.9
1,2025-02-05,0,Wednesday,global_popularity,Airport,Overnight,Weekday,1.0,0.4,1.0,0.2,1.0,0.1
1,2025-02-05,0,Wednesday,global_popularity,Non-airport,Overnight,Weekday,0.6902495817296723,0.4,0.7245229568761652,0.4,0.8186206266127298,0.75
1,2025-02-05,0,Wednesday,zone_hour_profile,Airport,Overnight,Weekday,1.0,0.4,1.0,0.2,1.0,0.1
1,2025-02-05,0,Wednesday,zone_hour_profile,Non-airport,Overnight,Weekday,0.8374157354650636,0.6,0.8782575831769789,0.7,0.8785930074192375,0.85
1,2025-02-05,0,Wednesday,same_hour_last_week,Airport,Overnight,Weekday,1.0,0.4,1.0,0.2,1.0,0.1
1,2025-02-05,0,Wednesday,same_hour_last_week,Non-airport,Overnight,Weekday,0.84745308958378,0.8,0.8829697556501291,0.7,0.9196961356339302,0.9
1,2025-02-05,0,Wednesday,trailing_4_week_profile,Airport,Overnight,Weekday,1.0,0.4,1.0,0.2,1.0,0.1
1,2025-02-05,0,Wednesday,trailing_4_week_profile,Non-airport,Overnight,Weekday,0.7692359130335894,0.4,0.9027167842969563,0.9,0.9231414377146662,0.9
1,2025-02-05,1,Wednesday,global_popularity,Airport,Overnight,Weekday,1.0,0.2,1.0,0.1,1.0,0.05
1,2025-02-05,1,Wednesday,global_popularity,Non-airport,Overnight,Weekday,0.5025370715970101,0.0,0.5106218954146949,0.1,0.6814896525664934,0.6
1,2025-02-05,1,Wednesday,zone_hour_profile,Airport,Overnight,Weekday,1.0,0.2,1.0,0.1,1.0,0.05
1,2025-02-05,1,Wednesday,zone_hour_profile,Non-airport,Overnight,Weekday,0.8483986551913875,0.4,0.8110427473831555,0.5,0.8830962880920562,0.7
1,2025-02-05,1,Wednesday,same_hour_last_week,Airport,Overnight,Weekday,1.0,0.2,1.0,0.1,1.0,0.05
1,2025-02-05,1,Wednesday,same_hour_last_week,Non-airport,Overnight,Weekday,0.9439221960669891,0.8,0.887027363667185,0.5,0.8802064049090559,0.7
1,2025-02-05,1,Wednesday,trailing_4_week_profile,Airport,Overnight,Weekday,1.0,0.2,1.0,0.1,1.0,0.05
1,2025-02-05,1,Wednesday,trailing_4_week_profile,Non-airport,Overnight,Weekday,0.9232769124325317,0.8,0.9206934936641796,0.7,0.9051466455679748,0.75
1,2025-02-05,2,Wednesday,global_popularity,Airport,Overnight,Weekday,1.0,0.4,1.0,0.2,1.0,0.1
1,2025-02-05,2,Wednesday,global_popularity,Non-airport,Overnight,Weekday,0.4309673657645545,0.2,0.4011927001251924,0.1,0.5798346314131279,0.5
1,2025-02-05,2,Wednesday,zone_hour_profile,Airport,Overnight,Weekday,1.0,0.4,1.0,0.2,1.0,0.1
1,2025-02-05,2,Wednesday,zone_hour_profile,Non-airport,Overnight,Weekday,0.8636854794399902,0.2,0.8083123520205727,0.5,0.8693223847300712,0.7
1,2025-02-05,2,Wednesday,same_hour_last_week,Airport,Overnight,Weekday,1.0,0.4,1.0,0.2,1.0,0.1
1,2025-02-05,2,Wednesday,same_hour_last_week,Non-airport,Overnight,Weekday,0.7635098762623389,0.2,0.842832318717018,0.7,0.798742532727271,0.6
1,2025-02-05,2,Wednesday,trailing_4_week_profile,Airport,Overnight,Weekday,1.0,0.4,1.0,0.2,1.0,0.1
1,2025-02-05,2,Wednesday,trailing_4_week_profile,Non-airport,Overnight,Weekday,0.7488606326483905,0.2,0.8248673891339572,0.7,0.8307835646254478,0.65
1,2025-02-05,3,Wednesday,global_popularity,Airport,Overnight,Weekday,1.0,0.4,1.0,0.2,1.0,0.1
1,2025-02-05,3,Wednesday,global_popularity,Non-airport,Overnight,Weekday,0.17445170712354005,0.2,0.20969612002615506,0.3,0.498107171114967,0.55
1,2025-02-05,3,Wednesday,zone_hour_profile,Airport,Overnight,Weekday,1.0,0.4,1.0,0.2,1.0,0.1
1,2025-02-05,3,Wednesday,zone_hour_profile,Non-airport,Overnight,Weekday,0.6989447552849255,0.6,0.7395937805808555,0.5,0.7389081136943594,0.5
1,2025-02-05,3,Wednesday,same_hour_last_week,Airport,Overnight,Weekday,0.9558947640351473,0.4,0.9558947640351473,0.2,0.9558947640351473,0.1
1,2025-02-05,3,Wednesday,same_hour_last_week,Non-airport,Overnight,Weekday,0.9186050483663084,0.8,0.8252578906987872,0.5,0.8012146614124482,0.4
1,2025-02-05,3,Wednesday,trailing_4_week_profile,Airport,Overnight,Weekday,1.0,0.4,1.0,0.2,1.0,0.1
1,2025-02-05,3,Wednesday,trailing_4_week_profile,Non-airport,Overnight,Weekday,0.8731072698654176,0.8,0.8596703075380524,0.6,0.8793917177741212,0.7
1,2025-02-05,4,Wednesday,global_popularity,Airport,Overnight,Weekday,1.0,0.4,1.0,0.2,1.0,0.1
1,2025-02-05,4,Wednesday,global_popularity,Non-airport,Overnight,Weekday,0.5063170235442287,0.4,0.5205525403224419,0.4,0.6327770628572961,0.65
1,2025-02-05,4,Wednesday,zone_hour_profile,Airport,Overnight,Weekday,1.0,0.4,1.0,0.2,1.0,0.1
1,2025-02-05,4,Wednesday,zone_hour_profile,Non-airport,Overnight,Weekday,0.490789639377016,0.4,0.5338208946077319,0.3,0.5852121702352182,0.45
1,2025-02-05,4,Wednesday,same_hour_last_week,Airport,Overnight,Weekday,0.996783924434147,0.4,0.996783924434147,0.2,0.996783924434147,0.1
1,2025-02-05,4,Wednesday,same_hour_last_week,Non-airport,Overnight,Weekday,0.6600868640261401,0.4,0.6627578842866089,0.4,0.7260476249984755,0.55
1,2025-02-05,4,Wednesday,trailing_4_week_profile,Airport,Overnight,Weekday,1.0,0.4,1.0,0.2,1.0,0.1
1,2025-02-05,4,Wednesday,trailing_4_week_profile,Non-airport,Overnight,Weekday,0.7722174140031078,0.4,0.8506460019981077,0.5,0.872874891898079,0.6
1,2025-02-05,5,Wednesday,global_popularity,Airport,Overnight,Weekday,1.0,0.4,1.0,0.2,1.0,0.1
1,2025-02-05,5,Wednesday,global_popularity,Non-airport,Overnight,Weekday,0.6415557620061999,0.4,0.6572041885398557,0.5,0.7346737617265677,0.7
1,2025-02-05,5,Wednesday,zone_hour_profile,Airport,Overnight,Weekday,1.0,0.4,1.0,0.2,1.0,0.1
1,2025-02-05,5,Wednesday,zone_hour_profile,Non-airport,Overnight,Weekday,0.9327496121052777,0.8,0.8750606154758729,0.6,0.9067044562497767,0.75
1,2025-02-05,5,Wednesday,same_hour_last_week,Airport,Overnight,Weekday,1.0,0.4,1.0,0.2,1.0,0.1
1,2025-02-05,5,Wednesday,same_hour_last_week,Non-airport,Overnight,Weekday,0.9332140232508821,0.6,0.9065940057256268,0.6,0.9407067162474233,0.75
1,2025-02-05,5,Wednesday,trailing_4_week_profile,Airport,Overnight,Weekday,1.0,0.4,1.0,0.2,1.0,0.1
1,2025-02-05,5,Wednesday,trailing_4_week_profile,Non-airport,Overnight,Weekday,0.93134390246096,0.6,0.9027329799079237,0.6,0.9467029511437604,0.75
1,2025-02-05,6,Wednesday,global_popularity,Airport,Morning,Weekday,0.9994048557915411,0.6,0.9994048557915411,0.3,0.9994048557915411,0.15
1,2025-02-05,6,Wednesday,global_popularity,Non-airport,Morning,Weekday,0.595497413217211,0.6,0.6012154320325838,0.5,0.6835563755715528,0.7
1,2025-02-05,6,Wednesday,zone_hour_profile,Airport,Morning,Weekday,0.9994048557915411,0.6,0.9994048557915411,0.3,0.9994048557915411,0.15
1,2025-02-05,6,Wednesday,zone_hour_profile,Non-airport,Morning,Weekday,0.9762627805782739,0.8,0.9629794050175191,0.9,0.9656696187558167,0.85
1,2025-02-05,6,Wednesday,same_hour_last_week,Airport,Morning,Weekday,0.9994048557915411,0.6,0.9994048557915411,0.3,0.9994048557915411,0.15
1,2025-02-05,6,Wednesday,same_hour_last_week,Non-airport,Morning,Weekday,0.9478759313070824,0.6,0.9540288381961649,0.8,0.9659644858098221,0.85
1,2025-02-05,6,Wednesday,trailing_4_week_profile,Airport,Morning,Weekday,0.9994048557915411,0.6,0.9994048557915411,0.3,0.9994048557915411,0.15
1,2025-02-05,6,Wednesday,trailing_4_week_profile,Non-airport,Morning,Weekday,0.9762627805782739,0.8,0.9629794050175191,0.9,0.9645336441965511,0.85
1,2025-02-05,7,Wednesday,global_popularity,Airport,Morning,Weekday,1.0,0.4,1.0,0.2,1.0,0.1
1,2025-02-05,7,Wednesday,global_popularity,Non-airport,Morning,Weekday,0.7718322097738702,0.6,0.7843986915876429,0.5,0.8209736551357267,0.7
1,2025-02-05,7,Wednesday,zone_hour_profile,Airport,Morning,Weekday,1.0,0.4,1.0,0.2,1.0,0.1
1,2025-02-05,7,Wednesday,zone_hour_profile,Non-airport,Morning,Weekday,0.9753420323857613,0.8,0.9958923972463979,1.0,0.991098628219906,0.95
1,2025-02-05,7,Wednesday,same_hour_last_week,Airport,Morning,Weekday,1.0,0.4,1.0,0.2,1.0,0.1
1,2025-02-05,7,Wednesday,same_hour_last_week,Non-airport,Morning,Weekday,0.9888936007335459,0.8,0.9781157160261786,0.9,0.9766370830763388,0.9
1,2025-02-05,7,Wednesday,trailing_4_week_profile,Airport,Morning,Weekday,1.0,0.4,1.0,0.2,1.0,0.1
1,2025-02-05,7,Wednesday,trailing_4_week_profile,Non-airport,Morning,Weekday,0.9753420323857613,0.8,0.9963331079377057,1.0,0.9913023675703148,0.95
1,2025-02-05,8,Wednesday,global_popularity,Airport,Morning,Weekday,0.9575972725785802,0.4,0.9575972725785802,0.2,0.9575972725785802,0.1
1,2025-02-05,8,Wednesday,global_popularity,Non-airport,Morning,Weekday,0.8185571498654952,0.6,0.8185185857779469,0.6,0.8631430908460196,0.8
1,2025-02-05,8,Wednesday,zone_hour_profile,Airport,Morning,Weekday,0.9575972725785802,0.4,0.9575972725785802,0.2,0.9575972725785802,0.1
1,2025-02-05,8,Wednesday,zone_hour_profile,Non-airport,Morning,Weekday,0.9707978040335027,0.6,0.9759686567813395,0.8,0.9885069467317097,0.95
1,2025-02-05,8,Wednesday,same_hour_last_week,Airport,Morning,Weekday,1.0,0.4,1.0,0.2,1.0,0.1
1,2025-02-05,8,Wednesday,same_hour_last_week,Non-airport,Morning,Weekday,0.9846274428790062,0.8,0.9831129517441706,0.8,0.9924981375909749,0.95
1,2025-02-05,8,Wednesday,trailing_4_week_profile,Airport,Morning,Weekday,0.9575972725785802,0.4,0.9575972725785802,0.2,0.9575972725785802,0.1
1,2025-02-05,8,Wednesday,trailing_4_week_profile,Non-airport,Morning,Weekday,0.9707978040335027,0.6,0.9759686567813395,0.8,0.9883545955281023,0.95
1,2025-02-05,9,Wednesday,global_popularity,Airport,Morning,Weekday,0.8778781010021728,0.4,0.8778781010021728,0.2,0.8778781010021728,0.1
1,2025-02-05,9,Wednesday,global_popularity,Non-airport,Morning,Weekday,0.8975294222190965,0.8,0.9029662192706451,0.6,0.930391914645151,0.8
1,2025-02-05,9,Wednesday,zone_hour_profile,Airport,Morning,Weekday,1.0,0.4,1.0,0.2,1.0,0.1
1,2025-02-05,9,Wednesday,zone_hour_profile,Non-airport,Morning,Weekday,0.9821697093555888,0.8,0.9913018513595729,0.9,0.9939273832566744,0.95
1,2025-02-05,9,Wednesday,same_hour_last_week,Airport,Morning,Weekday,1.0,0.4,1.0,0.2,1.0,0.1
1,2025-02-05,9,Wednesday,same_hour_last_week,Non-airport,Morning,Weekday,0.9830965906747973,0.8,0.9916125322153504,0.9,0.9941698861615932,0.95
1,2025-02-05,9,Wednesday,trailing_4_week_profile,Airport,Morning,Weekday,1.0,0.4,1.0,0.2,1.0,0.1
1,2025-02-05,9,Wednesday,trailing_4_week_profile,Non-airport,Morning,Weekday,0.9999056846368143,1.0,0.9923653292780847,0.9,0.9953144241733776,0.95
1,2025-02-05,10,Wednesday,global_popularity,Airport,Midday,Weekday,0.8842102151773533,0.4,0.8842102151773533,0.2,0.8842102151773533,0.1
1,2025-02-05,10,Wednesday,global_popularity,Non-airport,Midday,Weekday,0.8998526463243692,0.8,0.911107588660054,0.7,0.9400904266138647,0.9
1,2025-02-05,10,Wednesday,zone_hour_profile,Airport,Midday,Weekday,1.0,0.4,1.0,0.2,1.0,0.1
1,2025-02-05,10,Wednesday,zone_hour_profile,Non-airport,Midday,Weekday,0.9961243416096848,1.0,0.9862803834986712,0.9,0.9878985383340656,0.9
1,2025-02-05,10,Wednesday,same_hour_last_week,Airport,Midday,Weekday,1.0,0.4,1.0,0.2,1.0,0.1
1,2025-02-05,10,Wednesday,same_hour_last_week,Non-airport,Midday,Weekday,0.9996580704818455,1.0,0.9826264093106124,0.8,0.9924420386908283,0.9
1,2025-02-05,10,Wednesday,trailing_4_week_profile,Airport,Midday,Weekday,1.0,0.4,1.0,0.2,1.0,0.1
1,2025-02-05,10,Wednesday,trailing_4_week_profile,Non-airport,Midday,Weekday,0.9996580704818455,1.0,0.9889224503735302,0.9,0.9929237709559577,0.9
1,2025-02-05,11,Wednesday,global_popularity,Airport,Midday,Weekday,0.8666159718915867,0.4,0.8666159718915867,0.2,0.8666159718915867,0.1
1,2025-02-05,11,Wednesday,global_popularity,Non-airport,Midday,Weekday,0.9471717069175708,0.8,0.9591136069310322,0.8,0.9630551465311082,0.9
1,2025-02-05,11,Wednesday,zone_hour_profile,Airport,Midday,Weekday,1.0,0.4,1.0,0.2,1.0,0.1
1,2025-02-05,11,Wednesday,zone_hour_profile,Non-airport,Midday,Weekday,0.9794591276260814,1.0,0.9838408480136722,1.0,0.9799859590593104,0.9
1,2025-02-05,11,Wednesday,same_hour_last_week,Airport,Midday,Weekday,1.0,0.4,1.0,0.2,1.0,0.1
1,2025-02-05,11,Wednesday,same_hour_last_week,Non-airport,Midday,Weekday,0.9794591276260814,1.0,0.9661038173883709,0.8,0.9801903328439033,0.9
1,2025-02-05,11,Wednesday,trailing_4_week_profile,Airport,Midday,Weekday,1.0,0.4,1.0,0.2,1.0,0.1
1,2025-02-05,11,Wednesday,trailing_4_week_profile,Non-airport,Midday,Weekday,0.9794591276260814,1.0,0.978748639276047,0.9,0.9798761525253329,0.9
1,2025-02-05,12,Wednesday,global_popularity,Airport,Midday,Weekday,1.0,0.4,1.0,0.2,1.0,0.1
1,2025-02-05,12,Wednesday,global_popularity,Non-airport,Midday,Weekday,0.9780131596363054,0.8,0.9607350724179413,0.8,0.960330190088452,0.8
1,2025-02-05,12,Wednesday,zone_hour_profile,Airport,Midday,Weekday,0.9638466065745326,0.4,0.9638466065745326,0.2,0.9638466065745326,0.1
1,2025-02-05,12,Wednesday,zone_hour_profile,Non-airport,Midday,Weekday,0.9719215731117479,1.0,0.9572723850601766,0.9,0.9755780275635908,0.9
1,2025-02-05,12,Wednesday,same_hour_last_week,Airport,Midday,Weekday,0.9638466065745326,0.4,0.9638466065745326,0.2,0.9638466065745326,0.1
1,2025-02-05,12,Wednesday,same_hour_last_week,Non-airport,Midday,Weekday,0.9438800871739933,0.8,0.9416425169967096,0.8,0.9700321254995748,0.9
1,2025-02-05,12,Wednesday,trailing_4_week_profile,Airport,Midday,Weekday,0.9638466065745326,0.4,0.9638466065745326,0.2,0.9638466065745326,0.1
1,2025-02-05,12,Wednesday,trailing_4_week_profile,Non-airport,Midday,Weekday,0.9438800871739933,0.8,0.9571898353395659,0.9,0.97459851975449,0.9
1,2025-02-05,13,Wednesday,global_popularity,Airport,Midday,Weekday,0.9999540051852761,0.4,0.9999540051852761,0.2,0.9999540051852761,0.1
1,2025-02-05,13,Wednesday,global_popularity,Non-airport,Midday,Weekday,0.9354611132224736,0.6,0.9465378909902613,0.8,0.9505539758006668,0.9
1,2025-02-05,13,Wednesday,zone_hour_profile,Airport,Midday,Weekday,0.9999540051852761,0.4,0.9999540051852761,0.2,0.9999540051852761,0.1
1,2025-02-05,13,Wednesday,zone_hour_profile,Non-airport,Midday,Weekday,0.9397112816746526,0.8,0.9437862828429168,0.8,0.9663582526605478,0.9
1,2025-02-05,13,Wednesday,same_hour_last_week,Airport,Midday,Weekday,1.0,0.4,1.0,0.2,1.0,0.1
1,2025-02-05,13,Wednesday,same_hour_last_week,Non-airport,Midday,Weekday,0.920496218992615,0.6,0.9489157349543125,0.9,0.963831227659687,0.9
1,2025-02-05,13,Wednesday,trailing_4_week_profile,Airport,Midday,Weekday,1.0,0.4,1.0,0.2,1.0,0.1
1,2025-02-05,13,Wednesday,trailing_4_week_profile,Non-airport,Midday,Weekday,0.9397112816746526,0.8,0.9356580963557387,0.8,0.9632865542295406,0.85
1,2025-02-05,14,Wednesday,global_popularity,Airport,Midday,Weekday,0.9838248858490761,0.4,0.9838248858490761,0.2,0.9838248858490761,0.1
1,2025-02-05,14,Wednesday,global_popularity,Non-airport,Midday,Weekday,0.9199415904206516,0.6,0.945077785175138,0.8,0.9520595369383131,0.85
1,2025-02-05,14,Wednesday,zone_hour_profile,Airport,Midday,Weekday,0.9838248858490761,0.4,0.9838248858490761,0.2,0.9838248858490761,0.1
1,2025-02-05,14,Wednesday,zone_hour_profile,Non-airport,Midday,Weekday,0.9546595527549205,0.8,0.9684993403713585,0.9,0.9693060194255738,0.85
1,2025-02-05,14,Wednesday,same_hour_last_week,Airport,Midday,Weekday,1.0,0.4,1.0,0.2,1.0,0.1
1,2025-02-05,14,Wednesday,same_hour_last_week,Non-airport,Midday,Weekday,0.9546595527549205,0.8,0.9580427954240458,0.9,0.9720759868620517,0.9
1,2025-02-05,14,Wednesday,trailing_4_week_profile,Airport,Midday,Weekday,0.9838248858490761,0.4,0.9838248858490761,0.2,0.9838248858490761,0.1
1,2025-02-05,14,Wednesday,trailing_4_week_profile,Non-airport,Midday,Weekday,0.9629058856303571,0.8,0.9746748693635398,1.0,0.9696047654149232,0.85
1,2025-02-05,15,Wednesday,global_popularity,Airport,Midday,Weekday,1.0,0.4,1.0,0.2,1.0,0.1
1,2025-02-05,15,Wednesday,global_popularity,Non-airport,Midday,Weekday,0.9044268450565369,0.6,0.929543618820457,0.8,0.9422784436724057,0.85
1,2025-02-05,15,Wednesday,zone_hour_profile,Airport,Midday,Weekday,1.0,0.4,1.0,0.2,1.0,0.1
1,2025-02-05,15,Wednesday,zone_hour_profile,Non-airport,Midday,Weekday,0.9954291692767337,0.8,0.9828106694276137,0.8,0.9855753098106356,0.85
1,2025-02-05,15,Wednesday,same_hour_last_week,Airport,Midday,Weekday,1.0,0.4,1.0,0.2,1.0,0.1
1,2025-02-05,15,Wednesday,same_hour_last_week,Non-airport,Midday,Weekday,0.9556874172690298,0.8,0.9639333099994755,0.9,0.958939986804137,0.85
1,2025-02-05,15,Wednesday,trailing_4_week_profile,Airport,Midday,Weekday,1.0,0.4,1.0,0.2,1.0,0.1
1,2025-02-05,15,Wednesday,trailing_4_week_profile,Non-airport,Midday,Weekday,0.9954291692767337,0.8,0.9832462218667903,0.8,0.9857353294204617,0.85
1,2025-02-05,16,Wednesday,global_popularity,Airport,Evening,Weekday,1.0,0.4,1.0,0.2,1.0,0.1
1,2025-02-05,16,Wednesday,global_popularity,Non-airport,Evening,Weekday,0.9059848821602915,0.8,0.927452679052419,0.8,0.937742174214034,0.85
1,2025-02-05,16,Wednesday,zone_hour_profile,Airport,Evening,Weekday,1.0,0.4,1.0,0.2,1.0,0.1
1,2025-02-05,16,Wednesday,zone_hour_profile,Non-airport,Evening,Weekday,1.0,1.0,0.9998451309242672,1.0,0.9923275075065727,0.9
1,2025-02-05,16,Wednesday,same_hour_last_week,Airport,Evening,Weekday,1.0,0.4,1.0,0.2,1.0,0.1
1,2025-02-05,16,Wednesday,same_hour_last_week,Non-airport,Evening,Weekday,1.0,1.0,0.9989810631130216,1.0,0.9912361779200809,0.9
1,2025-02-05,16,Wednesday,trailing_4_week_profile,Airport,Evening,Weekday,1.0,0.4,1.0,0.2,1.0,0.1
1,2025-02-05,16,Wednesday,trailing_4_week_profile,Non-airport,Evening,Weekday,1.0,1.0,0.999456199971791,1.0,0.9919956492393897,0.9
1,2025-02-05,17,Wednesday,global_popularity,Airport,Evening,Weekday,1.0,0.4,1.0,0.2,1.0,0.1
1,2025-02-05,17,Wednesday,global_popularity,Non-airport,Evening,Weekday,0.7926337662199744,0.8,0.8572465768570429,0.7,0.8874498459499716,0.8
1,2025-02-05,17,Wednesday,zone_hour_profile,Airport,Evening,Weekday,1.0,0.4,1.0,0.2,1.0,0.1
1,2025-02-05,17,Wednesday,zone_hour_profile,Non-airport,Evening,Weekday,0.986486190411096,1.0,0.9817984723359786,0.9,0.9855861483462943,0.9
1,2025-02-05,17,Wednesday,same_hour_last_week,Airport,Evening,Weekday,1.0,0.4,1.0,0.2,1.0,0.1
1,2025-02-05,17,Wednesday,same_hour_last_week,Non-airport,Evening,Weekday,0.986486190411096,1.0,0.9816585981931989,0.9,0.987725435438033,0.9
1,2025-02-05,17,Wednesday,trailing_4_week_profile,Airport,Evening,Weekday,1.0,0.4,1.0,0.2,1.0,0.1
1,2025-02-05,17,Wednesday,trailing_4_week_profile,Non-airport,Evening,Weekday,0.986486190411096,1.0,0.9820914779850174,0.9,0.9857745222365766,0.9
1,2025-02-05,18,Wednesday,global_popularity,Airport,Evening,Weekday,1.0,0.4,1.0,0.2,1.0,0.1
1,2025-02-05,18,Wednesday,global_popularity,Non-airport,Evening,Weekday,0.8179882562664732,0.6,0.8815521072431288,0.7,0.9078370554004552,0.85
1,2025-02-05,18,Wednesday,zone_hour_profile,Airport,Evening,Weekday,1.0,0.4,1.0,0.2,1.0,0.1
1,2025-02-05,18,Wednesday,zone_hour_profile,Non-airport,Evening,Weekday,0.995428557700948,0.8,0.9951806532242617,0.9,0.9953189753144936,0.95
1,2025-02-05,18,Wednesday,same_hour_last_week,Airport,Evening,Weekday,1.0,0.4,1.0,0.2,1.0,0.1
1,2025-02-05,18,Wednesday,same_hour_last_week,Non-airport,Evening,Weekday,0.9898146148952487,0.6,0.994579893949992,0.9,0.9983381268272498,1.0
1,2025-02-05,18,Wednesday,trailing_4_week_profile,Airport,Evening,Weekday,1.0,0.4,1.0,0.2,1.0,0.1
1,2025-02-05,18,Wednesday,trailing_4_week_profile,Non-airport,Evening,Weekday,0.995428557700948,0.8,0.9951806532242617,0.9,0.9953492670535339,0.95
1,2025-02-05,19,Wednesday,global_popularity,Airport,Evening,Weekday,1.0,0.4,1.0,0.2,1.0,0.1
1,2025-02-05,19,Wednesday,global_popularity,Non-airport,Evening,Weekday,0.8077409053474639,0.6,0.8682249362302961,0.8,0.8994252229493309,0.85
1,2025-02-05,19,Wednesday,zone_hour_profile,Airport,Evening,Weekday,1.0,0.4,1.0,0.2,1.0,0.1
1,2025-02-05,19,Wednesday,zone_hour_profile,Non-airport,Evening,Weekday,0.9849490352769117,0.8,0.9914773490994386,0.9,0.9915067796113085,0.9
1,2025-02-05,19,Wednesday,same_hour_last_week,Airport,Evening,Weekday,1.0,0.4,1.0,0.2,1.0,0.1
1,2025-02-05,19,Wednesday,same_hour_last_week,Non-airport,Evening,Weekday,1.0,1.0,0.9930752227800251,0.9,0.9941960346147379,0.95
1,2025-02-05,19,Wednesday,trailing_4_week_profile,Airport,Evening,Weekday,1.0,0.4,1.0,0.2,1.0,0.1
1,2025-02-05,19,Wednesday,trailing_4_week_profile,Non-airport,Evening,Weekday,0.999577592712778,1.0,0.9909604872680676,0.9,0.9922810883962832,0.9
1,2025-02-05,20,Wednesday,global_popularity,Airport,Evening,Weekday,1.0,0.4,1.0,0.2,1.0,0.1
1,2025-02-05,20,Wednesday,global_popularity,Non-airport,Evening,Weekday,0.8085486781321523,0.6,0.8608929020066165,0.8,0.8871391230564697,0.85
1,2025-02-05,20,Wednesday,zone_hour_profile,Airport,Evening,Weekday,1.0,0.4,1.0,0.2,1.0,0.1
1,2025-02-05,20,Wednesday,zone_hour_profile,Non-airport,Evening,Weekday,0.9969107727228718,1.0,0.988623582641035,0.8,0.9880323464849778,0.9
1,2025-02-05,20,Wednesday,same_hour_last_week,Airport,Evening,Weekday,1.0,0.4,1.0,0.2,1.0,0.1
1,2025-02-05,20,Wednesday,same_hour_last_week,Non-airport,Evening,Weekday,0.9925167295356031,1.0,0.9758539812109436,0.7,0.984634179394299,0.9
1,2025-02-05,20,Wednesday,trailing_4_week_profile,Airport,Evening,Weekday,1.0,0.4,1.0,0.2,1.0,0.1
1,2025-02-05,20,Wednesday,trailing_4_week_profile,Non-airport,Evening,Weekday,0.9969107727228718,1.0,0.988623582641035,0.8,0.987996029989182,0.9
1,2025-02-05,21,Wednesday,global_popularity,Airport,Late evening,Weekday,1.0,0.4,1.0,0.2,1.0,0.1
1,2025-02-05,21,Wednesday,global_popularity,Non-airport,Late evening,Weekday,0.7631377231586212,0.6,0.8290360518276849,0.7,0.8592015963550143,0.75
1,2025-02-05,21,Wednesday,zone_hour_profile,Airport,Late evening,Weekday,1.0,0.4,1.0,0.2,1.0,0.1
1,2025-02-05,21,Wednesday,zone_hour_profile,Non-airport,Late evening,Weekday,0.984657625532316,0.8,0.9953179968014206,0.9,0.9932489060686299,0.9
1,2025-02-05,21,Wednesday,same_hour_last_week,Airport,Late evening,Weekday,1.0,0.4,1.0,0.2,1.0,0.1
1,2025-02-05,21,Wednesday,same_hour_last_week,Non-airport,Late evening,Weekday,0.9491848165275238,0.6,0.9694449546397751,0.8,0.9827684556403385,0.9
1,2025-02-05,21,Wednesday,trailing_4_week_profile,Airport,Late evening,Weekday,1.0,0.4,1.0,0.2,1.0,0.1
1,2025-02-05,21,Wednesday,trailing_4_week_profile,Non-airport,Late evening,Weekday,0.984657625532316,0.8,0.9939645421017004,0.9,0.9922297864378273,0.9
1,2025-02-05,22,Wednesday,global_popularity,Airport,Late evening,Weekday,1.0,0.4,1.0,0.2,1.0,0.1
1,2025-02-05,22,Wednesday,global_popularity,Non-airport,Late evening,Weekday,0.6941014593910853,0.6,0.7432821131087727,0.6,0.8109394778967208,0.75
1,2025-02-05,22,Wednesday,zone_hour_profile,Airport,Late evening,Weekday,1.0,0.4,1.0,0.2,1.0,0.1
1,2025-02-05,22,Wednesday,zone_hour_profile,Non-airport,Late evening,Weekday,0.989220108577347,0.8,0.979216855179895,0.8,0.9926365191250877,0.9
1,2025-02-05,22,Wednesday,same_hour_last_week,Airport,Late evening,Weekday,0.9623029996581308,0.4,0.9623029996581308,0.2,0.9623029996581308,0.1
1,2025-02-05,22,Wednesday,same_hour_last_week,Non-airport,Late evening,Weekday,0.9690661558271956,0.8,0.9419747569233077,0.7,0.9769814756868405,0.95
1,2025-02-05,22,Wednesday,trailing_4_week_profile,Airport,Late evening,Weekday,1.0,0.4,1.0,0.2,1.0,0.1
1,2025-02-05,22,Wednesday,trailing_4_week_profile,Non-airport,Late evening,Weekday,0.989220108577347,0.8,0.9766161223660399,0.8,0.9903731246506505,0.9
1,2025-02-05,23,Wednesday,global_popularity,Airport,Late evening,Weekday,1.0,0.4,1.0,0.2,1.0,0.1
1,2025-02-05,23,Wednesday,global_popularity,Non-airport,Late evening,Weekday,0.6084301408763433,0.4,0.684848262991521,0.4,0.7714850068733019,0.75
1,2025-02-05,23,Wednesday,zone_hour_profile,Airport,Late evening,Weekday,1.0,0.4,1.0,0.2,1.0,0.1
1,2025-02-05,23,Wednesday,zone_hour_profile,Non-airport,Late evening,Weekday,0.9226983159156101,0.8,0.9599145106053555,0.8,0.9744033625866573,0.95
1,2025-02-05,23,Wednesday,same_hour_last_week,Airport,Late evening,Weekday,1.0,0.4,1.0,0.2,1.0,0.1
1,2025-02-05,23,Wednesday,same_hour_last_week,Non-airport,Late evening,Weekday,0.9541661921334255,0.8,0.9372460852350586,0.8,0.9708189258928827,0.9
1,2025-02-05,23,Wednesday,trailing_4_week_profile,Airport,Late evening,Weekday,1.0,0.4,1.0,0.2,1.0,0.1
1,2025-02-05,23,Wednesday,trailing_4_week_profile,Non-airport,Late evening,Weekday,0.921751841546873,0.8,0.9596746889367105,0.8,0.9735078691796459,0.95
1,2025-02-06,0,Thursday,global_popularity,Airport,Overnight,Weekday,1.0,0.4,1.0,0.2,1.0,0.1
1,2025-02-06,0,Thursday,global_popularity,Non-airport,Overnight,Weekday,0.6433435994524176,0.6,0.6398192124879342,0.4,0.7478618471881197,0.65
1,2025-02-06,0,Thursday,zone_hour_profile,Airport,Overnight,Weekday,1.0,0.4,1.0,0.2,1.0,0.1
1,2025-02-06,0,Thursday,zone_hour_profile,Non-airport,Overnight,Weekday,0.9617891778960043,0.8,0.9790136082414349,1.0,0.959163180654895,0.75
1,2025-02-06,0,Thursday,same_hour_last_week,Airport,Overnight,Weekday,1.0,0.4,1.0,0.2,1.0,0.1
1,2025-02-06,0,Thursday,same_hour_last_week,Non-airport,Overnight,Weekday,0.972891386402277,0.8,0.9429749926071842,0.8,0.9560279479534881,0.75
1,2025-02-06,0,Thursday,trailing_4_week_profile,Airport,Overnight,Weekday,1.0,0.4,1.0,0.2,1.0,0.1
1,2025-02-06,0,Thursday,trailing_4_week_profile,Non-airport,Overnight,Weekday,0.944781774812621,0.6,0.9550496235983476,0.9,0.9605587040681599,0.75
1,2025-02-06,1,Thursday,global_popularity,Airport,Overnight,Weekday,1.0,0.2,1.0,0.1,1.0,0.05
1,2025-02-06,1,Thursday,global_popularity,Non-airport,Overnight,Weekday,0.5360337183857907,0.2,0.5307746849593776,0.3,0.6526961191125675,0.6
1,2025-02-06,1,Thursday,zone_hour_profile,Airport,Overnight,Weekday,1.0,0.2,1.0,0.1,1.0,0.05
1,2025-02-06,1,Thursday,zone_hour_profile,Non-airport,Overnight,Weekday,0.8997099336826837,0.8,0.9181746667628937,0.7,0.9509062272489098,0.95
1,2025-02-06,1,Thursday,same_hour_last_week,Airport,Overnight,Weekday,0.6309297535714574,0.2,0.6309297535714574,0.1,0.6309297535714574,0.05
1,2025-02-06,1,Thursday,same_hour_last_week,Non-airport,Overnight,Weekday,0.7371231154193381,0.4,0.8435548308871821,0.7,0.9013372446832634,0.9
1,2025-02-06,1,Thursday,trailing_4_week_profile,Airport,Overnight,Weekday,1.0,0.2,1.0,0.1,1.0,0.05
1,2025-02-06,1,Thursday,trailing_4_week_profile,Non-airport,Overnight,Weekday,0.8947823271662938,0.8,0.9074903312491113,0.7,0.9415480005173452,0.9
1,2025-02-06,2,Thursday,global_popularity,Airport,Overnight,Weekday,0.9746061155257189,0.4,0.9746061155257189,0.2,0.9746061155257189,0.1
1,2025-02-06,2,Thursday,global_popularity,Non-airport,Overnight,Weekday,0.25603978521860093,0.2,0.2608598084349396,0.1,0.4365286369642456,0.45
1,2025-02-06,2,Thursday,zone_hour_profile,Airport,Overnight,Weekday,0.9746061155257189,0.4,0.9746061155257189,0.2,0.9746061155257189,0.1
1,2025-02-06,2,Thursday,zone_hour_profile,Non-airport,Overnight,Weekday,0.8656914362595625,0.4,0.7999184142393473,0.6,0.8694458887544421,0.65
1,2025-02-06,2,Thursday,same_hour_last_week,Airport,Overnight,Weekday,0.9746061155257189,0.4,0.9746061155257189,0.2,0.9746061155257189,0.1
1,2025-02-06,2,Thursday,same_hour_last_week,Non-airport,Overnight,Weekday,0.6692656527825331,0.2,0.7989463778932198,0.6,0.8550632639842254,0.7
1,2025-02-06,2,Thursday,trailing_4_week_profile,Airport,Overnight,Weekday,0.9746061155257189,0.4,0.9746061155257189,0.2,0.9746061155257189,0.1
1,2025-02-06,2,Thursday,trailing_4_week_profile,Non-airport,Overnight,Weekday,0.871471494710944,0.4,0.8945762289797127,0.7,0.9029558737132517,0.7
1,2025-02-06,3,Thursday,global_popularity,Airport,Overnight,Weekday,0.6309297535714575,0.2,0.6309297535714575,0.1,0.6309297535714575,0.05
1,2025-02-06,3,Thursday,global_popularity,Non-airport,Overnight,Weekday,0.30904855605388865,0.2,0.334519050182826,0.3,0.47493162812103434,0.6
1,2025-02-06,3,Thursday,zone_hour_profile,Airport,Overnight,Weekday,0.6309297535714575,0.2,0.6309297535714575,0.1,0.6309297535714575,0.05
1,2025-02-06,3,Thursday,zone_hour_profile,Non-airport,Overnight,Weekday,0.779073659242399,0.6,0.7812503498788199,0.4,0.8496976507873067,0.8
1,2025-02-06,3,Thursday,same_hour_last_week,Airport,Overnight,Weekday,0.6309297535714575,0.2,0.6309297535714575,0.1,0.6309297535714575,0.05
1,2025-02-06,3,Thursday,same_hour_last_week,Non-airport,Overnight,Weekday,0.902444840693206,0.6,0.9060799326343172,0.7,0.9040499541435071,0.75
1,2025-02-06,3,Thursday,trailing_4_week_profile,Airport,Overnight,Weekday,0.6309297535714575,0.2,0.6309297535714575,0.1,0.6309297535714575,0.05
1,2025-02-06,3,Thursday,trailing_4_week_profile,Non-airport,Overnight,Weekday,0.9169825800138124,0.8,0.8925411009292984,0.6,0.9011913127674251,0.8
1,2025-02-06,4,Thursday,global_popularity,Airport,Overnight,Weekday,1.0,0.2,1.0,0.1,1.0,0.05
1,2025-02-06,4,Thursday,global_popularity,Non-airport,Overnight,Weekday,0.44180615087988634,0.4,0.48390774035321643,0.4,0.6122478568434482,0.6
1,2025-02-06,4,Thursday,zone_hour_profile,Airport,Overnight,Weekday,1.0,0.2,1.0,0.1,1.0,0.05
1,2025-02-06,4,Thursday,zone_hour_profile,Non-airport,Overnight,Weekday,0.7260826696378305,0.4,0.7379609276640631,0.3,0.7524615496764201,0.6
1,2025-02-06,4,Thursday,same_hour_last_week,Airport,Overnight,Weekday,1.0,0.2,1.0,0.1,1.0,0.05
1,2025-02-06,4,Thursday,same_hour_last_week,Non-airport,Overnight,Weekday,0.898757869744772,0.6,0.8341514532670834,0.4,0.885508257093118,0.75
1,2025-02-06,4,Thursday,trailing_4_week_profile,Airport,Overnight,Weekday,1.0,0.2,1.0,0.1,1.0,0.05
1,2025-02-06,4,Thursday,trailing_4_week_profile,Non-airport,Overnight,Weekday,0.8461550807786232,0.4,0.8385826520133881,0.4,0.8528283374684756,0.65
1,2025-02-06,5,Thursday,global_popularity,Airport,Overnight,Weekday,1.0,0.4,1.0,0.2,1.0,0.1
1,2025-02-06,5,Thursday,global_popularity,Non-airport,Overnight,Weekday,0.5883632787085141,0.4,0.618592949555059,0.5,0.7181396833996099,0.7
1,2025-02-06,5,Thursday,zone_hour_profile,Airport,Overnight,Weekday,1.0,0.4,1.0,0.2,1.0,0.1
1,2025-02-06,5,Thursday,zone_hour_profile,Non-airport,Overnight,Weekday,0.9517102749960944,0.8,0.947726286523249,0.6,0.9463896540809147,0.8
1,2025-02-06,5,Thursday,same_hour_last_week,Airport,Overnight,Weekday,0.9980305812025572,0.4,0.9980305812025572,0.2,0.9980305812025572,0.1
1,2025-02-06,5,Thursday,same_hour_last_week,Non-airport,Overnight,Weekday,0.9487897663246565,0.8,0.9029066450592719,0.5,0.9393852680984485,0.8
1,2025-02-06,5,Thursday,trailing_4_week_profile,Airport,Overnight,Weekday,1.0,0.4,1.0,0.2,1.0,0.1
1,2025-02-06,5,Thursday,trailing_4_week_profile,Non-airport,Overnight,Weekday,0.9517102749960944,0.8,0.9111835473534142,0.5,0.9414795480072057,0.8
1,2025-02-06,6,Thursday,global_popularity,Airport,Morning,Weekday,1.0,0.4,1.0,0.2,1.0,0.1
1,2025-02-06,6,Thursday,global_popularity,Non-airport,Morning,Weekday,0.6706810795789846,0.4,0.6425631539813251,0.4,0.7378514379385607,0.75
1,2025-02-06,6,Thursday,zone_hour_profile,Airport,Morning,Weekday,1.0,0.4,1.0,0.2,1.0,0.1
1,2025-02-06,6,Thursday,zone_hour_profile,Non-airport,Morning,Weekday,0.9484311555661181,0.6,0.9610059245890866,0.9,0.9723775823985132,0.9
1,2025-02-06,6,Thursday,same_hour_last_week,Airport,Morning,Weekday,1.0,0.4,1.0,0.2,1.0,0.1
1,2025-02-06,6,Thursday,same_hour_last_week,Non-airport,Morning,Weekday,0.9659762326716635,0.6,0.9621432664323409,0.8,0.979472634910524,0.9
1,2025-02-06,6,Thursday,trailing_4_week_profile,Airport,Morning,Weekday,1.0,0.4,1.0,0.2,1.0,0.1
1,2025-02-06,6,Thursday,trailing_4_week_profile,Non-airport,Morning,Weekday,0.9525290104539634,0.6,0.9644338641084496,0.9,0.9751129307324219,0.9
1,2025-02-06,7,Thursday,global_popularity,Airport,Morning,Weekday,1.0,0.4,1.0,0.2,1.0,0.1
1,2025-02-06,7,Thursday,global_popularity,Non-airport,Morning,Weekday,0.8120122705099155,0.6,0.8111132742634081,0.6,0.8522082861960373,0.8
1,2025-02-06,7,Thursday,zone_hour_profile,Airport,Morning,Weekday,1.0,0.4,1.0,0.2,1.0,0.1
1,2025-02-06,7,Thursday,zone_hour_profile,Non-airport,Morning,Weekday,0.984921572207814,0.8,0.9854053511341923,0.9,0.9915010463325696,0.9
1,2025-02-06,7,Thursday,same_hour_last_week,Airport,Morning,Weekday,1.0,0.4,1.0,0.2,1.0,0.1
1,2025-02-06,7,Thursday,same_hour_last_week,Non-airport,Morning,Weekday,0.9662693300290649,0.6,0.9905443364495294,0.9,0.980998358671266,0.9
1,2025-02-06,7,Thursday,trailing_4_week_profile,Airport,Morning,Weekday,1.0,0.4,1.0,0.2,1.0,0.1
1,2025-02-06,7,Thursday,trailing_4_week_profile,Non-airport,Morning,Weekday,0.984921572207814,0.8,0.9959557236451793,1.0,0.9816261413141651,0.85
1,2025-02-06,8,Thursday,global_popularity,Airport,Morning,Weekday,1.0,0.4,1.0,0.2,1.0,0.1
1,2025-02-06,8,Thursday,global_popularity,Non-airport,Morning,Weekday,0.7806604096993602,0.4,0.7982837714515708,0.6,0.8675906957484039,0.8
1,2025-02-06,8,Thursday,zone_hour_profile,Airport,Morning,Weekday,1.0,0.4,1.0,0.2,1.0,0.1
1,2025-02-06,8,Thursday,zone_hour_profile,Non-airport,Morning,Weekday,0.980195328326903,0.8,0.985893084111589,0.9,0.9913084635169794,0.9
1,2025-02-06,8,Thursday,same_hour_last_week,Airport,Morning,Weekday,1.0,0.4,1.0,0.2,1.0,0.1
1,2025-02-06,8,Thursday,same_hour_last_week,Non-airport,Morning,Weekday,0.975735690540505,0.6,0.9640532594871105,0.8,0.9858262043512206,0.9
1,2025-02-06,8,Thursday,trailing_4_week_profile,Airport,Morning,Weekday,1.0,0.4,1.0,0.2,1.0,0.1
1,2025-02-06,8,Thursday,trailing_4_week_profile,Non-airport,Morning,Weekday,0.9802397636125255,0.8,0.9853195013309284,0.9,0.9880070226536533,0.9
1,2025-02-06,9,Thursday,global_popularity,Airport,Morning,Weekday,0.9756938114767854,0.4,0.9756938114767854,0.2,0.9756938114767854,0.1
1,2025-02-06,9,Thursday,global_popularity,Non-airport,Morning,Weekday,0.9014703748739388,0.6,0.8933532931546523,0.7,0.9224716679364959,0.85
1,2025-02-06,9,Thursday,zone_hour_profile,Airport,Morning,Weekday,1.0,0.4,1.0,0.2,1.0,0.1
1,2025-02-06,9,Thursday,zone_hour_profile,Non-airport,Morning,Weekday,0.9954641995277472,0.6,0.9966369851341484,0.9,0.9970594894899344,0.95
1,2025-02-06,9,Thursday,same_hour_last_week,Airport,Morning,Weekday,1.0,0.4,1.0,0.2,1.0,0.1
1,2025-02-06,9,Thursday,same_hour_last_week,Non-airport,Morning,Weekday,0.9830721360588389,0.6,0.9865271626707772,0.8,0.9835487904422594,0.9
1,2025-02-06,9,Thursday,trailing_4_week_profile,Airport,Morning,Weekday,1.0,0.4,1.0,0.2,1.0,0.1
1,2025-02-06,9,Thursday,trailing_4_week_profile,Non-airport,Morning,Weekday,0.9954641995277472,0.6,0.9966369851341484,0.9,0.9969245358127227,0.95
1,2025-02-06,10,Thursday,global_popularity,Airport,Midday,Weekday,0.9956944200208225,0.4,0.9956944200208225,0.2,0.9956944200208225,0.1
1,2025-02-06,10,Thursday,global_popularity,Non-airport,Midday,Weekday,0.9332744885054557,0.8,0.9389612748350269,0.8,0.9466027637067878,0.85
1,2025-02-06,10,Thursday,zone_hour_profile,Airport,Midday,Weekday,1.0,0.4,1.0,0.2,1.0,0.1
1,2025-02-06,10,Thursday,zone_hour_profile,Non-airport,Midday,Weekday,0.9995463657715354,1.0,0.9956479209039916,0.9,0.9989477398219971,1.0
1,2025-02-06,10,Thursday,same_hour_last_week,Airport,Midday,Weekday,1.0,0.4,1.0,0.2,1.0,0.1
1,2025-02-06,10,Thursday,same_hour_last_week,Non-airport,Midday,Weekday,0.9998873037015702,1.0,0.9956217304821059,0.9,0.9979771613271775,1.0
1,2025-02-06,10,Thursday,trailing_4_week_profile,Airport,Midday,Weekday,1.0,0.4,1.0,0.2,1.0,0.1
1,2025-02-06,10,Thursday,trailing_4_week_profile,Non-airport,Midday,Weekday,0.9995463657715354,1.0,0.9956097289513662,0.9,0.9986205718061306,1.0
1,2025-02-06,11,Thursday,global_popularity,Airport,Midday,Weekday,0.9311944906929771,0.4,0.9311944906929771,0.2,0.9311944906929771,0.1
1,2025-02-06,11,Thursday,global_popularity,Non-airport,Midday,Weekday,0.9371827154106989,0.6,0.9244914005199084,0.7,0.9529814283622328,0.8
1,2025-02-06,11,Thursday,zone_hour_profile,Airport,Midday,Weekday,1.0,0.4,1.0,0.2,1.0,0.1
1,2025-02-06,11,Thursday,zone_hour_profile,Non-airport,Midday,Weekday,0.99497754366535,0.8,0.9913063088932369,0.9,0.994697834122071,0.95
1,2025-02-06,11,Thursday,same_hour_last_week,Airport,Midday,Weekday,1.0,0.4,1.0,0.2,1.0,0.1
1,2025-02-06,11,Thursday,same_hour_last_week,Non-airport,Midday,Weekday,0.9650073950367991,0.8,0.9603108263694063,0.7,0.9885537438517138,0.95
1,2025-02-06,11,Thursday,trailing_4_week_profile,Airport,Midday,Weekday,1.0,0.4,1.0,0.2,1.0,0.1
1,2025-02-06,11,Thursday,trailing_4_week_profile,Non-airport,Midday,Weekday,0.9831171758557211,0.8,0.9723412367023484,0.8,0.9925260594744869,0.95
1,2025-02-06,12,Thursday,global_popularity,Airport,Midday,Weekday,1.0,0.4,1.0,0.2,1.0,0.1
1,2025-02-06,12,Thursday,global_popularity,Non-airport,Midday,Weekday,0.962778012694982,0.6,0.9783103075001445,0.8,0.9770173613594766,0.85
1,2025-02-06,12,Thursday,zone_hour_profile,Airport,Midday,Weekday,0.9798979285347722,0.4,0.9798979285347722,0.2,0.9798979285347722,0.1
1,2025-02-06,12,Thursday,zone_hour_profile,Non-airport,Midday,Weekday,0.9841382028526512,0.8,0.9929162448002744,0.9,0.9899007795925752,0.9
1,2025-02-06,12,Thursday,same_hour_last_week,Airport,Midday,Weekday,0.9798979285347722,0.4,0.9798979285347722,0.2,0.9798979285347722,0.1
1,2025-02-06,12,Thursday,same_hour_last_week,Non-airport,Midday,Weekday,0.9891915570512093,0.8,0.9853792339041706,0.8,0.9917235216587248,0.95
1,2025-02-06,12,Thursday,trailing_4_week_profile,Airport,Midday,Weekday,0.9798979285347722,0.4,0.9798979285347722,0.2,0.9798979285347722,0.1
1,2025-02-06,12,Thursday,trailing_4_week_profile,Non-airport,Midday,Weekday,0.9836459325836423,0.8,0.9821450433562198,0.8,0.9893454235405406,0.95
1,2025-02-06,13,Thursday,global_popularity,Airport,Midday,Weekday,1.0,0.4,1.0,0.2,1.0,0.1
1,2025-02-06,13,Thursday,global_popularity,Non-airport,Midday,Weekday,0.9355822348001371,0.8,0.9506260130308294,0.8,0.9549162210767439,0.85
1,2025-02-06,13,Thursday,zone_hour_profile,Airport,Midday,Weekday,0.960316760016794,0.4,0.960316760016794,0.2,0.960316760016794,0.1
1,2025-02-06,13,Thursday,zone_hour_profile,Non-airport,Midday,Weekday,0.9656709406542189,1.0,0.9535609654493781,0.7,0.9724805125104982,0.95
1,2025-02-06,13,Thursday,same_hour_last_week,Airport,Midday,Weekday,0.960316760016794,0.4,0.960316760016794,0.2,0.960316760016794,0.1
1,2025-02-06,13,Thursday,same_hour_last_week,Non-airport,Midday,Weekday,0.9659823770942263,1.0,0.9587003988442891,0.8,0.9750349960034902,0.95
1,2025-02-06,13,Thursday,trailing_4_week_profile,Airport,Midday,Weekday,0.960316760016794,0.4,0.960316760016794,0.2,0.960316760016794,0.1
1,2025-02-06,13,Thursday,trailing_4_week_profile,Non-airport,Midday,Weekday,0.9656709406542189,1.0,0.9579745588002881,0.8,0.972963242767136,0.95
1,2025-02-06,14,Thursday,global_popularity,Airport,Midday,Weekday,1.0,0.6,1.0,0.3,1.0,0.15
1,2025-02-06,14,Thursday,global_popularity,Non-airport,Midday,Weekday,0.9575494406453611,0.8,0.9634841260192402,0.8,0.9626368939186412,0.85
1,2025-02-06,14,Thursday,zone_hour_profile,Airport,Midday,Weekday,0.8935961114194022,0.6,0.8935961114194022,0.3,0.8935961114194022,0.15
1,2025-02-06,14,Thursday,zone_hour_profile,Non-airport,Midday,Weekday,0.955751420452226,0.8,0.947736017109422,0.8,0.9646804152639022,0.85
1,2025-02-06,14,Thursday,same_hour_last_week,Airport,Midday,Weekday,0.8935961114194022,0.6,0.8935961114194022,0.3,0.8935961114194022,0.15
1,2025-02-06,14,Thursday,same_hour_last_week,Non-airport,Midday,Weekday,0.9698110051272095,0.8,0.9776031682122426,0.9,0.9747907491379988,0.85
1,2025-02-06,14,Thursday,trailing_4_week_profile,Airport,Midday,Weekday,0.8935961114194022,0.6,0.8935961114194022,0.3,0.8935961114194022,0.15
1,2025-02-06,14,Thursday,trailing_4_week_profile,Non-airport,Midday,Weekday,0.9698110051272095,0.8,0.958721786209604,0.8,0.9731409389398286,0.85
1,2025-02-06,15,Thursday,global_popularity,Airport,Midday,Weekday,1.0,0.4,1.0,0.2,1.0,0.1
1,2025-02-06,15,Thursday,global_popularity,Non-airport,Midday,Weekday,0.9477250993178729,0.6,0.9521497146875807,0.8,0.9528630943245441,0.8
1,2025-02-06,15,Thursday,zone_hour_profile,Airport,Midday,Weekday,1.0,0.4,1.0,0.2,1.0,0.1
1,2025-02-06,15,Thursday,zone_hour_profile,Non-airport,Midday,Weekday,0.9624141168609088,0.8,0.9687135814005227,0.8,0.9785698976331081,0.9
1,2025-02-06,15,Thursday,same_hour_last_week,Airport,Midday,Weekday,1.0,0.4,1.0,0.2,1.0,0.1
1,2025-02-06,15,Thursday,same_hour_last_week,Non-airport,Midday,Weekday,0.9689321019971778,0.8,0.9646313474946547,0.8,0.980663214846268,0.9
1,2025-02-06,15,Thursday,trailing_4_week_profile,Airport,Midday,Weekday,1.0,0.4,1.0,0.2,1.0,0.1
1,2025-02-06,15,Thursday,trailing_4_week_profile,Non-airport,Midday,Weekday,0.9624141168609088,0.8,0.9572690885953629,0.7,0.9775619075407443,0.9
1,2025-02-06,16,Thursday,global_popularity,Airport,Evening,Weekday,1.0,0.4,1.0,0.2,1.0,0.1
1,2025-02-06,16,Thursday,global_popularity,Non-airport,Evening,Weekday,0.9146517875657846,0.8,0.9254413751903862,0.7,0.9335417846568752,0.8
1,2025-02-06,16,Thursday,zone_hour_profile,Airport,Evening,Weekday,1.0,0.4,1.0,0.2,1.0,0.1
1,2025-02-06,16,Thursday,zone_hour_profile,Non-airport,Evening,Weekday,0.9853233362556959,0.8,0.988337182543742,0.8,0.9901465856189232,0.9
1,2025-02-06,16,Thursday,same_hour_last_week,Airport,Evening,Weekday,1.0,0.4,1.0,0.2,1.0,0.1
1,2025-02-06,16,Thursday,same_hour_last_week,Non-airport,Evening,Weekday,0.9853233362556959,0.8,0.9958279494036318,0.9,0.9890085149391346,0.9
1,2025-02-06,16,Thursday,trailing_4_week_profile,Airport,Evening,Weekday,1.0,0.4,1.0,0.2,1.0,0.1
1,2025-02-06,16,Thursday,trailing_4_week_profile,Non-airport,Evening,Weekday,0.9822670387013219,0.8,0.9934526758279977,0.9,0.987550862682154,0.9
1,2025-02-06,17,Thursday,global_popularity,Airport,Evening,Weekday,1.0,0.4,1.0,0.2,1.0,0.1
1,2025-02-06,17,Thursday,global_popularity,Non-airport,Evening,Weekday,0.8501460924004195,0.8,0.8943152484690021,0.8,0.9035274035425527,0.8
1,2025-02-06,17,Thursday,zone_hour_profile,Airport,Evening,Weekday,1.0,0.4,1.0,0.2,1.0,0.1
1,2025-02-06,17,Thursday,zone_hour_profile,Non-airport,Evening,Weekday,0.9737058898180396,0.8,0.9865626218100167,1.0,0.9788053620081202,0.85
1,2025-02-06,17,Thursday,same_hour_last_week,Airport,Evening,Weekday,1.0,0.4,1.0,0.2,1.0,0.1
1,2025-02-06,17,Thursday,same_hour_last_week,Non-airport,Evening,Weekday,0.9846659594916589,0.8,0.9874264802028621,1.0,0.9841556061825962,0.9
1,2025-02-06,17,Thursday,trailing_4_week_profile,Airport,Evening,Weekday,1.0,0.4,1.0,0.2,1.0,0.1
1,2025-02-06,17,Thursday,trailing_4_week_profile,Non-airport,Evening,Weekday,0.9737058898180396,0.8,0.9865626218100167,1.0,0.9822162254250524,0.9
1,2025-02-06,18,Thursday,global_popularity,Airport,Evening,Weekday,0.9688180875668148,0.4,0.9688180875668148,0.2,0.9688180875668148,0.1
1,2025-02-06,18,Thursday,global_popularity,Non-airport,Evening,Weekday,0.8335037392965445,0.6,0.902151296612969,0.8,0.9125834735273592,0.8
1,2025-02-06,18,Thursday,zone_hour_profile,Airport,Evening,Weekday,0.9688180875668148,0.4,0.9688180875668148,0.2,0.9688180875668148,0.1
1,2025-02-06,18,Thursday,zone_hour_profile,Non-airport,Evening,Weekday,0.9875906980859485,0.8,0.9981265847417944,1.0,0.9955448468378164,0.95
1,2025-02-06,18,Thursday,same_hour_last_week,Airport,Evening,Weekday,0.9688180875668148,0.4,0.9688180875668148,0.2,0.9688180875668148,0.1
1,2025-02-06,18,Thursday,same_hour_last_week,Non-airport,Evening,Weekday,1.0,1.0,0.9973084455218816,0.9,0.9975989035952663,0.95
1,2025-02-06,18,Thursday,trailing_4_week_profile,Airport,Evening,Weekday,0.9688180875668148,0.4,0.9688180875668148,0.2,0.9688180875668148,0.1
1,2025-02-06,18,Thursday,trailing_4_week_profile,Non-airport,Evening,Weekday,0.9875906980859485,0.8,0.9981265847417944,1.0,0.9954146336525307,0.95
1,2025-02-06,19,Thursday,global_popularity,Airport,Evening,Weekday,1.0,0.4,1.0,0.2,1.0,0.1
1,2025-02-06,19,Thursday,global_popularity,Non-airport,Evening,Weekday,0.7957465416710722,0.4,0.8711995985512728,0.7,0.9035855367448029,0.8
1,2025-02-06,19,Thursday,zone_hour_profile,Airport,Evening,Weekday,1.0,0.4,1.0,0.2,1.0,0.1
1,2025-02-06,19,Thursday,zone_hour_profile,Non-airport,Evening,Weekday,0.9590682475354237,0.6,0.9827326254792493,0.9,0.9873459569426324,0.85
1,2025-02-06,19,Thursday,same_hour_last_week,Airport,Evening,Weekday,1.0,0.4,1.0,0.2,1.0,0.1
1,2025-02-06,19,Thursday,same_hour_last_week,Non-airport,Evening,Weekday,0.9598285867053763,0.6,0.9769679167925664,0.9,0.98416464091548,0.9
1,2025-02-06,19,Thursday,trailing_4_week_profile,Airport,Evening,Weekday,1.0,0.4,1.0,0.2,1.0,0.1
1,2025-02-06,19,Thursday,trailing_4_week_profile,Non-airport,Evening,Weekday,0.9590682475354237,0.6,0.9817762025275467,0.9,0.9864736593276408,0.85
1,2025-02-06,20,Thursday,global_popularity,Airport,Evening,Weekday,1.0,0.4,1.0,0.2,1.0,0.1
1,2025-02-06,20,Thursday,global_popularity,Non-airport,Evening,Weekday,0.8034357073949464,0.6,0.8624986837629484,0.7,0.8984213625759307,0.85
1,2025-02-06,20,Thursday,zone_hour_profile,Airport,Evening,Weekday,1.0,0.4,1.0,0.2,1.0,0.1
1,2025-02-06,20,Thursday,zone_hour_profile,Non-airport,Evening,Weekday,0.9925088964089189,0.8,0.9881231268772905,0.9,0.9900338741447934,0.9
1,2025-02-06,20,Thursday,same_hour_last_week,Airport,Evening,Weekday,1.0,0.4,1.0,0.2,1.0,0.1
1,2025-02-06,20,Thursday,same_hour_last_week,Non-airport,Evening,Weekday,0.9748578298921667,0.8,0.9882654015615953,0.9,0.9892648981221102,0.85
1,2025-02-06,20,Thursday,trailing_4_week_profile,Airport,Evening,Weekday,1.0,0.4,1.0,0.2,1.0,0.1
1,2025-02-06,20,Thursday,trailing_4_week_profile,Non-airport,Evening,Weekday,0.9948771644351146,0.8,0.9919803653425787,0.9,0.9933608499636258,0.9
1,2025-02-06,21,Thursday,global_popularity,Airport,Late evening,Weekday,1.0,0.4,1.0,0.2,1.0,0.1
1,2025-02-06,21,Thursday,global_popularity,Non-airport,Late evening,Weekday,0.7496233215022257,0.4,0.8144185630012616,0.7,0.8593467590862625,0.8
1,2025-02-06,21,Thursday,zone_hour_profile,Airport,Late evening,Weekday,1.0,0.4,1.0,0.2,1.0,0.1
1,2025-02-06,21,Thursday,zone_hour_profile,Non-airport,Late evening,Weekday,0.9883941777345497,0.8,0.9897879511525474,0.9,0.9905208355532034,0.9
1,2025-02-06,21,Thursday,same_hour_last_week,Airport,Late evening,Weekday,1.0,0.4,1.0,0.2,1.0,0.1
1,2025-02-06,21,Thursday,same_hour_last_week,Non-airport,Late evening,Weekday,0.9762183435685948,0.8,0.984414416394329,1.0,0.9816830597246172,0.9
1,2025-02-06,21,Thursday,trailing_4_week_profile,Airport,Late evening,Weekday,1.0,0.4,1.0,0.2,1.0,0.1
1,2025-02-06,21,Thursday,trailing_4_week_profile,Non-airport,Late evening,Weekday,0.9883941777345497,0.8,0.9910511290357488,0.9,0.9951985564278305,0.95
1,2025-02-06,22,Thursday,global_popularity,Airport,Late evening,Weekday,1.0,0.4,1.0,0.2,1.0,0.1
1,2025-02-06,22,Thursday,global_popularity,Non-airport,Late evening,Weekday,0.7269612001441779,0.4,0.7702189310810477,0.5,0.8096089939983463,0.75
1,2025-02-06,22,Thursday,zone_hour_profile,Airport,Late evening,Weekday,1.0,0.4,1.0,0.2,1.0,0.1
1,2025-02-06,22,Thursday,zone_hour_profile,Non-airport,Late evening,Weekday,0.9601223379734111,0.6,0.979556984499646,0.8,0.9744612409269325,0.9
1,2025-02-06,22,Thursday,same_hour_last_week,Airport,Late evening,Weekday,1.0,0.4,1.0,0.2,1.0,0.1
1,2025-02-06,22,Thursday,same_hour_last_week,Non-airport,Late evening,Weekday,0.9456900222676468,0.8,0.9661808023803111,0.8,0.9732891683008263,0.9
1,2025-02-06,22,Thursday,trailing_4_week_profile,Airport,Late evening,Weekday,1.0,0.4,1.0,0.2,1.0,0.1
1,2025-02-06,22,Thursday,trailing_4_week_profile,Non-airport,Late evening,Weekday,0.9434268399279687,0.6,0.967420973171429,0.8,0.9652834499633349,0.9
1,2025-02-06,23,Thursday,global_popularity,Airport,Late evening,Weekday,1.0,0.4,1.0,0.2,1.0,0.1
1,2025-02-06,23,Thursday,global_popularity,Non-airport,Late evening,Weekday,0.5764031641123568,0.2,0.6021056040241441,0.3,0.7191503554838162,0.7
1,2025-02-06,23,Thursday,zone_hour_profile,Airport,Late evening,Weekday,1.0,0.4,1.0,0.2,1.0,0.1
1,2025-02-06,23,Thursday,zone_hour_profile,Non-airport,Late evening,Weekday,0.9562685735964442,0.8,0.9510289995157841,0.9,0.962614712312863,0.9
1,2025-02-06,23,Thursday,same_hour_last_week,Airport,Late evening,Weekday,1.0,0.4,1.0,0.2,1.0,0.1
1,2025-02-06,23,Thursday,same_hour_last_week,Non-airport,Late evening,Weekday,0.9855871789479991,0.8,0.9566227854417348,0.8,0.9859316791113161,0.95
1,2025-02-06,23,Thursday,trailing_4_week_profile,Airport,Late evening,Weekday,1.0,0.4,1.0,0.2,1.0,0.1
1,2025-02-06,23,Thursday,trailing_4_week_profile,Non-airport,Late evening,Weekday,0.9855871789479991,0.8,0.9658861298895296,0.8,0.9783686238708502,0.9
1,2025-02-07,0,Friday,global_popularity,Airport,Overnight,Weekday,1.0,0.4,1.0,0.2,1.0,0.1
1,2025-02-07,0,Friday,global_popularity,Non-airport,Overnight,Weekday,0.4366334820772767,0.2,0.4602634414978764,0.2,0.5942586314102646,0.65
1,2025-02-07,0,Friday,zone_hour_profile,Airport,Overnight,Weekday,1.0,0.4,1.0,0.2,1.0,0.1
1,2025-02-07,0,Friday,zone_hour_profile,Non-airport,Overnight,Weekday,0.974132676158644,0.8,0.9709190764229015,0.8,0.9653540624744625,0.85
1,2025-02-07,0,Friday,same_hour_last_week,Airport,Overnight,Weekday,1.0,0.4,1.0,0.2,1.0,0.1
1,2025-02-07,0,Friday,same_hour_last_week,Non-airport,Overnight,Weekday,0.9328473532826993,0.8,0.9475449810181953,0.8,0.9504421107633257,0.85
1,2025-02-07,0,Friday,trailing_4_week_profile,Airport,Overnight,Weekday,1.0,0.4,1.0,0.2,1.0,0.1
1,2025-02-07,0,Friday,trailing_4_week_profile,Non-airport,Overnight,Weekday,0.9699680709066937,0.8,0.971882859168575,0.8,0.9667120362400111,0.85
1,2025-02-07,1,Friday,global_popularity,Airport,Overnight,Weekday,1.0,0.4,1.0,0.2,1.0,0.1
1,2025-02-07,1,Friday,global_popularity,Non-airport,Overnight,Weekday,0.25190097971236347,0.0,0.2869485520531753,0.1,0.4801394675536841,0.6
1,2025-02-07,1,Friday,zone_hour_profile,Airport,Overnight,Weekday,1.0,0.4,1.0,0.2,1.0,0.1
1,2025-02-07,1,Friday,zone_hour_profile,Non-airport,Overnight,Weekday,0.9505664942128123,0.6,0.9261325220118645,0.8,0.9588911743328967,0.9
1,2025-02-07,1,Friday,same_hour_last_week,Airport,Overnight,Weekday,1.0,0.4,1.0,0.2,1.0,0.1
1,2025-02-07,1,Friday,same_hour_last_week,Non-airport,Overnight,Weekday,0.9815224501201895,0.8,0.9476306223238885,0.8,0.9665980663220107,0.85
1,2025-02-07,1,Friday,trailing_4_week_profile,Airport,Overnight,Weekday,1.0,0.4,1.0,0.2,1.0,0.1
1,2025-02-07,1,Friday,trailing_4_week_profile,Non-airport,Overnight,Weekday,0.9130223911920634,0.6,0.9197690593871193,0.8,0.9529339964188486,0.9
1,2025-02-07,2,Friday,global_popularity,Airport,Overnight,Weekday,1.0,0.2,1.0,0.1,1.0,0.05
1,2025-02-07,2,Friday,global_popularity,Non-airport,Overnight,Weekday,0.19137565315860294,0.0,0.21073306287465882,0.1,0.4220267697013999,0.5
1,2025-02-07,2,Friday,zone_hour_profile,Airport,Overnight,Weekday,1.0,0.2,1.0,0.1,1.0,0.05
1,2025-02-07,2,Friday,zone_hour_profile,Non-airport,Overnight,Weekday,0.9178378847963593,0.8,0.9210964205443242,0.8,0.9274306808251327,0.9
1,2025-02-07,2,Friday,same_hour_last_week,Airport,Overnight,Weekday,1.0,0.2,1.0,0.1,1.0,0.05
1,2025-02-07,2,Friday,same_hour_last_week,Non-airport,Overnight,Weekday,0.9178378847963593,0.8,0.8794527079031095,0.7,0.924251242879624,0.9
1,2025-02-07,2,Friday,trailing_4_week_profile,Airport,Overnight,Weekday,1.0,0.2,1.0,0.1,1.0,0.05
1,2025-02-07,2,Friday,trailing_4_week_profile,Non-airport,Overnight,Weekday,0.9303358579106659,0.8,0.9150861053884407,0.7,0.9353247363247492,0.9
1,2025-02-07,3,Friday,global_popularity,Airport,Overnight,Weekday,1.0,0.2,1.0,0.1,1.0,0.05
1,2025-02-07,3,Friday,global_popularity,Non-airport,Overnight,Weekday,0.23833895190315052,0.0,0.2520711574319057,0.1,0.40859147252412714,0.4
1,2025-02-07,3,Friday,zone_hour_profile,Airport,Overnight,Weekday,1.0,0.2,1.0,0.1,1.0,0.05
1,2025-02-07,3,Friday,zone_hour_profile,Non-airport,Overnight,Weekday,0.8398895590389938,0.8,0.8858180426609572,0.7,0.8829706500129291,0.7
1,2025-02-07,3,Friday,same_hour_last_week,Airport,Overnight,Weekday,1.0,0.2,1.0,0.1,1.0,0.05
1,2025-02-07,3,Friday,same_hour_last_week,Non-airport,Overnight,Weekday,0.8797034535348258,0.8,0.9340803479560001,0.9,0.8964616536143164,0.65
1,2025-02-07,3,Friday,trailing_4_week_profile,Airport,Overnight,Weekday,1.0,0.2,1.0,0.1,1.0,0.05
1,2025-02-07,3,Friday,trailing_4_week_profile,Non-airport,Overnight,Weekday,0.9511692255867704,1.0,0.9317005166076885,0.8,0.9136546355596643,0.75
1,2025-02-07,4,Friday,global_popularity,Airport,Overnight,Weekday,1.0,0.2,1.0,0.1,1.0,0.05
1,2025-02-07,4,Friday,global_popularity,Non-airport,Overnight,Weekday,0.4518755822622489,0.2,0.5096803720611125,0.3,0.6809515813825907,0.7
1,2025-02-07,4,Friday,zone_hour_profile,Airport,Overnight,Weekday,1.0,0.2,1.0,0.1,1.0,0.05
1,2025-02-07,4,Friday,zone_hour_profile,Non-airport,Overnight,Weekday,0.9593411933242845,0.8,0.907805670940952,0.6,0.9394649541650784,0.8
1,2025-02-07,4,Friday,same_hour_last_week,Airport,Overnight,Weekday,1.0,0.2,1.0,0.1,1.0,0.05
1,2025-02-07,4,Friday,same_hour_last_week,Non-airport,Overnight,Weekday,0.8434999821624491,0.6,0.830371324993677,0.6,0.8527026621370419,0.65
1,2025-02-07,4,Friday,trailing_4_week_profile,Airport,Overnight,Weekday,1.0,0.2,1.0,0.1,1.0,0.05
1,2025-02-07,4,Friday,trailing_4_week_profile,Non-airport,Overnight,Weekday,0.8706232380502866,0.6,0.9114472753783556,0.7,0.9372305414823383,0.8
1,2025-02-07,5,Friday,global_popularity,Airport,Overnight,Weekday,1.0,0.4,1.0,0.2,1.0,0.1
1,2025-02-07,5,Friday,global_popularity,Non-airport,Overnight,Weekday,0.7157279954286179,0.6,0.7619357359938965,0.7,0.8060839901366307,0.8
1,2025-02-07,5,Friday,zone_hour_profile,Airport,Overnight,Weekday,1.0,0.4,1.0,0.2,1.0,0.1
1,2025-02-07,5,Friday,zone_hour_profile,Non-airport,Overnight,Weekday,0.834184052143127,0.4,0.8415499559557059,0.7,0.8913668837838874,0.8
1,2025-02-07,5,Friday,same_hour_last_week,Airport,Overnight,Weekday,1.0,0.4,1.0,0.2,1.0,0.1
1,2025-02-07,5,Friday,same_hour_last_week,Non-airport,Overnight,Weekday,0.8123940339104133,0.4,0.8717165583772278,0.8,0.8874564280078676,0.75
1,2025-02-07,5,Friday,trailing_4_week_profile,Airport,Overnight,Weekday,1.0,0.4,1.0,0.2,1.0,0.1
1,2025-02-07,5,Friday,trailing_4_week_profile,Non-airport,Overnight,Weekday,0.834184052143127,0.4,0.8416916539463938,0.7,0.8926361591570128,0.8
1,2025-02-07,6,Friday,global_popularity,Airport,Morning,Weekday,1.0,0.4,1.0,0.2,1.0,0.1
1,2025-02-07,6,Friday,global_popularity,Non-airport,Morning,Weekday,0.8200050157561419,0.6,0.820309660351459,0.6,0.8451009110226104,0.8
1,2025-02-07,6,Friday,zone_hour_profile,Airport,Morning,Weekday,1.0,0.4,1.0,0.2,1.0,0.1
1,2025-02-07,6,Friday,zone_hour_profile,Non-airport,Morning,Weekday,0.9370457601991329,0.8,0.9392372251155114,0.8,0.9555967723669161,0.9
1,2025-02-07,6,Friday,same_hour_last_week,Airport,Morning,Weekday,1.0,0.4,1.0,0.2,1.0,0.1
1,2025-02-07,6,Friday,same_hour_last_week,Non-airport,Morning,Weekday,0.8902494993907596,0.6,0.9379657248810398,0.8,0.9553584534093021,0.9
1,2025-02-07,6,Friday,trailing_4_week_profile,Airport,Morning,Weekday,1.0,0.4,1.0,0.2,1.0,0.1
1,2025-02-07,6,Friday,trailing_4_week_profile,Non-airport,Morning,Weekday,0.9370457601991329,0.8,0.9392372251155114,0.8,0.9546364932735593,0.9
1,2025-02-07,7,Friday,global_popularity,Airport,Morning,Weekday,1.0,0.4,1.0,0.2,1.0,0.1
1,2025-02-07,7,Friday,global_popularity,Non-airport,Morning,Weekday,0.8228982413397793,0.6,0.8191611494970273,0.6,0.8461840953990517,0.7
1,2025-02-07,7,Friday,zone_hour_profile,Airport,Morning,Weekday,1.0,0.4,1.0,0.2,1.0,0.1
1,2025-02-07,7,Friday,zone_hour_profile,Non-airport,Morning,Weekday,1.0,1.0,0.9958700951212988,0.9,0.9778637407852137,0.9
1,2025-02-07,7,Friday,same_hour_last_week,Airport,Morning,Weekday,1.0,0.4,1.0,0.2,1.0,0.1
1,2025-02-07,7,Friday,same_hour_last_week,Non-airport,Morning,Weekday,1.0,1.0,0.9941956379688203,0.8,0.9741312948655532,0.9
1,2025-02-07,7,Friday,trailing_4_week_profile,Airport,Morning,Weekday,1.0,0.4,1.0,0.2,1.0,0.1
1,2025-02-07,7,Friday,trailing_4_week_profile,Non-airport,Morning,Weekday,0.9993451100888203,1.0,0.9914081723380932,0.8,0.9774906809754388,0.9
1,2025-02-07,8,Friday,global_popularity,Airport,Morning,Weekday,1.0,0.4,1.0,0.2,1.0,0.1
1,2025-02-07,8,Friday,global_popularity,Non-airport,Morning,Weekday,0.839994032489696,0.4,0.8530792082436213,0.7,0.8898694680786342,0.8
1,2025-02-07,8,Friday,zone_hour_profile,Airport,Morning,Weekday,1.0,0.4,1.0,0.2,1.0,0.1
1,2025-02-07,8,Friday,zone_hour_profile,Non-airport,Morning,Weekday,0.9850928812289583,0.8,0.981043671815695,0.8,0.9801241289909796,0.95
1,2025-02-07,8,Friday,same_hour_last_week,Airport,Morning,Weekday,1.0,0.4,1.0,0.2,1.0,0.1
1,2025-02-07,8,Friday,same_hour_last_week,Non-airport,Morning,Weekday,0.9658887444887051,0.8,0.973929098172981,0.8,0.9750021584335407,0.95
1,2025-02-07,8,Friday,trailing_4_week_profile,Airport,Morning,Weekday,1.0,0.4,1.0,0.2,1.0,0.1
1,2025-02-07,8,Friday,trailing_4_week_profile,Non-airport,Morning,Weekday,0.9850928812289583,0.8,0.9801410446637253,0.8,0.9738708794354591,0.9
1,2025-02-07,9,Friday,global_popularity,Airport,Morning,Weekday,0.8944600795387355,0.4,0.8944600795387355,0.2,0.8944600795387355,0.1
1,2025-02-07,9,Friday,global_popularity,Non-airport,Morning,Weekday,0.9110288407269013,0.6,0.8939430479124089,0.7,0.9178859317789542,0.85
1,2025-02-07,9,Friday,zone_hour_profile,Airport,Morning,Weekday,1.0,0.4,1.0,0.2,1.0,0.1
1,2025-02-07,9,Friday,zone_hour_profile,Non-airport,Morning,Weekday,0.9869857308641115,0.6,0.9815469312402316,0.9,0.9939727112166578,0.95
1,2025-02-07,9,Friday,same_hour_last_week,Airport,Morning,Weekday,1.0,0.4,1.0,0.2,1.0,0.1
1,2025-02-07,9,Friday,same_hour_last_week,Non-airport,Morning,Weekday,0.9883023440253188,0.8,0.9501259939206752,0.7,0.9894835052710661,0.95
1,2025-02-07,9,Friday,trailing_4_week_profile,Airport,Morning,Weekday,1.0,0.4,1.0,0.2,1.0,0.1
1,2025-02-07,9,Friday,trailing_4_week_profile,Non-airport,Morning,Weekday,0.9869857308641115,0.6,0.97124911118593,0.8,0.9926535399879943,0.95
1,2025-02-07,10,Friday,global_popularity,Airport,Midday,Weekday,0.9081085331912603,0.4,0.9081085331912603,0.2,0.9081085331912603,0.1
1,2025-02-07,10,Friday,global_popularity,Non-airport,Midday,Weekday,0.9439684654654308,1.0,0.9272605184709616,0.8,0.9372713147405348,0.85
1,2025-02-07,10,Friday,zone_hour_profile,Airport,Midday,Weekday,1.0,0.4,1.0,0.2,1.0,0.1
1,2025-02-07,10,Friday,zone_hour_profile,Non-airport,Midday,Weekday,0.9775963553070256,0.8,0.969653910954391,0.8,0.992166545536148,0.9
1,2025-02-07,10,Friday,same_hour_last_week,Airport,Midday,Weekday,1.0,0.4,1.0,0.2,1.0,0.1
1,2025-02-07,10,Friday,same_hour_last_week,Non-airport,Midday,Weekday,0.9675223554946037,0.6,0.9630177634089588,0.8,0.9863234445008785,0.9
1,2025-02-07,10,Friday,trailing_4_week_profile,Airport,Midday,Weekday,1.0,0.4,1.0,0.2,1.0,0.1
1,2025-02-07,10,Friday,trailing_4_week_profile,Non-airport,Midday,Weekday,0.9760418863206765,0.8,0.9684986126743605,0.8,0.9893727319301036,0.9
1,2025-02-07,11,Friday,global_popularity,Airport,Midday,Weekday,0.9649722963022713,0.4,0.9649722963022713,0.2,0.9649722963022713,0.1
1,2025-02-07,11,Friday,global_popularity,Non-airport,Midday,Weekday,0.9486696387767914,0.8,0.9698036164702741,0.9,0.9546828607481449,0.85
1,2025-02-07,11,Friday,zone_hour_profile,Airport,Midday,Weekday,1.0,0.4,1.0,0.2,1.0,0.1
1,2025-02-07,11,Friday,zone_hour_profile,Non-airport,Midday,Weekday,0.9714410899207044,0.8,0.9811017667215061,0.9,0.9828406035706905,0.9
1,2025-02-07,11,Friday,same_hour_last_week,Airport,Midday,Weekday,1.0,0.4,1.0,0.2,1.0,0.1
1,2025-02-07,11,Friday,same_hour_last_week,Non-airport,Midday,Weekday,0.9582909090651,0.8,0.966562479292677,0.8,0.9802286767907454,0.95
1,2025-02-07,11,Friday,trailing_4_week_profile,Airport,Midday,Weekday,1.0,0.4,1.0,0.2,1.0,0.1
1,2025-02-07,11,Friday,trailing_4_week_profile,Non-airport,Midday,Weekday,0.9714410899207044,0.8,0.968248597598842,0.8,0.9820480240450915,0.95
1,2025-02-07,12,Friday,global_popularity,Airport,Midday,Weekday,0.9405743336027012,0.4,0.9405743336027012,0.2,0.9405743336027012,0.1
1,2025-02-07,12,Friday,global_popularity,Non-airport,Midday,Weekday,0.9791836569262535,1.0,0.9641873195518647,0.7,0.9550564910377842,0.8
1,2025-02-07,12,Friday,zone_hour_profile,Airport,Midday,Weekday,1.0,0.4,1.0,0.2,1.0,0.1
1,2025-02-07,12,Friday,zone_hour_profile,Non-airport,Midday,Weekday,0.9396022186674253,0.6,0.9519189193488901,0.8,0.979347021644044,1.0
1,2025-02-07,12,Friday,same_hour_last_week,Airport,Midday,Weekday,1.0,0.4,1.0,0.2,1.0,0.1
1,2025-02-07,12,Friday,same_hour_last_week,Non-airport,Midday,Weekday,0.9534183991800924,0.6,0.9540252098910252,0.7,0.9862942231258072,1.0
1,2025-02-07,12,Friday,trailing_4_week_profile,Airport,Midday,Weekday,1.0,0.4,1.0,0.2,1.0,0.1
1,2025-02-07,12,Friday,trailing_4_week_profile,Non-airport,Midday,Weekday,0.9549352719235584,0.6,0.9641788705403107,0.8,0.9884016852436687,1.0
1,2025-02-07,13,Friday,global_popularity,Airport,Midday,Weekday,1.0,0.4,1.0,0.2,1.0,0.1
1,2025-02-07,13,Friday,global_popularity,Non-airport,Midday,Weekday,0.9878723827130118,1.0,0.9880148712711408,0.9,0.9770481926347353,0.85
1,2025-02-07,13,Friday,zone_hour_profile,Airport,Midday,Weekday,0.9908106622494169,0.4,0.9908106622494169,0.2,0.9908106622494169,0.1
1,2025-02-07,13,Friday,zone_hour_profile,Non-airport,Midday,Weekday,0.9716643304527471,0.8,0.9752266694270131,0.8,0.9870346286930554,0.95
1,2025-02-07,13,Friday,same_hour_last_week,Airport,Midday,Weekday,0.9908106622494169,0.4,0.9908106622494169,0.2,0.9908106622494169,0.1
1,2025-02-07,13,Friday,same_hour_last_week,Non-airport,Midday,Weekday,0.9716643304527471,0.8,0.9747369634057623,0.8,0.9839111477664779,0.95
1,2025-02-07,13,Friday,trailing_4_week_profile,Airport,Midday,Weekday,0.9908106622494169,0.4,0.9908106622494169,0.2,0.9908106622494169,0.1
1,2025-02-07,13,Friday,trailing_4_week_profile,Non-airport,Midday,Weekday,0.9716643304527471,0.8,0.9752266694270131,0.8,0.986478576921986,0.95
1,2025-02-07,14,Friday,global_popularity,Airport,Midday,Weekday,1.0,0.4,1.0,0.2,1.0,0.1
1,2025-02-07,14,Friday,global_popularity,Non-airport,Midday,Weekday,0.966719539738438,0.6,0.9877579864480726,0.8,0.9740145638795364,0.85
1,2025-02-07,14,Friday,zone_hour_profile,Airport,Midday,Weekday,0.9274451520397269,0.4,0.9274451520397269,0.2,0.9274451520397269,0.1
1,2025-02-07,14,Friday,zone_hour_profile,Non-airport,Midday,Weekday,0.9974661355732036,1.0,0.9801652932660717,0.8,0.9898081727177034,0.95
1,2025-02-07,14,Friday,same_hour_last_week,Airport,Midday,Weekday,0.9274451520397269,0.4,0.9274451520397269,0.2,0.9274451520397269,0.1
1,2025-02-07,14,Friday,same_hour_last_week,Non-airport,Midday,Weekday,0.9974661355732036,1.0,0.9778710650817156,0.7,0.9876330394968452,0.9
1,2025-02-07,14,Friday,trailing_4_week_profile,Airport,Midday,Weekday,0.9274451520397269,0.4,0.9274451520397269,0.2,0.9274451520397269,0.1
1,2025-02-07,14,Friday,trailing_4_week_profile,Non-airport,Midday,Weekday,0.9974661355732036,1.0,0.9799018010010243,0.7,0.9901113587323517,0.95
1,2025-02-07,15,Friday,global_popularity,Airport,Midday,Weekday,1.0,0.4,1.0,0.2,1.0,0.1
1,2025-02-07,15,Friday,global_popularity,Non-airport,Midday,Weekday,0.9713879545901398,0.8,0.9612533302453161,0.7,0.9720647671226452,0.85
1,2025-02-07,15,Friday,zone_hour_profile,Airport,Midday,Weekday,1.0,0.4,1.0,0.2,1.0,0.1
1,2025-02-07,15,Friday,zone_hour_profile,Non-airport,Midday,Weekday,0.9695320459272593,0.8,0.9759231811670487,0.7,0.9908059870354484,0.95
1,2025-02-07,15,Friday,same_hour_last_week,Airport,Midday,Weekday,1.0,0.4,1.0,0.2,1.0,0.1
1,2025-02-07,15,Friday,same_hour_last_week,Non-airport,Midday,Weekday,0.988579772716386,0.8,0.9494668395853751,0.5,0.9896060247560633,0.95
1,2025-02-07,15,Friday,trailing_4_week_profile,Airport,Midday,Weekday,1.0,0.4,1.0,0.2,1.0,0.1
1,2025-02-07,15,Friday,trailing_4_week_profile,Non-airport,Midday,Weekday,0.9894161585214944,0.8,0.971262263557205,0.6,0.9927350177656351,0.95
1,2025-02-07,16,Friday,global_popularity,Airport,Evening,Weekday,1.0,0.6,1.0,0.3,1.0,0.15
1,2025-02-07,16,Friday,global_popularity,Non-airport,Evening,Weekday,0.9479636577102445,0.6,0.9581301830172303,0.7,0.9569736689858886,0.85
1,2025-02-07,16,Friday,zone_hour_profile,Airport,Evening,Weekday,1.0,0.6,1.0,0.3,1.0,0.15
1,2025-02-07,16,Friday,zone_hour_profile,Non-airport,Evening,Weekday,0.9999001033962657,0.8,0.9936326645138475,0.9,0.9902906546066256,0.85
1,2025-02-07,16,Friday,same_hour_last_week,Airport,Evening,Weekday,1.0,0.6,1.0,0.3,1.0,0.15
1,2025-02-07,16,Friday,same_hour_last_week,Non-airport,Evening,Weekday,0.9999001033962657,0.8,0.9967554350144003,0.9,0.9950232070025467,0.9
1,2025-02-07,16,Friday,trailing_4_week_profile,Airport,Evening,Weekday,1.0,0.6,1.0,0.3,1.0,0.15
1,2025-02-07,16,Friday,trailing_4_week_profile,Non-airport,Evening,Weekday,0.9942830230876588,0.8,0.9847743825223438,0.8,0.9907622916061625,0.9
1,2025-02-07,17,Friday,global_popularity,Airport,Evening,Weekday,1.0,0.6,1.0,0.3,1.0,0.15
1,2025-02-07,17,Friday,global_popularity,Non-airport,Evening,Weekday,0.8874381738589181,0.6,0.9376268052828762,0.8,0.9356650490077437,0.75
1,2025-02-07,17,Friday,zone_hour_profile,Airport,Evening,Weekday,1.0,0.6,1.0,0.3,1.0,0.15
1,2025-02-07,17,Friday,zone_hour_profile,Non-airport,Evening,Weekday,0.9920789319636558,0.8,0.9924803122570816,0.9,0.9914804852432664,0.95
1,2025-02-07,17,Friday,same_hour_last_week,Airport,Evening,Weekday,1.0,0.6,1.0,0.3,1.0,0.15
1,2025-02-07,17,Friday,same_hour_last_week,Non-airport,Evening,Weekday,0.9920789319636558,0.8,0.9882542253706116,0.8,0.9904723189415701,0.9
1,2025-02-07,17,Friday,trailing_4_week_profile,Airport,Evening,Weekday,1.0,0.6,1.0,0.3,1.0,0.15
1,2025-02-07,17,Friday,trailing_4_week_profile,Non-airport,Evening,Weekday,0.9920789319636558,0.8,0.9931848660761092,0.9,0.991843045656283,0.95
1,2025-02-07,18,Friday,global_popularity,Airport,Evening,Weekday,1.0,0.4,1.0,0.2,1.0,0.1
1,2025-02-07,18,Friday,global_popularity,Non-airport,Evening,Weekday,0.9190835930227547,0.8,0.9495199373643561,0.8,0.9580856739448984,0.9
1,2025-02-07,18,Friday,zone_hour_profile,Airport,Evening,Weekday,1.0,0.4,1.0,0.2,1.0,0.1
1,2025-02-07,18,Friday,zone_hour_profile,Non-airport,Evening,Weekday,0.9729117651454313,0.8,0.9957885094323137,1.0,0.9929460841430507,0.9
1,2025-02-07,18,Friday,same_hour_last_week,Airport,Evening,Weekday,1.0,0.4,1.0,0.2,1.0,0.1
1,2025-02-07,18,Friday,same_hour_last_week,Non-airport,Evening,Weekday,0.998191498288215,1.0,0.9864536957307491,0.9,0.9952733914157874,0.95
1,2025-02-07,18,Friday,trailing_4_week_profile,Airport,Evening,Weekday,1.0,0.4,1.0,0.2,1.0,0.1
1,2025-02-07,18,Friday,trailing_4_week_profile,Non-airport,Evening,Weekday,0.9729117651454313,0.8,0.9936826674353433,1.0,0.991177602455096,0.9
1,2025-02-07,19,Friday,global_popularity,Airport,Evening,Weekday,1.0,0.4,1.0,0.2,1.0,0.1
1,2025-02-07,19,Friday,global_popularity,Non-airport,Evening,Weekday,0.8751095691563231,0.6,0.9053773355864809,0.7,0.9475583233262168,0.85
1,2025-02-07,19,Friday,zone_hour_profile,Airport,Evening,Weekday,1.0,0.4,1.0,0.2,1.0,0.1
1,2025-02-07,19,Friday,zone_hour_profile,Non-airport,Evening,Weekday,0.9757386026634238,0.8,0.9830750406983182,0.9,0.9863244136843925,0.95
1,2025-02-07,19,Friday,same_hour_last_week,Airport,Evening,Weekday,1.0,0.4,1.0,0.2,1.0,0.1
1,2025-02-07,19,Friday,same_hour_last_week,Non-airport,Evening,Weekday,0.9757386026634238,0.8,0.9787035563532521,0.8,0.9798119168225533,0.9
1,2025-02-07,19,Friday,trailing_4_week_profile,Airport,Evening,Weekday,1.0,0.4,1.0,0.2,1.0,0.1
1,2025-02-07,19,Friday,trailing_4_week_profile,Non-airport,Evening,Weekday,0.9667819787414272,0.6,0.9882770563897262,0.9,0.9850852838792259,0.9
1,2025-02-07,20,Friday,global_popularity,Airport,Evening,Weekday,1.0,0.4,1.0,0.2,1.0,0.1
1,2025-02-07,20,Friday,global_popularity,Non-airport,Evening,Weekday,0.9488830348551515,0.8,0.929817922940797,0.7,0.9535421236861497,0.9
1,2025-02-07,20,Friday,zone_hour_profile,Airport,Evening,Weekday,1.0,0.4,1.0,0.2,1.0,0.1
1,2025-02-07,20,Friday,zone_hour_profile,Non-airport,Evening,Weekday,0.94010256245704,0.8,0.9605804755496211,0.9,0.9676638548948796,0.9
1,2025-02-07,20,Friday,same_hour_last_week,Airport,Evening,Weekday,1.0,0.4,1.0,0.2,1.0,0.1
1,2025-02-07,20,Friday,same_hour_last_week,Non-airport,Evening,Weekday,0.931536982607378,0.6,0.9553815468032366,0.8,0.9664894573927153,0.9
1,2025-02-07,20,Friday,trailing_4_week_profile,Airport,Evening,Weekday,1.0,0.4,1.0,0.2,1.0,0.1
1,2025-02-07,20,Friday,trailing_4_week_profile,Non-airport,Evening,Weekday,0.94010256245704,0.8,0.9603929951976364,0.9,0.9673484513741165,0.9
1,2025-02-07,21,Friday,global_popularity,Airport,Late evening,Weekday,1.0,0.4,1.0,0.2,1.0,0.1
1,2025-02-07,21,Friday,global_popularity,Non-airport,Late evening,Weekday,0.8188525560371699,0.8,0.850563267930198,0.6,0.899381028581631,0.9
1,2025-02-07,21,Friday,zone_hour_profile,Airport,Late evening,Weekday,1.0,0.4,1.0,0.2,1.0,0.1
1,2025-02-07,21,Friday,zone_hour_profile,Non-airport,Late evening,Weekday,0.9269745889716421,0.8,0.9708207418267447,0.9,0.9838153564429928,0.95
1,2025-02-07,21,Friday,same_hour_last_week,Airport,Late evening,Weekday,1.0,0.4,1.0,0.2,1.0,0.1
1,2025-02-07,21,Friday,same_hour_last_week,Non-airport,Late evening,Weekday,0.9276494470795447,0.8,0.9116889357287778,0.8,0.9671060200604074,0.95
1,2025-02-07,21,Friday,trailing_4_week_profile,Airport,Late evening,Weekday,1.0,0.4,1.0,0.2,1.0,0.1
1,2025-02-07,21,Friday,trailing_4_week_profile,Non-airport,Late evening,Weekday,0.9199639305407449,0.8,0.9628104136144503,0.9,0.9774405885722143,0.95
1,2025-02-07,22,Friday,global_popularity,Airport,Late evening,Weekday,1.0,0.4,1.0,0.2,1.0,0.1
1,2025-02-07,22,Friday,global_popularity,Non-airport,Late evening,Weekday,0.6729431617000954,0.2,0.7415815735527652,0.5,0.8444068036190272,0.85
1,2025-02-07,22,Friday,zone_hour_profile,Airport,Late evening,Weekday,1.0,0.4,1.0,0.2,1.0,0.1
1,2025-02-07,22,Friday,zone_hour_profile,Non-airport,Late evening,Weekday,0.9014875118962692,0.6,0.937177481064682,0.8,0.9722894751800035,0.95
1,2025-02-07,22,Friday,same_hour_last_week,Airport,Late evening,Weekday,1.0,0.4,1.0,0.2,1.0,0.1
1,2025-02-07,22,Friday,same_hour_last_week,Non-airport,Late evening,Weekday,0.9348842360476075,0.6,0.9624416867371622,0.9,0.9680821947893952,0.85
1,2025-02-07,22,Friday,trailing_4_week_profile,Airport,Late evening,Weekday,1.0,0.4,1.0,0.2,1.0,0.1
1,2025-02-07,22,Friday,trailing_4_week_profile,Non-airport,Late evening,Weekday,0.9057087339161067,0.6,0.940452524557021,0.8,0.9748080636320466,0.95
1,2025-02-07,23,Friday,global_popularity,Airport,Late evening,Weekday,1.0,0.4,1.0,0.2,1.0,0.1
1,2025-02-07,23,Friday,global_popularity,Non-airport,Late evening,Weekday,0.3118608466105581,0.0,0.3986684352248266,0.2,0.6088853751050914,0.65
1,2025-02-07,23,Friday,zone_hour_profile,Airport,Late evening,Weekday,1.0,0.4,1.0,0.2,1.0,0.1
1,2025-02-07,23,Friday,zone_hour_profile,Non-airport,Late evening,Weekday,0.9710750309180214,0.8,0.9597978295827732,0.8,0.9863287505865761,0.9
1,2025-02-07,23,Friday,same_hour_last_week,Airport,Late evening,Weekday,1.0,0.4,1.0,0.2,1.0,0.1
1,2025-02-07,23,Friday,same_hour_last_week,Non-airport,Late evening,Weekday,0.9706934805026387,0.8,0.9805408659138182,0.9,0.9921293081522613,0.9
1,2025-02-07,23,Friday,trailing_4_week_profile,Airport,Late evening,Weekday,1.0,0.4,1.0,0.2,1.0,0.1
1,2025-02-07,23,Friday,trailing_4_week_profile,Non-airport,Late evening,Weekday,0.9710750309180214,0.8,0.9612160673420969,0.8,0.9878588349151365,0.9
1,2025-02-08,0,Saturday,global_popularity,Airport,Overnight,Weekend,1.0,0.4,1.0,0.2,1.0,0.1
1,2025-02-08,0,Saturday,global_popularity,Non-airport,Overnight,Weekend,0.1844189844225769,0.0,0.2654522153045203,0.1,0.48756585915479306,0.6
1,2025-02-08,0,Saturday,zone_hour_profile,Airport,Overnight,Weekend,1.0,0.4,1.0,0.2,1.0,0.1
1,2025-02-08,0,Saturday,zone_hour_profile,Non-airport,Overnight,Weekend,0.9859332662425386,0.8,0.9894516323751403,0.9,0.9970017187374771,0.95
1,2025-02-08,0,Saturday,same_hour_last_week,Airport,Overnight,Weekend,1.0,0.4,1.0,0.2,1.0,0.1
1,2025-02-08,0,Saturday,same_hour_last_week,Non-airport,Overnight,Weekend,1.0,1.0,0.9915034774745438,0.9,0.9957930772101988,0.9
1,2025-02-08,0,Saturday,trailing_4_week_profile,Airport,Overnight,Weekend,1.0,0.4,1.0,0.2,1.0,0.1
1,2025-02-08,0,Saturday,trailing_4_week_profile,Non-airport,Overnight,Weekend,0.9859332662425386,0.8,0.9894516323751403,0.9,0.9971182976958578,0.95
1,2025-02-08,1,Saturday,global_popularity,Airport,Overnight,Weekend,1.0,0.4,1.0,0.2,1.0,0.1
1,2025-02-08,1,Saturday,global_popularity,Non-airport,Overnight,Weekend,0.09764843251717119,0.0,0.1454413219769907,0.1,0.3608938161106765,0.45
1,2025-02-08,1,Saturday,zone_hour_profile,Airport,Overnight,Weekend,1.0,0.4,1.0,0.2,1.0,0.1
1,2025-02-08,1,Saturday,zone_hour_profile,Non-airport,Overnight,Weekend,0.9982448823904254,1.0,0.996224475771804,0.9,0.9917430859586006,0.95
1,2025-02-08,1,Saturday,same_hour_last_week,Airport,Overnight,Weekend,1.0,0.4,1.0,0.2,1.0,0.1
1,2025-02-08,1,Saturday,same_hour_last_week,Non-airport,Overnight,Weekend,1.0,1.0,0.9917470718959976,0.8,0.9933746818427879,0.95
1,2025-02-08,1,Saturday,trailing_4_week_profile,Airport,Overnight,Weekend,1.0,0.4,1.0,0.2,1.0,0.1
1,2025-02-08,1,Saturday,trailing_4_week_profile,Non-airport,Overnight,Weekend,0.9982448823904254,1.0,0.9956902243975562,0.9,0.9970790917653832,1.0
1,2025-02-08,2,Saturday,global_popularity,Airport,Overnight,Weekend,1.0,0.4,1.0,0.2,1.0,0.1
1,2025-02-08,2,Saturday,global_popularity,Non-airport,Overnight,Weekend,0.04924781191970502,0.0,0.08495460271505986,0.1,0.2887951801550142,0.45
1,2025-02-08,2,Saturday,zone_hour_profile,Airport,Overnight,Weekend,1.0,0.4,1.0,0.2,1.0,0.1
1,2025-02-08,2,Saturday,zone_hour_profile,Non-airport,Overnight,Weekend,1.0,1.0,0.9810171571815758,0.7,0.9941110785813825,0.9
1,2025-02-08,2,Saturday,same_hour_last_week,Airport,Overnight,Weekend,0.6448297472081358,0.4,0.6448297472081358,0.2,0.6448297472081358,0.1
1,2025-02-08,2,Saturday,same_hour_last_week,Non-airport,Overnight,Weekend,1.0,1.0,0.9830605839422104,0.8,0.9934707106475427,0.9
1,2025-02-08,2,Saturday,trailing_4_week_profile,Airport,Overnight,Weekend,1.0,0.4,1.0,0.2,1.0,0.1
1,2025-02-08,2,Saturday,trailing_4_week_profile,Non-airport,Overnight,Weekend,1.0,1.0,0.9810171571815758,0.7,0.9942405268553762,0.9
1,2025-02-08,3,Saturday,global_popularity,Airport,Overnight,Weekend,1.0,0.2,1.0,0.1,1.0,0.05
1,2025-02-08,3,Saturday,global_popularity,Non-airport,Overnight,Weekend,0.04217862047762851,0.0,0.07199224475813461,0.0,0.28775898382757653,0.35
1,2025-02-08,3,Saturday,zone_hour_profile,Airport,Overnight,Weekend,1.0,0.2,1.0,0.1,1.0,0.05
1,2025-02-08,3,Saturday,zone_hour_profile,Non-airport,Overnight,Weekend,1.0,1.0,0.9981715842267563,0.9,0.9906415111331784,0.9
1,2025-02-08,3,Saturday,same_hour_last_week,Airport,Overnight,Weekend,1.0,0.2,1.0,0.1,1.0,0.05
1,2025-02-08,3,Saturday,same_hour_last_week,Non-airport,Overnight,Weekend,0.9812391797960975,1.0,0.9699351690314555,0.9,0.9697080990360599,0.85
1,2025-02-08,3,Saturday,trailing_4_week_profile,Airport,Overnight,Weekend,1.0,0.2,1.0,0.1,1.0,0.05
1,2025-02-08,3,Saturday,trailing_4_week_profile,Non-airport,Overnight,Weekend,0.9812391797960975,1.0,0.9823748597923194,0.9,0.976253265219045,0.9
1,2025-02-08,4,Saturday,global_popularity,Airport,Overnight,Weekend,1.0,0.2,1.0,0.1,1.0,0.05
1,2025-02-08,4,Saturday,global_popularity,Non-airport,Overnight,Weekend,0.1725731010572704,0.0,0.1933038153555585,0.0,0.410980971212365,0.5
1,2025-02-08,4,Saturday,zone_hour_profile,Airport,Overnight,Weekend,0.6309297535714575,0.2,0.6309297535714575,0.1,0.6309297535714575,0.05
1,2025-02-08,4,Saturday,zone_hour_profile,Non-airport,Overnight,Weekend,0.9504794950865714,0.8,0.9662217999821427,0.9,0.9475532403559733,0.75
1,2025-02-08,4,Saturday,same_hour_last_week,Airport,Overnight,Weekend,1.0,0.2,1.0,0.1,1.0,0.05
1,2025-02-08,4,Saturday,same_hour_last_week,Non-airport,Overnight,Weekend,0.9511491405144599,0.8,0.9416072594936985,0.9,0.9333819857723217,0.75
1,2025-02-08,4,Saturday,trailing_4_week_profile,Airport,Overnight,Weekend,1.0,0.2,1.0,0.1,1.0,0.05
1,2025-02-08,4,Saturday,trailing_4_week_profile,Non-airport,Overnight,Weekend,0.9504794950865714,0.8,0.9676151977928568,0.9,0.9409215171507934,0.75
1,2025-02-08,5,Saturday,global_popularity,Airport,Overnight,Weekend,1.0,0.2,1.0,0.1,1.0,0.05
1,2025-02-08,5,Saturday,global_popularity,Non-airport,Overnight,Weekend,0.44778186060920727,0.2,0.5080963078250905,0.4,0.6459874558913339,0.6
1,2025-02-08,5,Saturday,zone_hour_profile,Airport,Overnight,Weekend,1.0,0.2,1.0,0.1,1.0,0.05
1,2025-02-08,5,Saturday,zone_hour_profile,Non-airport,Overnight,Weekend,0.7145328424262991,0.2,0.699017272874715,0.3,0.7452875109489888,0.6
1,2025-02-08,5,Saturday,same_hour_last_week,Airport,Overnight,Weekend,1.0,0.2,1.0,0.1,1.0,0.05
1,2025-02-08,5,Saturday,same_hour_last_week,Non-airport,Overnight,Weekend,0.7533001085770602,0.2,0.6754991213358417,0.3,0.740567282413598,0.55
1,2025-02-08,5,Saturday,trailing_4_week_profile,Airport,Overnight,Weekend,1.0,0.2,1.0,0.1,1.0,0.05
1,2025-02-08,5,Saturday,trailing_4_week_profile,Non-airport,Overnight,Weekend,0.7141788994846832,0.2,0.6594869768790096,0.2,0.7371047168057898,0.6
1,2025-02-08,6,Saturday,global_popularity,Airport,Morning,Weekend,1.0,0.4,1.0,0.2,1.0,0.1
1,2025-02-08,6,Saturday,global_popularity,Non-airport,Morning,Weekend,0.5108918876899375,0.2,0.5676060794093227,0.3,0.6754290570542515,0.75
1,2025-02-08,6,Saturday,zone_hour_profile,Airport,Morning,Weekend,1.0,0.4,1.0,0.2,1.0,0.1
1,2025-02-08,6,Saturday,zone_hour_profile,Non-airport,Morning,Weekend,0.8820592126061829,0.6,0.9179804652876236,0.7,0.8830372972734543,0.7
1,2025-02-08,6,Saturday,same_hour_last_week,Airport,Morning,Weekend,1.0,0.4,1.0,0.2,1.0,0.1
1,2025-02-08,6,Saturday,same_hour_last_week,Non-airport,Morning,Weekend,0.8368103606700737,0.6,0.8529385090632452,0.6,0.8394569210245316,0.6
1,2025-02-08,6,Saturday,trailing_4_week_profile,Airport,Morning,Weekend,1.0,0.4,1.0,0.2,1.0,0.1
1,2025-02-08,6,Saturday,trailing_4_week_profile,Non-airport,Morning,Weekend,0.8897781668583042,0.6,0.8970499220889775,0.6,0.8848355582989804,0.7
1,2025-02-08,7,Saturday,global_popularity,Airport,Morning,Weekend,1.0,0.4,1.0,0.2,1.0,0.1
1,2025-02-08,7,Saturday,global_popularity,Non-airport,Morning,Weekend,0.7744302094707839,0.2,0.7720128519410174,0.4,0.8274731733684351,0.8
1,2025-02-08,7,Saturday,zone_hour_profile,Airport,Morning,Weekend,1.0,0.4,1.0,0.2,1.0,0.1
1,2025-02-08,7,Saturday,zone_hour_profile,Non-airport,Morning,Weekend,0.8598221150559445,0.4,0.9260724607148481,0.7,0.9542080357620415,0.9
1,2025-02-08,7,Saturday,same_hour_last_week,Airport,Morning,Weekend,1.0,0.4,1.0,0.2,1.0,0.1
1,2025-02-08,7,Saturday,same_hour_last_week,Non-airport,Morning,Weekend,0.8983969355517757,0.6,0.9178751580980832,0.7,0.9604475336618902,0.95
1,2025-02-08,7,Saturday,trailing_4_week_profile,Airport,Morning,Weekend,1.0,0.4,1.0,0.2,1.0,0.1
1,2025-02-08,7,Saturday,trailing_4_week_profile,Non-airport,Morning,Weekend,0.9088155578611345,0.6,0.9261912762088216,0.7,0.9613166521575004,0.9
1,2025-02-08,8,Saturday,global_popularity,Airport,Morning,Weekend,1.0,0.4,1.0,0.2,1.0,0.1
1,2025-02-08,8,Saturday,global_popularity,Non-airport,Morning,Weekend,0.8351295330599808,0.6,0.8701318902025644,0.7,0.9002455482361653,0.8
1,2025-02-08,8,Saturday,zone_hour_profile,Airport,Morning,Weekend,1.0,0.4,1.0,0.2,1.0,0.1
1,2025-02-08,8,Saturday,zone_hour_profile,Non-airport,Morning,Weekend,0.9409293084672189,0.8,0.966069938470951,0.8,0.9825588684663416,0.95
1,2025-02-08,8,Saturday,same_hour_last_week,Airport,Morning,Weekend,1.0,0.4,1.0,0.2,1.0,0.1
1,2025-02-08,8,Saturday,same_hour_last_week,Non-airport,Morning,Weekend,0.9022683562127294,0.6,0.9153815904306091,0.6,0.9629067840897785,0.9
1,2025-02-08,8,Saturday,trailing_4_week_profile,Airport,Morning,Weekend,1.0,0.4,1.0,0.2,1.0,0.1
1,2025-02-08,8,Saturday,trailing_4_week_profile,Non-airport,Morning,Weekend,0.9409293084672189,0.8,0.9610367085923942,0.8,0.978811658463356,0.95
1,2025-02-08,9,Saturday,global_popularity,Airport,Morning,Weekend,1.0,0.4,1.0,0.2,1.0,0.1
1,2025-02-08,9,Saturday,global_popularity,Non-airport,Morning,Weekend,0.830375345801912,0.4,0.8606218797835634,0.6,0.895909731940606,0.8
1,2025-02-08,9,Saturday,zone_hour_profile,Airport,Morning,Weekend,1.0,0.4,1.0,0.2,1.0,0.1
1,2025-02-08,9,Saturday,zone_hour_profile,Non-airport,Morning,Weekend,0.9964042743167636,1.0,0.989044632000623,0.8,0.9894317246777544,0.9
1,2025-02-08,9,Saturday,same_hour_last_week,Airport,Morning,Weekend,1.0,0.4,1.0,0.2,1.0,0.1
1,2025-02-08,9,Saturday,same_hour_last_week,Non-airport,Morning,Weekend,0.9964042743167636,1.0,0.976860827467038,0.6,0.9767185199138946,0.85
1,2025-02-08,9,Saturday,trailing_4_week_profile,Airport,Morning,Weekend,1.0,0.4,1.0,0.2,1.0,0.1
1,2025-02-08,9,Saturday,trailing_4_week_profile,Non-airport,Morning,Weekend,0.9964042743167636,1.0,0.989044632000623,0.8,0.989398091215871,0.9
1,2025-02-08,10,Saturday,global_popularity,Airport,Midday,Weekend,0.9953104597065475,0.4,0.9953104597065475,0.2,0.9953104597065475,0.1
1,2025-02-08,10,Saturday,global_popularity,Non-airport,Midday,Weekend,0.9333087213430035,0.8,0.9381497504054546,0.7,0.9339931812873967,0.85
1,2025-02-08,10,Saturday,zone_hour_profile,Airport,Midday,Weekend,0.9953104597065475,0.4,0.9953104597065475,0.2,0.9953104597065475,0.1
1,2025-02-08,10,Saturday,zone_hour_profile,Non-airport,Midday,Weekend,0.9615324750523596,0.8,0.9912949395898571,0.9,0.9937880811698532,1.0
1,2025-02-08,10,Saturday,same_hour_last_week,Airport,Midday,Weekend,0.9953104597065475,0.4,0.9953104597065475,0.2,0.9953104597065475,0.1
1,2025-02-08,10,Saturday,same_hour_last_week,Non-airport,Midday,Weekend,0.9624607164869261,0.8,0.9810836794649108,1.0,0.9812144538556185,0.95
1,2025-02-08,10,Saturday,trailing_4_week_profile,Airport,Midday,Weekend,0.9953104597065475,0.4,0.9953104597065475,0.2,0.9953104597065475,0.1
1,2025-02-08,10,Saturday,trailing_4_week_profile,Non-airport,Midday,Weekend,0.9615324750523596,0.8,0.9897456294077789,0.9,0.9928955398240663,1.0
1,2025-02-08,11,Saturday,global_popularity,Airport,Midday,Weekend,0.980257375673233,0.4,0.980257375673233,0.2,0.980257375673233,0.1
1,2025-02-08,11,Saturday,global_popularity,Non-airport,Midday,Weekend,0.8802605988433388,0.6,0.9153704332461562,0.7,0.9214235524593046,0.85
1,2025-02-08,11,Saturday,zone_hour_profile,Airport,Midday,Weekend,1.0,0.4,1.0,0.2,1.0,0.1
1,2025-02-08,11,Saturday,zone_hour_profile,Non-airport,Midday,Weekend,0.9552012188167708,0.6,0.9777616469381313,0.8,0.9881113192208463,0.95
1,2025-02-08,11,Saturday,same_hour_last_week,Airport,Midday,Weekend,1.0,0.4,1.0,0.2,1.0,0.1
1,2025-02-08,11,Saturday,same_hour_last_week,Non-airport,Midday,Weekend,0.9415731290237777,0.8,0.9650856460068996,0.8,0.9750361974442762,1.0
1,2025-02-08,11,Saturday,trailing_4_week_profile,Airport,Midday,Weekend,1.0,0.4,1.0,0.2,1.0,0.1
1,2025-02-08,11,Saturday,trailing_4_week_profile,Non-airport,Midday,Weekend,0.9742644248008429,0.8,0.9772753827588615,0.8,0.9880889111487491,0.95
1,2025-02-08,12,Saturday,global_popularity,Airport,Midday,Weekend,1.0,0.4,1.0,0.2,1.0,0.1
1,2025-02-08,12,Saturday,global_popularity,Non-airport,Midday,Weekend,0.9672848524010205,0.8,0.968369133262125,0.7,0.9686714668449755,0.85
1,2025-02-08,12,Saturday,zone_hour_profile,Airport,Midday,Weekend,1.0,0.4,1.0,0.2,1.0,0.1
1,2025-02-08,12,Saturday,zone_hour_profile,Non-airport,Midday,Weekend,0.9970350507385815,1.0,0.9782605382922913,0.7,0.9820085566440443,0.85
1,2025-02-08,12,Saturday,same_hour_last_week,Airport,Midday,Weekend,1.0,0.4,1.0,0.2,1.0,0.1
1,2025-02-08,12,Saturday,same_hour_last_week,Non-airport,Midday,Weekend,0.9988057077391091,1.0,0.9910304540935322,0.8,0.9901963623195136,0.9
1,2025-02-08,12,Saturday,trailing_4_week_profile,Airport,Midday,Weekend,1.0,0.4,1.0,0.2,1.0,0.1
1,2025-02-08,12,Saturday,trailing_4_week_profile,Non-airport,Midday,Weekend,0.9970350507385815,1.0,0.9939301426113922,0.9,0.982832264859387,0.85
1,2025-02-08,13,Saturday,global_popularity,Airport,Midday,Weekend,1.0,0.4,1.0,0.2,1.0,0.1
1,2025-02-08,13,Saturday,global_popularity,Non-airport,Midday,Weekend,0.9498817336110652,0.8,0.9688289250415035,0.8,0.969697484496646,0.85
1,2025-02-08,13,Saturday,zone_hour_profile,Airport,Midday,Weekend,1.0,0.4,1.0,0.2,1.0,0.1
1,2025-02-08,13,Saturday,zone_hour_profile,Non-airport,Midday,Weekend,0.9991493857212568,1.0,0.9928523007251425,0.8,0.9866398770148251,0.85
1,2025-02-08,13,Saturday,same_hour_last_week,Airport,Midday,Weekend,1.0,0.4,1.0,0.2,1.0,0.1
1,2025-02-08,13,Saturday,same_hour_last_week,Non-airport,Midday,Weekend,0.9991493857212568,1.0,0.9920284670517474,0.7,0.9874710823482429,0.85
1,2025-02-08,13,Saturday,trailing_4_week_profile,Airport,Midday,Weekend,1.0,0.4,1.0,0.2,1.0,0.1
1,2025-02-08,13,Saturday,trailing_4_week_profile,Non-airport,Midday,Weekend,0.9991493857212568,1.0,0.9948469769956703,0.8,0.9873255510124539,0.85
1,2025-02-08,14,Saturday,global_popularity,Airport,Midday,Weekend,1.0,0.4,1.0,0.2,1.0,0.1
1,2025-02-08,14,Saturday,global_popularity,Non-airport,Midday,Weekend,0.9683375977501548,0.8,0.9738674392768858,0.8,0.9677669412574268,0.85
1,2025-02-08,14,Saturday,zone_hour_profile,Airport,Midday,Weekend,1.0,0.4,1.0,0.2,1.0,0.1
1,2025-02-08,14,Saturday,zone_hour_profile,Non-airport,Midday,Weekend,0.9920590099637098,0.8,0.9876194222013386,0.8,0.9897324645582212,0.9
1,2025-02-08,14,Saturday,same_hour_last_week,Airport,Midday,Weekend,1.0,0.4,1.0,0.2,1.0,0.1
1,2025-02-08,14,Saturday,same_hour_last_week,Non-airport,Midday,Weekend,0.9914032708793289,0.8,0.9942944429496277,0.9,0.9894557613744952,0.9
1,2025-02-08,14,Saturday,trailing_4_week_profile,Airport,Midday,Weekend,1.0,0.4,1.0,0.2,1.0,0.1
1,2025-02-08,14,Saturday,trailing_4_week_profile,Non-airport,Midday,Weekend,0.9920590099637098,0.8,0.9871050539868333,0.8,0.9781741626476904,0.85
1,2025-02-08,15,Saturday,global_popularity,Airport,Midday,Weekend,1.0,0.4,1.0,0.2,1.0,0.1
1,2025-02-08,15,Saturday,global_popularity,Non-airport,Midday,Weekend,0.925136283653976,0.6,0.9452104155930425,0.7,0.9526829877665186,0.8
1,2025-02-08,15,Saturday,zone_hour_profile,Airport,Midday,Weekend,1.0,0.4,1.0,0.2,1.0,0.1
1,2025-02-08,15,Saturday,zone_hour_profile,Non-airport,Midday,Weekend,0.9768258765297975,0.8,0.9718726258633313,0.8,0.9851609644507763,0.95
1,2025-02-08,15,Saturday,same_hour_last_week,Airport,Midday,Weekend,1.0,0.4,1.0,0.2,1.0,0.1
1,2025-02-08,15,Saturday,same_hour_last_week,Non-airport,Midday,Weekend,0.9941504521194483,0.8,0.9646014913767312,0.7,0.9850891258779964,0.95
1,2025-02-08,15,Saturday,trailing_4_week_profile,Airport,Midday,Weekend,1.0,0.4,1.0,0.2,1.0,0.1
1,2025-02-08,15,Saturday,trailing_4_week_profile,Non-airport,Midday,Weekend,0.9856121015410129,0.8,0.9731926884439054,0.8,0.982627095639068,0.9
1,2025-02-08,16,Saturday,global_popularity,Airport,Evening,Weekend,1.0,0.6,1.0,0.3,1.0,0.15
1,2025-02-08,16,Saturday,global_popularity,Non-airport,Evening,Weekend,0.9707753449267698,0.8,0.9779400596304785,0.8,0.9585377765371367,0.8
1,2025-02-08,16,Saturday,zone_hour_profile,Airport,Evening,Weekend,1.0,0.6,1.0,0.3,1.0,0.15
1,2025-02-08,16,Saturday,zone_hour_profile,Non-airport,Evening,Weekend,0.9945728326338076,1.0,0.9850343752204161,0.8,0.9897273500434757,0.9
1,2025-02-08,16,Saturday,same_hour_last_week,Airport,Evening,Weekend,1.0,0.6,1.0,0.3,1.0,0.15
1,2025-02-08,16,Saturday,same_hour_last_week,Non-airport,Evening,Weekend,0.9945264397042726,1.0,0.9679261224567958,0.8,0.9832526481557365,0.85
1,2025-02-08,16,Saturday,trailing_4_week_profile,Airport,Evening,Weekend,1.0,0.6,1.0,0.3,1.0,0.15
1,2025-02-08,16,Saturday,trailing_4_week_profile,Non-airport,Evening,Weekend,0.9945728326338076,1.0,0.9850708214146657,0.8,0.9896909575890174,0.9
1,2025-02-08,17,Saturday,global_popularity,Airport,Evening,Weekend,1.0,0.4,1.0,0.2,1.0,0.1
1,2025-02-08,17,Saturday,global_popularity,Non-airport,Evening,Weekend,0.9832146408551645,0.8,0.9746998538380682,0.9,0.9750445670713977,0.85
1,2025-02-08,17,Saturday,zone_hour_profile,Airport,Evening,Weekend,1.0,0.4,1.0,0.2,1.0,0.1
1,2025-02-08,17,Saturday,zone_hour_profile,Non-airport,Evening,Weekend,0.980565060910576,0.8,0.9689512871480165,0.8,0.9861171312183163,0.95
1,2025-02-08,17,Saturday,same_hour_last_week,Airport,Evening,Weekend,1.0,0.4,1.0,0.2,1.0,0.1
1,2025-02-08,17,Saturday,same_hour_last_week,Non-airport,Evening,Weekend,0.9645787427510615,0.6,0.9757269182519431,0.9,0.9897505365473988,0.95
1,2025-02-08,17,Saturday,trailing_4_week_profile,Airport,Evening,Weekend,1.0,0.4,1.0,0.2,1.0,0.1
1,2025-02-08,17,Saturday,trailing_4_week_profile,Non-airport,Evening,Weekend,0.9832146408551645,0.8,0.9704771566356751,0.8,0.9861540303801263,0.9
1,2025-02-08,18,Saturday,global_popularity,Airport,Evening,Weekend,1.0,0.4,1.0,0.2,1.0,0.1
1,2025-02-08,18,Saturday,global_popularity,Non-airport,Evening,Weekend,0.9708197744667115,0.8,0.9642077422945564,0.7,0.9617278925587377,0.85
1,2025-02-08,18,Saturday,zone_hour_profile,Airport,Evening,Weekend,1.0,0.4,1.0,0.2,1.0,0.1
1,2025-02-08,18,Saturday,zone_hour_profile,Non-airport,Evening,Weekend,0.9943852611096948,0.8,0.9715509852282969,0.7,0.9915219751057384,0.95
1,2025-02-08,18,Saturday,same_hour_last_week,Airport,Evening,Weekend,1.0,0.4,1.0,0.2,1.0,0.1
1,2025-02-08,18,Saturday,same_hour_last_week,Non-airport,Evening,Weekend,0.9635580772318264,0.8,0.9697376391960553,0.8,0.9679178672836083,0.9
1,2025-02-08,18,Saturday,trailing_4_week_profile,Airport,Evening,Weekend,1.0,0.4,1.0,0.2,1.0,0.1
1,2025-02-08,18,Saturday,trailing_4_week_profile,Non-airport,Evening,Weekend,0.9943852611096948,0.8,0.9780589924009147,0.8,0.9920053401687375,0.95
1,2025-02-08,19,Saturday,global_popularity,Airport,Evening,Weekend,1.0,0.4,1.0,0.2,1.0,0.1
1,2025-02-08,19,Saturday,global_popularity,Non-airport,Evening,Weekend,0.874734079622629,0.4,0.8884838334512958,0.5,0.9478889508485836,0.9
1,2025-02-08,19,Saturday,zone_hour_profile,Airport,Evening,Weekend,1.0,0.4,1.0,0.2,1.0,0.1
1,2025-02-08,19,Saturday,zone_hour_profile,Non-airport,Evening,Weekend,0.9849875676288095,0.8,0.9668600008059963,0.7,0.988710621856918,1.0
1,2025-02-08,19,Saturday,same_hour_last_week,Airport,Evening,Weekend,1.0,0.4,1.0,0.2,1.0,0.1
1,2025-02-08,19,Saturday,same_hour_last_week,Non-airport,Evening,Weekend,0.993392126361934,0.8,0.9816178138479977,0.8,0.988128534831543,0.95
1,2025-02-08,19,Saturday,trailing_4_week_profile,Airport,Evening,Weekend,1.0,0.4,1.0,0.2,1.0,0.1
1,2025-02-08,19,Saturday,trailing_4_week_profile,Non-airport,Evening,Weekend,0.9938226678746328,0.8,0.9834373801848191,0.8,0.9942904977623043,1.0
1,2025-02-08,20,Saturday,global_popularity,Airport,Evening,Weekend,1.0,0.4,1.0,0.2,1.0,0.1
1,2025-02-08,20,Saturday,global_popularity,Non-airport,Evening,Weekend,0.6110778211535207,0.0,0.688526134150817,0.3,0.8337865450113,0.8
1,2025-02-08,20,Saturday,zone_hour_profile,Airport,Evening,Weekend,1.0,0.4,1.0,0.2,1.0,0.1
1,2025-02-08,20,Saturday,zone_hour_profile,Non-airport,Evening,Weekend,0.9209264704824693,0.4,0.9358598905831599,0.5,0.9716136162393834,0.85
1,2025-02-08,20,Saturday,same_hour_last_week,Airport,Evening,Weekend,1.0,0.4,1.0,0.2,1.0,0.1
1,2025-02-08,20,Saturday,same_hour_last_week,Non-airport,Evening,Weekend,0.9156094518027118,0.4,0.9578037598939146,0.7,0.9646210080814334,0.9
1,2025-02-08,20,Saturday,trailing_4_week_profile,Airport,Evening,Weekend,1.0,0.4,1.0,0.2,1.0,0.1
1,2025-02-08,20,Saturday,trailing_4_week_profile,Non-airport,Evening,Weekend,0.9194984730619568,0.4,0.9383347852455263,0.6,0.971875199505839,0.85
1,2025-02-08,21,Saturday,global_popularity,Airport,Late evening,Weekend,1.0,0.4,1.0,0.2,1.0,0.1
1,2025-02-08,21,Saturday,global_popularity,Non-airport,Late evening,Weekend,0.5494719864057012,0.0,0.634636775528021,0.4,0.7919883153251417,0.75
1,2025-02-08,21,Saturday,zone_hour_profile,Airport,Late evening,Weekend,1.0,0.4,1.0,0.2,1.0,0.1
1,2025-02-08,21,Saturday,zone_hour_profile,Non-airport,Late evening,Weekend,0.8115390731610327,0.4,0.8718099295394341,0.8,0.9021710523270787,0.8
1,2025-02-08,21,Saturday,same_hour_last_week,Airport,Late evening,Weekend,1.0,0.4,1.0,0.2,1.0,0.1
1,2025-02-08,21,Saturday,same_hour_last_week,Non-airport,Late evening,Weekend,0.8207892468193323,0.4,0.8816198622075111,0.9,0.9069839000039315,0.85
1,2025-02-08,21,Saturday,trailing_4_week_profile,Airport,Late evening,Weekend,1.0,0.4,1.0,0.2,1.0,0.1
1,2025-02-08,21,Saturday,trailing_4_week_profile,Non-airport,Late evening,Weekend,0.8115390731610327,0.4,0.8575681336937916,0.7,0.9022622961044249,0.8
1,2025-02-08,22,Saturday,global_popularity,Airport,Late evening,Weekend,1.0,0.4,1.0,0.2,1.0,0.1
1,2025-02-08,22,Saturday,global_popularity,Non-airport,Late evening,Weekend,0.5017126904822286,0.0,0.600643215707571,0.4,0.7460782336899399,0.75
1,2025-02-08,22,Saturday,zone_hour_profile,Airport,Late evening,Weekend,1.0,0.4,1.0,0.2,1.0,0.1
1,2025-02-08,22,Saturday,zone_hour_profile,Non-airport,Late evening,Weekend,0.8301053885854657,0.6,0.8544202612496433,0.7,0.9007060131709393,0.85
1,2025-02-08,22,Saturday,same_hour_last_week,Airport,Late evening,Weekend,1.0,0.4,1.0,0.2,1.0,0.1
1,2025-02-08,22,Saturday,same_hour_last_week,Non-airport,Late evening,Weekend,0.8522720401934809,0.6,0.8745234411896472,0.7,0.921109946901985,0.9
1,2025-02-08,22,Saturday,trailing_4_week_profile,Airport,Late evening,Weekend,1.0,0.4,1.0,0.2,1.0,0.1
1,2025-02-08,22,Saturday,trailing_4_week_profile,Non-airport,Late evening,Weekend,0.8330407981761813,0.6,0.8582462486308757,0.7,0.9042432467275145,0.85
1,2025-02-08,23,Saturday,global_popularity,Airport,Late evening,Weekend,1.0,0.4,1.0,0.2,1.0,0.1
1,2025-02-08,23,Saturday,global_popularity,Non-airport,Late evening,Weekend,0.45798781224147006,0.2,0.5311159834396202,0.3,0.7108581448180573,0.7
1,2025-02-08,23,Saturday,zone_hour_profile,Airport,Late evening,Weekend,1.0,0.4,1.0,0.2,1.0,0.1
1,2025-02-08,23,Saturday,zone_hour_profile,Non-airport,Late evening,Weekend,0.9388302709965791,0.6,0.9813390097634755,0.9,0.9805440335461357,0.85
1,2025-02-08,23,Saturday,same_hour_last_week,Airport,Late evening,Weekend,1.0,0.4,1.0,0.2,1.0,0.1
1,2025-02-08,23,Saturday,same_hour_last_week,Non-airport,Late evening,Weekend,0.9642421685774014,0.8,0.9829799685199232,0.8,0.9851818633682117,0.85
1,2025-02-08,23,Saturday,trailing_4_week_profile,Airport,Late evening,Weekend,1.0,0.4,1.0,0.2,1.0,0.1
1,2025-02-08,23,Saturday,trailing_4_week_profile,Non-airport,Late evening,Weekend,0.9388302709965791,0.6,0.9813390097634755,0.9,0.98160476215935,0.9
1,2025-02-09,0,Sunday,global_popularity,Airport,Overnight,Weekend,1.0,0.4,1.0,0.2,1.0,0.1
1,2025-02-09,0,Sunday,global_popularity,Non-airport,Overnight,Weekend,0.2738727677444884,0.0,0.337059682989079,0.1,0.5459669018967587,0.6
1,2025-02-09,0,Sunday,zone_hour_profile,Airport,Overnight,Weekend,1.0,0.4,1.0,0.2,1.0,0.1
1,2025-02-09,0,Sunday,zone_hour_profile,Non-airport,Overnight,Weekend,0.9939599047017638,0.8,0.988937997371352,0.9,0.990140363104661,0.9
1,2025-02-09,0,Sunday,same_hour_last_week,Airport,Overnight,Weekend,1.0,0.4,1.0,0.2,1.0,0.1
1,2025-02-09,0,Sunday,same_hour_last_week,Non-airport,Overnight,Weekend,0.9979166634369048,0.8,0.9967490175000745,0.9,0.9884566669338725,0.85
1,2025-02-09,0,Sunday,trailing_4_week_profile,Airport,Overnight,Weekend,1.0,0.4,1.0,0.2,1.0,0.1
1,2025-02-09,0,Sunday,trailing_4_week_profile,Non-airport,Overnight,Weekend,0.978909864900044,0.8,0.9879799223048765,0.9,0.9933215808415008,0.9
1,2025-02-09,1,Sunday,global_popularity,Airport,Overnight,Weekend,1.0,0.2,1.0,0.1,1.0,0.05
1,2025-02-09,1,Sunday,global_popularity,Non-airport,Overnight,Weekend,0.13515519856560207,0.0,0.18567142024909036,0.1,0.4041439214674179,0.5
1,2025-02-09,1,Sunday,zone_hour_profile,Airport,Overnight,Weekend,1.0,0.2,1.0,0.1,1.0,0.05
1,2025-02-09,1,Sunday,zone_hour_profile,Non-airport,Overnight,Weekend,1.0,1.0,0.9947109139183568,0.9,0.9953830195774362,0.95
1,2025-02-09,1,Sunday,same_hour_last_week,Airport,Overnight,Weekend,1.0,0.2,1.0,0.1,1.0,0.05
1,2025-02-09,1,Sunday,same_hour_last_week,Non-airport,Overnight,Weekend,1.0,1.0,0.9963468360687661,0.9,0.9892244528233927,0.9
1,2025-02-09,1,Sunday,trailing_4_week_profile,Airport,Overnight,Weekend,1.0,0.2,1.0,0.1,1.0,0.05
1,2025-02-09,1,Sunday,trailing_4_week_profile,Non-airport,Overnight,Weekend,1.0,1.0,0.9947109139183568,0.9,0.9953830195774362,0.95
1,2025-02-09,2,Sunday,global_popularity,Airport,Overnight,Weekend,1.0,0.4,1.0,0.2,1.0,0.1
1,2025-02-09,2,Sunday,global_popularity,Non-airport,Overnight,Weekend,0.0828792979506324,0.0,0.12509519337247885,0.1,0.33493052115897337,0.45
1,2025-02-09,2,Sunday,zone_hour_profile,Airport,Overnight,Weekend,1.0,0.4,1.0,0.2,1.0,0.1
1,2025-02-09,2,Sunday,zone_hour_profile,Non-airport,Overnight,Weekend,0.9994932600634067,1.0,0.9917754289149083,0.8,0.9966953604714408,0.95
1,2025-02-09,2,Sunday,same_hour_last_week,Airport,Overnight,Weekend,0.9928156372128369,0.4,0.9928156372128369,0.2,0.9928156372128369,0.1
1,2025-02-09,2,Sunday,same_hour_last_week,Non-airport,Overnight,Weekend,1.0,1.0,0.9876556258468403,0.8,0.9946654110122765,0.9
1,2025-02-09,2,Sunday,trailing_4_week_profile,Airport,Overnight,Weekend,1.0,0.4,1.0,0.2,1.0,0.1
1,2025-02-09,2,Sunday,trailing_4_week_profile,Non-airport,Overnight,Weekend,0.9994932600634067,1.0,0.9919787912244179,0.8,0.9947576392554124,0.9
1,2025-02-09,3,Sunday,global_popularity,Airport,Overnight,Weekend,1.0,0.4,1.0,0.2,1.0,0.1
1,2025-02-09,3,Sunday,global_popularity,Non-airport,Overnight,Weekend,0.07331021642099592,0.0,0.10095545953074424,0.0,0.3119332752007078,0.4
1,2025-02-09,3,Sunday,zone_hour_profile,Airport,Overnight,Weekend,1.0,0.4,1.0,0.2,1.0,0.1
1,2025-02-09,3,Sunday,zone_hour_profile,Non-airport,Overnight,Weekend,0.9999856363101587,1.0,0.99973548168606,1.0,0.9898006630331891,0.9
1,2025-02-09,3,Sunday,same_hour_last_week,Airport,Overnight,Weekend,0.9992581734672491,0.4,0.9992581734672491,0.2,0.9992581734672491,0.1
1,2025-02-09,3,Sunday,same_hour_last_week,Non-airport,Overnight,Weekend,0.9999856363101587,1.0,0.9989655669987335,0.9,0.9908785972575415,0.9
1,2025-02-09,3,Sunday,trailing_4_week_profile,Airport,Overnight,Weekend,1.0,0.4,1.0,0.2,1.0,0.1
1,2025-02-09,3,Sunday,trailing_4_week_profile,Non-airport,Overnight,Weekend,0.9999856363101587,1.0,0.99973548168606,1.0,0.99003940733181,0.9
1,2025-02-09,4,Sunday,global_popularity,Airport,Overnight,Weekend,1.0,0.2,1.0,0.1,1.0,0.05
1,2025-02-09,4,Sunday,global_popularity,Non-airport,Overnight,Weekend,0.21366474504957297,0.0,0.2234933263491013,0.1,0.42644391096850137,0.4
1,2025-02-09,4,Sunday,zone_hour_profile,Airport,Overnight,Weekend,1.0,0.2,1.0,0.1,1.0,0.05
1,2025-02-09,4,Sunday,zone_hour_profile,Non-airport,Overnight,Weekend,0.9542647962928266,0.8,0.9678103770720897,0.9,0.9645535803991929,0.85
1,2025-02-09,4,Sunday,same_hour_last_week,Airport,Overnight,Weekend,1.0,0.2,1.0,0.1,1.0,0.05
1,2025-02-09,4,Sunday,same_hour_last_week,Non-airport,Overnight,Weekend,0.9666636981093608,0.8,0.9830481392702597,0.9,0.962540271493962,0.8
1,2025-02-09,4,Sunday,trailing_4_week_profile,Airport,Overnight,Weekend,1.0,0.2,1.0,0.1,1.0,0.05
1,2025-02-09,4,Sunday,trailing_4_week_profile,Non-airport,Overnight,Weekend,0.9542647962928266,0.8,0.9666282214177885,0.9,0.9641313792682216,0.85
1,2025-02-09,5,Sunday,global_popularity,Airport,Overnight,Weekend,1.0,0.4,1.0,0.2,1.0,0.1
1,2025-02-09,5,Sunday,global_popularity,Non-airport,Overnight,Weekend,0.47138526242596185,0.6,0.5151429314345528,0.5,0.626979613175079,0.55
1,2025-02-09,5,Sunday,zone_hour_profile,Airport,Overnight,Weekend,1.0,0.4,1.0,0.2,1.0,0.1
1,2025-02-09,5,Sunday,zone_hour_profile,Non-airport,Overnight,Weekend,0.9034953546594411,0.6,0.8659630904535185,0.6,0.8965235935590503,0.6
1,2025-02-09,5,Sunday,same_hour_last_week,Airport,Overnight,Weekend,1.0,0.4,1.0,0.2,1.0,0.1
1,2025-02-09,5,Sunday,same_hour_last_week,Non-airport,Overnight,Weekend,0.7037389849469015,0.4,0.6798091106453262,0.5,0.6992430935119158,0.55
1,2025-02-09,5,Sunday,trailing_4_week_profile,Airport,Overnight,Weekend,1.0,0.4,1.0,0.2,1.0,0.1
1,2025-02-09,5,Sunday,trailing_4_week_profile,Non-airport,Overnight,Weekend,0.9006144534331069,0.6,0.8656902335363038,0.6,0.8629606723182653,0.55
1,2025-02-09,6,Sunday,global_popularity,Airport,Morning,Weekend,1.0,0.2,1.0,0.1,1.0,0.05
1,2025-02-09,6,Sunday,global_popularity,Non-airport,Morning,Weekend,0.5207940792419354,0.2,0.596614340365359,0.4,0.7147152168543618,0.7
1,2025-02-09,6,Sunday,zone_hour_profile,Airport,Morning,Weekend,1.0,0.2,1.0,0.1,1.0,0.05
1,2025-02-09,6,Sunday,zone_hour_profile,Non-airport,Morning,Weekend,0.944924288125932,0.6,0.9285996229373554,0.8,0.9290035649439607,0.75
1,2025-02-09,6,Sunday,same_hour_last_week,Airport,Morning,Weekend,1.0,0.2,1.0,0.1,1.0,0.05
1,2025-02-09,6,Sunday,same_hour_last_week,Non-airport,Morning,Weekend,0.7540726523224792,0.6,0.7560591682613681,0.6,0.7900879235739233,0.65
1,2025-02-09,6,Sunday,trailing_4_week_profile,Airport,Morning,Weekend,1.0,0.2,1.0,0.1,1.0,0.05
1,2025-02-09,6,Sunday,trailing_4_week_profile,Non-airport,Morning,Weekend,0.9335978729905753,0.6,0.9197733474814808,0.8,0.9224240129213506,0.75
1,2025-02-09,7,Sunday,global_popularity,Airport,Morning,Weekend,1.0,0.4,1.0,0.2,1.0,0.1
1,2025-02-09,7,Sunday,global_popularity,Non-airport,Morning,Weekend,0.6401061455760644,0.4,0.6688946556866551,0.4,0.7555635454025924,0.7
1,2025-02-09,7,Sunday,zone_hour_profile,Airport,Morning,Weekend,1.0,0.4,1.0,0.2,1.0,0.1
1,2025-02-09,7,Sunday,zone_hour_profile,Non-airport,Morning,Weekend,0.7243639370704305,0.4,0.7851148871683482,0.6,0.8518195695680172,0.85
1,2025-02-09,7,Sunday,same_hour_last_week,Airport,Morning,Weekend,1.0,0.4,1.0,0.2,1.0,0.1
1,2025-02-09,7,Sunday,same_hour_last_week,Non-airport,Morning,Weekend,0.7082644930559485,0.2,0.7381335901149702,0.5,0.8361850266077225,0.8
1,2025-02-09,7,Sunday,trailing_4_week_profile,Airport,Morning,Weekend,1.0,0.4,1.0,0.2,1.0,0.1
1,2025-02-09,7,Sunday,trailing_4_week_profile,Non-airport,Morning,Weekend,0.7595859752445964,0.6,0.7860281139238192,0.6,0.8484360658249942,0.8
1,2025-02-09,8,Sunday,global_popularity,Airport,Morning,Weekend,1.0,0.4,1.0,0.2,1.0,0.1
1,2025-02-09,8,Sunday,global_popularity,Non-airport,Morning,Weekend,0.8338799201644189,0.6,0.8378829545141063,0.6,0.8695626440226185,0.75
1,2025-02-09,8,Sunday,zone_hour_profile,Airport,Morning,Weekend,1.0,0.4,1.0,0.2,1.0,0.1
1,2025-02-09,8,Sunday,zone_hour_profile,Non-airport,Morning,Weekend,0.9345958507910883,0.6,0.9330604644261908,0.6,0.9403722834473887,0.8
1,2025-02-09,8,Sunday,same_hour_last_week,Airport,Morning,Weekend,1.0,0.4,1.0,0.2,1.0,0.1
1,2025-02-09,8,Sunday,same_hour_last_week,Non-airport,Morning,Weekend,0.8115300112835441,0.4,0.8595778176038894,0.7,0.8897518376860045,0.85
1,2025-02-09,8,Sunday,trailing_4_week_profile,Airport,Morning,Weekend,1.0,0.4,1.0,0.2,1.0,0.1
1,2025-02-09,8,Sunday,trailing_4_week_profile,Non-airport,Morning,Weekend,0.908899706815643,0.4,0.9312963587724866,0.6,0.9523236387664739,0.85
1,2025-02-09,9,Sunday,global_popularity,Airport,Morning,Weekend,1.0,0.4,1.0,0.2,1.0,0.1
1,2025-02-09,9,Sunday,global_popularity,Non-airport,Morning,Weekend,0.8471006999675305,0.8,0.8585805634392534,0.7,0.8815312065126314,0.8
1,2025-02-09,9,Sunday,zone_hour_profile,Airport,Morning,Weekend,1.0,0.4,1.0,0.2,1.0,0.1
1,2025-02-09,9,Sunday,zone_hour_profile,Non-airport,Morning,Weekend,0.9065800851491373,0.6,0.9298604140440004,0.8,0.9499317038598095,0.9
1,2025-02-09,9,Sunday,same_hour_last_week,Airport,Morning,Weekend,1.0,0.4,1.0,0.2,1.0,0.1
1,2025-02-09,9,Sunday,same_hour_last_week,Non-airport,Morning,Weekend,0.7352118581592503,0.4,0.8164071285091208,0.6,0.8913348041392394,0.85
1,2025-02-09,9,Sunday,trailing_4_week_profile,Airport,Morning,Weekend,1.0,0.4,1.0,0.2,1.0,0.1
1,2025-02-09,9,Sunday,trailing_4_week_profile,Non-airport,Morning,Weekend,0.9093720708230488,0.6,0.9307614739731459,0.8,0.9498922501288191,0.9
1,2025-02-09,10,Sunday,global_popularity,Airport,Midday,Weekend,1.0,0.4,1.0,0.2,1.0,0.1
1,2025-02-09,10,Sunday,global_popularity,Non-airport,Midday,Weekend,0.7942231993089848,0.6,0.8286194355277438,0.6,0.8810542475416211,0.85
1,2025-02-09,10,Sunday,zone_hour_profile,Airport,Midday,Weekend,1.0,0.4,1.0,0.2,1.0,0.1
1,2025-02-09,10,Sunday,zone_hour_profile,Non-airport,Midday,Weekend,0.9108707267455483,0.6,0.9324917529709683,0.7,0.9394313951450789,0.85
1,2025-02-09,10,Sunday,same_hour_last_week,Airport,Midday,Weekend,0.9547423509711059,0.4,0.9547423509711059,0.2,0.9547423509711059,0.1
1,2025-02-09,10,Sunday,same_hour_last_week,Non-airport,Midday,Weekend,0.7411474280731729,0.4,0.8768478888035133,0.7,0.9113171872066889,0.9
1,2025-02-09,10,Sunday,trailing_4_week_profile,Airport,Midday,Weekend,1.0,0.4,1.0,0.2,1.0,0.1
1,2025-02-09,10,Sunday,trailing_4_week_profile,Non-airport,Midday,Weekend,0.8656591177581315,0.6,0.898840553429723,0.7,0.9183520161843526,0.9
1,2025-02-09,11,Sunday,global_popularity,Airport,Midday,Weekend,1.0,0.4,1.0,0.2,1.0,0.1
1,2025-02-09,11,Sunday,global_popularity,Non-airport,Midday,Weekend,0.889514089726231,0.8,0.904796206222317,0.7,0.9314744449658108,0.9
1,2025-02-09,11,Sunday,zone_hour_profile,Airport,Midday,Weekend,0.9630118150172075,0.4,0.9630118150172075,0.2,0.9630118150172075,0.1
1,2025-02-09,11,Sunday,zone_hour_profile,Non-airport,Midday,Weekend,0.9459353139692112,0.8,0.9481745550093456,0.7,0.9702420534087453,0.9
1,2025-02-09,11,Sunday,same_hour_last_week,Airport,Midday,Weekend,1.0,0.4,1.0,0.2,1.0,0.1
1,2025-02-09,11,Sunday,same_hour_last_week,Non-airport,Midday,Weekend,0.9122379852318495,0.6,0.9478781764714063,0.8,0.9621884357043502,0.9
1,2025-02-09,11,Sunday,trailing_4_week_profile,Airport,Midday,Weekend,0.9630118150172075,0.4,0.9630118150172075,0.2,0.9630118150172075,0.1
1,2025-02-09,11,Sunday,trailing_4_week_profile,Non-airport,Midday,Weekend,0.9486757281765361,0.8,0.9500301362872396,0.7,0.9717989750876509,0.9
1,2025-02-09,12,Sunday,global_popularity,Airport,Midday,Weekend,1.0,0.4,1.0,0.2,1.0,0.1
1,2025-02-09,12,Sunday,global_popularity,Non-airport,Midday,Weekend,0.9601257865040228,1.0,0.9544083349966536,0.8,0.9655653158532211,0.9
1,2025-02-09,12,Sunday,zone_hour_profile,Airport,Midday,Weekend,0.9001162205336292,0.4,0.9001162205336292,0.2,0.9001162205336292,0.1
1,2025-02-09,12,Sunday,zone_hour_profile,Non-airport,Midday,Weekend,0.9717097457808298,0.8,0.9665688425024861,0.7,0.9722644825575398,0.85
1,2025-02-09,12,Sunday,same_hour_last_week,Airport,Midday,Weekend,0.9001162205336292,0.4,0.9001162205336292,0.2,0.9001162205336292,0.1
1,2025-02-09,12,Sunday,same_hour_last_week,Non-airport,Midday,Weekend,0.9632853971004329,0.6,0.959700721369328,0.7,0.9727257225519269,0.9
1,2025-02-09,12,Sunday,trailing_4_week_profile,Airport,Midday,Weekend,0.9001162205336292,0.4,0.9001162205336292,0.2,0.9001162205336292,0.1
1,2025-02-09,12,Sunday,trailing_4_week_profile,Non-airport,Midday,Weekend,0.9717097457808298,0.8,0.9679812008698948,0.7,0.970417747280518,0.85
1,2025-02-09,13,Sunday,global_popularity,Airport,Midday,Weekend,1.0,0.4,1.0,0.2,1.0,0.1
1,2025-02-09,13,Sunday,global_popularity,Non-airport,Midday,Weekend,0.9327163670250659,0.8,0.9596005084215223,0.9,0.954374876693259,0.85
1,2025-02-09,13,Sunday,zone_hour_profile,Airport,Midday,Weekend,1.0,0.4,1.0,0.2,1.0,0.1
1,2025-02-09,13,Sunday,zone_hour_profile,Non-airport,Midday,Weekend,0.990614679454318,0.8,0.9893969950895525,0.9,0.9911845438749082,0.95
1,2025-02-09,13,Sunday,same_hour_last_week,Airport,Midday,Weekend,0.8426364378201932,0.4,0.8426364378201932,0.2,0.8426364378201932,0.1
1,2025-02-09,13,Sunday,same_hour_last_week,Non-airport,Midday,Weekend,0.9851630294075531,0.8,0.9588778922889769,0.7,0.9773007624030962,0.9
1,2025-02-09,13,Sunday,trailing_4_week_profile,Airport,Midday,Weekend,1.0,0.4,1.0,0.2,1.0,0.1
1,2025-02-09,13,Sunday,trailing_4_week_profile,Non-airport,Midday,Weekend,0.990614679454318,0.8,0.9745788291962253,0.9,0.9876120778674621,0.95
1,2025-02-09,14,Sunday,global_popularity,Airport,Midday,Weekend,1.0,0.4,1.0,0.2,1.0,0.1
1,2025-02-09,14,Sunday,global_popularity,Non-airport,Midday,Weekend,0.9528980370180564,0.8,0.9529364101404612,0.8,0.9592095918342137,0.9
1,2025-02-09,14,Sunday,zone_hour_profile,Airport,Midday,Weekend,1.0,0.4,1.0,0.2,1.0,0.1
1,2025-02-09,14,Sunday,zone_hour_profile,Non-airport,Midday,Weekend,0.9913820270432832,1.0,0.9295633907520162,0.7,0.9711624891981425,0.9
1,2025-02-09,14,Sunday,same_hour_last_week,Airport,Midday,Weekend,1.0,0.4,1.0,0.2,1.0,0.1
1,2025-02-09,14,Sunday,same_hour_last_week,Non-airport,Midday,Weekend,0.9721026083799905,1.0,0.9442475882554323,0.7,0.9668090390649342,0.95
1,2025-02-09,14,Sunday,trailing_4_week_profile,Airport,Midday,Weekend,1.0,0.4,1.0,0.2,1.0,0.1
1,2025-02-09,14,Sunday,trailing_4_week_profile,Non-airport,Midday,Weekend,0.9913820270432832,1.0,0.9261466759575431,0.7,0.9723941356257493,0.95
1,2025-02-09,15,Sunday,global_popularity,Airport,Midday,Weekend,1.0,0.4,1.0,0.2,1.0,0.1
1,2025-02-09,15,Sunday,global_popularity,Non-airport,Midday,Weekend,0.9476750542542872,0.8,0.9408112595834569,0.8,0.9551626025900619,0.85
1,2025-02-09,15,Sunday,zone_hour_profile,Airport,Midday,Weekend,1.0,0.4,1.0,0.2,1.0,0.1
1,2025-02-09,15,Sunday,zone_hour_profile,Non-airport,Midday,Weekend,0.8782785511527118,0.8,0.9212006677724872,0.8,0.9493858770039872,0.9
1,2025-02-09,15,Sunday,same_hour_last_week,Airport,Midday,Weekend,1.0,0.4,1.0,0.2,1.0,0.1
1,2025-02-09,15,Sunday,same_hour_last_week,Non-airport,Midday,Weekend,0.8642845705221556,0.8,0.8950917730143224,0.7,0.93301554136442,0.85
1,2025-02-09,15,Sunday,trailing_4_week_profile,Airport,Midday,Weekend,1.0,0.4,1.0,0.2,1.0,0.1
1,2025-02-09,15,Sunday,trailing_4_week_profile,Non-airport,Midday,Weekend,0.8782785511527118,0.8,0.9165458009865085,0.8,0.9454915869120785,0.9
1,2025-02-09,16,Sunday,global_popularity,Airport,Evening,Weekend,1.0,0.4,1.0,0.2,1.0,0.1
1,2025-02-09,16,Sunday,global_popularity,Non-airport,Evening,Weekend,0.9186687296235849,1.0,0.912794606613335,0.8,0.9341723331761497,0.9
1,2025-02-09,16,Sunday,zone_hour_profile,Airport,Evening,Weekend,1.0,0.4,1.0,0.2,1.0,0.1
1,2025-02-09,16,Sunday,zone_hour_profile,Non-airport,Evening,Weekend,0.9396810773832859,1.0,0.9263328117118242,0.9,0.9515181066904793,0.9
1,2025-02-09,16,Sunday,same_hour_last_week,Airport,Evening,Weekend,1.0,0.4,1.0,0.2,1.0,0.1
1,2025-02-09,16,Sunday,same_hour_last_week,Non-airport,Evening,Weekend,0.8627642161259022,0.8,0.9007046558505162,0.8,0.9169943301250141,0.8
1,2025-02-09,16,Sunday,trailing_4_week_profile,Airport,Evening,Weekend,1.0,0.4,1.0,0.2,1.0,0.1
1,2025-02-09,16,Sunday,trailing_4_week_profile,Non-airport,Evening,Weekend,0.9303456921467147,1.0,0.9196018791602759,0.9,0.9465380156902169,0.9
1,2025-02-09,17,Sunday,global_popularity,Airport,Evening,Weekend,1.0,0.6,1.0,0.3,1.0,0.15
1,2025-02-09,17,Sunday,global_popularity,Non-airport,Evening,Weekend,0.8822519474160344,0.6,0.8956166120803153,0.6,0.9355212673415039,0.85
1,2025-02-09,17,Sunday,zone_hour_profile,Airport,Evening,Weekend,1.0,0.6,1.0,0.3,1.0,0.15
1,2025-02-09,17,Sunday,zone_hour_profile,Non-airport,Evening,Weekend,0.9027504855296573,0.6,0.9333473983767065,0.8,0.9302995311125744,0.8
1,2025-02-09,17,Sunday,same_hour_last_week,Airport,Evening,Weekend,1.0,0.6,1.0,0.3,1.0,0.15
1,2025-02-09,17,Sunday,same_hour_last_week,Non-airport,Evening,Weekend,0.9599413098281173,0.8,0.9575529903201653,0.8,0.965964461986299,0.9
1,2025-02-09,17,Sunday,trailing_4_week_profile,Airport,Evening,Weekend,1.0,0.6,1.0,0.3,1.0,0.15
1,2025-02-09,17,Sunday,trailing_4_week_profile,Non-airport,Evening,Weekend,0.9031646970519638,0.6,0.9297300125831074,0.8,0.930742281494969,0.8
1,2025-02-09,18,Sunday,global_popularity,Airport,Evening,Weekend,1.0,0.4,1.0,0.2,1.0,0.1
1,2025-02-09,18,Sunday,global_popularity,Non-airport,Evening,Weekend,0.8522939710111723,0.4,0.8741879565748185,0.5,0.931329787213276,0.9
1,2025-02-09,18,Sunday,zone_hour_profile,Airport,Evening,Weekend,1.0,0.4,1.0,0.2,1.0,0.1
1,2025-02-09,18,Sunday,zone_hour_profile,Non-airport,Evening,Weekend,0.823045577040519,0.4,0.8838394187779736,0.6,0.9246068861794481,0.9
1,2025-02-09,18,Sunday,same_hour_last_week,Airport,Evening,Weekend,1.0,0.4,1.0,0.2,1.0,0.1
1,2025-02-09,18,Sunday,same_hour_last_week,Non-airport,Evening,Weekend,0.8394693450549073,0.4,0.8696234481977891,0.5,0.9371653292900815,0.9
1,2025-02-09,18,Sunday,trailing_4_week_profile,Airport,Evening,Weekend,1.0,0.4,1.0,0.2,1.0,0.1
1,2025-02-09,18,Sunday,trailing_4_week_profile,Non-airport,Evening,Weekend,0.8491501387292082,0.4,0.9019462025355555,0.6,0.9375853965361535,0.9
1,2025-02-09,19,Sunday,global_popularity,Airport,Evening,Weekend,1.0,0.4,1.0,0.2,1.0,0.1
1,2025-02-09,19,Sunday,global_popularity,Non-airport,Evening,Weekend,0.7438760378718613,0.6,0.7785786514981821,0.6,0.8821961680333028,0.9
1,2025-02-09,19,Sunday,zone_hour_profile,Airport,Evening,Weekend,1.0,0.4,1.0,0.2,1.0,0.1
1,2025-02-09,19,Sunday,zone_hour_profile,Non-airport,Evening,Weekend,0.9184931047674023,0.6,0.9533318843002674,0.9,0.9507112743994443,0.8
1,2025-02-09,19,Sunday,same_hour_last_week,Airport,Evening,Weekend,1.0,0.4,1.0,0.2,1.0,0.1
1,2025-02-09,19,Sunday,same_hour_last_week,Non-airport,Evening,Weekend,0.8542447168573393,0.8,0.8796296476038193,0.8,0.9077297234663344,0.85
1,2025-02-09,19,Sunday,trailing_4_week_profile,Airport,Evening,Weekend,1.0,0.4,1.0,0.2,1.0,0.1
1,2025-02-09,19,Sunday,trailing_4_week_profile,Non-airport,Evening,Weekend,0.8437678793328501,0.6,0.8979510399283841,0.9,0.906073712270154,0.8
1,2025-02-09,20,Sunday,global_popularity,Airport,Evening,Weekend,1.0,0.4,1.0,0.2,1.0,0.1
1,2025-02-09,20,Sunday,global_popularity,Non-airport,Evening,Weekend,0.824412379158466,0.6,0.8644003415478173,0.6,0.9084930525055517,0.9
1,2025-02-09,20,Sunday,zone_hour_profile,Airport,Evening,Weekend,1.0,0.4,1.0,0.2,1.0,0.1
1,2025-02-09,20,Sunday,zone_hour_profile,Non-airport,Evening,Weekend,0.7508083962678658,0.4,0.8509955338085933,0.7,0.8971243397279546,0.9
1,2025-02-09,20,Sunday,same_hour_last_week,Airport,Evening,Weekend,1.0,0.4,1.0,0.2,1.0,0.1
1,2025-02-09,20,Sunday,same_hour_last_week,Non-airport,Evening,Weekend,0.7949919744382195,0.6,0.8956981610027077,0.8,0.896911324617975,0.85
1,2025-02-09,20,Sunday,trailing_4_week_profile,Airport,Evening,Weekend,1.0,0.4,1.0,0.2,1.0,0.1
1,2025-02-09,20,Sunday,trailing_4_week_profile,Non-airport,Evening,Weekend,0.75731924183244,0.4,0.8501337794808588,0.7,0.8961843622835937,0.9
1,2025-02-09,21,Sunday,global_popularity,Airport,Late evening,Weekend,1.0,0.4,1.0,0.2,1.0,0.1
1,2025-02-09,21,Sunday,global_popularity,Non-airport,Late evening,Weekend,0.855696898849502,0.6,0.864501017522602,0.5,0.9086393500023198,0.8
1,2025-02-09,21,Sunday,zone_hour_profile,Airport,Late evening,Weekend,1.0,0.4,1.0,0.2,1.0,0.1
1,2025-02-09,21,Sunday,zone_hour_profile,Non-airport,Late evening,Weekend,0.8858788165678019,0.4,0.9084954035769818,0.7,0.9363585238888648,0.85
1,2025-02-09,21,Sunday,same_hour_last_week,Airport,Late evening,Weekend,1.0,0.4,1.0,0.2,1.0,0.1
1,2025-02-09,21,Sunday,same_hour_last_week,Non-airport,Late evening,Weekend,0.8656812608229952,0.4,0.8771086374870822,0.7,0.9064448589004973,0.75
1,2025-02-09,21,Sunday,trailing_4_week_profile,Airport,Late evening,Weekend,1.0,0.4,1.0,0.2,1.0,0.1
1,2025-02-09,21,Sunday,trailing_4_week_profile,Non-airport,Late evening,Weekend,0.879912848482845,0.4,0.9399074176150263,0.8,0.9282518340466401,0.8
1,2025-02-09,22,Sunday,global_popularity,Airport,Late evening,Weekend,1.0,0.4,1.0,0.2,1.0,0.1
1,2025-02-09,22,Sunday,global_popularity,Non-airport,Late evening,Weekend,0.5018630684064367,0.2,0.5707798813797906,0.2,0.7472447111248864,0.65
1,2025-02-09,22,Sunday,zone_hour_profile,Airport,Late evening,Weekend,1.0,0.4,1.0,0.2,1.0,0.1
1,2025-02-09,22,Sunday,zone_hour_profile,Non-airport,Late evening,Weekend,0.6519178947926063,0.2,0.7019969789331334,0.3,0.7751914989643257,0.6
1,2025-02-09,22,Sunday,same_hour_last_week,Airport,Late evening,Weekend,1.0,0.4,1.0,0.2,1.0,0.1
1,2025-02-09,22,Sunday,same_hour_last_week,Non-airport,Late evening,Weekend,0.5495317465586204,0.0,0.6494903309868003,0.2,0.7073932803892563,0.55
1,2025-02-09,22,Sunday,trailing_4_week_profile,Airport,Late evening,Weekend,1.0,0.4,1.0,0.2,1.0,0.1
1,2025-02-09,22,Sunday,trailing_4_week_profile,Non-airport,Late evening,Weekend,0.6701051356081781,0.2,0.7139141056405808,0.3,0.7847608633556221,0.6
1,2025-02-09,23,Sunday,global_popularity,Airport,Late evening,Weekend,1.0,0.4,1.0,0.2,1.0,0.1
1,2025-02-09,23,Sunday,global_popularity,Non-airport,Late evening,Weekend,0.6106112135985983,0.2,0.6509010112058579,0.4,0.7956008396589326,0.75
1,2025-02-09,23,Sunday,zone_hour_profile,Airport,Late evening,Weekend,1.0,0.4,1.0,0.2,1.0,0.1
1,2025-02-09,23,Sunday,zone_hour_profile,Non-airport,Late evening,Weekend,0.9773017311161094,0.8,0.9480464634801363,0.7,0.9571839347694966,0.8
1,2025-02-09,23,Sunday,same_hour_last_week,Airport,Late evening,Weekend,0.9240729076100573,0.4,0.9240729076100573,0.2,0.9240729076100573,0.1
1,2025-02-09,23,Sunday,same_hour_last_week,Non-airport,Late evening,Weekend,0.9534769746728631,0.8,0.943278230012852,0.8,0.936223802073079,0.8
1,2025-02-09,23,Sunday,trailing_4_week_profile,Airport,Late evening,Weekend,1.0,0.4,1.0,0.2,1.0,0.1
1,2025-02-09,23,Sunday,trailing_4_week_profile,Non-airport,Late evening,Weekend,0.9742974384275321,0.8,0.9478668327223208,0.7,0.9541206557109392,0.75
2,2025-02-17,0,Monday,global_popularity,Airport,Overnight,Weekday,1.0,0.4,1.0,0.2,1.0,0.1
2,2025-02-17,0,Monday,global_popularity,Non-airport,Overnight,Weekday,0.36670023340032804,0.2,0.38855424905641484,0.3,0.5827194855319725,0.6
2,2025-02-17,0,Monday,zone_hour_profile,Airport,Overnight,Weekday,1.0,0.4,1.0,0.2,1.0,0.1
2,2025-02-17,0,Monday,zone_hour_profile,Non-airport,Overnight,Weekday,0.8538260650134427,0.8,0.8849180514445074,0.8,0.8667491159798273,0.75
2,2025-02-17,0,Monday,same_hour_last_week,Airport,Overnight,Weekday,1.0,0.4,1.0,0.2,1.0,0.1
2,2025-02-17,0,Monday,same_hour_last_week,Non-airport,Overnight,Weekday,0.7702741817987547,0.6,0.8240607658596615,0.7,0.8159366093563419,0.65
2,2025-02-17,0,Monday,trailing_4_week_profile,Airport,Overnight,Weekday,1.0,0.4,1.0,0.2,1.0,0.1
2,2025-02-17,0,Monday,trailing_4_week_profile,Non-airport,Overnight,Weekday,0.9816057527388617,0.8,0.9848668977412408,0.8,0.948439496848146,0.8
2,2025-02-17,1,Monday,global_popularity,Airport,Overnight,Weekday,1.0,0.4,1.0,0.2,1.0,0.1
2,2025-02-17,1,Monday,global_popularity,Non-airport,Overnight,Weekday,0.16477319635792598,0.0,0.21660975541242064,0.3,0.43765115735077365,0.5
2,2025-02-17,1,Monday,zone_hour_profile,Airport,Overnight,Weekday,1.0,0.4,1.0,0.2,1.0,0.1
2,2025-02-17,1,Monday,zone_hour_profile,Non-airport,Overnight,Weekday,0.9366773228186537,0.8,0.9192424738895667,0.6,0.9200176291084756,0.8
2,2025-02-17,1,Monday,same_hour_last_week,Airport,Overnight,Weekday,0.9346339537098188,0.4,0.9346339537098188,0.2,0.9346339537098188,0.1
2,2025-02-17,1,Monday,same_hour_last_week,Non-airport,Overnight,Weekday,0.8473383446191065,0.6,0.8774929197447993,0.6,0.8567828707293098,0.7
2,2025-02-17,1,Monday,trailing_4_week_profile,Airport,Overnight,Weekday,1.0,0.4,1.0,0.2,1.0,0.1
2,2025-02-17,1,Monday,trailing_4_week_profile,Non-airport,Overnight,Weekday,0.9366773228186537,0.8,0.9317266687785084,0.6,0.9132445767094217,0.75
2,2025-02-17,2,Monday,global_popularity,Airport,Overnight,Weekday,0.9893728884739008,0.4,0.9893728884739008,0.2,0.9893728884739008,0.1
2,2025-02-17,2,Monday,global_popularity,Non-airport,Overnight,Weekday,0.24898405324949313,0.2,0.2688179478121324,0.2,0.48357258784808776,0.55
2,2025-02-17,2,Monday,zone_hour_profile,Airport,Overnight,Weekday,0.9893728884739008,0.4,0.9893728884739008,0.2,0.9893728884739008,0.1
2,2025-02-17,2,Monday,zone_hour_profile,Non-airport,Overnight,Weekday,0.6462040603917817,0.8,0.7432778586614038,0.9,0.7687437599290732,0.8
2,2025-02-17,2,Monday,same_hour_last_week,Airport,Overnight,Weekday,0.9076352317800083,0.4,0.9076352317800083,0.2,0.9076352317800083,0.1
2,2025-02-17,2,Monday,same_hour_last_week,Non-airport,Overnight,Weekday,0.8419904223965584,0.8,0.850143709399586,0.8,0.8556808143033113,0.7
2,2025-02-17,2,Monday,trailing_4_week_profile,Airport,Overnight,Weekday,0.9893728884739008,0.4,0.9893728884739008,0.2,0.9893728884739008,0.1
2,2025-02-17,2,Monday,trailing_4_week_profile,Non-airport,Overnight,Weekday,0.9644720942830032,1.0,0.9262935191390188,0.9,0.9064416795104864,0.7
2,2025-02-17,3,Monday,global_popularity,Airport,Overnight,Weekday,1.0,0.4,1.0,0.2,1.0,0.1
2,2025-02-17,3,Monday,global_popularity,Non-airport,Overnight,Weekday,0.4064418763733101,0.2,0.38198181316454144,0.3,0.5802063131723465,0.55
2,2025-02-17,3,Monday,zone_hour_profile,Airport,Overnight,Weekday,1.0,0.4,1.0,0.2,1.0,0.1
2,2025-02-17,3,Monday,zone_hour_profile,Non-airport,Overnight,Weekday,0.8677258865236243,0.6,0.8817409574481191,0.8,0.8801001295894092,0.7
2,2025-02-17,3,Monday,same_hour_last_week,Airport,Overnight,Weekday,0.930486406954517,0.4,0.930486406954517,0.2,0.930486406954517,0.1
2,2025-02-17,3,Monday,same_hour_last_week,Non-airport,Overnight,Weekday,0.8526732308835042,0.6,0.7903937126802937,0.7,0.798370717190417,0.55
2,2025-02-17,3,Monday,trailing_4_week_profile,Airport,Overnight,Weekday,1.0,0.4,1.0,0.2,1.0,0.1
2,2025-02-17,3,Monday,trailing_4_week_profile,Non-airport,Overnight,Weekday,0.9246723157943649,0.8,0.9045222879315441,0.8,0.8951782926133447,0.75
2,2025-02-17,4,Monday,global_popularity,Airport,Overnight,Weekday,1.0,0.4,1.0,0.2,1.0,0.1
2,2025-02-17,4,Monday,global_popularity,Non-airport,Overnight,Weekday,0.5300757671160391,0.2,0.5218555783448015,0.4,0.6924725485653717,0.55
2,2025-02-17,4,Monday,zone_hour_profile,Airport,Overnight,Weekday,1.0,0.4,1.0,0.2,1.0,0.1
2,2025-02-17,4,Monday,zone_hour_profile,Non-airport,Overnight,Weekday,0.9049903949620555,0.8,0.8415476386198714,0.7,0.8281823618543398,0.6
2,2025-02-17,4,Monday,same_hour_last_week,Airport,Overnight,Weekday,1.0,0.4,1.0,0.2,1.0,0.1
2,2025-02-17,4,Monday,same_hour_last_week,Non-airport,Overnight,Weekday,0.8081615286936449,0.6,0.809426944362288,0.7,0.8547880435005493,0.7
2,2025-02-17,4,Monday,trailing_4_week_profile,Airport,Overnight,Weekday,1.0,0.4,1.0,0.2,1.0,0.1
2,2025-02-17,4,Monday,trailing_4_week_profile,Non-airport,Overnight,Weekday,0.9292053219322032,0.8,0.8387664584250953,0.7,0.8458275442170989,0.6
2,2025-02-17,5,Monday,global_popularity,Airport,Overnight,Weekday,1.0,0.4,1.0,0.2,1.0,0.1
2,2025-02-17,5,Monday,global_popularity,Non-airport,Overnight,Weekday,0.8305166784775903,0.6,0.7825571787692095,0.5,0.827961914807152,0.7
2,2025-02-17,5,Monday,zone_hour_profile,Airport,Overnight,Weekday,1.0,0.4,1.0,0.2,1.0,0.1
2,2025-02-17,5,Monday,zone_hour_profile,Non-airport,Overnight,Weekday,0.5698076440709199,0.4,0.6832812320287278,0.5,0.7506793347392919,0.7
2,2025-02-17,5,Monday,same_hour_last_week,Airport,Overnight,Weekday,1.0,0.4,1.0,0.2,1.0,0.1
2,2025-02-17,5,Monday,same_hour_last_week,Non-airport,Overnight,Weekday,0.5320912974878891,0.4,0.6746194061510592,0.5,0.7113612931569433,0.65
2,2025-02-17,5,Monday,trailing_4_week_profile,Airport,Overnight,Weekday,1.0,0.4,1.0,0.2,1.0,0.1
2,2025-02-17,5,Monday,trailing_4_week_profile,Non-airport,Overnight,Weekday,0.5977090888278814,0.4,0.69536780263201,0.5,0.7372881117411313,0.7
2,2025-02-17,6,Monday,global_popularity,Airport,Morning,Weekday,1.0,0.4,1.0,0.2,1.0,0.1
2,2025-02-17,6,Monday,global_popularity,Non-airport,Morning,Weekday,0.6446867484755336,0.4,0.6926546724140653,0.5,0.7776666233462043,0.8
2,2025-02-17,6,Monday,zone_hour_profile,Airport,Morning,Weekday,1.0,0.4,1.0,0.2,1.0,0.1
2,2025-02-17,6,Monday,zone_hour_profile,Non-airport,Morning,Weekday,0.8295753213645484,0.6,0.8427460701401318,0.7,0.9144671212983116,0.8
2,2025-02-17,6,Monday,same_hour_last_week,Airport,Morning,Weekday,1.0,0.4,1.0,0.2,1.0,0.1
2,2025-02-17,6,Monday,same_hour_last_week,Non-airport,Morning,Weekday,0.811431922620017,0.6,0.843824730716299,0.8,0.8409575678362955,0.7
2,2025-02-17,6,Monday,trailing_4_week_profile,Airport,Morning,Weekday,1.0,0.4,1.0,0.2,1.0,0.1
2,2025-02-17,6,Monday,trailing_4_week_profile,Non-airport,Morning,Weekday,0.756710492778692,0.4,0.8302260255977547,0.7,0.8964124149346034,0.8
2,2025-02-17,7,Monday,global_popularity,Airport,Morning,Weekday,1.0,0.4,1.0,0.2,1.0,0.1
2,2025-02-17,7,Monday,global_popularity,Non-airport,Morning,Weekday,0.6861207974420663,0.4,0.7732403935398962,0.6,0.8272927289681669,0.8
2,2025-02-17,7,Monday,zone_hour_profile,Airport,Morning,Weekday,1.0,0.4,1.0,0.2,1.0,0.1
2,2025-02-17,7,Monday,zone_hour_profile,Non-airport,Morning,Weekday,0.731769049170265,0.4,0.7757430841314292,0.6,0.8855571680376685,0.9
2,2025-02-17,7,Monday,same_hour_last_week,Airport,Morning,Weekday,1.0,0.4,1.0,0.2,1.0,0.1
2,2025-02-17,7,Monday,same_hour_last_week,Non-airport,Morning,Weekday,0.731769049170265,0.4,0.7752801751933855,0.6,0.8481484079557473,0.85
2,2025-02-17,7,Monday,trailing_4_week_profile,Airport,Morning,Weekday,1.0,0.4,1.0,0.2,1.0,0.1
2,2025-02-17,7,Monday,trailing_4_week_profile,Non-airport,Morning,Weekday,0.731769049170265,0.4,0.7757430841314292,0.6,0.8844764189821436,0.9
2,2025-02-17,8,Monday,global_popularity,Airport,Morning,Weekday,1.0,0.4,1.0,0.2,1.0,0.1
2,2025-02-17,8,Monday,global_popularity,Non-airport,Morning,Weekday,0.8683279845065855,0.6,0.8628507040071375,0.8,0.8982199730530002,0.85
2,2025-02-17,8,Monday,zone_hour_profile,Airport,Morning,Weekday,1.0,0.4,1.0,0.2,1.0,0.1
2,2025-02-17,8,Monday,zone_hour_profile,Non-airport,Morning,Weekday,0.757281670151897,0.4,0.7813320054420304,0.5,0.867782382136444,0.9
2,2025-02-17,8,Monday,same_hour_last_week,Airport,Morning,Weekday,0.7866813979405376,0.4,0.7866813979405376,0.2,0.7866813979405376,0.1
2,2025-02-17,8,Monday,same_hour_last_week,Non-airport,Morning,Weekday,0.757281670151897,0.4,0.7642778586130241,0.5,0.8210894983881074,0.85
2,2025-02-17,8,Monday,trailing_4_week_profile,Airport,Morning,Weekday,1.0,0.4,1.0,0.2,1.0,0.1
2,2025-02-17,8,Monday,trailing_4_week_profile,Non-airport,Morning,Weekday,0.757281670151897,0.4,0.7804291743354639,0.5,0.8255905291657362,0.85
2,2025-02-17,9,Monday,global_popularity,Airport,Morning,Weekday,1.0,0.4,1.0,0.2,1.0,0.1
2,2025-02-17,9,Monday,global_popularity,Non-airport,Morning,Weekday,0.9020550592354393,0.6,0.9111328220763368,0.8,0.9245494307447735,0.85
2,2025-02-17,9,Monday,zone_hour_profile,Airport,Morning,Weekday,0.8940022796268385,0.4,0.8940022796268385,0.2,0.8940022796268385,0.1
2,2025-02-17,9,Monday,zone_hour_profile,Non-airport,Morning,Weekday,0.7922376535353816,0.4,0.7872920785328538,0.6,0.9020451997057176,0.95
2,2025-02-17,9,Monday,same_hour_last_week,Airport,Morning,Weekday,0.8940022796268385,0.4,0.8940022796268385,0.2,0.8940022796268385,0.1
2,2025-02-17,9,Monday,same_hour_last_week,Non-airport,Morning,Weekday,0.7128813333896673,0.2,0.7289274414837484,0.6,0.8818769426230331,0.95
2,2025-02-17,9,Monday,trailing_4_week_profile,Airport,Morning,Weekday,0.8940022796268385,0.4,0.8940022796268385,0.2,0.8940022796268385,0.1
2,2025-02-17,9,Monday,trailing_4_week_profile,Non-airport,Morning,Weekday,0.7769533274232989,0.4,0.7696649145578126,0.6,0.8969261702901162,0.95
2,2025-02-17,10,Monday,global_popularity,Airport,Midday,Weekday,1.0,0.4,1.0,0.2,1.0,0.1
2,2025-02-17,10,Monday,global_popularity,Non-airport,Midday,Weekday,0.8913559442325808,0.6,0.9243111878969955,0.9,0.9349777138500903,0.85
2,2025-02-17,10,Monday,zone_hour_profile,Airport,Midday,Weekday,0.95057894102368,0.4,0.95057894102368,0.2,0.95057894102368,0.1
2,2025-02-17,10,Monday,zone_hour_profile,Non-airport,Midday,Weekday,0.756775756148272,0.4,0.7966836390747702,0.7,0.8914405905418439,0.9
2,2025-02-17,10,Monday,same_hour_last_week,Airport,Midday,Weekday,0.95057894102368,0.4,0.95057894102368,0.2,0.95057894102368,0.1
2,2025-02-17,10,Monday,same_hour_last_week,Non-airport,Midday,Weekday,0.7448616117302976,0.4,0.8003911317006293,0.7,0.8887304663649809,0.9
2,2025-02-17,10,Monday,trailing_4_week_profile,Airport,Midday,Weekday,0.95057894102368,0.4,0.95057894102368,0.2,0.95057894102368,0.1
2,2025-02-17,10,Monday,trailing_4_week_profile,Non-airport,Midday,Weekday,0.7430304068011074,0.4,0.7953025593461581,0.7,0.8893631546991199,0.9
2,2025-02-17,11,Monday,global_popularity,Airport,Midday,Weekday,1.0,0.4,1.0,0.2,1.0,0.1
2,2025-02-17,11,Monday,global_popularity,Non-airport,Midday,Weekday,0.9613433424517247,1.0,0.9512030826878418,0.9,0.944198234500742,0.85
2,2025-02-17,11,Monday,zone_hour_profile,Airport,Midday,Weekday,0.9298860987971892,0.4,0.9298860987971892,0.2,0.9298860987971892,0.1
2,2025-02-17,11,Monday,zone_hour_profile,Non-airport,Midday,Weekday,0.9264295705634055,0.8,0.9232135687575559,0.9,0.9497603726010018,0.9
2,2025-02-17,11,Monday,same_hour_last_week,Airport,Midday,Weekday,0.9298860987971892,0.4,0.9298860987971892,0.2,0.9298860987971892,0.1
2,2025-02-17,11,Monday,same_hour_last_week,Non-airport,Midday,Weekday,0.9085815027814569,0.8,0.896837508995124,0.8,0.9340705586558293,0.85
2,2025-02-17,11,Monday,trailing_4_week_profile,Airport,Midday,Weekday,0.9298860987971892,0.4,0.9298860987971892,0.2,0.9298860987971892,0.1
2,2025-02-17,11,Monday,trailing_4_week_profile,Non-airport,Midday,Weekday,0.9281828595337009,0.8,0.9227681590737739,0.9,0.9493740410086579,0.9
2,2025-02-17,12,Monday,global_popularity,Airport,Midday,Weekday,1.0,0.4,1.0,0.2,1.0,0.1
2,2025-02-17,12,Monday,global_popularity,Non-airport,Midday,Weekday,1.0,1.0,0.9884237046379962,0.9,0.9786225626121191,0.9
2,2025-02-17,12,Monday,zone_hour_profile,Airport,Midday,Weekday,0.9494706089564987,0.4,0.9494706089564987,0.2,0.9494706089564987,0.1
2,2025-02-17,12,Monday,zone_hour_profile,Non-airport,Midday,Weekday,0.9216036601355564,0.6,0.9269369462189995,0.8,0.9568996103406,0.85
2,2025-02-17,12,Monday,same_hour_last_week,Airport,Midday,Weekday,0.9494706089564987,0.4,0.9494706089564987,0.2,0.9494706089564987,0.1
2,2025-02-17,12,Monday,same_hour_last_week,Non-airport,Midday,Weekday,0.9175128669713598,0.6,0.8716500148534577,0.6,0.950954041279266,0.9
2,2025-02-17,12,Monday,trailing_4_week_profile,Airport,Midday,Weekday,0.9494706089564987,0.4,0.9494706089564987,0.2,0.9494706089564987,0.1
2,2025-02-17,12,Monday,trailing_4_week_profile,Non-airport,Midday,Weekday,0.9389546020216516,0.6,0.9379383632368518,0.8,0.9570683036908237,0.85
2,2025-02-17,13,Monday,global_popularity,Airport,Midday,Weekday,1.0,0.4,1.0,0.2,1.0,0.1
2,2025-02-17,13,Monday,global_popularity,Non-airport,Midday,Weekday,0.9599940878488796,0.8,0.9787981162279945,0.8,0.962387864496909,0.9
2,2025-02-17,13,Monday,zone_hour_profile,Airport,Midday,Weekday,0.8018699024873884,0.4,0.8018699024873884,0.2,0.8018699024873884,0.1
2,2025-02-17,13,Monday,zone_hour_profile,Non-airport,Midday,Weekday,0.9389908218017403,0.8,0.9267698693192357,0.7,0.9496239312689173,0.9
2,2025-02-17,13,Monday,same_hour_last_week,Airport,Midday,Weekday,1.0,0.4,1.0,0.2,1.0,0.1
2,2025-02-17,13,Monday,same_hour_last_week,Non-airport,Midday,Weekday,0.8756847035622525,0.8,0.9072170738201871,0.7,0.9338260829042152,0.9
2,2025-02-17,13,Monday,trailing_4_week_profile,Airport,Midday,Weekday,1.0,0.4,1.0,0.2,1.0,0.1
2,2025-02-17,13,Monday,trailing_4_week_profile,Non-airport,Midday,Weekday,0.9046851719669758,0.8,0.9242909638382639,0.7,0.9461659876980973,0.9
2,2025-02-17,14,Monday,global_popularity,Airport,Midday,Weekday,1.0,0.4,1.0,0.2,1.0,0.1
2,2025-02-17,14,Monday,global_popularity,Non-airport,Midday,Weekday,0.9974494767369639,1.0,0.954003993491451,0.8,0.9534796034467447,0.85
2,2025-02-17,14,Monday,zone_hour_profile,Airport,Midday,Weekday,1.0,0.4,1.0,0.2,1.0,0.1
2,2025-02-17,14,Monday,zone_hour_profile,Non-airport,Midday,Weekday,0.8543003765972514,0.6,0.8430475096080918,0.6,0.9412653127882284,0.9
2,2025-02-17,14,Monday,same_hour_last_week,Airport,Midday,Weekday,1.0,0.4,1.0,0.2,1.0,0.1
2,2025-02-17,14,Monday,same_hour_last_week,Non-airport,Midday,Weekday,0.8667342774319594,0.6,0.8347367142494458,0.6,0.9407525377843913,0.85
2,2025-02-17,14,Monday,trailing_4_week_profile,Airport,Midday,Weekday,1.0,0.4,1.0,0.2,1.0,0.1
2,2025-02-17,14,Monday,trailing_4_week_profile,Non-airport,Midday,Weekday,0.8597689890703539,0.6,0.8453073828575327,0.6,0.9421005805150267,0.9
2,2025-02-17,15,Monday,global_popularity,Airport,Midday,Weekday,1.0,0.4,1.0,0.2,1.0,0.1
2,2025-02-17,15,Monday,global_popularity,Non-airport,Midday,Weekday,0.9824398904482063,0.8,0.9802699726323285,0.8,0.9587477786734288,0.8
2,2025-02-17,15,Monday,zone_hour_profile,Airport,Midday,Weekday,1.0,0.4,1.0,0.2,1.0,0.1
2,2025-02-17,15,Monday,zone_hour_profile,Non-airport,Midday,Weekday,0.8007855184370064,0.6,0.8350264385397966,0.7,0.9056692452961307,0.85
2,2025-02-17,15,Monday,same_hour_last_week,Airport,Midday,Weekday,1.0,0.4,1.0,0.2,1.0,0.1
2,2025-02-17,15,Monday,same_hour_last_week,Non-airport,Midday,Weekday,0.795997091622234,0.6,0.8252816722106422,0.7,0.897160903003408,0.85
2,2025-02-17,15,Monday,trailing_4_week_profile,Airport,Midday,Weekday,1.0,0.4,1.0,0.2,1.0,0.1
2,2025-02-17,15,Monday,trailing_4_week_profile,Non-airport,Midday,Weekday,0.8007855184370064,0.6,0.8410145236063371,0.7,0.9093634599932053,0.85
2,2025-02-17,16,Monday,global_popularity,Airport,Evening,Weekday,1.0,0.4,1.0,0.2,1.0,0.1
2,2025-02-17,16,Monday,global_popularity,Non-airport,Evening,Weekday,0.9921646353896496,0.8,0.9646649161971764,0.7,0.9402439237042126,0.8
2,2025-02-17,16,Monday,zone_hour_profile,Airport,Evening,Weekday,1.0,0.4,1.0,0.2,1.0,0.1
2,2025-02-17,16,Monday,zone_hour_profile,Non-airport,Evening,Weekday,0.9179547498055844,0.6,0.8735793930478992,0.6,0.9338307699945864,0.8
2,2025-02-17,16,Monday,same_hour_last_week,Airport,Evening,Weekday,1.0,0.4,1.0,0.2,1.0,0.1
2,2025-02-17,16,Monday,same_hour_last_week,Non-airport,Evening,Weekday,0.9270040265393914,0.6,0.8952711378090987,0.7,0.940492114301425,0.8
2,2025-02-17,16,Monday,trailing_4_week_profile,Airport,Evening,Weekday,1.0,0.4,1.0,0.2,1.0,0.1
2,2025-02-17,16,Monday,trailing_4_week_profile,Non-airport,Evening,Weekday,0.9179547498055844,0.6,0.8848055763528838,0.6,0.933529968068448,0.8
2,2025-02-17,17,Monday,global_popularity,Airport,Evening,Weekday,1.0,0.4,1.0,0.2,1.0,0.1
2,2025-02-17,17,Monday,global_popularity,Non-airport,Evening,Weekday,0.9648952157522509,0.8,0.9545034897400289,0.8,0.944572870792979,0.8
2,2025-02-17,17,Monday,zone_hour_profile,Airport,Evening,Weekday,1.0,0.4,1.0,0.2,1.0,0.1
2,2025-02-17,17,Monday,zone_hour_profile,Non-airport,Evening,Weekday,0.9250531729898477,0.6,0.9573933966060969,0.9,0.9701889874319329,0.85
2,2025-02-17,17,Monday,same_hour_last_week,Airport,Evening,Weekday,1.0,0.4,1.0,0.2,1.0,0.1
2,2025-02-17,17,Monday,same_hour_last_week,Non-airport,Evening,Weekday,0.9250531729898477,0.6,0.9151780405046793,0.8,0.9600175396486337,0.85
2,2025-02-17,17,Monday,trailing_4_week_profile,Airport,Evening,Weekday,1.0,0.4,1.0,0.2,1.0,0.1
2,2025-02-17,17,Monday,trailing_4_week_profile,Non-airport,Evening,Weekday,0.9680144899528612,0.8,0.9730518782708322,0.9,0.9725835367593177,0.85
2,2025-02-17,18,Monday,global_popularity,Airport,Evening,Weekday,1.0,0.4,1.0,0.2,1.0,0.1
2,2025-02-17,18,Monday,global_popularity,Non-airport,Evening,Weekday,0.8885281257111777,0.6,0.9166777096616304,0.7,0.9344628288909321,0.85
2,2025-02-17,18,Monday,zone_hour_profile,Airport,Evening,Weekday,1.0,0.4,1.0,0.2,1.0,0.1
2,2025-02-17,18,Monday,zone_hour_profile,Non-airport,Evening,Weekday,0.8631000455309609,0.6,0.9226083281310403,0.8,0.9559230823987815,0.9
2,2025-02-17,18,Monday,same_hour_last_week,Airport,Evening,Weekday,1.0,0.4,1.0,0.2,1.0,0.1
2,2025-02-17,18,Monday,same_hour_last_week,Non-airport,Evening,Weekday,0.8549740106680048,0.6,0.938111483831592,0.8,0.9516216615679312,0.9
2,2025-02-17,18,Monday,trailing_4_week_profile,Airport,Evening,Weekday,1.0,0.4,1.0,0.2,1.0,0.1
2,2025-02-17,18,Monday,trailing_4_week_profile,Non-airport,Evening,Weekday,0.8631000455309609,0.6,0.9266901541591677,0.8,0.9581551983509002,0.9
2,2025-02-17,19,Monday,global_popularity,Airport,Evening,Weekday,1.0,0.4,1.0,0.2,1.0,0.1
2,2025-02-17,19,Monday,global_popularity,Non-airport,Evening,Weekday,0.7608522702577255,0.6,0.8140163862679127,0.8,0.875131099761649,0.85
2,2025-02-17,19,Monday,zone_hour_profile,Airport,Evening,Weekday,1.0,0.4,1.0,0.2,1.0,0.1
2,2025-02-17,19,Monday,zone_hour_profile,Non-airport,Evening,Weekday,0.6639958658717886,0.4,0.7754417995907671,0.9,0.8585945715729363,0.8
2,2025-02-17,19,Monday,same_hour_last_week,Airport,Evening,Weekday,1.0,0.4,1.0,0.2,1.0,0.1
2,2025-02-17,19,Monday,same_hour_last_week,Non-airport,Evening,Weekday,0.65523698529423,0.4,0.7755186023120083,0.9,0.851632517234202,0.75
2,2025-02-17,19,Monday,trailing_4_week_profile,Airport,Evening,Weekday,1.0,0.4,1.0,0.2,1.0,0.1
2,2025-02-17,19,Monday,trailing_4_week_profile,Non-airport,Evening,Weekday,0.6639958658717886,0.4,0.8032680087878469,0.9,0.8690109266625399,0.85
2,2025-02-17,20,Monday,global_popularity,Airport,Evening,Weekday,1.0,0.4,1.0,0.2,1.0,0.1
2,2025-02-17,20,Monday,global_popularity,Non-airport,Evening,Weekday,0.7342778100193725,0.4,0.8096757882395696,0.8,0.8664570223109535,0.8
2,2025-02-17,20,Monday,zone_hour_profile,Airport,Evening,Weekday,1.0,0.4,1.0,0.2,1.0,0.1
2,2025-02-17,20,Monday,zone_hour_profile,Non-airport,Evening,Weekday,0.7003150458401278,0.4,0.8345037653473376,0.8,0.8685397722815199,0.8
2,2025-02-17,20,Monday,same_hour_last_week,Airport,Evening,Weekday,1.0,0.4,1.0,0.2,1.0,0.1
2,2025-02-17,20,Monday,same_hour_last_week,Non-airport,Evening,Weekday,0.6966513650276537,0.4,0.8037095906975676,0.7,0.8647058671156773,0.8
2,2025-02-17,20,Monday,trailing_4_week_profile,Airport,Evening,Weekday,1.0,0.4,1.0,0.2,1.0,0.1
2,2025-02-17,20,Monday,trailing_4_week_profile,Non-airport,Evening,Weekday,0.693450093027274,0.4,0.8355253673585507,0.8,0.8731986339076465,0.85
2,2025-02-17,21,Monday,global_popularity,Airport,Late evening,Weekday,1.0,0.4,1.0,0.2,1.0,0.1
2,2025-02-17,21,Monday,global_popularity,Non-airport,Late evening,Weekday,0.6965807592381439,0.4,0.7599920878020777,0.6,0.840183129557996,0.8
2,2025-02-17,21,Monday,zone_hour_profile,Airport,Late evening,Weekday,1.0,0.4,1.0,0.2,1.0,0.1
2,2025-02-17,21,Monday,zone_hour_profile,Non-airport,Late evening,Weekday,0.8020442843948837,0.6,0.8674653162765426,0.8,0.9050834601393454,0.9
2,2025-02-17,21,Monday,same_hour_last_week,Airport,Late evening,Weekday,0.8611968573364621,0.4,0.8611968573364621,0.2,0.8611968573364621,0.1
2,2025-02-17,21,Monday,same_hour_last_week,Non-airport,Late evening,Weekday,0.7691281028821089,0.4,0.8480284654410944,0.7,0.8819880179116237,0.85
2,2025-02-17,21,Monday,trailing_4_week_profile,Airport,Late evening,Weekday,1.0,0.4,1.0,0.2,1.0,0.1
2,2025-02-17,21,Monday,trailing_4_week_profile,Non-airport,Late evening,Weekday,0.7691281028821089,0.4,0.8597473991003887,0.8,0.9000970051115913,0.9
2,2025-02-17,22,Monday,global_popularity,Airport,Late evening,Weekday,1.0,0.4,1.0,0.2,1.0,0.1
2,2025-02-17,22,Monday,global_popularity,Non-airport,Late evening,Weekday,0.5984270146823687,0.4,0.7003169511424912,0.5,0.7791521444189016,0.8
2,2025-02-17,22,Monday,zone_hour_profile,Airport,Late evening,Weekday,1.0,0.4,1.0,0.2,1.0,0.1
2,2025-02-17,22,Monday,zone_hour_profile,Non-airport,Late evening,Weekday,0.8170785490720018,0.6,0.8432500368935909,0.6,0.888170003327896,0.85
2,2025-02-17,22,Monday,same_hour_last_week,Airport,Late evening,Weekday,1.0,0.4,1.0,0.2,1.0,0.1
2,2025-02-17,22,Monday,same_hour_last_week,Non-airport,Late evening,Weekday,0.8066374932431636,0.6,0.8151548195561164,0.6,0.8897609530190058,0.9
2,2025-02-17,22,Monday,trailing_4_week_profile,Airport,Late evening,Weekday,1.0,0.4,1.0,0.2,1.0,0.1
2,2025-02-17,22,Monday,trailing_4_week_profile,Non-airport,Late evening,Weekday,0.8170785490720018,0.6,0.8166220404657087,0.6,0.8940055112759233,0.9
2,2025-02-17,23,Monday,global_popularity,Airport,Late evening,Weekday,1.0,0.4,1.0,0.2,1.0,0.1
2,2025-02-17,23,Monday,global_popularity,Non-airport,Late evening,Weekday,0.3994983502113865,0.2,0.5421919662458897,0.3,0.6551926223749334,0.8
2,2025-02-17,23,Monday,zone_hour_profile,Airport,Late evening,Weekday,1.0,0.4,1.0,0.2,1.0,0.1
2,2025-02-17,23,Monday,zone_hour_profile,Non-airport,Late evening,Weekday,0.6931763879706329,0.6,0.7314650363291495,0.7,0.8115889015425407,0.8
2,2025-02-17,23,Monday,same_hour_last_week,Airport,Late evening,Weekday,0.8979221922696663,0.4,0.8979221922696663,0.2,0.8979221922696663,0.1
2,2025-02-17,23,Monday,same_hour_last_week,Non-airport,Late evening,Weekday,0.6003596552866026,0.2,0.709971685049155,0.7,0.79226620627206,0.8
2,2025-02-17,23,Monday,trailing_4_week_profile,Airport,Late evening,Weekday,1.0,0.4,1.0,0.2,1.0,0.1
2,2025-02-17,23,Monday,trailing_4_week_profile,Non-airport,Late evening,Weekday,0.6552203330892141,0.4,0.7270956909619074,0.7,0.8193458588448266,0.85
2,2025-02-18,0,Tuesday,global_popularity,Airport,Overnight,Weekday,1.0,0.4,1.0,0.2,1.0,0.1
2,2025-02-18,0,Tuesday,global_popularity,Non-airport,Overnight,Weekday,0.41086541561066153,0.4,0.43923810698187216,0.3,0.5794823145505046,0.6
2,2025-02-18,0,Tuesday,zone_hour_profile,Airport,Overnight,Weekday,1.0,0.4,1.0,0.2,1.0,0.1
2,2025-02-18,0,Tuesday,zone_hour_profile,Non-airport,Overnight,Weekday,0.8670022428039604,0.8,0.8590810095537215,0.7,0.8641474591002714,0.8
2,2025-02-18,0,Tuesday,same_hour_last_week,Airport,Overnight,Weekday,1.0,0.4,1.0,0.2,1.0,0.1
2,2025-02-18,0,Tuesday,same_hour_last_week,Non-airport,Overnight,Weekday,0.7075354830077195,0.4,0.779171346376648,0.7,0.7781273439846063,0.8
2,2025-02-18,0,Tuesday,trailing_4_week_profile,Airport,Overnight,Weekday,1.0,0.4,1.0,0.2,1.0,0.1
2,2025-02-18,0,Tuesday,trailing_4_week_profile,Non-airport,Overnight,Weekday,0.8678572853710506,0.8,0.8593845416278758,0.7,0.9271341724332439,0.8
2,2025-02-18,1,Tuesday,global_popularity,Airport,Overnight,Weekday,1.0,0.4,1.0,0.2,1.0,0.1
2,2025-02-18,1,Tuesday,global_popularity,Non-airport,Overnight,Weekday,0.16523509950778992,0.0,0.21640375002898316,0.2,0.39617022296998816,0.45
2,2025-02-18,1,Tuesday,zone_hour_profile,Airport,Overnight,Weekday,1.0,0.4,1.0,0.2,1.0,0.1
2,2025-02-18,1,Tuesday,zone_hour_profile,Non-airport,Overnight,Weekday,0.5999604578185923,0.6,0.6430264497965035,0.7,0.6626298079238643,0.65
2,2025-02-18,1,Tuesday,same_hour_last_week,Airport,Overnight,Weekday,1.0,0.4,1.0,0.2,1.0,0.1
2,2025-02-18,1,Tuesday,same_hour_last_week,Non-airport,Overnight,Weekday,0.6187463209146037,0.6,0.6113811893869869,0.6,0.6338138222138833,0.5
2,2025-02-18,1,Tuesday,trailing_4_week_profile,Airport,Overnight,Weekday,1.0,0.4,1.0,0.2,1.0,0.1
2,2025-02-18,1,Tuesday,trailing_4_week_profile,Non-airport,Overnight,Weekday,0.5964347268546674,0.6,0.6400832423200921,0.7,0.6788005658029047,0.7
2,2025-02-18,2,Tuesday,global_popularity,Airport,Overnight,Weekday,1.0,0.4,1.0,0.2,1.0,0.1
2,2025-02-18,2,Tuesday,global_popularity,Non-airport,Overnight,Weekday,0.21941588320495453,0.2,0.24506355615471437,0.2,0.4010185204742023,0.5
2,2025-02-18,2,Tuesday,zone_hour_profile,Airport,Overnight,Weekday,1.0,0.4,1.0,0.2,1.0,0.1
2,2025-02-18,2,Tuesday,zone_hour_profile,Non-airport,Overnight,Weekday,0.4873451372654063,0.4,0.5711131763444869,0.5,0.6080289043827665,0.7
2,2025-02-18,2,Tuesday,same_hour_last_week,Airport,Overnight,Weekday,0.9929839993430951,0.4,0.9929839993430951,0.2,0.9929839993430951,0.1
2,2025-02-18,2,Tuesday,same_hour_last_week,Non-airport,Overnight,Weekday,0.45050252417481607,0.4,0.5626955890925812,0.5,0.5913341131578661,0.65
2,2025-02-18,2,Tuesday,trailing_4_week_profile,Airport,Overnight,Weekday,1.0,0.4,1.0,0.2,1.0,0.1
2,2025-02-18,2,Tuesday,trailing_4_week_profile,Non-airport,Overnight,Weekday,0.46307629403023026,0.4,0.5352349098782038,0.5,0.5878930216177576,0.7
2,2025-02-18,3,Tuesday,global_popularity,Airport,Overnight,Weekday,1.0,0.4,1.0,0.2,1.0,0.1
2,2025-02-18,3,Tuesday,global_popularity,Non-airport,Overnight,Weekday,0.5083191391680087,0.4,0.5141881206652447,0.3,0.6005626326548864,0.5
2,2025-02-18,3,Tuesday,zone_hour_profile,Airport,Overnight,Weekday,1.0,0.4,1.0,0.2,1.0,0.1
2,2025-02-18,3,Tuesday,zone_hour_profile,Non-airport,Overnight,Weekday,0.16684451345008475,0.2,0.30666356401779543,0.3,0.41806565149285285,0.4
2,2025-02-18,3,Tuesday,same_hour_last_week,Airport,Overnight,Weekday,0.9829891086225493,0.4,0.9829891086225493,0.2,0.9829891086225493,0.1
2,2025-02-18,3,Tuesday,same_hour_last_week,Non-airport,Overnight,Weekday,0.6437983764614552,0.6,0.5799391710623639,0.5,0.5880014072010735,0.5
2,2025-02-18,3,Tuesday,trailing_4_week_profile,Airport,Overnight,Weekday,0.9829891086225493,0.4,0.9829891086225493,0.2,0.9829891086225493,0.1
2,2025-02-18,3,Tuesday,trailing_4_week_profile,Non-airport,Overnight,Weekday,0.5660634456683135,0.4,0.6368885000845349,0.5,0.6326264760050925,0.55
2,2025-02-18,4,Tuesday,global_popularity,Airport,Overnight,Weekday,1.0,0.2,1.0,0.1,1.0,0.05
2,2025-02-18,4,Tuesday,global_popularity,Non-airport,Overnight,Weekday,0.5198595270647077,0.2,0.515344972193841,0.2,0.6626464741174606,0.65
2,2025-02-18,4,Tuesday,zone_hour_profile,Airport,Overnight,Weekday,1.0,0.2,1.0,0.1,1.0,0.05
2,2025-02-18,4,Tuesday,zone_hour_profile,Non-airport,Overnight,Weekday,0.7140441963613082,0.6,0.7604213703355945,0.6,0.7526124799067323,0.6
2,2025-02-18,4,Tuesday,same_hour_last_week,Airport,Overnight,Weekday,1.0,0.2,1.0,0.1,1.0,0.05
2,2025-02-18,4,Tuesday,same_hour_last_week,Non-airport,Overnight,Weekday,0.43107779126337453,0.2,0.6151364868900069,0.4,0.6822709956174392,0.6
2,2025-02-18,4,Tuesday,trailing_4_week_profile,Airport,Overnight,Weekday,1.0,0.2,1.0,0.1,1.0,0.05
2,2025-02-18,4,Tuesday,trailing_4_week_profile,Non-airport,Overnight,Weekday,0.7107328336776935,0.6,0.7661661119823964,0.6,0.7667292146007998,0.65
2,2025-02-18,5,Tuesday,global_popularity,Airport,Overnight,Weekday,1.0,0.4,1.0,0.2,1.0,0.1
2,2025-02-18,5,Tuesday,global_popularity,Non-airport,Overnight,Weekday,0.4887823925898855,0.2,0.5258612387585435,0.4,0.6165334385352391,0.65
2,2025-02-18,5,Tuesday,zone_hour_profile,Airport,Overnight,Weekday,1.0,0.4,1.0,0.2,1.0,0.1
2,2025-02-18,5,Tuesday,zone_hour_profile,Non-airport,Overnight,Weekday,0.9539055574612921,0.6,0.9424158703240761,0.8,0.9429051702688176,0.85
2,2025-02-18,5,Tuesday,same_hour_last_week,Airport,Overnight,Weekday,1.0,0.4,1.0,0.2,1.0,0.1
2,2025-02-18,5,Tuesday,same_hour_last_week,Non-airport,Overnight,Weekday,0.8739956251392819,0.6,0.8972127509478448,0.8,0.8955820271559961,0.85
2,2025-02-18,5,Tuesday,trailing_4_week_profile,Airport,Overnight,Weekday,1.0,0.4,1.0,0.2,1.0,0.1
2,2025-02-18,5,Tuesday,trailing_4_week_profile,Non-airport,Overnight,Weekday,0.9328962485245047,0.6,0.9263007767952566,0.8,0.9250143778208292,0.85
2,2025-02-18,6,Tuesday,global_popularity,Airport,Morning,Weekday,1.0,0.4,1.0,0.2,1.0,0.1
2,2025-02-18,6,Tuesday,global_popularity,Non-airport,Morning,Weekday,0.7151061119513918,0.4,0.6919639977040144,0.5,0.7712446720879617,0.8
2,2025-02-18,6,Tuesday,zone_hour_profile,Airport,Morning,Weekday,1.0,0.4,1.0,0.2,1.0,0.1
2,2025-02-18,6,Tuesday,zone_hour_profile,Non-airport,Morning,Weekday,0.9667469268809548,0.8,0.9724386547854816,0.9,0.9834543346609261,0.95
2,2025-02-18,6,Tuesday,same_hour_last_week,Airport,Morning,Weekday,1.0,0.4,1.0,0.2,1.0,0.1
2,2025-02-18,6,Tuesday,same_hour_last_week,Non-airport,Morning,Weekday,0.9367690235313226,0.8,0.9507512514946556,0.9,0.9582491843334927,0.9
2,2025-02-18,6,Tuesday,trailing_4_week_profile,Airport,Morning,Weekday,1.0,0.4,1.0,0.2,1.0,0.1
2,2025-02-18,6,Tuesday,trailing_4_week_profile,Non-airport,Morning,Weekday,0.9678755175270398,0.6,0.9784584887103923,0.9,0.9864858352588103,0.9
2,2025-02-18,7,Tuesday,global_popularity,Airport,Morning,Weekday,1.0,0.4,1.0,0.2,1.0,0.1
2,2025-02-18,7,Tuesday,global_popularity,Non-airport,Morning,Weekday,0.8492156652145922,0.6,0.8221109882961444,0.6,0.8584454724374556,0.8
2,2025-02-18,7,Tuesday,zone_hour_profile,Airport,Morning,Weekday,1.0,0.4,1.0,0.2,1.0,0.1
2,2025-02-18,7,Tuesday,zone_hour_profile,Non-airport,Morning,Weekday,0.9460285415106876,0.4,0.9572626300612748,0.8,0.9816142598565526,0.9
2,2025-02-18,7,Tuesday,same_hour_last_week,Airport,Morning,Weekday,1.0,0.4,1.0,0.2,1.0,0.1
2,2025-02-18,7,Tuesday,same_hour_last_week,Non-airport,Morning,Weekday,0.9628167563770965,0.4,0.9703945834476313,0.8,0.9738859892881845,0.9
2,2025-02-18,7,Tuesday,trailing_4_week_profile,Airport,Morning,Weekday,1.0,0.4,1.0,0.2,1.0,0.1
2,2025-02-18,7,Tuesday,trailing_4_week_profile,Non-airport,Morning,Weekday,0.9460285415106876,0.4,0.9572626300612748,0.8,0.9753396144377021,0.95
2,2025-02-18,8,Tuesday,global_popularity,Airport,Morning,Weekday,1.0,0.4,1.0,0.2,1.0,0.1
2,2025-02-18,8,Tuesday,global_popularity,Non-airport,Morning,Weekday,0.8295653713419551,0.6,0.8370992855730254,0.6,0.870707202917372,0.8
2,2025-02-18,8,Tuesday,zone_hour_profile,Airport,Morning,Weekday,1.0,0.4,1.0,0.2,1.0,0.1
2,2025-02-18,8,Tuesday,zone_hour_profile,Non-airport,Morning,Weekday,0.9954895457760794,0.8,0.9805551814754226,0.8,0.977393834728688,0.9
2,2025-02-18,8,Tuesday,same_hour_last_week,Airport,Morning,Weekday,0.9295492951972234,0.4,0.9295492951972234,0.2,0.9295492951972234,0.1
2,2025-02-18,8,Tuesday,same_hour_last_week,Non-airport,Morning,Weekday,0.9782367848835748,0.8,0.9881522397765737,0.9,0.9809243607517779,0.9
2,2025-02-18,8,Tuesday,trailing_4_week_profile,Airport,Morning,Weekday,0.9295492951972234,0.4,0.9295492951972234,0.2,0.9295492951972234,0.1
2,2025-02-18,8,Tuesday,trailing_4_week_profile,Non-airport,Morning,Weekday,0.9954895457760794,0.8,0.9805551814754226,0.8,0.9775303077489049,0.9
2,2025-02-18,9,Tuesday,global_popularity,Airport,Morning,Weekday,0.9459301162338193,0.4,0.9459301162338193,0.2,0.9459301162338193,0.1
2,2025-02-18,9,Tuesday,global_popularity,Non-airport,Morning,Weekday,0.8442801656460724,0.8,0.8697130608447642,0.7,0.9049870102809786,0.85
2,2025-02-18,9,Tuesday,zone_hour_profile,Airport,Morning,Weekday,1.0,0.4,1.0,0.2,1.0,0.1
2,2025-02-18,9,Tuesday,zone_hour_profile,Non-airport,Morning,Weekday,0.9703507780467306,1.0,0.97158040190517,0.9,0.9791545105277802,0.95
2,2025-02-18,9,Tuesday,same_hour_last_week,Airport,Morning,Weekday,1.0,0.4,1.0,0.2,1.0,0.1
2,2025-02-18,9,Tuesday,same_hour_last_week,Non-airport,Morning,Weekday,0.9835429600285507,1.0,0.9733320661943243,0.8,0.9778651332257318,0.9
2,2025-02-18,9,Tuesday,trailing_4_week_profile,Airport,Morning,Weekday,1.0,0.4,1.0,0.2,1.0,0.1
2,2025-02-18,9,Tuesday,trailing_4_week_profile,Non-airport,Morning,Weekday,0.9703507780467306,1.0,0.9713957656010264,0.9,0.9739226374936965,0.95
2,2025-02-18,10,Tuesday,global_popularity,Airport,Midday,Weekday,0.9419191200083793,0.4,0.9419191200083793,0.2,0.9419191200083793,0.1
2,2025-02-18,10,Tuesday,global_popularity,Non-airport,Midday,Weekday,0.9492805096866295,0.8,0.9436916455519156,0.8,0.9545636107805382,0.85
2,2025-02-18,10,Tuesday,zone_hour_profile,Airport,Midday,Weekday,1.0,0.4,1.0,0.2,1.0,0.1
2,2025-02-18,10,Tuesday,zone_hour_profile,Non-airport,Midday,Weekday,1.0,1.0,0.9644704322489103,0.7,0.9909831315108891,0.95
2,2025-02-18,10,Tuesday,same_hour_last_week,Airport,Midday,Weekday,1.0,0.4,1.0,0.2,1.0,0.1
2,2025-02-18,10,Tuesday,same_hour_last_week,Non-airport,Midday,Weekday,0.983663687805193,0.8,0.9629003989332956,0.7,0.9879459337624847,0.9
2,2025-02-18,10,Tuesday,trailing_4_week_profile,Airport,Midday,Weekday,1.0,0.4,1.0,0.2,1.0,0.1
2,2025-02-18,10,Tuesday,trailing_4_week_profile,Non-airport,Midday,Weekday,1.0,1.0,0.9644704322489103,0.7,0.990558692837945,0.95
2,2025-02-18,11,Tuesday,global_popularity,Airport,Midday,Weekday,0.9756695237283348,0.4,0.9756695237283348,0.2,0.9756695237283348,0.1
2,2025-02-18,11,Tuesday,global_popularity,Non-airport,Midday,Weekday,0.9757830973447292,1.0,0.9529224473174839,0.7,0.9639329352437715,0.85
2,2025-02-18,11,Tuesday,zone_hour_profile,Airport,Midday,Weekday,1.0,0.4,1.0,0.2,1.0,0.1
2,2025-02-18,11,Tuesday,zone_hour_profile,Non-airport,Midday,Weekday,0.9200364556931131,0.6,0.9659294890791742,0.8,0.9819911848163224,0.9
2,2025-02-18,11,Tuesday,same_hour_last_week,Airport,Midday,Weekday,1.0,0.4,1.0,0.2,1.0,0.1
2,2025-02-18,11,Tuesday,same_hour_last_week,Non-airport,Midday,Weekday,0.9200364556931131,0.6,0.9528068644694253,0.7,0.9800686402692631,0.9
2,2025-02-18,11,Tuesday,trailing_4_week_profile,Airport,Midday,Weekday,1.0,0.4,1.0,0.2,1.0,0.1
2,2025-02-18,11,Tuesday,trailing_4_week_profile,Non-airport,Midday,Weekday,0.9200364556931131,0.6,0.9659294890791742,0.8,0.9816234114786214,0.9
2,2025-02-18,12,Tuesday,global_popularity,Airport,Midday,Weekday,1.0,0.4,1.0,0.2,1.0,0.1
2,2025-02-18,12,Tuesday,global_popularity,Non-airport,Midday,Weekday,0.9658935793243963,0.8,0.9585427485489924,0.8,0.9679838143509671,0.85
2,2025-02-18,12,Tuesday,zone_hour_profile,Airport,Midday,Weekday,0.9419588482613085,0.4,0.9419588482613085,0.2,0.9419588482613085,0.1
2,2025-02-18,12,Tuesday,zone_hour_profile,Non-airport,Midday,Weekday,0.984954214337182,0.8,0.963718213852616,0.8,0.9865959357813008,0.9
2,2025-02-18,12,Tuesday,same_hour_last_week,Airport,Midday,Weekday,0.9419588482613085,0.4,0.9419588482613085,0.2,0.9419588482613085,0.1
2,2025-02-18,12,Tuesday,same_hour_last_week,Non-airport,Midday,Weekday,0.9761025098250691,0.6,0.9745915032884112,0.9,0.9867011325576622,0.9
2,2025-02-18,12,Tuesday,trailing_4_week_profile,Airport,Midday,Weekday,0.9419588482613085,0.4,0.9419588482613085,0.2,0.9419588482613085,0.1
2,2025-02-18,12,Tuesday,trailing_4_week_profile,Non-airport,Midday,Weekday,0.984954214337182,0.8,0.9630780226044388,0.8,0.9873126432312537,0.9
2,2025-02-18,13,Tuesday,global_popularity,Airport,Midday,Weekday,1.0,0.6,1.0,0.3,1.0,0.15
2,2025-02-18,13,Tuesday,global_popularity,Non-airport,Midday,Weekday,0.9837831821010605,0.8,0.9483006565099894,0.7,0.9588136722133508,0.85
2,2025-02-18,13,Tuesday,zone_hour_profile,Airport,Midday,Weekday,0.9350032680589316,0.6,0.9350032680589316,0.3,0.9350032680589316,0.15
2,2025-02-18,13,Tuesday,zone_hour_profile,Non-airport,Midday,Weekday,0.9884865896597491,0.8,0.9648252638572224,0.8,0.9896773309350663,0.95
2,2025-02-18,13,Tuesday,same_hour_last_week,Airport,Midday,Weekday,0.9350032680589316,0.6,0.9350032680589316,0.3,0.9350032680589316,0.15
2,2025-02-18,13,Tuesday,same_hour_last_week,Non-airport,Midday,Weekday,0.9921423280773352,0.8,0.9777914050761741,0.9,0.9878960469862773,0.95
2,2025-02-18,13,Tuesday,trailing_4_week_profile,Airport,Midday,Weekday,0.9350032680589316,0.6,0.9350032680589316,0.3,0.9350032680589316,0.15
2,2025-02-18,13,Tuesday,trailing_4_week_profile,Non-airport,Midday,Weekday,0.9930006361580205,0.8,0.9855193377082898,0.9,0.9862710006043958,0.9
2,2025-02-18,14,Tuesday,global_popularity,Airport,Midday,Weekday,1.0,0.4,1.0,0.2,1.0,0.1
2,2025-02-18,14,Tuesday,global_popularity,Non-airport,Midday,Weekday,0.9490066597830759,0.6,0.9638899730786049,0.8,0.9584374531501122,0.8
2,2025-02-18,14,Tuesday,zone_hour_profile,Airport,Midday,Weekday,1.0,0.4,1.0,0.2,1.0,0.1
2,2025-02-18,14,Tuesday,zone_hour_profile,Non-airport,Midday,Weekday,0.9572121319745042,0.6,0.9749862955735769,0.8,0.9785546920761866,0.9
2,2025-02-18,14,Tuesday,same_hour_last_week,Airport,Midday,Weekday,0.9269636865017489,0.4,0.9269636865017489,0.2,0.9269636865017489,0.1
2,2025-02-18,14,Tuesday,same_hour_last_week,Non-airport,Midday,Weekday,0.9654523986341138,0.6,0.9820298632508273,0.8,0.9823859975522112,0.9
2,2025-02-18,14,Tuesday,trailing_4_week_profile,Airport,Midday,Weekday,0.9269636865017489,0.4,0.9269636865017489,0.2,0.9269636865017489,0.1
2,2025-02-18,14,Tuesday,trailing_4_week_profile,Non-airport,Midday,Weekday,0.9680519426666697,0.6,0.9822162714033842,0.8,0.9840075624807423,0.9
2,2025-02-18,15,Tuesday,global_popularity,Airport,Midday,Weekday,1.0,0.4,1.0,0.2,1.0,0.1
2,2025-02-18,15,Tuesday,global_popularity,Non-airport,Midday,Weekday,0.9833241107150367,0.8,0.9781881566921707,0.7,0.9548400557579857,0.85
2,2025-02-18,15,Tuesday,zone_hour_profile,Airport,Midday,Weekday,1.0,0.4,1.0,0.2,1.0,0.1
2,2025-02-18,15,Tuesday,zone_hour_profile,Non-airport,Midday,Weekday,0.9650770871751255,0.8,0.9293100297309176,0.7,0.9768850018683259,1.0
2,2025-02-18,15,Tuesday,same_hour_last_week,Airport,Midday,Weekday,1.0,0.4,1.0,0.2,1.0,0.1
2,2025-02-18,15,Tuesday,same_hour_last_week,Non-airport,Midday,Weekday,0.9443455758190583,0.8,0.930685442225437,0.7,0.9632267727139612,0.95
2,2025-02-18,15,Tuesday,trailing_4_week_profile,Airport,Midday,Weekday,1.0,0.4,1.0,0.2,1.0,0.1
2,2025-02-18,15,Tuesday,trailing_4_week_profile,Non-airport,Midday,Weekday,0.9650770871751255,0.8,0.9303151978675425,0.7,0.9774872201578367,1.0
2,2025-02-18,16,Tuesday,global_popularity,Airport,Evening,Weekday,1.0,0.4,1.0,0.2,1.0,0.1
2,2025-02-18,16,Tuesday,global_popularity,Non-airport,Evening,Weekday,0.9531061728950411,0.8,0.9619241438198873,0.7,0.9456143607979361,0.8
2,2025-02-18,16,Tuesday,zone_hour_profile,Airport,Evening,Weekday,1.0,0.4,1.0,0.2,1.0,0.1
2,2025-02-18,16,Tuesday,zone_hour_profile,Non-airport,Evening,Weekday,0.9873776172372019,0.8,0.9756077332006359,0.8,0.9901592867236112,0.85
2,2025-02-18,16,Tuesday,same_hour_last_week,Airport,Evening,Weekday,1.0,0.4,1.0,0.2,1.0,0.1
2,2025-02-18,16,Tuesday,same_hour_last_week,Non-airport,Evening,Weekday,1.0,1.0,0.9779690344721684,0.8,0.9934103895460283,0.9
2,2025-02-18,16,Tuesday,trailing_4_week_profile,Airport,Evening,Weekday,1.0,0.4,1.0,0.2,1.0,0.1
2,2025-02-18,16,Tuesday,trailing_4_week_profile,Non-airport,Evening,Weekday,0.9873776172372019,0.8,0.9751258790961678,0.8,0.9884394548362069,0.85
2,2025-02-18,17,Tuesday,global_popularity,Airport,Evening,Weekday,1.0,0.6,1.0,0.3,1.0,0.15
2,2025-02-18,17,Tuesday,global_popularity,Non-airport,Evening,Weekday,0.9344853171207105,0.6,0.9349283688333954,0.7,0.9321962598516199,0.75
2,2025-02-18,17,Tuesday,zone_hour_profile,Airport,Evening,Weekday,1.0,0.6,1.0,0.3,1.0,0.15
2,2025-02-18,17,Tuesday,zone_hour_profile,Non-airport,Evening,Weekday,0.9505893544283432,0.6,0.9469715918931667,0.8,0.9796192013931334,0.95
2,2025-02-18,17,Tuesday,same_hour_last_week,Airport,Evening,Weekday,1.0,0.6,1.0,0.3,1.0,0.15
2,2025-02-18,17,Tuesday,same_hour_last_week,Non-airport,Evening,Weekday,0.9338411244313166,0.6,0.945745454006553,0.8,0.9739697905547816,0.9
2,2025-02-18,17,Tuesday,trailing_4_week_profile,Airport,Evening,Weekday,1.0,0.6,1.0,0.3,1.0,0.15
2,2025-02-18,17,Tuesday,trailing_4_week_profile,Non-airport,Evening,Weekday,0.9505893544283432,0.6,0.9444737440596679,0.8,0.9764113950186365,0.9
2,2025-02-18,18,Tuesday,global_popularity,Airport,Evening,Weekday,1.0,0.4,1.0,0.2,1.0,0.1
2,2025-02-18,18,Tuesday,global_popularity,Non-airport,Evening,Weekday,0.8889101867092254,0.6,0.9252881952592393,0.7,0.9372172330910086,0.8
2,2025-02-18,18,Tuesday,zone_hour_profile,Airport,Evening,Weekday,1.0,0.4,1.0,0.2,1.0,0.1
2,2025-02-18,18,Tuesday,zone_hour_profile,Non-airport,Evening,Weekday,0.9834349132772356,0.8,0.9837182890893128,0.9,0.9921102560926349,0.9
2,2025-02-18,18,Tuesday,same_hour_last_week,Airport,Evening,Weekday,1.0,0.4,1.0,0.2,1.0,0.1
2,2025-02-18,18,Tuesday,same_hour_last_week,Non-airport,Evening,Weekday,0.9834349132772356,0.8,0.9826433311549686,0.9,0.9872760521785079,0.85
2,2025-02-18,18,Tuesday,trailing_4_week_profile,Airport,Evening,Weekday,1.0,0.4,1.0,0.2,1.0,0.1
2,2025-02-18,18,Tuesday,trailing_4_week_profile,Non-airport,Evening,Weekday,0.9834349132772356,0.8,0.9833146350842589,0.9,0.9917107879757696,0.9
2,2025-02-18,19,Tuesday,global_popularity,Airport,Evening,Weekday,1.0,0.4,1.0,0.2,1.0,0.1
2,2025-02-18,19,Tuesday,global_popularity,Non-airport,Evening,Weekday,0.9251034365331905,0.6,0.949190474616516,0.8,0.9597054161032281,0.85
2,2025-02-18,19,Tuesday,zone_hour_profile,Airport,Evening,Weekday,1.0,0.4,1.0,0.2,1.0,0.1
2,2025-02-18,19,Tuesday,zone_hour_profile,Non-airport,Evening,Weekday,0.9737177685952548,0.8,0.9760238678690144,0.8,0.984834460227994,0.9
2,2025-02-18,19,Tuesday,same_hour_last_week,Airport,Evening,Weekday,1.0,0.4,1.0,0.2,1.0,0.1
2,2025-02-18,19,Tuesday,same_hour_last_week,Non-airport,Evening,Weekday,0.9362409074650271,0.6,0.9701133759677676,0.8,0.9778925562758572,0.9
2,2025-02-18,19,Tuesday,trailing_4_week_profile,Airport,Evening,Weekday,1.0,0.4,1.0,0.2,1.0,0.1
2,2025-02-18,19,Tuesday,trailing_4_week_profile,Non-airport,Evening,Weekday,0.9703937692351989,0.8,0.9714165097072907,0.8,0.9763171385629932,0.9
2,2025-02-18,20,Tuesday,global_popularity,Airport,Evening,Weekday,1.0,0.4,1.0,0.2,1.0,0.1
2,2025-02-18,20,Tuesday,global_popularity,Non-airport,Evening,Weekday,0.8351857047943635,0.4,0.9230934524182055,0.8,0.941948380057088,0.9
2,2025-02-18,20,Tuesday,zone_hour_profile,Airport,Evening,Weekday,1.0,0.4,1.0,0.2,1.0,0.1
2,2025-02-18,20,Tuesday,zone_hour_profile,Non-airport,Evening,Weekday,0.9787234732292525,0.8,0.9909931864482848,0.8,0.9924825065167066,0.9
2,2025-02-18,20,Tuesday,same_hour_last_week,Airport,Evening,Weekday,1.0,0.4,1.0,0.2,1.0,0.1
2,2025-02-18,20,Tuesday,same_hour_last_week,Non-airport,Evening,Weekday,0.9802744411644746,0.8,0.9855602322397008,0.8,0.9892770725773322,0.85
2,2025-02-18,20,Tuesday,trailing_4_week_profile,Airport,Evening,Weekday,1.0,0.4,1.0,0.2,1.0,0.1
2,2025-02-18,20,Tuesday,trailing_4_week_profile,Non-airport,Evening,Weekday,0.9787234732292525,0.8,0.9909851611371274,0.8,0.9940065874642098,0.9
2,2025-02-18,21,Tuesday,global_popularity,Airport,Late evening,Weekday,1.0,0.4,1.0,0.2,1.0,0.1
2,2025-02-18,21,Tuesday,global_popularity,Non-airport,Late evening,Weekday,0.8033485144589413,0.4,0.8955927298400008,0.7,0.9066951171069747,0.85
2,2025-02-18,21,Tuesday,zone_hour_profile,Airport,Late evening,Weekday,1.0,0.4,1.0,0.2,1.0,0.1
2,2025-02-18,21,Tuesday,zone_hour_profile,Non-airport,Late evening,Weekday,0.9549935759895645,0.6,0.9806743364108325,0.9,0.9853395206750921,0.95
2,2025-02-18,21,Tuesday,same_hour_last_week,Airport,Late evening,Weekday,1.0,0.4,1.0,0.2,1.0,0.1
2,2025-02-18,21,Tuesday,same_hour_last_week,Non-airport,Late evening,Weekday,0.9773368813724737,0.6,0.9611312992575897,0.7,0.9858868705741914,0.95
2,2025-02-18,21,Tuesday,trailing_4_week_profile,Airport,Late evening,Weekday,1.0,0.4,1.0,0.2,1.0,0.1
2,2025-02-18,21,Tuesday,trailing_4_week_profile,Non-airport,Late evening,Weekday,0.9549935759895645,0.6,0.9738254787646192,0.9,0.9869918252116471,0.95
2,2025-02-18,22,Tuesday,global_popularity,Airport,Late evening,Weekday,1.0,0.4,1.0,0.2,1.0,0.1
2,2025-02-18,22,Tuesday,global_popularity,Non-airport,Late evening,Weekday,0.7327795364911668,0.4,0.7855864939635917,0.6,0.8489224391731943,0.75
2,2025-02-18,22,Tuesday,zone_hour_profile,Airport,Late evening,Weekday,1.0,0.4,1.0,0.2,1.0,0.1
2,2025-02-18,22,Tuesday,zone_hour_profile,Non-airport,Late evening,Weekday,0.9760713203956511,0.8,0.9724467884014107,0.8,0.9890630442991886,0.95
2,2025-02-18,22,Tuesday,same_hour_last_week,Airport,Late evening,Weekday,1.0,0.4,1.0,0.2,1.0,0.1
2,2025-02-18,22,Tuesday,same_hour_last_week,Non-airport,Late evening,Weekday,0.8927989662749622,0.6,0.9105457142183729,0.7,0.9491037455708947,0.95
2,2025-02-18,22,Tuesday,trailing_4_week_profile,Airport,Late evening,Weekday,1.0,0.4,1.0,0.2,1.0,0.1
2,2025-02-18,22,Tuesday,trailing_4_week_profile,Non-airport,Late evening,Weekday,0.9194869836790175,0.8,0.9294255548719932,0.8,0.9535145597473873,0.95
2,2025-02-18,23,Tuesday,global_popularity,Airport,Late evening,Weekday,1.0,0.4,1.0,0.2,1.0,0.1
2,2025-02-18,23,Tuesday,global_popularity,Non-airport,Late evening,Weekday,0.6927442151215348,0.6,0.7020576352919754,0.5,0.782289548742868,0.75
2,2025-02-18,23,Tuesday,zone_hour_profile,Airport,Late evening,Weekday,1.0,0.4,1.0,0.2,1.0,0.1
2,2025-02-18,23,Tuesday,zone_hour_profile,Non-airport,Late evening,Weekday,0.9119278931215654,0.6,0.9430512084254489,0.8,0.9341748300425076,0.85
2,2025-02-18,23,Tuesday,same_hour_last_week,Airport,Late evening,Weekday,1.0,0.4,1.0,0.2,1.0,0.1
2,2025-02-18,23,Tuesday,same_hour_last_week,Non-airport,Late evening,Weekday,0.9378838484402673,0.8,0.951177640579449,0.8,0.9536657741253478,0.9
2,2025-02-18,23,Tuesday,trailing_4_week_profile,Airport,Late evening,Weekday,1.0,0.4,1.0,0.2,1.0,0.1
2,2025-02-18,23,Tuesday,trailing_4_week_profile,Non-airport,Late evening,Weekday,0.8720948882902595,0.6,0.8934618956638996,0.8,0.9089823962741931,0.85
2,2025-02-19,0,Wednesday,global_popularity,Airport,Overnight,Weekday,1.0,0.4,1.0,0.2,1.0,0.1
2,2025-02-19,0,Wednesday,global_popularity,Non-airport,Overnight,Weekday,0.5306439712657902,0.2,0.5657269582993161,0.5,0.6923934016005346,0.7
2,2025-02-19,0,Wednesday,zone_hour_profile,Airport,Overnight,Weekday,1.0,0.4,1.0,0.2,1.0,0.1
2,2025-02-19,0,Wednesday,zone_hour_profile,Non-airport,Overnight,Weekday,0.8011380334532029,0.4,0.8471471937067143,0.7,0.8933554863589688,0.9
2,2025-02-19,0,Wednesday,same_hour_last_week,Airport,Overnight,Weekday,1.0,0.4,1.0,0.2,1.0,0.1
2,2025-02-19,0,Wednesday,same_hour_last_week,Non-airport,Overnight,Weekday,0.9355634198387314,0.4,0.9387265091458943,0.8,0.944009772433466,0.9
2,2025-02-19,0,Wednesday,trailing_4_week_profile,Airport,Overnight,Weekday,1.0,0.4,1.0,0.2,1.0,0.1
2,2025-02-19,0,Wednesday,trailing_4_week_profile,Non-airport,Overnight,Weekday,0.7662969349969244,0.4,0.8468027698224928,0.8,0.8637861015750284,0.85
2,2025-02-19,1,Wednesday,global_popularity,Airport,Overnight,Weekday,1.0,0.4,1.0,0.2,1.0,0.1
2,2025-02-19,1,Wednesday,global_popularity,Non-airport,Overnight,Weekday,0.5709043517517857,0.2,0.5464107717881123,0.4,0.7076060139158405,0.65
2,2025-02-19,1,Wednesday,zone_hour_profile,Airport,Overnight,Weekday,1.0,0.4,1.0,0.2,1.0,0.1
2,2025-02-19,1,Wednesday,zone_hour_profile,Non-airport,Overnight,Weekday,0.7677228957479431,0.4,0.7907270145047326,0.6,0.83498380343494,0.75
2,2025-02-19,1,Wednesday,same_hour_last_week,Airport,Overnight,Weekday,1.0,0.4,1.0,0.2,1.0,0.1
2,2025-02-19,1,Wednesday,same_hour_last_week,Non-airport,Overnight,Weekday,0.8909913190885177,0.6,0.8734528525401456,0.7,0.9130877156108346,0.85
2,2025-02-19,1,Wednesday,trailing_4_week_profile,Airport,Overnight,Weekday,1.0,0.4,1.0,0.2,1.0,0.1
2,2025-02-19,1,Wednesday,trailing_4_week_profile,Non-airport,Overnight,Weekday,0.9021336606875527,0.8,0.8722014421059258,0.7,0.9185715290061758,0.9
2,2025-02-19,2,Wednesday,global_popularity,Airport,Overnight,Weekday,1.0,0.4,1.0,0.2,1.0,0.1
2,2025-02-19,2,Wednesday,global_popularity,Non-airport,Overnight,Weekday,0.40631307753229834,0.4,0.3785793192305337,0.2,0.5151601468250848,0.55
2,2025-02-19,2,Wednesday,zone_hour_profile,Airport,Overnight,Weekday,1.0,0.4,1.0,0.2,1.0,0.1
2,2025-02-19,2,Wednesday,zone_hour_profile,Non-airport,Overnight,Weekday,0.44839818659421843,0.4,0.47695811414095535,0.5,0.6274937897319138,0.7
2,2025-02-19,2,Wednesday,same_hour_last_week,Airport,Overnight,Weekday,0.9403252510903738,0.4,0.9403252510903738,0.2,0.9403252510903738,0.1
2,2025-02-19,2,Wednesday,same_hour_last_week,Non-airport,Overnight,Weekday,0.49098258803939043,0.6,0.6603808614765182,0.7,0.6730541255186552,0.7
2,2025-02-19,2,Wednesday,trailing_4_week_profile,Airport,Overnight,Weekday,1.0,0.4,1.0,0.2,1.0,0.1
2,2025-02-19,2,Wednesday,trailing_4_week_profile,Non-airport,Overnight,Weekday,0.7005488922215479,0.8,0.688457605143993,0.7,0.7266649526688069,0.65
2,2025-02-19,3,Wednesday,global_popularity,Airport,Overnight,Weekday,1.0,0.4,1.0,0.2,1.0,0.1
2,2025-02-19,3,Wednesday,global_popularity,Non-airport,Overnight,Weekday,0.4433454996325541,0.2,0.47329531218057763,0.4,0.6327600887940575,0.6
2,2025-02-19,3,Wednesday,zone_hour_profile,Airport,Overnight,Weekday,1.0,0.4,1.0,0.2,1.0,0.1
2,2025-02-19,3,Wednesday,zone_hour_profile,Non-airport,Overnight,Weekday,0.7135714530456613,0.4,0.7612511077720848,0.4,0.7480647765959492,0.55
2,2025-02-19,3,Wednesday,same_hour_last_week,Airport,Overnight,Weekday,0.6673256513724852,0.4,0.6673256513724852,0.2,0.6673256513724852,0.1
2,2025-02-19,3,Wednesday,same_hour_last_week,Non-airport,Overnight,Weekday,0.8742974312762934,0.6,0.8352957362398818,0.5,0.8423770856286374,0.55
2,2025-02-19,3,Wednesday,trailing_4_week_profile,Airport,Overnight,Weekday,1.0,0.4,1.0,0.2,1.0,0.1
2,2025-02-19,3,Wednesday,trailing_4_week_profile,Non-airport,Overnight,Weekday,0.8190401302981934,0.6,0.7694257744525174,0.4,0.7796015875848356,0.6
2,2025-02-19,4,Wednesday,global_popularity,Airport,Overnight,Weekday,1.0,0.4,1.0,0.2,1.0,0.1
2,2025-02-19,4,Wednesday,global_popularity,Non-airport,Overnight,Weekday,0.47030159847267816,0.2,0.5564534141985811,0.4,0.6726705671532068,0.65
2,2025-02-19,4,Wednesday,zone_hour_profile,Airport,Overnight,Weekday,1.0,0.4,1.0,0.2,1.0,0.1
2,2025-02-19,4,Wednesday,zone_hour_profile,Non-airport,Overnight,Weekday,0.7002881409545018,0.6,0.6390551904553762,0.5,0.6624571885005034,0.55
2,2025-02-19,4,Wednesday,same_hour_last_week,Airport,Overnight,Weekday,0.9981914133650132,0.4,0.9981914133650132,0.2,0.9981914133650132,0.1
2,2025-02-19,4,Wednesday,same_hour_last_week,Non-airport,Overnight,Weekday,0.6425713513878285,0.4,0.6616718863544171,0.5,0.6676421955117453,0.5
2,2025-02-19,4,Wednesday,trailing_4_week_profile,Airport,Overnight,Weekday,1.0,0.4,1.0,0.2,1.0,0.1
2,2025-02-19,4,Wednesday,trailing_4_week_profile,Non-airport,Overnight,Weekday,0.885895668566847,0.8,0.7821412008516339,0.6,0.7892980813860782,0.65
2,2025-02-19,5,Wednesday,global_popularity,Airport,Overnight,Weekday,1.0,0.4,1.0,0.2,1.0,0.1
2,2025-02-19,5,Wednesday,global_popularity,Non-airport,Overnight,Weekday,0.524379709279072,0.4,0.5681346175319371,0.5,0.629099014339155,0.6
2,2025-02-19,5,Wednesday,zone_hour_profile,Airport,Overnight,Weekday,1.0,0.4,1.0,0.2,1.0,0.1
2,2025-02-19,5,Wednesday,zone_hour_profile,Non-airport,Overnight,Weekday,0.965753452326584,0.8,0.8906632554910742,0.7,0.9388587663406461,0.8
2,2025-02-19,5,Wednesday,same_hour_last_week,Airport,Overnight,Weekday,1.0,0.4,1.0,0.2,1.0,0.1
2,2025-02-19,5,Wednesday,same_hour_last_week,Non-airport,Overnight,Weekday,0.9301249852184176,0.8,0.9300923531062049,0.8,0.9304069976670457,0.75
2,2025-02-19,5,Wednesday,trailing_4_week_profile,Airport,Overnight,Weekday,1.0,0.4,1.0,0.2,1.0,0.1
2,2025-02-19,5,Wednesday,trailing_4_week_profile,Non-airport,Overnight,Weekday,0.9103752604169301,0.6,0.9391182590770392,0.9,0.9419792268544949,0.8
2,2025-02-19,6,Wednesday,global_popularity,Airport,Morning,Weekday,1.0,0.2,1.0,0.1,1.0,0.05
2,2025-02-19,6,Wednesday,global_popularity,Non-airport,Morning,Weekday,0.5728870229290578,0.4,0.6222923388939827,0.4,0.6951082748781646,0.75
2,2025-02-19,6,Wednesday,zone_hour_profile,Airport,Morning,Weekday,1.0,0.2,1.0,0.1,1.0,0.05
2,2025-02-19,6,Wednesday,zone_hour_profile,Non-airport,Morning,Weekday,0.913650812806401,0.6,0.9636905565376034,0.9,0.9570582972677825,0.85
2,2025-02-19,6,Wednesday,same_hour_last_week,Airport,Morning,Weekday,1.0,0.2,1.0,0.1,1.0,0.05
2,2025-02-19,6,Wednesday,same_hour_last_week,Non-airport,Morning,Weekday,0.9703792037214131,0.8,0.9583673683267909,0.9,0.9593910198325579,0.8
2,2025-02-19,6,Wednesday,trailing_4_week_profile,Airport,Morning,Weekday,1.0,0.2,1.0,0.1,1.0,0.05
2,2025-02-19,6,Wednesday,trailing_4_week_profile,Non-airport,Morning,Weekday,0.9482449075542118,0.6,0.967727773643095,0.8,0.9698299484563291,0.85
2,2025-02-19,7,Wednesday,global_popularity,Airport,Morning,Weekday,1.0,0.4,1.0,0.2,1.0,0.1
2,2025-02-19,7,Wednesday,global_popularity,Non-airport,Morning,Weekday,0.6933162847041388,0.6,0.7051623478576319,0.5,0.7744163300443562,0.75
2,2025-02-19,7,Wednesday,zone_hour_profile,Airport,Morning,Weekday,1.0,0.4,1.0,0.2,1.0,0.1
2,2025-02-19,7,Wednesday,zone_hour_profile,Non-airport,Morning,Weekday,1.0,1.0,0.9998262333986868,1.0,0.9952191301116359,0.9
2,2025-02-19,7,Wednesday,same_hour_last_week,Airport,Morning,Weekday,1.0,0.4,1.0,0.2,1.0,0.1
2,2025-02-19,7,Wednesday,same_hour_last_week,Non-airport,Morning,Weekday,0.9980589296133557,1.0,0.9810012275918621,0.9,0.9886645647101542,0.9
2,2025-02-19,7,Wednesday,trailing_4_week_profile,Airport,Morning,Weekday,1.0,0.4,1.0,0.2,1.0,0.1
2,2025-02-19,7,Wednesday,trailing_4_week_profile,Non-airport,Morning,Weekday,1.0,1.0,0.9872119461827068,0.9,0.9941424444000404,0.9
2,2025-02-19,8,Wednesday,global_popularity,Airport,Morning,Weekday,1.0,0.4,1.0,0.2,1.0,0.1
2,2025-02-19,8,Wednesday,global_popularity,Non-airport,Morning,Weekday,0.753466771078189,0.6,0.7826239362710021,0.6,0.82902922500068,0.8
2,2025-02-19,8,Wednesday,zone_hour_profile,Airport,Morning,Weekday,1.0,0.4,1.0,0.2,1.0,0.1
2,2025-02-19,8,Wednesday,zone_hour_profile,Non-airport,Morning,Weekday,0.9709367125039836,0.6,0.9785519440594257,0.9,0.9870308502553538,0.95
2,2025-02-19,8,Wednesday,same_hour_last_week,Airport,Morning,Weekday,0.9135331114177361,0.4,0.9135331114177361,0.2,0.9135331114177361,0.1
2,2025-02-19,8,Wednesday,same_hour_last_week,Non-airport,Morning,Weekday,0.9979300319848955,0.8,0.9921978273843978,0.9,0.9923167749826411,0.95
2,2025-02-19,8,Wednesday,trailing_4_week_profile,Airport,Morning,Weekday,0.9135331114177361,0.4,0.9135331114177361,0.2,0.9135331114177361,0.1
2,2025-02-19,8,Wednesday,trailing_4_week_profile,Non-airport,Morning,Weekday,0.9966209079382191,0.8,0.9889109418825182,0.9,0.9892947027580489,0.95
2,2025-02-19,9,Wednesday,global_popularity,Airport,Morning,Weekday,0.9496757339360722,0.4,0.9496757339360722,0.2,0.9496757339360722,0.1
2,2025-02-19,9,Wednesday,global_popularity,Non-airport,Morning,Weekday,0.8448659841955863,0.6,0.8609843426548711,0.7,0.8868014076393982,0.8
2,2025-02-19,9,Wednesday,zone_hour_profile,Airport,Morning,Weekday,1.0,0.4,1.0,0.2,1.0,0.1
2,2025-02-19,9,Wednesday,zone_hour_profile,Non-airport,Morning,Weekday,0.9975318374938743,0.8,0.9920747235364814,0.8,0.9942828592289153,0.9
2,2025-02-19,9,Wednesday,same_hour_last_week,Airport,Morning,Weekday,1.0,0.4,1.0,0.2,1.0,0.1
2,2025-02-19,9,Wednesday,same_hour_last_week,Non-airport,Morning,Weekday,0.9896091046520141,0.8,0.9941751952034459,0.8,0.9919086583764943,0.9
2,2025-02-19,9,Wednesday,trailing_4_week_profile,Airport,Morning,Weekday,1.0,0.4,1.0,0.2,1.0,0.1
2,2025-02-19,9,Wednesday,trailing_4_week_profile,Non-airport,Morning,Weekday,0.9975318374938743,0.8,0.9967893166918078,0.9,0.9852412726627224,0.9
2,2025-02-19,10,Wednesday,global_popularity,Airport,Midday,Weekday,0.9379760358718136,0.4,0.9379760358718136,0.2,0.9379760358718136,0.1
2,2025-02-19,10,Wednesday,global_popularity,Non-airport,Midday,Weekday,0.9399633820925447,0.8,0.9278750621082119,0.7,0.9454386259082919,0.9
2,2025-02-19,10,Wednesday,zone_hour_profile,Airport,Midday,Weekday,1.0,0.4,1.0,0.2,1.0,0.1
2,2025-02-19,10,Wednesday,zone_hour_profile,Non-airport,Midday,Weekday,1.0,1.0,0.9769956250803208,0.8,0.9923635779049367,0.95
2,2025-02-19,10,Wednesday,same_hour_last_week,Airport,Midday,Weekday,1.0,0.4,1.0,0.2,1.0,0.1
2,2025-02-19,10,Wednesday,same_hour_last_week,Non-airport,Midday,Weekday,0.9968497468682224,1.0,0.969386487685471,0.8,0.9860196821921727,0.95
2,2025-02-19,10,Wednesday,trailing_4_week_profile,Airport,Midday,Weekday,1.0,0.4,1.0,0.2,1.0,0.1
2,2025-02-19,10,Wednesday,trailing_4_week_profile,Non-airport,Midday,Weekday,1.0,1.0,0.9765989377557861,0.8,0.9912842064270417,0.95
2,2025-02-19,11,Wednesday,global_popularity,Airport,Midday,Weekday,1.0,0.4,1.0,0.2,1.0,0.1
2,2025-02-19,11,Wednesday,global_popularity,Non-airport,Midday,Weekday,0.9601496462058091,0.8,0.9453051945795052,0.8,0.9584996174002844,0.85
2,2025-02-19,11,Wednesday,zone_hour_profile,Airport,Midday,Weekday,0.9364248691872822,0.4,0.9364248691872822,0.2,0.9364248691872822,0.1
2,2025-02-19,11,Wednesday,zone_hour_profile,Non-airport,Midday,Weekday,0.9914464125008692,1.0,0.9809348319117284,0.9,0.9905164790470257,0.9
2,2025-02-19,11,Wednesday,same_hour_last_week,Airport,Midday,Weekday,0.9364248691872822,0.4,0.9364248691872822,0.2,0.9364248691872822,0.1
2,2025-02-19,11,Wednesday,same_hour_last_week,Non-airport,Midday,Weekday,0.9439484762982131,0.8,0.9594888856041667,0.8,0.9815860798594322,0.9
2,2025-02-19,11,Wednesday,trailing_4_week_profile,Airport,Midday,Weekday,0.9364248691872822,0.4,0.9364248691872822,0.2,0.9364248691872822,0.1
2,2025-02-19,11,Wednesday,trailing_4_week_profile,Non-airport,Midday,Weekday,0.9914464125008692,1.0,0.9809348319117284,0.9,0.9891516381988495,0.9
2,2025-02-19,12,Wednesday,global_popularity,Airport,Midday,Weekday,1.0,0.4,1.0,0.2,1.0,0.1
2,2025-02-19,12,Wednesday,global_popularity,Non-airport,Midday,Weekday,0.9511445926170091,0.8,0.9661319159469605,0.8,0.9592945400840218,0.85
2,2025-02-19,12,Wednesday,zone_hour_profile,Airport,Midday,Weekday,0.9577906760275776,0.4,0.9577906760275776,0.2,0.9577906760275776,0.1
2,2025-02-19,12,Wednesday,zone_hour_profile,Non-airport,Midday,Weekday,0.956228987109819,0.8,0.984160245161363,1.0,0.9781322636307319,0.85
2,2025-02-19,12,Wednesday,same_hour_last_week,Airport,Midday,Weekday,0.9577906760275776,0.4,0.9577906760275776,0.2,0.9577906760275776,0.1
2,2025-02-19,12,Wednesday,same_hour_last_week,Non-airport,Midday,Weekday,0.9534705654503599,0.8,0.9785375562262837,1.0,0.9738357133686805,0.9
2,2025-02-19,12,Wednesday,trailing_4_week_profile,Airport,Midday,Weekday,0.9577906760275776,0.4,0.9577906760275776,0.2,0.9577906760275776,0.1
2,2025-02-19,12,Wednesday,trailing_4_week_profile,Non-airport,Midday,Weekday,0.9561113283923496,0.8,0.9822608809386719,1.0,0.9754016745615883,0.85
2,2025-02-19,13,Wednesday,global_popularity,Airport,Midday,Weekday,1.0,0.4,1.0,0.2,1.0,0.1
2,2025-02-19,13,Wednesday,global_popularity,Non-airport,Midday,Weekday,0.9627510856211865,0.8,0.9533341348096149,0.7,0.9568371971815712,0.85
2,2025-02-19,13,Wednesday,zone_hour_profile,Airport,Midday,Weekday,1.0,0.4,1.0,0.2,1.0,0.1
2,2025-02-19,13,Wednesday,zone_hour_profile,Non-airport,Midday,Weekday,0.985926056342857,0.8,0.9783536791052786,0.8,0.9786700661563755,0.9
2,2025-02-19,13,Wednesday,same_hour_last_week,Airport,Midday,Weekday,1.0,0.4,1.0,0.2,1.0,0.1
2,2025-02-19,13,Wednesday,same_hour_last_week,Non-airport,Midday,Weekday,0.985926056342857,0.8,0.9615295219233437,0.8,0.9730888249476064,0.9
2,2025-02-19,13,Wednesday,trailing_4_week_profile,Airport,Midday,Weekday,0.9386133185234935,0.4,0.9386133185234935,0.2,0.9386133185234935,0.1
2,2025-02-19,13,Wednesday,trailing_4_week_profile,Non-airport,Midday,Weekday,0.985926056342857,0.8,0.9791644782558331,0.8,0.9800835362165671,0.9
2,2025-02-19,14,Wednesday,global_popularity,Airport,Midday,Weekday,1.0,0.4,1.0,0.2,1.0,0.1
2,2025-02-19,14,Wednesday,global_popularity,Non-airport,Midday,Weekday,0.966941857780992,0.6,0.9641462174292857,0.7,0.965216581039129,0.85
2,2025-02-19,14,Wednesday,zone_hour_profile,Airport,Midday,Weekday,1.0,0.4,1.0,0.2,1.0,0.1
2,2025-02-19,14,Wednesday,zone_hour_profile,Non-airport,Midday,Weekday,0.9496852228659513,0.8,0.9645950817042012,0.8,0.9643479450747611,0.9
2,2025-02-19,14,Wednesday,same_hour_last_week,Airport,Midday,Weekday,1.0,0.4,1.0,0.2,1.0,0.1
2,2025-02-19,14,Wednesday,same_hour_last_week,Non-airport,Midday,Weekday,0.970524607626668,1.0,0.9647731102061617,0.8,0.9656398728876973,0.9
2,2025-02-19,14,Wednesday,trailing_4_week_profile,Airport,Midday,Weekday,0.9212559933341721,0.4,0.9212559933341721,0.2,0.9212559933341721,0.1
2,2025-02-19,14,Wednesday,trailing_4_week_profile,Non-airport,Midday,Weekday,0.9648775132114675,0.8,0.9504063928452069,0.7,0.9639175145576973,0.9
2,2025-02-19,15,Wednesday,global_popularity,Airport,Midday,Weekday,1.0,0.4,1.0,0.2,1.0,0.1
2,2025-02-19,15,Wednesday,global_popularity,Non-airport,Midday,Weekday,0.96841366936518,0.6,0.9626681428555702,0.7,0.9591205517591045,0.85
2,2025-02-19,15,Wednesday,zone_hour_profile,Airport,Midday,Weekday,1.0,0.4,1.0,0.2,1.0,0.1
2,2025-02-19,15,Wednesday,zone_hour_profile,Non-airport,Midday,Weekday,0.9910514484026962,1.0,0.9780795027288179,0.8,0.9888687001900045,0.9
2,2025-02-19,15,Wednesday,same_hour_last_week,Airport,Midday,Weekday,0.949549101921119,0.4,0.949549101921119,0.2,0.949549101921119,0.1
2,2025-02-19,15,Wednesday,same_hour_last_week,Non-airport,Midday,Weekday,0.9782528015631018,1.0,0.9674695377437547,0.8,0.9648722785034596,0.85
2,2025-02-19,15,Wednesday,trailing_4_week_profile,Airport,Midday,Weekday,1.0,0.4,1.0,0.2,1.0,0.1
2,2025-02-19,15,Wednesday,trailing_4_week_profile,Non-airport,Midday,Weekday,0.9910514484026962,1.0,0.9666161695949349,0.7,0.987333856064896,0.9
2,2025-02-19,16,Wednesday,global_popularity,Airport,Evening,Weekday,1.0,0.4,1.0,0.2,1.0,0.1
2,2025-02-19,16,Wednesday,global_popularity,Non-airport,Evening,Weekday,0.9702493917080453,0.8,0.9576345489442052,0.7,0.9634757333189465,0.85
2,2025-02-19,16,Wednesday,zone_hour_profile,Airport,Evening,Weekday,1.0,0.4,1.0,0.2,1.0,0.1
2,2025-02-19,16,Wednesday,zone_hour_profile,Non-airport,Evening,Weekday,0.9963219150953389,1.0,0.9800282811950567,0.9,0.9891451339479054,0.9
2,2025-02-19,16,Wednesday,same_hour_last_week,Airport,Evening,Weekday,1.0,0.4,1.0,0.2,1.0,0.1
2,2025-02-19,16,Wednesday,same_hour_last_week,Non-airport,Evening,Weekday,0.9963219150953389,1.0,0.9797811367004706,0.9,0.9787987649540181,0.9
2,2025-02-19,16,Wednesday,trailing_4_week_profile,Airport,Evening,Weekday,1.0,0.4,1.0,0.2,1.0,0.1
2,2025-02-19,16,Wednesday,trailing_4_week_profile,Non-airport,Evening,Weekday,0.9963219150953389,1.0,0.9910162947834281,0.9,0.989602714873613,0.9
2,2025-02-19,17,Wednesday,global_popularity,Airport,Evening,Weekday,1.0,0.4,1.0,0.2,1.0,0.1
2,2025-02-19,17,Wednesday,global_popularity,Non-airport,Evening,Weekday,0.9348342211665307,0.8,0.9444461674038489,0.7,0.9455557827628736,0.85
2,2025-02-19,17,Wednesday,zone_hour_profile,Airport,Evening,Weekday,1.0,0.4,1.0,0.2,1.0,0.1
2,2025-02-19,17,Wednesday,zone_hour_profile,Non-airport,Evening,Weekday,0.9989257966598561,1.0,0.9812228787745643,0.9,0.9897187001801888,0.95
2,2025-02-19,17,Wednesday,same_hour_last_week,Airport,Evening,Weekday,1.0,0.4,1.0,0.2,1.0,0.1
2,2025-02-19,17,Wednesday,same_hour_last_week,Non-airport,Evening,Weekday,0.9849079421815158,0.8,0.9836418614057262,0.9,0.9823445585995436,0.85
2,2025-02-19,17,Wednesday,trailing_4_week_profile,Airport,Evening,Weekday,1.0,0.4,1.0,0.2,1.0,0.1
2,2025-02-19,17,Wednesday,trailing_4_week_profile,Non-airport,Evening,Weekday,0.9989257966598561,1.0,0.9872197280110776,0.9,0.9850618201820452,0.9
2,2025-02-19,18,Wednesday,global_popularity,Airport,Evening,Weekday,1.0,0.4,1.0,0.2,1.0,0.1
2,2025-02-19,18,Wednesday,global_popularity,Non-airport,Evening,Weekday,0.8942362580591838,0.4,0.9388606819793577,0.7,0.9453553701035674,0.85
2,2025-02-19,18,Wednesday,zone_hour_profile,Airport,Evening,Weekday,1.0,0.4,1.0,0.2,1.0,0.1
2,2025-02-19,18,Wednesday,zone_hour_profile,Non-airport,Evening,Weekday,0.9894373842565308,0.6,0.99099939624069,0.9,0.9929926300194177,0.9
2,2025-02-19,18,Wednesday,same_hour_last_week,Airport,Evening,Weekday,1.0,0.4,1.0,0.2,1.0,0.1
2,2025-02-19,18,Wednesday,same_hour_last_week,Non-airport,Evening,Weekday,0.9973254236123948,0.6,0.9915339156948102,0.9,0.9853616738646319,0.85
2,2025-02-19,18,Wednesday,trailing_4_week_profile,Airport,Evening,Weekday,1.0,0.4,1.0,0.2,1.0,0.1
2,2025-02-19,18,Wednesday,trailing_4_week_profile,Non-airport,Evening,Weekday,0.9989835411154994,0.8,0.9920069445476148,0.9,0.996170261836544,0.95
2,2025-02-19,19,Wednesday,global_popularity,Airport,Evening,Weekday,1.0,0.4,1.0,0.2,1.0,0.1
2,2025-02-19,19,Wednesday,global_popularity,Non-airport,Evening,Weekday,0.9061446790498887,0.6,0.947557326319016,0.8,0.9591209223447228,0.8
2,2025-02-19,19,Wednesday,zone_hour_profile,Airport,Evening,Weekday,1.0,0.4,1.0,0.2,1.0,0.1
2,2025-02-19,19,Wednesday,zone_hour_profile,Non-airport,Evening,Weekday,0.9981539649146813,0.8,0.9904876778069581,0.8,0.9949093199020506,0.85
2,2025-02-19,19,Wednesday,same_hour_last_week,Airport,Evening,Weekday,1.0,0.4,1.0,0.2,1.0,0.1
2,2025-02-19,19,Wednesday,same_hour_last_week,Non-airport,Evening,Weekday,0.9728027743710779,0.6,0.9829973008831001,0.8,0.9906437912030499,0.85
2,2025-02-19,19,Wednesday,trailing_4_week_profile,Airport,Evening,Weekday,1.0,0.4,1.0,0.2,1.0,0.1
2,2025-02-19,19,Wednesday,trailing_4_week_profile,Non-airport,Evening,Weekday,0.99678487212539,0.8,0.9895007597393485,0.8,0.9958190677661468,0.85
2,2025-02-19,20,Wednesday,global_popularity,Airport,Evening,Weekday,1.0,0.4,1.0,0.2,1.0,0.1
2,2025-02-19,20,Wednesday,global_popularity,Non-airport,Evening,Weekday,0.8709256590951971,0.6,0.9209289334215642,0.7,0.94281368288157,0.8
2,2025-02-19,20,Wednesday,zone_hour_profile,Airport,Evening,Weekday,1.0,0.4,1.0,0.2,1.0,0.1
2,2025-02-19,20,Wednesday,zone_hour_profile,Non-airport,Evening,Weekday,0.9989504822103054,1.0,0.9963248189622594,0.9,0.9934799790966666,0.85
2,2025-02-19,20,Wednesday,same_hour_last_week,Airport,Evening,Weekday,1.0,0.4,1.0,0.2,1.0,0.1
2,2025-02-19,20,Wednesday,same_hour_last_week,Non-airport,Evening,Weekday,0.9874200193579784,0.8,0.9908584375349276,0.8,0.9964921613087366,0.95
2,2025-02-19,20,Wednesday,trailing_4_week_profile,Airport,Evening,Weekday,1.0,0.4,1.0,0.2,1.0,0.1
2,2025-02-19,20,Wednesday,trailing_4_week_profile,Non-airport,Evening,Weekday,0.9951930377641733,1.0,0.9938974140511032,0.9,0.9946735727870359,0.9
2,2025-02-19,21,Wednesday,global_popularity,Airport,Late evening,Weekday,1.0,0.4,1.0,0.2,1.0,0.1
2,2025-02-19,21,Wednesday,global_popularity,Non-airport,Late evening,Weekday,0.8596308755429531,0.6,0.8969549245553837,0.6,0.920698750869407,0.8
2,2025-02-19,21,Wednesday,zone_hour_profile,Airport,Late evening,Weekday,1.0,0.4,1.0,0.2,1.0,0.1
2,2025-02-19,21,Wednesday,zone_hour_profile,Non-airport,Late evening,Weekday,0.971516464935925,0.8,0.9832730365610531,0.8,0.9879431609972879,0.95
2,2025-02-19,21,Wednesday,same_hour_last_week,Airport,Late evening,Weekday,0.8666868487326741,0.4,0.8666868487326741,0.2,0.8666868487326741,0.1
2,2025-02-19,21,Wednesday,same_hour_last_week,Non-airport,Late evening,Weekday,0.979196936096598,0.8,0.9889128351432649,0.8,0.9915762676323775,0.9
2,2025-02-19,21,Wednesday,trailing_4_week_profile,Airport,Late evening,Weekday,1.0,0.4,1.0,0.2,1.0,0.1
2,2025-02-19,21,Wednesday,trailing_4_week_profile,Non-airport,Late evening,Weekday,0.971516464935925,0.8,0.9837903258610048,0.8,0.9882582063119223,0.95
2,2025-02-19,22,Wednesday,global_popularity,Airport,Late evening,Weekday,1.0,0.4,1.0,0.2,1.0,0.1
2,2025-02-19,22,Wednesday,global_popularity,Non-airport,Late evening,Weekday,0.6864774232485545,0.4,0.7806846301214727,0.6,0.8538557266655867,0.8
2,2025-02-19,22,Wednesday,zone_hour_profile,Airport,Late evening,Weekday,1.0,0.4,1.0,0.2,1.0,0.1
2,2025-02-19,22,Wednesday,zone_hour_profile,Non-airport,Late evening,Weekday,0.968664324291371,0.8,0.9681779103832989,0.8,0.9804543496879551,0.9
2,2025-02-19,22,Wednesday,same_hour_last_week,Airport,Late evening,Weekday,1.0,0.4,1.0,0.2,1.0,0.1
2,2025-02-19,22,Wednesday,same_hour_last_week,Non-airport,Late evening,Weekday,0.8412708091105313,0.4,0.9011137097081291,0.8,0.9469479258195018,0.85
2,2025-02-19,22,Wednesday,trailing_4_week_profile,Airport,Late evening,Weekday,1.0,0.4,1.0,0.2,1.0,0.1
2,2025-02-19,22,Wednesday,trailing_4_week_profile,Non-airport,Late evening,Weekday,0.968664324291371,0.8,0.9656676849820128,0.8,0.9783746478603017,0.9
2,2025-02-19,23,Wednesday,global_popularity,Airport,Late evening,Weekday,1.0,0.4,1.0,0.2,1.0,0.1
2,2025-02-19,23,Wednesday,global_popularity,Non-airport,Late evening,Weekday,0.703745907955836,0.4,0.6875945116183633,0.3,0.7934801768667036,0.75
2,2025-02-19,23,Wednesday,zone_hour_profile,Airport,Late evening,Weekday,1.0,0.4,1.0,0.2,1.0,0.1
2,2025-02-19,23,Wednesday,zone_hour_profile,Non-airport,Late evening,Weekday,0.9921480730771963,0.8,0.9609753446977986,0.8,0.9779340624814703,0.95
2,2025-02-19,23,Wednesday,same_hour_last_week,Airport,Late evening,Weekday,0.9904774667140951,0.4,0.9904774667140951,0.2,0.9904774667140951,0.1
2,2025-02-19,23,Wednesday,same_hour_last_week,Non-airport,Late evening,Weekday,0.87732703892077,0.4,0.9405209945453018,0.9,0.9404141783908524,0.9
2,2025-02-19,23,Wednesday,trailing_4_week_profile,Airport,Late evening,Weekday,1.0,0.4,1.0,0.2,1.0,0.1
2,2025-02-19,23,Wednesday,trailing_4_week_profile,Non-airport,Late evening,Weekday,0.9200651002094491,0.6,0.9530267874842908,0.8,0.9719898141360648,0.95
2,2025-02-20,0,Thursday,global_popularity,Airport,Overnight,Weekday,1.0,0.4,1.0,0.2,1.0,0.1
2,2025-02-20,0,Thursday,global_popularity,Non-airport,Overnight,Weekday,0.6579789550045504,0.4,0.6409389324528537,0.4,0.753897767368667,0.65
2,2025-02-20,0,Thursday,zone_hour_profile,Airport,Overnight,Weekday,1.0,0.4,1.0,0.2,1.0,0.1
2,2025-02-20,0,Thursday,zone_hour_profile,Non-airport,Overnight,Weekday,0.9825179853092447,1.0,0.974575082408686,0.9,0.9512867069395737,0.85
2,2025-02-20,0,Thursday,same_hour_last_week,Airport,Overnight,Weekday,1.0,0.4,1.0,0.2,1.0,0.1
2,2025-02-20,0,Thursday,same_hour_last_week,Non-airport,Overnight,Weekday,0.8951372274515542,0.8,0.9321491450806315,0.9,0.9197971042900944,0.85
2,2025-02-20,0,Thursday,trailing_4_week_profile,Airport,Overnight,Weekday,1.0,0.4,1.0,0.2,1.0,0.1
2,2025-02-20,0,Thursday,trailing_4_week_profile,Non-airport,Overnight,Weekday,0.9625387473122541,0.8,0.9790786250017603,0.9,0.9555208750602949,0.85
2,2025-02-20,1,Thursday,global_popularity,Airport,Overnight,Weekday,0.9410948250405234,0.4,0.9410948250405234,0.2,0.9410948250405234,0.1
2,2025-02-20,1,Thursday,global_popularity,Non-airport,Overnight,Weekday,0.2817222309511035,0.2,0.3291142910036804,0.3,0.5321279695288736,0.6
2,2025-02-20,1,Thursday,zone_hour_profile,Airport,Overnight,Weekday,0.9410948250405234,0.4,0.9410948250405234,0.2,0.9410948250405234,0.1
2,2025-02-20,1,Thursday,zone_hour_profile,Non-airport,Overnight,Weekday,0.9200322072898933,0.8,0.9401011413831686,0.9,0.9451794383882773,0.8
2,2025-02-20,1,Thursday,same_hour_last_week,Airport,Overnight,Weekday,0.9410948250405234,0.4,0.9410948250405234,0.2,0.9410948250405234,0.1
2,2025-02-20,1,Thursday,same_hour_last_week,Non-airport,Overnight,Weekday,0.8839645812889143,0.8,0.9121413489839586,0.9,0.9018499725337606,0.75
2,2025-02-20,1,Thursday,trailing_4_week_profile,Airport,Overnight,Weekday,0.9410948250405234,0.4,0.9410948250405234,0.2,0.9410948250405234,0.1
2,2025-02-20,1,Thursday,trailing_4_week_profile,Non-airport,Overnight,Weekday,0.9396728848353898,0.8,0.9626333697443323,1.0,0.950386761175275,0.8
2,2025-02-20,2,Thursday,global_popularity,Airport,Overnight,Weekday,0.9019029338411575,0.4,0.9019029338411575,0.2,0.9019029338411575,0.1
2,2025-02-20,2,Thursday,global_popularity,Non-airport,Overnight,Weekday,0.3835381350425907,0.2,0.35820143001193816,0.2,0.5232846569958597,0.65
2,2025-02-20,2,Thursday,zone_hour_profile,Airport,Overnight,Weekday,0.9019029338411575,0.4,0.9019029338411575,0.2,0.9019029338411575,0.1
2,2025-02-20,2,Thursday,zone_hour_profile,Non-airport,Overnight,Weekday,0.9215300232091462,0.6,0.9509939883979065,0.8,0.924756449477177,0.8
2,2025-02-20,2,Thursday,same_hour_last_week,Airport,Overnight,Weekday,0.6420146116992675,0.4,0.6420146116992675,0.2,0.6420146116992675,0.1
2,2025-02-20,2,Thursday,same_hour_last_week,Non-airport,Overnight,Weekday,0.8442571874273939,0.6,0.8849441798874041,0.6,0.9081606631881678,0.8
2,2025-02-20,2,Thursday,trailing_4_week_profile,Airport,Overnight,Weekday,1.0,0.4,1.0,0.2,1.0,0.1
2,2025-02-20,2,Thursday,trailing_4_week_profile,Non-airport,Overnight,Weekday,0.9218665346109428,0.8,0.94833395283897,0.8,0.9293944388334324,0.85
2,2025-02-20,3,Thursday,global_popularity,Airport,Overnight,Weekday,1.0,0.2,1.0,0.1,1.0,0.05
2,2025-02-20,3,Thursday,global_popularity,Non-airport,Overnight,Weekday,0.36890994552386364,0.2,0.4319175532694517,0.4,0.5444909127431388,0.55
2,2025-02-20,3,Thursday,zone_hour_profile,Airport,Overnight,Weekday,1.0,0.2,1.0,0.1,1.0,0.05
2,2025-02-20,3,Thursday,zone_hour_profile,Non-airport,Overnight,Weekday,0.9157850069981193,0.8,0.8585539591397618,0.5,0.8755075586458608,0.8
2,2025-02-20,3,Thursday,same_hour_last_week,Airport,Overnight,Weekday,1.0,0.2,1.0,0.1,1.0,0.05
2,2025-02-20,3,Thursday,same_hour_last_week,Non-airport,Overnight,Weekday,0.875414884146753,0.6,0.8653300246480303,0.6,0.8654146281309708,0.7
2,2025-02-20,3,Thursday,trailing_4_week_profile,Airport,Overnight,Weekday,1.0,0.2,1.0,0.1,1.0,0.05
2,2025-02-20,3,Thursday,trailing_4_week_profile,Non-airport,Overnight,Weekday,0.9031143995837889,0.8,0.8785935457631587,0.6,0.884213518858123,0.8
2,2025-02-20,4,Thursday,global_popularity,Airport,Overnight,Weekday,1.0,0.2,1.0,0.1,1.0,0.05
2,2025-02-20,4,Thursday,global_popularity,Non-airport,Overnight,Weekday,0.5386054925007446,0.2,0.601641399797336,0.3,0.7180821909397853,0.65
2,2025-02-20,4,Thursday,zone_hour_profile,Airport,Overnight,Weekday,1.0,0.2,1.0,0.1,1.0,0.05
2,2025-02-20,4,Thursday,zone_hour_profile,Non-airport,Overnight,Weekday,0.753149084946476,0.6,0.7121511245484814,0.3,0.7822043463060394,0.6
2,2025-02-20,4,Thursday,same_hour_last_week,Airport,Overnight,Weekday,1.0,0.2,1.0,0.1,1.0,0.05
2,2025-02-20,4,Thursday,same_hour_last_week,Non-airport,Overnight,Weekday,0.630563442740373,0.4,0.6723780279411616,0.4,0.7372564388074011,0.55
2,2025-02-20,4,Thursday,trailing_4_week_profile,Airport,Overnight,Weekday,1.0,0.2,1.0,0.1,1.0,0.05
2,2025-02-20,4,Thursday,trailing_4_week_profile,Non-airport,Overnight,Weekday,0.7290917811185762,0.6,0.6827036219644822,0.3,0.7378406369573349,0.6
2,2025-02-20,5,Thursday,global_popularity,Airport,Overnight,Weekday,1.0,0.2,1.0,0.1,1.0,0.05
2,2025-02-20,5,Thursday,global_popularity,Non-airport,Overnight,Weekday,0.5527819668068777,0.4,0.5782480286807342,0.4,0.6749082180446873,0.75
2,2025-02-20,5,Thursday,zone_hour_profile,Airport,Overnight,Weekday,1.0,0.2,1.0,0.1,1.0,0.05
2,2025-02-20,5,Thursday,zone_hour_profile,Non-airport,Overnight,Weekday,0.8654617920948935,0.4,0.9078150933362618,0.7,0.933232094105087,0.8
2,2025-02-20,5,Thursday,same_hour_last_week,Airport,Overnight,Weekday,1.0,0.2,1.0,0.1,1.0,0.05
2,2025-02-20,5,Thursday,same_hour_last_week,Non-airport,Overnight,Weekday,0.9434669486789068,0.6,0.9247782780265792,0.7,0.9384446305372375,0.8
2,2025-02-20,5,Thursday,trailing_4_week_profile,Airport,Overnight,Weekday,1.0,0.2,1.0,0.1,1.0,0.05
2,2025-02-20,5,Thursday,trailing_4_week_profile,Non-airport,Overnight,Weekday,0.8654617920948935,0.4,0.8817723599060168,0.6,0.8994076423201892,0.75
2,2025-02-20,6,Thursday,global_popularity,Airport,Morning,Weekday,1.0,0.2,1.0,0.1,1.0,0.05
2,2025-02-20,6,Thursday,global_popularity,Non-airport,Morning,Weekday,0.7197856930628024,0.4,0.7170147043052563,0.5,0.7740888168017861,0.75
2,2025-02-20,6,Thursday,zone_hour_profile,Airport,Morning,Weekday,1.0,0.2,1.0,0.1,1.0,0.05
2,2025-02-20,6,Thursday,zone_hour_profile,Non-airport,Morning,Weekday,0.9329166842217452,0.8,0.9797590905971956,0.9,0.978089238933174,0.9
2,2025-02-20,6,Thursday,same_hour_last_week,Airport,Morning,Weekday,1.0,0.2,1.0,0.1,1.0,0.05
2,2025-02-20,6,Thursday,same_hour_last_week,Non-airport,Morning,Weekday,0.9725963132820886,0.8,0.9803016534218657,0.9,0.9811353227529166,0.9
2,2025-02-20,6,Thursday,trailing_4_week_profile,Airport,Morning,Weekday,1.0,0.2,1.0,0.1,1.0,0.05
2,2025-02-20,6,Thursday,trailing_4_week_profile,Non-airport,Morning,Weekday,0.9358696139219651,0.8,0.9746922658838267,0.9,0.9810997468496083,0.95
2,2025-02-20,7,Thursday,global_popularity,Airport,Morning,Weekday,1.0,0.4,1.0,0.2,1.0,0.1
2,2025-02-20,7,Thursday,global_popularity,Non-airport,Morning,Weekday,0.7479170706318207,0.6,0.7665890326224155,0.5,0.8134623419066007,0.75
2,2025-02-20,7,Thursday,zone_hour_profile,Airport,Morning,Weekday,1.0,0.4,1.0,0.2,1.0,0.1
2,2025-02-20,7,Thursday,zone_hour_profile,Non-airport,Morning,Weekday,0.9765018245586778,0.8,0.9846847613189886,0.8,0.9859972463321709,0.95
2,2025-02-20,7,Thursday,same_hour_last_week,Airport,Morning,Weekday,1.0,0.4,1.0,0.2,1.0,0.1
2,2025-02-20,7,Thursday,same_hour_last_week,Non-airport,Morning,Weekday,0.9569656902229787,0.6,0.9799455382956656,0.8,0.9805058844363177,0.95
2,2025-02-20,7,Thursday,trailing_4_week_profile,Airport,Morning,Weekday,1.0,0.4,1.0,0.2,1.0,0.1
2,2025-02-20,7,Thursday,trailing_4_week_profile,Non-airport,Morning,Weekday,0.9714649224059605,0.8,0.9805150501835179,0.8,0.9802035756857643,0.95
2,2025-02-20,8,Thursday,global_popularity,Airport,Morning,Weekday,1.0,0.4,1.0,0.2,1.0,0.1
2,2025-02-20,8,Thursday,global_popularity,Non-airport,Morning,Weekday,0.748210713584845,0.6,0.7855154968671273,0.6,0.8282488553036633,0.8
2,2025-02-20,8,Thursday,zone_hour_profile,Airport,Morning,Weekday,1.0,0.4,1.0,0.2,1.0,0.1
2,2025-02-20,8,Thursday,zone_hour_profile,Non-airport,Morning,Weekday,0.9382900485086487,0.6,0.9701037283885584,0.9,0.9774529559704873,0.95
2,2025-02-20,8,Thursday,same_hour_last_week,Airport,Morning,Weekday,0.9287263123513421,0.4,0.9287263123513421,0.2,0.9287263123513421,0.1
2,2025-02-20,8,Thursday,same_hour_last_week,Non-airport,Morning,Weekday,0.9580338533886051,0.6,0.9724314714367439,0.9,0.9705556486750831,0.9
2,2025-02-20,8,Thursday,trailing_4_week_profile,Airport,Morning,Weekday,1.0,0.4,1.0,0.2,1.0,0.1
2,2025-02-20,8,Thursday,trailing_4_week_profile,Non-airport,Morning,Weekday,0.948021903362308,0.6,0.9750120640428279,0.9,0.980388109103332,0.95
2,2025-02-20,9,Thursday,global_popularity,Airport,Morning,Weekday,0.9701073638106251,0.4,0.9701073638106251,0.2,0.9701073638106251,0.1
2,2025-02-20,9,Thursday,global_popularity,Non-airport,Morning,Weekday,0.8572007827690423,0.8,0.8684330668052931,0.7,0.8902319790642951,0.8
2,2025-02-20,9,Thursday,zone_hour_profile,Airport,Morning,Weekday,1.0,0.4,1.0,0.2,1.0,0.1
2,2025-02-20,9,Thursday,zone_hour_profile,Non-airport,Morning,Weekday,0.994813827608202,0.8,0.9922127942889813,0.9,0.9962187503154315,0.95
2,2025-02-20,9,Thursday,same_hour_last_week,Airport,Morning,Weekday,1.0,0.4,1.0,0.2,1.0,0.1
2,2025-02-20,9,Thursday,same_hour_last_week,Non-airport,Morning,Weekday,0.9839602368283156,0.8,0.9708882877052718,0.8,0.9816471086386586,0.9
2,2025-02-20,9,Thursday,trailing_4_week_profile,Airport,Morning,Weekday,1.0,0.4,1.0,0.2,1.0,0.1
2,2025-02-20,9,Thursday,trailing_4_week_profile,Non-airport,Morning,Weekday,0.994813827608202,0.8,0.9922175320514962,0.9,0.986252318583896,0.9
2,2025-02-20,10,Thursday,global_popularity,Airport,Midday,Weekday,0.9091148104593934,0.4,0.9091148104593934,0.2,0.9091148104593934,0.1
2,2025-02-20,10,Thursday,global_popularity,Non-airport,Midday,Weekday,0.8931595805757696,0.8,0.9035838074606696,0.8,0.9189838424306588,0.85
2,2025-02-20,10,Thursday,zone_hour_profile,Airport,Midday,Weekday,1.0,0.4,1.0,0.2,1.0,0.1
2,2025-02-20,10,Thursday,zone_hour_profile,Non-airport,Midday,Weekday,0.9929651903242666,0.8,0.9885720129064915,0.8,0.9911023054824258,0.95
2,2025-02-20,10,Thursday,same_hour_last_week,Airport,Midday,Weekday,1.0,0.4,1.0,0.2,1.0,0.1
2,2025-02-20,10,Thursday,same_hour_last_week,Non-airport,Midday,Weekday,0.9929651903242666,0.8,0.970767770232537,0.7,0.9792962450232341,0.9
2,2025-02-20,10,Thursday,trailing_4_week_profile,Airport,Midday,Weekday,1.0,0.4,1.0,0.2,1.0,0.1
2,2025-02-20,10,Thursday,trailing_4_week_profile,Non-airport,Midday,Weekday,0.9902021787063499,0.8,0.9855319148540985,0.8,0.9884735509264593,0.95
2,2025-02-20,11,Thursday,global_popularity,Airport,Midday,Weekday,1.0,0.4,1.0,0.2,1.0,0.1
2,2025-02-20,11,Thursday,global_popularity,Non-airport,Midday,Weekday,0.9985485171192507,0.8,0.9793377137091859,0.8,0.9711334371206803,0.8
2,2025-02-20,11,Thursday,zone_hour_profile,Airport,Midday,Weekday,0.9471084443410348,0.4,0.9471084443410348,0.2,0.9471084443410348,0.1
2,2025-02-20,11,Thursday,zone_hour_profile,Non-airport,Midday,Weekday,0.9689614792019359,0.6,0.980946245832423,0.9,0.9881395422103468,0.95
2,2025-02-20,11,Thursday,same_hour_last_week,Airport,Midday,Weekday,0.9471084443410348,0.4,0.9471084443410348,0.2,0.9471084443410348,0.1
2,2025-02-20,11,Thursday,same_hour_last_week,Non-airport,Midday,Weekday,0.9553172794503872,0.6,0.941812658601747,0.8,0.9789634605430185,0.9
2,2025-02-20,11,Thursday,trailing_4_week_profile,Airport,Midday,Weekday,0.9471084443410348,0.4,0.9471084443410348,0.2,0.9471084443410348,0.1
2,2025-02-20,11,Thursday,trailing_4_week_profile,Non-airport,Midday,Weekday,0.9568625724453569,0.6,0.9453077308988697,0.8,0.9842370098782023,0.95
2,2025-02-20,12,Thursday,global_popularity,Airport,Midday,Weekday,1.0,0.4,1.0,0.2,1.0,0.1
2,2025-02-20,12,Thursday,global_popularity,Non-airport,Midday,Weekday,0.9627304528461852,0.8,0.9730898657657396,0.9,0.9646933809016177,0.8
2,2025-02-20,12,Thursday,zone_hour_profile,Airport,Midday,Weekday,0.9928499717697414,0.4,0.9928499717697414,0.2,0.9928499717697414,0.1
2,2025-02-20,12,Thursday,zone_hour_profile,Non-airport,Midday,Weekday,0.9996993261395043,1.0,0.98646415713242,0.9,0.9896604162666434,0.95
2,2025-02-20,12,Thursday,same_hour_last_week,Airport,Midday,Weekday,1.0,0.4,1.0,0.2,1.0,0.1
2,2025-02-20,12,Thursday,same_hour_last_week,Non-airport,Midday,Weekday,0.9716049406624764,0.8,0.9712179264744175,0.9,0.9779409883415785,0.95
2,2025-02-20,12,Thursday,trailing_4_week_profile,Airport,Midday,Weekday,0.9928499717697414,0.4,0.9928499717697414,0.2,0.9928499717697414,0.1
2,2025-02-20,12,Thursday,trailing_4_week_profile,Non-airport,Midday,Weekday,0.9881991502407316,0.8,0.9857747592095386,0.9,0.9883229475936033,0.95
2,2025-02-20,13,Thursday,global_popularity,Airport,Midday,Weekday,1.0,0.4,1.0,0.2,1.0,0.1
2,2025-02-20,13,Thursday,global_popularity,Non-airport,Midday,Weekday,0.9562084646224769,0.8,0.9689897810070792,0.8,0.9661656684770147,0.8
2,2025-02-20,13,Thursday,zone_hour_profile,Airport,Midday,Weekday,0.9438133134431292,0.4,0.9438133134431292,0.2,0.9438133134431292,0.1
2,2025-02-20,13,Thursday,zone_hour_profile,Non-airport,Midday,Weekday,0.9674424074916371,1.0,0.96907458486824,0.8,0.9694670595934025,0.9
2,2025-02-20,13,Thursday,same_hour_last_week,Airport,Midday,Weekday,1.0,0.4,1.0,0.2,1.0,0.1
2,2025-02-20,13,Thursday,same_hour_last_week,Non-airport,Midday,Weekday,0.8942793848071898,0.8,0.9369948485983893,0.8,0.9390606794757905,0.8
2,2025-02-20,13,Thursday,trailing_4_week_profile,Airport,Midday,Weekday,0.9438133134431292,0.4,0.9438133134431292,0.2,0.9438133134431292,0.1
2,2025-02-20,13,Thursday,trailing_4_week_profile,Non-airport,Midday,Weekday,0.9674424074916371,1.0,0.9597330370132443,0.8,0.9642387871492416,0.85
2,2025-02-20,14,Thursday,global_popularity,Airport,Midday,Weekday,1.0,0.4,1.0,0.2,1.0,0.1
2,2025-02-20,14,Thursday,global_popularity,Non-airport,Midday,Weekday,0.9566080043069444,0.6,0.9629139950316014,0.8,0.9622707834365501,0.85
2,2025-02-20,14,Thursday,zone_hour_profile,Airport,Midday,Weekday,0.9453690349115302,0.4,0.9453690349115302,0.2,0.9453690349115302,0.1
2,2025-02-20,14,Thursday,zone_hour_profile,Non-airport,Midday,Weekday,0.9628888803825522,0.8,0.9379161341189958,0.8,0.9717385793780953,0.95
2,2025-02-20,14,Thursday,same_hour_last_week,Airport,Midday,Weekday,0.9453690349115302,0.4,0.9453690349115302,0.2,0.9453690349115302,0.1
2,2025-02-20,14,Thursday,same_hour_last_week,Non-airport,Midday,Weekday,0.9195172276149788,0.8,0.9259152079241086,0.7,0.9508294644385625,0.9
2,2025-02-20,14,Thursday,trailing_4_week_profile,Airport,Midday,Weekday,0.9453690349115302,0.4,0.9453690349115302,0.2,0.9453690349115302,0.1
2,2025-02-20,14,Thursday,trailing_4_week_profile,Non-airport,Midday,Weekday,0.9628888803825522,0.8,0.9383716986299777,0.8,0.9581080687996612,0.9
2,2025-02-20,15,Thursday,global_popularity,Airport,Midday,Weekday,1.0,0.4,1.0,0.2,1.0,0.1
2,2025-02-20,15,Thursday,global_popularity,Non-airport,Midday,Weekday,0.958046912803577,0.8,0.967655205304496,0.6,0.9522012031003851,0.85
2,2025-02-20,15,Thursday,zone_hour_profile,Airport,Midday,Weekday,1.0,0.4,1.0,0.2,1.0,0.1
2,2025-02-20,15,Thursday,zone_hour_profile,Non-airport,Midday,Weekday,0.9812015357061767,0.8,0.9759219810517973,0.7,0.9906448519271713,0.95
2,2025-02-20,15,Thursday,same_hour_last_week,Airport,Midday,Weekday,1.0,0.4,1.0,0.2,1.0,0.1
2,2025-02-20,15,Thursday,same_hour_last_week,Non-airport,Midday,Weekday,0.9812015357061767,0.8,0.9691101091726072,0.6,0.978069251289148,0.95
2,2025-02-20,15,Thursday,trailing_4_week_profile,Airport,Midday,Weekday,1.0,0.4,1.0,0.2,1.0,0.1
2,2025-02-20,15,Thursday,trailing_4_week_profile,Non-airport,Midday,Weekday,0.9812015357061767,0.8,0.9760024128980906,0.7,0.99016954861979,0.95
2,2025-02-20,16,Thursday,global_popularity,Airport,Evening,Weekday,1.0,0.6,1.0,0.3,1.0,0.15
2,2025-02-20,16,Thursday,global_popularity,Non-airport,Evening,Weekday,0.9306887300566915,0.8,0.9455239055425219,0.6,0.943113516044861,0.9
2,2025-02-20,16,Thursday,zone_hour_profile,Airport,Evening,Weekday,1.0,0.6,1.0,0.3,1.0,0.15
2,2025-02-20,16,Thursday,zone_hour_profile,Non-airport,Evening,Weekday,0.9878916418193951,0.8,0.9774432612216666,0.8,0.9884948360283382,0.95
2,2025-02-20,16,Thursday,same_hour_last_week,Airport,Evening,Weekday,1.0,0.6,1.0,0.3,1.0,0.15
2,2025-02-20,16,Thursday,same_hour_last_week,Non-airport,Evening,Weekday,0.9648958570794282,0.8,0.9518151915878746,0.7,0.9879417849329816,0.95
2,2025-02-20,16,Thursday,trailing_4_week_profile,Airport,Evening,Weekday,1.0,0.6,1.0,0.3,1.0,0.15
2,2025-02-20,16,Thursday,trailing_4_week_profile,Non-airport,Evening,Weekday,0.9893846363528802,0.8,0.978491869879036,0.8,0.9877077859809565,0.95
2,2025-02-20,17,Thursday,global_popularity,Airport,Evening,Weekday,1.0,0.4,1.0,0.2,1.0,0.1
2,2025-02-20,17,Thursday,global_popularity,Non-airport,Evening,Weekday,0.9030146457697945,0.6,0.9450492170118728,0.7,0.9501059015849541,0.85
2,2025-02-20,17,Thursday,zone_hour_profile,Airport,Evening,Weekday,1.0,0.4,1.0,0.2,1.0,0.1
2,2025-02-20,17,Thursday,zone_hour_profile,Non-airport,Evening,Weekday,0.9746590119598256,0.8,0.9841368764171122,0.9,0.9874099914598458,0.95
2,2025-02-20,17,Thursday,same_hour_last_week,Airport,Evening,Weekday,1.0,0.4,1.0,0.2,1.0,0.1
2,2025-02-20,17,Thursday,same_hour_last_week,Non-airport,Evening,Weekday,0.9845199745410717,1.0,0.9758932932058538,0.9,0.980547995549296,0.9
2,2025-02-20,17,Thursday,trailing_4_week_profile,Airport,Evening,Weekday,1.0,0.4,1.0,0.2,1.0,0.1
2,2025-02-20,17,Thursday,trailing_4_week_profile,Non-airport,Evening,Weekday,0.9873414887042534,1.0,0.9849197888063214,0.9,0.9884433929521144,0.95
2,2025-02-20,18,Thursday,global_popularity,Airport,Evening,Weekday,1.0,0.4,1.0,0.2,1.0,0.1
2,2025-02-20,18,Thursday,global_popularity,Non-airport,Evening,Weekday,0.9068413380248874,0.6,0.9491674055035882,0.8,0.9553737068127021,0.85
2,2025-02-20,18,Thursday,zone_hour_profile,Airport,Evening,Weekday,1.0,0.4,1.0,0.2,1.0,0.1
2,2025-02-20,18,Thursday,zone_hour_profile,Non-airport,Evening,Weekday,0.9940254123359223,0.8,0.9937049558324902,0.9,0.9929897995893464,0.95
2,2025-02-20,18,Thursday,same_hour_last_week,Airport,Evening,Weekday,0.8551190911001822,0.4,0.8551190911001822,0.2,0.8551190911001822,0.1
2,2025-02-20,18,Thursday,same_hour_last_week,Non-airport,Evening,Weekday,0.9940254123359223,0.8,0.9952622538371522,0.9,0.9847143735593711,0.85
2,2025-02-20,18,Thursday,trailing_4_week_profile,Airport,Evening,Weekday,0.8551190911001822,0.4,0.8551190911001822,0.2,0.8551190911001822,0.1
2,2025-02-20,18,Thursday,trailing_4_week_profile,Non-airport,Evening,Weekday,0.985114673956356,0.8,0.993447322330692,0.9,0.994664461662329,0.95
2,2025-02-20,19,Thursday,global_popularity,Airport,Evening,Weekday,1.0,0.4,1.0,0.2,1.0,0.1
2,2025-02-20,19,Thursday,global_popularity,Non-airport,Evening,Weekday,0.9015925167188837,0.6,0.9431546793453986,0.8,0.9544600387820819,0.85
2,2025-02-20,19,Thursday,zone_hour_profile,Airport,Evening,Weekday,1.0,0.4,1.0,0.2,1.0,0.1
2,2025-02-20,19,Thursday,zone_hour_profile,Non-airport,Evening,Weekday,0.9701436861688623,0.8,0.9879339641550271,0.9,0.9883832241528218,0.9
2,2025-02-20,19,Thursday,same_hour_last_week,Airport,Evening,Weekday,1.0,0.4,1.0,0.2,1.0,0.1
2,2025-02-20,19,Thursday,same_hour_last_week,Non-airport,Evening,Weekday,0.9695780268100435,0.8,0.9901265739424702,0.9,0.990838066600864,0.95
2,2025-02-20,19,Thursday,trailing_4_week_profile,Airport,Evening,Weekday,1.0,0.4,1.0,0.2,1.0,0.1
2,2025-02-20,19,Thursday,trailing_4_week_profile,Non-airport,Evening,Weekday,0.9999424409935116,1.0,0.9927375047381267,0.9,0.9899294129086451,0.9
2,2025-02-20,20,Thursday,global_popularity,Airport,Evening,Weekday,1.0,0.4,1.0,0.2,1.0,0.1
2,2025-02-20,20,Thursday,global_popularity,Non-airport,Evening,Weekday,0.8575886049935318,0.6,0.9115171432116508,0.7,0.9376479366118993,0.8
2,2025-02-20,20,Thursday,zone_hour_profile,Airport,Evening,Weekday,1.0,0.4,1.0,0.2,1.0,0.1
2,2025-02-20,20,Thursday,zone_hour_profile,Non-airport,Evening,Weekday,0.9926183328876551,1.0,0.9788262594161908,0.9,0.9873209238744656,0.9
2,2025-02-20,20,Thursday,same_hour_last_week,Airport,Evening,Weekday,0.823471395429885,0.4,0.823471395429885,0.2,0.823471395429885,0.1
2,2025-02-20,20,Thursday,same_hour_last_week,Non-airport,Evening,Weekday,0.9987293581862458,1.0,0.9713526205968636,0.8,0.9844524245195255,0.9
2,2025-02-20,20,Thursday,trailing_4_week_profile,Airport,Evening,Weekday,1.0,0.4,1.0,0.2,1.0,0.1
2,2025-02-20,20,Thursday,trailing_4_week_profile,Non-airport,Evening,Weekday,0.9859070767730175,1.0,0.9737462026784872,0.9,0.9835759072235101,0.9
2,2025-02-20,21,Thursday,global_popularity,Airport,Late evening,Weekday,1.0,0.4,1.0,0.2,1.0,0.1
2,2025-02-20,21,Thursday,global_popularity,Non-airport,Late evening,Weekday,0.8696591730395987,0.6,0.908151762158307,0.7,0.9275157336203095,0.8
2,2025-02-20,21,Thursday,zone_hour_profile,Airport,Late evening,Weekday,1.0,0.4,1.0,0.2,1.0,0.1
2,2025-02-20,21,Thursday,zone_hour_profile,Non-airport,Late evening,Weekday,0.9998246539319834,1.0,0.9899391154998711,0.8,0.9969052345342142,0.95
2,2025-02-20,21,Thursday,same_hour_last_week,Airport,Late evening,Weekday,1.0,0.4,1.0,0.2,1.0,0.1
2,2025-02-20,21,Thursday,same_hour_last_week,Non-airport,Late evening,Weekday,0.9897307675062147,1.0,0.9881791583729915,0.9,0.9920760891599812,0.95
2,2025-02-20,21,Thursday,trailing_4_week_profile,Airport,Late evening,Weekday,1.0,0.4,1.0,0.2,1.0,0.1
2,2025-02-20,21,Thursday,trailing_4_week_profile,Non-airport,Late evening,Weekday,0.9998246539319834,1.0,0.9809600851522029,0.7,0.9962693516457631,0.95
2,2025-02-20,22,Thursday,global_popularity,Airport,Late evening,Weekday,1.0,0.4,1.0,0.2,1.0,0.1
2,2025-02-20,22,Thursday,global_popularity,Non-airport,Late evening,Weekday,0.7400917371673774,0.6,0.7907376409236583,0.5,0.8565079410920032,0.8
2,2025-02-20,22,Thursday,zone_hour_profile,Airport,Late evening,Weekday,1.0,0.4,1.0,0.2,1.0,0.1
2,2025-02-20,22,Thursday,zone_hour_profile,Non-airport,Late evening,Weekday,0.9585054744618025,0.8,0.9436170892855292,0.8,0.9691676818269129,0.95
2,2025-02-20,22,Thursday,same_hour_last_week,Airport,Late evening,Weekday,1.0,0.4,1.0,0.2,1.0,0.1
2,2025-02-20,22,Thursday,same_hour_last_week,Non-airport,Late evening,Weekday,0.8423070629376126,0.4,0.8612806021181998,0.7,0.935122738682459,0.95
2,2025-02-20,22,Thursday,trailing_4_week_profile,Airport,Late evening,Weekday,1.0,0.4,1.0,0.2,1.0,0.1
2,2025-02-20,22,Thursday,trailing_4_week_profile,Non-airport,Late evening,Weekday,0.9180997829213152,0.6,0.9176183202338388,0.8,0.9489984731079538,0.95
2,2025-02-20,23,Thursday,global_popularity,Airport,Late evening,Weekday,1.0,0.4,1.0,0.2,1.0,0.1
2,2025-02-20,23,Thursday,global_popularity,Non-airport,Late evening,Weekday,0.6065914581927838,0.2,0.6126820401381735,0.4,0.7454595168805171,0.75
2,2025-02-20,23,Thursday,zone_hour_profile,Airport,Late evening,Weekday,1.0,0.4,1.0,0.2,1.0,0.1
2,2025-02-20,23,Thursday,zone_hour_profile,Non-airport,Late evening,Weekday,0.9426712336319977,0.8,0.9321608254438113,0.9,0.9520066626968344,0.9
2,2025-02-20,23,Thursday,same_hour_last_week,Airport,Late evening,Weekday,0.953190955564562,0.4,0.953190955564562,0.2,0.953190955564562,0.1
2,2025-02-20,23,Thursday,same_hour_last_week,Non-airport,Late evening,Weekday,0.9606990888483462,0.8,0.9509317314275122,0.8,0.9655853757429825,0.9
2,2025-02-20,23,Thursday,trailing_4_week_profile,Airport,Late evening,Weekday,0.953190955564562,0.4,0.953190955564562,0.2,0.953190955564562,0.1
2,2025-02-20,23,Thursday,trailing_4_week_profile,Non-airport,Late evening,Weekday,0.9175013288960808,0.8,0.9436963424767041,0.9,0.9474578393453839,0.9
2,2025-02-21,0,Friday,global_popularity,Airport,Overnight,Weekday,0.9221519149271903,0.4,0.9221519149271903,0.2,0.9221519149271903,0.1
2,2025-02-21,0,Friday,global_popularity,Non-airport,Overnight,Weekday,0.5192124012813161,0.2,0.5196867251656366,0.4,0.6827734448400247,0.65
2,2025-02-21,0,Friday,zone_hour_profile,Airport,Overnight,Weekday,0.9221519149271903,0.4,0.9221519149271903,0.2,0.9221519149271903,0.1
2,2025-02-21,0,Friday,zone_hour_profile,Non-airport,Overnight,Weekday,0.9623090145468293,1.0,0.972290307064667,1.0,0.9617810552254393,0.85
2,2025-02-21,0,Friday,same_hour_last_week,Airport,Overnight,Weekday,1.0,0.4,1.0,0.2,1.0,0.1
2,2025-02-21,0,Friday,same_hour_last_week,Non-airport,Overnight,Weekday,0.9631172293376126,0.8,0.9483299816269715,0.9,0.963689813273005,0.8
2,2025-02-21,0,Friday,trailing_4_week_profile,Airport,Overnight,Weekday,0.9221519149271903,0.4,0.9221519149271903,0.2,0.9221519149271903,0.1
2,2025-02-21,0,Friday,trailing_4_week_profile,Non-airport,Overnight,Weekday,0.9531247601983366,0.8,0.9415420939029376,0.9,0.9529212170568832,0.8
2,2025-02-21,1,Friday,global_popularity,Airport,Overnight,Weekday,1.0,0.4,1.0,0.2,1.0,0.1
2,2025-02-21,1,Friday,global_popularity,Non-airport,Overnight,Weekday,0.3145838868577806,0.0,0.3473741988127079,0.1,0.540437413580735,0.7
2,2025-02-21,1,Friday,zone_hour_profile,Airport,Overnight,Weekday,1.0,0.4,1.0,0.2,1.0,0.1
2,2025-02-21,1,Friday,zone_hour_profile,Non-airport,Overnight,Weekday,0.9739235709549594,1.0,0.9567147306186705,0.8,0.9611195958562085,0.9
2,2025-02-21,1,Friday,same_hour_last_week,Airport,Overnight,Weekday,1.0,0.4,1.0,0.2,1.0,0.1
2,2025-02-21,1,Friday,same_hour_last_week,Non-airport,Overnight,Weekday,0.9656055828062639,0.8,0.9827069151338519,0.9,0.9670434423459916,0.85
2,2025-02-21,1,Friday,trailing_4_week_profile,Airport,Overnight,Weekday,1.0,0.4,1.0,0.2,1.0,0.1
2,2025-02-21,1,Friday,trailing_4_week_profile,Non-airport,Overnight,Weekday,0.9935896854131228,1.0,0.956246742913616,0.8,0.9632494292214292,0.85
2,2025-02-21,2,Friday,global_popularity,Airport,Overnight,Weekday,0.7751877853701229,0.4,0.7751877853701229,0.2,0.7751877853701229,0.1
2,2025-02-21,2,Friday,global_popularity,Non-airport,Overnight,Weekday,0.1575520856141703,0.0,0.201332688512418,0.0,0.3983174338921205,0.4
2,2025-02-21,2,Friday,zone_hour_profile,Airport,Overnight,Weekday,0.7751877853701229,0.4,0.7751877853701229,0.2,0.7751877853701229,0.1
2,2025-02-21,2,Friday,zone_hour_profile,Non-airport,Overnight,Weekday,0.9369580993703828,0.8,0.9268299263063896,0.7,0.9472048339488176,0.85
2,2025-02-21,2,Friday,same_hour_last_week,Airport,Overnight,Weekday,0.7751877853701229,0.4,0.7751877853701229,0.2,0.7751877853701229,0.1
2,2025-02-21,2,Friday,same_hour_last_week,Non-airport,Overnight,Weekday,0.8977197351222861,0.6,0.949839756995954,0.8,0.9330135957188332,0.8
2,2025-02-21,2,Friday,trailing_4_week_profile,Airport,Overnight,Weekday,0.7751877853701229,0.4,0.7751877853701229,0.2,0.7751877853701229,0.1
2,2025-02-21,2,Friday,trailing_4_week_profile,Non-airport,Overnight,Weekday,0.9508225718011135,0.8,0.9587198137897712,0.8,0.9505250408743311,0.85
2,2025-02-21,3,Friday,global_popularity,Airport,Overnight,Weekday,1.0,0.4,1.0,0.2,1.0,0.1
2,2025-02-21,3,Friday,global_popularity,Non-airport,Overnight,Weekday,0.2538497263499368,0.0,0.23831767089298203,0.2,0.4465041904000984,0.35
2,2025-02-21,3,Friday,zone_hour_profile,Airport,Overnight,Weekday,1.0,0.4,1.0,0.2,1.0,0.1
2,2025-02-21,3,Friday,zone_hour_profile,Non-airport,Overnight,Weekday,0.975113474946503,0.8,0.9589371492421912,0.8,0.9638479942972314,0.75
2,2025-02-21,3,Friday,same_hour_last_week,Airport,Overnight,Weekday,1.0,0.4,1.0,0.2,1.0,0.1
2,2025-02-21,3,Friday,same_hour_last_week,Non-airport,Overnight,Weekday,0.9538595738120295,0.8,0.9281961850236373,0.7,0.9146792281140188,0.65
2,2025-02-21,3,Friday,trailing_4_week_profile,Airport,Overnight,Weekday,1.0,0.4,1.0,0.2,1.0,0.1
2,2025-02-21,3,Friday,trailing_4_week_profile,Non-airport,Overnight,Weekday,0.975113474946503,0.8,0.9646093724566361,0.8,0.9626991540933562,0.7
2,2025-02-21,4,Friday,global_popularity,Airport,Overnight,Weekday,1.0,0.4,1.0,0.2,1.0,0.1
2,2025-02-21,4,Friday,global_popularity,Non-airport,Overnight,Weekday,0.415397301173563,0.2,0.5014002465127625,0.2,0.6419414967527337,0.65
2,2025-02-21,4,Friday,zone_hour_profile,Airport,Overnight,Weekday,1.0,0.4,1.0,0.2,1.0,0.1
2,2025-02-21,4,Friday,zone_hour_profile,Non-airport,Overnight,Weekday,0.919135637270866,0.6,0.8792827814216008,0.5,0.8886157574156244,0.7
2,2025-02-21,4,Friday,same_hour_last_week,Airport,Overnight,Weekday,1.0,0.4,1.0,0.2,1.0,0.1
2,2025-02-21,4,Friday,same_hour_last_week,Non-airport,Overnight,Weekday,0.8636929138243008,0.6,0.8262014119481168,0.6,0.8211814400857197,0.7
2,2025-02-21,4,Friday,trailing_4_week_profile,Airport,Overnight,Weekday,1.0,0.4,1.0,0.2,1.0,0.1
2,2025-02-21,4,Friday,trailing_4_week_profile,Non-airport,Overnight,Weekday,0.8856664734179336,0.6,0.8479011198172062,0.5,0.8666892895305947,0.65
2,2025-02-21,5,Friday,global_popularity,Airport,Overnight,Weekday,1.0,0.2,1.0,0.1,1.0,0.05
2,2025-02-21,5,Friday,global_popularity,Non-airport,Overnight,Weekday,0.6712775466412377,0.4,0.7345842138235485,0.6,0.7877295393142115,0.7
2,2025-02-21,5,Friday,zone_hour_profile,Airport,Overnight,Weekday,1.0,0.2,1.0,0.1,1.0,0.05
2,2025-02-21,5,Friday,zone_hour_profile,Non-airport,Overnight,Weekday,0.8897638016780123,0.6,0.9196577755783878,0.6,0.9496761983799351,0.85
2,2025-02-21,5,Friday,same_hour_last_week,Airport,Overnight,Weekday,1.0,0.2,1.0,0.1,1.0,0.05
2,2025-02-21,5,Friday,same_hour_last_week,Non-airport,Overnight,Weekday,0.82209553452363,0.6,0.910252729870343,0.7,0.8985474683341096,0.75
2,2025-02-21,5,Friday,trailing_4_week_profile,Airport,Overnight,Weekday,1.0,0.2,1.0,0.1,1.0,0.05
2,2025-02-21,5,Friday,trailing_4_week_profile,Non-airport,Overnight,Weekday,0.8897638016780123,0.6,0.9364999683012157,0.6,0.9518379775453983,0.85
2,2025-02-21,6,Friday,global_popularity,Airport,Morning,Weekday,1.0,0.4,1.0,0.2,1.0,0.1
2,2025-02-21,6,Friday,global_popularity,Non-airport,Morning,Weekday,0.6063443883808408,0.2,0.6602206175704279,0.4,0.7573316904497607,0.8
2,2025-02-21,6,Friday,zone_hour_profile,Airport,Morning,Weekday,1.0,0.4,1.0,0.2,1.0,0.1
2,2025-02-21,6,Friday,zone_hour_profile,Non-airport,Morning,Weekday,0.8979865254423951,0.4,0.9701861877567448,1.0,0.9439000882177513,0.8
2,2025-02-21,6,Friday,same_hour_last_week,Airport,Morning,Weekday,1.0,0.4,1.0,0.2,1.0,0.1
2,2025-02-21,6,Friday,same_hour_last_week,Non-airport,Morning,Weekday,0.9148448435422394,0.4,0.9542214653267467,0.9,0.935218986599293,0.75
2,2025-02-21,6,Friday,trailing_4_week_profile,Airport,Morning,Weekday,1.0,0.4,1.0,0.2,1.0,0.1
2,2025-02-21,6,Friday,trailing_4_week_profile,Non-airport,Morning,Weekday,0.9105986646256087,0.4,0.9709555558527047,0.9,0.9468772631784351,0.8
2,2025-02-21,7,Friday,global_popularity,Airport,Morning,Weekday,1.0,0.4,1.0,0.2,1.0,0.1
2,2025-02-21,7,Friday,global_popularity,Non-airport,Morning,Weekday,0.8141321455814275,0.6,0.8064033958673162,0.6,0.8352930277968126,0.75
2,2025-02-21,7,Friday,zone_hour_profile,Airport,Morning,Weekday,1.0,0.4,1.0,0.2,1.0,0.1
2,2025-02-21,7,Friday,zone_hour_profile,Non-airport,Morning,Weekday,0.9954986486554221,1.0,0.9808902978188644,0.8,0.9768932269048943,0.9
2,2025-02-21,7,Friday,same_hour_last_week,Airport,Morning,Weekday,1.0,0.4,1.0,0.2,1.0,0.1
2,2025-02-21,7,Friday,same_hour_last_week,Non-airport,Morning,Weekday,0.974652318323205,0.6,0.964438415638847,0.8,0.9588255230576953,0.9
2,2025-02-21,7,Friday,trailing_4_week_profile,Airport,Morning,Weekday,1.0,0.4,1.0,0.2,1.0,0.1
2,2025-02-21,7,Friday,trailing_4_week_profile,Non-airport,Morning,Weekday,1.0,1.0,0.9869563714509623,0.9,0.9782130045004346,0.9
2,2025-02-21,8,Friday,global_popularity,Airport,Morning,Weekday,1.0,0.4,1.0,0.2,1.0,0.1
2,2025-02-21,8,Friday,global_popularity,Non-airport,Morning,Weekday,0.7969049916711294,0.6,0.8096445218705085,0.6,0.8399071284189845,0.8
2,2025-02-21,8,Friday,zone_hour_profile,Airport,Morning,Weekday,1.0,0.4,1.0,0.2,1.0,0.1
2,2025-02-21,8,Friday,zone_hour_profile,Non-airport,Morning,Weekday,0.9902436690185317,0.8,0.9861342637719226,0.9,0.9719665569133268,0.9
2,2025-02-21,8,Friday,same_hour_last_week,Airport,Morning,Weekday,1.0,0.4,1.0,0.2,1.0,0.1
2,2025-02-21,8,Friday,same_hour_last_week,Non-airport,Morning,Weekday,0.9833135974539926,0.8,0.9865068020519872,0.8,0.962938000521891,0.85
2,2025-02-21,8,Friday,trailing_4_week_profile,Airport,Morning,Weekday,1.0,0.4,1.0,0.2,1.0,0.1
2,2025-02-21,8,Friday,trailing_4_week_profile,Non-airport,Morning,Weekday,0.9902436690185317,0.8,0.9862714777074991,0.9,0.9720858802968766,0.9
2,2025-02-21,9,Friday,global_popularity,Airport,Morning,Weekday,0.9777461570423285,0.4,0.9777461570423285,0.2,0.9777461570423285,0.1
2,2025-02-21,9,Friday,global_popularity,Non-airport,Morning,Weekday,0.9081814891499114,0.8,0.8971643982386022,0.7,0.9054419370260757,0.8
2,2025-02-21,9,Friday,zone_hour_profile,Airport,Morning,Weekday,1.0,0.4,1.0,0.2,1.0,0.1
2,2025-02-21,9,Friday,zone_hour_profile,Non-airport,Morning,Weekday,0.9782842666776524,0.6,0.9843433190470654,0.9,0.99177253490344,1.0
2,2025-02-21,9,Friday,same_hour_last_week,Airport,Morning,Weekday,1.0,0.4,1.0,0.2,1.0,0.1
2,2025-02-21,9,Friday,same_hour_last_week,Non-airport,Morning,Weekday,0.9460988557220085,0.6,0.9469832514118659,0.8,0.982111229716961,1.0
2,2025-02-21,9,Friday,trailing_4_week_profile,Airport,Morning,Weekday,1.0,0.4,1.0,0.2,1.0,0.1
2,2025-02-21,9,Friday,trailing_4_week_profile,Non-airport,Morning,Weekday,0.9388020949460629,0.4,0.9794712430940066,0.9,0.987934785716541,1.0
2,2025-02-21,10,Friday,global_popularity,Airport,Midday,Weekday,0.904301392128629,0.6,0.904301392128629,0.3,0.904301392128629,0.15
2,2025-02-21,10,Friday,global_popularity,Non-airport,Midday,Weekday,0.9826557342306387,1.0,0.9601511812045109,0.8,0.9620781788324725,0.85
2,2025-02-21,10,Friday,zone_hour_profile,Airport,Midday,Weekday,1.0,0.6,1.0,0.3,1.0,0.15
2,2025-02-21,10,Friday,zone_hour_profile,Non-airport,Midday,Weekday,0.9717087226349697,0.8,0.9611502660723845,0.7,0.9881386235816371,0.95
2,2025-02-21,10,Friday,same_hour_last_week,Airport,Midday,Weekday,1.0,0.6,1.0,0.3,1.0,0.15
2,2025-02-21,10,Friday,same_hour_last_week,Non-airport,Midday,Weekday,0.9161126358754739,0.6,0.9539872128414776,0.7,0.9781971543390531,0.9
2,2025-02-21,10,Friday,trailing_4_week_profile,Airport,Midday,Weekday,1.0,0.6,1.0,0.3,1.0,0.15
2,2025-02-21,10,Friday,trailing_4_week_profile,Non-airport,Midday,Weekday,0.9717087226349697,0.8,0.9610282706020433,0.7,0.9881872011984651,0.95
2,2025-02-21,11,Friday,global_popularity,Airport,Midday,Weekday,0.998469046364541,0.4,0.998469046364541,0.2,0.998469046364541,0.1
2,2025-02-21,11,Friday,global_popularity,Non-airport,Midday,Weekday,0.9191067030824132,0.8,0.909607894823007,0.9,0.9271602335047233,0.85
2,2025-02-21,11,Friday,zone_hour_profile,Airport,Midday,Weekday,1.0,0.4,1.0,0.2,1.0,0.1
2,2025-02-21,11,Friday,zone_hour_profile,Non-airport,Midday,Weekday,0.9630280609190028,0.6,0.9744381901635036,0.9,0.986958606718227,0.9
2,2025-02-21,11,Friday,same_hour_last_week,Airport,Midday,Weekday,1.0,0.4,1.0,0.2,1.0,0.1
2,2025-02-21,11,Friday,same_hour_last_week,Non-airport,Midday,Weekday,0.9630280609190028,0.6,0.9751372267477051,0.9,0.9830510084485712,0.85
2,2025-02-21,11,Friday,trailing_4_week_profile,Airport,Midday,Weekday,1.0,0.4,1.0,0.2,1.0,0.1
2,2025-02-21,11,Friday,trailing_4_week_profile,Non-airport,Midday,Weekday,0.9608410255244391,0.6,0.9620350997032949,0.8,0.9863465586733118,0.95
2,2025-02-21,12,Friday,global_popularity,Airport,Midday,Weekday,1.0,0.4,1.0,0.2,1.0,0.1
2,2025-02-21,12,Friday,global_popularity,Non-airport,Midday,Weekday,0.9459940010061262,0.6,0.9668469935167419,0.9,0.9644817013648005,0.85
2,2025-02-21,12,Friday,zone_hour_profile,Airport,Midday,Weekday,0.969296946803413,0.4,0.969296946803413,0.2,0.969296946803413,0.1
2,2025-02-21,12,Friday,zone_hour_profile,Non-airport,Midday,Weekday,0.9775833215373126,0.8,0.9811316417984398,0.9,0.9914774307158111,0.95
2,2025-02-21,12,Friday,same_hour_last_week,Airport,Midday,Weekday,0.969296946803413,0.4,0.969296946803413,0.2,0.969296946803413,0.1
2,2025-02-21,12,Friday,same_hour_last_week,Non-airport,Midday,Weekday,0.9528835756396856,0.8,0.9629542362712213,0.8,0.9852914387393354,0.95
2,2025-02-21,12,Friday,trailing_4_week_profile,Airport,Midday,Weekday,0.969296946803413,0.4,0.969296946803413,0.2,0.969296946803413,0.1
2,2025-02-21,12,Friday,trailing_4_week_profile,Non-airport,Midday,Weekday,0.9966686559753715,1.0,0.966087519706407,0.8,0.9909784031997525,0.95
2,2025-02-21,13,Friday,global_popularity,Airport,Midday,Weekday,1.0,0.4,1.0,0.2,1.0,0.1
2,2025-02-21,13,Friday,global_popularity,Non-airport,Midday,Weekday,0.9661797936048668,0.8,0.9719523951021778,0.8,0.9641797971515919,0.8
2,2025-02-21,13,Friday,zone_hour_profile,Airport,Midday,Weekday,0.9021666407777884,0.4,0.9021666407777884,0.2,0.9021666407777884,0.1
2,2025-02-21,13,Friday,zone_hour_profile,Non-airport,Midday,Weekday,0.9488396344003691,1.0,0.9495099717419463,0.8,0.9640219697246725,0.95
2,2025-02-21,13,Friday,same_hour_last_week,Airport,Midday,Weekday,1.0,0.4,1.0,0.2,1.0,0.1
2,2025-02-21,13,Friday,same_hour_last_week,Non-airport,Midday,Weekday,0.9619573650584015,1.0,0.9585746843795778,0.8,0.9575787385671802,0.85
2,2025-02-21,13,Friday,trailing_4_week_profile,Airport,Midday,Weekday,0.9021666407777884,0.4,0.9021666407777884,0.2,0.9021666407777884,0.1
2,2025-02-21,13,Friday,trailing_4_week_profile,Non-airport,Midday,Weekday,0.9488396344003691,1.0,0.9495099717419463,0.8,0.9563086002948863,0.9
2,2025-02-21,14,Friday,global_popularity,Airport,Midday,Weekday,1.0,0.4,1.0,0.2,1.0,0.1
2,2025-02-21,14,Friday,global_popularity,Non-airport,Midday,Weekday,0.9735180564953211,0.6,0.9708588778724667,0.8,0.9725387104222821,0.8
2,2025-02-21,14,Friday,zone_hour_profile,Airport,Midday,Weekday,0.9614695403888001,0.4,0.9614695403888001,0.2,0.9614695403888001,0.1
2,2025-02-21,14,Friday,zone_hour_profile,Non-airport,Midday,Weekday,0.9652237211527888,0.6,0.9688749949039107,0.8,0.9841964026870738,0.95
2,2025-02-21,14,Friday,same_hour_last_week,Airport,Midday,Weekday,0.9614695403888001,0.4,0.9614695403888001,0.2,0.9614695403888001,0.1
2,2025-02-21,14,Friday,same_hour_last_week,Non-airport,Midday,Weekday,0.951273754082114,0.6,0.9646717987321591,0.7,0.9826765879698965,0.95
2,2025-02-21,14,Friday,trailing_4_week_profile,Airport,Midday,Weekday,0.9614695403888001,0.4,0.9614695403888001,0.2,0.9614695403888001,0.1
2,2025-02-21,14,Friday,trailing_4_week_profile,Non-airport,Midday,Weekday,0.9806834244715245,0.8,0.9590641235316688,0.7,0.9848263595688671,0.95
2,2025-02-21,15,Friday,global_popularity,Airport,Midday,Weekday,1.0,0.4,1.0,0.2,1.0,0.1
2,2025-02-21,15,Friday,global_popularity,Non-airport,Midday,Weekday,0.972037561925711,0.8,0.970519179153423,0.8,0.9573053553708277,0.8
2,2025-02-21,15,Friday,zone_hour_profile,Airport,Midday,Weekday,1.0,0.4,1.0,0.2,1.0,0.1
2,2025-02-21,15,Friday,zone_hour_profile,Non-airport,Midday,Weekday,0.9697764191144482,0.6,0.964480239461495,0.8,0.984285229987222,0.95
2,2025-02-21,15,Friday,same_hour_last_week,Airport,Midday,Weekday,0.9319323548858606,0.4,0.9319323548858606,0.2,0.9319323548858606,0.1
2,2025-02-21,15,Friday,same_hour_last_week,Non-airport,Midday,Weekday,0.9739620566181336,0.6,0.9588526311776785,0.7,0.9775352650948129,0.85
2,2025-02-21,15,Friday,trailing_4_week_profile,Airport,Midday,Weekday,1.0,0.4,1.0,0.2,1.0,0.1
2,2025-02-21,15,Friday,trailing_4_week_profile,Non-airport,Midday,Weekday,0.9697764191144482,0.6,0.9615632632212844,0.7,0.9841475993175123,0.95
2,2025-02-21,16,Friday,global_popularity,Airport,Evening,Weekday,1.0,0.4,1.0,0.2,1.0,0.1
2,2025-02-21,16,Friday,global_popularity,Non-airport,Evening,Weekday,0.9804278895684106,0.8,0.9856320367443626,0.8,0.9738326177724533,0.85
2,2025-02-21,16,Friday,zone_hour_profile,Airport,Evening,Weekday,1.0,0.4,1.0,0.2,1.0,0.1
2,2025-02-21,16,Friday,zone_hour_profile,Non-airport,Evening,Weekday,0.9762736609239165,0.8,0.9766314368309728,0.8,0.9879266343116567,0.9
2,2025-02-21,16,Friday,same_hour_last_week,Airport,Evening,Weekday,1.0,0.4,1.0,0.2,1.0,0.1
2,2025-02-21,16,Friday,same_hour_last_week,Non-airport,Evening,Weekday,0.9995772839788208,1.0,0.9885278835970451,0.9,0.9894255751841544,0.9
2,2025-02-21,16,Friday,trailing_4_week_profile,Airport,Evening,Weekday,1.0,0.4,1.0,0.2,1.0,0.1
2,2025-02-21,16,Friday,trailing_4_week_profile,Non-airport,Evening,Weekday,0.9762736609239165,0.8,0.987064240204785,0.9,0.9886316106778034,0.9
2,2025-02-21,17,Friday,global_popularity,Airport,Evening,Weekday,1.0,0.4,1.0,0.2,1.0,0.1
2,2025-02-21,17,Friday,global_popularity,Non-airport,Evening,Weekday,0.9272867925276365,0.8,0.9609828330978495,0.8,0.9649903414808028,0.85
2,2025-02-21,17,Friday,zone_hour_profile,Airport,Evening,Weekday,1.0,0.4,1.0,0.2,1.0,0.1
2,2025-02-21,17,Friday,zone_hour_profile,Non-airport,Evening,Weekday,0.9764444949209099,0.8,0.9679891418085961,0.9,0.9858088323393789,0.95
2,2025-02-21,17,Friday,same_hour_last_week,Airport,Evening,Weekday,1.0,0.4,1.0,0.2,1.0,0.1
2,2025-02-21,17,Friday,same_hour_last_week,Non-airport,Evening,Weekday,0.9547826228518611,0.8,0.965696995695568,0.9,0.9778051065274642,0.9
2,2025-02-21,17,Friday,trailing_4_week_profile,Airport,Evening,Weekday,1.0,0.4,1.0,0.2,1.0,0.1
2,2025-02-21,17,Friday,trailing_4_week_profile,Non-airport,Evening,Weekday,0.9764444949209099,0.8,0.9679704117441225,0.9,0.985148739825991,0.9
2,2025-02-21,18,Friday,global_popularity,Airport,Evening,Weekday,1.0,0.4,1.0,0.2,1.0,0.1
2,2025-02-21,18,Friday,global_popularity,Non-airport,Evening,Weekday,0.9518432445637655,0.8,0.9731237766156269,0.8,0.9769272183855111,0.85
2,2025-02-21,18,Friday,zone_hour_profile,Airport,Evening,Weekday,1.0,0.4,1.0,0.2,1.0,0.1
2,2025-02-21,18,Friday,zone_hour_profile,Non-airport,Evening,Weekday,0.9984035697091375,1.0,0.9921186663519396,0.9,0.9943244536353499,0.95
2,2025-02-21,18,Friday,same_hour_last_week,Airport,Evening,Weekday,1.0,0.4,1.0,0.2,1.0,0.1
2,2025-02-21,18,Friday,same_hour_last_week,Non-airport,Evening,Weekday,0.9553474232185942,0.8,0.9831929406415868,0.9,0.9780905140813623,0.9
2,2025-02-21,18,Friday,trailing_4_week_profile,Airport,Evening,Weekday,1.0,0.4,1.0,0.2,1.0,0.1
2,2025-02-21,18,Friday,trailing_4_week_profile,Non-airport,Evening,Weekday,0.9984035697091375,1.0,0.991962529999558,0.9,0.9940909654726993,0.95
2,2025-02-21,19,Friday,global_popularity,Airport,Evening,Weekday,1.0,0.4,1.0,0.2,1.0,0.1
2,2025-02-21,19,Friday,global_popularity,Non-airport,Evening,Weekday,0.955847754585333,0.8,0.9473233711970004,0.8,0.9740843362906995,0.9
2,2025-02-21,19,Friday,zone_hour_profile,Airport,Evening,Weekday,1.0,0.4,1.0,0.2,1.0,0.1
2,2025-02-21,19,Friday,zone_hour_profile,Non-airport,Evening,Weekday,0.9961306486173788,1.0,0.9810351692053204,0.8,0.9945930461871586,1.0
2,2025-02-21,19,Friday,same_hour_last_week,Airport,Evening,Weekday,1.0,0.4,1.0,0.2,1.0,0.1
2,2025-02-21,19,Friday,same_hour_last_week,Non-airport,Evening,Weekday,0.759418373171743,0.6,0.8676647868790568,0.8,0.9105153211640914,1.0
2,2025-02-21,19,Friday,trailing_4_week_profile,Airport,Evening,Weekday,1.0,0.4,1.0,0.2,1.0,0.1
2,2025-02-21,19,Friday,trailing_4_week_profile,Non-airport,Evening,Weekday,0.9773509201545137,0.8,0.9704865582914755,0.8,0.988921309821226,1.0
2,2025-02-21,20,Friday,global_popularity,Airport,Evening,Weekday,1.0,0.4,1.0,0.2,1.0,0.1
2,2025-02-21,20,Friday,global_popularity,Non-airport,Evening,Weekday,0.9885670748528882,0.8,0.9414758081372815,0.6,0.975422087797196,0.9
2,2025-02-21,20,Friday,zone_hour_profile,Airport,Evening,Weekday,1.0,0.4,1.0,0.2,1.0,0.1
2,2025-02-21,20,Friday,zone_hour_profile,Non-airport,Evening,Weekday,0.975587461042637,0.8,0.9869426520679604,0.9,0.9911474704072171,0.95
2,2025-02-21,20,Friday,same_hour_last_week,Airport,Evening,Weekday,1.0,0.4,1.0,0.2,1.0,0.1
2,2025-02-21,20,Friday,same_hour_last_week,Non-airport,Evening,Weekday,0.863172686769089,0.4,0.8821363923030878,0.7,0.948652465855599,0.95
2,2025-02-21,20,Friday,trailing_4_week_profile,Airport,Evening,Weekday,1.0,0.4,1.0,0.2,1.0,0.1
2,2025-02-21,20,Friday,trailing_4_week_profile,Non-airport,Evening,Weekday,0.9560543949936156,0.8,0.9801082304734039,0.9,0.9859132084551391,0.95
2,2025-02-21,21,Friday,global_popularity,Airport,Late evening,Weekday,1.0,0.4,1.0,0.2,1.0,0.1
2,2025-02-21,21,Friday,global_popularity,Non-airport,Late evening,Weekday,0.7242898519657502,0.4,0.7785905052693259,0.6,0.8588002596289359,0.9
2,2025-02-21,21,Friday,zone_hour_profile,Airport,Late evening,Weekday,1.0,0.4,1.0,0.2,1.0,0.1
2,2025-02-21,21,Friday,zone_hour_profile,Non-airport,Late evening,Weekday,0.9667978721063465,0.8,0.9654530772653799,0.9,0.9833519342086645,0.95
2,2025-02-21,21,Friday,same_hour_last_week,Airport,Late evening,Weekday,1.0,0.4,1.0,0.2,1.0,0.1
2,2025-02-21,21,Friday,same_hour_last_week,Non-airport,Late evening,Weekday,0.8550993366245426,0.8,0.8806431816393839,0.9,0.9154666431989681,0.9
2,2025-02-21,21,Friday,trailing_4_week_profile,Airport,Late evening,Weekday,1.0,0.4,1.0,0.2,1.0,0.1
2,2025-02-21,21,Friday,trailing_4_week_profile,Non-airport,Late evening,Weekday,0.9698707150098456,0.8,0.961822446445841,0.8,0.9886734496310227,0.95
2,2025-02-21,22,Friday,global_popularity,Airport,Late evening,Weekday,1.0,0.4,1.0,0.2,1.0,0.1
2,2025-02-21,22,Friday,global_popularity,Non-airport,Late evening,Weekday,0.5267732327351913,0.2,0.6363145558491813,0.4,0.7732777241618886,0.75
2,2025-02-21,22,Friday,zone_hour_profile,Airport,Late evening,Weekday,1.0,0.4,1.0,0.2,1.0,0.1
2,2025-02-21,22,Friday,zone_hour_profile,Non-airport,Late evening,Weekday,0.9666765251133365,0.8,0.9559553510064006,0.7,0.9804410850837532,0.85
2,2025-02-21,22,Friday,same_hour_last_week,Airport,Late evening,Weekday,1.0,0.4,1.0,0.2,1.0,0.1
2,2025-02-21,22,Friday,same_hour_last_week,Non-airport,Late evening,Weekday,0.8214789030396884,0.8,0.8874381837323688,0.8,0.9139860479290215,0.8
2,2025-02-21,22,Friday,trailing_4_week_profile,Airport,Late evening,Weekday,1.0,0.4,1.0,0.2,1.0,0.1
2,2025-02-21,22,Friday,trailing_4_week_profile,Non-airport,Late evening,Weekday,0.9456831188067928,0.8,0.9628286834755219,0.8,0.9690654124500127,0.85
2,2025-02-21,23,Friday,global_popularity,Airport,Late evening,Weekday,1.0,0.4,1.0,0.2,1.0,0.1
2,2025-02-21,23,Friday,global_popularity,Non-airport,Late evening,Weekday,0.3458726351958366,0.2,0.42167614818450605,0.2,0.6121000477514108,0.6
2,2025-02-21,23,Friday,zone_hour_profile,Airport,Late evening,Weekday,1.0,0.4,1.0,0.2,1.0,0.1
2,2025-02-21,23,Friday,zone_hour_profile,Non-airport,Late evening,Weekday,1.0,1.0,0.9932504532547588,0.8,0.9922627836373671,0.9
2,2025-02-21,23,Friday,same_hour_last_week,Airport,Late evening,Weekday,1.0,0.4,1.0,0.2,1.0,0.1
2,2025-02-21,23,Friday,same_hour_last_week,Non-airport,Late evening,Weekday,0.9301782791125285,0.6,0.9707225024556868,0.7,0.9820868662415788,0.9
2,2025-02-21,23,Friday,trailing_4_week_profile,Airport,Late evening,Weekday,1.0,0.4,1.0,0.2,1.0,0.1
2,2025-02-21,23,Friday,trailing_4_week_profile,Non-airport,Late evening,Weekday,0.9971776589425511,0.8,0.993998473606255,0.8,0.9928549099389301,0.9
2,2025-02-22,0,Saturday,global_popularity,Airport,Overnight,Weekend,1.0,0.4,1.0,0.2,1.0,0.1
2,2025-02-22,0,Saturday,global_popularity,Non-airport,Overnight,Weekend,0.14831156282460053,0.0,0.21255848948150866,0.1,0.4455094895192155,0.55
2,2025-02-22,0,Saturday,zone_hour_profile,Airport,Overnight,Weekend,1.0,0.4,1.0,0.2,1.0,0.1
2,2025-02-22,0,Saturday,zone_hour_profile,Non-airport,Overnight,Weekend,0.9993006080061473,1.0,0.9991660484454652,0.9,0.9967766898315206,0.95
2,2025-02-22,0,Saturday,same_hour_last_week,Airport,Overnight,Weekend,1.0,0.4,1.0,0.2,1.0,0.1
2,2025-02-22,0,Saturday,same_hour_last_week,Non-airport,Overnight,Weekend,0.9993006080061473,1.0,0.9647587204049244,0.7,0.984516720483343,0.9
2,2025-02-22,0,Saturday,trailing_4_week_profile,Airport,Overnight,Weekend,1.0,0.4,1.0,0.2,1.0,0.1
2,2025-02-22,0,Saturday,trailing_4_week_profile,Non-airport,Overnight,Weekend,0.9993006080061473,1.0,0.9990976368609067,0.9,0.9967074276026382,0.95
2,2025-02-22,1,Saturday,global_popularity,Airport,Overnight,Weekend,1.0,0.4,1.0,0.2,1.0,0.1
2,2025-02-22,1,Saturday,global_popularity,Non-airport,Overnight,Weekend,0.07414862801171739,0.0,0.11311222149146094,0.1,0.3362280189801385,0.45
2,2025-02-22,1,Saturday,zone_hour_profile,Airport,Overnight,Weekend,1.0,0.4,1.0,0.2,1.0,0.1
2,2025-02-22,1,Saturday,zone_hour_profile,Non-airport,Overnight,Weekend,0.999561712258656,1.0,0.9986867349370866,0.9,0.9976092171117986,0.95
2,2025-02-22,1,Saturday,same_hour_last_week,Airport,Overnight,Weekend,1.0,0.4,1.0,0.2,1.0,0.1
2,2025-02-22,1,Saturday,same_hour_last_week,Non-airport,Overnight,Weekend,1.0,1.0,0.9851774973373407,0.8,0.9936235472953073,0.9
2,2025-02-22,1,Saturday,trailing_4_week_profile,Airport,Overnight,Weekend,1.0,0.4,1.0,0.2,1.0,0.1
2,2025-02-22,1,Saturday,trailing_4_week_profile,Non-airport,Overnight,Weekend,1.0,1.0,0.9990662470338215,0.9,0.9976637217305598,0.95
2,2025-02-22,2,Saturday,global_popularity,Airport,Overnight,Weekend,1.0,0.2,1.0,0.1,1.0,0.05
2,2025-02-22,2,Saturday,global_popularity,Non-airport,Overnight,Weekend,0.04572572876518614,0.0,0.06603150076183119,0.0,0.28034919562532673,0.4
2,2025-02-22,2,Saturday,zone_hour_profile,Airport,Overnight,Weekend,1.0,0.2,1.0,0.1,1.0,0.05
2,2025-02-22,2,Saturday,zone_hour_profile,Non-airport,Overnight,Weekend,1.0,1.0,0.9962575015257288,0.9,0.9983187798973148,0.9
2,2025-02-22,2,Saturday,same_hour_last_week,Airport,Overnight,Weekend,1.0,0.2,1.0,0.1,1.0,0.05
2,2025-02-22,2,Saturday,same_hour_last_week,Non-airport,Overnight,Weekend,0.9932856635949263,0.8,0.9879399639351787,0.9,0.9951525348227749,0.95
2,2025-02-22,2,Saturday,trailing_4_week_profile,Airport,Overnight,Weekend,1.0,0.2,1.0,0.1,1.0,0.05
2,2025-02-22,2,Saturday,trailing_4_week_profile,Non-airport,Overnight,Weekend,1.0,1.0,0.9963797458063207,0.9,0.9983547204755997,0.9
2,2025-02-22,3,Saturday,global_popularity,Airport,Overnight,Weekend,1.0,0.2,1.0,0.1,1.0,0.05
2,2025-02-22,3,Saturday,global_popularity,Non-airport,Overnight,Weekend,0.055995263473821534,0.0,0.0721811164355766,0.0,0.2608281665764881,0.4
2,2025-02-22,3,Saturday,zone_hour_profile,Airport,Overnight,Weekend,1.0,0.2,1.0,0.1,1.0,0.05
2,2025-02-22,3,Saturday,zone_hour_profile,Non-airport,Overnight,Weekend,0.952938800295878,1.0,0.9469418060007742,0.8,0.9397277351119395,0.9
2,2025-02-22,3,Saturday,same_hour_last_week,Airport,Overnight,Weekend,1.0,0.2,1.0,0.1,1.0,0.05
2,2025-02-22,3,Saturday,same_hour_last_week,Non-airport,Overnight,Weekend,0.9302913804117213,1.0,0.9333452564640061,0.9,0.9234081312531811,0.9
2,2025-02-22,3,Saturday,trailing_4_week_profile,Airport,Overnight,Weekend,1.0,0.2,1.0,0.1,1.0,0.05
2,2025-02-22,3,Saturday,trailing_4_week_profile,Non-airport,Overnight,Weekend,0.952938800295878,1.0,0.947909333799617,0.8,0.9407131218704692,0.9
2,2025-02-22,4,Saturday,global_popularity,Airport,Overnight,Weekend,1.0,0.4,1.0,0.2,1.0,0.1
2,2025-02-22,4,Saturday,global_popularity,Non-airport,Overnight,Weekend,0.17964261668081635,0.0,0.2126146901921647,0.0,0.4447961940525745,0.5
2,2025-02-22,4,Saturday,zone_hour_profile,Airport,Overnight,Weekend,1.0,0.4,1.0,0.2,1.0,0.1
2,2025-02-22,4,Saturday,zone_hour_profile,Non-airport,Overnight,Weekend,0.9958829307393435,1.0,0.9862208638803105,0.8,0.9459066304751853,0.7
2,2025-02-22,4,Saturday,same_hour_last_week,Airport,Overnight,Weekend,1.0,0.4,1.0,0.2,1.0,0.1
2,2025-02-22,4,Saturday,same_hour_last_week,Non-airport,Overnight,Weekend,0.9969034750009407,1.0,0.9543691246100333,0.6,0.968842532334707,0.85
2,2025-02-22,4,Saturday,trailing_4_week_profile,Airport,Overnight,Weekend,1.0,0.4,1.0,0.2,1.0,0.1
2,2025-02-22,4,Saturday,trailing_4_week_profile,Non-airport,Overnight,Weekend,0.9958829307393435,1.0,0.9862208638803105,0.8,0.9583589889928391,0.75
2,2025-02-22,5,Saturday,global_popularity,Airport,Overnight,Weekend,1.0,0.4,1.0,0.2,1.0,0.1
2,2025-02-22,5,Saturday,global_popularity,Non-airport,Overnight,Weekend,0.734979730992898,0.4,0.6676563856937666,0.3,0.7258271798072983,0.6
2,2025-02-22,5,Saturday,zone_hour_profile,Airport,Overnight,Weekend,1.0,0.4,1.0,0.2,1.0,0.1
2,2025-02-22,5,Saturday,zone_hour_profile,Non-airport,Overnight,Weekend,0.7951834757571401,0.4,0.8625195680608592,0.7,0.824981485247003,0.6
2,2025-02-22,5,Saturday,same_hour_last_week,Airport,Overnight,Weekend,1.0,0.4,1.0,0.2,1.0,0.1
2,2025-02-22,5,Saturday,same_hour_last_week,Non-airport,Overnight,Weekend,0.8244729409424315,0.4,0.8677859317172406,0.7,0.8188439735610848,0.65
2,2025-02-22,5,Saturday,trailing_4_week_profile,Airport,Overnight,Weekend,1.0,0.4,1.0,0.2,1.0,0.1
2,2025-02-22,5,Saturday,trailing_4_week_profile,Non-airport,Overnight,Weekend,0.9133538964950362,0.6,0.8402883333083953,0.6,0.8384658824201398,0.6
2,2025-02-22,6,Saturday,global_popularity,Airport,Morning,Weekend,1.0,0.4,1.0,0.2,1.0,0.1
2,2025-02-22,6,Saturday,global_popularity,Non-airport,Morning,Weekend,0.6075832108274485,0.4,0.638041861565541,0.5,0.7421174893717123,0.8
2,2025-02-22,6,Saturday,zone_hour_profile,Airport,Morning,Weekend,1.0,0.4,1.0,0.2,1.0,0.1
2,2025-02-22,6,Saturday,zone_hour_profile,Non-airport,Morning,Weekend,0.8444194051305155,0.2,0.8244340037927038,0.5,0.9020382395482606,0.75
2,2025-02-22,6,Saturday,same_hour_last_week,Airport,Morning,Weekend,1.0,0.4,1.0,0.2,1.0,0.1
2,2025-02-22,6,Saturday,same_hour_last_week,Non-airport,Morning,Weekend,0.8339566689793055,0.4,0.8117729161023552,0.5,0.8734246016769044,0.7
2,2025-02-22,6,Saturday,trailing_4_week_profile,Airport,Morning,Weekend,1.0,0.4,1.0,0.2,1.0,0.1
2,2025-02-22,6,Saturday,trailing_4_week_profile,Non-airport,Morning,Weekend,0.828182185785892,0.2,0.8094948910242038,0.5,0.8927903016662271,0.75
2,2025-02-22,7,Saturday,global_popularity,Airport,Morning,Weekend,1.0,0.4,1.0,0.2,1.0,0.1
2,2025-02-22,7,Saturday,global_popularity,Non-airport,Morning,Weekend,0.8452573820878853,0.6,0.8146029623139069,0.6,0.8337629619288504,0.7
2,2025-02-22,7,Saturday,zone_hour_profile,Airport,Morning,Weekend,1.0,0.4,1.0,0.2,1.0,0.1
2,2025-02-22,7,Saturday,zone_hour_profile,Non-airport,Morning,Weekend,0.8802624284996007,0.6,0.8928951005088522,0.5,0.9450854497783309,0.85
2,2025-02-22,7,Saturday,same_hour_last_week,Airport,Morning,Weekend,1.0,0.4,1.0,0.2,1.0,0.1
2,2025-02-22,7,Saturday,same_hour_last_week,Non-airport,Morning,Weekend,0.842589784558069,0.6,0.8254525770319878,0.5,0.9158450785860562,0.9
2,2025-02-22,7,Saturday,trailing_4_week_profile,Airport,Morning,Weekend,1.0,0.4,1.0,0.2,1.0,0.1
2,2025-02-22,7,Saturday,trailing_4_week_profile,Non-airport,Morning,Weekend,0.8870048971804011,0.6,0.9045083547530013,0.6,0.9450029207853331,0.85
2,2025-02-22,8,Saturday,global_popularity,Airport,Morning,Weekend,1.0,0.4,1.0,0.2,1.0,0.1
2,2025-02-22,8,Saturday,global_popularity,Non-airport,Morning,Weekend,0.7962742466012354,0.6,0.8196976538751307,0.6,0.8554049373728583,0.8
2,2025-02-22,8,Saturday,zone_hour_profile,Airport,Morning,Weekend,1.0,0.4,1.0,0.2,1.0,0.1
2,2025-02-22,8,Saturday,zone_hour_profile,Non-airport,Morning,Weekend,0.923790473948926,0.6,0.9666274035881673,0.9,0.9700493880977676,0.9
2,2025-02-22,8,Saturday,same_hour_last_week,Airport,Morning,Weekend,1.0,0.4,1.0,0.2,1.0,0.1
2,2025-02-22,8,Saturday,same_hour_last_week,Non-airport,Morning,Weekend,0.8848928622282161,0.6,0.8924178829323413,0.7,0.9501560173837833,0.9
2,2025-02-22,8,Saturday,trailing_4_week_profile,Airport,Morning,Weekend,1.0,0.4,1.0,0.2,1.0,0.1
2,2025-02-22,8,Saturday,trailing_4_week_profile,Non-airport,Morning,Weekend,0.928802200732555,0.6,0.9450180608679704,0.8,0.9762231716279921,0.95
2,2025-02-22,9,Saturday,global_popularity,Airport,Morning,Weekend,1.0,0.4,1.0,0.2,1.0,0.1
2,2025-02-22,9,Saturday,global_popularity,Non-airport,Morning,Weekend,0.8675577722651658,0.6,0.8934271297388563,0.8,0.8981737416180963,0.8
2,2025-02-22,9,Saturday,zone_hour_profile,Airport,Morning,Weekend,1.0,0.4,1.0,0.2,1.0,0.1
2,2025-02-22,9,Saturday,zone_hour_profile,Non-airport,Morning,Weekend,0.942379939375422,0.6,0.9531286287226085,0.6,0.9838796121386688,0.95
2,2025-02-22,9,Saturday,same_hour_last_week,Airport,Morning,Weekend,1.0,0.4,1.0,0.2,1.0,0.1
2,2025-02-22,9,Saturday,same_hour_last_week,Non-airport,Morning,Weekend,0.9375654918960836,0.6,0.9586828265236944,0.6,0.9715196954072851,0.9
2,2025-02-22,9,Saturday,trailing_4_week_profile,Airport,Morning,Weekend,1.0,0.4,1.0,0.2,1.0,0.1
2,2025-02-22,9,Saturday,trailing_4_week_profile,Non-airport,Morning,Weekend,0.9426784339855512,0.6,0.9406417421956342,0.6,0.9807642211927481,0.95
2,2025-02-22,10,Saturday,global_popularity,Airport,Midday,Weekend,1.0,0.4,1.0,0.2,1.0,0.1
2,2025-02-22,10,Saturday,global_popularity,Non-airport,Midday,Weekend,0.9503955193582714,0.8,0.9425470167572217,0.8,0.9437605350228556,0.85
2,2025-02-22,10,Saturday,zone_hour_profile,Airport,Midday,Weekend,0.9371188084305143,0.4,0.9371188084305143,0.2,0.9371188084305143,0.1
2,2025-02-22,10,Saturday,zone_hour_profile,Non-airport,Midday,Weekend,0.9756710139582394,0.8,0.9808125641376,0.8,0.9861840642855155,0.95
2,2025-02-22,10,Saturday,same_hour_last_week,Airport,Midday,Weekend,0.9371188084305143,0.4,0.9371188084305143,0.2,0.9371188084305143,0.1
2,2025-02-22,10,Saturday,same_hour_last_week,Non-airport,Midday,Weekend,0.9322080919458682,0.8,0.9741233799400618,0.8,0.9806156661649867,0.95
2,2025-02-22,10,Saturday,trailing_4_week_profile,Airport,Midday,Weekend,0.9371188084305143,0.4,0.9371188084305143,0.2,0.9371188084305143,0.1
2,2025-02-22,10,Saturday,trailing_4_week_profile,Non-airport,Midday,Weekend,0.933122023514906,0.6,0.97025344226546,0.8,0.9777040279825372,0.95
2,2025-02-22,11,Saturday,global_popularity,Airport,Midday,Weekend,1.0,0.4,1.0,0.2,1.0,0.1
2,2025-02-22,11,Saturday,global_popularity,Non-airport,Midday,Weekend,0.9694071762862304,0.8,0.9596872470933491,0.8,0.9569091048384726,0.8
2,2025-02-22,11,Saturday,zone_hour_profile,Airport,Midday,Weekend,0.820317579167268,0.4,0.820317579167268,0.2,0.820317579167268,0.1
2,2025-02-22,11,Saturday,zone_hour_profile,Non-airport,Midday,Weekend,0.999851147986864,1.0,0.9949330891863142,0.9,0.9970462238292218,0.9
2,2025-02-22,11,Saturday,same_hour_last_week,Airport,Midday,Weekend,0.820317579167268,0.4,0.820317579167268,0.2,0.820317579167268,0.1
2,2025-02-22,11,Saturday,same_hour_last_week,Non-airport,Midday,Weekend,0.9823563515548969,1.0,0.9821049253719513,0.8,0.9840676535181354,0.9
2,2025-02-22,11,Saturday,trailing_4_week_profile,Airport,Midday,Weekend,0.820317579167268,0.4,0.820317579167268,0.2,0.820317579167268,0.1
2,2025-02-22,11,Saturday,trailing_4_week_profile,Non-airport,Midday,Weekend,0.9970042805626799,1.0,0.9728741762173295,0.8,0.9952938655488309,0.95
2,2025-02-22,12,Saturday,global_popularity,Airport,Midday,Weekend,1.0,0.4,1.0,0.2,1.0,0.1
2,2025-02-22,12,Saturday,global_popularity,Non-airport,Midday,Weekend,0.9422543280762078,1.0,0.9403947580172504,0.8,0.9424966998757578,0.85
2,2025-02-22,12,Saturday,zone_hour_profile,Airport,Midday,Weekend,1.0,0.4,1.0,0.2,1.0,0.1
2,2025-02-22,12,Saturday,zone_hour_profile,Non-airport,Midday,Weekend,0.9739800416760911,0.8,0.9798198244615054,0.9,0.984811508344164,0.95
2,2025-02-22,12,Saturday,same_hour_last_week,Airport,Midday,Weekend,0.8569159139961379,0.4,0.8569159139961379,0.2,0.8569159139961379,0.1
2,2025-02-22,12,Saturday,same_hour_last_week,Non-airport,Midday,Weekend,0.9859670481817068,0.8,0.9818344816038213,0.9,0.9884819498695576,0.9
2,2025-02-22,12,Saturday,trailing_4_week_profile,Airport,Midday,Weekend,1.0,0.4,1.0,0.2,1.0,0.1
2,2025-02-22,12,Saturday,trailing_4_week_profile,Non-airport,Midday,Weekend,0.9739800416760911,0.8,0.9726056460406394,0.9,0.9834670084194277,0.95
2,2025-02-22,13,Saturday,global_popularity,Airport,Midday,Weekend,1.0,0.4,1.0,0.2,1.0,0.1
2,2025-02-22,13,Saturday,global_popularity,Non-airport,Midday,Weekend,0.9357330540262175,1.0,0.9391040587048566,0.9,0.9448332199843931,0.85
2,2025-02-22,13,Saturday,zone_hour_profile,Airport,Midday,Weekend,1.0,0.4,1.0,0.2,1.0,0.1
2,2025-02-22,13,Saturday,zone_hour_profile,Non-airport,Midday,Weekend,0.9358239736268733,0.8,0.9437630338285883,0.9,0.9596408406406508,0.9
2,2025-02-22,13,Saturday,same_hour_last_week,Airport,Midday,Weekend,1.0,0.4,1.0,0.2,1.0,0.1
2,2025-02-22,13,Saturday,same_hour_last_week,Non-airport,Midday,Weekend,0.9842137442477807,0.8,0.9845445802628958,0.9,0.9806519292644479,0.8
2,2025-02-22,13,Saturday,trailing_4_week_profile,Airport,Midday,Weekend,1.0,0.4,1.0,0.2,1.0,0.1
2,2025-02-22,13,Saturday,trailing_4_week_profile,Non-airport,Midday,Weekend,0.9358239736268733,0.8,0.9375045742030388,0.8,0.9581848192191864,0.9
2,2025-02-22,14,Saturday,global_popularity,Airport,Midday,Weekend,1.0,0.4,1.0,0.2,1.0,0.1
2,2025-02-22,14,Saturday,global_popularity,Non-airport,Midday,Weekend,0.9863840686086763,0.8,0.9897684965446901,0.9,0.9759800913336796,0.8
2,2025-02-22,14,Saturday,zone_hour_profile,Airport,Midday,Weekend,1.0,0.4,1.0,0.2,1.0,0.1
2,2025-02-22,14,Saturday,zone_hour_profile,Non-airport,Midday,Weekend,0.9966961742161035,1.0,0.9667854897029952,0.7,0.9899403157859449,0.9
2,2025-02-22,14,Saturday,same_hour_last_week,Airport,Midday,Weekend,1.0,0.4,1.0,0.2,1.0,0.1
2,2025-02-22,14,Saturday,same_hour_last_week,Non-airport,Midday,Weekend,0.9919061046266384,1.0,0.9676703751378014,0.8,0.9823373451837086,0.85
2,2025-02-22,14,Saturday,trailing_4_week_profile,Airport,Midday,Weekend,1.0,0.4,1.0,0.2,1.0,0.1
2,2025-02-22,14,Saturday,trailing_4_week_profile,Non-airport,Midday,Weekend,0.9968245496490932,1.0,0.9656518645676211,0.7,0.9885285862170405,0.9
2,2025-02-22,15,Saturday,global_popularity,Airport,Midday,Weekend,1.0,0.4,1.0,0.2,1.0,0.1
2,2025-02-22,15,Saturday,global_popularity,Non-airport,Midday,Weekend,0.9702517814832102,0.8,0.9534417510392432,0.8,0.9402157098592276,0.8
2,2025-02-22,15,Saturday,zone_hour_profile,Airport,Midday,Weekend,1.0,0.4,1.0,0.2,1.0,0.1
2,2025-02-22,15,Saturday,zone_hour_profile,Non-airport,Midday,Weekend,0.8958554127588433,0.8,0.9437564897400055,0.8,0.9591107483009303,0.9
2,2025-02-22,15,Saturday,same_hour_last_week,Airport,Midday,Weekend,1.0,0.4,1.0,0.2,1.0,0.1
2,2025-02-22,15,Saturday,same_hour_last_week,Non-airport,Midday,Weekend,0.9726038171844028,1.0,0.9572835931160194,0.8,0.9687139189732799,0.9
2,2025-02-22,15,Saturday,trailing_4_week_profile,Airport,Midday,Weekend,1.0,0.4,1.0,0.2,1.0,0.1
2,2025-02-22,15,Saturday,trailing_4_week_profile,Non-airport,Midday,Weekend,0.9393729167214699,0.8,0.9248430424826347,0.7,0.9515078600373174,0.85
2,2025-02-22,16,Saturday,global_popularity,Airport,Evening,Weekend,1.0,0.4,1.0,0.2,1.0,0.1
2,2025-02-22,16,Saturday,global_popularity,Non-airport,Evening,Weekend,0.9561183425448422,0.8,0.962630932394835,0.8,0.9448608224877805,0.8
2,2025-02-22,16,Saturday,zone_hour_profile,Airport,Evening,Weekend,1.0,0.4,1.0,0.2,1.0,0.1
2,2025-02-22,16,Saturday,zone_hour_profile,Non-airport,Evening,Weekend,0.9505735471998498,1.0,0.9632549479898393,0.9,0.9649503824520924,0.9
2,2025-02-22,16,Saturday,same_hour_last_week,Airport,Evening,Weekend,1.0,0.4,1.0,0.2,1.0,0.1
2,2025-02-22,16,Saturday,same_hour_last_week,Non-airport,Evening,Weekend,0.9841206069441444,0.8,0.9904025731459959,0.9,0.990259384353017,0.95
2,2025-02-22,16,Saturday,trailing_4_week_profile,Airport,Evening,Weekend,1.0,0.4,1.0,0.2,1.0,0.1
2,2025-02-22,16,Saturday,trailing_4_week_profile,Non-airport,Evening,Weekend,0.9403469236146195,1.0,0.956320542683508,0.9,0.9598863941381215,0.9
2,2025-02-22,17,Saturday,global_popularity,Airport,Evening,Weekend,1.0,0.4,1.0,0.2,1.0,0.1
2,2025-02-22,17,Saturday,global_popularity,Non-airport,Evening,Weekend,0.9983274078584535,0.8,0.9816329398680624,0.8,0.9663015962846072,0.85
2,2025-02-22,17,Saturday,zone_hour_profile,Airport,Evening,Weekend,1.0,0.4,1.0,0.2,1.0,0.1
2,2025-02-22,17,Saturday,zone_hour_profile,Non-airport,Evening,Weekend,0.9924364470165299,0.8,0.982920564663543,0.9,0.9869910878080911,0.95
2,2025-02-22,17,Saturday,same_hour_last_week,Airport,Evening,Weekend,1.0,0.4,1.0,0.2,1.0,0.1
2,2025-02-22,17,Saturday,same_hour_last_week,Non-airport,Evening,Weekend,0.9934722354019948,0.8,0.9778734777663807,0.8,0.9853877538770428,0.95
2,2025-02-22,17,Saturday,trailing_4_week_profile,Airport,Evening,Weekend,1.0,0.4,1.0,0.2,1.0,0.1
2,2025-02-22,17,Saturday,trailing_4_week_profile,Non-airport,Evening,Weekend,0.9909627465419379,0.8,0.9763792760065794,0.8,0.983524168505055,0.95
2,2025-02-22,18,Saturday,global_popularity,Airport,Evening,Weekend,1.0,0.4,1.0,0.2,1.0,0.1
2,2025-02-22,18,Saturday,global_popularity,Non-airport,Evening,Weekend,0.9749985365714442,0.8,0.9783794488655253,0.9,0.983605514565427,0.9
2,2025-02-22,18,Saturday,zone_hour_profile,Airport,Evening,Weekend,1.0,0.4,1.0,0.2,1.0,0.1
2,2025-02-22,18,Saturday,zone_hour_profile,Non-airport,Evening,Weekend,0.9721398445076249,0.8,0.987894519333148,0.9,0.9923024772388779,0.9
2,2025-02-22,18,Saturday,same_hour_last_week,Airport,Evening,Weekend,1.0,0.4,1.0,0.2,1.0,0.1
2,2025-02-22,18,Saturday,same_hour_last_week,Non-airport,Evening,Weekend,0.9586697666586336,0.8,0.9736338232106763,0.8,0.9853207261440723,0.9
2,2025-02-22,18,Saturday,trailing_4_week_profile,Airport,Evening,Weekend,1.0,0.4,1.0,0.2,1.0,0.1
2,2025-02-22,18,Saturday,trailing_4_week_profile,Non-airport,Evening,Weekend,0.9679679493206047,0.8,0.9894374020361745,0.9,0.9889178952539944,0.9
2,2025-02-22,19,Saturday,global_popularity,Airport,Evening,Weekend,1.0,0.4,1.0,0.2,1.0,0.1
2,2025-02-22,19,Saturday,global_popularity,Non-airport,Evening,Weekend,0.8227943677647507,0.4,0.8465770364524149,0.5,0.9323450619337993,0.9
2,2025-02-22,19,Saturday,zone_hour_profile,Airport,Evening,Weekend,1.0,0.4,1.0,0.2,1.0,0.1
2,2025-02-22,19,Saturday,zone_hour_profile,Non-airport,Evening,Weekend,0.9245708758901926,0.8,0.9304236328766781,0.7,0.9590041047802785,0.95
2,2025-02-22,19,Saturday,same_hour_last_week,Airport,Evening,Weekend,1.0,0.4,1.0,0.2,1.0,0.1
2,2025-02-22,19,Saturday,same_hour_last_week,Non-airport,Evening,Weekend,0.9017939683498143,0.6,0.9195967865062634,0.7,0.9617766541110859,1.0
2,2025-02-22,19,Saturday,trailing_4_week_profile,Airport,Evening,Weekend,1.0,0.4,1.0,0.2,1.0,0.1
2,2025-02-22,19,Saturday,trailing_4_week_profile,Non-airport,Evening,Weekend,0.9402690465255088,0.8,0.9530473305959218,0.8,0.9706270647595489,0.95
2,2025-02-22,20,Saturday,global_popularity,Airport,Evening,Weekend,1.0,0.4,1.0,0.2,1.0,0.1
2,2025-02-22,20,Saturday,global_popularity,Non-airport,Evening,Weekend,0.632358069462362,0.0,0.7119266548313353,0.4,0.8485249135755781,0.85
2,2025-02-22,20,Saturday,zone_hour_profile,Airport,Evening,Weekend,1.0,0.4,1.0,0.2,1.0,0.1
2,2025-02-22,20,Saturday,zone_hour_profile,Non-airport,Evening,Weekend,0.9578879526719292,0.8,0.9535735201551395,0.7,0.9792925455303155,0.95
2,2025-02-22,20,Saturday,same_hour_last_week,Airport,Evening,Weekend,1.0,0.4,1.0,0.2,1.0,0.1
2,2025-02-22,20,Saturday,same_hour_last_week,Non-airport,Evening,Weekend,0.936471365240073,0.6,0.9622595891469031,0.7,0.9758634635380828,0.85
2,2025-02-22,20,Saturday,trailing_4_week_profile,Airport,Evening,Weekend,1.0,0.4,1.0,0.2,1.0,0.1
2,2025-02-22,20,Saturday,trailing_4_week_profile,Non-airport,Evening,Weekend,0.9508732577599129,0.6,0.95615515767967,0.8,0.9805459253362249,0.95
2,2025-02-22,21,Saturday,global_popularity,Airport,Late evening,Weekend,1.0,0.4,1.0,0.2,1.0,0.1
2,2025-02-22,21,Saturday,global_popularity,Non-airport,Late evening,Weekend,0.6491441091132892,0.2,0.7337291022748935,0.5,0.8316311587181647,0.8
2,2025-02-22,21,Saturday,zone_hour_profile,Airport,Late evening,Weekend,1.0,0.4,1.0,0.2,1.0,0.1
2,2025-02-22,21,Saturday,zone_hour_profile,Non-airport,Late evening,Weekend,0.9928961247138061,0.8,0.9891995055827655,0.9,0.9944902360835284,0.95
2,2025-02-22,21,Saturday,same_hour_last_week,Airport,Late evening,Weekend,1.0,0.4,1.0,0.2,1.0,0.1
2,2025-02-22,21,Saturday,same_hour_last_week,Non-airport,Late evening,Weekend,0.9956107331348213,1.0,0.9835281235734242,0.8,0.9849797769736582,0.9
2,2025-02-22,21,Saturday,trailing_4_week_profile,Airport,Late evening,Weekend,1.0,0.4,1.0,0.2,1.0,0.1
2,2025-02-22,21,Saturday,trailing_4_week_profile,Non-airport,Late evening,Weekend,0.9928961247138061,0.8,0.968568925300566,0.8,0.9911897466306309,0.9
2,2025-02-22,22,Saturday,global_popularity,Airport,Late evening,Weekend,1.0,0.4,1.0,0.2,1.0,0.1
2,2025-02-22,22,Saturday,global_popularity,Non-airport,Late evening,Weekend,0.5625738960167699,0.4,0.6188695588404924,0.4,0.7682494962673302,0.75
2,2025-02-22,22,Saturday,zone_hour_profile,Airport,Late evening,Weekend,1.0,0.4,1.0,0.2,1.0,0.1
2,2025-02-22,22,Saturday,zone_hour_profile,Non-airport,Late evening,Weekend,0.9627204539359822,0.8,0.9561876606506158,0.8,0.9728470734875542,0.9
2,2025-02-22,22,Saturday,same_hour_last_week,Airport,Late evening,Weekend,1.0,0.4,1.0,0.2,1.0,0.1
2,2025-02-22,22,Saturday,same_hour_last_week,Non-airport,Late evening,Weekend,0.8870035982470148,0.6,0.8967048671775161,0.7,0.9271598234751152,0.9
2,2025-02-22,22,Saturday,trailing_4_week_profile,Airport,Late evening,Weekend,1.0,0.4,1.0,0.2,1.0,0.1
2,2025-02-22,22,Saturday,trailing_4_week_profile,Non-airport,Late evening,Weekend,0.9764731805693545,0.8,0.917267261718942,0.7,0.9767972135808016,0.9
2,2025-02-22,23,Saturday,global_popularity,Airport,Late evening,Weekend,1.0,0.4,1.0,0.2,1.0,0.1
2,2025-02-22,23,Saturday,global_popularity,Non-airport,Late evening,Weekend,0.3723138732561102,0.2,0.4465134365177738,0.3,0.6506799603806466,0.75
2,2025-02-22,23,Saturday,zone_hour_profile,Airport,Late evening,Weekend,1.0,0.4,1.0,0.2,1.0,0.1
2,2025-02-22,23,Saturday,zone_hour_profile,Non-airport,Late evening,Weekend,0.9985454444860299,1.0,0.9947513094645698,0.9,0.9961671460726659,0.95
2,2025-02-22,23,Saturday,same_hour_last_week,Airport,Late evening,Weekend,1.0,0.4,1.0,0.2,1.0,0.1
2,2025-02-22,23,Saturday,same_hour_last_week,Non-airport,Late evening,Weekend,0.9963716658701932,1.0,0.9858978391147879,0.9,0.9838361503700768,0.85
2,2025-02-22,23,Saturday,trailing_4_week_profile,Airport,Late evening,Weekend,1.0,0.4,1.0,0.2,1.0,0.1
2,2025-02-22,23,Saturday,trailing_4_week_profile,Non-airport,Late evening,Weekend,0.9963716658701932,1.0,0.9942735862818569,0.9,0.9955616583974066,0.95
2,2025-02-23,0,Sunday,global_popularity,Airport,Overnight,Weekend,1.0,0.4,1.0,0.2,1.0,0.1
2,2025-02-23,0,Sunday,global_popularity,Non-airport,Overnight,Weekend,0.17348661506828136,0.0,0.24345125352703773,0.2,0.4706374846673409,0.55
2,2025-02-23,0,Sunday,zone_hour_profile,Airport,Overnight,Weekend,1.0,0.4,1.0,0.2,1.0,0.1
2,2025-02-23,0,Sunday,zone_hour_profile,Non-airport,Overnight,Weekend,0.9943202932649862,0.8,0.9895072653261283,0.7,0.9944059397294495,0.95
2,2025-02-23,0,Sunday,same_hour_last_week,Airport,Overnight,Weekend,1.0,0.4,1.0,0.2,1.0,0.1
2,2025-02-23,0,Sunday,same_hour_last_week,Non-airport,Overnight,Weekend,0.9943202932649862,0.8,0.9940239451711358,0.9,0.9934574798888998,0.95
2,2025-02-23,0,Sunday,trailing_4_week_profile,Airport,Overnight,Weekend,1.0,0.4,1.0,0.2,1.0,0.1
2,2025-02-23,0,Sunday,trailing_4_week_profile,Non-airport,Overnight,Weekend,0.9957851897511788,0.8,0.9919298570678335,0.7,0.9947643095832923,0.9
2,2025-02-23,1,Sunday,global_popularity,Airport,Overnight,Weekend,1.0,0.4,1.0,0.2,1.0,0.1
2,2025-02-23,1,Sunday,global_popularity,Non-airport,Overnight,Weekend,0.09741427734447537,0.0,0.13245806330607324,0.1,0.35988057998840356,0.45
2,2025-02-23,1,Sunday,zone_hour_profile,Airport,Overnight,Weekend,1.0,0.4,1.0,0.2,1.0,0.1
2,2025-02-23,1,Sunday,zone_hour_profile,Non-airport,Overnight,Weekend,0.9935110546545878,0.8,0.9967867837763553,1.0,0.9940832745132271,0.95
2,2025-02-23,1,Sunday,same_hour_last_week,Airport,Overnight,Weekend,1.0,0.4,1.0,0.2,1.0,0.1
2,2025-02-23,1,Sunday,same_hour_last_week,Non-airport,Overnight,Weekend,1.0,1.0,0.9968903363638408,0.9,0.9986496633154649,1.0
2,2025-02-23,1,Sunday,trailing_4_week_profile,Airport,Overnight,Weekend,1.0,0.4,1.0,0.2,1.0,0.1
2,2025-02-23,1,Sunday,trailing_4_week_profile,Non-airport,Overnight,Weekend,0.9935110546545878,0.8,0.9967867837763553,1.0,0.9940832745132271,0.95
2,2025-02-23,2,Sunday,global_popularity,Airport,Overnight,Weekend,1.0,0.2,1.0,0.1,1.0,0.05
2,2025-02-23,2,Sunday,global_popularity,Non-airport,Overnight,Weekend,0.06777210378796358,0.0,0.09658097518113591,0.1,0.315355928174329,0.45
2,2025-02-23,2,Sunday,zone_hour_profile,Airport,Overnight,Weekend,1.0,0.2,1.0,0.1,1.0,0.05
2,2025-02-23,2,Sunday,zone_hour_profile,Non-airport,Overnight,Weekend,1.0,1.0,0.9893999659085084,0.8,0.9964426129525421,0.95
2,2025-02-23,2,Sunday,same_hour_last_week,Airport,Overnight,Weekend,1.0,0.2,1.0,0.1,1.0,0.05
2,2025-02-23,2,Sunday,same_hour_last_week,Non-airport,Overnight,Weekend,1.0,1.0,0.9953874807939149,0.9,0.9972903311271983,0.95
2,2025-02-23,2,Sunday,trailing_4_week_profile,Airport,Overnight,Weekend,1.0,0.2,1.0,0.1,1.0,0.05
2,2025-02-23,2,Sunday,trailing_4_week_profile,Non-airport,Overnight,Weekend,1.0,1.0,0.9897113942541412,0.8,0.9969706152609635,0.95
2,2025-02-23,3,Sunday,global_popularity,Airport,Overnight,Weekend,1.0,0.2,1.0,0.1,1.0,0.05
2,2025-02-23,3,Sunday,global_popularity,Non-airport,Overnight,Weekend,0.07849816861149958,0.0,0.10340553565309511,0.0,0.31330710875423917,0.4
2,2025-02-23,3,Sunday,zone_hour_profile,Airport,Overnight,Weekend,1.0,0.2,1.0,0.1,1.0,0.05
2,2025-02-23,3,Sunday,zone_hour_profile,Non-airport,Overnight,Weekend,0.9995605557028738,1.0,0.9950217255357735,0.9,0.9875846435147938,0.9
2,2025-02-23,3,Sunday,same_hour_last_week,Airport,Overnight,Weekend,1.0,0.2,1.0,0.1,1.0,0.05
2,2025-02-23,3,Sunday,same_hour_last_week,Non-airport,Overnight,Weekend,1.0,1.0,0.9937492490460997,0.9,0.9930173120314485,0.95
2,2025-02-23,3,Sunday,trailing_4_week_profile,Airport,Overnight,Weekend,1.0,0.2,1.0,0.1,1.0,0.05
2,2025-02-23,3,Sunday,trailing_4_week_profile,Non-airport,Overnight,Weekend,0.9995605557028738,1.0,0.9948925530944692,0.9,0.9917453779842867,0.95
2,2025-02-23,4,Sunday,global_popularity,Airport,Overnight,Weekend,1.0,0.4,1.0,0.2,1.0,0.1
2,2025-02-23,4,Sunday,global_popularity,Non-airport,Overnight,Weekend,0.21147461225003797,0.0,0.2612562507737155,0.1,0.47114209784679856,0.6
2,2025-02-23,4,Sunday,zone_hour_profile,Airport,Overnight,Weekend,1.0,0.4,1.0,0.2,1.0,0.1
2,2025-02-23,4,Sunday,zone_hour_profile,Non-airport,Overnight,Weekend,0.9770682941506358,0.8,0.9655616757436695,0.9,0.9563962641180853,0.75
2,2025-02-23,4,Sunday,same_hour_last_week,Airport,Overnight,Weekend,1.0,0.4,1.0,0.2,1.0,0.1
2,2025-02-23,4,Sunday,same_hour_last_week,Non-airport,Overnight,Weekend,0.9397311842058872,0.6,0.9682823606301965,0.9,0.9521232057155418,0.7
2,2025-02-23,4,Sunday,trailing_4_week_profile,Airport,Overnight,Weekend,1.0,0.4,1.0,0.2,1.0,0.1
2,2025-02-23,4,Sunday,trailing_4_week_profile,Non-airport,Overnight,Weekend,0.9771135091714833,0.8,0.9689027794152275,0.9,0.9599654208909052,0.75
2,2025-02-23,5,Sunday,global_popularity,Airport,Overnight,Weekend,1.0,0.4,1.0,0.2,1.0,0.1
2,2025-02-23,5,Sunday,global_popularity,Non-airport,Overnight,Weekend,0.6003806979065663,0.4,0.6250554791015411,0.5,0.7296151992865336,0.7
2,2025-02-23,5,Sunday,zone_hour_profile,Airport,Overnight,Weekend,1.0,0.4,1.0,0.2,1.0,0.1
2,2025-02-23,5,Sunday,zone_hour_profile,Non-airport,Overnight,Weekend,0.8409534412170699,0.6,0.8339292360489998,0.7,0.8805038859382472,0.8
2,2025-02-23,5,Sunday,same_hour_last_week,Airport,Overnight,Weekend,1.0,0.4,1.0,0.2,1.0,0.1
2,2025-02-23,5,Sunday,same_hour_last_week,Non-airport,Overnight,Weekend,0.5792349529503523,0.2,0.6011952830191929,0.6,0.7410645685881434,0.7
2,2025-02-23,5,Sunday,trailing_4_week_profile,Airport,Overnight,Weekend,1.0,0.4,1.0,0.2,1.0,0.1
2,2025-02-23,5,Sunday,trailing_4_week_profile,Non-airport,Overnight,Weekend,0.8463082223057967,0.6,0.8287226239181975,0.7,0.8674110289321317,0.75
2,2025-02-23,6,Sunday,global_popularity,Airport,Morning,Weekend,1.0,0.4,1.0,0.2,1.0,0.1
2,2025-02-23,6,Sunday,global_popularity,Non-airport,Morning,Weekend,0.7325013759917665,0.6,0.7314771497535912,0.4,0.7846506793850926,0.75
2,2025-02-23,6,Sunday,zone_hour_profile,Airport,Morning,Weekend,1.0,0.4,1.0,0.2,1.0,0.1
2,2025-02-23,6,Sunday,zone_hour_profile,Non-airport,Morning,Weekend,0.9148441647868437,0.8,0.8959265779250671,0.6,0.9255552223476451,0.8
2,2025-02-23,6,Sunday,same_hour_last_week,Airport,Morning,Weekend,1.0,0.4,1.0,0.2,1.0,0.1
2,2025-02-23,6,Sunday,same_hour_last_week,Non-airport,Morning,Weekend,0.6030366608214663,0.4,0.6588755519808118,0.6,0.728664800805246,0.7
2,2025-02-23,6,Sunday,trailing_4_week_profile,Airport,Morning,Weekend,1.0,0.4,1.0,0.2,1.0,0.1
2,2025-02-23,6,Sunday,trailing_4_week_profile,Non-airport,Morning,Weekend,0.7328201595732547,0.6,0.775084341267293,0.7,0.776773492640102,0.7
2,2025-02-23,7,Sunday,global_popularity,Airport,Morning,Weekend,1.0,0.4,1.0,0.2,1.0,0.1
2,2025-02-23,7,Sunday,global_popularity,Non-airport,Morning,Weekend,0.8555127204300411,0.4,0.8952480151284311,0.8,0.8971550067437732,0.8
2,2025-02-23,7,Sunday,zone_hour_profile,Airport,Morning,Weekend,1.0,0.4,1.0,0.2,1.0,0.1
2,2025-02-23,7,Sunday,zone_hour_profile,Non-airport,Morning,Weekend,0.7726979454104606,0.2,0.7496089214527477,0.5,0.870816120760127,0.8
2,2025-02-23,7,Sunday,same_hour_last_week,Airport,Morning,Weekend,1.0,0.4,1.0,0.2,1.0,0.1
2,2025-02-23,7,Sunday,same_hour_last_week,Non-airport,Morning,Weekend,0.84018273727503,0.4,0.8212419223701248,0.5,0.8823478330145724,0.8
2,2025-02-23,7,Sunday,trailing_4_week_profile,Airport,Morning,Weekend,1.0,0.4,1.0,0.2,1.0,0.1
2,2025-02-23,7,Sunday,trailing_4_week_profile,Non-airport,Morning,Weekend,0.7166979592456377,0.2,0.7413265123200741,0.5,0.8650452566491506,0.8
2,2025-02-23,8,Sunday,global_popularity,Airport,Morning,Weekend,1.0,0.4,1.0,0.2,1.0,0.1
2,2025-02-23,8,Sunday,global_popularity,Non-airport,Morning,Weekend,0.8490774528888325,0.6,0.8364302812259259,0.7,0.8607153022419994,0.85
2,2025-02-23,8,Sunday,zone_hour_profile,Airport,Morning,Weekend,1.0,0.4,1.0,0.2,1.0,0.1
2,2025-02-23,8,Sunday,zone_hour_profile,Non-airport,Morning,Weekend,0.9261847968452286,0.4,0.9288398768636741,0.7,0.9456202071661993,0.9
2,2025-02-23,8,Sunday,same_hour_last_week,Airport,Morning,Weekend,1.0,0.4,1.0,0.2,1.0,0.1
2,2025-02-23,8,Sunday,same_hour_last_week,Non-airport,Morning,Weekend,0.9706287141615827,0.8,0.9575227750663259,0.8,0.9648681166837716,0.95
2,2025-02-23,8,Sunday,trailing_4_week_profile,Airport,Morning,Weekend,1.0,0.4,1.0,0.2,1.0,0.1
2,2025-02-23,8,Sunday,trailing_4_week_profile,Non-airport,Morning,Weekend,0.8179120263826303,0.4,0.8351240573301478,0.6,0.8912039202490881,0.9
2,2025-02-23,9,Sunday,global_popularity,Airport,Morning,Weekend,1.0,0.4,1.0,0.2,1.0,0.1
2,2025-02-23,9,Sunday,global_popularity,Non-airport,Morning,Weekend,0.8821170497152085,0.8,0.8862474434877189,0.8,0.8892289716601378,0.75
2,2025-02-23,9,Sunday,zone_hour_profile,Airport,Morning,Weekend,1.0,0.4,1.0,0.2,1.0,0.1
2,2025-02-23,9,Sunday,zone_hour_profile,Non-airport,Morning,Weekend,0.8475056615180109,0.6,0.8917213979563634,0.8,0.9202687316420262,0.9
2,2025-02-23,9,Sunday,same_hour_last_week,Airport,Morning,Weekend,1.0,0.4,1.0,0.2,1.0,0.1
2,2025-02-23,9,Sunday,same_hour_last_week,Non-airport,Morning,Weekend,0.9509617199026995,0.8,0.9682005969745159,0.9,0.9725980752764635,0.9
2,2025-02-23,9,Sunday,trailing_4_week_profile,Airport,Morning,Weekend,1.0,0.4,1.0,0.2,1.0,0.1
2,2025-02-23,9,Sunday,trailing_4_week_profile,Non-airport,Morning,Weekend,0.8262243004258784,0.6,0.8741269325274302,0.8,0.9061312255880676,0.9
2,2025-02-23,10,Sunday,global_popularity,Airport,Midday,Weekend,0.983782419265521,0.4,0.983782419265521,0.2,0.983782419265521,0.1
2,2025-02-23,10,Sunday,global_popularity,Non-airport,Midday,Weekend,0.8940709062776848,0.6,0.9090067497870702,0.8,0.9143142043590725,0.8
2,2025-02-23,10,Sunday,zone_hour_profile,Airport,Midday,Weekend,0.983782419265521,0.4,0.983782419265521,0.2,0.983782419265521,0.1
2,2025-02-23,10,Sunday,zone_hour_profile,Non-airport,Midday,Weekend,0.9376310148340772,0.6,0.9306514786951173,0.7,0.9736377320976176,0.95
2,2025-02-23,10,Sunday,same_hour_last_week,Airport,Midday,Weekend,1.0,0.4,1.0,0.2,1.0,0.1
2,2025-02-23,10,Sunday,same_hour_last_week,Non-airport,Midday,Weekend,1.0,1.0,0.9973243352819487,0.9,0.9938881042556647,0.9
2,2025-02-23,10,Sunday,trailing_4_week_profile,Airport,Midday,Weekend,1.0,0.4,1.0,0.2,1.0,0.1
2,2025-02-23,10,Sunday,trailing_4_week_profile,Non-airport,Midday,Weekend,0.9248580219185277,0.6,0.9273007977799573,0.7,0.9607149680777448,0.85
2,2025-02-23,11,Sunday,global_popularity,Airport,Midday,Weekend,1.0,0.4,1.0,0.2,1.0,0.1
2,2025-02-23,11,Sunday,global_popularity,Non-airport,Midday,Weekend,0.9720756692507104,1.0,0.968924040637036,0.9,0.9593876285775025,0.85
2,2025-02-23,11,Sunday,zone_hour_profile,Airport,Midday,Weekend,0.9670982790695453,0.4,0.9670982790695453,0.2,0.9670982790695453,0.1
2,2025-02-23,11,Sunday,zone_hour_profile,Non-airport,Midday,Weekend,0.9841738377459999,1.0,0.9745805486967696,0.9,0.9846427203313705,0.9
2,2025-02-23,11,Sunday,same_hour_last_week,Airport,Midday,Weekend,1.0,0.4,1.0,0.2,1.0,0.1
2,2025-02-23,11,Sunday,same_hour_last_week,Non-airport,Midday,Weekend,0.9711414197214142,0.8,0.9791065606500801,0.9,0.9726307077141386,0.8
2,2025-02-23,11,Sunday,trailing_4_week_profile,Airport,Midday,Weekend,1.0,0.4,1.0,0.2,1.0,0.1
2,2025-02-23,11,Sunday,trailing_4_week_profile,Non-airport,Midday,Weekend,0.9577045636913529,0.8,0.9694287311941727,0.9,0.9825008274072229,0.9
2,2025-02-23,12,Sunday,global_popularity,Airport,Midday,Weekend,1.0,0.4,1.0,0.2,1.0,0.1
2,2025-02-23,12,Sunday,global_popularity,Non-airport,Midday,Weekend,0.9705827867881995,1.0,0.9638626661110372,0.9,0.9609159191700641,0.85
2,2025-02-23,12,Sunday,zone_hour_profile,Airport,Midday,Weekend,1.0,0.4,1.0,0.2,1.0,0.1
2,2025-02-23,12,Sunday,zone_hour_profile,Non-airport,Midday,Weekend,0.9801140491928952,0.8,0.9784410073243441,0.9,0.9889204580016154,0.9
2,2025-02-23,12,Sunday,same_hour_last_week,Airport,Midday,Weekend,1.0,0.4,1.0,0.2,1.0,0.1
2,2025-02-23,12,Sunday,same_hour_last_week,Non-airport,Midday,Weekend,0.9279149811592766,0.8,0.9727291990221968,1.0,0.9638356893473815,0.85
2,2025-02-23,12,Sunday,trailing_4_week_profile,Airport,Midday,Weekend,1.0,0.4,1.0,0.2,1.0,0.1
2,2025-02-23,12,Sunday,trailing_4_week_profile,Non-airport,Midday,Weekend,0.9801140491928952,0.8,0.967362262872499,0.9,0.9873566628402888,0.9
2,2025-02-23,13,Sunday,global_popularity,Airport,Midday,Weekend,1.0,0.4,1.0,0.2,1.0,0.1
2,2025-02-23,13,Sunday,global_popularity,Non-airport,Midday,Weekend,0.9530551302489689,1.0,0.9600069083103431,0.9,0.9469766100636338,0.8
2,2025-02-23,13,Sunday,zone_hour_profile,Airport,Midday,Weekend,1.0,0.4,1.0,0.2,1.0,0.1
2,2025-02-23,13,Sunday,zone_hour_profile,Non-airport,Midday,Weekend,0.9515863999967793,0.8,0.9641624651981695,0.9,0.9656223369352277,0.95
2,2025-02-23,13,Sunday,same_hour_last_week,Airport,Midday,Weekend,1.0,0.4,1.0,0.2,1.0,0.1
2,2025-02-23,13,Sunday,same_hour_last_week,Non-airport,Midday,Weekend,0.9016945516914989,0.8,0.9602869535136435,1.0,0.9510141834678528,0.8
2,2025-02-23,13,Sunday,trailing_4_week_profile,Airport,Midday,Weekend,1.0,0.4,1.0,0.2,1.0,0.1
2,2025-02-23,13,Sunday,trailing_4_week_profile,Non-airport,Midday,Weekend,0.9515863999967793,0.8,0.9635211312667316,0.9,0.9635228608863236,0.9
2,2025-02-23,14,Sunday,global_popularity,Airport,Midday,Weekend,0.982153394455035,0.4,0.982153394455035,0.2,0.982153394455035,0.1
2,2025-02-23,14,Sunday,global_popularity,Non-airport,Midday,Weekend,0.8613517716855208,0.8,0.886469744059074,0.8,0.9148272418141313,0.9
2,2025-02-23,14,Sunday,zone_hour_profile,Airport,Midday,Weekend,0.982153394455035,0.4,0.982153394455035,0.2,0.982153394455035,0.1
2,2025-02-23,14,Sunday,zone_hour_profile,Non-airport,Midday,Weekend,0.8804726726784611,1.0,0.8923673135291422,0.8,0.9080753451773114,0.85
2,2025-02-23,14,Sunday,same_hour_last_week,Airport,Midday,Weekend,0.982153394455035,0.4,0.982153394455035,0.2,0.982153394455035,0.1
2,2025-02-23,14,Sunday,same_hour_last_week,Non-airport,Midday,Weekend,0.8688821581186927,1.0,0.8560377604935449,0.7,0.9149647073135585,0.95
2,2025-02-23,14,Sunday,trailing_4_week_profile,Airport,Midday,Weekend,0.982153394455035,0.4,0.982153394455035,0.2,0.982153394455035,0.1
2,2025-02-23,14,Sunday,trailing_4_week_profile,Non-airport,Midday,Weekend,0.8804726726784611,1.0,0.8927249248193427,0.8,0.9084506299043814,0.85
2,2025-02-23,15,Sunday,global_popularity,Airport,Midday,Weekend,1.0,0.4,1.0,0.2,1.0,0.1
2,2025-02-23,15,Sunday,global_popularity,Non-airport,Midday,Weekend,0.9493503404577303,0.8,0.9526397311486589,0.9,0.9363888259089717,0.8
2,2025-02-23,15,Sunday,zone_hour_profile,Airport,Midday,Weekend,1.0,0.4,1.0,0.2,1.0,0.1
2,2025-02-23,15,Sunday,zone_hour_profile,Non-airport,Midday,Weekend,0.8697698016767128,0.4,0.9313870577833272,0.8,0.9441826848710195,0.85
2,2025-02-23,15,Sunday,same_hour_last_week,Airport,Midday,Weekend,1.0,0.4,1.0,0.2,1.0,0.1
2,2025-02-23,15,Sunday,same_hour_last_week,Non-airport,Midday,Weekend,0.8992655139006316,0.6,0.9533717128645032,0.9,0.947573306908671,0.85
2,2025-02-23,15,Sunday,trailing_4_week_profile,Airport,Midday,Weekend,1.0,0.4,1.0,0.2,1.0,0.1
2,2025-02-23,15,Sunday,trailing_4_week_profile,Non-airport,Midday,Weekend,0.9230116508068,0.6,0.941066032570813,0.8,0.9492904082225765,0.85
2,2025-02-23,16,Sunday,global_popularity,Airport,Evening,Weekend,1.0,0.4,1.0,0.2,1.0,0.1
2,2025-02-23,16,Sunday,global_popularity,Non-airport,Evening,Weekend,0.9109114684653036,0.6,0.9125375114795528,0.8,0.9411857651520279,0.9
2,2025-02-23,16,Sunday,zone_hour_profile,Airport,Evening,Weekend,1.0,0.4,1.0,0.2,1.0,0.1
2,2025-02-23,16,Sunday,zone_hour_profile,Non-airport,Evening,Weekend,0.9298397025437821,0.6,0.9650660004076623,0.9,0.9611937158954593,0.85
2,2025-02-23,16,Sunday,same_hour_last_week,Airport,Evening,Weekend,1.0,0.4,1.0,0.2,1.0,0.1
2,2025-02-23,16,Sunday,same_hour_last_week,Non-airport,Evening,Weekend,0.9201625576740511,0.8,0.9616663817528102,0.9,0.9614632546117021,0.85
2,2025-02-23,16,Sunday,trailing_4_week_profile,Airport,Evening,Weekend,1.0,0.4,1.0,0.2,1.0,0.1
2,2025-02-23,16,Sunday,trailing_4_week_profile,Non-airport,Evening,Weekend,0.9034056600703293,0.6,0.9290990208300897,0.9,0.9494735820172362,0.9
2,2025-02-23,17,Sunday,global_popularity,Airport,Evening,Weekend,1.0,0.4,1.0,0.2,1.0,0.1
2,2025-02-23,17,Sunday,global_popularity,Non-airport,Evening,Weekend,0.8749187620474721,0.6,0.8989577475353113,0.8,0.9274956512336536,0.85
2,2025-02-23,17,Sunday,zone_hour_profile,Airport,Evening,Weekend,1.0,0.4,1.0,0.2,1.0,0.1
2,2025-02-23,17,Sunday,zone_hour_profile,Non-airport,Evening,Weekend,0.9736540209192239,0.8,0.9823119708469672,0.9,0.9794907665227782,0.9
2,2025-02-23,17,Sunday,same_hour_last_week,Airport,Evening,Weekend,1.0,0.4,1.0,0.2,1.0,0.1
2,2025-02-23,17,Sunday,same_hour_last_week,Non-airport,Evening,Weekend,0.9562711208364706,0.8,0.9532006954621932,0.8,0.9650715151379272,0.85
2,2025-02-23,17,Sunday,trailing_4_week_profile,Airport,Evening,Weekend,1.0,0.4,1.0,0.2,1.0,0.1
2,2025-02-23,17,Sunday,trailing_4_week_profile,Non-airport,Evening,Weekend,0.9143189234619217,0.6,0.9651731647864262,0.9,0.9664585186629895,0.85
2,2025-02-23,18,Sunday,global_popularity,Airport,Evening,Weekend,1.0,0.4,1.0,0.2,1.0,0.1
2,2025-02-23,18,Sunday,global_popularity,Non-airport,Evening,Weekend,0.8945774039545019,0.6,0.921125393315513,0.8,0.9499467257444814,0.85
2,2025-02-23,18,Sunday,zone_hour_profile,Airport,Evening,Weekend,1.0,0.4,1.0,0.2,1.0,0.1
2,2025-02-23,18,Sunday,zone_hour_profile,Non-airport,Evening,Weekend,0.8258361247080984,0.4,0.9302461848681001,0.9,0.9434742046542222,0.9
2,2025-02-23,18,Sunday,same_hour_last_week,Airport,Evening,Weekend,1.0,0.4,1.0,0.2,1.0,0.1
2,2025-02-23,18,Sunday,same_hour_last_week,Non-airport,Evening,Weekend,0.939126804250163,0.6,0.9695208004502235,0.9,0.971174255094272,0.85
2,2025-02-23,18,Sunday,trailing_4_week_profile,Airport,Evening,Weekend,1.0,0.4,1.0,0.2,1.0,0.1
2,2025-02-23,18,Sunday,trailing_4_week_profile,Non-airport,Evening,Weekend,0.8216650279357479,0.4,0.9046483659049536,0.8,0.9382424692633891,0.9
2,2025-02-23,19,Sunday,global_popularity,Airport,Evening,Weekend,1.0,0.4,1.0,0.2,1.0,0.1
2,2025-02-23,19,Sunday,global_popularity,Non-airport,Evening,Weekend,0.7133155482379429,0.4,0.7954044034779179,0.8,0.8666009102924557,0.9
2,2025-02-23,19,Sunday,zone_hour_profile,Airport,Evening,Weekend,1.0,0.4,1.0,0.2,1.0,0.1
2,2025-02-23,19,Sunday,zone_hour_profile,Non-airport,Evening,Weekend,0.99142309316895,0.8,0.9855940718577468,0.7,0.985613942666822,0.9
2,2025-02-23,19,Sunday,same_hour_last_week,Airport,Evening,Weekend,1.0,0.4,1.0,0.2,1.0,0.1
2,2025-02-23,19,Sunday,same_hour_last_week,Non-airport,Evening,Weekend,0.8910459917122459,1.0,0.911320812162186,0.8,0.9238410122972438,0.9
2,2025-02-23,19,Sunday,trailing_4_week_profile,Airport,Evening,Weekend,1.0,0.4,1.0,0.2,1.0,0.1
2,2025-02-23,19,Sunday,trailing_4_week_profile,Non-airport,Evening,Weekend,0.9295470083222688,0.8,0.9381701702184199,0.7,0.9554874692392145,0.95
2,2025-02-23,20,Sunday,global_popularity,Airport,Evening,Weekend,1.0,0.4,1.0,0.2,1.0,0.1
2,2025-02-23,20,Sunday,global_popularity,Non-airport,Evening,Weekend,0.6962960565478148,0.4,0.7685345610392488,0.6,0.8578194054326341,0.8
2,2025-02-23,20,Sunday,zone_hour_profile,Airport,Evening,Weekend,1.0,0.4,1.0,0.2,1.0,0.1
2,2025-02-23,20,Sunday,zone_hour_profile,Non-airport,Evening,Weekend,0.9026883368728237,0.6,0.9461024820953134,0.7,0.9706605737588168,0.9
2,2025-02-23,20,Sunday,same_hour_last_week,Airport,Evening,Weekend,1.0,0.4,1.0,0.2,1.0,0.1
2,2025-02-23,20,Sunday,same_hour_last_week,Non-airport,Evening,Weekend,0.6732367100014389,0.2,0.7974822759311364,0.7,0.8777119060880323,0.85
2,2025-02-23,20,Sunday,trailing_4_week_profile,Airport,Evening,Weekend,1.0,0.4,1.0,0.2,1.0,0.1
2,2025-02-23,20,Sunday,trailing_4_week_profile,Non-airport,Evening,Weekend,0.884534140206378,0.6,0.9520231658092322,0.8,0.9667906312088647,0.9
2,2025-02-23,21,Sunday,global_popularity,Airport,Late evening,Weekend,1.0,0.4,1.0,0.2,1.0,0.1
2,2025-02-23,21,Sunday,global_popularity,Non-airport,Late evening,Weekend,0.6390908121449872,0.4,0.6893440577236893,0.4,0.7879883871776401,0.8
2,2025-02-23,21,Sunday,zone_hour_profile,Airport,Late evening,Weekend,1.0,0.4,1.0,0.2,1.0,0.1
2,2025-02-23,21,Sunday,zone_hour_profile,Non-airport,Late evening,Weekend,0.9168920639034959,0.8,0.9378292086599423,0.7,0.9441399989958401,0.85
2,2025-02-23,21,Sunday,same_hour_last_week,Airport,Late evening,Weekend,1.0,0.4,1.0,0.2,1.0,0.1
2,2025-02-23,21,Sunday,same_hour_last_week,Non-airport,Late evening,Weekend,0.8809412839711268,0.8,0.9194222615422816,0.8,0.9043596005731646,0.85
2,2025-02-23,21,Sunday,trailing_4_week_profile,Airport,Late evening,Weekend,1.0,0.4,1.0,0.2,1.0,0.1
2,2025-02-23,21,Sunday,trailing_4_week_profile,Non-airport,Late evening,Weekend,0.9481307367479542,0.8,0.9497593683407589,0.7,0.960749069887397,0.85
2,2025-02-23,22,Sunday,global_popularity,Airport,Late evening,Weekend,1.0,0.4,1.0,0.2,1.0,0.1
2,2025-02-23,22,Sunday,global_popularity,Non-airport,Late evening,Weekend,0.5559932498729276,0.2,0.6557854089034463,0.5,0.7794882199627818,0.8
2,2025-02-23,22,Sunday,zone_hour_profile,Airport,Late evening,Weekend,1.0,0.4,1.0,0.2,1.0,0.1
2,2025-02-23,22,Sunday,zone_hour_profile,Non-airport,Late evening,Weekend,0.840473929453279,0.4,0.8780271126861039,0.8,0.8798064012242347,0.75
2,2025-02-23,22,Sunday,same_hour_last_week,Airport,Late evening,Weekend,1.0,0.4,1.0,0.2,1.0,0.1
2,2025-02-23,22,Sunday,same_hour_last_week,Non-airport,Late evening,Weekend,0.7841320791546319,0.2,0.7971573775147384,0.6,0.865769014050431,0.8
2,2025-02-23,22,Sunday,trailing_4_week_profile,Airport,Late evening,Weekend,1.0,0.4,1.0,0.2,1.0,0.1
2,2025-02-23,22,Sunday,trailing_4_week_profile,Non-airport,Late evening,Weekend,0.8435715284253806,0.4,0.7862485537204978,0.6,0.8608404628529279,0.75
2,2025-02-23,23,Sunday,global_popularity,Airport,Late evening,Weekend,1.0,0.4,1.0,0.2,1.0,0.1
2,2025-02-23,23,Sunday,global_popularity,Non-airport,Late evening,Weekend,0.462312964098699,0.2,0.5081910735122328,0.2,0.6215757676691939,0.7
2,2025-02-23,23,Sunday,zone_hour_profile,Airport,Late evening,Weekend,1.0,0.4,1.0,0.2,1.0,0.1
2,2025-02-23,23,Sunday,zone_hour_profile,Non-airport,Late evening,Weekend,0.8149091256231513,0.4,0.8821821831691223,0.7,0.8789513131210389,0.8
2,2025-02-23,23,Sunday,same_hour_last_week,Airport,Late evening,Weekend,1.0,0.4,1.0,0.2,1.0,0.1
2,2025-02-23,23,Sunday,same_hour_last_week,Non-airport,Late evening,Weekend,0.632649177856625,0.4,0.7533141385476669,0.8,0.7689997391941494,0.8
2,2025-02-23,23,Sunday,trailing_4_week_profile,Airport,Late evening,Weekend,1.0,0.4,1.0,0.2,1.0,0.1
2,2025-02-23,23,Sunday,trailing_4_week_profile,Non-airport,Late evening,Weekend,0.871806135153579,0.6,0.875940444603612,0.7,0.8841522108094675,0.85
3,2025-03-03,0,Monday,global_popularity,Airport,Overnight,Weekday,1.0,0.4,1.0,0.2,1.0,0.1
3,2025-03-03,0,Monday,global_popularity,Non-airport,Overnight,Weekday,0.4061757761331123,0.2,0.42588087035681776,0.2,0.5826661008706917,0.55
3,2025-03-03,0,Monday,zone_hour_profile,Airport,Overnight,Weekday,1.0,0.4,1.0,0.2,1.0,0.1
3,2025-03-03,0,Monday,zone_hour_profile,Non-airport,Overnight,Weekday,0.7695880659693871,0.6,0.7953827708903864,0.7,0.7940845640492982,0.65
3,2025-03-03,0,Monday,same_hour_last_week,Airport,Overnight,Weekday,1.0,0.4,1.0,0.2,1.0,0.1
3,2025-03-03,0,Monday,same_hour_last_week,Non-airport,Overnight,Weekday,0.9087938612282784,0.8,0.9346908990959492,0.8,0.8962440277312461,0.55
3,2025-03-03,0,Monday,trailing_4_week_profile,Airport,Overnight,Weekday,1.0,0.4,1.0,0.2,1.0,0.1
3,2025-03-03,0,Monday,trailing_4_week_profile,Non-airport,Overnight,Weekday,0.7695880659693871,0.6,0.7962407198805551,0.7,0.7889268271809803,0.6
3,2025-03-03,1,Monday,global_popularity,Airport,Overnight,Weekday,1.0,0.4,1.0,0.2,1.0,0.1
3,2025-03-03,1,Monday,global_popularity,Non-airport,Overnight,Weekday,0.3237382236598643,0.2,0.34112387181720294,0.3,0.5312750393197588,0.6
3,2025-03-03,1,Monday,zone_hour_profile,Airport,Overnight,Weekday,1.0,0.4,1.0,0.2,1.0,0.1
3,2025-03-03,1,Monday,zone_hour_profile,Non-airport,Overnight,Weekday,0.7634524921897505,0.8,0.8451506662009322,0.9,0.8444508549689304,0.8
3,2025-03-03,1,Monday,same_hour_last_week,Airport,Overnight,Weekday,1.0,0.4,1.0,0.2,1.0,0.1
3,2025-03-03,1,Monday,same_hour_last_week,Non-airport,Overnight,Weekday,0.8846631352943743,0.8,0.9197759440512008,0.8,0.8800929862284423,0.75
3,2025-03-03,1,Monday,trailing_4_week_profile,Airport,Overnight,Weekday,1.0,0.4,1.0,0.2,1.0,0.1
3,2025-03-03,1,Monday,trailing_4_week_profile,Non-airport,Overnight,Weekday,0.7634524921897505,0.8,0.8448797224736802,0.9,0.8449051999926054,0.8
3,2025-03-03,2,Monday,global_popularity,Airport,Overnight,Weekday,1.0,0.4,1.0,0.2,1.0,0.1
3,2025-03-03,2,Monday,global_popularity,Non-airport,Overnight,Weekday,0.21635159677450874,0.0,0.24731205900240538,0.3,0.5148797856278899,0.55
3,2025-03-03,2,Monday,zone_hour_profile,Airport,Overnight,Weekday,1.0,0.4,1.0,0.2,1.0,0.1
3,2025-03-03,2,Monday,zone_hour_profile,Non-airport,Overnight,Weekday,0.7889395751292063,0.4,0.8532924483531418,0.7,0.8669276996964345,0.7
3,2025-03-03,2,Monday,same_hour_last_week,Airport,Overnight,Weekday,0.9874760170503912,0.4,0.9874760170503912,0.2,0.9874760170503912,0.1
3,2025-03-03,2,Monday,same_hour_last_week,Non-airport,Overnight,Weekday,0.93689570717699,0.6,0.8621787043623623,0.6,0.8984497993419975,0.65
3,2025-03-03,2,Monday,trailing_4_week_profile,Airport,Overnight,Weekday,0.6885066707388567,0.4,0.6885066707388567,0.2,0.6885066707388567,0.1
3,2025-03-03,2,Monday,trailing_4_week_profile,Non-airport,Overnight,Weekday,0.8024793735818885,0.6,0.8163890631511942,0.8,0.8225787951717006,0.75
3,2025-03-03,3,Monday,global_popularity,Airport,Overnight,Weekday,1.0,0.2,1.0,0.1,1.0,0.05
3,2025-03-03,3,Monday,global_popularity,Non-airport,Overnight,Weekday,0.3808876405705666,0.2,0.3599213067562379,0.4,0.558182755025399,0.55
3,2025-03-03,3,Monday,zone_hour_profile,Airport,Overnight,Weekday,1.0,0.2,1.0,0.1,1.0,0.05
3,2025-03-03,3,Monday,zone_hour_profile,Non-airport,Overnight,Weekday,0.9577503331363086,0.6,0.926517060039258,0.8,0.8849815312150712,0.6
3,2025-03-03,3,Monday,same_hour_last_week,Airport,Overnight,Weekday,1.0,0.2,1.0,0.1,1.0,0.05
3,2025-03-03,3,Monday,same_hour_last_week,Non-airport,Overnight,Weekday,0.977485065608205,0.8,0.9122449110110525,0.7,0.8934404562294119,0.6
3,2025-03-03,3,Monday,trailing_4_week_profile,Airport,Overnight,Weekday,1.0,0.2,1.0,0.1,1.0,0.05
3,2025-03-03,3,Monday,trailing_4_week_profile,Non-airport,Overnight,Weekday,0.8717124117581175,0.6,0.8704393677857634,0.8,0.8322232504562993,0.6
3,2025-03-03,4,Monday,global_popularity,Airport,Overnight,Weekday,1.0,0.2,1.0,0.1,1.0,0.05
3,2025-03-03,4,Monday,global_popularity,Non-airport,Overnight,Weekday,0.5266300411879467,0.4,0.6571118799244456,0.5,0.6931289679152616,0.65
3,2025-03-03,4,Monday,zone_hour_profile,Airport,Overnight,Weekday,1.0,0.2,1.0,0.1,1.0,0.05
3,2025-03-03,4,Monday,zone_hour_profile,Non-airport,Overnight,Weekday,0.5532690190369551,0.2,0.6948216221935988,0.6,0.7106799609799714,0.65
3,2025-03-03,4,Monday,same_hour_last_week,Airport,Overnight,Weekday,1.0,0.2,1.0,0.1,1.0,0.05
3,2025-03-03,4,Monday,same_hour_last_week,Non-airport,Overnight,Weekday,0.5208328420287522,0.2,0.505853531923463,0.3,0.5746921055297367,0.6
3,2025-03-03,4,Monday,trailing_4_week_profile,Airport,Overnight,Weekday,1.0,0.2,1.0,0.1,1.0,0.05
3,2025-03-03,4,Monday,trailing_4_week_profile,Non-airport,Overnight,Weekday,0.4639505598025598,0.2,0.5797559830528692,0.5,0.6327880458364146,0.6
3,2025-03-03,5,Monday,global_popularity,Airport,Overnight,Weekday,0.9983600507018717,0.6,0.9983600507018717,0.3,0.9983600507018717,0.15
3,2025-03-03,5,Monday,global_popularity,Non-airport,Overnight,Weekday,0.6521848448730824,0.4,0.6872672306088103,0.5,0.7391083052361965,0.7
3,2025-03-03,5,Monday,zone_hour_profile,Airport,Overnight,Weekday,0.9983600507018717,0.6,0.9983600507018717,0.3,0.9983600507018717,0.15
3,2025-03-03,5,Monday,zone_hour_profile,Non-airport,Overnight,Weekday,0.9075807707974286,0.6,0.9041204976424918,0.8,0.9186474958749961,0.85
3,2025-03-03,5,Monday,same_hour_last_week,Airport,Overnight,Weekday,0.9983600507018717,0.6,0.9983600507018717,0.3,0.9983600507018717,0.15
3,2025-03-03,5,Monday,same_hour_last_week,Non-airport,Overnight,Weekday,0.8788870226981523,0.4,0.8525465846294197,0.6,0.9014542725911117,0.8
3,2025-03-03,5,Monday,trailing_4_week_profile,Airport,Overnight,Weekday,0.9983600507018717,0.6,0.9983600507018717,0.3,0.9983600507018717,0.15
3,2025-03-03,5,Monday,trailing_4_week_profile,Non-airport,Overnight,Weekday,0.9048395180120108,0.6,0.9302464455969213,0.9,0.9192283598820341,0.85
3,2025-03-03,6,Monday,global_popularity,Airport,Morning,Weekday,1.0,0.4,1.0,0.2,1.0,0.1
3,2025-03-03,6,Monday,global_popularity,Non-airport,Morning,Weekday,0.7787580087242938,0.6,0.7527141888455466,0.6,0.8329192356389697,0.8
3,2025-03-03,6,Monday,zone_hour_profile,Airport,Morning,Weekday,1.0,0.4,1.0,0.2,1.0,0.1
3,2025-03-03,6,Monday,zone_hour_profile,Non-airport,Morning,Weekday,0.9547899782809596,0.6,0.965210021205647,0.8,0.9845482342773741,0.95
3,2025-03-03,6,Monday,same_hour_last_week,Airport,Morning,Weekday,1.0,0.4,1.0,0.2,1.0,0.1
3,2025-03-03,6,Monday,same_hour_last_week,Non-airport,Morning,Weekday,0.9464226771479305,0.6,0.933154355368992,0.7,0.9697580041410495,0.9
3,2025-03-03,6,Monday,trailing_4_week_profile,Airport,Morning,Weekday,1.0,0.4,1.0,0.2,1.0,0.1
3,2025-03-03,6,Monday,trailing_4_week_profile,Non-airport,Morning,Weekday,0.9228146545533923,0.6,0.9401781384090657,0.8,0.9651036286949795,0.95
3,2025-03-03,7,Monday,global_popularity,Airport,Morning,Weekday,1.0,0.4,1.0,0.2,1.0,0.1
3,2025-03-03,7,Monday,global_popularity,Non-airport,Morning,Weekday,0.7754879349097185,0.6,0.7710287722932098,0.5,0.8112303262629543,0.75
3,2025-03-03,7,Monday,zone_hour_profile,Airport,Morning,Weekday,1.0,0.4,1.0,0.2,1.0,0.1
3,2025-03-03,7,Monday,zone_hour_profile,Non-airport,Morning,Weekday,0.9921203276227523,0.8,0.9957731969495783,1.0,0.992628109183638,0.95
3,2025-03-03,7,Monday,same_hour_last_week,Airport,Morning,Weekday,1.0,0.4,1.0,0.2,1.0,0.1
3,2025-03-03,7,Monday,same_hour_last_week,Non-airport,Morning,Weekday,0.9941139878318748,0.8,0.9973142016812289,1.0,0.9842910964320712,0.9
3,2025-03-03,7,Monday,trailing_4_week_profile,Airport,Morning,Weekday,1.0,0.4,1.0,0.2,1.0,0.1
3,2025-03-03,7,Monday,trailing_4_week_profile,Non-airport,Morning,Weekday,0.9921203276227523,0.8,0.9957731969495783,1.0,0.9827851658356935,0.9
3,2025-03-03,8,Monday,global_popularity,Airport,Morning,Weekday,1.0,0.4,1.0,0.2,1.0,0.1
3,2025-03-03,8,Monday,global_popularity,Non-airport,Morning,Weekday,0.807214337426201,0.6,0.8287142811699449,0.5,0.8544989442583959,0.8
3,2025-03-03,8,Monday,zone_hour_profile,Airport,Morning,Weekday,1.0,0.4,1.0,0.2,1.0,0.1
3,2025-03-03,8,Monday,zone_hour_profile,Non-airport,Morning,Weekday,0.9893388232732231,0.8,0.9952218128225212,0.8,0.9954467355122473,0.95
3,2025-03-03,8,Monday,same_hour_last_week,Airport,Morning,Weekday,1.0,0.4,1.0,0.2,1.0,0.1
3,2025-03-03,8,Monday,same_hour_last_week,Non-airport,Morning,Weekday,0.9918307630201106,0.8,0.9972598401743387,0.9,0.9889060789674662,0.95
3,2025-03-03,8,Monday,trailing_4_week_profile,Airport,Morning,Weekday,1.0,0.4,1.0,0.2,1.0,0.1
3,2025-03-03,8,Monday,trailing_4_week_profile,Non-airport,Morning,Weekday,0.9893388232732231,0.8,0.9951398050531114,0.8,0.9888363389305785,0.95
3,2025-03-03,9,Monday,global_popularity,Airport,Morning,Weekday,0.9312998231375741,0.4,0.9312998231375741,0.2,0.9312998231375741,0.1
3,2025-03-03,9,Monday,global_popularity,Non-airport,Morning,Weekday,0.8435074041940239,0.8,0.847906121815839,0.7,0.8776521828630414,0.8
3,2025-03-03,9,Monday,zone_hour_profile,Airport,Morning,Weekday,1.0,0.4,1.0,0.2,1.0,0.1
3,2025-03-03,9,Monday,zone_hour_profile,Non-airport,Morning,Weekday,0.9756738965013148,0.8,0.9637750965658388,0.8,0.9896585923430951,1.0
3,2025-03-03,9,Monday,same_hour_last_week,Airport,Morning,Weekday,1.0,0.4,1.0,0.2,1.0,0.1
3,2025-03-03,9,Monday,same_hour_last_week,Non-airport,Morning,Weekday,0.9734040337903215,0.8,0.9568921274990355,0.7,0.9765588176877463,0.95
3,2025-03-03,9,Monday,trailing_4_week_profile,Airport,Morning,Weekday,1.0,0.4,1.0,0.2,1.0,0.1
3,2025-03-03,9,Monday,trailing_4_week_profile,Non-airport,Morning,Weekday,0.9756738965013148,0.8,0.9699450684066211,0.9,0.989194531232981,1.0
3,2025-03-03,10,Monday,global_popularity,Airport,Midday,Weekday,0.8808938378183926,0.4,0.8808938378183926,0.2,0.8808938378183926,0.1
3,2025-03-03,10,Monday,global_popularity,Non-airport,Midday,Weekday,0.9468284496184218,0.8,0.9249074000741861,0.8,0.9428074696392853,0.8
3,2025-03-03,10,Monday,zone_hour_profile,Airport,Midday,Weekday,1.0,0.4,1.0,0.2,1.0,0.1
3,2025-03-03,10,Monday,zone_hour_profile,Non-airport,Midday,Weekday,0.9981999180893792,1.0,0.9687198011073003,0.8,0.9887618659992958,0.9
3,2025-03-03,10,Monday,same_hour_last_week,Airport,Midday,Weekday,1.0,0.4,1.0,0.2,1.0,0.1
3,2025-03-03,10,Monday,same_hour_last_week,Non-airport,Midday,Weekday,0.9837694834823989,0.8,0.9639988362417286,0.8,0.9843810436228293,0.9
3,2025-03-03,10,Monday,trailing_4_week_profile,Airport,Midday,Weekday,1.0,0.4,1.0,0.2,1.0,0.1
3,2025-03-03,10,Monday,trailing_4_week_profile,Non-airport,Midday,Weekday,0.9981999180893792,1.0,0.9687198011073003,0.8,0.9886080655384542,0.9
3,2025-03-03,11,Monday,global_popularity,Airport,Midday,Weekday,0.9789033647396054,0.4,0.9789033647396054,0.2,0.9789033647396054,0.1
3,2025-03-03,11,Monday,global_popularity,Non-airport,Midday,Weekday,0.9901071802331418,1.0,0.9600981023197505,0.7,0.9587860249137087,0.8
3,2025-03-03,11,Monday,zone_hour_profile,Airport,Midday,Weekday,1.0,0.4,1.0,0.2,1.0,0.1
3,2025-03-03,11,Monday,zone_hour_profile,Non-airport,Midday,Weekday,0.959403794583788,0.8,0.9772541061058932,0.8,0.9775886337373397,0.85
3,2025-03-03,11,Monday,same_hour_last_week,Airport,Midday,Weekday,1.0,0.4,1.0,0.2,1.0,0.1
3,2025-03-03,11,Monday,same_hour_last_week,Non-airport,Midday,Weekday,0.9150628609635887,0.6,0.9431527901370809,0.8,0.9585854063482134,0.85
3,2025-03-03,11,Monday,trailing_4_week_profile,Airport,Midday,Weekday,1.0,0.4,1.0,0.2,1.0,0.1
3,2025-03-03,11,Monday,trailing_4_week_profile,Non-airport,Midday,Weekday,0.959403794583788,0.8,0.966654389163131,0.8,0.976501840083015,0.85
3,2025-03-03,12,Monday,global_popularity,Airport,Midday,Weekday,1.0,0.6,1.0,0.3,1.0,0.15
3,2025-03-03,12,Monday,global_popularity,Non-airport,Midday,Weekday,0.9785171364731411,0.8,0.9680903058645458,0.8,0.9573773606160916,0.8
3,2025-03-03,12,Monday,zone_hour_profile,Airport,Midday,Weekday,0.9466517210958433,0.6,0.9466517210958433,0.3,0.9466517210958433,0.15
3,2025-03-03,12,Monday,zone_hour_profile,Non-airport,Midday,Weekday,0.9411486151355472,0.8,0.9550495720854353,0.8,0.9709400959020338,0.95
3,2025-03-03,12,Monday,same_hour_last_week,Airport,Midday,Weekday,1.0,0.6,1.0,0.3,1.0,0.15
3,2025-03-03,12,Monday,same_hour_last_week,Non-airport,Midday,Weekday,0.9583586153751852,0.8,0.938636916172238,0.7,0.9673075754456859,0.9
3,2025-03-03,12,Monday,trailing_4_week_profile,Airport,Midday,Weekday,0.9466517210958433,0.6,0.9466517210958433,0.3,0.9466517210958433,0.15
3,2025-03-03,12,Monday,trailing_4_week_profile,Non-airport,Midday,Weekday,0.9255208427266675,0.6,0.9517433896425024,0.8,0.9690222204022116,0.95
3,2025-03-03,13,Monday,global_popularity,Airport,Midday,Weekday,1.0,0.4,1.0,0.2,1.0,0.1
3,2025-03-03,13,Monday,global_popularity,Non-airport,Midday,Weekday,0.9829825937497298,0.8,0.9427432491206214,0.7,0.9416075721580043,0.85
3,2025-03-03,13,Monday,zone_hour_profile,Airport,Midday,Weekday,1.0,0.4,1.0,0.2,1.0,0.1
3,2025-03-03,13,Monday,zone_hour_profile,Non-airport,Midday,Weekday,0.934337299239492,0.8,0.9203452858082576,0.8,0.9515917472809159,0.95
3,2025-03-03,13,Monday,same_hour_last_week,Airport,Midday,Weekday,1.0,0.4,1.0,0.2,1.0,0.1
3,2025-03-03,13,Monday,same_hour_last_week,Non-airport,Midday,Weekday,0.9220573371504567,0.6,0.9251819608567993,0.8,0.9304733664897719,0.9
3,2025-03-03,13,Monday,trailing_4_week_profile,Airport,Midday,Weekday,1.0,0.4,1.0,0.2,1.0,0.1
3,2025-03-03,13,Monday,trailing_4_week_profile,Non-airport,Midday,Weekday,0.907948629574419,0.8,0.9001496396012891,0.7,0.9479961905142589,0.95
3,2025-03-03,14,Monday,global_popularity,Airport,Midday,Weekday,1.0,0.4,1.0,0.2,1.0,0.1
3,2025-03-03,14,Monday,global_popularity,Non-airport,Midday,Weekday,0.9270945482015205,0.6,0.9420540880064181,0.7,0.9330820052531192,0.9
3,2025-03-03,14,Monday,zone_hour_profile,Airport,Midday,Weekday,1.0,0.4,1.0,0.2,1.0,0.1
3,2025-03-03,14,Monday,zone_hour_profile,Non-airport,Midday,Weekday,0.9433089713273074,0.8,0.9370567600291942,0.8,0.9761192841671363,0.95
3,2025-03-03,14,Monday,same_hour_last_week,Airport,Midday,Weekday,1.0,0.4,1.0,0.2,1.0,0.1
3,2025-03-03,14,Monday,same_hour_last_week,Non-airport,Midday,Weekday,0.9405219481561756,0.8,0.9323285861417729,0.7,0.9392569889957008,0.85
3,2025-03-03,14,Monday,trailing_4_week_profile,Airport,Midday,Weekday,1.0,0.4,1.0,0.2,1.0,0.1
3,2025-03-03,14,Monday,trailing_4_week_profile,Non-airport,Midday,Weekday,0.9433089713273074,0.8,0.9416189171661541,0.8,0.9762080644049712,0.95
3,2025-03-03,15,Monday,global_popularity,Airport,Midday,Weekday,1.0,0.4,1.0,0.2,1.0,0.1
3,2025-03-03,15,Monday,global_popularity,Non-airport,Midday,Weekday,0.94204617830761,0.6,0.931733399669018,0.6,0.9238775191481486,0.85
3,2025-03-03,15,Monday,zone_hour_profile,Airport,Midday,Weekday,1.0,0.4,1.0,0.2,1.0,0.1
3,2025-03-03,15,Monday,zone_hour_profile,Non-airport,Midday,Weekday,0.9718866853330302,0.8,0.9487437365897969,0.7,0.9822913067602235,0.95
3,2025-03-03,15,Monday,same_hour_last_week,Airport,Midday,Weekday,1.0,0.4,1.0,0.2,1.0,0.1
3,2025-03-03,15,Monday,same_hour_last_week,Non-airport,Midday,Weekday,0.9715366281447377,0.8,0.9457649125188676,0.7,0.9543896845689354,0.95
3,2025-03-03,15,Monday,trailing_4_week_profile,Airport,Midday,Weekday,1.0,0.4,1.0,0.2,1.0,0.1
3,2025-03-03,15,Monday,trailing_4_week_profile,Non-airport,Midday,Weekday,0.9715366281447377,0.8,0.9492687248684242,0.7,0.9832510092018936,0.95
3,2025-03-03,16,Monday,global_popularity,Airport,Evening,Weekday,1.0,0.4,1.0,0.2,1.0,0.1
3,2025-03-03,16,Monday,global_popularity,Non-airport,Evening,Weekday,0.9102335461114698,0.6,0.9187908743305574,0.7,0.918934683523834,0.85
3,2025-03-03,16,Monday,zone_hour_profile,Airport,Evening,Weekday,1.0,0.4,1.0,0.2,1.0,0.1
3,2025-03-03,16,Monday,zone_hour_profile,Non-airport,Evening,Weekday,0.9335022295628528,0.8,0.9436340300533275,0.8,0.9657018649273842,0.95
3,2025-03-03,16,Monday,same_hour_last_week,Airport,Evening,Weekday,1.0,0.4,1.0,0.2,1.0,0.1
3,2025-03-03,16,Monday,same_hour_last_week,Non-airport,Evening,Weekday,0.9533440394035467,0.6,0.9395067277313642,0.8,0.9391728863408886,0.9
3,2025-03-03,16,Monday,trailing_4_week_profile,Airport,Evening,Weekday,1.0,0.4,1.0,0.2,1.0,0.1
3,2025-03-03,16,Monday,trailing_4_week_profile,Non-airport,Evening,Weekday,0.9435377694354556,0.8,0.9454416816947372,0.7,0.9705615541506158,0.95
3,2025-03-03,17,Monday,global_popularity,Airport,Evening,Weekday,1.0,0.4,1.0,0.2,1.0,0.1
3,2025-03-03,17,Monday,global_popularity,Non-airport,Evening,Weekday,0.9158693620089098,0.6,0.9368933142263977,0.7,0.9319529075746418,0.85
3,2025-03-03,17,Monday,zone_hour_profile,Airport,Evening,Weekday,1.0,0.4,1.0,0.2,1.0,0.1
3,2025-03-03,17,Monday,zone_hour_profile,Non-airport,Evening,Weekday,0.9608142634360423,0.8,0.9526661768690711,0.8,0.976030569129943,0.85
3,2025-03-03,17,Monday,same_hour_last_week,Airport,Evening,Weekday,1.0,0.4,1.0,0.2,1.0,0.1
3,2025-03-03,17,Monday,same_hour_last_week,Non-airport,Evening,Weekday,0.9608142634360423,0.8,0.9501894686678373,0.7,0.9802004983155786,0.9
3,2025-03-03,17,Monday,trailing_4_week_profile,Airport,Evening,Weekday,1.0,0.4,1.0,0.2,1.0,0.1
3,2025-03-03,17,Monday,trailing_4_week_profile,Non-airport,Evening,Weekday,0.9608142634360423,0.8,0.9528851761996732,0.8,0.9767798097615696,0.9
3,2025-03-03,18,Monday,global_popularity,Airport,Evening,Weekday,1.0,0.4,1.0,0.2,1.0,0.1
3,2025-03-03,18,Monday,global_popularity,Non-airport,Evening,Weekday,0.9386283173909978,0.8,0.9450851255689605,0.7,0.9464983817506247,0.85
3,2025-03-03,18,Monday,zone_hour_profile,Airport,Evening,Weekday,1.0,0.4,1.0,0.2,1.0,0.1
3,2025-03-03,18,Monday,zone_hour_profile,Non-airport,Evening,Weekday,0.9923491088525145,0.8,0.9675059582546328,0.8,0.9884225474628411,0.9
3,2025-03-03,18,Monday,same_hour_last_week,Airport,Evening,Weekday,1.0,0.4,1.0,0.2,1.0,0.1
3,2025-03-03,18,Monday,same_hour_last_week,Non-airport,Evening,Weekday,0.9977282902135324,1.0,0.9738982392858417,0.9,0.9892967204248773,0.9
3,2025-03-03,18,Monday,trailing_4_week_profile,Airport,Evening,Weekday,1.0,0.4,1.0,0.2,1.0,0.1
3,2025-03-03,18,Monday,trailing_4_week_profile,Non-airport,Evening,Weekday,0.9901289563868675,0.8,0.9676274432369508,0.8,0.9874741211222862,0.9
3,2025-03-03,19,Monday,global_popularity,Airport,Evening,Weekday,1.0,0.4,1.0,0.2,1.0,0.1
3,2025-03-03,19,Monday,global_popularity,Non-airport,Evening,Weekday,0.9655502967800725,0.8,0.9736466686373503,0.8,0.9616079103743386,0.75
3,2025-03-03,19,Monday,zone_hour_profile,Airport,Evening,Weekday,1.0,0.4,1.0,0.2,1.0,0.1
3,2025-03-03,19,Monday,zone_hour_profile,Non-airport,Evening,Weekday,1.0,1.0,0.9972297070815292,0.9,0.9874423314416436,0.8
3,2025-03-03,19,Monday,same_hour_last_week,Airport,Evening,Weekday,1.0,0.4,1.0,0.2,1.0,0.1
3,2025-03-03,19,Monday,same_hour_last_week,Non-airport,Evening,Weekday,1.0,1.0,0.9935452437563403,0.9,0.9889594377140789,0.85
3,2025-03-03,19,Monday,trailing_4_week_profile,Airport,Evening,Weekday,1.0,0.4,1.0,0.2,1.0,0.1
3,2025-03-03,19,Monday,trailing_4_week_profile,Non-airport,Evening,Weekday,0.9852751175659229,0.8,0.9954608995307359,0.9,0.9899318649004523,0.85
3,2025-03-03,20,Monday,global_popularity,Airport,Evening,Weekday,1.0,0.4,1.0,0.2,1.0,0.1
3,2025-03-03,20,Monday,global_popularity,Non-airport,Evening,Weekday,0.9330554924379646,0.8,0.9526680492312498,0.7,0.9671703196441803,0.9
3,2025-03-03,20,Monday,zone_hour_profile,Airport,Evening,Weekday,1.0,0.4,1.0,0.2,1.0,0.1
3,2025-03-03,20,Monday,zone_hour_profile,Non-airport,Evening,Weekday,0.9815570171780027,0.8,0.9880641954769772,0.8,0.9930996269514942,0.95
3,2025-03-03,20,Monday,same_hour_last_week,Airport,Evening,Weekday,1.0,0.4,1.0,0.2,1.0,0.1
3,2025-03-03,20,Monday,same_hour_last_week,Non-airport,Evening,Weekday,0.9393670874690192,0.6,0.9732281464720083,0.8,0.9775302769820428,0.9
3,2025-03-03,20,Monday,trailing_4_week_profile,Airport,Evening,Weekday,1.0,0.4,1.0,0.2,1.0,0.1
3,2025-03-03,20,Monday,trailing_4_week_profile,Non-airport,Evening,Weekday,0.9774413818207907,0.8,0.9853902832209874,0.8,0.9908883567314474,0.95
3,2025-03-03,21,Monday,global_popularity,Airport,Late evening,Weekday,1.0,0.4,1.0,0.2,1.0,0.1
3,2025-03-03,21,Monday,global_popularity,Non-airport,Late evening,Weekday,0.9103312057898794,0.8,0.9096460765465991,0.7,0.9279600648262049,0.8
3,2025-03-03,21,Monday,zone_hour_profile,Airport,Late evening,Weekday,1.0,0.4,1.0,0.2,1.0,0.1
3,2025-03-03,21,Monday,zone_hour_profile,Non-airport,Late evening,Weekday,0.9619730514058886,0.8,0.9657733206266093,0.8,0.9798812761869372,0.9
3,2025-03-03,21,Monday,same_hour_last_week,Airport,Late evening,Weekday,1.0,0.4,1.0,0.2,1.0,0.1
3,2025-03-03,21,Monday,same_hour_last_week,Non-airport,Late evening,Weekday,0.9144644814141836,0.6,0.9409699302572658,0.8,0.9616400340021921,0.9
3,2025-03-03,21,Monday,trailing_4_week_profile,Airport,Late evening,Weekday,1.0,0.4,1.0,0.2,1.0,0.1
3,2025-03-03,21,Monday,trailing_4_week_profile,Non-airport,Late evening,Weekday,0.9845316830166473,0.8,0.9623230258829465,0.8,0.9784328898669025,0.9
3,2025-03-03,22,Monday,global_popularity,Airport,Late evening,Weekday,1.0,0.4,1.0,0.2,1.0,0.1
3,2025-03-03,22,Monday,global_popularity,Non-airport,Late evening,Weekday,0.8510303010898115,0.8,0.8750258604081427,0.7,0.8996245895771267,0.85
3,2025-03-03,22,Monday,zone_hour_profile,Airport,Late evening,Weekday,1.0,0.4,1.0,0.2,1.0,0.1
3,2025-03-03,22,Monday,zone_hour_profile,Non-airport,Late evening,Weekday,0.8755172297288966,0.6,0.9140459250276929,0.8,0.9213458753602265,0.85
3,2025-03-03,22,Monday,same_hour_last_week,Airport,Late evening,Weekday,1.0,0.4,1.0,0.2,1.0,0.1
3,2025-03-03,22,Monday,same_hour_last_week,Non-airport,Late evening,Weekday,0.8964268401787111,0.6,0.9457721680557075,0.8,0.950266844375575,0.9
3,2025-03-03,22,Monday,trailing_4_week_profile,Airport,Late evening,Weekday,1.0,0.4,1.0,0.2,1.0,0.1
3,2025-03-03,22,Monday,trailing_4_week_profile,Non-airport,Late evening,Weekday,0.866341901092432,0.6,0.9104251871555096,0.8,0.9146929821163939,0.85
3,2025-03-03,23,Monday,global_popularity,Airport,Late evening,Weekday,1.0,0.4,1.0,0.2,1.0,0.1
3,2025-03-03,23,Monday,global_popularity,Non-airport,Late evening,Weekday,0.4959532940758526,0.6,0.6316396249578494,0.5,0.7153862401732913,0.75
3,2025-03-03,23,Monday,zone_hour_profile,Airport,Late evening,Weekday,1.0,0.4,1.0,0.2,1.0,0.1
3,2025-03-03,23,Monday,zone_hour_profile,Non-airport,Late evening,Weekday,0.6368140698840582,0.8,0.7819847817170935,0.8,0.8171759469070317,0.9
3,2025-03-03,23,Monday,same_hour_last_week,Airport,Late evening,Weekday,1.0,0.4,1.0,0.2,1.0,0.1
3,2025-03-03,23,Monday,same_hour_last_week,Non-airport,Late evening,Weekday,0.7096453103216018,0.6,0.817811167669684,0.7,0.8497149914757532,0.8
3,2025-03-03,23,Monday,trailing_4_week_profile,Airport,Late evening,Weekday,1.0,0.4,1.0,0.2,1.0,0.1
3,2025-03-03,23,Monday,trailing_4_week_profile,Non-airport,Late evening,Weekday,0.8145024269719673,1.0,0.8193573489046007,0.8,0.8490176936817999,0.9
3,2025-03-04,0,Tuesday,global_popularity,Airport,Overnight,Weekday,1.0,0.4,1.0,0.2,1.0,0.1
3,2025-03-04,0,Tuesday,global_popularity,Non-airport,Overnight,Weekday,0.603102938428355,0.2,0.6901290385094706,0.5,0.752101863944714,0.8
3,2025-03-04,0,Tuesday,zone_hour_profile,Airport,Overnight,Weekday,1.0,0.4,1.0,0.2,1.0,0.1
3,2025-03-04,0,Tuesday,zone_hour_profile,Non-airport,Overnight,Weekday,0.7447980937605929,0.6,0.7623207614507087,0.6,0.8531507710836552,0.9
3,2025-03-04,0,Tuesday,same_hour_last_week,Airport,Overnight,Weekday,1.0,0.4,1.0,0.2,1.0,0.1
3,2025-03-04,0,Tuesday,same_hour_last_week,Non-airport,Overnight,Weekday,0.727801187661013,0.6,0.8136752196490631,0.8,0.8418655091650145,0.9
3,2025-03-04,0,Tuesday,trailing_4_week_profile,Airport,Overnight,Weekday,1.0,0.4,1.0,0.2,1.0,0.1
3,2025-03-04,0,Tuesday,trailing_4_week_profile,Non-airport,Overnight,Weekday,0.7111670225925109,0.6,0.7879591351742258,0.7,0.8359573866816705,0.9
3,2025-03-04,1,Tuesday,global_popularity,Airport,Overnight,Weekday,1.0,0.4,1.0,0.2,1.0,0.1
3,2025-03-04,1,Tuesday,global_popularity,Non-airport,Overnight,Weekday,0.6029336210698839,0.6,0.6474031654089317,0.6,0.7206560210005214,0.7
3,2025-03-04,1,Tuesday,zone_hour_profile,Airport,Overnight,Weekday,1.0,0.4,1.0,0.2,1.0,0.1
3,2025-03-04,1,Tuesday,zone_hour_profile,Non-airport,Overnight,Weekday,0.6947023544405648,0.6,0.8181057800871476,0.8,0.8195480607066505,0.85
3,2025-03-04,1,Tuesday,same_hour_last_week,Airport,Overnight,Weekday,1.0,0.4,1.0,0.2,1.0,0.1
3,2025-03-04,1,Tuesday,same_hour_last_week,Non-airport,Overnight,Weekday,0.7802087205130314,0.8,0.8056721250672875,0.7,0.8309505563580618,0.85
3,2025-03-04,1,Tuesday,trailing_4_week_profile,Airport,Overnight,Weekday,1.0,0.4,1.0,0.2,1.0,0.1
3,2025-03-04,1,Tuesday,trailing_4_week_profile,Non-airport,Overnight,Weekday,0.7453130076322483,0.6,0.8703442279369604,0.8,0.8716094414162643,0.9
3,2025-03-04,2,Tuesday,global_popularity,Airport,Overnight,Weekday,1.0,0.2,1.0,0.1,1.0,0.05
3,2025-03-04,2,Tuesday,global_popularity,Non-airport,Overnight,Weekday,0.5485820147192433,0.6,0.5090927658629105,0.4,0.6702902270375272,0.6
3,2025-03-04,2,Tuesday,zone_hour_profile,Airport,Overnight,Weekday,1.0,0.2,1.0,0.1,1.0,0.05
3,2025-03-04,2,Tuesday,zone_hour_profile,Non-airport,Overnight,Weekday,0.7336257827764189,0.6,0.8149508193026292,0.8,0.8163660188538705,0.65
3,2025-03-04,2,Tuesday,same_hour_last_week,Airport,Overnight,Weekday,0.6309297535714575,0.2,0.6309297535714575,0.1,0.6309297535714575,0.05
3,2025-03-04,2,Tuesday,same_hour_last_week,Non-airport,Overnight,Weekday,0.5319135730134755,0.6,0.636464374489466,0.7,0.6886645417024316,0.6
3,2025-03-04,2,Tuesday,trailing_4_week_profile,Airport,Overnight,Weekday,0.6309297535714575,0.2,0.6309297535714575,0.1,0.6309297535714575,0.05
3,2025-03-04,2,Tuesday,trailing_4_week_profile,Non-airport,Overnight,Weekday,0.6742207908342657,0.4,0.7306339920220646,0.7,0.7488535629190903,0.6
3,2025-03-04,3,Tuesday,global_popularity,Airport,Overnight,Weekday,1.0,0.2,1.0,0.1,1.0,0.05
3,2025-03-04,3,Tuesday,global_popularity,Non-airport,Overnight,Weekday,0.6203845378632153,0.6,0.5652201189088941,0.4,0.6979502481770741,0.55
3,2025-03-04,3,Tuesday,zone_hour_profile,Airport,Overnight,Weekday,1.0,0.2,1.0,0.1,1.0,0.05
3,2025-03-04,3,Tuesday,zone_hour_profile,Non-airport,Overnight,Weekday,0.2622190306208291,0.4,0.3665011351333176,0.4,0.42562982942389005,0.4
3,2025-03-04,3,Tuesday,same_hour_last_week,Airport,Overnight,Weekday,1.0,0.2,1.0,0.1,1.0,0.05
3,2025-03-04,3,Tuesday,same_hour_last_week,Non-airport,Overnight,Weekday,0.7571969773408018,0.4,0.8300335532777332,0.6,0.8449190105660521,0.6
3,2025-03-04,3,Tuesday,trailing_4_week_profile,Airport,Overnight,Weekday,1.0,0.2,1.0,0.1,1.0,0.05
3,2025-03-04,3,Tuesday,trailing_4_week_profile,Non-airport,Overnight,Weekday,0.7699706988420646,0.6,0.6894125138909958,0.4,0.7398857295125502,0.6
3,2025-03-04,4,Tuesday,global_popularity,Airport,Overnight,Weekday,1.0,0.2,1.0,0.1,1.0,0.05
3,2025-03-04,4,Tuesday,global_popularity,Non-airport,Overnight,Weekday,0.6091517821593858,0.4,0.7173002892022277,0.5,0.7511787838018245,0.7
3,2025-03-04,4,Tuesday,zone_hour_profile,Airport,Overnight,Weekday,1.0,0.2,1.0,0.1,1.0,0.05
3,2025-03-04,4,Tuesday,zone_hour_profile,Non-airport,Overnight,Weekday,0.7363333008566608,0.4,0.7425235771442399,0.5,0.7292786147588656,0.65
3,2025-03-04,4,Tuesday,same_hour_last_week,Airport,Overnight,Weekday,1.0,0.2,1.0,0.1,1.0,0.05
3,2025-03-04,4,Tuesday,same_hour_last_week,Non-airport,Overnight,Weekday,0.6835819284263899,0.4,0.7279484642417449,0.5,0.6759834162730888,0.55
3,2025-03-04,4,Tuesday,trailing_4_week_profile,Airport,Overnight,Weekday,1.0,0.2,1.0,0.1,1.0,0.05
3,2025-03-04,4,Tuesday,trailing_4_week_profile,Non-airport,Overnight,Weekday,0.704012869104187,0.4,0.7171829626523671,0.5,0.7390731183184605,0.75
3,2025-03-04,5,Tuesday,global_popularity,Airport,Overnight,Weekday,1.0,0.4,1.0,0.2,1.0,0.1
3,2025-03-04,5,Tuesday,global_popularity,Non-airport,Overnight,Weekday,0.6338244539572688,0.4,0.634866452120436,0.5,0.68900332447283,0.65
3,2025-03-04,5,Tuesday,zone_hour_profile,Airport,Overnight,Weekday,1.0,0.4,1.0,0.2,1.0,0.1
3,2025-03-04,5,Tuesday,zone_hour_profile,Non-airport,Overnight,Weekday,0.9375551267195252,0.6,0.9295989554347568,0.8,0.9485838599777267,0.8
3,2025-03-04,5,Tuesday,same_hour_last_week,Airport,Overnight,Weekday,1.0,0.4,1.0,0.2,1.0,0.1
3,2025-03-04,5,Tuesday,same_hour_last_week,Non-airport,Overnight,Weekday,0.9034202455309219,0.6,0.8826758254708518,0.8,0.9102911344510802,0.75
3,2025-03-04,5,Tuesday,trailing_4_week_profile,Airport,Overnight,Weekday,1.0,0.4,1.0,0.2,1.0,0.1
3,2025-03-04,5,Tuesday,trailing_4_week_profile,Non-airport,Overnight,Weekday,0.9375551267195252,0.6,0.9243828123924708,0.8,0.9416122003447587,0.8
3,2025-03-04,6,Tuesday,global_popularity,Airport,Morning,Weekday,1.0,0.2,1.0,0.1,1.0,0.05
3,2025-03-04,6,Tuesday,global_popularity,Non-airport,Morning,Weekday,0.8153730050901455,0.6,0.7955604162432766,0.6,0.831729397205894,0.75
3,2025-03-04,6,Tuesday,zone_hour_profile,Airport,Morning,Weekday,1.0,0.2,1.0,0.1,1.0,0.05
3,2025-03-04,6,Tuesday,zone_hour_profile,Non-airport,Morning,Weekday,0.9788692149549415,0.8,0.9600741493359527,0.7,0.9744918149419859,0.85
3,2025-03-04,6,Tuesday,same_hour_last_week,Airport,Morning,Weekday,1.0,0.2,1.0,0.1,1.0,0.05
3,2025-03-04,6,Tuesday,same_hour_last_week,Non-airport,Morning,Weekday,0.9647012752765798,0.6,0.9658141239840495,0.8,0.9571004942442446,0.85
3,2025-03-04,6,Tuesday,trailing_4_week_profile,Airport,Morning,Weekday,1.0,0.2,1.0,0.1,1.0,0.05
3,2025-03-04,6,Tuesday,trailing_4_week_profile,Non-airport,Morning,Weekday,0.9329442020799541,0.6,0.9438729454242961,0.7,0.9662643073731876,0.9
3,2025-03-04,7,Tuesday,global_popularity,Airport,Morning,Weekday,1.0,0.4,1.0,0.2,1.0,0.1
3,2025-03-04,7,Tuesday,global_popularity,Non-airport,Morning,Weekday,0.813661439565313,0.6,0.8026523229960525,0.6,0.8335226045661257,0.75
3,2025-03-04,7,Tuesday,zone_hour_profile,Airport,Morning,Weekday,1.0,0.4,1.0,0.2,1.0,0.1
3,2025-03-04,7,Tuesday,zone_hour_profile,Non-airport,Morning,Weekday,1.0,1.0,0.9800575541361294,0.8,0.9935442697256972,0.95
3,2025-03-04,7,Tuesday,same_hour_last_week,Airport,Morning,Weekday,1.0,0.4,1.0,0.2,1.0,0.1
3,2025-03-04,7,Tuesday,same_hour_last_week,Non-airport,Morning,Weekday,0.9998126092983267,1.0,0.9786883990290616,0.8,0.9824331649663525,0.9
3,2025-03-04,7,Tuesday,trailing_4_week_profile,Airport,Morning,Weekday,1.0,0.4,1.0,0.2,1.0,0.1
3,2025-03-04,7,Tuesday,trailing_4_week_profile,Non-airport,Morning,Weekday,0.9848998522342648,0.8,0.978102408372728,0.8,0.9863389619233893,0.95
3,2025-03-04,8,Tuesday,global_popularity,Airport,Morning,Weekday,0.991330610107835,0.4,0.991330610107835,0.2,0.991330610107835,0.1
3,2025-03-04,8,Tuesday,global_popularity,Non-airport,Morning,Weekday,0.7539310434070273,0.6,0.7970062533356886,0.6,0.8408919795682582,0.8
3,2025-03-04,8,Tuesday,zone_hour_profile,Airport,Morning,Weekday,0.991330610107835,0.4,0.991330610107835,0.2,0.991330610107835,0.1
3,2025-03-04,8,Tuesday,zone_hour_profile,Non-airport,Morning,Weekday,0.9991901308873943,1.0,0.9963851434128856,0.8,0.9807807898199434,0.85
3,2025-03-04,8,Tuesday,same_hour_last_week,Airport,Morning,Weekday,0.991330610107835,0.4,0.991330610107835,0.2,0.991330610107835,0.1
3,2025-03-04,8,Tuesday,same_hour_last_week,Non-airport,Morning,Weekday,0.9718193722131842,0.8,0.9967113941209017,0.9,0.9795141141260505,0.85
3,2025-03-04,8,Tuesday,trailing_4_week_profile,Airport,Morning,Weekday,0.991330610107835,0.4,0.991330610107835,0.2,0.991330610107835,0.1
3,2025-03-04,8,Tuesday,trailing_4_week_profile,Non-airport,Morning,Weekday,0.9991901308873943,1.0,0.9964544407067762,0.8,0.980871029472123,0.85
3,2025-03-04,9,Tuesday,global_popularity,Airport,Morning,Weekday,0.8516767193561252,0.4,0.8516767193561252,0.2,0.8516767193561252,0.1
3,2025-03-04,9,Tuesday,global_popularity,Non-airport,Morning,Weekday,0.8754326850248567,0.8,0.9000435291609697,0.7,0.9020703221011441,0.8
3,2025-03-04,9,Tuesday,zone_hour_profile,Airport,Morning,Weekday,1.0,0.4,1.0,0.2,1.0,0.1
3,2025-03-04,9,Tuesday,zone_hour_profile,Non-airport,Morning,Weekday,0.9929494684954184,1.0,0.9877640797855797,0.8,0.9865912940529549,0.95
3,2025-03-04,9,Tuesday,same_hour_last_week,Airport,Morning,Weekday,1.0,0.4,1.0,0.2,1.0,0.1
3,2025-03-04,9,Tuesday,same_hour_last_week,Non-airport,Morning,Weekday,0.9791621142322612,0.8,0.9849108852987957,0.9,0.9771781704939564,0.95
3,2025-03-04,9,Tuesday,trailing_4_week_profile,Airport,Morning,Weekday,1.0,0.4,1.0,0.2,1.0,0.1
3,2025-03-04,9,Tuesday,trailing_4_week_profile,Non-airport,Morning,Weekday,0.9929494684954184,1.0,0.9893603438426882,0.9,0.9809266020799702,0.95
3,2025-03-04,10,Tuesday,global_popularity,Airport,Midday,Weekday,0.8914941930057276,0.4,0.8914941930057276,0.2,0.8914941930057276,0.1
3,2025-03-04,10,Tuesday,global_popularity,Non-airport,Midday,Weekday,0.9492619563640436,0.8,0.9466177859019153,0.8,0.9485123635762333,0.85
3,2025-03-04,10,Tuesday,zone_hour_profile,Airport,Midday,Weekday,1.0,0.4,1.0,0.2,1.0,0.1
3,2025-03-04,10,Tuesday,zone_hour_profile,Non-airport,Midday,Weekday,0.9779786614497262,0.8,0.975833509245818,0.9,0.979279317578997,0.9
3,2025-03-04,10,Tuesday,same_hour_last_week,Airport,Midday,Weekday,1.0,0.4,1.0,0.2,1.0,0.1
3,2025-03-04,10,Tuesday,same_hour_last_week,Non-airport,Midday,Weekday,0.9779786614497262,0.8,0.9811007477227519,0.9,0.9768504763944039,0.9
3,2025-03-04,10,Tuesday,trailing_4_week_profile,Airport,Midday,Weekday,1.0,0.4,1.0,0.2,1.0,0.1
3,2025-03-04,10,Tuesday,trailing_4_week_profile,Non-airport,Midday,Weekday,0.9779786614497262,0.8,0.9764289356136867,0.9,0.9780242620600044,0.9
3,2025-03-04,11,Tuesday,global_popularity,Airport,Midday,Weekday,0.8807847064734236,0.4,0.8807847064734236,0.2,0.8807847064734236,0.1
3,2025-03-04,11,Tuesday,global_popularity,Non-airport,Midday,Weekday,0.9912048802010438,1.0,0.9597398042636133,0.7,0.9556325886246709,0.8
3,2025-03-04,11,Tuesday,zone_hour_profile,Airport,Midday,Weekday,1.0,0.4,1.0,0.2,1.0,0.1
3,2025-03-04,11,Tuesday,zone_hour_profile,Non-airport,Midday,Weekday,0.9938359290381478,0.8,0.9728186039627493,0.8,0.9811413342390944,0.9
3,2025-03-04,11,Tuesday,same_hour_last_week,Airport,Midday,Weekday,1.0,0.4,1.0,0.2,1.0,0.1
3,2025-03-04,11,Tuesday,same_hour_last_week,Non-airport,Midday,Weekday,0.9837646149013971,0.8,0.9585331927959894,0.7,0.9743657635149723,0.85
3,2025-03-04,11,Tuesday,trailing_4_week_profile,Airport,Midday,Weekday,1.0,0.4,1.0,0.2,1.0,0.1
3,2025-03-04,11,Tuesday,trailing_4_week_profile,Non-airport,Midday,Weekday,0.9862159938676469,0.8,0.9733466916543331,0.8,0.9823976196590702,0.9
3,2025-03-04,12,Tuesday,global_popularity,Airport,Midday,Weekday,0.9374182650941022,0.4,0.9374182650941022,0.2,0.9374182650941022,0.1
3,2025-03-04,12,Tuesday,global_popularity,Non-airport,Midday,Weekday,0.9317425204006503,0.8,0.9503615650051486,0.8,0.9466734491156108,0.9
3,2025-03-04,12,Tuesday,zone_hour_profile,Airport,Midday,Weekday,1.0,0.4,1.0,0.2,1.0,0.1
3,2025-03-04,12,Tuesday,zone_hour_profile,Non-airport,Midday,Weekday,0.9786747231073086,0.8,0.9819693624199584,0.9,0.9892543150433725,0.9
3,2025-03-04,12,Tuesday,same_hour_last_week,Airport,Midday,Weekday,1.0,0.4,1.0,0.2,1.0,0.1
3,2025-03-04,12,Tuesday,same_hour_last_week,Non-airport,Midday,Weekday,0.9327943484394843,0.6,0.9771306073674233,0.9,0.9785619548341784,0.85
3,2025-03-04,12,Tuesday,trailing_4_week_profile,Airport,Midday,Weekday,1.0,0.4,1.0,0.2,1.0,0.1
3,2025-03-04,12,Tuesday,trailing_4_week_profile,Non-airport,Midday,Weekday,0.9325255516598764,0.6,0.9769290409480341,0.9,0.9851126514535451,0.9
3,2025-03-04,13,Tuesday,global_popularity,Airport,Midday,Weekday,1.0,0.4,1.0,0.2,1.0,0.1
3,2025-03-04,13,Tuesday,global_popularity,Non-airport,Midday,Weekday,0.9638583695948514,0.6,0.9499031517025481,0.7,0.944599287900951,0.85
3,2025-03-04,13,Tuesday,zone_hour_profile,Airport,Midday,Weekday,0.9932988031446387,0.4,0.9932988031446387,0.2,0.9932988031446387,0.1
3,2025-03-04,13,Tuesday,zone_hour_profile,Non-airport,Midday,Weekday,0.9386068801425249,0.6,0.9373461432304407,0.7,0.9683966692337813,0.9
3,2025-03-04,13,Tuesday,same_hour_last_week,Airport,Midday,Weekday,0.9932988031446387,0.4,0.9932988031446387,0.2,0.9932988031446387,0.1
3,2025-03-04,13,Tuesday,same_hour_last_week,Non-airport,Midday,Weekday,0.9386068801425249,0.6,0.9246555136722611,0.7,0.9404212183937186,0.85
3,2025-03-04,13,Tuesday,trailing_4_week_profile,Airport,Midday,Weekday,0.9932988031446387,0.4,0.9932988031446387,0.2,0.9932988031446387,0.1
3,2025-03-04,13,Tuesday,trailing_4_week_profile,Non-airport,Midday,Weekday,0.9386068801425249,0.6,0.9430706610083294,0.8,0.9688638120965455,0.9
3,2025-03-04,14,Tuesday,global_popularity,Airport,Midday,Weekday,1.0,0.4,1.0,0.2,1.0,0.1
3,2025-03-04,14,Tuesday,global_popularity,Non-airport,Midday,Weekday,0.9429978926857454,0.6,0.9343742914234847,0.6,0.9424781124708077,0.85
3,2025-03-04,14,Tuesday,zone_hour_profile,Airport,Midday,Weekday,1.0,0.4,1.0,0.2,1.0,0.1
3,2025-03-04,14,Tuesday,zone_hour_profile,Non-airport,Midday,Weekday,0.9592356399592785,0.8,0.9330881168494485,0.7,0.9780531062666914,0.95
3,2025-03-04,14,Tuesday,same_hour_last_week,Airport,Midday,Weekday,1.0,0.4,1.0,0.2,1.0,0.1
3,2025-03-04,14,Tuesday,same_hour_last_week,Non-airport,Midday,Weekday,0.9610292740154978,0.8,0.9170541608673077,0.6,0.9476295675162796,0.9
3,2025-03-04,14,Tuesday,trailing_4_week_profile,Airport,Midday,Weekday,0.9604615237980173,0.4,0.9604615237980173,0.2,0.9604615237980173,0.1
3,2025-03-04,14,Tuesday,trailing_4_week_profile,Non-airport,Midday,Weekday,0.9718828786890283,0.8,0.9412874330092742,0.7,0.9826578325221041,0.9
3,2025-03-04,15,Tuesday,global_popularity,Airport,Midday,Weekday,1.0,0.4,1.0,0.2,1.0,0.1
3,2025-03-04,15,Tuesday,global_popularity,Non-airport,Midday,Weekday,0.961776714446936,0.8,0.9414432520601165,0.7,0.9415386847396876,0.9
3,2025-03-04,15,Tuesday,zone_hour_profile,Airport,Midday,Weekday,1.0,0.4,1.0,0.2,1.0,0.1
3,2025-03-04,15,Tuesday,zone_hour_profile,Non-airport,Midday,Weekday,0.9623958241565331,0.8,0.914115608877299,0.7,0.9686283800726041,0.95
3,2025-03-04,15,Tuesday,same_hour_last_week,Airport,Midday,Weekday,1.0,0.4,1.0,0.2,1.0,0.1
3,2025-03-04,15,Tuesday,same_hour_last_week,Non-airport,Midday,Weekday,0.9650134363653337,0.8,0.9092766226777185,0.6,0.9509326649209743,0.95
3,2025-03-04,15,Tuesday,trailing_4_week_profile,Airport,Midday,Weekday,1.0,0.4,1.0,0.2,1.0,0.1
3,2025-03-04,15,Tuesday,trailing_4_week_profile,Non-airport,Midday,Weekday,0.9623958241565331,0.8,0.927959208215599,0.8,0.9699379708651764,0.95
3,2025-03-04,16,Tuesday,global_popularity,Airport,Evening,Weekday,1.0,0.4,1.0,0.2,1.0,0.1
3,2025-03-04,16,Tuesday,global_popularity,Non-airport,Evening,Weekday,0.9475728385818863,0.8,0.9368590652831253,0.6,0.9351599822856298,0.8
3,2025-03-04,16,Tuesday,zone_hour_profile,Airport,Evening,Weekday,1.0,0.4,1.0,0.2,1.0,0.1
3,2025-03-04,16,Tuesday,zone_hour_profile,Non-airport,Evening,Weekday,0.9638512723850247,0.6,0.9674412621708459,0.8,0.9842442353163772,0.9
3,2025-03-04,16,Tuesday,same_hour_last_week,Airport,Evening,Weekday,1.0,0.4,1.0,0.2,1.0,0.1
3,2025-03-04,16,Tuesday,same_hour_last_week,Non-airport,Evening,Weekday,0.9638512723850247,0.6,0.9659788828797947,0.8,0.9796800108087265,0.9
3,2025-03-04,16,Tuesday,trailing_4_week_profile,Airport,Evening,Weekday,1.0,0.4,1.0,0.2,1.0,0.1
3,2025-03-04,16,Tuesday,trailing_4_week_profile,Non-airport,Evening,Weekday,0.9638512723850247,0.6,0.9666032333605661,0.8,0.9836673205732588,0.9
3,2025-03-04,17,Tuesday,global_popularity,Airport,Evening,Weekday,1.0,0.4,1.0,0.2,1.0,0.1
3,2025-03-04,17,Tuesday,global_popularity,Non-airport,Evening,Weekday,0.9048101384130216,0.6,0.9383209045928553,0.7,0.9342744164302225,0.8
3,2025-03-04,17,Tuesday,zone_hour_profile,Airport,Evening,Weekday,1.0,0.4,1.0,0.2,1.0,0.1
3,2025-03-04,17,Tuesday,zone_hour_profile,Non-airport,Evening,Weekday,0.9847068270755857,0.8,0.9712045090166702,0.9,0.9894467436258568,0.95
3,2025-03-04,17,Tuesday,same_hour_last_week,Airport,Evening,Weekday,1.0,0.4,1.0,0.2,1.0,0.1
3,2025-03-04,17,Tuesday,same_hour_last_week,Non-airport,Evening,Weekday,0.9907263562199459,0.8,0.9621469785959995,0.8,0.9886660090851844,0.95
3,2025-03-04,17,Tuesday,trailing_4_week_profile,Airport,Evening,Weekday,1.0,0.4,1.0,0.2,1.0,0.1
3,2025-03-04,17,Tuesday,trailing_4_week_profile,Non-airport,Evening,Weekday,0.9780809591280423,0.8,0.9893056272265741,1.0,0.9892734915166658,0.95
3,2025-03-04,18,Tuesday,global_popularity,Airport,Evening,Weekday,1.0,0.4,1.0,0.2,1.0,0.1
3,2025-03-04,18,Tuesday,global_popularity,Non-airport,Evening,Weekday,0.9339068158540637,0.8,0.9616570432649362,0.7,0.9624862341505682,0.8
3,2025-03-04,18,Tuesday,zone_hour_profile,Airport,Evening,Weekday,1.0,0.4,1.0,0.2,1.0,0.1
3,2025-03-04,18,Tuesday,zone_hour_profile,Non-airport,Evening,Weekday,0.9771420597875212,0.8,0.9877875179225648,0.9,0.9927665380810257,0.9
3,2025-03-04,18,Tuesday,same_hour_last_week,Airport,Evening,Weekday,1.0,0.4,1.0,0.2,1.0,0.1
3,2025-03-04,18,Tuesday,same_hour_last_week,Non-airport,Evening,Weekday,0.998801268937039,1.0,0.9888794596763437,0.9,0.9946390618083053,0.95
3,2025-03-04,18,Tuesday,trailing_4_week_profile,Airport,Evening,Weekday,1.0,0.4,1.0,0.2,1.0,0.1
3,2025-03-04,18,Tuesday,trailing_4_week_profile,Non-airport,Evening,Weekday,0.998801268937039,1.0,0.9986550880328282,1.0,0.9938640832732568,0.9
3,2025-03-04,19,Tuesday,global_popularity,Airport,Evening,Weekday,1.0,0.4,1.0,0.2,1.0,0.1
3,2025-03-04,19,Tuesday,global_popularity,Non-airport,Evening,Weekday,0.8966141966110018,0.6,0.9413010402343678,0.7,0.9503401387798606,0.85
3,2025-03-04,19,Tuesday,zone_hour_profile,Airport,Evening,Weekday,1.0,0.4,1.0,0.2,1.0,0.1
3,2025-03-04,19,Tuesday,zone_hour_profile,Non-airport,Evening,Weekday,0.9913378025351737,1.0,0.9819822526169201,0.9,0.9921210703747347,0.95
3,2025-03-04,19,Tuesday,same_hour_last_week,Airport,Evening,Weekday,1.0,0.4,1.0,0.2,1.0,0.1
3,2025-03-04,19,Tuesday,same_hour_last_week,Non-airport,Evening,Weekday,0.9683857961541901,0.8,0.9688957752789792,0.8,0.9838371328067104,0.85
3,2025-03-04,19,Tuesday,trailing_4_week_profile,Airport,Evening,Weekday,1.0,0.4,1.0,0.2,1.0,0.1
3,2025-03-04,19,Tuesday,trailing_4_week_profile,Non-airport,Evening,Weekday,0.9913378025351737,1.0,0.9815463892194658,0.9,0.9917971985892445,0.9
3,2025-03-04,20,Tuesday,global_popularity,Airport,Evening,Weekday,1.0,0.4,1.0,0.2,1.0,0.1
3,2025-03-04,20,Tuesday,global_popularity,Non-airport,Evening,Weekday,0.8739078553811483,0.6,0.9156049209424955,0.6,0.9306204242938682,0.8
3,2025-03-04,20,Tuesday,zone_hour_profile,Airport,Evening,Weekday,1.0,0.4,1.0,0.2,1.0,0.1
3,2025-03-04,20,Tuesday,zone_hour_profile,Non-airport,Evening,Weekday,0.9994526850515629,1.0,0.9792020415571331,0.8,0.9888501650776237,0.85
3,2025-03-04,20,Tuesday,same_hour_last_week,Airport,Evening,Weekday,1.0,0.4,1.0,0.2,1.0,0.1
3,2025-03-04,20,Tuesday,same_hour_last_week,Non-airport,Evening,Weekday,0.9707564773505514,0.8,0.9775345563790938,0.9,0.9862724993768905,0.9
3,2025-03-04,20,Tuesday,trailing_4_week_profile,Airport,Evening,Weekday,1.0,0.4,1.0,0.2,1.0,0.1
3,2025-03-04,20,Tuesday,trailing_4_week_profile,Non-airport,Evening,Weekday,0.9994526850515629,1.0,0.9802991226487263,0.8,0.9902529980759645,0.85
3,2025-03-04,21,Tuesday,global_popularity,Airport,Late evening,Weekday,1.0,0.4,1.0,0.2,1.0,0.1
3,2025-03-04,21,Tuesday,global_popularity,Non-airport,Late evening,Weekday,0.8661940094508414,0.6,0.9169154089941165,0.8,0.9250508021905535,0.8
3,2025-03-04,21,Tuesday,zone_hour_profile,Airport,Late evening,Weekday,1.0,0.4,1.0,0.2,1.0,0.1
3,2025-03-04,21,Tuesday,zone_hour_profile,Non-airport,Late evening,Weekday,0.964744346213936,0.8,0.9868953104941096,0.9,0.988883878072899,0.95
3,2025-03-04,21,Tuesday,same_hour_last_week,Airport,Late evening,Weekday,1.0,0.4,1.0,0.2,1.0,0.1
3,2025-03-04,21,Tuesday,same_hour_last_week,Non-airport,Late evening,Weekday,0.9942187582498961,1.0,0.9921517331299988,0.9,0.9938222938711928,0.95
3,2025-03-04,21,Tuesday,trailing_4_week_profile,Airport,Late evening,Weekday,1.0,0.4,1.0,0.2,1.0,0.1
3,2025-03-04,21,Tuesday,trailing_4_week_profile,Non-airport,Late evening,Weekday,0.964744346213936,0.8,0.9867681127981776,0.9,0.9887828596572176,0.95
3,2025-03-04,22,Tuesday,global_popularity,Airport,Late evening,Weekday,1.0,0.4,1.0,0.2,1.0,0.1
3,2025-03-04,22,Tuesday,global_popularity,Non-airport,Late evening,Weekday,0.7935344248544148,0.6,0.8472055636555408,0.7,0.8846252516031172,0.75
3,2025-03-04,22,Tuesday,zone_hour_profile,Airport,Late evening,Weekday,1.0,0.4,1.0,0.2,1.0,0.1
3,2025-03-04,22,Tuesday,zone_hour_profile,Non-airport,Late evening,Weekday,0.9642829344079374,0.8,0.9702938326149155,0.8,0.9809641776069342,0.95
3,2025-03-04,22,Tuesday,same_hour_last_week,Airport,Late evening,Weekday,1.0,0.4,1.0,0.2,1.0,0.1
3,2025-03-04,22,Tuesday,same_hour_last_week,Non-airport,Late evening,Weekday,0.968843884424341,0.8,0.950037206469999,0.8,0.9760697438885364,0.9
3,2025-03-04,22,Tuesday,trailing_4_week_profile,Airport,Late evening,Weekday,1.0,0.4,1.0,0.2,1.0,0.1
3,2025-03-04,22,Tuesday,trailing_4_week_profile,Non-airport,Late evening,Weekday,0.9656124655332096,0.8,0.9503761282888871,0.8,0.9855168501972589,1.0
3,2025-03-04,23,Tuesday,global_popularity,Airport,Late evening,Weekday,1.0,0.4,1.0,0.2,1.0,0.1
3,2025-03-04,23,Tuesday,global_popularity,Non-airport,Late evening,Weekday,0.7476909444957027,0.4,0.7831928159832862,0.6,0.8267513271882303,0.75
3,2025-03-04,23,Tuesday,zone_hour_profile,Airport,Late evening,Weekday,1.0,0.4,1.0,0.2,1.0,0.1
3,2025-03-04,23,Tuesday,zone_hour_profile,Non-airport,Late evening,Weekday,0.9833583396818775,0.8,0.9868812041895947,0.9,0.983714176132397,0.85
3,2025-03-04,23,Tuesday,same_hour_last_week,Airport,Late evening,Weekday,0.9334492141100416,0.4,0.9334492141100416,0.2,0.9334492141100416,0.1
3,2025-03-04,23,Tuesday,same_hour_last_week,Non-airport,Late evening,Weekday,0.9842034001228446,0.8,0.9513964955533055,0.7,0.9751946544160198,0.8
3,2025-03-04,23,Tuesday,trailing_4_week_profile,Airport,Late evening,Weekday,1.0,0.4,1.0,0.2,1.0,0.1
3,2025-03-04,23,Tuesday,trailing_4_week_profile,Non-airport,Late evening,Weekday,0.949927685345555,0.6,0.946840776731347,0.8,0.9699842031407925,0.85
3,2025-03-05,0,Wednesday,global_popularity,Airport,Overnight,Weekday,1.0,0.4,1.0,0.2,1.0,0.1
3,2025-03-05,0,Wednesday,global_popularity,Non-airport,Overnight,Weekday,0.6305881596240039,0.4,0.6597011085466907,0.5,0.7636424549289934,0.7
3,2025-03-05,0,Wednesday,zone_hour_profile,Airport,Overnight,Weekday,1.0,0.4,1.0,0.2,1.0,0.1
3,2025-03-05,0,Wednesday,zone_hour_profile,Non-airport,Overnight,Weekday,0.7403567693772748,0.2,0.8148005030915701,0.7,0.8821164855859308,0.85
3,2025-03-05,0,Wednesday,same_hour_last_week,Airport,Overnight,Weekday,1.0,0.4,1.0,0.2,1.0,0.1
3,2025-03-05,0,Wednesday,same_hour_last_week,Non-airport,Overnight,Weekday,0.861433325674504,0.4,0.8999200806188478,0.8,0.9376826772638689,0.9
3,2025-03-05,0,Wednesday,trailing_4_week_profile,Airport,Overnight,Weekday,1.0,0.4,1.0,0.2,1.0,0.1
3,2025-03-05,0,Wednesday,trailing_4_week_profile,Non-airport,Overnight,Weekday,0.8310112667939363,0.4,0.902640969631168,0.9,0.9231823567846282,0.9
3,2025-03-05,1,Wednesday,global_popularity,Airport,Overnight,Weekday,1.0,0.4,1.0,0.2,1.0,0.1
3,2025-03-05,1,Wednesday,global_popularity,Non-airport,Overnight,Weekday,0.5275321113853855,0.2,0.5478100727438486,0.3,0.6986021326557111,0.7
3,2025-03-05,1,Wednesday,zone_hour_profile,Airport,Overnight,Weekday,1.0,0.4,1.0,0.2,1.0,0.1
3,2025-03-05,1,Wednesday,zone_hour_profile,Non-airport,Overnight,Weekday,0.6394420565177359,0.4,0.7661049375401079,0.8,0.7858421183418438,0.8
3,2025-03-05,1,Wednesday,same_hour_last_week,Airport,Overnight,Weekday,1.0,0.4,1.0,0.2,1.0,0.1
3,2025-03-05,1,Wednesday,same_hour_last_week,Non-airport,Overnight,Weekday,0.8929576638803651,1.0,0.8769678398599663,0.7,0.8753119217412434,0.8
3,2025-03-05,1,Wednesday,trailing_4_week_profile,Airport,Overnight,Weekday,1.0,0.4,1.0,0.2,1.0,0.1
3,2025-03-05,1,Wednesday,trailing_4_week_profile,Non-airport,Overnight,Weekday,0.756461076192551,0.8,0.8459168790247165,0.7,0.8822303087965075,0.9
3,2025-03-05,2,Wednesday,global_popularity,Airport,Overnight,Weekday,1.0,0.2,1.0,0.1,1.0,0.05
3,2025-03-05,2,Wednesday,global_popularity,Non-airport,Overnight,Weekday,0.4016824119174469,0.4,0.4020521269404642,0.4,0.6168429779505603,0.65
3,2025-03-05,2,Wednesday,zone_hour_profile,Airport,Overnight,Weekday,1.0,0.2,1.0,0.1,1.0,0.05
3,2025-03-05,2,Wednesday,zone_hour_profile,Non-airport,Overnight,Weekday,0.8194091618902527,0.6,0.823121894229536,0.6,0.8863155226239003,0.8
3,2025-03-05,2,Wednesday,same_hour_last_week,Airport,Overnight,Weekday,0.6309297535714575,0.2,0.6309297535714575,0.1,0.6309297535714575,0.05
3,2025-03-05,2,Wednesday,same_hour_last_week,Non-airport,Overnight,Weekday,0.8588177658792291,0.8,0.8624295063589908,0.7,0.892898410914761,0.8
3,2025-03-05,2,Wednesday,trailing_4_week_profile,Airport,Overnight,Weekday,0.6309297535714575,0.2,0.6309297535714575,0.1,0.6309297535714575,0.05
3,2025-03-05,2,Wednesday,trailing_4_week_profile,Non-airport,Overnight,Weekday,0.9198166967104395,1.0,0.8954435613976869,0.8,0.9056284360167985,0.85
3,2025-03-05,3,Wednesday,global_popularity,Airport,Overnight,Weekday,1.0,0.2,1.0,0.1,1.0,0.05
3,2025-03-05,3,Wednesday,global_popularity,Non-airport,Overnight,Weekday,0.37294702564385435,0.2,0.4130961796365711,0.3,0.5768685126704585,0.6
3,2025-03-05,3,Wednesday,zone_hour_profile,Airport,Overnight,Weekday,1.0,0.2,1.0,0.1,1.0,0.05
3,2025-03-05,3,Wednesday,zone_hour_profile,Non-airport,Overnight,Weekday,0.5807844641696728,0.6,0.7285900124192027,0.7,0.7362707802718265,0.7
3,2025-03-05,3,Wednesday,same_hour_last_week,Airport,Overnight,Weekday,1.0,0.2,1.0,0.1,1.0,0.05
3,2025-03-05,3,Wednesday,same_hour_last_week,Non-airport,Overnight,Weekday,0.800866498890636,0.6,0.7920252897821728,0.6,0.7768647282860387,0.65
3,2025-03-05,3,Wednesday,trailing_4_week_profile,Airport,Overnight,Weekday,1.0,0.2,1.0,0.1,1.0,0.05
3,2025-03-05,3,Wednesday,trailing_4_week_profile,Non-airport,Overnight,Weekday,0.8266395153675864,0.8,0.7739477635676859,0.6,0.8363493556643125,0.8
3,2025-03-05,4,Wednesday,global_popularity,Airport,Overnight,Weekday,1.0,0.2,1.0,0.1,1.0,0.05
3,2025-03-05,4,Wednesday,global_popularity,Non-airport,Overnight,Weekday,0.6658137598570627,0.4,0.693675742559375,0.4,0.7760446091068433,0.75
3,2025-03-05,4,Wednesday,zone_hour_profile,Airport,Overnight,Weekday,1.0,0.2,1.0,0.1,1.0,0.05
3,2025-03-05,4,Wednesday,zone_hour_profile,Non-airport,Overnight,Weekday,0.6276982723020441,0.4,0.6514917247342183,0.4,0.7073093140114433,0.55
3,2025-03-05,4,Wednesday,same_hour_last_week,Airport,Overnight,Weekday,1.0,0.2,1.0,0.1,1.0,0.05
3,2025-03-05,4,Wednesday,same_hour_last_week,Non-airport,Overnight,Weekday,0.8342499686087308,0.4,0.7872554002010318,0.3,0.7643996182775534,0.45
3,2025-03-05,4,Wednesday,trailing_4_week_profile,Airport,Overnight,Weekday,1.0,0.2,1.0,0.1,1.0,0.05
3,2025-03-05,4,Wednesday,trailing_4_week_profile,Non-airport,Overnight,Weekday,0.7359787241212243,0.4,0.6913087098312033,0.4,0.7305051483498607,0.55
3,2025-03-05,5,Wednesday,global_popularity,Airport,Overnight,Weekday,1.0,0.2,1.0,0.1,1.0,0.05
3,2025-03-05,5,Wednesday,global_popularity,Non-airport,Overnight,Weekday,0.5599810037718077,0.4,0.5734356145357417,0.3,0.6829717156026682,0.7
3,2025-03-05,5,Wednesday,zone_hour_profile,Airport,Overnight,Weekday,1.0,0.2,1.0,0.1,1.0,0.05
3,2025-03-05,5,Wednesday,zone_hour_profile,Non-airport,Overnight,Weekday,0.8733166472846802,0.8,0.9118781098894247,0.7,0.9151898754760317,0.8
3,2025-03-05,5,Wednesday,same_hour_last_week,Airport,Overnight,Weekday,1.0,0.2,1.0,0.1,1.0,0.05
3,2025-03-05,5,Wednesday,same_hour_last_week,Non-airport,Overnight,Weekday,0.9603975400327545,1.0,0.937138374170549,0.7,0.9307748753207793,0.75
3,2025-03-05,5,Wednesday,trailing_4_week_profile,Airport,Overnight,Weekday,1.0,0.2,1.0,0.1,1.0,0.05
3,2025-03-05,5,Wednesday,trailing_4_week_profile,Non-airport,Overnight,Weekday,0.8420051942386653,0.8,0.9108553135372774,0.8,0.9198075274554276,0.85
3,2025-03-05,6,Wednesday,global_popularity,Airport,Morning,Weekday,1.0,0.4,1.0,0.2,1.0,0.1
3,2025-03-05,6,Wednesday,global_popularity,Non-airport,Morning,Weekday,0.7953165843536876,0.6,0.7582604524587803,0.5,0.8266660799715462,0.85
3,2025-03-05,6,Wednesday,zone_hour_profile,Airport,Morning,Weekday,1.0,0.4,1.0,0.2,1.0,0.1
3,2025-03-05,6,Wednesday,zone_hour_profile,Non-airport,Morning,Weekday,0.9229796839034448,0.6,0.9183339376577344,0.8,0.9611240238872178,0.9
3,2025-03-05,6,Wednesday,same_hour_last_week,Airport,Morning,Weekday,1.0,0.4,1.0,0.2,1.0,0.1
3,2025-03-05,6,Wednesday,same_hour_last_week,Non-airport,Morning,Weekday,0.8997363260446966,0.4,0.9194616964180718,0.8,0.9541744663429159,0.85
3,2025-03-05,6,Wednesday,trailing_4_week_profile,Airport,Morning,Weekday,1.0,0.4,1.0,0.2,1.0,0.1
3,2025-03-05,6,Wednesday,trailing_4_week_profile,Non-airport,Morning,Weekday,0.8917446235973093,0.4,0.9155604113882748,0.8,0.9528206536574109,0.85
3,2025-03-05,7,Wednesday,global_popularity,Airport,Morning,Weekday,1.0,0.4,1.0,0.2,1.0,0.1
3,2025-03-05,7,Wednesday,global_popularity,Non-airport,Morning,Weekday,0.7945435074756321,0.6,0.7863454606347233,0.6,0.81034297775968,0.75
3,2025-03-05,7,Wednesday,zone_hour_profile,Airport,Morning,Weekday,1.0,0.4,1.0,0.2,1.0,0.1
3,2025-03-05,7,Wednesday,zone_hour_profile,Non-airport,Morning,Weekday,1.0,1.0,0.9911678119157442,0.9,0.973071877223096,0.85
3,2025-03-05,7,Wednesday,same_hour_last_week,Airport,Morning,Weekday,1.0,0.4,1.0,0.2,1.0,0.1
3,2025-03-05,7,Wednesday,same_hour_last_week,Non-airport,Morning,Weekday,0.9376044269348258,0.6,0.9807859767620144,0.9,0.97223048980462,0.9
3,2025-03-05,7,Wednesday,trailing_4_week_profile,Airport,Morning,Weekday,1.0,0.4,1.0,0.2,1.0,0.1
3,2025-03-05,7,Wednesday,trailing_4_week_profile,Non-airport,Morning,Weekday,0.9977292043646036,1.0,0.9882693070540586,0.9,0.9785917932208565,0.9
3,2025-03-05,8,Wednesday,global_popularity,Airport,Morning,Weekday,1.0,0.4,1.0,0.2,1.0,0.1
3,2025-03-05,8,Wednesday,global_popularity,Non-airport,Morning,Weekday,0.8301430961442698,0.6,0.8544666607807363,0.7,0.8810660312846701,0.8
3,2025-03-05,8,Wednesday,zone_hour_profile,Airport,Morning,Weekday,1.0,0.4,1.0,0.2,1.0,0.1
3,2025-03-05,8,Wednesday,zone_hour_profile,Non-airport,Morning,Weekday,0.9979430200878002,1.0,0.9851565544954227,0.7,0.9773333382075979,0.95
3,2025-03-05,8,Wednesday,same_hour_last_week,Airport,Morning,Weekday,0.9380562792830477,0.4,0.9380562792830477,0.2,0.9380562792830477,0.1
3,2025-03-05,8,Wednesday,same_hour_last_week,Non-airport,Morning,Weekday,0.949826256621493,0.8,0.9813738918268909,0.8,0.9817592638622996,0.9
3,2025-03-05,8,Wednesday,trailing_4_week_profile,Airport,Morning,Weekday,0.9380562792830477,0.4,0.9380562792830477,0.2,0.9380562792830477,0.1
3,2025-03-05,8,Wednesday,trailing_4_week_profile,Non-airport,Morning,Weekday,0.9844055536220969,0.8,0.981207949434966,0.7,0.9758637625919743,0.95
3,2025-03-05,9,Wednesday,global_popularity,Airport,Morning,Weekday,0.837886622579282,0.4,0.837886622579282,0.2,0.837886622579282,0.1
3,2025-03-05,9,Wednesday,global_popularity,Non-airport,Morning,Weekday,0.9273388357842435,1.0,0.9128177625949152,0.7,0.9186654500497126,0.8
3,2025-03-05,9,Wednesday,zone_hour_profile,Airport,Morning,Weekday,1.0,0.4,1.0,0.2,1.0,0.1
3,2025-03-05,9,Wednesday,zone_hour_profile,Non-airport,Morning,Weekday,0.9766745982542773,0.6,0.9782414012226766,0.9,0.9851239635428184,0.95
3,2025-03-05,9,Wednesday,same_hour_last_week,Airport,Morning,Weekday,1.0,0.4,1.0,0.2,1.0,0.1
3,2025-03-05,9,Wednesday,same_hour_last_week,Non-airport,Morning,Weekday,0.9766745982542773,0.6,0.9663662029129557,0.8,0.9866556746278351,0.95
3,2025-03-05,9,Wednesday,trailing_4_week_profile,Airport,Morning,Weekday,1.0,0.4,1.0,0.2,1.0,0.1
3,2025-03-05,9,Wednesday,trailing_4_week_profile,Non-airport,Morning,Weekday,0.9766745982542773,0.6,0.9784524493829929,0.9,0.9898059352015984,0.95
3,2025-03-05,10,Wednesday,global_popularity,Airport,Midday,Weekday,0.8577281096233469,0.4,0.8577281096233469,0.2,0.8577281096233469,0.1
3,2025-03-05,10,Wednesday,global_popularity,Non-airport,Midday,Weekday,0.9718272276911526,1.0,0.9523555407972517,0.6,0.944437289906701,0.8
3,2025-03-05,10,Wednesday,zone_hour_profile,Airport,Midday,Weekday,1.0,0.4,1.0,0.2,1.0,0.1
3,2025-03-05,10,Wednesday,zone_hour_profile,Non-airport,Midday,Weekday,0.9694034328739215,0.8,0.9724346859378221,0.8,0.9881143598334803,0.9
3,2025-03-05,10,Wednesday,same_hour_last_week,Airport,Midday,Weekday,1.0,0.4,1.0,0.2,1.0,0.1
3,2025-03-05,10,Wednesday,same_hour_last_week,Non-airport,Midday,Weekday,0.9725651211784134,0.8,0.9726230649320409,0.8,0.9855051533187688,0.9
3,2025-03-05,10,Wednesday,trailing_4_week_profile,Airport,Midday,Weekday,1.0,0.4,1.0,0.2,1.0,0.1
3,2025-03-05,10,Wednesday,trailing_4_week_profile,Non-airport,Midday,Weekday,0.9694034328739215,0.8,0.9724346859378221,0.8,0.9872413466241075,0.9
3,2025-03-05,11,Wednesday,global_popularity,Airport,Midday,Weekday,0.9438149000851398,0.4,0.9438149000851398,0.2,0.9438149000851398,0.1
3,2025-03-05,11,Wednesday,global_popularity,Non-airport,Midday,Weekday,0.9657590810959656,1.0,0.9245617133605524,0.7,0.9492942246553054,0.85
3,2025-03-05,11,Wednesday,zone_hour_profile,Airport,Midday,Weekday,1.0,0.4,1.0,0.2,1.0,0.1
3,2025-03-05,11,Wednesday,zone_hour_profile,Non-airport,Midday,Weekday,0.9563009526808329,0.8,0.9382358088504533,0.8,0.9809623540858229,0.9
3,2025-03-05,11,Wednesday,same_hour_last_week,Airport,Midday,Weekday,1.0,0.4,1.0,0.2,1.0,0.1
3,2025-03-05,11,Wednesday,same_hour_last_week,Non-airport,Midday,Weekday,0.9449833095695408,0.6,0.9430331124610781,0.8,0.9787557972631125,0.9
3,2025-03-05,11,Wednesday,trailing_4_week_profile,Airport,Midday,Weekday,1.0,0.4,1.0,0.2,1.0,0.1
3,2025-03-05,11,Wednesday,trailing_4_week_profile,Non-airport,Midday,Weekday,0.9563009526808329,0.8,0.9381543731065847,0.8,0.9806013196223591,0.9
3,2025-03-05,12,Wednesday,global_popularity,Airport,Midday,Weekday,1.0,0.6,1.0,0.3,1.0,0.15
3,2025-03-05,12,Wednesday,global_popularity,Non-airport,Midday,Weekday,0.9795765552632743,0.8,0.9690915624447548,0.8,0.9775129473867594,0.85
3,2025-03-05,12,Wednesday,zone_hour_profile,Airport,Midday,Weekday,0.9252469985521403,0.6,0.9252469985521403,0.3,0.9252469985521403,0.15
3,2025-03-05,12,Wednesday,zone_hour_profile,Non-airport,Midday,Weekday,0.9210568003113807,0.8,0.936041814823498,0.9,0.9699294381092359,0.9
3,2025-03-05,12,Wednesday,same_hour_last_week,Airport,Midday,Weekday,0.9252469985521403,0.6,0.9252469985521403,0.3,0.9252469985521403,0.15
3,2025-03-05,12,Wednesday,same_hour_last_week,Non-airport,Midday,Weekday,0.9250110187734701,0.8,0.9199771486904853,0.8,0.9671838453757461,0.95
3,2025-03-05,12,Wednesday,trailing_4_week_profile,Airport,Midday,Weekday,0.9252469985521403,0.6,0.9252469985521403,0.3,0.9252469985521403,0.15
3,2025-03-05,12,Wednesday,trailing_4_week_profile,Non-airport,Midday,Weekday,0.9210568003113807,0.8,0.9358212152565836,0.9,0.9694719154216441,0.95
3,2025-03-05,13,Wednesday,global_popularity,Airport,Midday,Weekday,1.0,0.4,1.0,0.2,1.0,0.1
3,2025-03-05,13,Wednesday,global_popularity,Non-airport,Midday,Weekday,0.9578320982650277,0.6,0.9513482485396412,0.7,0.9654129831204311,0.85
3,2025-03-05,13,Wednesday,zone_hour_profile,Airport,Midday,Weekday,0.9637937238782398,0.4,0.9637937238782398,0.2,0.9637937238782398,0.1
3,2025-03-05,13,Wednesday,zone_hour_profile,Non-airport,Midday,Weekday,0.9397020969395163,0.8,0.9594252126662647,0.8,0.9628083165673418,0.9
3,2025-03-05,13,Wednesday,same_hour_last_week,Airport,Midday,Weekday,0.9637937238782398,0.4,0.9637937238782398,0.2,0.9637937238782398,0.1
3,2025-03-05,13,Wednesday,same_hour_last_week,Non-airport,Midday,Weekday,0.9360423003056302,0.8,0.9655039822260347,0.9,0.9665434456562181,0.95
3,2025-03-05,13,Wednesday,trailing_4_week_profile,Airport,Midday,Weekday,0.9637937238782398,0.4,0.9637937238782398,0.2,0.9637937238782398,0.1
3,2025-03-05,13,Wednesday,trailing_4_week_profile,Non-airport,Midday,Weekday,0.9483649705728445,0.8,0.9423735469209071,0.8,0.9649197475406088,0.9
3,2025-03-05,14,Wednesday,global_popularity,Airport,Midday,Weekday,1.0,0.4,1.0,0.2,1.0,0.1
3,2025-03-05,14,Wednesday,global_popularity,Non-airport,Midday,Weekday,0.9550966404062504,0.8,0.9783190794925333,0.8,0.9710967573081345,0.85
3,2025-03-05,14,Wednesday,zone_hour_profile,Airport,Midday,Weekday,1.0,0.4,1.0,0.2,1.0,0.1
3,2025-03-05,14,Wednesday,zone_hour_profile,Non-airport,Midday,Weekday,0.9406468703589057,0.8,0.9714153724149988,0.8,0.9792367999237156,0.95
3,2025-03-05,14,Wednesday,same_hour_last_week,Airport,Midday,Weekday,0.9918564394823872,0.4,0.9918564394823872,0.2,0.9918564394823872,0.1
3,2025-03-05,14,Wednesday,same_hour_last_week,Non-airport,Midday,Weekday,0.9683656907571595,0.8,0.9753298559415324,0.9,0.9772653037707196,0.9
3,2025-03-05,14,Wednesday,trailing_4_week_profile,Airport,Midday,Weekday,0.9918564394823872,0.4,0.9918564394823872,0.2,0.9918564394823872,0.1
3,2025-03-05,14,Wednesday,trailing_4_week_profile,Non-airport,Midday,Weekday,0.9683656907571595,0.8,0.9510492955152026,0.8,0.9799074987025644,0.95
3,2025-03-05,15,Wednesday,global_popularity,Airport,Midday,Weekday,1.0,0.4,1.0,0.2,1.0,0.1
3,2025-03-05,15,Wednesday,global_popularity,Non-airport,Midday,Weekday,0.9336842562172044,0.8,0.9569500488743943,0.7,0.966314882596343,0.85
3,2025-03-05,15,Wednesday,zone_hour_profile,Airport,Midday,Weekday,1.0,0.4,1.0,0.2,1.0,0.1
3,2025-03-05,15,Wednesday,zone_hour_profile,Non-airport,Midday,Weekday,0.982602722893014,0.8,0.9823386142305923,0.8,0.9863533504750184,0.9
3,2025-03-05,15,Wednesday,same_hour_last_week,Airport,Midday,Weekday,1.0,0.4,1.0,0.2,1.0,0.1
3,2025-03-05,15,Wednesday,same_hour_last_week,Non-airport,Midday,Weekday,0.9782125096317381,0.8,0.9645561772936068,0.8,0.9876791334573201,0.95
3,2025-03-05,15,Wednesday,trailing_4_week_profile,Airport,Midday,Weekday,1.0,0.4,1.0,0.2,1.0,0.1
3,2025-03-05,15,Wednesday,trailing_4_week_profile,Non-airport,Midday,Weekday,0.982602722893014,0.8,0.9683470738050939,0.8,0.9844784117593895,0.9
3,2025-03-05,16,Wednesday,global_popularity,Airport,Evening,Weekday,1.0,0.4,1.0,0.2,1.0,0.1
3,2025-03-05,16,Wednesday,global_popularity,Non-airport,Evening,Weekday,0.9507775324026051,0.8,0.9764360184736202,0.7,0.9760861699143759,0.9
3,2025-03-05,16,Wednesday,zone_hour_profile,Airport,Evening,Weekday,1.0,0.4,1.0,0.2,1.0,0.1
3,2025-03-05,16,Wednesday,zone_hour_profile,Non-airport,Evening,Weekday,0.9999445741298172,1.0,0.9964014851366032,0.9,0.995692531561467,0.95
3,2025-03-05,16,Wednesday,same_hour_last_week,Airport,Evening,Weekday,1.0,0.4,1.0,0.2,1.0,0.1
3,2025-03-05,16,Wednesday,same_hour_last_week,Non-airport,Evening,Weekday,0.9980306733941041,1.0,0.9838467008606102,0.8,0.9906843676172832,0.95
3,2025-03-05,16,Wednesday,trailing_4_week_profile,Airport,Evening,Weekday,1.0,0.4,1.0,0.2,1.0,0.1
3,2025-03-05,16,Wednesday,trailing_4_week_profile,Non-airport,Evening,Weekday,0.9999445741298172,1.0,0.9856396907199626,0.8,0.9983423673055741,1.0
3,2025-03-05,17,Wednesday,global_popularity,Airport,Evening,Weekday,1.0,0.4,1.0,0.2,1.0,0.1
3,2025-03-05,17,Wednesday,global_popularity,Non-airport,Evening,Weekday,0.9546028822521747,0.8,0.9783438651726576,0.8,0.9772878986754691,0.9
3,2025-03-05,17,Wednesday,zone_hour_profile,Airport,Evening,Weekday,1.0,0.4,1.0,0.2,1.0,0.1
3,2025-03-05,17,Wednesday,zone_hour_profile,Non-airport,Evening,Weekday,0.9936167448138697,1.0,0.9889387932649991,0.9,0.9873603431929263,0.9
3,2025-03-05,17,Wednesday,same_hour_last_week,Airport,Evening,Weekday,1.0,0.4,1.0,0.2,1.0,0.1
3,2025-03-05,17,Wednesday,same_hour_last_week,Non-airport,Evening,Weekday,0.9936167448138697,1.0,0.9951555189216086,1.0,0.991865391461527,0.9
3,2025-03-05,17,Wednesday,trailing_4_week_profile,Airport,Evening,Weekday,1.0,0.4,1.0,0.2,1.0,0.1
3,2025-03-05,17,Wednesday,trailing_4_week_profile,Non-airport,Evening,Weekday,0.9936167448138697,1.0,0.9952600884076793,1.0,0.9869377796671867,0.85
3,2025-03-05,18,Wednesday,global_popularity,Airport,Evening,Weekday,1.0,0.4,1.0,0.2,1.0,0.1
3,2025-03-05,18,Wednesday,global_popularity,Non-airport,Evening,Weekday,0.9120140071391822,0.6,0.9413171204071671,0.7,0.9493927541970761,0.85
3,2025-03-05,18,Wednesday,zone_hour_profile,Airport,Evening,Weekday,1.0,0.4,1.0,0.2,1.0,0.1
3,2025-03-05,18,Wednesday,zone_hour_profile,Non-airport,Evening,Weekday,0.8654770465606088,0.6,0.9327426452301174,0.8,0.9491887576190374,0.95
3,2025-03-05,18,Wednesday,same_hour_last_week,Airport,Evening,Weekday,1.0,0.4,1.0,0.2,1.0,0.1
3,2025-03-05,18,Wednesday,same_hour_last_week,Non-airport,Evening,Weekday,0.8920206671033502,0.6,0.9505186118620289,0.8,0.9637526611549079,0.95
3,2025-03-05,18,Wednesday,trailing_4_week_profile,Airport,Evening,Weekday,1.0,0.4,1.0,0.2,1.0,0.1
3,2025-03-05,18,Wednesday,trailing_4_week_profile,Non-airport,Evening,Weekday,0.8654770465606088,0.6,0.9339511305424743,0.8,0.9535339811159174,1.0
3,2025-03-05,19,Wednesday,global_popularity,Airport,Evening,Weekday,1.0,0.4,1.0,0.2,1.0,0.1
3,2025-03-05,19,Wednesday,global_popularity,Non-airport,Evening,Weekday,0.9297043969202718,0.6,0.9539155005340378,0.8,0.9668195895079664,0.9
3,2025-03-05,19,Wednesday,zone_hour_profile,Airport,Evening,Weekday,1.0,0.4,1.0,0.2,1.0,0.1
3,2025-03-05,19,Wednesday,zone_hour_profile,Non-airport,Evening,Weekday,0.9951530268839349,1.0,0.9932824655294366,0.9,0.9911685964120897,0.95
3,2025-03-05,19,Wednesday,same_hour_last_week,Airport,Evening,Weekday,1.0,0.4,1.0,0.2,1.0,0.1
3,2025-03-05,19,Wednesday,same_hour_last_week,Non-airport,Evening,Weekday,0.9747110252660244,0.8,0.9837449694988813,0.8,0.9885625185277744,0.95
3,2025-03-05,19,Wednesday,trailing_4_week_profile,Airport,Evening,Weekday,1.0,0.4,1.0,0.2,1.0,0.1
3,2025-03-05,19,Wednesday,trailing_4_week_profile,Non-airport,Evening,Weekday,0.9951530268839349,1.0,0.9868617738205786,0.8,0.9913750149267212,0.95
3,2025-03-05,20,Wednesday,global_popularity,Airport,Evening,Weekday,1.0,0.4,1.0,0.2,1.0,0.1
3,2025-03-05,20,Wednesday,global_popularity,Non-airport,Evening,Weekday,0.8581914100444464,0.4,0.9197448845343484,0.8,0.9439194409767949,0.85
3,2025-03-05,20,Wednesday,zone_hour_profile,Airport,Evening,Weekday,1.0,0.4,1.0,0.2,1.0,0.1
3,2025-03-05,20,Wednesday,zone_hour_profile,Non-airport,Evening,Weekday,0.9854699778772732,0.8,0.9917292245607927,0.9,0.989710857131878,0.95
3,2025-03-05,20,Wednesday,same_hour_last_week,Airport,Evening,Weekday,1.0,0.4,1.0,0.2,1.0,0.1
3,2025-03-05,20,Wednesday,same_hour_last_week,Non-airport,Evening,Weekday,0.9581223498244166,0.6,0.9840117804660754,0.8,0.9801445209881893,0.9
3,2025-03-05,20,Wednesday,trailing_4_week_profile,Airport,Evening,Weekday,1.0,0.4,1.0,0.2,1.0,0.1
3,2025-03-05,20,Wednesday,trailing_4_week_profile,Non-airport,Evening,Weekday,0.9854699778772732,0.8,0.9795183748003322,0.8,0.984963332953035,0.95
3,2025-03-05,21,Wednesday,global_popularity,Airport,Late evening,Weekday,1.0,0.4,1.0,0.2,1.0,0.1
3,2025-03-05,21,Wednesday,global_popularity,Non-airport,Late evening,Weekday,0.9136064580269672,0.6,0.9422591263585641,0.8,0.946676331546659,0.85
3,2025-03-05,21,Wednesday,zone_hour_profile,Airport,Late evening,Weekday,1.0,0.4,1.0,0.2,1.0,0.1
3,2025-03-05,21,Wednesday,zone_hour_profile,Non-airport,Late evening,Weekday,0.996179820511696,0.8,0.9901294974943657,0.9,0.9940717819637155,0.95
3,2025-03-05,21,Wednesday,same_hour_last_week,Airport,Late evening,Weekday,1.0,0.4,1.0,0.2,1.0,0.1
3,2025-03-05,21,Wednesday,same_hour_last_week,Non-airport,Late evening,Weekday,0.9996012091175792,1.0,0.9952891773211309,0.9,0.994146289515642,0.95
3,2025-03-05,21,Wednesday,trailing_4_week_profile,Airport,Late evening,Weekday,1.0,0.4,1.0,0.2,1.0,0.1
3,2025-03-05,21,Wednesday,trailing_4_week_profile,Non-airport,Late evening,Weekday,0.9953996009748837,0.8,0.9897637235102607,0.9,0.990199253781689,0.95
3,2025-03-05,22,Wednesday,global_popularity,Airport,Late evening,Weekday,1.0,0.4,1.0,0.2,1.0,0.1
3,2025-03-05,22,Wednesday,global_popularity,Non-airport,Late evening,Weekday,0.7707930861129711,0.6,0.8251407254549804,0.6,0.8761144125392321,0.8
3,2025-03-05,22,Wednesday,zone_hour_profile,Airport,Late evening,Weekday,1.0,0.4,1.0,0.2,1.0,0.1
3,2025-03-05,22,Wednesday,zone_hour_profile,Non-airport,Late evening,Weekday,0.9783532082802061,0.8,0.9846275424738357,0.9,0.9941555421812109,0.95
3,2025-03-05,22,Wednesday,same_hour_last_week,Airport,Late evening,Weekday,1.0,0.4,1.0,0.2,1.0,0.1
3,2025-03-05,22,Wednesday,same_hour_last_week,Non-airport,Late evening,Weekday,0.9518649232061398,0.8,0.9417057960638382,0.8,0.9628989383635813,0.9
3,2025-03-05,22,Wednesday,trailing_4_week_profile,Airport,Late evening,Weekday,1.0,0.4,1.0,0.2,1.0,0.1
3,2025-03-05,22,Wednesday,trailing_4_week_profile,Non-airport,Late evening,Weekday,0.9692123766238875,0.6,0.9827374586173225,0.9,0.9859177150061764,0.9
3,2025-03-05,23,Wednesday,global_popularity,Airport,Late evening,Weekday,1.0,0.4,1.0,0.2,1.0,0.1
3,2025-03-05,23,Wednesday,global_popularity,Non-airport,Late evening,Weekday,0.7238718194945086,0.6,0.7423939943222733,0.6,0.8122117307615072,0.75
3,2025-03-05,23,Wednesday,zone_hour_profile,Airport,Late evening,Weekday,1.0,0.4,1.0,0.2,1.0,0.1
3,2025-03-05,23,Wednesday,zone_hour_profile,Non-airport,Late evening,Weekday,0.9625699960631351,0.6,0.9610402622040124,0.8,0.9759970698209232,0.9
3,2025-03-05,23,Wednesday,same_hour_last_week,Airport,Late evening,Weekday,1.0,0.4,1.0,0.2,1.0,0.1
3,2025-03-05,23,Wednesday,same_hour_last_week,Non-airport,Late evening,Weekday,0.9711079273153426,0.6,0.9614773256468985,0.8,0.970667949915807,0.85
3,2025-03-05,23,Wednesday,trailing_4_week_profile,Airport,Late evening,Weekday,1.0,0.4,1.0,0.2,1.0,0.1
3,2025-03-05,23,Wednesday,trailing_4_week_profile,Non-airport,Late evening,Weekday,0.9625699960631351,0.6,0.9567186993886907,0.8,0.9774696621947356,0.9
3,2025-03-06,0,Thursday,global_popularity,Airport,Overnight,Weekday,1.0,0.4,1.0,0.2,1.0,0.1
3,2025-03-06,0,Thursday,global_popularity,Non-airport,Overnight,Weekday,0.6105046446758328,0.4,0.6168929370104969,0.4,0.7408337645988918,0.7
3,2025-03-06,0,Thursday,zone_hour_profile,Airport,Overnight,Weekday,1.0,0.4,1.0,0.2,1.0,0.1
3,2025-03-06,0,Thursday,zone_hour_profile,Non-airport,Overnight,Weekday,0.8203577833604486,0.6,0.90218020349273,0.7,0.9183027481701596,0.85
3,2025-03-06,0,Thursday,same_hour_last_week,Airport,Overnight,Weekday,1.0,0.4,1.0,0.2,1.0,0.1
3,2025-03-06,0,Thursday,same_hour_last_week,Non-airport,Overnight,Weekday,0.6622555471884968,0.6,0.8093576189655857,0.7,0.841876227883868,0.85
3,2025-03-06,0,Thursday,trailing_4_week_profile,Airport,Overnight,Weekday,1.0,0.4,1.0,0.2,1.0,0.1
3,2025-03-06,0,Thursday,trailing_4_week_profile,Non-airport,Overnight,Weekday,0.696593318811393,0.4,0.8510640677943683,0.7,0.8681630385975311,0.8
3,2025-03-06,1,Thursday,global_popularity,Airport,Overnight,Weekday,1.0,0.4,1.0,0.2,1.0,0.1
3,2025-03-06,1,Thursday,global_popularity,Non-airport,Overnight,Weekday,0.5195541619317429,0.2,0.5257569823665161,0.3,0.6830786973958528,0.7
3,2025-03-06,1,Thursday,zone_hour_profile,Airport,Overnight,Weekday,1.0,0.4,1.0,0.2,1.0,0.1
3,2025-03-06,1,Thursday,zone_hour_profile,Non-airport,Overnight,Weekday,0.8889745770779257,0.6,0.9013794970100597,0.8,0.9146088535688122,0.9
3,2025-03-06,1,Thursday,same_hour_last_week,Airport,Overnight,Weekday,1.0,0.4,1.0,0.2,1.0,0.1
3,2025-03-06,1,Thursday,same_hour_last_week,Non-airport,Overnight,Weekday,0.8969885136615449,0.8,0.8982375397068916,0.8,0.9112129817792789,0.9
3,2025-03-06,1,Thursday,trailing_4_week_profile,Airport,Overnight,Weekday,1.0,0.4,1.0,0.2,1.0,0.1
3,2025-03-06,1,Thursday,trailing_4_week_profile,Non-airport,Overnight,Weekday,0.9071693437342734,0.6,0.9340367595366007,0.8,0.9380572715974047,0.85
3,2025-03-06,2,Thursday,global_popularity,Airport,Overnight,Weekday,0.8386083142665978,0.4,0.8386083142665978,0.2,0.8386083142665978,0.1
3,2025-03-06,2,Thursday,global_popularity,Non-airport,Overnight,Weekday,0.45835264982156526,0.4,0.4803722346212094,0.3,0.588882524285307,0.55
3,2025-03-06,2,Thursday,zone_hour_profile,Airport,Overnight,Weekday,0.8386083142665978,0.4,0.8386083142665978,0.2,0.8386083142665978,0.1
3,2025-03-06,2,Thursday,zone_hour_profile,Non-airport,Overnight,Weekday,0.8708089488314059,0.4,0.8941416702991214,0.5,0.8901942916989202,0.75
3,2025-03-06,2,Thursday,same_hour_last_week,Airport,Overnight,Weekday,0.7361799961596224,0.4,0.7361799961596224,0.2,0.7361799961596224,0.1
3,2025-03-06,2,Thursday,same_hour_last_week,Non-airport,Overnight,Weekday,0.6890082035310086,0.4,0.7749733655222488,0.6,0.7625303975029859,0.7
3,2025-03-06,2,Thursday,trailing_4_week_profile,Airport,Overnight,Weekday,1.0,0.4,1.0,0.2,1.0,0.1
3,2025-03-06,2,Thursday,trailing_4_week_profile,Non-airport,Overnight,Weekday,0.9186025851083115,0.6,0.898847915356984,0.5,0.9044378133694306,0.8
3,2025-03-06,3,Thursday,global_popularity,Airport,Overnight,Weekday,1.0,0.4,1.0,0.2,1.0,0.1
3,2025-03-06,3,Thursday,global_popularity,Non-airport,Overnight,Weekday,0.3172475558379706,0.2,0.34432173884630557,0.2,0.5171566580497025,0.45
3,2025-03-06,3,Thursday,zone_hour_profile,Airport,Overnight,Weekday,1.0,0.4,1.0,0.2,1.0,0.1
3,2025-03-06,3,Thursday,zone_hour_profile,Non-airport,Overnight,Weekday,0.9539676938338223,1.0,0.8615777683775393,0.6,0.8367804214649827,0.55
3,2025-03-06,3,Thursday,same_hour_last_week,Airport,Overnight,Weekday,0.996602953063222,0.4,0.996602953063222,0.2,0.996602953063222,0.1
3,2025-03-06,3,Thursday,same_hour_last_week,Non-airport,Overnight,Weekday,0.8150908441687641,0.6,0.8380534075671274,0.6,0.8299521230792557,0.6
3,2025-03-06,3,Thursday,trailing_4_week_profile,Airport,Overnight,Weekday,1.0,0.4,1.0,0.2,1.0,0.1
3,2025-03-06,3,Thursday,trailing_4_week_profile,Non-airport,Overnight,Weekday,0.8431856059445192,0.8,0.8448870882440813,0.6,0.8672703054996383,0.65
3,2025-03-06,4,Thursday,global_popularity,Airport,Overnight,Weekday,1.0,0.4,1.0,0.2,1.0,0.1
3,2025-03-06,4,Thursday,global_popularity,Non-airport,Overnight,Weekday,0.5376289870207505,0.2,0.6046772417915377,0.4,0.7364791176024197,0.7
3,2025-03-06,4,Thursday,zone_hour_profile,Airport,Overnight,Weekday,1.0,0.4,1.0,0.2,1.0,0.1
3,2025-03-06,4,Thursday,zone_hour_profile,Non-airport,Overnight,Weekday,0.7374116962846837,0.4,0.787371630838531,0.5,0.8499295274362453,0.75
3,2025-03-06,4,Thursday,same_hour_last_week,Airport,Overnight,Weekday,0.9954296070696431,0.4,0.9954296070696431,0.2,0.9954296070696431,0.1
3,2025-03-06,4,Thursday,same_hour_last_week,Non-airport,Overnight,Weekday,0.6697883778098277,0.4,0.7276098820140993,0.5,0.7877710117933423,0.7
3,2025-03-06,4,Thursday,trailing_4_week_profile,Airport,Overnight,Weekday,0.9954296070696431,0.4,0.9954296070696431,0.2,0.9954296070696431,0.1
3,2025-03-06,4,Thursday,trailing_4_week_profile,Non-airport,Overnight,Weekday,0.7374116962846837,0.4,0.7719764554857245,0.5,0.8520452590334893,0.75
3,2025-03-06,5,Thursday,global_popularity,Airport,Overnight,Weekday,1.0,0.2,1.0,0.1,1.0,0.05
3,2025-03-06,5,Thursday,global_popularity,Non-airport,Overnight,Weekday,0.7356374466859958,0.6,0.7396844698926869,0.6,0.7753202797260194,0.75
3,2025-03-06,5,Thursday,zone_hour_profile,Airport,Overnight,Weekday,1.0,0.2,1.0,0.1,1.0,0.05
3,2025-03-06,5,Thursday,zone_hour_profile,Non-airport,Overnight,Weekday,0.7392347735366559,0.4,0.7455080036290268,0.6,0.8192154822461118,0.7
3,2025-03-06,5,Thursday,same_hour_last_week,Airport,Overnight,Weekday,1.0,0.2,1.0,0.1,1.0,0.05
3,2025-03-06,5,Thursday,same_hour_last_week,Non-airport,Overnight,Weekday,0.7082279662768594,0.4,0.8201802336392133,0.6,0.8346921707459618,0.75
3,2025-03-06,5,Thursday,trailing_4_week_profile,Airport,Overnight,Weekday,1.0,0.2,1.0,0.1,1.0,0.05
3,2025-03-06,5,Thursday,trailing_4_week_profile,Non-airport,Overnight,Weekday,0.7282324189429908,0.4,0.7203361698527688,0.5,0.821921572118703,0.75
3,2025-03-06,6,Thursday,global_popularity,Airport,Morning,Weekday,1.0,0.4,1.0,0.2,1.0,0.1
3,2025-03-06,6,Thursday,global_popularity,Non-airport,Morning,Weekday,0.7114555810472288,0.4,0.7359665523347637,0.6,0.8019402650422118,0.8
3,2025-03-06,6,Thursday,zone_hour_profile,Airport,Morning,Weekday,1.0,0.4,1.0,0.2,1.0,0.1
3,2025-03-06,6,Thursday,zone_hour_profile,Non-airport,Morning,Weekday,0.9056591828446688,0.6,0.9146404495557018,0.8,0.9452992657335975,0.85
3,2025-03-06,6,Thursday,same_hour_last_week,Airport,Morning,Weekday,1.0,0.4,1.0,0.2,1.0,0.1
3,2025-03-06,6,Thursday,same_hour_last_week,Non-airport,Morning,Weekday,0.8524416524109004,0.4,0.8941661275257846,0.8,0.933786234352849,0.85
3,2025-03-06,6,Thursday,trailing_4_week_profile,Airport,Morning,Weekday,1.0,0.4,1.0,0.2,1.0,0.1
3,2025-03-06,6,Thursday,trailing_4_week_profile,Non-airport,Morning,Weekday,0.9028025245477819,0.6,0.9128760971444269,0.8,0.9467266550186132,0.9
3,2025-03-06,7,Thursday,global_popularity,Airport,Morning,Weekday,1.0,0.4,1.0,0.2,1.0,0.1
3,2025-03-06,7,Thursday,global_popularity,Non-airport,Morning,Weekday,0.7277815353884994,0.6,0.7662203328113889,0.6,0.8081257701312952,0.75
3,2025-03-06,7,Thursday,zone_hour_profile,Airport,Morning,Weekday,1.0,0.4,1.0,0.2,1.0,0.1
3,2025-03-06,7,Thursday,zone_hour_profile,Non-airport,Morning,Weekday,0.9548899757316149,0.8,0.9913269280017276,1.0,0.9858274980243192,0.95
3,2025-03-06,7,Thursday,same_hour_last_week,Airport,Morning,Weekday,1.0,0.4,1.0,0.2,1.0,0.1
3,2025-03-06,7,Thursday,same_hour_last_week,Non-airport,Morning,Weekday,0.9576982698791106,0.8,0.9850665317275636,0.9,0.9837547287755819,0.9
3,2025-03-06,7,Thursday,trailing_4_week_profile,Airport,Morning,Weekday,1.0,0.4,1.0,0.2,1.0,0.1
3,2025-03-06,7,Thursday,trailing_4_week_profile,Non-airport,Morning,Weekday,0.9548899757316149,0.8,0.9813704371482197,0.9,0.9808720328597536,0.95
3,2025-03-06,8,Thursday,global_popularity,Airport,Morning,Weekday,1.0,0.4,1.0,0.2,1.0,0.1
3,2025-03-06,8,Thursday,global_popularity,Non-airport,Morning,Weekday,0.799271889941374,0.6,0.8253725492848202,0.6,0.8616677188432429,0.8
3,2025-03-06,8,Thursday,zone_hour_profile,Airport,Morning,Weekday,1.0,0.4,1.0,0.2,1.0,0.1
3,2025-03-06,8,Thursday,zone_hour_profile,Non-airport,Morning,Weekday,0.9927518817383715,0.8,0.9820012212001009,0.9,0.9964553688223058,1.0
3,2025-03-06,8,Thursday,same_hour_last_week,Airport,Morning,Weekday,1.0,0.4,1.0,0.2,1.0,0.1
3,2025-03-06,8,Thursday,same_hour_last_week,Non-airport,Morning,Weekday,0.9767894780117636,0.8,0.9782937378279479,0.9,0.9923902397871711,0.95
3,2025-03-06,8,Thursday,trailing_4_week_profile,Airport,Morning,Weekday,1.0,0.4,1.0,0.2,1.0,0.1
3,2025-03-06,8,Thursday,trailing_4_week_profile,Non-airport,Morning,Weekday,0.991955639832433,0.8,0.9817889247115633,0.9,0.9963003915837402,1.0
3,2025-03-06,9,Thursday,global_popularity,Airport,Morning,Weekday,0.8463650419511847,0.4,0.8463650419511847,0.2,0.8463650419511847,0.1
3,2025-03-06,9,Thursday,global_popularity,Non-airport,Morning,Weekday,0.9215677379995052,0.8,0.9131150161964571,0.7,0.9284428648244926,0.8
3,2025-03-06,9,Thursday,zone_hour_profile,Airport,Morning,Weekday,1.0,0.4,1.0,0.2,1.0,0.1
3,2025-03-06,9,Thursday,zone_hour_profile,Non-airport,Morning,Weekday,0.9783121941315617,0.8,0.9813394800532741,0.8,0.9893628019671792,0.95
3,2025-03-06,9,Thursday,same_hour_last_week,Airport,Morning,Weekday,1.0,0.4,1.0,0.2,1.0,0.1
3,2025-03-06,9,Thursday,same_hour_last_week,Non-airport,Morning,Weekday,0.9650369078521365,0.8,0.9775677862268258,0.8,0.985248604839138,0.9
3,2025-03-06,9,Thursday,trailing_4_week_profile,Airport,Morning,Weekday,1.0,0.4,1.0,0.2,1.0,0.1
3,2025-03-06,9,Thursday,trailing_4_week_profile,Non-airport,Morning,Weekday,0.9783121941315617,0.8,0.9785445240317104,0.8,0.9864963811272432,0.95
3,2025-03-06,10,Thursday,global_popularity,Airport,Midday,Weekday,0.8489231508596895,0.4,0.8489231508596895,0.2,0.8489231508596895,0.1
3,2025-03-06,10,Thursday,global_popularity,Non-airport,Midday,Weekday,0.9741423119934978,0.8,0.9563633543056757,0.7,0.9625216339748107,0.9
3,2025-03-06,10,Thursday,zone_hour_profile,Airport,Midday,Weekday,1.0,0.4,1.0,0.2,1.0,0.1
3,2025-03-06,10,Thursday,zone_hour_profile,Non-airport,Midday,Weekday,0.9691124303819921,0.8,0.9478623187076336,0.8,0.9842023078894659,0.95
3,2025-03-06,10,Thursday,same_hour_last_week,Airport,Midday,Weekday,1.0,0.4,1.0,0.2,1.0,0.1
3,2025-03-06,10,Thursday,same_hour_last_week,Non-airport,Midday,Weekday,0.9234818202094726,0.6,0.9437929143646911,0.8,0.9736966258608356,0.9
3,2025-03-06,10,Thursday,trailing_4_week_profile,Airport,Midday,Weekday,1.0,0.4,1.0,0.2,1.0,0.1
3,2025-03-06,10,Thursday,trailing_4_week_profile,Non-airport,Midday,Weekday,0.9627465282450686,0.8,0.9412853954561403,0.8,0.9761872267248547,0.95
3,2025-03-06,11,Thursday,global_popularity,Airport,Midday,Weekday,0.9019035858756481,0.4,0.9019035858756481,0.2,0.9019035858756481,0.1
3,2025-03-06,11,Thursday,global_popularity,Non-airport,Midday,Weekday,0.9996976149051113,1.0,0.9667794552147725,0.7,0.9675583769062425,0.85
3,2025-03-06,11,Thursday,zone_hour_profile,Airport,Midday,Weekday,1.0,0.4,1.0,0.2,1.0,0.1
3,2025-03-06,11,Thursday,zone_hour_profile,Non-airport,Midday,Weekday,0.9901003442990092,0.8,0.9796955559430106,0.9,0.9883224511891168,0.95
3,2025-03-06,11,Thursday,same_hour_last_week,Airport,Midday,Weekday,1.0,0.4,1.0,0.2,1.0,0.1
3,2025-03-06,11,Thursday,same_hour_last_week,Non-airport,Midday,Weekday,0.9820611004461512,0.8,0.9543411535135548,0.8,0.9810621861156741,0.9
3,2025-03-06,11,Thursday,trailing_4_week_profile,Airport,Midday,Weekday,1.0,0.4,1.0,0.2,1.0,0.1
3,2025-03-06,11,Thursday,trailing_4_week_profile,Non-airport,Midday,Weekday,0.9901003442990092,0.8,0.9608314628954365,0.8,0.9874939926377928,0.95
3,2025-03-06,12,Thursday,global_popularity,Airport,Midday,Weekday,1.0,0.4,1.0,0.2,1.0,0.1
3,2025-03-06,12,Thursday,global_popularity,Non-airport,Midday,Weekday,0.983138681363717,0.8,0.9680205521387596,0.8,0.9755339332680605,0.9
3,2025-03-06,12,Thursday,zone_hour_profile,Airport,Midday,Weekday,0.9256038647098918,0.4,0.9256038647098918,0.2,0.9256038647098918,0.1
3,2025-03-06,12,Thursday,zone_hour_profile,Non-airport,Midday,Weekday,0.9831239174753198,0.8,0.9668236647895082,0.9,0.9920632380402312,0.9
3,2025-03-06,12,Thursday,same_hour_last_week,Airport,Midday,Weekday,1.0,0.4,1.0,0.2,1.0,0.1
3,2025-03-06,12,Thursday,same_hour_last_week,Non-airport,Midday,Weekday,0.9831239174753198,0.8,0.9669010087377533,0.9,0.9929421869007249,1.0
3,2025-03-06,12,Thursday,trailing_4_week_profile,Airport,Midday,Weekday,1.0,0.4,1.0,0.2,1.0,0.1
3,2025-03-06,12,Thursday,trailing_4_week_profile,Non-airport,Midday,Weekday,0.9652033036975423,0.8,0.964122846189515,0.9,0.9848105467553735,0.9
3,2025-03-06,13,Thursday,global_popularity,Airport,Midday,Weekday,0.9435705088040036,0.4,0.9435705088040036,0.2,0.9435705088040036,0.1
3,2025-03-06,13,Thursday,global_popularity,Non-airport,Midday,Weekday,0.9595230838338349,0.8,0.9747427391095913,0.8,0.9647771581723761,0.85
3,2025-03-06,13,Thursday,zone_hour_profile,Airport,Midday,Weekday,1.0,0.4,1.0,0.2,1.0,0.1
3,2025-03-06,13,Thursday,zone_hour_profile,Non-airport,Midday,Weekday,0.9656378593137406,1.0,0.9675113197397178,0.9,0.9729932583816703,0.95
3,2025-03-06,13,Thursday,same_hour_last_week,Airport,Midday,Weekday,1.0,0.4,1.0,0.2,1.0,0.1
3,2025-03-06,13,Thursday,same_hour_last_week,Non-airport,Midday,Weekday,0.9993691186024529,1.0,0.9930437014043528,0.9,0.9842470597658649,0.9
3,2025-03-06,13,Thursday,trailing_4_week_profile,Airport,Midday,Weekday,1.0,0.4,1.0,0.2,1.0,0.1
3,2025-03-06,13,Thursday,trailing_4_week_profile,Non-airport,Midday,Weekday,0.9656378593137406,1.0,0.9652759784896651,0.8,0.9622998193469238,0.9
3,2025-03-06,14,Thursday,global_popularity,Airport,Midday,Weekday,1.0,0.4,1.0,0.2,1.0,0.1
3,2025-03-06,14,Thursday,global_popularity,Non-airport,Midday,Weekday,0.970924608770117,0.8,0.9790686669084101,0.8,0.9698487902454215,0.8
3,2025-03-06,14,Thursday,zone_hour_profile,Airport,Midday,Weekday,0.9408183598874791,0.4,0.9408183598874791,0.2,0.9408183598874791,0.1
3,2025-03-06,14,Thursday,zone_hour_profile,Non-airport,Midday,Weekday,0.9599126114212387,0.8,0.945896198957504,0.8,0.9732771258107819,0.85
3,2025-03-06,14,Thursday,same_hour_last_week,Airport,Midday,Weekday,0.9408183598874791,0.4,0.9408183598874791,0.2,0.9408183598874791,0.1
3,2025-03-06,14,Thursday,same_hour_last_week,Non-airport,Midday,Weekday,0.9478590406963565,0.8,0.9444097333275121,0.8,0.9743385136728954,0.9
3,2025-03-06,14,Thursday,trailing_4_week_profile,Airport,Midday,Weekday,0.9408183598874791,0.4,0.9408183598874791,0.2,0.9408183598874791,0.1
3,2025-03-06,14,Thursday,trailing_4_week_profile,Non-airport,Midday,Weekday,0.9478590406963565,0.8,0.9444097333275121,0.8,0.9727085051344988,0.85
3,2025-03-06,15,Thursday,global_popularity,Airport,Midday,Weekday,1.0,0.4,1.0,0.2,1.0,0.1
3,2025-03-06,15,Thursday,global_popularity,Non-airport,Midday,Weekday,0.9633055363326993,0.8,0.9766531129707338,0.7,0.9633920431305871,0.85
3,2025-03-06,15,Thursday,zone_hour_profile,Airport,Midday,Weekday,1.0,0.4,1.0,0.2,1.0,0.1
3,2025-03-06,15,Thursday,zone_hour_profile,Non-airport,Midday,Weekday,0.9742290880071227,0.8,0.9668388334414212,0.8,0.9834875901785167,0.9
3,2025-03-06,15,Thursday,same_hour_last_week,Airport,Midday,Weekday,1.0,0.4,1.0,0.2,1.0,0.1
3,2025-03-06,15,Thursday,same_hour_last_week,Non-airport,Midday,Weekday,0.9652865026190721,0.8,0.9607840876787707,0.8,0.9812567708257774,0.95
3,2025-03-06,15,Thursday,trailing_4_week_profile,Airport,Midday,Weekday,1.0,0.4,1.0,0.2,1.0,0.1
3,2025-03-06,15,Thursday,trailing_4_week_profile,Non-airport,Midday,Weekday,0.9742290880071227,0.8,0.9654290691057006,0.8,0.9855851789594858,0.95
3,2025-03-06,16,Thursday,global_popularity,Airport,Evening,Weekday,1.0,0.4,1.0,0.2,1.0,0.1
3,2025-03-06,16,Thursday,global_popularity,Non-airport,Evening,Weekday,0.971999978212114,0.8,0.9714883160121781,0.7,0.9631402309610925,0.8
3,2025-03-06,16,Thursday,zone_hour_profile,Airport,Evening,Weekday,1.0,0.4,1.0,0.2,1.0,0.1
3,2025-03-06,16,Thursday,zone_hour_profile,Non-airport,Evening,Weekday,0.9799350562380371,0.8,0.987995249990155,0.8,0.9942135833316402,0.9
3,2025-03-06,16,Thursday,same_hour_last_week,Airport,Evening,Weekday,1.0,0.4,1.0,0.2,1.0,0.1
3,2025-03-06,16,Thursday,same_hour_last_week,Non-airport,Evening,Weekday,0.9799350562380371,0.8,0.991142700041807,0.9,0.9925373373068961,0.9
3,2025-03-06,16,Thursday,trailing_4_week_profile,Airport,Evening,Weekday,1.0,0.4,1.0,0.2,1.0,0.1
3,2025-03-06,16,Thursday,trailing_4_week_profile,Non-airport,Evening,Weekday,0.9799350562380371,0.8,0.9923785970132002,0.9,0.9964139788917159,0.95
3,2025-03-06,17,Thursday,global_popularity,Airport,Evening,Weekday,1.0,0.4,1.0,0.2,1.0,0.1
3,2025-03-06,17,Thursday,global_popularity,Non-airport,Evening,Weekday,0.906618823532384,0.6,0.948275775813926,0.8,0.9476084481434023,0.8
3,2025-03-06,17,Thursday,zone_hour_profile,Airport,Evening,Weekday,1.0,0.4,1.0,0.2,1.0,0.1
3,2025-03-06,17,Thursday,zone_hour_profile,Non-airport,Evening,Weekday,0.9895042021862053,1.0,0.9906111089739643,0.9,0.9822462876188702,0.9
3,2025-03-06,17,Thursday,same_hour_last_week,Airport,Evening,Weekday,1.0,0.4,1.0,0.2,1.0,0.1
3,2025-03-06,17,Thursday,same_hour_last_week,Non-airport,Evening,Weekday,0.9932469384571779,0.8,0.9964750682310398,0.9,0.9947005198865774,0.95
3,2025-03-06,17,Thursday,trailing_4_week_profile,Airport,Evening,Weekday,1.0,0.4,1.0,0.2,1.0,0.1
3,2025-03-06,17,Thursday,trailing_4_week_profile,Non-airport,Evening,Weekday,1.0,1.0,0.9984500890676784,0.9,0.9965181862648649,0.95
3,2025-03-06,18,Thursday,global_popularity,Airport,Evening,Weekday,0.9967111925934616,0.4,0.9967111925934616,0.2,0.9967111925934616,0.1
3,2025-03-06,18,Thursday,global_popularity,Non-airport,Evening,Weekday,0.9451071433241343,0.8,0.9630825878657602,0.7,0.9688170746425355,0.85
3,2025-03-06,18,Thursday,zone_hour_profile,Airport,Evening,Weekday,0.9967111925934616,0.4,0.9967111925934616,0.2,0.9967111925934616,0.1
3,2025-03-06,18,Thursday,zone_hour_profile,Non-airport,Evening,Weekday,0.9994614623787483,1.0,0.9990336994397528,0.9,0.9987544722982344,0.95
3,2025-03-06,18,Thursday,same_hour_last_week,Airport,Evening,Weekday,1.0,0.4,1.0,0.2,1.0,0.1
3,2025-03-06,18,Thursday,same_hour_last_week,Non-airport,Evening,Weekday,0.9901948250670934,0.8,0.996485174015187,1.0,0.9905464114209268,0.9
3,2025-03-06,18,Thursday,trailing_4_week_profile,Airport,Evening,Weekday,1.0,0.4,1.0,0.2,1.0,0.1
3,2025-03-06,18,Thursday,trailing_4_week_profile,Non-airport,Evening,Weekday,0.9907027602470999,0.8,0.9980280233540217,0.9,0.9942138000905963,0.9
3,2025-03-06,19,Thursday,global_popularity,Airport,Evening,Weekday,1.0,0.4,1.0,0.2,1.0,0.1
3,2025-03-06,19,Thursday,global_popularity,Non-airport,Evening,Weekday,0.913331160026217,0.6,0.9501735951997299,0.8,0.9681280855474799,0.9
3,2025-03-06,19,Thursday,zone_hour_profile,Airport,Evening,Weekday,1.0,0.4,1.0,0.2,1.0,0.1
3,2025-03-06,19,Thursday,zone_hour_profile,Non-airport,Evening,Weekday,0.9982854850501848,1.0,0.9987230164852221,1.0,0.9958322815644618,0.95
3,2025-03-06,19,Thursday,same_hour_last_week,Airport,Evening,Weekday,1.0,0.4,1.0,0.2,1.0,0.1
3,2025-03-06,19,Thursday,same_hour_last_week,Non-airport,Evening,Weekday,0.9971179518287118,0.8,0.9920465212467672,0.9,0.9888031488206005,0.85
3,2025-03-06,19,Thursday,trailing_4_week_profile,Airport,Evening,Weekday,1.0,0.4,1.0,0.2,1.0,0.1
3,2025-03-06,19,Thursday,trailing_4_week_profile,Non-airport,Evening,Weekday,0.9971179518287118,0.8,0.9996478787836901,0.9,0.995507065989258,0.95
3,2025-03-06,20,Thursday,global_popularity,Airport,Evening,Weekday,1.0,0.4,1.0,0.2,1.0,0.1
3,2025-03-06,20,Thursday,global_popularity,Non-airport,Evening,Weekday,0.8890445375973882,0.6,0.9209871430300913,0.6,0.9457042098641673,0.85
3,2025-03-06,20,Thursday,zone_hour_profile,Airport,Evening,Weekday,1.0,0.4,1.0,0.2,1.0,0.1
3,2025-03-06,20,Thursday,zone_hour_profile,Non-airport,Evening,Weekday,0.9950455858035318,1.0,0.9886341708862095,0.9,0.988784379291954,0.9
3,2025-03-06,20,Thursday,same_hour_last_week,Airport,Evening,Weekday,1.0,0.4,1.0,0.2,1.0,0.1
3,2025-03-06,20,Thursday,same_hour_last_week,Non-airport,Evening,Weekday,0.9883886525731805,0.8,0.9899723940062556,0.9,0.9903459285848395,0.9
3,2025-03-06,20,Thursday,trailing_4_week_profile,Airport,Evening,Weekday,1.0,0.4,1.0,0.2,1.0,0.1
3,2025-03-06,20,Thursday,trailing_4_week_profile,Non-airport,Evening,Weekday,0.9983621574461469,1.0,0.9912233759668385,0.9,0.9908098626615714,0.9
3,2025-03-06,21,Thursday,global_popularity,Airport,Late evening,Weekday,1.0,0.4,1.0,0.2,1.0,0.1
3,2025-03-06,21,Thursday,global_popularity,Non-airport,Late evening,Weekday,0.884972371551597,0.6,0.9228398698232608,0.7,0.9388198438127704,0.8
3,2025-03-06,21,Thursday,zone_hour_profile,Airport,Late evening,Weekday,1.0,0.4,1.0,0.2,1.0,0.1
3,2025-03-06,21,Thursday,zone_hour_profile,Non-airport,Late evening,Weekday,0.9949057557941041,0.8,0.9891315497605292,0.8,0.9975414095272701,0.95
3,2025-03-06,21,Thursday,same_hour_last_week,Airport,Late evening,Weekday,1.0,0.4,1.0,0.2,1.0,0.1
3,2025-03-06,21,Thursday,same_hour_last_week,Non-airport,Late evening,Weekday,0.9863765402384544,0.8,0.9886693602249301,0.9,0.9925774046558709,0.95
3,2025-03-06,21,Thursday,trailing_4_week_profile,Airport,Late evening,Weekday,1.0,0.4,1.0,0.2,1.0,0.1
3,2025-03-06,21,Thursday,trailing_4_week_profile,Non-airport,Late evening,Weekday,0.9949057557941041,0.8,0.9951902290804121,0.9,0.9986839221069049,0.95
3,2025-03-06,22,Thursday,global_popularity,Airport,Late evening,Weekday,1.0,0.4,1.0,0.2,1.0,0.1
3,2025-03-06,22,Thursday,global_popularity,Non-airport,Late evening,Weekday,0.8058793897223888,0.4,0.8212302255500388,0.7,0.8875996108090205,0.75
3,2025-03-06,22,Thursday,zone_hour_profile,Airport,Late evening,Weekday,1.0,0.4,1.0,0.2,1.0,0.1
3,2025-03-06,22,Thursday,zone_hour_profile,Non-airport,Late evening,Weekday,0.9851206338128262,0.8,0.9936706077061607,0.9,0.9885751870450604,0.9
3,2025-03-06,22,Thursday,same_hour_last_week,Airport,Late evening,Weekday,1.0,0.4,1.0,0.2,1.0,0.1
3,2025-03-06,22,Thursday,same_hour_last_week,Non-airport,Late evening,Weekday,0.8841799343916593,0.6,0.9277493166897001,1.0,0.9341332796649371,0.9
3,2025-03-06,22,Thursday,trailing_4_week_profile,Airport,Late evening,Weekday,1.0,0.4,1.0,0.2,1.0,0.1
3,2025-03-06,22,Thursday,trailing_4_week_profile,Non-airport,Late evening,Weekday,0.9833397591324681,0.6,0.9925886817574184,0.9,0.9904941298585815,0.95
3,2025-03-06,23,Thursday,global_popularity,Airport,Late evening,Weekday,0.9753985258300025,0.4,0.9753985258300025,0.2,0.9753985258300025,0.1
3,2025-03-06,23,Thursday,global_popularity,Non-airport,Late evening,Weekday,0.6443486026648397,0.4,0.7007331874822772,0.5,0.7994890886881001,0.75
3,2025-03-06,23,Thursday,zone_hour_profile,Airport,Late evening,Weekday,0.9753985258300025,0.4,0.9753985258300025,0.2,0.9753985258300025,0.1
3,2025-03-06,23,Thursday,zone_hour_profile,Non-airport,Late evening,Weekday,0.9994559108521979,1.0,0.9980689239463855,0.9,0.9894635378124302,0.9
3,2025-03-06,23,Thursday,same_hour_last_week,Airport,Late evening,Weekday,1.0,0.4,1.0,0.2,1.0,0.1
3,2025-03-06,23,Thursday,same_hour_last_week,Non-airport,Late evening,Weekday,0.9855191480376816,0.8,0.9803666973483758,0.8,0.9829502598872969,0.9
3,2025-03-06,23,Thursday,trailing_4_week_profile,Airport,Late evening,Weekday,1.0,0.4,1.0,0.2,1.0,0.1
3,2025-03-06,23,Thursday,trailing_4_week_profile,Non-airport,Late evening,Weekday,0.9994559108521979,1.0,0.9768876240825929,0.7,0.9900530825097057,0.9
3,2025-03-07,0,Friday,global_popularity,Airport,Overnight,Weekday,1.0,0.4,1.0,0.2,1.0,0.1
3,2025-03-07,0,Friday,global_popularity,Non-airport,Overnight,Weekday,0.6223512047231274,0.2,0.6769851247338402,0.5,0.775576556720922,0.75
3,2025-03-07,0,Friday,zone_hour_profile,Airport,Overnight,Weekday,1.0,0.4,1.0,0.2,1.0,0.1
3,2025-03-07,0,Friday,zone_hour_profile,Non-airport,Overnight,Weekday,0.9455169317191454,0.6,0.928737229454503,0.7,0.9304494151220664,0.9
3,2025-03-07,0,Friday,same_hour_last_week,Airport,Overnight,Weekday,1.0,0.4,1.0,0.2,1.0,0.1
3,2025-03-07,0,Friday,same_hour_last_week,Non-airport,Overnight,Weekday,0.971490392859313,0.8,0.925511135504102,0.6,0.9266800242073904,0.85
3,2025-03-07,0,Friday,trailing_4_week_profile,Airport,Overnight,Weekday,1.0,0.4,1.0,0.2,1.0,0.1
3,2025-03-07,0,Friday,trailing_4_week_profile,Non-airport,Overnight,Weekday,0.9079358985788841,0.6,0.9218862874002005,0.6,0.9301197381493924,0.9
3,2025-03-07,1,Friday,global_popularity,Airport,Overnight,Weekday,1.0,0.4,1.0,0.2,1.0,0.1
3,2025-03-07,1,Friday,global_popularity,Non-airport,Overnight,Weekday,0.29144913491886193,0.0,0.3320407291396952,0.1,0.5452037578889806,0.65
3,2025-03-07,1,Friday,zone_hour_profile,Airport,Overnight,Weekday,1.0,0.4,1.0,0.2,1.0,0.1
3,2025-03-07,1,Friday,zone_hour_profile,Non-airport,Overnight,Weekday,0.9939202043854272,1.0,0.9599990826705193,0.8,0.96870252469615,0.85
3,2025-03-07,1,Friday,same_hour_last_week,Airport,Overnight,Weekday,0.9861661377725274,0.4,0.9861661377725274,0.2,0.9861661377725274,0.1
3,2025-03-07,1,Friday,same_hour_last_week,Non-airport,Overnight,Weekday,0.9813089316134623,0.8,0.9348203889147343,0.7,0.9678905972734831,0.8
3,2025-03-07,1,Friday,trailing_4_week_profile,Airport,Overnight,Weekday,1.0,0.4,1.0,0.2,1.0,0.1
3,2025-03-07,1,Friday,trailing_4_week_profile,Non-airport,Overnight,Weekday,0.9410599711432842,1.0,0.950485467315118,0.9,0.9436370462357059,0.85
3,2025-03-07,2,Friday,global_popularity,Airport,Overnight,Weekday,1.0,0.4,1.0,0.2,1.0,0.1
3,2025-03-07,2,Friday,global_popularity,Non-airport,Overnight,Weekday,0.2587968447047999,0.0,0.27380612243207486,0.2,0.4779904598049612,0.6
3,2025-03-07,2,Friday,zone_hour_profile,Airport,Overnight,Weekday,1.0,0.4,1.0,0.2,1.0,0.1
3,2025-03-07,2,Friday,zone_hour_profile,Non-airport,Overnight,Weekday,0.9439838508208331,1.0,0.9121398608644186,0.8,0.9364997034789024,0.85
3,2025-03-07,2,Friday,same_hour_last_week,Airport,Overnight,Weekday,0.9906560047490838,0.4,0.9906560047490838,0.2,0.9906560047490838,0.1
3,2025-03-07,2,Friday,same_hour_last_week,Non-airport,Overnight,Weekday,0.8199918460537636,0.6,0.8976784783408704,0.8,0.9153501770007977,0.8
3,2025-03-07,2,Friday,trailing_4_week_profile,Airport,Overnight,Weekday,0.6738872090981259,0.4,0.6738872090981259,0.2,0.6738872090981259,0.1
3,2025-03-07,2,Friday,trailing_4_week_profile,Non-airport,Overnight,Weekday,0.9151835833543958,0.8,0.9034566366178565,0.8,0.9297711091178384,0.85
3,2025-03-07,3,Friday,global_popularity,Airport,Overnight,Weekday,1.0,0.4,1.0,0.2,1.0,0.1
3,2025-03-07,3,Friday,global_popularity,Non-airport,Overnight,Weekday,0.17375167840177308,0.0,0.21428477028770068,0.2,0.4461154904162499,0.5
3,2025-03-07,3,Friday,zone_hour_profile,Airport,Overnight,Weekday,1.0,0.4,1.0,0.2,1.0,0.1
3,2025-03-07,3,Friday,zone_hour_profile,Non-airport,Overnight,Weekday,0.9806827880974703,1.0,0.975188143264395,0.8,0.971474972204793,0.9
3,2025-03-07,3,Friday,same_hour_last_week,Airport,Overnight,Weekday,1.0,0.4,1.0,0.2,1.0,0.1
3,2025-03-07,3,Friday,same_hour_last_week,Non-airport,Overnight,Weekday,0.9732773695125114,1.0,0.9489883799766503,0.7,0.9447676169092993,0.8
3,2025-03-07,3,Friday,trailing_4_week_profile,Airport,Overnight,Weekday,1.0,0.4,1.0,0.2,1.0,0.1
3,2025-03-07,3,Friday,trailing_4_week_profile,Non-airport,Overnight,Weekday,0.9750638871222997,1.0,0.9501324941095881,0.7,0.9471597985065286,0.8
3,2025-03-07,4,Friday,global_popularity,Airport,Overnight,Weekday,1.0,0.4,1.0,0.2,1.0,0.1
3,2025-03-07,4,Friday,global_popularity,Non-airport,Overnight,Weekday,0.51992070557634,0.2,0.5583562067470851,0.4,0.6999693305515423,0.5
3,2025-03-07,4,Friday,zone_hour_profile,Airport,Overnight,Weekday,1.0,0.4,1.0,0.2,1.0,0.1
3,2025-03-07,4,Friday,zone_hour_profile,Non-airport,Overnight,Weekday,0.9370212989983941,0.8,0.8763289693682711,0.5,0.8840265932575339,0.75
3,2025-03-07,4,Friday,same_hour_last_week,Airport,Overnight,Weekday,0.9599221237857468,0.4,0.9599221237857468,0.2,0.9599221237857468,0.1
3,2025-03-07,4,Friday,same_hour_last_week,Non-airport,Overnight,Weekday,0.7855598550632696,0.4,0.8625578774470255,0.6,0.8416041432747708,0.65
3,2025-03-07,4,Friday,trailing_4_week_profile,Airport,Overnight,Weekday,1.0,0.4,1.0,0.2,1.0,0.1
3,2025-03-07,4,Friday,trailing_4_week_profile,Non-airport,Overnight,Weekday,0.8580070030074427,0.6,0.8570897741131037,0.5,0.8335618388098421,0.65
3,2025-03-07,5,Friday,global_popularity,Airport,Overnight,Weekday,1.0,0.4,1.0,0.2,1.0,0.1
3,2025-03-07,5,Friday,global_popularity,Non-airport,Overnight,Weekday,0.7207258749439475,0.4,0.688634731550186,0.4,0.7774931092574652,0.7
3,2025-03-07,5,Friday,zone_hour_profile,Airport,Overnight,Weekday,1.0,0.4,1.0,0.2,1.0,0.1
3,2025-03-07,5,Friday,zone_hour_profile,Non-airport,Overnight,Weekday,0.8542678787163982,0.4,0.923609514003553,0.8,0.9176067545995672,0.8
3,2025-03-07,5,Friday,same_hour_last_week,Airport,Overnight,Weekday,1.0,0.4,1.0,0.2,1.0,0.1
3,2025-03-07,5,Friday,same_hour_last_week,Non-airport,Overnight,Weekday,0.9511882076589382,0.8,0.9087382866735927,0.7,0.9320778027564562,0.8
3,2025-03-07,5,Friday,trailing_4_week_profile,Airport,Overnight,Weekday,1.0,0.4,1.0,0.2,1.0,0.1
3,2025-03-07,5,Friday,trailing_4_week_profile,Non-airport,Overnight,Weekday,0.8589811080574921,0.4,0.9191802106581103,0.8,0.9092740497889246,0.8
3,2025-03-07,6,Friday,global_popularity,Airport,Morning,Weekday,1.0,0.4,1.0,0.2,1.0,0.1
3,2025-03-07,6,Friday,global_popularity,Non-airport,Morning,Weekday,0.7223835680592889,0.4,0.7118117085588349,0.4,0.7993310718375713,0.8
3,2025-03-07,6,Friday,zone_hour_profile,Airport,Morning,Weekday,1.0,0.4,1.0,0.2,1.0,0.1
3,2025-03-07,6,Friday,zone_hour_profile,Non-airport,Morning,Weekday,0.9903785765652843,1.0,0.972837192416747,0.8,0.9821608827438807,0.95
3,2025-03-07,6,Friday,same_hour_last_week,Airport,Morning,Weekday,1.0,0.4,1.0,0.2,1.0,0.1
3,2025-03-07,6,Friday,same_hour_last_week,Non-airport,Morning,Weekday,0.8852247550324929,0.6,0.9433842994359379,0.9,0.9292023592709638,0.85
3,2025-03-07,6,Friday,trailing_4_week_profile,Airport,Morning,Weekday,1.0,0.4,1.0,0.2,1.0,0.1
3,2025-03-07,6,Friday,trailing_4_week_profile,Non-airport,Morning,Weekday,0.9641724243484902,0.8,0.9615000550917676,0.8,0.9702483145846637,0.9
3,2025-03-07,7,Friday,global_popularity,Airport,Morning,Weekday,1.0,0.4,1.0,0.2,1.0,0.1
3,2025-03-07,7,Friday,global_popularity,Non-airport,Morning,Weekday,0.7173775489408027,0.4,0.7509377702800646,0.5,0.7973013176519734,0.75
3,2025-03-07,7,Friday,zone_hour_profile,Airport,Morning,Weekday,1.0,0.4,1.0,0.2,1.0,0.1
3,2025-03-07,7,Friday,zone_hour_profile,Non-airport,Morning,Weekday,0.9914672147767414,0.8,0.9857788921279156,0.9,0.9756147758478502,0.85
3,2025-03-07,7,Friday,same_hour_last_week,Airport,Morning,Weekday,1.0,0.4,1.0,0.2,1.0,0.1
3,2025-03-07,7,Friday,same_hour_last_week,Non-airport,Morning,Weekday,0.9914672147767414,0.8,0.9848347319188989,0.9,0.9720015696256602,0.85
3,2025-03-07,7,Friday,trailing_4_week_profile,Airport,Morning,Weekday,1.0,0.4,1.0,0.2,1.0,0.1
3,2025-03-07,7,Friday,trailing_4_week_profile,Non-airport,Morning,Weekday,0.9938345378013299,0.8,0.9871017271196476,0.9,0.9766479994320624,0.85
3,2025-03-07,8,Friday,global_popularity,Airport,Morning,Weekday,1.0,0.4,1.0,0.2,1.0,0.1
3,2025-03-07,8,Friday,global_popularity,Non-airport,Morning,Weekday,0.7583123950628325,0.4,0.7858965134224356,0.5,0.832266797833029,0.8
3,2025-03-07,8,Friday,zone_hour_profile,Airport,Morning,Weekday,1.0,0.4,1.0,0.2,1.0,0.1
3,2025-03-07,8,Friday,zone_hour_profile,Non-airport,Morning,Weekday,0.9976087993288293,0.8,0.9986302670736651,0.9,0.987876532541317,0.9
3,2025-03-07,8,Friday,same_hour_last_week,Airport,Morning,Weekday,1.0,0.4,1.0,0.2,1.0,0.1
3,2025-03-07,8,Friday,same_hour_last_week,Non-airport,Morning,Weekday,0.9976087993288293,0.8,0.9972715071473388,0.9,0.9872151126679638,0.9
3,2025-03-07,8,Friday,trailing_4_week_profile,Airport,Morning,Weekday,1.0,0.4,1.0,0.2,1.0,0.1
3,2025-03-07,8,Friday,trailing_4_week_profile,Non-airport,Morning,Weekday,1.0,1.0,0.9985885017522141,0.9,0.9951075024863141,0.95
3,2025-03-07,9,Friday,global_popularity,Airport,Morning,Weekday,0.9985959338808533,0.4,0.9985959338808533,0.2,0.9985959338808533,0.1
3,2025-03-07,9,Friday,global_popularity,Non-airport,Morning,Weekday,0.8701885287830324,0.8,0.8853935492656323,0.8,0.9023590243929794,0.8
3,2025-03-07,9,Friday,zone_hour_profile,Airport,Morning,Weekday,1.0,0.4,1.0,0.2,1.0,0.1
3,2025-03-07,9,Friday,zone_hour_profile,Non-airport,Morning,Weekday,0.9422267178213091,0.6,0.9705524602129952,0.8,0.9859509332079696,0.95
3,2025-03-07,9,Friday,same_hour_last_week,Airport,Morning,Weekday,1.0,0.4,1.0,0.2,1.0,0.1
3,2025-03-07,9,Friday,same_hour_last_week,Non-airport,Morning,Weekday,0.945582996783351,0.6,0.9738114632753422,0.8,0.9860676434791638,0.95
3,2025-03-07,9,Friday,trailing_4_week_profile,Airport,Morning,Weekday,1.0,0.4,1.0,0.2,1.0,0.1
3,2025-03-07,9,Friday,trailing_4_week_profile,Non-airport,Morning,Weekday,0.945582996783351,0.6,0.9782026695839179,0.8,0.9877558584144496,0.95
3,2025-03-07,10,Friday,global_popularity,Airport,Midday,Weekday,0.9712262706120044,0.4,0.9712262706120044,0.2,0.9712262706120044,0.1
3,2025-03-07,10,Friday,global_popularity,Non-airport,Midday,Weekday,0.971033424137672,1.0,0.9523825113173392,0.8,0.9488864011921647,0.8
3,2025-03-07,10,Friday,zone_hour_profile,Airport,Midday,Weekday,1.0,0.4,1.0,0.2,1.0,0.1
3,2025-03-07,10,Friday,zone_hour_profile,Non-airport,Midday,Weekday,0.9755347284169523,0.8,0.9627289828491424,0.8,0.9820146441897603,0.9
3,2025-03-07,10,Friday,same_hour_last_week,Airport,Midday,Weekday,1.0,0.4,1.0,0.2,1.0,0.1
3,2025-03-07,10,Friday,same_hour_last_week,Non-airport,Midday,Weekday,0.971161444973814,0.8,0.9822401855677342,0.8,0.9904780081334233,0.95
3,2025-03-07,10,Friday,trailing_4_week_profile,Airport,Midday,Weekday,1.0,0.4,1.0,0.2,1.0,0.1
3,2025-03-07,10,Friday,trailing_4_week_profile,Non-airport,Midday,Weekday,0.9755347284169523,0.8,0.9755602358252822,0.8,0.9814815967528008,0.9
3,2025-03-07,11,Friday,global_popularity,Airport,Midday,Weekday,0.9817555876213747,0.4,0.9817555876213747,0.2,0.9817555876213747,0.1
3,2025-03-07,11,Friday,global_popularity,Non-airport,Midday,Weekday,0.9296865073679983,0.8,0.9375247823597284,0.8,0.9477761668032944,0.85
3,2025-03-07,11,Friday,zone_hour_profile,Airport,Midday,Weekday,1.0,0.4,1.0,0.2,1.0,0.1
3,2025-03-07,11,Friday,zone_hour_profile,Non-airport,Midday,Weekday,0.967127720185195,0.8,0.9735537474112257,0.8,0.9885152271822982,0.95
3,2025-03-07,11,Friday,same_hour_last_week,Airport,Midday,Weekday,1.0,0.4,1.0,0.2,1.0,0.1
3,2025-03-07,11,Friday,same_hour_last_week,Non-airport,Midday,Weekday,0.9397258047437688,0.8,0.9516468688962497,0.8,0.9754577447392998,0.95
3,2025-03-07,11,Friday,trailing_4_week_profile,Airport,Midday,Weekday,1.0,0.4,1.0,0.2,1.0,0.1
3,2025-03-07,11,Friday,trailing_4_week_profile,Non-airport,Midday,Weekday,0.9563706914515887,0.8,0.9670095123955744,0.8,0.9858913084120401,0.95
3,2025-03-07,12,Friday,global_popularity,Airport,Midday,Weekday,1.0,0.4,1.0,0.2,1.0,0.1
3,2025-03-07,12,Friday,global_popularity,Non-airport,Midday,Weekday,0.9363031294320999,0.8,0.9682591170563417,0.9,0.952679731126559,0.8
3,2025-03-07,12,Friday,zone_hour_profile,Airport,Midday,Weekday,0.9292231079632781,0.4,0.9292231079632781,0.2,0.9292231079632781,0.1
3,2025-03-07,12,Friday,zone_hour_profile,Non-airport,Midday,Weekday,0.9710914294705166,0.8,0.9723220742555003,0.8,0.988387743651602,1.0
3,2025-03-07,12,Friday,same_hour_last_week,Airport,Midday,Weekday,1.0,0.4,1.0,0.2,1.0,0.1
3,2025-03-07,12,Friday,same_hour_last_week,Non-airport,Midday,Weekday,0.9737226992494045,0.8,0.9858609090784647,0.9,0.9881285012109756,0.9
3,2025-03-07,12,Friday,trailing_4_week_profile,Airport,Midday,Weekday,0.9292231079632781,0.4,0.9292231079632781,0.2,0.9292231079632781,0.1
3,2025-03-07,12,Friday,trailing_4_week_profile,Non-airport,Midday,Weekday,0.9710914294705166,0.8,0.9720801899983484,0.8,0.9879459921540137,1.0
3,2025-03-07,13,Friday,global_popularity,Airport,Midday,Weekday,1.0,0.4,1.0,0.2,1.0,0.1
3,2025-03-07,13,Friday,global_popularity,Non-airport,Midday,Weekday,0.9850437507101373,0.8,0.9779355088677398,0.8,0.9722181869109205,0.85
3,2025-03-07,13,Friday,zone_hour_profile,Airport,Midday,Weekday,0.9976832990667771,0.4,0.9976832990667771,0.2,0.9976832990667771,0.1
3,2025-03-07,13,Friday,zone_hour_profile,Non-airport,Midday,Weekday,0.9498020279576809,1.0,0.9527202552091772,0.9,0.9656173674531483,0.95
3,2025-03-07,13,Friday,same_hour_last_week,Airport,Midday,Weekday,0.9976832990667771,0.4,0.9976832990667771,0.2,0.9976832990667771,0.1
3,2025-03-07,13,Friday,same_hour_last_week,Non-airport,Midday,Weekday,0.9498020279576809,1.0,0.9397668068519965,0.8,0.9565120793997779,0.9
3,2025-03-07,13,Friday,trailing_4_week_profile,Airport,Midday,Weekday,1.0,0.4,1.0,0.2,1.0,0.1
3,2025-03-07,13,Friday,trailing_4_week_profile,Non-airport,Midday,Weekday,0.9498020279576809,1.0,0.9496247696913853,0.8,0.9657628417100258,0.95
3,2025-03-07,14,Friday,global_popularity,Airport,Midday,Weekday,1.0,0.4,1.0,0.2,1.0,0.1
3,2025-03-07,14,Friday,global_popularity,Non-airport,Midday,Weekday,0.9517532943311544,0.8,0.9745005268921945,0.9,0.9670842122423431,0.9
3,2025-03-07,14,Friday,zone_hour_profile,Airport,Midday,Weekday,0.8715276609928868,0.4,0.8715276609928868,0.2,0.8715276609928868,0.1
3,2025-03-07,14,Friday,zone_hour_profile,Non-airport,Midday,Weekday,0.9806142877721942,0.8,0.9768676192338774,0.8,0.9915884512337086,0.95
3,2025-03-07,14,Friday,same_hour_last_week,Airport,Midday,Weekday,0.8715276609928868,0.4,0.8715276609928868,0.2,0.8715276609928868,0.1
3,2025-03-07,14,Friday,same_hour_last_week,Non-airport,Midday,Weekday,0.9806142877721942,0.8,0.9780652850696255,0.8,0.992042351456211,0.95
3,2025-03-07,14,Friday,trailing_4_week_profile,Airport,Midday,Weekday,0.8715276609928868,0.4,0.8715276609928868,0.2,0.8715276609928868,0.1
3,2025-03-07,14,Friday,trailing_4_week_profile,Non-airport,Midday,Weekday,0.9806142877721942,0.8,0.976819395311144,0.8,0.9911248026136401,0.95
3,2025-03-07,15,Friday,global_popularity,Airport,Midday,Weekday,1.0,0.4,1.0,0.2,1.0,0.1
3,2025-03-07,15,Friday,global_popularity,Non-airport,Midday,Weekday,0.948189414540234,0.6,0.9679778187276998,0.8,0.9535513763534585,0.8
3,2025-03-07,15,Friday,zone_hour_profile,Airport,Midday,Weekday,1.0,0.4,1.0,0.2,1.0,0.1
3,2025-03-07,15,Friday,zone_hour_profile,Non-airport,Midday,Weekday,0.9923494589129832,0.8,0.9772130172242316,0.8,0.9926013602989058,0.95
3,2025-03-07,15,Friday,same_hour_last_week,Airport,Midday,Weekday,1.0,0.4,1.0,0.2,1.0,0.1
3,2025-03-07,15,Friday,same_hour_last_week,Non-airport,Midday,Weekday,0.9887191382748263,0.8,0.9631056659798265,0.6,0.9866734514922758,0.9
3,2025-03-07,15,Friday,trailing_4_week_profile,Airport,Midday,Weekday,1.0,0.4,1.0,0.2,1.0,0.1
3,2025-03-07,15,Friday,trailing_4_week_profile,Non-airport,Midday,Weekday,0.9754893951222497,0.8,0.9685444096308475,0.7,0.9874764035185195,0.95
3,2025-03-07,16,Friday,global_popularity,Airport,Evening,Weekday,1.0,0.4,1.0,0.2,1.0,0.1
3,2025-03-07,16,Friday,global_popularity,Non-airport,Evening,Weekday,0.9707889955994448,0.6,0.9686391992833614,0.7,0.9649487284846282,0.8
3,2025-03-07,16,Friday,zone_hour_profile,Airport,Evening,Weekday,1.0,0.4,1.0,0.2,1.0,0.1
3,2025-03-07,16,Friday,zone_hour_profile,Non-airport,Evening,Weekday,1.0,1.0,0.9929626965792766,0.9,0.9983234395185486,0.95
3,2025-03-07,16,Friday,same_hour_last_week,Airport,Evening,Weekday,1.0,0.4,1.0,0.2,1.0,0.1
3,2025-03-07,16,Friday,same_hour_last_week,Non-airport,Evening,Weekday,0.9926574390411865,1.0,0.9793987306757043,0.9,0.9883961520115222,0.9
3,2025-03-07,16,Friday,trailing_4_week_profile,Airport,Evening,Weekday,1.0,0.4,1.0,0.2,1.0,0.1
3,2025-03-07,16,Friday,trailing_4_week_profile,Non-airport,Evening,Weekday,1.0,1.0,0.9817563807673017,0.8,0.9975461367171352,0.95
3,2025-03-07,17,Friday,global_popularity,Airport,Evening,Weekday,1.0,0.4,1.0,0.2,1.0,0.1
3,2025-03-07,17,Friday,global_popularity,Non-airport,Evening,Weekday,0.9217459419011707,0.8,0.9638827374592439,0.8,0.9566908714451161,0.85
3,2025-03-07,17,Friday,zone_hour_profile,Airport,Evening,Weekday,1.0,0.4,1.0,0.2,1.0,0.1
3,2025-03-07,17,Friday,zone_hour_profile,Non-airport,Evening,Weekday,0.9980886411505387,1.0,0.9916259149322425,0.9,0.9876285170795291,0.9
3,2025-03-07,17,Friday,same_hour_last_week,Airport,Evening,Weekday,1.0,0.4,1.0,0.2,1.0,0.1
3,2025-03-07,17,Friday,same_hour_last_week,Non-airport,Evening,Weekday,0.9889406568147014,0.8,0.9877855259448088,0.8,0.9908628400533152,0.95
3,2025-03-07,17,Friday,trailing_4_week_profile,Airport,Evening,Weekday,1.0,0.4,1.0,0.2,1.0,0.1
3,2025-03-07,17,Friday,trailing_4_week_profile,Non-airport,Evening,Weekday,0.9889406568147014,0.8,0.9907557839424109,0.9,0.9891890696109553,0.95
3,2025-03-07,18,Friday,global_popularity,Airport,Evening,Weekday,1.0,0.4,1.0,0.2,1.0,0.1
3,2025-03-07,18,Friday,global_popularity,Non-airport,Evening,Weekday,0.9493451890536412,0.8,0.9850486638624365,0.9,0.9783119671806974,0.85
3,2025-03-07,18,Friday,zone_hour_profile,Airport,Evening,Weekday,1.0,0.4,1.0,0.2,1.0,0.1
3,2025-03-07,18,Friday,zone_hour_profile,Non-airport,Evening,Weekday,0.9969775335233351,1.0,0.9952572034498051,0.9,0.9948420534368168,0.95
3,2025-03-07,18,Friday,same_hour_last_week,Airport,Evening,Weekday,1.0,0.4,1.0,0.2,1.0,0.1
3,2025-03-07,18,Friday,same_hour_last_week,Non-airport,Evening,Weekday,0.9938714383991833,0.8,0.9952096378570097,0.9,0.9920208156833342,0.9
3,2025-03-07,18,Friday,trailing_4_week_profile,Airport,Evening,Weekday,1.0,0.4,1.0,0.2,1.0,0.1
3,2025-03-07,18,Friday,trailing_4_week_profile,Non-airport,Evening,Weekday,1.0,1.0,0.9977782350828638,0.9,0.9953822823553019,0.95
3,2025-03-07,19,Friday,global_popularity,Airport,Evening,Weekday,1.0,0.4,1.0,0.2,1.0,0.1
3,2025-03-07,19,Friday,global_popularity,Non-airport,Evening,Weekday,0.9479453087365071,0.6,0.9476140207607784,0.8,0.9777101553105848,0.85
3,2025-03-07,19,Friday,zone_hour_profile,Airport,Evening,Weekday,1.0,0.4,1.0,0.2,1.0,0.1
3,2025-03-07,19,Friday,zone_hour_profile,Non-airport,Evening,Weekday,0.9930837445365716,0.8,0.9946646630530237,0.9,0.9940899162964714,0.9
3,2025-03-07,19,Friday,same_hour_last_week,Airport,Evening,Weekday,1.0,0.4,1.0,0.2,1.0,0.1
3,2025-03-07,19,Friday,same_hour_last_week,Non-airport,Evening,Weekday,0.9870203113540259,0.8,0.9887923250587,0.9,0.9801323831737805,0.8
3,2025-03-07,19,Friday,trailing_4_week_profile,Airport,Evening,Weekday,1.0,0.4,1.0,0.2,1.0,0.1
3,2025-03-07,19,Friday,trailing_4_week_profile,Non-airport,Evening,Weekday,0.9930837445365716,0.8,0.992839850697561,0.9,0.9935976003328862,0.9
3,2025-03-07,20,Friday,global_popularity,Airport,Evening,Weekday,1.0,0.4,1.0,0.2,1.0,0.1
3,2025-03-07,20,Friday,global_popularity,Non-airport,Evening,Weekday,0.9771971952662215,0.4,0.9695824021368294,0.8,0.9785731867550503,0.9
3,2025-03-07,20,Friday,zone_hour_profile,Airport,Evening,Weekday,1.0,0.4,1.0,0.2,1.0,0.1
3,2025-03-07,20,Friday,zone_hour_profile,Non-airport,Evening,Weekday,0.9880362369086813,0.6,0.9783582080579304,0.8,0.9905950062723775,0.95
3,2025-03-07,20,Friday,same_hour_last_week,Airport,Evening,Weekday,1.0,0.4,1.0,0.2,1.0,0.1
3,2025-03-07,20,Friday,same_hour_last_week,Non-airport,Evening,Weekday,0.9803096942262741,0.8,0.9730553458986038,0.9,0.9864836457885412,0.95
3,2025-03-07,20,Friday,trailing_4_week_profile,Airport,Evening,Weekday,1.0,0.4,1.0,0.2,1.0,0.1
3,2025-03-07,20,Friday,trailing_4_week_profile,Non-airport,Evening,Weekday,0.9855535933746272,0.6,0.9779388850460863,0.8,0.9894666723575452,0.95
3,2025-03-07,21,Friday,global_popularity,Airport,Late evening,Weekday,1.0,0.4,1.0,0.2,1.0,0.1
3,2025-03-07,21,Friday,global_popularity,Non-airport,Late evening,Weekday,0.710345045059804,0.6,0.7939536846369708,0.6,0.8715885168187796,0.9
3,2025-03-07,21,Friday,zone_hour_profile,Airport,Late evening,Weekday,1.0,0.4,1.0,0.2,1.0,0.1
3,2025-03-07,21,Friday,zone_hour_profile,Non-airport,Late evening,Weekday,0.9691916163965775,0.8,0.9648815790883136,0.9,0.9768772816371947,0.95
3,2025-03-07,21,Friday,same_hour_last_week,Airport,Late evening,Weekday,1.0,0.4,1.0,0.2,1.0,0.1
3,2025-03-07,21,Friday,same_hour_last_week,Non-airport,Late evening,Weekday,0.7898241816533972,0.6,0.9037349281389547,0.9,0.9243253208550121,0.95
3,2025-03-07,21,Friday,trailing_4_week_profile,Airport,Late evening,Weekday,1.0,0.4,1.0,0.2,1.0,0.1
3,2025-03-07,21,Friday,trailing_4_week_profile,Non-airport,Late evening,Weekday,0.9691916163965775,0.8,0.9679251172261786,0.9,0.9821551568804912,1.0
3,2025-03-07,22,Friday,global_popularity,Airport,Late evening,Weekday,1.0,0.4,1.0,0.2,1.0,0.1
3,2025-03-07,22,Friday,global_popularity,Non-airport,Late evening,Weekday,0.7198942314851025,0.2,0.7404860338350792,0.5,0.8497488468445102,0.8
3,2025-03-07,22,Friday,zone_hour_profile,Airport,Late evening,Weekday,1.0,0.4,1.0,0.2,1.0,0.1
3,2025-03-07,22,Friday,zone_hour_profile,Non-airport,Late evening,Weekday,0.9786081098138565,1.0,0.9800588103385652,0.9,0.9781430875596744,0.9
3,2025-03-07,22,Friday,same_hour_last_week,Airport,Late evening,Weekday,1.0,0.4,1.0,0.2,1.0,0.1
3,2025-03-07,22,Friday,same_hour_last_week,Non-airport,Late evening,Weekday,0.9225269696686054,1.0,0.9382836064487954,0.9,0.9373614416366908,0.85
3,2025-03-07,22,Friday,trailing_4_week_profile,Airport,Late evening,Weekday,1.0,0.4,1.0,0.2,1.0,0.1
3,2025-03-07,22,Friday,trailing_4_week_profile,Non-airport,Late evening,Weekday,0.9868531429364799,1.0,0.9851218958622397,0.9,0.9757922180739959,0.85
3,2025-03-07,23,Friday,global_popularity,Airport,Late evening,Weekday,1.0,0.4,1.0,0.2,1.0,0.1
3,2025-03-07,23,Friday,global_popularity,Non-airport,Late evening,Weekday,0.5087658565152648,0.2,0.5354508675451859,0.5,0.6969841956156212,0.65
3,2025-03-07,23,Friday,zone_hour_profile,Airport,Late evening,Weekday,1.0,0.4,1.0,0.2,1.0,0.1
3,2025-03-07,23,Friday,zone_hour_profile,Non-airport,Late evening,Weekday,0.9850263323579981,0.8,0.9754654344474986,0.8,0.9872778781705492,0.95
3,2025-03-07,23,Friday,same_hour_last_week,Airport,Late evening,Weekday,1.0,0.4,1.0,0.2,1.0,0.1
3,2025-03-07,23,Friday,same_hour_last_week,Non-airport,Late evening,Weekday,0.9915869589795322,1.0,0.9818393317796561,0.8,0.9880633636411964,0.95
3,2025-03-07,23,Friday,trailing_4_week_profile,Airport,Late evening,Weekday,1.0,0.4,1.0,0.2,1.0,0.1
3,2025-03-07,23,Friday,trailing_4_week_profile,Non-airport,Late evening,Weekday,0.9850263323579981,0.8,0.9767731387774539,0.8,0.9856154611094499,0.95
3,2025-03-08,0,Saturday,global_popularity,Airport,Overnight,Weekend,0.9740620710339404,0.4,0.9740620710339404,0.2,0.9740620710339404,0.1
3,2025-03-08,0,Saturday,global_popularity,Non-airport,Overnight,Weekend,0.2447749850573741,0.2,0.28700293707668717,0.2,0.5115920087061621,0.55
3,2025-03-08,0,Saturday,zone_hour_profile,Airport,Overnight,Weekend,0.9740620710339404,0.4,0.9740620710339404,0.2,0.9740620710339404,0.1
3,2025-03-08,0,Saturday,zone_hour_profile,Non-airport,Overnight,Weekend,0.9924300382361744,0.8,0.9529092279866048,0.7,0.986595992337112,0.95
3,2025-03-08,0,Saturday,same_hour_last_week,Airport,Overnight,Weekend,0.9740620710339404,0.4,0.9740620710339404,0.2,0.9740620710339404,0.1
3,2025-03-08,0,Saturday,same_hour_last_week,Non-airport,Overnight,Weekend,0.9924300382361744,0.8,0.9519637332539906,0.7,0.9802164693515867,0.9
3,2025-03-08,0,Saturday,trailing_4_week_profile,Airport,Overnight,Weekend,0.9740620710339404,0.4,0.9740620710339404,0.2,0.9740620710339404,0.1
3,2025-03-08,0,Saturday,trailing_4_week_profile,Non-airport,Overnight,Weekend,0.9924300382361744,0.8,0.9512684407449493,0.7,0.9824673197599989,0.9
3,2025-03-08,1,Saturday,global_popularity,Airport,Overnight,Weekend,1.0,0.4,1.0,0.2,1.0,0.1
3,2025-03-08,1,Saturday,global_popularity,Non-airport,Overnight,Weekend,0.09973348343190952,0.0,0.13093691604634647,0.0,0.35458622554120856,0.5
3,2025-03-08,1,Saturday,zone_hour_profile,Airport,Overnight,Weekend,1.0,0.4,1.0,0.2,1.0,0.1
3,2025-03-08,1,Saturday,zone_hour_profile,Non-airport,Overnight,Weekend,0.9978585451859713,1.0,0.9961776654604089,0.9,0.9949988420428295,0.95
3,2025-03-08,1,Saturday,same_hour_last_week,Airport,Overnight,Weekend,1.0,0.4,1.0,0.2,1.0,0.1
3,2025-03-08,1,Saturday,same_hour_last_week,Non-airport,Overnight,Weekend,1.0,1.0,0.9980140662051654,0.9,0.9935370311628249,0.9
3,2025-03-08,1,Saturday,trailing_4_week_profile,Airport,Overnight,Weekend,1.0,0.4,1.0,0.2,1.0,0.1
3,2025-03-08,1,Saturday,trailing_4_week_profile,Non-airport,Overnight,Weekend,1.0,1.0,0.9980140662051654,0.9,0.9969728444154606,0.95
3,2025-03-08,2,Saturday,global_popularity,Airport,Overnight,Weekend,1.0,0.4,1.0,0.2,1.0,0.1
3,2025-03-08,2,Saturday,global_popularity,Non-airport,Overnight,Weekend,0.05246003428038727,0.0,0.06915628990446933,0.0,0.27886440466571333,0.45
3,2025-03-08,2,Saturday,zone_hour_profile,Airport,Overnight,Weekend,1.0,0.4,1.0,0.2,1.0,0.1
3,2025-03-08,2,Saturday,zone_hour_profile,Non-airport,Overnight,Weekend,1.0,1.0,0.9995259279337142,0.9,0.9971300543646066,0.9
3,2025-03-08,2,Saturday,same_hour_last_week,Airport,Overnight,Weekend,1.0,0.4,1.0,0.2,1.0,0.1
3,2025-03-08,2,Saturday,same_hour_last_week,Non-airport,Overnight,Weekend,0.9941301164657557,1.0,0.9849488319777273,0.8,0.9903802850595953,0.9
3,2025-03-08,2,Saturday,trailing_4_week_profile,Airport,Overnight,Weekend,1.0,0.4,1.0,0.2,1.0,0.1
3,2025-03-08,2,Saturday,trailing_4_week_profile,Non-airport,Overnight,Weekend,1.0,1.0,0.9866071802905173,0.8,0.9960122478112639,0.9
3,2025-03-08,3,Saturday,global_popularity,Airport,Overnight,Weekend,1.0,0.4,1.0,0.2,1.0,0.1
3,2025-03-08,3,Saturday,global_popularity,Non-airport,Overnight,Weekend,0.06806006958233508,0.0,0.10045607140466623,0.0,0.30874704687674326,0.4
3,2025-03-08,3,Saturday,zone_hour_profile,Airport,Overnight,Weekend,1.0,0.4,1.0,0.2,1.0,0.1
3,2025-03-08,3,Saturday,zone_hour_profile,Non-airport,Overnight,Weekend,1.0,1.0,0.9920679477128652,0.7,0.988191083516446,0.85
3,2025-03-08,3,Saturday,same_hour_last_week,Airport,Overnight,Weekend,0.9608324604374411,0.4,0.9608324604374411,0.2,0.9608324604374411,0.1
3,2025-03-08,3,Saturday,same_hour_last_week,Non-airport,Overnight,Weekend,1.0,1.0,0.9933571181712293,0.7,0.9867608581670703,0.85
3,2025-03-08,3,Saturday,trailing_4_week_profile,Airport,Overnight,Weekend,0.9608324604374411,0.4,0.9608324604374411,0.2,0.9608324604374411,0.1
3,2025-03-08,3,Saturday,trailing_4_week_profile,Non-airport,Overnight,Weekend,1.0,1.0,0.9941031770031084,0.7,0.991092579953245,0.9
3,2025-03-08,4,Saturday,global_popularity,Airport,Overnight,Weekend,1.0,0.2,1.0,0.1,1.0,0.05
3,2025-03-08,4,Saturday,global_popularity,Non-airport,Overnight,Weekend,0.23041635528662385,0.0,0.26192959989241543,0.1,0.4842805394821253,0.5
3,2025-03-08,4,Saturday,zone_hour_profile,Airport,Overnight,Weekend,1.0,0.2,1.0,0.1,1.0,0.05
3,2025-03-08,4,Saturday,zone_hour_profile,Non-airport,Overnight,Weekend,0.9903464654109194,0.8,0.9902342065849211,0.9,0.9752348407849007,0.8
3,2025-03-08,4,Saturday,same_hour_last_week,Airport,Overnight,Weekend,1.0,0.2,1.0,0.1,1.0,0.05
3,2025-03-08,4,Saturday,same_hour_last_week,Non-airport,Overnight,Weekend,0.986687957528784,0.8,0.9707039936933516,0.8,0.9671728422441577,0.8
3,2025-03-08,4,Saturday,trailing_4_week_profile,Airport,Overnight,Weekend,1.0,0.2,1.0,0.1,1.0,0.05
3,2025-03-08,4,Saturday,trailing_4_week_profile,Non-airport,Overnight,Weekend,0.9949382888282,0.8,0.993854811159093,0.9,0.9698221767895654,0.8
3,2025-03-08,5,Saturday,global_popularity,Airport,Overnight,Weekend,1.0,0.2,1.0,0.1,1.0,0.05
3,2025-03-08,5,Saturday,global_popularity,Non-airport,Overnight,Weekend,0.6075063321192957,0.4,0.628506224617489,0.4,0.7279792337550434,0.7
3,2025-03-08,5,Saturday,zone_hour_profile,Airport,Overnight,Weekend,1.0,0.2,1.0,0.1,1.0,0.05
3,2025-03-08,5,Saturday,zone_hour_profile,Non-airport,Overnight,Weekend,0.8580728464149526,0.6,0.8784102027533358,0.7,0.8641083988189256,0.7
3,2025-03-08,5,Saturday,same_hour_last_week,Airport,Overnight,Weekend,1.0,0.2,1.0,0.1,1.0,0.05
3,2025-03-08,5,Saturday,same_hour_last_week,Non-airport,Overnight,Weekend,0.9600822561605705,0.8,0.7777243236127274,0.5,0.8327282722891821,0.7
3,2025-03-08,5,Saturday,trailing_4_week_profile,Airport,Overnight,Weekend,1.0,0.2,1.0,0.1,1.0,0.05
3,2025-03-08,5,Saturday,trailing_4_week_profile,Non-airport,Overnight,Weekend,0.8622748886573955,0.6,0.8502008574472147,0.8,0.8174140140387248,0.6
3,2025-03-08,6,Saturday,global_popularity,Airport,Morning,Weekend,1.0,0.4,1.0,0.2,1.0,0.1
3,2025-03-08,6,Saturday,global_popularity,Non-airport,Morning,Weekend,0.5121053215086943,0.2,0.6008791603479711,0.4,0.6977284609860446,0.65
3,2025-03-08,6,Saturday,zone_hour_profile,Airport,Morning,Weekend,1.0,0.4,1.0,0.2,1.0,0.1
3,2025-03-08,6,Saturday,zone_hour_profile,Non-airport,Morning,Weekend,0.8585035644211259,0.6,0.8636471677082149,0.6,0.9113991093341758,0.8
3,2025-03-08,6,Saturday,same_hour_last_week,Airport,Morning,Weekend,0.9978592784167235,0.4,0.9978592784167235,0.2,0.9978592784167235,0.1
3,2025-03-08,6,Saturday,same_hour_last_week,Non-airport,Morning,Weekend,0.8356383277232566,0.6,0.8105643794645292,0.5,0.8846169492688928,0.8
3,2025-03-08,6,Saturday,trailing_4_week_profile,Airport,Morning,Weekend,1.0,0.4,1.0,0.2,1.0,0.1
3,2025-03-08,6,Saturday,trailing_4_week_profile,Non-airport,Morning,Weekend,0.8490458695570651,0.6,0.8417771730778806,0.5,0.9044501303498529,0.85
3,2025-03-08,7,Saturday,global_popularity,Airport,Morning,Weekend,1.0,0.4,1.0,0.2,1.0,0.1
3,2025-03-08,7,Saturday,global_popularity,Non-airport,Morning,Weekend,0.8880825413107807,0.6,0.8562739838185943,0.6,0.857231073121108,0.7
3,2025-03-08,7,Saturday,zone_hour_profile,Airport,Morning,Weekend,1.0,0.4,1.0,0.2,1.0,0.1
3,2025-03-08,7,Saturday,zone_hour_profile,Non-airport,Morning,Weekend,0.8832371869776248,0.4,0.9224080274313758,0.6,0.9429155079285941,0.8
3,2025-03-08,7,Saturday,same_hour_last_week,Airport,Morning,Weekend,1.0,0.4,1.0,0.2,1.0,0.1
3,2025-03-08,7,Saturday,same_hour_last_week,Non-airport,Morning,Weekend,0.8101274833829853,0.4,0.8415749570588196,0.5,0.9055906599018446,0.8
3,2025-03-08,7,Saturday,trailing_4_week_profile,Airport,Morning,Weekend,1.0,0.4,1.0,0.2,1.0,0.1
3,2025-03-08,7,Saturday,trailing_4_week_profile,Non-airport,Morning,Weekend,0.9514354249427956,0.6,0.9249297310235624,0.6,0.951160463952015,0.85
3,2025-03-08,8,Saturday,global_popularity,Airport,Morning,Weekend,1.0,0.4,1.0,0.2,1.0,0.1
3,2025-03-08,8,Saturday,global_popularity,Non-airport,Morning,Weekend,0.8015657913730478,0.6,0.8143232704642437,0.4,0.8494221287830465,0.8
3,2025-03-08,8,Saturday,zone_hour_profile,Airport,Morning,Weekend,1.0,0.4,1.0,0.2,1.0,0.1
3,2025-03-08,8,Saturday,zone_hour_profile,Non-airport,Morning,Weekend,0.9383149544230033,0.8,0.9688740199467498,0.8,0.9711675360555574,0.9
3,2025-03-08,8,Saturday,same_hour_last_week,Airport,Morning,Weekend,1.0,0.4,1.0,0.2,1.0,0.1
3,2025-03-08,8,Saturday,same_hour_last_week,Non-airport,Morning,Weekend,0.9225270392522953,0.6,0.948950604535338,0.7,0.949066808729879,0.85
3,2025-03-08,8,Saturday,trailing_4_week_profile,Airport,Morning,Weekend,1.0,0.4,1.0,0.2,1.0,0.1
3,2025-03-08,8,Saturday,trailing_4_week_profile,Non-airport,Morning,Weekend,0.9413561089780303,0.8,0.971553731104471,0.8,0.9728824358615334,0.9
3,2025-03-08,9,Saturday,global_popularity,Airport,Morning,Weekend,1.0,0.4,1.0,0.2,1.0,0.1
3,2025-03-08,9,Saturday,global_popularity,Non-airport,Morning,Weekend,0.8623056972331999,0.8,0.8704057712950075,0.7,0.8888613900735696,0.85
3,2025-03-08,9,Saturday,zone_hour_profile,Airport,Morning,Weekend,1.0,0.4,1.0,0.2,1.0,0.1
3,2025-03-08,9,Saturday,zone_hour_profile,Non-airport,Morning,Weekend,0.895251533049301,0.6,0.9613024191082385,0.8,0.9795131889709018,0.95
3,2025-03-08,9,Saturday,same_hour_last_week,Airport,Morning,Weekend,1.0,0.4,1.0,0.2,1.0,0.1
3,2025-03-08,9,Saturday,same_hour_last_week,Non-airport,Morning,Weekend,0.8958856148346195,0.6,0.943969279998651,0.7,0.9711374340613775,0.95
3,2025-03-08,9,Saturday,trailing_4_week_profile,Airport,Morning,Weekend,1.0,0.4,1.0,0.2,1.0,0.1
3,2025-03-08,9,Saturday,trailing_4_week_profile,Non-airport,Morning,Weekend,0.895251533049301,0.6,0.9497048383276178,0.7,0.9729518903435542,0.95
3,2025-03-08,10,Saturday,global_popularity,Airport,Midday,Weekend,1.0,0.4,1.0,0.2,1.0,0.1
3,2025-03-08,10,Saturday,global_popularity,Non-airport,Midday,Weekend,0.8672858513791711,0.6,0.8922725716567653,0.8,0.9083511409176515,0.85
3,2025-03-08,10,Saturday,zone_hour_profile,Airport,Midday,Weekend,0.9718003757776954,0.4,0.9718003757776954,0.2,0.9718003757776954,0.1
3,2025-03-08,10,Saturday,zone_hour_profile,Non-airport,Midday,Weekend,0.9847237772809693,0.8,0.9942239292223926,0.9,0.9965504561545167,1.0
3,2025-03-08,10,Saturday,same_hour_last_week,Airport,Midday,Weekend,0.9718003757776954,0.4,0.9718003757776954,0.2,0.9718003757776954,0.1
3,2025-03-08,10,Saturday,same_hour_last_week,Non-airport,Midday,Weekend,0.9784604524978363,0.8,0.9708201178874278,0.8,0.9879199732996076,0.95
3,2025-03-08,10,Saturday,trailing_4_week_profile,Airport,Midday,Weekend,0.9718003757776954,0.4,0.9718003757776954,0.2,0.9718003757776954,0.1
3,2025-03-08,10,Saturday,trailing_4_week_profile,Non-airport,Midday,Weekend,0.995318876163631,0.8,0.9952700951479303,0.9,0.9968870121599651,1.0
3,2025-03-08,11,Saturday,global_popularity,Airport,Midday,Weekend,1.0,0.4,1.0,0.2,1.0,0.1
3,2025-03-08,11,Saturday,global_popularity,Non-airport,Midday,Weekend,0.9266500431190705,0.8,0.940816372722302,0.9,0.9354383709486032,0.85
3,2025-03-08,11,Saturday,zone_hour_profile,Airport,Midday,Weekend,0.9574467537116574,0.4,0.9574467537116574,0.2,0.9574467537116574,0.1
3,2025-03-08,11,Saturday,zone_hour_profile,Non-airport,Midday,Weekend,0.9935084453505584,0.8,0.9840241873624721,0.7,0.997114159314023,1.0
3,2025-03-08,11,Saturday,same_hour_last_week,Airport,Midday,Weekend,0.9574467537116574,0.4,0.9574467537116574,0.2,0.9574467537116574,0.1
3,2025-03-08,11,Saturday,same_hour_last_week,Non-airport,Midday,Weekend,0.9939931391836663,0.8,0.9791280458910582,0.7,0.997174747607306,1.0
3,2025-03-08,11,Saturday,trailing_4_week_profile,Airport,Midday,Weekend,0.9574467537116574,0.4,0.9574467537116574,0.2,0.9574467537116574,0.1
3,2025-03-08,11,Saturday,trailing_4_week_profile,Non-airport,Midday,Weekend,0.9942036399042266,0.8,0.9818241223667891,0.7,0.9910508131375072,0.95
3,2025-03-08,12,Saturday,global_popularity,Airport,Midday,Weekend,1.0,0.4,1.0,0.2,1.0,0.1
3,2025-03-08,12,Saturday,global_popularity,Non-airport,Midday,Weekend,0.9387671862003562,0.8,0.9610885468146668,1.0,0.9372200108701345,0.75
3,2025-03-08,12,Saturday,zone_hour_profile,Airport,Midday,Weekend,1.0,0.4,1.0,0.2,1.0,0.1
3,2025-03-08,12,Saturday,zone_hour_profile,Non-airport,Midday,Weekend,1.0,1.0,0.9918653745491663,0.9,0.9929944817590636,0.95
3,2025-03-08,12,Saturday,same_hour_last_week,Airport,Midday,Weekend,1.0,0.4,1.0,0.2,1.0,0.1
3,2025-03-08,12,Saturday,same_hour_last_week,Non-airport,Midday,Weekend,0.9993594457224034,1.0,0.9902839342314381,0.9,0.984901933979985,0.9
3,2025-03-08,12,Saturday,trailing_4_week_profile,Airport,Midday,Weekend,1.0,0.4,1.0,0.2,1.0,0.1
3,2025-03-08,12,Saturday,trailing_4_week_profile,Non-airport,Midday,Weekend,1.0,1.0,0.9827584932460223,0.8,0.9829030075150069,0.9
3,2025-03-08,13,Saturday,global_popularity,Airport,Midday,Weekend,1.0,0.6,1.0,0.3,1.0,0.15
3,2025-03-08,13,Saturday,global_popularity,Non-airport,Midday,Weekend,0.9069169683438628,0.6,0.921692022702326,0.9,0.9451762239436119,0.9
3,2025-03-08,13,Saturday,zone_hour_profile,Airport,Midday,Weekend,1.0,0.6,1.0,0.3,1.0,0.15
3,2025-03-08,13,Saturday,zone_hour_profile,Non-airport,Midday,Weekend,0.9623044684183198,0.6,0.9619404241785939,0.8,0.9814903112146146,0.85
3,2025-03-08,13,Saturday,same_hour_last_week,Airport,Midday,Weekend,1.0,0.6,1.0,0.3,1.0,0.15
3,2025-03-08,13,Saturday,same_hour_last_week,Non-airport,Midday,Weekend,0.9659853240029862,0.6,0.954291930445689,0.8,0.9836609688867979,0.9
3,2025-03-08,13,Saturday,trailing_4_week_profile,Airport,Midday,Weekend,1.0,0.6,1.0,0.3,1.0,0.15
3,2025-03-08,13,Saturday,trailing_4_week_profile,Non-airport,Midday,Weekend,0.9623044684183198,0.6,0.9619404241785939,0.8,0.9812411949660836,0.85
3,2025-03-08,14,Saturday,global_popularity,Airport,Midday,Weekend,1.0,0.4,1.0,0.2,1.0,0.1
3,2025-03-08,14,Saturday,global_popularity,Non-airport,Midday,Weekend,0.9753050981052458,0.8,0.9678480820825164,0.8,0.9578763250315337,0.85
3,2025-03-08,14,Saturday,zone_hour_profile,Airport,Midday,Weekend,1.0,0.4,1.0,0.2,1.0,0.1
3,2025-03-08,14,Saturday,zone_hour_profile,Non-airport,Midday,Weekend,0.9856602307103918,0.8,0.9735083177189543,0.7,0.9864738099214514,0.9
3,2025-03-08,14,Saturday,same_hour_last_week,Airport,Midday,Weekend,1.0,0.4,1.0,0.2,1.0,0.1
3,2025-03-08,14,Saturday,same_hour_last_week,Non-airport,Midday,Weekend,0.95094604887534,0.6,0.970523322307256,0.8,0.981573897622927,0.95
3,2025-03-08,14,Saturday,trailing_4_week_profile,Airport,Midday,Weekend,1.0,0.4,1.0,0.2,1.0,0.1
3,2025-03-08,14,Saturday,trailing_4_week_profile,Non-airport,Midday,Weekend,0.9820350179297581,0.8,0.968452068265012,0.7,0.9834050842388304,0.85
3,2025-03-08,15,Saturday,global_popularity,Airport,Midday,Weekend,1.0,0.4,1.0,0.2,1.0,0.1
3,2025-03-08,15,Saturday,global_popularity,Non-airport,Midday,Weekend,0.9104587114540672,0.6,0.9390519781410555,0.8,0.9293651068075917,0.8
3,2025-03-08,15,Saturday,zone_hour_profile,Airport,Midday,Weekend,1.0,0.4,1.0,0.2,1.0,0.1
3,2025-03-08,15,Saturday,zone_hour_profile,Non-airport,Midday,Weekend,0.9738746377762568,0.8,0.971446776168906,0.8,0.980352848933839,0.9
3,2025-03-08,15,Saturday,same_hour_last_week,Airport,Midday,Weekend,1.0,0.4,1.0,0.2,1.0,0.1
3,2025-03-08,15,Saturday,same_hour_last_week,Non-airport,Midday,Weekend,0.9636295960861742,0.8,0.9724939516608486,0.9,0.9670904920033679,0.8
3,2025-03-08,15,Saturday,trailing_4_week_profile,Airport,Midday,Weekend,1.0,0.4,1.0,0.2,1.0,0.1
3,2025-03-08,15,Saturday,trailing_4_week_profile,Non-airport,Midday,Weekend,0.9550961929677312,0.6,0.9734034736339278,0.9,0.9829861491173294,0.9
3,2025-03-08,16,Saturday,global_popularity,Airport,Evening,Weekend,1.0,0.4,1.0,0.2,1.0,0.1
3,2025-03-08,16,Saturday,global_popularity,Non-airport,Evening,Weekend,0.9500676718028925,0.8,0.9703877810580255,0.9,0.9460655378050244,0.85
3,2025-03-08,16,Saturday,zone_hour_profile,Airport,Evening,Weekend,1.0,0.4,1.0,0.2,1.0,0.1
3,2025-03-08,16,Saturday,zone_hour_profile,Non-airport,Evening,Weekend,0.9863861351825671,1.0,0.9815726456776355,0.9,0.9856153492952188,0.95
3,2025-03-08,16,Saturday,same_hour_last_week,Airport,Evening,Weekend,1.0,0.4,1.0,0.2,1.0,0.1
3,2025-03-08,16,Saturday,same_hour_last_week,Non-airport,Evening,Weekend,0.9452546400947962,0.8,0.9498702882495916,0.7,0.9719520939413185,0.85
3,2025-03-08,16,Saturday,trailing_4_week_profile,Airport,Evening,Weekend,1.0,0.4,1.0,0.2,1.0,0.1
3,2025-03-08,16,Saturday,trailing_4_week_profile,Non-airport,Evening,Weekend,0.991367516381743,1.0,0.9838633889673941,0.9,0.986617964947618,0.95
3,2025-03-08,17,Saturday,global_popularity,Airport,Evening,Weekend,1.0,0.4,1.0,0.2,1.0,0.1
3,2025-03-08,17,Saturday,global_popularity,Non-airport,Evening,Weekend,0.9983638278169907,1.0,0.9919727134041405,0.9,0.978490877777683,0.8
3,2025-03-08,17,Saturday,zone_hour_profile,Airport,Evening,Weekend,1.0,0.4,1.0,0.2,1.0,0.1
3,2025-03-08,17,Saturday,zone_hour_profile,Non-airport,Evening,Weekend,0.9983638278169907,1.0,0.9947332910259307,0.9,0.9948911160249153,0.95
3,2025-03-08,17,Saturday,same_hour_last_week,Airport,Evening,Weekend,1.0,0.4,1.0,0.2,1.0,0.1
3,2025-03-08,17,Saturday,same_hour_last_week,Non-airport,Evening,Weekend,0.983716373542729,1.0,0.9791947299564778,0.8,0.9816338607221962,0.9
3,2025-03-08,17,Saturday,trailing_4_week_profile,Airport,Evening,Weekend,1.0,0.4,1.0,0.2,1.0,0.1
3,2025-03-08,17,Saturday,trailing_4_week_profile,Non-airport,Evening,Weekend,0.9869487301058476,1.0,0.9832753893189811,0.8,0.9863280648158655,0.9
3,2025-03-08,18,Saturday,global_popularity,Airport,Evening,Weekend,1.0,0.4,1.0,0.2,1.0,0.1
3,2025-03-08,18,Saturday,global_popularity,Non-airport,Evening,Weekend,0.8651776480407042,0.4,0.9031475742904106,0.5,0.9401182630100221,0.9
3,2025-03-08,18,Saturday,zone_hour_profile,Airport,Evening,Weekend,1.0,0.4,1.0,0.2,1.0,0.1
3,2025-03-08,18,Saturday,zone_hour_profile,Non-airport,Evening,Weekend,0.965390361525502,0.6,0.9892401033903329,0.8,0.9935286553073668,0.95
3,2025-03-08,18,Saturday,same_hour_last_week,Airport,Evening,Weekend,1.0,0.4,1.0,0.2,1.0,0.1
3,2025-03-08,18,Saturday,same_hour_last_week,Non-airport,Evening,Weekend,0.9257860612405662,0.8,0.9297445807411573,0.8,0.9578792210932439,0.95
3,2025-03-08,18,Saturday,trailing_4_week_profile,Airport,Evening,Weekend,1.0,0.4,1.0,0.2,1.0,0.1
3,2025-03-08,18,Saturday,trailing_4_week_profile,Non-airport,Evening,Weekend,0.9705754441329993,0.6,0.9919897774042281,0.8,0.9948234734942442,1.0
3,2025-03-08,19,Saturday,global_popularity,Airport,Evening,Weekend,1.0,0.4,1.0,0.2,1.0,0.1
3,2025-03-08,19,Saturday,global_popularity,Non-airport,Evening,Weekend,0.7985846005757288,0.4,0.8457061819323202,0.6,0.923261245581481,0.9
3,2025-03-08,19,Saturday,zone_hour_profile,Airport,Evening,Weekend,1.0,0.4,1.0,0.2,1.0,0.1
3,2025-03-08,19,Saturday,zone_hour_profile,Non-airport,Evening,Weekend,0.9659734414346709,0.8,0.968138771732746,0.8,0.9868741913907473,0.95
3,2025-03-08,19,Saturday,same_hour_last_week,Airport,Evening,Weekend,1.0,0.4,1.0,0.2,1.0,0.1
3,2025-03-08,19,Saturday,same_hour_last_week,Non-airport,Evening,Weekend,0.9842035688997157,0.8,0.9909190503138797,0.9,0.9958931859184456,1.0
3,2025-03-08,19,Saturday,trailing_4_week_profile,Airport,Evening,Weekend,1.0,0.4,1.0,0.2,1.0,0.1
3,2025-03-08,19,Saturday,trailing_4_week_profile,Non-airport,Evening,Weekend,0.9832456920575022,0.8,0.990694147911164,0.9,0.9963569938112687,1.0
3,2025-03-08,20,Saturday,global_popularity,Airport,Evening,Weekend,1.0,0.4,1.0,0.2,1.0,0.1
3,2025-03-08,20,Saturday,global_popularity,Non-airport,Evening,Weekend,0.6448520592699383,0.2,0.6999829581951145,0.4,0.8334195581638125,0.9
3,2025-03-08,20,Saturday,zone_hour_profile,Airport,Evening,Weekend,1.0,0.4,1.0,0.2,1.0,0.1
3,2025-03-08,20,Saturday,zone_hour_profile,Non-airport,Evening,Weekend,0.9896633745295528,0.8,0.9799864516602339,0.7,0.994127643799094,0.95
3,2025-03-08,20,Saturday,same_hour_last_week,Airport,Evening,Weekend,1.0,0.4,1.0,0.2,1.0,0.1
3,2025-03-08,20,Saturday,same_hour_last_week,Non-airport,Evening,Weekend,0.9626789276923932,0.8,0.9684541788334301,0.7,0.9740543407395619,0.85
3,2025-03-08,20,Saturday,trailing_4_week_profile,Airport,Evening,Weekend,1.0,0.4,1.0,0.2,1.0,0.1
3,2025-03-08,20,Saturday,trailing_4_week_profile,Non-airport,Evening,Weekend,0.9877306322001509,0.8,0.9789543350256837,0.7,0.9902513188327855,0.9
3,2025-03-08,21,Saturday,global_popularity,Airport,Late evening,Weekend,1.0,0.4,1.0,0.2,1.0,0.1
3,2025-03-08,21,Saturday,global_popularity,Non-airport,Late evening,Weekend,0.5293516441171757,0.2,0.6493079343847783,0.5,0.7723555847898292,0.75
3,2025-03-08,21,Saturday,zone_hour_profile,Airport,Late evening,Weekend,1.0,0.4,1.0,0.2,1.0,0.1
3,2025-03-08,21,Saturday,zone_hour_profile,Non-airport,Late evening,Weekend,0.9294360459498886,0.8,0.9570497133926376,0.8,0.9697582159413275,0.85
3,2025-03-08,21,Saturday,same_hour_last_week,Airport,Late evening,Weekend,1.0,0.4,1.0,0.2,1.0,0.1
3,2025-03-08,21,Saturday,same_hour_last_week,Non-airport,Late evening,Weekend,0.9722610702188975,1.0,0.9722796980825088,0.9,0.9716965784117765,0.95
3,2025-03-08,21,Saturday,trailing_4_week_profile,Airport,Late evening,Weekend,1.0,0.4,1.0,0.2,1.0,0.1
3,2025-03-08,21,Saturday,trailing_4_week_profile,Non-airport,Late evening,Weekend,0.9320186008627024,0.8,0.9709483987302634,0.9,0.9762051038018299,0.9
3,2025-03-08,22,Saturday,global_popularity,Airport,Late evening,Weekend,1.0,0.4,1.0,0.2,1.0,0.1
3,2025-03-08,22,Saturday,global_popularity,Non-airport,Late evening,Weekend,0.5209244978619847,0.2,0.5881524763033681,0.5,0.7400495439873359,0.7
3,2025-03-08,22,Saturday,zone_hour_profile,Airport,Late evening,Weekend,1.0,0.4,1.0,0.2,1.0,0.1
3,2025-03-08,22,Saturday,zone_hour_profile,Non-airport,Late evening,Weekend,0.9656626671753764,0.8,0.9715849289353302,0.8,0.9820989021578156,0.8
3,2025-03-08,22,Saturday,same_hour_last_week,Airport,Late evening,Weekend,1.0,0.4,1.0,0.2,1.0,0.1
3,2025-03-08,22,Saturday,same_hour_last_week,Non-airport,Late evening,Weekend,0.9510889382912867,0.8,0.9641863643027773,0.7,0.9707580333204715,0.8
3,2025-03-08,22,Saturday,trailing_4_week_profile,Airport,Late evening,Weekend,1.0,0.4,1.0,0.2,1.0,0.1
3,2025-03-08,22,Saturday,trailing_4_week_profile,Non-airport,Late evening,Weekend,0.9510889382912867,0.8,0.9709056916295039,0.8,0.9742906834433974,0.8
3,2025-03-08,23,Saturday,global_popularity,Airport,Late evening,Weekend,1.0,0.4,1.0,0.2,1.0,0.1
3,2025-03-08,23,Saturday,global_popularity,Non-airport,Late evening,Weekend,0.48406045871359943,0.2,0.5301934976847006,0.5,0.6917579758737494,0.65
3,2025-03-08,23,Saturday,zone_hour_profile,Airport,Late evening,Weekend,1.0,0.4,1.0,0.2,1.0,0.1
3,2025-03-08,23,Saturday,zone_hour_profile,Non-airport,Late evening,Weekend,0.9926052140326834,0.8,0.9785786570887255,0.8,0.9925061398498993,0.95
3,2025-03-08,23,Saturday,same_hour_last_week,Airport,Late evening,Weekend,1.0,0.4,1.0,0.2,1.0,0.1
3,2025-03-08,23,Saturday,same_hour_last_week,Non-airport,Late evening,Weekend,0.9970412060343625,0.8,0.9797699975731073,0.8,0.9815548688838717,0.9
3,2025-03-08,23,Saturday,trailing_4_week_profile,Airport,Late evening,Weekend,1.0,0.4,1.0,0.2,1.0,0.1
3,2025-03-08,23,Saturday,trailing_4_week_profile,Non-airport,Late evening,Weekend,0.9970412060343625,0.8,0.9878660252781665,0.8,0.9932231415456537,0.95
3,2025-03-09,0,Sunday,global_popularity,Airport,Overnight,Weekend,1.0,0.4,1.0,0.2,1.0,0.1
3,2025-03-09,0,Sunday,global_popularity,Non-airport,Overnight,Weekend,0.26041984638559157,0.0,0.31949161446069885,0.3,0.5398981660200614,0.6
3,2025-03-09,0,Sunday,zone_hour_profile,Airport,Overnight,Weekend,1.0,0.4,1.0,0.2,1.0,0.1
3,2025-03-09,0,Sunday,zone_hour_profile,Non-airport,Overnight,Weekend,0.9968709106633696,1.0,0.9669391543536419,0.7,0.9879758502823469,0.9
3,2025-03-09,0,Sunday,same_hour_last_week,Airport,Overnight,Weekend,1.0,0.4,1.0,0.2,1.0,0.1
3,2025-03-09,0,Sunday,same_hour_last_week,Non-airport,Overnight,Weekend,0.9968709106633696,1.0,0.965762598034102,0.7,0.9658468898918855,0.85
3,2025-03-09,0,Sunday,trailing_4_week_profile,Airport,Overnight,Weekend,1.0,0.4,1.0,0.2,1.0,0.1
3,2025-03-09,0,Sunday,trailing_4_week_profile,Non-airport,Overnight,Weekend,0.9968709106633696,1.0,0.9676427019818251,0.7,0.9874891655417986,0.9
3,2025-03-09,1,Sunday,global_popularity,Airport,Overnight,Weekend,1.0,0.4,1.0,0.2,1.0,0.1
3,2025-03-09,1,Sunday,global_popularity,Non-airport,Overnight,Weekend,0.1354419931045335,0.0,0.18232201978659845,0.1,0.407817325408399,0.45
3,2025-03-09,1,Sunday,zone_hour_profile,Airport,Overnight,Weekend,1.0,0.4,1.0,0.2,1.0,0.1
3,2025-03-09,1,Sunday,zone_hour_profile,Non-airport,Overnight,Weekend,0.9908306751137439,0.8,0.992324999110628,0.8,0.9890518522742352,0.9
3,2025-03-09,1,Sunday,same_hour_last_week,Airport,Overnight,Weekend,1.0,0.4,1.0,0.2,1.0,0.1
3,2025-03-09,1,Sunday,same_hour_last_week,Non-airport,Overnight,Weekend,1.0,1.0,0.9933761975170099,0.8,0.9888831678002133,0.9
3,2025-03-09,1,Sunday,trailing_4_week_profile,Airport,Overnight,Weekend,1.0,0.4,1.0,0.2,1.0,0.1
3,2025-03-09,1,Sunday,trailing_4_week_profile,Non-airport,Overnight,Weekend,1.0,1.0,0.9933761975170099,0.8,0.9898133687114392,0.9
3,2025-03-09,3,Sunday,global_popularity,Airport,Overnight,Weekend,1.0,0.2,1.0,0.1,1.0,0.05
3,2025-03-09,3,Sunday,global_popularity,Non-airport,Overnight,Weekend,0.10705275403944704,0.0,0.13303005456327247,0.0,0.3571576750761392,0.45
3,2025-03-09,3,Sunday,zone_hour_profile,Airport,Overnight,Weekend,1.0,0.2,1.0,0.1,1.0,0.05
3,2025-03-09,3,Sunday,zone_hour_profile,Non-airport,Overnight,Weekend,1.0,1.0,0.986909241990757,0.8,0.9919156968763121,0.95
3,2025-03-09,3,Sunday,same_hour_last_week,Airport,Overnight,Weekend,1.0,0.2,1.0,0.1,1.0,0.05
3,2025-03-09,3,Sunday,same_hour_last_week,Non-airport,Overnight,Weekend,0.9955898130880876,1.0,0.9851168271179996,0.8,0.9895369211839169,0.95
3,2025-03-09,3,Sunday,trailing_4_week_profile,Airport,Overnight,Weekend,1.0,0.2,1.0,0.1,1.0,0.05
3,2025-03-09,3,Sunday,trailing_4_week_profile,Non-airport,Overnight,Weekend,1.0,1.0,0.9854323362613691,0.7,0.9910305142709039,0.95
3,2025-03-09,4,Sunday,global_popularity,Airport,Overnight,Weekend,1.0,0.4,1.0,0.2,1.0,0.1
3,2025-03-09,4,Sunday,global_popularity,Non-airport,Overnight,Weekend,0.14878930533556722,0.0,0.18080847012237308,0.0,0.4127569300890876,0.5
3,2025-03-09,4,Sunday,zone_hour_profile,Airport,Overnight,Weekend,1.0,0.4,1.0,0.2,1.0,0.1
3,2025-03-09,4,Sunday,zone_hour_profile,Non-airport,Overnight,Weekend,0.9815323319602788,0.8,0.9901826674281161,0.9,0.9811926318235527,0.85
3,2025-03-09,4,Sunday,same_hour_last_week,Airport,Overnight,Weekend,1.0,0.4,1.0,0.2,1.0,0.1
3,2025-03-09,4,Sunday,same_hour_last_week,Non-airport,Overnight,Weekend,0.9575640730800784,0.8,0.9558374354549587,0.8,0.9660604760218919,0.7
3,2025-03-09,4,Sunday,trailing_4_week_profile,Airport,Overnight,Weekend,1.0,0.4,1.0,0.2,1.0,0.1
3,2025-03-09,4,Sunday,trailing_4_week_profile,Non-airport,Overnight,Weekend,0.9815323319602788,0.8,0.9806803407978274,0.8,0.9750303450802773,0.75
3,2025-03-09,5,Sunday,global_popularity,Airport,Overnight,Weekend,1.0,0.4,1.0,0.2,1.0,0.1
3,2025-03-09,5,Sunday,global_popularity,Non-airport,Overnight,Weekend,0.3887595348927979,0.2,0.40706702965808456,0.2,0.5953683558234106,0.55
3,2025-03-09,5,Sunday,zone_hour_profile,Airport,Overnight,Weekend,1.0,0.4,1.0,0.2,1.0,0.1
3,2025-03-09,5,Sunday,zone_hour_profile,Non-airport,Overnight,Weekend,0.779631966987005,0.6,0.8393200582088628,0.6,0.8660550500524832,0.7
3,2025-03-09,5,Sunday,same_hour_last_week,Airport,Overnight,Weekend,0.9880445663315051,0.4,0.9880445663315051,0.2,0.9880445663315051,0.1
3,2025-03-09,5,Sunday,same_hour_last_week,Non-airport,Overnight,Weekend,0.8339089793790105,0.6,0.7969539723002382,0.6,0.767797529389563,0.6
3,2025-03-09,5,Sunday,trailing_4_week_profile,Airport,Overnight,Weekend,1.0,0.4,1.0,0.2,1.0,0.1
3,2025-03-09,5,Sunday,trailing_4_week_profile,Non-airport,Overnight,Weekend,0.8470491052687894,0.6,0.8373269612800067,0.7,0.9102382659979917,0.8
3,2025-03-09,6,Sunday,global_popularity,Airport,Morning,Weekend,1.0,0.4,1.0,0.2,1.0,0.1
3,2025-03-09,6,Sunday,global_popularity,Non-airport,Morning,Weekend,0.7040532516401659,0.6,0.7316291761256746,0.4,0.7933430973535891,0.65
3,2025-03-09,6,Sunday,zone_hour_profile,Airport,Morning,Weekend,1.0,0.4,1.0,0.2,1.0,0.1
3,2025-03-09,6,Sunday,zone_hour_profile,Non-airport,Morning,Weekend,0.9066944252656638,0.6,0.8622155423523972,0.5,0.88745968337316,0.65
3,2025-03-09,6,Sunday,same_hour_last_week,Airport,Morning,Weekend,1.0,0.4,1.0,0.2,1.0,0.1
3,2025-03-09,6,Sunday,same_hour_last_week,Non-airport,Morning,Weekend,0.7696095539379847,0.6,0.7432066251812567,0.4,0.7806450510368529,0.6
3,2025-03-09,6,Sunday,trailing_4_week_profile,Airport,Morning,Weekend,1.0,0.4,1.0,0.2,1.0,0.1
3,2025-03-09,6,Sunday,trailing_4_week_profile,Non-airport,Morning,Weekend,0.9066944252656638,0.6,0.862305000669979,0.5,0.8682100713305628,0.6
3,2025-03-09,7,Sunday,global_popularity,Airport,Morning,Weekend,1.0,0.4,1.0,0.2,1.0,0.1
3,2025-03-09,7,Sunday,global_popularity,Non-airport,Morning,Weekend,0.9109777636369345,0.6,0.8695292915089881,0.5,0.8819297567032459,0.75
3,2025-03-09,7,Sunday,zone_hour_profile,Airport,Morning,Weekend,1.0,0.4,1.0,0.2,1.0,0.1
3,2025-03-09,7,Sunday,zone_hour_profile,Non-airport,Morning,Weekend,0.8915304410887097,0.6,0.9040834354655064,0.7,0.933979947115702,0.8
3,2025-03-09,7,Sunday,same_hour_last_week,Airport,Morning,Weekend,1.0,0.4,1.0,0.2,1.0,0.1
3,2025-03-09,7,Sunday,same_hour_last_week,Non-airport,Morning,Weekend,0.8710625076870484,0.6,0.9244026422729541,0.7,0.9182128386566304,0.8
3,2025-03-09,7,Sunday,trailing_4_week_profile,Airport,Morning,Weekend,1.0,0.4,1.0,0.2,1.0,0.1
3,2025-03-09,7,Sunday,trailing_4_week_profile,Non-airport,Morning,Weekend,0.9204648618074275,0.6,0.9366563186388489,0.7,0.9352611611823199,0.8
3,2025-03-09,8,Sunday,global_popularity,Airport,Morning,Weekend,1.0,0.4,1.0,0.2,1.0,0.1
3,2025-03-09,8,Sunday,global_popularity,Non-airport,Morning,Weekend,0.9443168419600404,0.8,0.9111675971099168,0.6,0.9185330475262503,0.8
3,2025-03-09,8,Sunday,zone_hour_profile,Airport,Morning,Weekend,1.0,0.4,1.0,0.2,1.0,0.1
3,2025-03-09,8,Sunday,zone_hour_profile,Non-airport,Morning,Weekend,0.940780457095606,0.8,0.9441552320883531,0.7,0.9644099817402987,0.85
3,2025-03-09,8,Sunday,same_hour_last_week,Airport,Morning,Weekend,1.0,0.4,1.0,0.2,1.0,0.1
3,2025-03-09,8,Sunday,same_hour_last_week,Non-airport,Morning,Weekend,0.8814033956014974,0.6,0.9278011708574785,0.7,0.9447308095147037,0.85
3,2025-03-09,8,Sunday,trailing_4_week_profile,Airport,Morning,Weekend,1.0,0.4,1.0,0.2,1.0,0.1
3,2025-03-09,8,Sunday,trailing_4_week_profile,Non-airport,Morning,Weekend,0.9100517727247983,0.6,0.9471483136218346,0.7,0.9652670434632988,0.85
3,2025-03-09,9,Sunday,global_popularity,Airport,Morning,Weekend,1.0,0.4,1.0,0.2,1.0,0.1
3,2025-03-09,9,Sunday,global_popularity,Non-airport,Morning,Weekend,0.8936989098266908,0.6,0.8852439922494688,0.7,0.903130270724626,0.85
3,2025-03-09,9,Sunday,zone_hour_profile,Airport,Morning,Weekend,1.0,0.4,1.0,0.2,1.0,0.1
3,2025-03-09,9,Sunday,zone_hour_profile,Non-airport,Morning,Weekend,0.9831125530801375,1.0,0.976152851661073,0.9,0.9874715687534155,1.0
3,2025-03-09,9,Sunday,same_hour_last_week,Airport,Morning,Weekend,1.0,0.4,1.0,0.2,1.0,0.1
3,2025-03-09,9,Sunday,same_hour_last_week,Non-airport,Morning,Weekend,0.9831125530801375,1.0,0.9688043259346011,0.8,0.9873302425656615,1.0
3,2025-03-09,9,Sunday,trailing_4_week_profile,Airport,Morning,Weekend,1.0,0.4,1.0,0.2,1.0,0.1
3,2025-03-09,9,Sunday,trailing_4_week_profile,Non-airport,Morning,Weekend,0.9991957596748771,1.0,0.9893612825161212,0.9,0.9981215505010659,1.0
3,2025-03-09,10,Sunday,global_popularity,Airport,Midday,Weekend,0.9575265203469225,0.4,0.9575265203469225,0.2,0.9575265203469225,0.1
3,2025-03-09,10,Sunday,global_popularity,Non-airport,Midday,Weekend,0.9086764550901775,0.8,0.9038043655491818,0.7,0.9285105986184287,0.8
3,2025-03-09,10,Sunday,zone_hour_profile,Airport,Midday,Weekend,1.0,0.4,1.0,0.2,1.0,0.1
3,2025-03-09,10,Sunday,zone_hour_profile,Non-airport,Midday,Weekend,0.9897565019224182,0.8,0.9288028476412221,0.6,0.9871916475075971,0.9
3,2025-03-09,10,Sunday,same_hour_last_week,Airport,Midday,Weekend,1.0,0.4,1.0,0.2,1.0,0.1
3,2025-03-09,10,Sunday,same_hour_last_week,Non-airport,Midday,Weekend,0.9839060897333621,0.8,0.9628665581899869,0.7,0.9725436078335118,0.8
3,2025-03-09,10,Sunday,trailing_4_week_profile,Airport,Midday,Weekend,1.0,0.4,1.0,0.2,1.0,0.1
3,2025-03-09,10,Sunday,trailing_4_week_profile,Non-airport,Midday,Weekend,0.9881938510628285,0.8,0.9607663643673152,0.7,0.9827589516210306,0.85
3,2025-03-09,11,Sunday,global_popularity,Airport,Midday,Weekend,1.0,0.4,1.0,0.2,1.0,0.1
3,2025-03-09,11,Sunday,global_popularity,Non-airport,Midday,Weekend,0.9622992773876841,1.0,0.9514304458169911,0.9,0.9532162813478935,0.8
3,2025-03-09,11,Sunday,zone_hour_profile,Airport,Midday,Weekend,0.9789806336939224,0.4,0.9789806336939224,0.2,0.9789806336939224,0.1
3,2025-03-09,11,Sunday,zone_hour_profile,Non-airport,Midday,Weekend,0.9566953570462637,1.0,0.9587533734582931,0.9,0.9659043474258389,0.9
3,2025-03-09,11,Sunday,same_hour_last_week,Airport,Midday,Weekend,0.9789806336939224,0.4,0.9789806336939224,0.2,0.9789806336939224,0.1
3,2025-03-09,11,Sunday,same_hour_last_week,Non-airport,Midday,Weekend,0.9579269869966542,1.0,0.9226799436176838,0.7,0.9590333749270649,0.9
3,2025-03-09,11,Sunday,trailing_4_week_profile,Airport,Midday,Weekend,0.9789806336939224,0.4,0.9789806336939224,0.2,0.9789806336939224,0.1
3,2025-03-09,11,Sunday,trailing_4_week_profile,Non-airport,Midday,Weekend,0.9168405445982031,0.8,0.9393139246458373,0.8,0.9611322642642934,0.9
3,2025-03-09,12,Sunday,global_popularity,Airport,Midday,Weekend,1.0,0.4,1.0,0.2,1.0,0.1
3,2025-03-09,12,Sunday,global_popularity,Non-airport,Midday,Weekend,0.9319883499590647,0.8,0.9405023841569239,0.9,0.9450415818378844,0.8
3,2025-03-09,12,Sunday,zone_hour_profile,Airport,Midday,Weekend,1.0,0.4,1.0,0.2,1.0,0.1
3,2025-03-09,12,Sunday,zone_hour_profile,Non-airport,Midday,Weekend,0.9966946152314963,0.8,0.9939221475307193,0.9,0.9823347516579085,0.85
3,2025-03-09,12,Sunday,same_hour_last_week,Airport,Midday,Weekend,1.0,0.4,1.0,0.2,1.0,0.1
3,2025-03-09,12,Sunday,same_hour_last_week,Non-airport,Midday,Weekend,0.9948635703620249,0.8,0.9934842878246766,0.9,0.9809533907327725,0.85
3,2025-03-09,12,Sunday,trailing_4_week_profile,Airport,Midday,Weekend,1.0,0.4,1.0,0.2,1.0,0.1
3,2025-03-09,12,Sunday,trailing_4_week_profile,Non-airport,Midday,Weekend,0.9948635703620249,0.8,0.9827173987743459,0.9,0.9905385565457644,0.9
3,2025-03-09,13,Sunday,global_popularity,Airport,Midday,Weekend,1.0,0.4,1.0,0.2,1.0,0.1
3,2025-03-09,13,Sunday,global_popularity,Non-airport,Midday,Weekend,0.9165950642317605,0.8,0.9357382490563649,0.9,0.9336279309148168,0.85
3,2025-03-09,13,Sunday,zone_hour_profile,Airport,Midday,Weekend,1.0,0.4,1.0,0.2,1.0,0.1
3,2025-03-09,13,Sunday,zone_hour_profile,Non-airport,Midday,Weekend,0.9639824636896693,1.0,0.9721096396672295,0.9,0.9726684718025141,0.9
3,2025-03-09,13,Sunday,same_hour_last_week,Airport,Midday,Weekend,1.0,0.4,1.0,0.2,1.0,0.1
3,2025-03-09,13,Sunday,same_hour_last_week,Non-airport,Midday,Weekend,1.0,1.0,0.9599601708890699,0.7,0.9818682085295882,0.9
3,2025-03-09,13,Sunday,trailing_4_week_profile,Airport,Midday,Weekend,1.0,0.4,1.0,0.2,1.0,0.1
3,2025-03-09,13,Sunday,trailing_4_week_profile,Non-airport,Midday,Weekend,0.9639824636896693,1.0,0.9736371158919437,1.0,0.9684130410254242,0.9
3,2025-03-09,14,Sunday,global_popularity,Airport,Midday,Weekend,1.0,0.4,1.0,0.2,1.0,0.1
3,2025-03-09,14,Sunday,global_popularity,Non-airport,Midday,Weekend,0.9377662818467519,0.8,0.9537775366592646,0.9,0.9567595661074487,0.8
3,2025-03-09,14,Sunday,zone_hour_profile,Airport,Midday,Weekend,1.0,0.4,1.0,0.2,1.0,0.1
3,2025-03-09,14,Sunday,zone_hour_profile,Non-airport,Midday,Weekend,0.977400493376026,0.8,0.9436678055667982,0.8,0.973804179138748,0.85
3,2025-03-09,14,Sunday,same_hour_last_week,Airport,Midday,Weekend,1.0,0.4,1.0,0.2,1.0,0.1
3,2025-03-09,14,Sunday,same_hour_last_week,Non-airport,Midday,Weekend,0.9675592980836472,0.8,0.9334371224995393,0.8,0.9591542947509833,0.85
3,2025-03-09,14,Sunday,trailing_4_week_profile,Airport,Midday,Weekend,1.0,0.4,1.0,0.2,1.0,0.1
3,2025-03-09,14,Sunday,trailing_4_week_profile,Non-airport,Midday,Weekend,0.977400493376026,0.8,0.9590804331111376,0.8,0.975734881862629,0.85
3,2025-03-09,15,Sunday,global_popularity,Airport,Midday,Weekend,1.0,0.4,1.0,0.2,1.0,0.1
3,2025-03-09,15,Sunday,global_popularity,Non-airport,Midday,Weekend,0.969420780684286,0.8,0.988613081378351,1.0,0.9676670903302079,0.75
3,2025-03-09,15,Sunday,zone_hour_profile,Airport,Midday,Weekend,1.0,0.4,1.0,0.2,1.0,0.1
3,2025-03-09,15,Sunday,zone_hour_profile,Non-airport,Midday,Weekend,0.9641771516644743,0.6,0.9732642941877954,0.9,0.9790900469031522,0.8
3,2025-03-09,15,Sunday,same_hour_last_week,Airport,Midday,Weekend,1.0,0.4,1.0,0.2,1.0,0.1
3,2025-03-09,15,Sunday,same_hour_last_week,Non-airport,Midday,Weekend,0.910048746824115,0.6,0.9353227242248335,0.8,0.9631464244839397,0.85
3,2025-03-09,15,Sunday,trailing_4_week_profile,Airport,Midday,Weekend,1.0,0.4,1.0,0.2,1.0,0.1
3,2025-03-09,15,Sunday,trailing_4_week_profile,Non-airport,Midday,Weekend,0.9489205661139989,0.6,0.9904302827303373,0.9,0.9812071160236403,0.8
3,2025-03-09,16,Sunday,global_popularity,Airport,Evening,Weekend,1.0,0.4,1.0,0.2,1.0,0.1
3,2025-03-09,16,Sunday,global_popularity,Non-airport,Evening,Weekend,0.9710310854734564,1.0,0.9599401752575173,0.9,0.9565886175141307,0.8
3,2025-03-09,16,Sunday,zone_hour_profile,Airport,Evening,Weekend,1.0,0.4,1.0,0.2,1.0,0.1
3,2025-03-09,16,Sunday,zone_hour_profile,Non-airport,Evening,Weekend,0.9756651995451718,1.0,0.9699277367579078,0.9,0.9757643523893308,0.85
3,2025-03-09,16,Sunday,same_hour_last_week,Airport,Evening,Weekend,1.0,0.4,1.0,0.2,1.0,0.1
3,2025-03-09,16,Sunday,same_hour_last_week,Non-airport,Evening,Weekend,0.8929755025224709,0.6,0.9590255860556168,0.9,0.9674650866420506,0.85
3,2025-03-09,16,Sunday,trailing_4_week_profile,Airport,Evening,Weekend,1.0,0.4,1.0,0.2,1.0,0.1
3,2025-03-09,16,Sunday,trailing_4_week_profile,Non-airport,Evening,Weekend,0.9659182479049325,1.0,0.9625650817118162,0.9,0.9733606999889444,0.9
3,2025-03-09,17,Sunday,global_popularity,Airport,Evening,Weekend,1.0,0.4,1.0,0.2,1.0,0.1
3,2025-03-09,17,Sunday,global_popularity,Non-airport,Evening,Weekend,0.910219903711165,1.0,0.9230245126167483,0.9,0.9247649854934659,0.8
3,2025-03-09,17,Sunday,zone_hour_profile,Airport,Evening,Weekend,1.0,0.4,1.0,0.2,1.0,0.1
3,2025-03-09,17,Sunday,zone_hour_profile,Non-airport,Evening,Weekend,0.9737761486388414,0.8,0.9810469467384663,0.9,0.9812879482475564,0.85
3,2025-03-09,17,Sunday,same_hour_last_week,Airport,Evening,Weekend,1.0,0.4,1.0,0.2,1.0,0.1
3,2025-03-09,17,Sunday,same_hour_last_week,Non-airport,Evening,Weekend,0.8383182785670978,0.8,0.9022957549606252,0.9,0.9201807506984031,0.85
3,2025-03-09,17,Sunday,trailing_4_week_profile,Airport,Evening,Weekend,1.0,0.4,1.0,0.2,1.0,0.1
3,2025-03-09,17,Sunday,trailing_4_week_profile,Non-airport,Evening,Weekend,0.8221998374679002,0.8,0.8896525208099895,0.8,0.9145525138261492,0.85
3,2025-03-09,18,Sunday,global_popularity,Airport,Evening,Weekend,1.0,0.4,1.0,0.2,1.0,0.1
3,2025-03-09,18,Sunday,global_popularity,Non-airport,Evening,Weekend,0.9466789088685406,0.8,0.9568906716688157,0.9,0.9611863369355833,0.85
3,2025-03-09,18,Sunday,zone_hour_profile,Airport,Evening,Weekend,1.0,0.4,1.0,0.2,1.0,0.1
3,2025-03-09,18,Sunday,zone_hour_profile,Non-airport,Evening,Weekend,0.9474185376882598,0.6,0.968471038050451,0.9,0.9633197242078879,0.9
3,2025-03-09,18,Sunday,same_hour_last_week,Airport,Evening,Weekend,1.0,0.4,1.0,0.2,1.0,0.1
3,2025-03-09,18,Sunday,same_hour_last_week,Non-airport,Evening,Weekend,0.9352351836050814,0.6,0.9346758865919853,0.8,0.9442004653974168,0.8
3,2025-03-09,18,Sunday,trailing_4_week_profile,Airport,Evening,Weekend,1.0,0.4,1.0,0.2,1.0,0.1
3,2025-03-09,18,Sunday,trailing_4_week_profile,Non-airport,Evening,Weekend,0.8978554674342185,0.6,0.9205277278959612,0.8,0.9336819637677871,0.8
3,2025-03-09,19,Sunday,global_popularity,Airport,Evening,Weekend,1.0,0.4,1.0,0.2,1.0,0.1
3,2025-03-09,19,Sunday,global_popularity,Non-airport,Evening,Weekend,0.8029494780870968,0.6,0.8559029110013056,0.9,0.8992322490595501,0.9
3,2025-03-09,19,Sunday,zone_hour_profile,Airport,Evening,Weekend,1.0,0.4,1.0,0.2,1.0,0.1
3,2025-03-09,19,Sunday,zone_hour_profile,Non-airport,Evening,Weekend,0.9715735354300259,0.6,0.9779810468360152,0.8,0.9887187419775106,0.9
3,2025-03-09,19,Sunday,same_hour_last_week,Airport,Evening,Weekend,1.0,0.4,1.0,0.2,1.0,0.1
3,2025-03-09,19,Sunday,same_hour_last_week,Non-airport,Evening,Weekend,0.8176782851073168,0.6,0.8733090427042401,0.8,0.9065031483174331,0.9
3,2025-03-09,19,Sunday,trailing_4_week_profile,Airport,Evening,Weekend,1.0,0.4,1.0,0.2,1.0,0.1
3,2025-03-09,19,Sunday,trailing_4_week_profile,Non-airport,Evening,Weekend,0.963924240011872,0.6,0.9810710262960811,0.8,0.9916072300762765,0.95
3,2025-03-09,20,Sunday,global_popularity,Airport,Evening,Weekend,1.0,0.4,1.0,0.2,1.0,0.1
3,2025-03-09,20,Sunday,global_popularity,Non-airport,Evening,Weekend,0.6299455288264025,0.4,0.6949280944380706,0.6,0.7786371596747874,0.85
3,2025-03-09,20,Sunday,zone_hour_profile,Airport,Evening,Weekend,1.0,0.4,1.0,0.2,1.0,0.1
3,2025-03-09,20,Sunday,zone_hour_profile,Non-airport,Evening,Weekend,0.9647907350550916,0.6,0.985278229032909,0.9,0.9860829230895439,0.9
3,2025-03-09,20,Sunday,same_hour_last_week,Airport,Evening,Weekend,1.0,0.4,1.0,0.2,1.0,0.1
3,2025-03-09,20,Sunday,same_hour_last_week,Non-airport,Evening,Weekend,0.9752900738558579,0.8,0.9790613311266512,0.9,0.9867165817625435,0.95
3,2025-03-09,20,Sunday,trailing_4_week_profile,Airport,Evening,Weekend,1.0,0.4,1.0,0.2,1.0,0.1
3,2025-03-09,20,Sunday,trailing_4_week_profile,Non-airport,Evening,Weekend,0.9736143125925262,0.6,0.9903487194768693,0.9,0.982958652062509,0.9
3,2025-03-09,21,Sunday,global_popularity,Airport,Late evening,Weekend,1.0,0.4,1.0,0.2,1.0,0.1
3,2025-03-09,21,Sunday,global_popularity,Non-airport,Late evening,Weekend,0.6787696449102487,0.2,0.7403526830372039,0.5,0.8146732515116897,0.85
3,2025-03-09,21,Sunday,zone_hour_profile,Airport,Late evening,Weekend,1.0,0.4,1.0,0.2,1.0,0.1
3,2025-03-09,21,Sunday,zone_hour_profile,Non-airport,Late evening,Weekend,0.8809937821497825,0.6,0.9005308871567035,0.8,0.9210718181086168,0.9
3,2025-03-09,21,Sunday,same_hour_last_week,Airport,Late evening,Weekend,1.0,0.4,1.0,0.2,1.0,0.1
3,2025-03-09,21,Sunday,same_hour_last_week,Non-airport,Late evening,Weekend,0.9670226340659365,0.8,0.9587671926493296,0.8,0.9548860671408849,0.9
3,2025-03-09,21,Sunday,trailing_4_week_profile,Airport,Late evening,Weekend,1.0,0.4,1.0,0.2,1.0,0.1
3,2025-03-09,21,Sunday,trailing_4_week_profile,Non-airport,Late evening,Weekend,0.940975454476842,0.6,0.9500568711665831,0.8,0.9583330359483954,0.9
3,2025-03-09,22,Sunday,global_popularity,Airport,Late evening,Weekend,1.0,0.4,1.0,0.2,1.0,0.1
3,2025-03-09,22,Sunday,global_popularity,Non-airport,Late evening,Weekend,0.6615386520980088,0.4,0.7025714097880799,0.5,0.7992368982345616,0.8
3,2025-03-09,22,Sunday,zone_hour_profile,Airport,Late evening,Weekend,1.0,0.4,1.0,0.2,1.0,0.1
3,2025-03-09,22,Sunday,zone_hour_profile,Non-airport,Late evening,Weekend,0.8938533950406157,0.8,0.8877117195032408,0.8,0.9144731514647202,0.9
3,2025-03-09,22,Sunday,same_hour_last_week,Airport,Late evening,Weekend,1.0,0.4,1.0,0.2,1.0,0.1
3,2025-03-09,22,Sunday,same_hour_last_week,Non-airport,Late evening,Weekend,0.9576417985589684,0.8,0.9332557270805331,0.8,0.9519052725144674,0.9
3,2025-03-09,22,Sunday,trailing_4_week_profile,Airport,Late evening,Weekend,1.0,0.4,1.0,0.2,1.0,0.1
3,2025-03-09,22,Sunday,trailing_4_week_profile,Non-airport,Late evening,Weekend,0.84755140623531,0.8,0.8433985218211165,0.8,0.8646949900100467,0.8
3,2025-03-09,23,Sunday,global_popularity,Airport,Late evening,Weekend,1.0,0.4,1.0,0.2,1.0,0.1
3,2025-03-09,23,Sunday,global_popularity,Non-airport,Late evening,Weekend,0.8157910748121476,0.6,0.7894311987423756,0.4,0.8426830791734052,0.75
3,2025-03-09,23,Sunday,zone_hour_profile,Airport,Late evening,Weekend,1.0,0.4,1.0,0.2,1.0,0.1
3,2025-03-09,23,Sunday,zone_hour_profile,Non-airport,Late evening,Weekend,0.7046449826734741,0.4,0.7363016927943713,0.7,0.798234791275428,0.8
3,2025-03-09,23,Sunday,same_hour_last_week,Airport,Late evening,Weekend,1.0,0.4,1.0,0.2,1.0,0.1
3,2025-03-09,23,Sunday,same_hour_last_week,Non-airport,Late evening,Weekend,0.6347188500888348,0.4,0.6929370719414962,0.7,0.7088615987477473,0.75
3,2025-03-09,23,Sunday,trailing_4_week_profile,Airport,Late evening,Weekend,1.0,0.4,1.0,0.2,1.0,0.1
3,2025-03-09,23,Sunday,trailing_4_week_profile,Non-airport,Late evening,Weekend,0.5843839934597076,0.4,0.6977540354488061,0.7,0.7701909204908731,0.8
4,2025-03-17,0,Monday,global_popularity,Airport,Overnight,Weekday,1.0,0.4,1.0,0.2,1.0,0.1
4,2025-03-17,0,Monday,global_popularity,Non-airport,Overnight,Weekday,0.40104660293248734,0.4,0.4335093489676378,0.2,0.5726839294641402,0.65
4,2025-03-17,0,Monday,zone_hour_profile,Airport,Overnight,Weekday,1.0,0.4,1.0,0.2,1.0,0.1
4,2025-03-17,0,Monday,zone_hour_profile,Non-airport,Overnight,Weekday,0.5992297330921943,0.4,0.667254459047777,0.8,0.7129955959644767,0.95
4,2025-03-17,0,Monday,same_hour_last_week,Airport,Overnight,Weekday,1.0,0.4,1.0,0.2,1.0,0.1
4,2025-03-17,0,Monday,same_hour_last_week,Non-airport,Overnight,Weekday,0.6545515737088387,0.6,0.8047234789889195,0.9,0.8293423022686195,0.9
4,2025-03-17,0,Monday,trailing_4_week_profile,Airport,Overnight,Weekday,1.0,0.4,1.0,0.2,1.0,0.1
4,2025-03-17,0,Monday,trailing_4_week_profile,Non-airport,Overnight,Weekday,0.6018687951839792,0.4,0.67169602801823,0.8,0.7736604969693821,0.9
4,2025-03-17,1,Monday,global_popularity,Airport,Overnight,Weekday,1.0,0.4,1.0,0.2,1.0,0.1
4,2025-03-17,1,Monday,global_popularity,Non-airport,Overnight,Weekday,0.27397619034290077,0.2,0.3244541166702487,0.2,0.4580622390215814,0.6
4,2025-03-17,1,Monday,zone_hour_profile,Airport,Overnight,Weekday,1.0,0.4,1.0,0.2,1.0,0.1
4,2025-03-17,1,Monday,zone_hour_profile,Non-airport,Overnight,Weekday,0.6332607564782566,0.8,0.6743399856175464,0.9,0.6805059192974154,0.7
4,2025-03-17,1,Monday,same_hour_last_week,Airport,Overnight,Weekday,1.0,0.4,1.0,0.2,1.0,0.1
4,2025-03-17,1,Monday,same_hour_last_week,Non-airport,Overnight,Weekday,0.609821943805446,0.6,0.6814129902983393,0.9,0.7650662572189687,0.8
4,2025-03-17,1,Monday,trailing_4_week_profile,Airport,Overnight,Weekday,1.0,0.4,1.0,0.2,1.0,0.1
4,2025-03-17,1,Monday,trailing_4_week_profile,Non-airport,Overnight,Weekday,0.6332213817951369,0.8,0.6588306557288212,0.8,0.740136314406713,0.7
4,2025-03-17,2,Monday,global_popularity,Airport,Overnight,Weekday,1.0,0.4,1.0,0.2,1.0,0.1
4,2025-03-17,2,Monday,global_popularity,Non-airport,Overnight,Weekday,0.2780830233271503,0.2,0.2709794788150474,0.2,0.47750315712863395,0.4
4,2025-03-17,2,Monday,zone_hour_profile,Airport,Overnight,Weekday,1.0,0.4,1.0,0.2,1.0,0.1
4,2025-03-17,2,Monday,zone_hour_profile,Non-airport,Overnight,Weekday,0.8661440862806098,0.8,0.8990409666703195,0.8,0.8600617120346791,0.6
4,2025-03-17,2,Monday,same_hour_last_week,Airport,Overnight,Weekday,1.0,0.4,1.0,0.2,1.0,0.1
4,2025-03-17,2,Monday,same_hour_last_week,Non-airport,Overnight,Weekday,0.9192797883353185,0.8,0.875039149129086,0.7,0.8664003938230422,0.6
4,2025-03-17,2,Monday,trailing_4_week_profile,Airport,Overnight,Weekday,1.0,0.4,1.0,0.2,1.0,0.1
4,2025-03-17,2,Monday,trailing_4_week_profile,Non-airport,Overnight,Weekday,0.8348082236340906,0.8,0.8563230598220603,0.8,0.8532245875165597,0.65
4,2025-03-17,3,Monday,global_popularity,Airport,Overnight,Weekday,1.0,0.4,1.0,0.2,1.0,0.1
4,2025-03-17,3,Monday,global_popularity,Non-airport,Overnight,Weekday,0.3978494361857575,0.4,0.3551247625677305,0.2,0.5025138882771089,0.4
4,2025-03-17,3,Monday,zone_hour_profile,Airport,Overnight,Weekday,1.0,0.4,1.0,0.2,1.0,0.1
4,2025-03-17,3,Monday,zone_hour_profile,Non-airport,Overnight,Weekday,0.652485379783874,0.6,0.7531619541073081,0.6,0.7781424446391835,0.65
4,2025-03-17,3,Monday,same_hour_last_week,Airport,Overnight,Weekday,0.9959226074670886,0.4,0.9959226074670886,0.2,0.9959226074670886,0.1
4,2025-03-17,3,Monday,same_hour_last_week,Non-airport,Overnight,Weekday,0.6641764618989334,0.4,0.6607340774332259,0.5,0.6977741483735429,0.55
4,2025-03-17,3,Monday,trailing_4_week_profile,Airport,Overnight,Weekday,1.0,0.4,1.0,0.2,1.0,0.1
4,2025-03-17,3,Monday,trailing_4_week_profile,Non-airport,Overnight,Weekday,0.6391191070610602,0.6,0.7119978570626515,0.6,0.7063541021409568,0.55
4,2025-03-17,4,Monday,global_popularity,Airport,Overnight,Weekday,1.0,0.4,1.0,0.2,1.0,0.1
4,2025-03-17,4,Monday,global_popularity,Non-airport,Overnight,Weekday,0.5484944638566149,0.2,0.5359467793487446,0.4,0.714864467616064,0.7
4,2025-03-17,4,Monday,zone_hour_profile,Airport,Overnight,Weekday,1.0,0.4,1.0,0.2,1.0,0.1
4,2025-03-17,4,Monday,zone_hour_profile,Non-airport,Overnight,Weekday,0.8118869606197588,0.4,0.8886168975965852,0.7,0.8559497016435427,0.65
4,2025-03-17,4,Monday,same_hour_last_week,Airport,Overnight,Weekday,0.9837546407553959,0.4,0.9837546407553959,0.2,0.9837546407553959,0.1
4,2025-03-17,4,Monday,same_hour_last_week,Non-airport,Overnight,Weekday,0.6492634626581754,0.2,0.6995910191557403,0.3,0.7564152226088273,0.6
4,2025-03-17,4,Monday,trailing_4_week_profile,Airport,Overnight,Weekday,1.0,0.4,1.0,0.2,1.0,0.1
4,2025-03-17,4,Monday,trailing_4_week_profile,Non-airport,Overnight,Weekday,0.8291704870594123,0.6,0.837889489790876,0.6,0.8218132559797074,0.6
4,2025-03-17,5,Monday,global_popularity,Airport,Overnight,Weekday,1.0,0.4,1.0,0.2,1.0,0.1
4,2025-03-17,5,Monday,global_popularity,Non-airport,Overnight,Weekday,0.509225707290841,0.4,0.5480678741490174,0.4,0.6804476492511734,0.7
4,2025-03-17,5,Monday,zone_hour_profile,Airport,Overnight,Weekday,1.0,0.4,1.0,0.2,1.0,0.1
4,2025-03-17,5,Monday,zone_hour_profile,Non-airport,Overnight,Weekday,0.96998878598566,0.8,0.9624607596641122,0.7,0.9668652139731025,0.85
4,2025-03-17,5,Monday,same_hour_last_week,Airport,Overnight,Weekday,1.0,0.4,1.0,0.2,1.0,0.1
4,2025-03-17,5,Monday,same_hour_last_week,Non-airport,Overnight,Weekday,0.8904891159571334,0.6,0.91967731706623,0.7,0.9339969364067088,0.8
4,2025-03-17,5,Monday,trailing_4_week_profile,Airport,Overnight,Weekday,1.0,0.4,1.0,0.2,1.0,0.1
4,2025-03-17,5,Monday,trailing_4_week_profile,Non-airport,Overnight,Weekday,0.9265851893729581,0.8,0.92753327954176,0.7,0.9484645880596472,0.85
4,2025-03-17,6,Monday,global_popularity,Airport,Morning,Weekday,1.0,0.4,1.0,0.2,1.0,0.1
4,2025-03-17,6,Monday,global_popularity,Non-airport,Morning,Weekday,0.6252725863174569,0.4,0.6825957371256071,0.5,0.7784595681607319,0.75
4,2025-03-17,6,Monday,zone_hour_profile,Airport,Morning,Weekday,1.0,0.4,1.0,0.2,1.0,0.1
4,2025-03-17,6,Monday,zone_hour_profile,Non-airport,Morning,Weekday,0.9221031358440875,0.6,0.9691857983393918,0.8,0.9635154242185326,0.85
4,2025-03-17,6,Monday,same_hour_last_week,Airport,Morning,Weekday,1.0,0.4,1.0,0.2,1.0,0.1
4,2025-03-17,6,Monday,same_hour_last_week,Non-airport,Morning,Weekday,0.8807466773438525,0.6,0.924898971456113,0.8,0.9244038090867488,0.75
4,2025-03-17,6,Monday,trailing_4_week_profile,Airport,Morning,Weekday,1.0,0.4,1.0,0.2,1.0,0.1
4,2025-03-17,6,Monday,trailing_4_week_profile,Non-airport,Morning,Weekday,0.9185937726844805,0.6,0.9655427299557874,0.8,0.9680587168457574,0.85
4,2025-03-17,7,Monday,global_popularity,Airport,Morning,Weekday,1.0,0.4,1.0,0.2,1.0,0.1
4,2025-03-17,7,Monday,global_popularity,Non-airport,Morning,Weekday,0.7672652078294473,0.6,0.7578403515693553,0.5,0.8254119800111983,0.8
4,2025-03-17,7,Monday,zone_hour_profile,Airport,Morning,Weekday,1.0,0.4,1.0,0.2,1.0,0.1
4,2025-03-17,7,Monday,zone_hour_profile,Non-airport,Morning,Weekday,0.9638663912538301,0.8,0.9781703974836625,0.9,0.9851987800912263,0.9
4,2025-03-17,7,Monday,same_hour_last_week,Airport,Morning,Weekday,1.0,0.4,1.0,0.2,1.0,0.1
4,2025-03-17,7,Monday,same_hour_last_week,Non-airport,Morning,Weekday,0.9639306980815261,0.8,0.9777513669254763,0.9,0.9787781260149122,0.85
4,2025-03-17,7,Monday,trailing_4_week_profile,Airport,Morning,Weekday,1.0,0.4,1.0,0.2,1.0,0.1
4,2025-03-17,7,Monday,trailing_4_week_profile,Non-airport,Morning,Weekday,0.9751956929706096,0.8,0.9864330405713034,0.9,0.9886116931828324,0.85
4,2025-03-17,8,Monday,global_popularity,Airport,Morning,Weekday,1.0,0.4,1.0,0.2,1.0,0.1
4,2025-03-17,8,Monday,global_popularity,Non-airport,Morning,Weekday,0.8457231382476166,0.6,0.829396238378925,0.5,0.8747899924498004,0.85
4,2025-03-17,8,Monday,zone_hour_profile,Airport,Morning,Weekday,1.0,0.4,1.0,0.2,1.0,0.1
4,2025-03-17,8,Monday,zone_hour_profile,Non-airport,Morning,Weekday,0.9654734188456482,0.6,0.9720630123884543,0.8,0.9809136163332579,0.9
4,2025-03-17,8,Monday,same_hour_last_week,Airport,Morning,Weekday,1.0,0.4,1.0,0.2,1.0,0.1
4,2025-03-17,8,Monday,same_hour_last_week,Non-airport,Morning,Weekday,0.9711596040568592,0.8,0.9744093666475916,0.8,0.9582112088602487,0.85
4,2025-03-17,8,Monday,trailing_4_week_profile,Airport,Morning,Weekday,1.0,0.4,1.0,0.2,1.0,0.1
4,2025-03-17,8,Monday,trailing_4_week_profile,Non-airport,Morning,Weekday,0.9654734188456482,0.6,0.9728175361399645,0.8,0.986729986667519,0.95
4,2025-03-17,9,Monday,global_popularity,Airport,Morning,Weekday,0.9485061763779664,0.4,0.9485061763779664,0.2,0.9485061763779664,0.1
4,2025-03-17,9,Monday,global_popularity,Non-airport,Morning,Weekday,0.8065942925603096,0.8,0.8206541868278892,0.5,0.8695731700227587,0.85
4,2025-03-17,9,Monday,zone_hour_profile,Airport,Morning,Weekday,1.0,0.4,1.0,0.2,1.0,0.1
4,2025-03-17,9,Monday,zone_hour_profile,Non-airport,Morning,Weekday,0.9841130001991324,0.8,0.9630586722870284,0.7,0.9872510895627347,0.95
4,2025-03-17,9,Monday,same_hour_last_week,Airport,Morning,Weekday,1.0,0.4,1.0,0.2,1.0,0.1
4,2025-03-17,9,Monday,same_hour_last_week,Non-airport,Morning,Weekday,0.9841130001991324,0.8,0.9684784397914076,0.7,0.9860265616523244,0.95
4,2025-03-17,9,Monday,trailing_4_week_profile,Airport,Morning,Weekday,1.0,0.4,1.0,0.2,1.0,0.1
4,2025-03-17,9,Monday,trailing_4_week_profile,Non-airport,Morning,Weekday,0.9841130001991324,0.8,0.9690008900815157,0.7,0.9885838078299332,0.95
4,2025-03-17,10,Monday,global_popularity,Airport,Midday,Weekday,0.9271117021488773,0.4,0.9271117021488773,0.2,0.9271117021488773,0.1
4,2025-03-17,10,Monday,global_popularity,Non-airport,Midday,Weekday,0.8126600181933709,0.8,0.8274949788651704,0.7,0.8549815686655908,0.8
4,2025-03-17,10,Monday,zone_hour_profile,Airport,Midday,Weekday,1.0,0.4,1.0,0.2,1.0,0.1
4,2025-03-17,10,Monday,zone_hour_profile,Non-airport,Midday,Weekday,0.927766162242705,0.6,0.9386005611762082,0.8,0.9750522891486804,0.9
4,2025-03-17,10,Monday,same_hour_last_week,Airport,Midday,Weekday,1.0,0.4,1.0,0.2,1.0,0.1
4,2025-03-17,10,Monday,same_hour_last_week,Non-airport,Midday,Weekday,0.915069754157215,0.6,0.9256679526102773,0.8,0.9652327895382163,0.9
4,2025-03-17,10,Monday,trailing_4_week_profile,Airport,Midday,Weekday,1.0,0.4,1.0,0.2,1.0,0.1
4,2025-03-17,10,Monday,trailing_4_week_profile,Non-airport,Midday,Weekday,0.915069754157215,0.6,0.9560639320530189,0.9,0.9717328142445618,0.95
4,2025-03-17,11,Monday,global_popularity,Airport,Midday,Weekday,0.9442882388555615,0.4,0.9442882388555615,0.2,0.9442882388555615,0.1
4,2025-03-17,11,Monday,global_popularity,Non-airport,Midday,Weekday,0.8130633871682593,0.8,0.8475015309324152,0.8,0.8709653919581614,0.85
4,2025-03-17,11,Monday,zone_hour_profile,Airport,Midday,Weekday,1.0,0.4,1.0,0.2,1.0,0.1
4,2025-03-17,11,Monday,zone_hour_profile,Non-airport,Midday,Weekday,0.9075358790642173,0.6,0.9543005501715568,0.8,0.9605002821408922,0.95
4,2025-03-17,11,Monday,same_hour_last_week,Airport,Midday,Weekday,1.0,0.4,1.0,0.2,1.0,0.1
4,2025-03-17,11,Monday,same_hour_last_week,Non-airport,Midday,Weekday,0.8754187105230739,0.6,0.896397063561723,0.7,0.9411761430979498,0.95
4,2025-03-17,11,Monday,trailing_4_week_profile,Airport,Midday,Weekday,1.0,0.4,1.0,0.2,1.0,0.1
4,2025-03-17,11,Monday,trailing_4_week_profile,Non-airport,Midday,Weekday,0.9084541707966645,0.6,0.937887270174722,0.8,0.9761661775684751,1.0
4,2025-03-17,12,Monday,global_popularity,Airport,Midday,Weekday,1.0,0.4,1.0,0.2,1.0,0.1
4,2025-03-17,12,Monday,global_popularity,Non-airport,Midday,Weekday,0.8170826578941618,0.8,0.8504736291347004,0.7,0.8833766024046555,0.8
4,2025-03-17,12,Monday,zone_hour_profile,Airport,Midday,Weekday,0.9375472687624078,0.4,0.9375472687624078,0.2,0.9375472687624078,0.1
4,2025-03-17,12,Monday,zone_hour_profile,Non-airport,Midday,Weekday,0.9076831747148658,0.6,0.9365027078956148,0.8,0.9659365471275965,0.9
4,2025-03-17,12,Monday,same_hour_last_week,Airport,Midday,Weekday,1.0,0.4,1.0,0.2,1.0,0.1
4,2025-03-17,12,Monday,same_hour_last_week,Non-airport,Midday,Weekday,0.8818961011110583,0.6,0.9095838621296898,0.7,0.9522588260504895,0.9
4,2025-03-17,12,Monday,trailing_4_week_profile,Airport,Midday,Weekday,1.0,0.4,1.0,0.2,1.0,0.1
4,2025-03-17,12,Monday,trailing_4_week_profile,Non-airport,Midday,Weekday,0.9212677729540437,0.8,0.9632307686500151,0.8,0.9681460706846486,0.9
4,2025-03-17,13,Monday,global_popularity,Airport,Midday,Weekday,0.9548975601104037,0.4,0.9548975601104037,0.2,0.9548975601104037,0.1
4,2025-03-17,13,Monday,global_popularity,Non-airport,Midday,Weekday,0.8545377492669778,0.8,0.8765341501527887,0.7,0.9049536731350368,0.85
4,2025-03-17,13,Monday,zone_hour_profile,Airport,Midday,Weekday,0.9548975601104037,0.4,0.9548975601104037,0.2,0.9548975601104037,0.1
4,2025-03-17,13,Monday,zone_hour_profile,Non-airport,Midday,Weekday,0.9514587179088135,0.8,0.9447928108463401,0.7,0.9588284455613767,0.9
4,2025-03-17,13,Monday,same_hour_last_week,Airport,Midday,Weekday,1.0,0.4,1.0,0.2,1.0,0.1
4,2025-03-17,13,Monday,same_hour_last_week,Non-airport,Midday,Weekday,0.9514587179088135,0.8,0.944981309023744,0.7,0.9627879450567981,0.9
4,2025-03-17,13,Monday,trailing_4_week_profile,Airport,Midday,Weekday,0.9548975601104037,0.4,0.9548975601104037,0.2,0.9548975601104037,0.1
4,2025-03-17,13,Monday,trailing_4_week_profile,Non-airport,Midday,Weekday,0.9661029113904279,0.8,0.9555425752447991,0.7,0.9669574291867729,0.9
4,2025-03-17,14,Monday,global_popularity,Airport,Midday,Weekday,1.0,0.4,1.0,0.2,1.0,0.1
4,2025-03-17,14,Monday,global_popularity,Non-airport,Midday,Weekday,0.8203309649654269,0.6,0.847593322237866,0.7,0.8930811081547353,0.9
4,2025-03-17,14,Monday,zone_hour_profile,Airport,Midday,Weekday,1.0,0.4,1.0,0.2,1.0,0.1
4,2025-03-17,14,Monday,zone_hour_profile,Non-airport,Midday,Weekday,0.9548207546758959,0.6,0.950672809966188,0.8,0.9707626567878689,0.85
4,2025-03-17,14,Monday,same_hour_last_week,Airport,Midday,Weekday,0.9691124745463039,0.4,0.9691124745463039,0.2,0.9691124745463039,0.1
4,2025-03-17,14,Monday,same_hour_last_week,Non-airport,Midday,Weekday,0.9480321512694463,0.6,0.949863897930092,0.8,0.9721005835723913,0.9
4,2025-03-17,14,Monday,trailing_4_week_profile,Airport,Midday,Weekday,1.0,0.4,1.0,0.2,1.0,0.1
4,2025-03-17,14,Monday,trailing_4_week_profile,Non-airport,Midday,Weekday,0.9547252851285195,0.6,0.9658329310173152,0.9,0.9707007916152647,0.85
4,2025-03-17,15,Monday,global_popularity,Airport,Midday,Weekday,1.0,0.4,1.0,0.2,1.0,0.1
4,2025-03-17,15,Monday,global_popularity,Non-airport,Midday,Weekday,0.909056558783581,0.8,0.9066060604276631,0.7,0.9215362345966734,0.85
4,2025-03-17,15,Monday,zone_hour_profile,Airport,Midday,Weekday,1.0,0.4,1.0,0.2,1.0,0.1
4,2025-03-17,15,Monday,zone_hour_profile,Non-airport,Midday,Weekday,0.9967949675433618,0.8,0.9770963151601058,0.8,0.9845775007950187,0.9
4,2025-03-17,15,Monday,same_hour_last_week,Airport,Midday,Weekday,1.0,0.4,1.0,0.2,1.0,0.1
4,2025-03-17,15,Monday,same_hour_last_week,Non-airport,Midday,Weekday,0.9955304314999044,0.8,0.9880102104772597,0.9,0.9796932670678931,0.85
4,2025-03-17,15,Monday,trailing_4_week_profile,Airport,Midday,Weekday,1.0,0.4,1.0,0.2,1.0,0.1
4,2025-03-17,15,Monday,trailing_4_week_profile,Non-airport,Midday,Weekday,0.990615997327877,0.8,0.9784785199616337,0.8,0.9830139435028237,0.9
4,2025-03-17,16,Monday,global_popularity,Airport,Evening,Weekday,1.0,0.4,1.0,0.2,1.0,0.1
4,2025-03-17,16,Monday,global_popularity,Non-airport,Evening,Weekday,0.9457074810827801,0.8,0.936279048439252,0.8,0.949445478917587,0.85
4,2025-03-17,16,Monday,zone_hour_profile,Airport,Evening,Weekday,1.0,0.4,1.0,0.2,1.0,0.1
4,2025-03-17,16,Monday,zone_hour_profile,Non-airport,Evening,Weekday,0.9764462056224866,0.8,0.951629975778337,0.8,0.9768086620315046,0.85
4,2025-03-17,16,Monday,same_hour_last_week,Airport,Evening,Weekday,1.0,0.4,1.0,0.2,1.0,0.1
4,2025-03-17,16,Monday,same_hour_last_week,Non-airport,Evening,Weekday,0.9581459362143359,0.8,0.9617019819773517,0.9,0.9579962381032398,0.85
4,2025-03-17,16,Monday,trailing_4_week_profile,Airport,Evening,Weekday,1.0,0.4,1.0,0.2,1.0,0.1
4,2025-03-17,16,Monday,trailing_4_week_profile,Non-airport,Evening,Weekday,0.9513135101597286,0.8,0.9574072080116655,0.9,0.9659226973705893,0.85
4,2025-03-17,17,Monday,global_popularity,Airport,Evening,Weekday,1.0,0.4,1.0,0.2,1.0,0.1
4,2025-03-17,17,Monday,global_popularity,Non-airport,Evening,Weekday,0.9312556262797357,0.8,0.9569094493051871,0.8,0.9509488768554789,0.8
4,2025-03-17,17,Monday,zone_hour_profile,Airport,Evening,Weekday,1.0,0.4,1.0,0.2,1.0,0.1
4,2025-03-17,17,Monday,zone_hour_profile,Non-airport,Evening,Weekday,0.9704850137687532,0.8,0.9724003488749368,0.9,0.978884897203114,0.85
4,2025-03-17,17,Monday,same_hour_last_week,Airport,Evening,Weekday,1.0,0.4,1.0,0.2,1.0,0.1
4,2025-03-17,17,Monday,same_hour_last_week,Non-airport,Evening,Weekday,0.9717227678650545,0.8,0.9615915681811193,0.8,0.9711034751752718,0.85
4,2025-03-17,17,Monday,trailing_4_week_profile,Airport,Evening,Weekday,1.0,0.4,1.0,0.2,1.0,0.1
4,2025-03-17,17,Monday,trailing_4_week_profile,Non-airport,Evening,Weekday,0.9856880762927012,1.0,0.9731487797792593,0.9,0.9808749416564297,0.85
4,2025-03-17,18,Monday,global_popularity,Airport,Evening,Weekday,1.0,0.4,1.0,0.2,1.0,0.1
4,2025-03-17,18,Monday,global_popularity,Non-airport,Evening,Weekday,0.8955627571214996,0.8,0.9553999397552413,0.8,0.9536631408952141,0.8
4,2025-03-17,18,Monday,zone_hour_profile,Airport,Evening,Weekday,1.0,0.4,1.0,0.2,1.0,0.1
4,2025-03-17,18,Monday,zone_hour_profile,Non-airport,Evening,Weekday,0.9656251336046658,0.8,0.9715114405821024,0.8,0.9820486713602837,0.9
4,2025-03-17,18,Monday,same_hour_last_week,Airport,Evening,Weekday,1.0,0.4,1.0,0.2,1.0,0.1
4,2025-03-17,18,Monday,same_hour_last_week,Non-airport,Evening,Weekday,0.9578740065730585,0.8,0.9623754497102028,0.8,0.9776359722193577,0.9
4,2025-03-17,18,Monday,trailing_4_week_profile,Airport,Evening,Weekday,1.0,0.4,1.0,0.2,1.0,0.1
4,2025-03-17,18,Monday,trailing_4_week_profile,Non-airport,Evening,Weekday,0.9656251336046658,0.8,0.9807451873075774,0.9,0.9841730702006963,0.95
4,2025-03-17,19,Monday,global_popularity,Airport,Evening,Weekday,1.0,0.4,1.0,0.2,1.0,0.1
4,2025-03-17,19,Monday,global_popularity,Non-airport,Evening,Weekday,0.9047824084626301,0.8,0.9568476583253283,0.9,0.9550836375235879,0.85
4,2025-03-17,19,Monday,zone_hour_profile,Airport,Evening,Weekday,1.0,0.4,1.0,0.2,1.0,0.1
4,2025-03-17,19,Monday,zone_hour_profile,Non-airport,Evening,Weekday,0.9591867436571845,0.8,0.9735263867423628,0.9,0.9828808242473346,0.95
4,2025-03-17,19,Monday,same_hour_last_week,Airport,Evening,Weekday,1.0,0.4,1.0,0.2,1.0,0.1
4,2025-03-17,19,Monday,same_hour_last_week,Non-airport,Evening,Weekday,0.9521499750915765,0.8,0.9661095230920012,0.9,0.9614167441969217,0.85
4,2025-03-17,19,Monday,trailing_4_week_profile,Airport,Evening,Weekday,1.0,0.4,1.0,0.2,1.0,0.1
4,2025-03-17,19,Monday,trailing_4_week_profile,Non-airport,Evening,Weekday,0.9521499750915765,0.8,0.9687131835345733,0.9,0.9798607759665173,0.95
4,2025-03-17,20,Monday,global_popularity,Airport,Evening,Weekday,1.0,0.4,1.0,0.2,1.0,0.1
4,2025-03-17,20,Monday,global_popularity,Non-airport,Evening,Weekday,0.8558870780780456,0.6,0.9503399914023501,0.8,0.9545090166044637,0.9
4,2025-03-17,20,Monday,zone_hour_profile,Airport,Evening,Weekday,1.0,0.4,1.0,0.2,1.0,0.1
4,2025-03-17,20,Monday,zone_hour_profile,Non-airport,Evening,Weekday,0.9675338643172313,0.8,0.9805630555040025,0.8,0.9895609066175203,0.9
4,2025-03-17,20,Monday,same_hour_last_week,Airport,Evening,Weekday,1.0,0.4,1.0,0.2,1.0,0.1
4,2025-03-17,20,Monday,same_hour_last_week,Non-airport,Evening,Weekday,0.9675338643172313,0.8,0.9808606202234886,0.8,0.9891360607323509,0.9
4,2025-03-17,20,Monday,trailing_4_week_profile,Airport,Evening,Weekday,1.0,0.4,1.0,0.2,1.0,0.1
4,2025-03-17,20,Monday,trailing_4_week_profile,Non-airport,Evening,Weekday,0.9675338643172313,0.8,0.9772416768833974,0.8,0.9866486569127988,0.9
4,2025-03-17,21,Monday,global_popularity,Airport,Late evening,Weekday,1.0,0.4,1.0,0.2,1.0,0.1
4,2025-03-17,21,Monday,global_popularity,Non-airport,Late evening,Weekday,0.897870895786069,0.6,0.9165335355145118,0.7,0.9392006612151657,0.9
4,2025-03-17,21,Monday,zone_hour_profile,Airport,Late evening,Weekday,1.0,0.4,1.0,0.2,1.0,0.1
4,2025-03-17,21,Monday,zone_hour_profile,Non-airport,Late evening,Weekday,0.976688146373872,0.6,0.9821656663190698,0.9,0.987405034042988,0.95
4,2025-03-17,21,Monday,same_hour_last_week,Airport,Late evening,Weekday,1.0,0.4,1.0,0.2,1.0,0.1
4,2025-03-17,21,Monday,same_hour_last_week,Non-airport,Late evening,Weekday,0.9478790542874012,0.6,0.9586632614189327,0.7,0.9794845101207649,0.95
4,2025-03-17,21,Monday,trailing_4_week_profile,Airport,Late evening,Weekday,1.0,0.4,1.0,0.2,1.0,0.1
4,2025-03-17,21,Monday,trailing_4_week_profile,Non-airport,Late evening,Weekday,0.976688146373872,0.6,0.9838501365696705,0.8,0.9889535193476071,0.95
4,2025-03-17,22,Monday,global_popularity,Airport,Late evening,Weekday,1.0,0.4,1.0,0.2,1.0,0.1
4,2025-03-17,22,Monday,global_popularity,Non-airport,Late evening,Weekday,0.73008376388179,0.6,0.7851207283864529,0.6,0.8365389739945374,0.75
4,2025-03-17,22,Monday,zone_hour_profile,Airport,Late evening,Weekday,1.0,0.4,1.0,0.2,1.0,0.1
4,2025-03-17,22,Monday,zone_hour_profile,Non-airport,Late evening,Weekday,0.9319589634209805,0.8,0.9614828139392773,0.9,0.9595576048436004,0.9
4,2025-03-17,22,Monday,same_hour_last_week,Airport,Late evening,Weekday,1.0,0.4,1.0,0.2,1.0,0.1
4,2025-03-17,22,Monday,same_hour_last_week,Non-airport,Late evening,Weekday,0.9507882570264952,0.8,0.9534996254440087,0.8,0.97597071030209,0.9
4,2025-03-17,22,Monday,trailing_4_week_profile,Airport,Late evening,Weekday,1.0,0.4,1.0,0.2,1.0,0.1
4,2025-03-17,22,Monday,trailing_4_week_profile,Non-airport,Late evening,Weekday,0.9507882570264952,0.8,0.9529829958690641,0.8,0.9712437034504404,0.9
4,2025-03-17,23,Monday,global_popularity,Airport,Late evening,Weekday,1.0,0.4,1.0,0.2,1.0,0.1
4,2025-03-17,23,Monday,global_popularity,Non-airport,Late evening,Weekday,0.6954646652207689,0.4,0.721815574900827,0.4,0.8072019946837329,0.75
4,2025-03-17,23,Monday,zone_hour_profile,Airport,Late evening,Weekday,1.0,0.4,1.0,0.2,1.0,0.1
4,2025-03-17,23,Monday,zone_hour_profile,Non-airport,Late evening,Weekday,0.9410389560128135,0.6,0.9539336618897604,0.9,0.9600897504672095,0.9
4,2025-03-17,23,Monday,same_hour_last_week,Airport,Late evening,Weekday,1.0,0.4,1.0,0.2,1.0,0.1
4,2025-03-17,23,Monday,same_hour_last_week,Non-airport,Late evening,Weekday,0.9691658382699014,0.6,0.9782539787331901,0.8,0.9799833524081019,0.9
4,2025-03-17,23,Monday,trailing_4_week_profile,Airport,Late evening,Weekday,1.0,0.4,1.0,0.2,1.0,0.1
4,2025-03-17,23,Monday,trailing_4_week_profile,Non-airport,Late evening,Weekday,0.8165118050242441,0.6,0.8489152258599398,0.8,0.8718628709175986,0.9
4,2025-03-18,0,Tuesday,global_popularity,Airport,Overnight,Weekday,0.9979364966055808,0.4,0.9979364966055808,0.2,0.9979364966055808,0.1
4,2025-03-18,0,Tuesday,global_popularity,Non-airport,Overnight,Weekday,0.4887196009996531,0.2,0.558099351802185,0.4,0.6825832177019308,0.75
4,2025-03-18,0,Tuesday,zone_hour_profile,Airport,Overnight,Weekday,0.9979364966055808,0.4,0.9979364966055808,0.2,0.9979364966055808,0.1
4,2025-03-18,0,Tuesday,zone_hour_profile,Non-airport,Overnight,Weekday,0.8908683946513906,0.4,0.9222799140559511,0.9,0.9435469307160397,0.85
4,2025-03-18,0,Tuesday,same_hour_last_week,Airport,Overnight,Weekday,0.9979364966055808,0.4,0.9979364966055808,0.2,0.9979364966055808,0.1
4,2025-03-18,0,Tuesday,same_hour_last_week,Non-airport,Overnight,Weekday,0.9221690529362524,0.6,0.9379027967983717,0.9,0.9471115607884175,0.85
4,2025-03-18,0,Tuesday,trailing_4_week_profile,Airport,Overnight,Weekday,0.9979364966055808,0.4,0.9979364966055808,0.2,0.9979364966055808,0.1
4,2025-03-18,0,Tuesday,trailing_4_week_profile,Non-airport,Overnight,Weekday,0.9119954126189177,0.4,0.9129448793776624,0.8,0.9502110431191482,0.85
4,2025-03-18,1,Tuesday,global_popularity,Airport,Overnight,Weekday,1.0,0.4,1.0,0.2,1.0,0.1
4,2025-03-18,1,Tuesday,global_popularity,Non-airport,Overnight,Weekday,0.4430873879424329,0.2,0.4515014495483173,0.2,0.6257949643384415,0.65
4,2025-03-18,1,Tuesday,zone_hour_profile,Airport,Overnight,Weekday,1.0,0.4,1.0,0.2,1.0,0.1
4,2025-03-18,1,Tuesday,zone_hour_profile,Non-airport,Overnight,Weekday,0.8381588278288385,0.8,0.8644086630447293,0.6,0.848852681544048,0.7
4,2025-03-18,1,Tuesday,same_hour_last_week,Airport,Overnight,Weekday,1.0,0.4,1.0,0.2,1.0,0.1
4,2025-03-18,1,Tuesday,same_hour_last_week,Non-airport,Overnight,Weekday,0.9039766130633268,0.8,0.9451614024350258,0.7,0.9450952704051951,0.8
4,2025-03-18,1,Tuesday,trailing_4_week_profile,Airport,Overnight,Weekday,1.0,0.4,1.0,0.2,1.0,0.1
4,2025-03-18,1,Tuesday,trailing_4_week_profile,Non-airport,Overnight,Weekday,0.867396212156709,0.8,0.8892558982322877,0.6,0.8829430132402615,0.8
4,2025-03-18,2,Tuesday,global_popularity,Airport,Overnight,Weekday,1.0,0.4,1.0,0.2,1.0,0.1
4,2025-03-18,2,Tuesday,global_popularity,Non-airport,Overnight,Weekday,0.49687048931369177,0.2,0.48613856331228056,0.2,0.6378844293987914,0.6
4,2025-03-18,2,Tuesday,zone_hour_profile,Airport,Overnight,Weekday,1.0,0.4,1.0,0.2,1.0,0.1
4,2025-03-18,2,Tuesday,zone_hour_profile,Non-airport,Overnight,Weekday,0.8729203884930661,0.6,0.8983742705097906,0.9,0.8707494204466951,0.8
4,2025-03-18,2,Tuesday,same_hour_last_week,Airport,Overnight,Weekday,0.9909372990140527,0.4,0.9909372990140527,0.2,0.9909372990140527,0.1
4,2025-03-18,2,Tuesday,same_hour_last_week,Non-airport,Overnight,Weekday,0.8808567845738857,0.6,0.8402411523170072,0.7,0.8484881262009413,0.75
4,2025-03-18,2,Tuesday,trailing_4_week_profile,Airport,Overnight,Weekday,0.6725940057570685,0.4,0.6725940057570685,0.2,0.6725940057570685,0.1
4,2025-03-18,2,Tuesday,trailing_4_week_profile,Non-airport,Overnight,Weekday,0.8598674571061834,0.6,0.8313292779456767,0.8,0.8501884730316185,0.8
4,2025-03-18,3,Tuesday,global_popularity,Airport,Overnight,Weekday,0.9314169710102174,0.4,0.9314169710102174,0.2,0.9314169710102174,0.1
4,2025-03-18,3,Tuesday,global_popularity,Non-airport,Overnight,Weekday,0.26291992446421336,0.2,0.3023933338594128,0.2,0.5532668941343785,0.65
4,2025-03-18,3,Tuesday,zone_hour_profile,Airport,Overnight,Weekday,0.9314169710102174,0.4,0.9314169710102174,0.2,0.9314169710102174,0.1
4,2025-03-18,3,Tuesday,zone_hour_profile,Non-airport,Overnight,Weekday,0.4614440433334719,0.4,0.5053319637619331,0.5,0.5557909786322486,0.55
4,2025-03-18,3,Tuesday,same_hour_last_week,Airport,Overnight,Weekday,0.8417255475151346,0.4,0.8417255475151346,0.2,0.8417255475151346,0.1
4,2025-03-18,3,Tuesday,same_hour_last_week,Non-airport,Overnight,Weekday,0.9225347321733033,0.6,0.8560867467656624,0.4,0.8494978180442008,0.6
4,2025-03-18,3,Tuesday,trailing_4_week_profile,Airport,Overnight,Weekday,0.9314169710102174,0.4,0.9314169710102174,0.2,0.9314169710102174,0.1
4,2025-03-18,3,Tuesday,trailing_4_week_profile,Non-airport,Overnight,Weekday,0.9175719384681263,0.6,0.8734787871591401,0.5,0.8683630671507205,0.6
4,2025-03-18,4,Tuesday,global_popularity,Airport,Overnight,Weekday,1.0,0.2,1.0,0.1,1.0,0.05
4,2025-03-18,4,Tuesday,global_popularity,Non-airport,Overnight,Weekday,0.43759710714807865,0.2,0.44483538424954683,0.3,0.6314758553049878,0.6
4,2025-03-18,4,Tuesday,zone_hour_profile,Airport,Overnight,Weekday,1.0,0.2,1.0,0.1,1.0,0.05
4,2025-03-18,4,Tuesday,zone_hour_profile,Non-airport,Overnight,Weekday,0.9388687758218134,0.4,0.946613725325254,0.7,0.9246696975593598,0.7
4,2025-03-18,4,Tuesday,same_hour_last_week,Airport,Overnight,Weekday,1.0,0.2,1.0,0.1,1.0,0.05
4,2025-03-18,4,Tuesday,same_hour_last_week,Non-airport,Overnight,Weekday,0.8997831603744048,0.6,0.8672058970190661,0.6,0.8350850033652154,0.6
4,2025-03-18,4,Tuesday,trailing_4_week_profile,Airport,Overnight,Weekday,1.0,0.2,1.0,0.1,1.0,0.05
4,2025-03-18,4,Tuesday,trailing_4_week_profile,Non-airport,Overnight,Weekday,0.9388687758218134,0.4,0.9524393711169438,0.7,0.9017281568054709,0.6
4,2025-03-18,5,Tuesday,global_popularity,Airport,Overnight,Weekday,1.0,0.4,1.0,0.2,1.0,0.1
4,2025-03-18,5,Tuesday,global_popularity,Non-airport,Overnight,Weekday,0.632007350460839,0.6,0.6386174226501861,0.4,0.7312407114303933,0.7
4,2025-03-18,5,Tuesday,zone_hour_profile,Airport,Overnight,Weekday,1.0,0.4,1.0,0.2,1.0,0.1
4,2025-03-18,5,Tuesday,zone_hour_profile,Non-airport,Overnight,Weekday,0.8706221340441237,0.4,0.9207819896928481,0.8,0.9358469903747811,0.85
4,2025-03-18,5,Tuesday,same_hour_last_week,Airport,Overnight,Weekday,1.0,0.4,1.0,0.2,1.0,0.1
4,2025-03-18,5,Tuesday,same_hour_last_week,Non-airport,Overnight,Weekday,0.8652039427431206,0.4,0.9217689769577992,0.9,0.9185537994844268,0.8
4,2025-03-18,5,Tuesday,trailing_4_week_profile,Airport,Overnight,Weekday,1.0,0.4,1.0,0.2,1.0,0.1
4,2025-03-18,5,Tuesday,trailing_4_week_profile,Non-airport,Overnight,Weekday,0.8526705877199696,0.4,0.8528572050635117,0.7,0.9019530523721093,0.8
4,2025-03-18,6,Tuesday,global_popularity,Airport,Morning,Weekday,1.0,0.4,1.0,0.2,1.0,0.1
4,2025-03-18,6,Tuesday,global_popularity,Non-airport,Morning,Weekday,0.6401528864068595,0.4,0.6331763434417041,0.3,0.7472716110151479,0.8
4,2025-03-18,6,Tuesday,zone_hour_profile,Airport,Morning,Weekday,1.0,0.4,1.0,0.2,1.0,0.1
4,2025-03-18,6,Tuesday,zone_hour_profile,Non-airport,Morning,Weekday,0.9295053272444938,0.6,0.9834013192031951,0.9,0.9771077016183668,0.85
4,2025-03-18,6,Tuesday,same_hour_last_week,Airport,Morning,Weekday,1.0,0.4,1.0,0.2,1.0,0.1
4,2025-03-18,6,Tuesday,same_hour_last_week,Non-airport,Morning,Weekday,0.9754492570865174,0.8,0.9902400631081714,0.9,0.9630481466627474,0.8
4,2025-03-18,6,Tuesday,trailing_4_week_profile,Airport,Morning,Weekday,1.0,0.4,1.0,0.2,1.0,0.1
4,2025-03-18,6,Tuesday,trailing_4_week_profile,Non-airport,Morning,Weekday,0.9732160276237932,0.8,0.9872785485588477,0.9,0.9749953008600071,0.8
4,2025-03-18,7,Tuesday,global_popularity,Airport,Morning,Weekday,1.0,0.4,1.0,0.2,1.0,0.1
4,2025-03-18,7,Tuesday,global_popularity,Non-airport,Morning,Weekday,0.7396820122574312,0.4,0.7476082439329178,0.5,0.8157777163864575,0.8
4,2025-03-18,7,Tuesday,zone_hour_profile,Airport,Morning,Weekday,1.0,0.4,1.0,0.2,1.0,0.1
4,2025-03-18,7,Tuesday,zone_hour_profile,Non-airport,Morning,Weekday,0.9731353884589196,0.6,0.9860670275730022,0.9,0.9787852128515248,0.9
4,2025-03-18,7,Tuesday,same_hour_last_week,Airport,Morning,Weekday,1.0,0.4,1.0,0.2,1.0,0.1
4,2025-03-18,7,Tuesday,same_hour_last_week,Non-airport,Morning,Weekday,0.9263697495743232,0.4,0.9675936253523023,0.9,0.9737770186867767,0.9
4,2025-03-18,7,Tuesday,trailing_4_week_profile,Airport,Morning,Weekday,1.0,0.4,1.0,0.2,1.0,0.1
4,2025-03-18,7,Tuesday,trailing_4_week_profile,Non-airport,Morning,Weekday,0.9628878182690902,0.6,0.9835841546805184,0.9,0.9882044087659264,0.9
4,2025-03-18,8,Tuesday,global_popularity,Airport,Morning,Weekday,1.0,0.4,1.0,0.2,1.0,0.1
4,2025-03-18,8,Tuesday,global_popularity,Non-airport,Morning,Weekday,0.7659439700048032,0.6,0.7878998036643999,0.5,0.8600778892759775,0.85
4,2025-03-18,8,Tuesday,zone_hour_profile,Airport,Morning,Weekday,1.0,0.4,1.0,0.2,1.0,0.1
4,2025-03-18,8,Tuesday,zone_hour_profile,Non-airport,Morning,Weekday,0.9792013326907788,1.0,0.9689399767400965,0.8,0.9803498928140427,0.9
4,2025-03-18,8,Tuesday,same_hour_last_week,Airport,Morning,Weekday,0.9408085012192409,0.4,0.9408085012192409,0.2,0.9408085012192409,0.1
4,2025-03-18,8,Tuesday,same_hour_last_week,Non-airport,Morning,Weekday,0.9592757131755585,1.0,0.9553269664829055,0.8,0.9651806019068826,0.9
4,2025-03-18,8,Tuesday,trailing_4_week_profile,Airport,Morning,Weekday,1.0,0.4,1.0,0.2,1.0,0.1
4,2025-03-18,8,Tuesday,trailing_4_week_profile,Non-airport,Morning,Weekday,0.9792013326907788,1.0,0.9786252318148314,0.9,0.9833571601659674,0.95
4,2025-03-18,9,Tuesday,global_popularity,Airport,Morning,Weekday,0.8626204872312677,0.4,0.8626204872312677,0.2,0.8626204872312677,0.1
4,2025-03-18,9,Tuesday,global_popularity,Non-airport,Morning,Weekday,0.822789616932939,0.6,0.8518768090300556,0.6,0.8876316367968679,0.8
4,2025-03-18,9,Tuesday,zone_hour_profile,Airport,Morning,Weekday,1.0,0.4,1.0,0.2,1.0,0.1
4,2025-03-18,9,Tuesday,zone_hour_profile,Non-airport,Morning,Weekday,0.9263918611919771,0.8,0.9509699718542169,0.9,0.9660941402232434,0.95
4,2025-03-18,9,Tuesday,same_hour_last_week,Airport,Morning,Weekday,1.0,0.4,1.0,0.2,1.0,0.1
4,2025-03-18,9,Tuesday,same_hour_last_week,Non-airport,Morning,Weekday,0.9470220540145622,0.8,0.963048027195275,0.8,0.9736405425444465,0.9
4,2025-03-18,9,Tuesday,trailing_4_week_profile,Airport,Morning,Weekday,1.0,0.4,1.0,0.2,1.0,0.1
4,2025-03-18,9,Tuesday,trailing_4_week_profile,Non-airport,Morning,Weekday,0.9470220540145622,0.8,0.9625063549744649,0.8,0.9781434946848152,0.95
4,2025-03-18,10,Tuesday,global_popularity,Airport,Midday,Weekday,0.845021548205367,0.4,0.845021548205367,0.2,0.845021548205367,0.1
4,2025-03-18,10,Tuesday,global_popularity,Non-airport,Midday,Weekday,0.902425611374288,0.8,0.9034764338405435,0.8,0.9177818854055785,0.8
4,2025-03-18,10,Tuesday,zone_hour_profile,Airport,Midday,Weekday,1.0,0.4,1.0,0.2,1.0,0.1
4,2025-03-18,10,Tuesday,zone_hour_profile,Non-airport,Midday,Weekday,0.9551105785714674,1.0,0.9275275094300228,0.8,0.962702556611258,0.9
4,2025-03-18,10,Tuesday,same_hour_last_week,Airport,Midday,Weekday,1.0,0.4,1.0,0.2,1.0,0.1
4,2025-03-18,10,Tuesday,same_hour_last_week,Non-airport,Midday,Weekday,0.9442208499350906,0.8,0.9176224403929184,0.8,0.9531843568078885,0.9
4,2025-03-18,10,Tuesday,trailing_4_week_profile,Airport,Midday,Weekday,1.0,0.4,1.0,0.2,1.0,0.1
4,2025-03-18,10,Tuesday,trailing_4_week_profile,Non-airport,Midday,Weekday,0.9551105785714674,1.0,0.928007882284917,0.8,0.9634237133094652,0.9
4,2025-03-18,11,Tuesday,global_popularity,Airport,Midday,Weekday,0.8557322136647636,0.4,0.8557322136647636,0.2,0.8557322136647636,0.1
4,2025-03-18,11,Tuesday,global_popularity,Non-airport,Midday,Weekday,0.9999772806039113,1.0,0.9758482997963863,0.8,0.9613735144096255,0.8
4,2025-03-18,11,Tuesday,zone_hour_profile,Airport,Midday,Weekday,1.0,0.4,1.0,0.2,1.0,0.1
4,2025-03-18,11,Tuesday,zone_hour_profile,Non-airport,Midday,Weekday,0.956712009605403,0.8,0.9491086344223569,0.9,0.9746115582834171,0.85
4,2025-03-18,11,Tuesday,same_hour_last_week,Airport,Midday,Weekday,1.0,0.4,1.0,0.2,1.0,0.1
4,2025-03-18,11,Tuesday,same_hour_last_week,Non-airport,Midday,Weekday,0.956712009605403,0.8,0.9477283466504053,0.9,0.9726297955099653,0.85
4,2025-03-18,11,Tuesday,trailing_4_week_profile,Airport,Midday,Weekday,1.0,0.4,1.0,0.2,1.0,0.1
4,2025-03-18,11,Tuesday,trailing_4_week_profile,Non-airport,Midday,Weekday,0.9522856423389576,0.8,0.9495379959528102,0.9,0.9717211318189618,0.85
4,2025-03-18,12,Tuesday,global_popularity,Airport,Midday,Weekday,1.0,0.4,1.0,0.2,1.0,0.1
4,2025-03-18,12,Tuesday,global_popularity,Non-airport,Midday,Weekday,0.9794578401550207,0.8,0.986645854349498,0.9,0.9729181701489195,0.85
4,2025-03-18,12,Tuesday,zone_hour_profile,Airport,Midday,Weekday,0.9714781859979054,0.4,0.9714781859979054,0.2,0.9714781859979054,0.1
4,2025-03-18,12,Tuesday,zone_hour_profile,Non-airport,Midday,Weekday,0.9490288827149944,0.8,0.9531085489721774,0.9,0.9705181461686346,0.9
4,2025-03-18,12,Tuesday,same_hour_last_week,Airport,Midday,Weekday,0.9714781859979054,0.4,0.9714781859979054,0.2,0.9714781859979054,0.1
4,2025-03-18,12,Tuesday,same_hour_last_week,Non-airport,Midday,Weekday,0.9643631080732152,0.8,0.9634899590151108,0.8,0.9767053255203867,0.9
4,2025-03-18,12,Tuesday,trailing_4_week_profile,Airport,Midday,Weekday,0.9714781859979054,0.4,0.9714781859979054,0.2,0.9714781859979054,0.1
4,2025-03-18,12,Tuesday,trailing_4_week_profile,Non-airport,Midday,Weekday,0.9490288827149944,0.8,0.9541491397491406,0.9,0.9705606988168773,0.9
4,2025-03-18,13,Tuesday,global_popularity,Airport,Midday,Weekday,0.9576777064683448,0.4,0.9576777064683448,0.2,0.9576777064683448,0.1
4,2025-03-18,13,Tuesday,global_popularity,Non-airport,Midday,Weekday,0.9867849797241716,0.8,0.9928457735032705,0.9,0.9694591724608033,0.8
4,2025-03-18,13,Tuesday,zone_hour_profile,Airport,Midday,Weekday,1.0,0.4,1.0,0.2,1.0,0.1
4,2025-03-18,13,Tuesday,zone_hour_profile,Non-airport,Midday,Weekday,0.9693309966761702,1.0,0.961209110598973,0.7,0.9729528982736549,0.9
4,2025-03-18,13,Tuesday,same_hour_last_week,Airport,Midday,Weekday,1.0,0.4,1.0,0.2,1.0,0.1
4,2025-03-18,13,Tuesday,same_hour_last_week,Non-airport,Midday,Weekday,1.0,1.0,0.9839415658515428,0.8,0.9873489418589478,0.9
4,2025-03-18,13,Tuesday,trailing_4_week_profile,Airport,Midday,Weekday,1.0,0.4,1.0,0.2,1.0,0.1
4,2025-03-18,13,Tuesday,trailing_4_week_profile,Non-airport,Midday,Weekday,0.9793835918709962,1.0,0.9684664900826975,0.7,0.9794545932189428,0.9
4,2025-03-18,14,Tuesday,global_popularity,Airport,Midday,Weekday,1.0,0.4,1.0,0.2,1.0,0.1
4,2025-03-18,14,Tuesday,global_popularity,Non-airport,Midday,Weekday,0.9598567579085823,0.8,0.9813443611411763,0.8,0.9664811031644601,0.85
4,2025-03-18,14,Tuesday,zone_hour_profile,Airport,Midday,Weekday,1.0,0.4,1.0,0.2,1.0,0.1
4,2025-03-18,14,Tuesday,zone_hour_profile,Non-airport,Midday,Weekday,0.9255332191780231,0.8,0.9367369136116318,0.9,0.9555820106655878,0.9
4,2025-03-18,14,Tuesday,same_hour_last_week,Airport,Midday,Weekday,0.9611328934749718,0.4,0.9611328934749718,0.2,0.9611328934749718,0.1
4,2025-03-18,14,Tuesday,same_hour_last_week,Non-airport,Midday,Weekday,0.9446834089767893,0.8,0.9501441001474937,0.9,0.9601454310225451,0.85
4,2025-03-18,14,Tuesday,trailing_4_week_profile,Airport,Midday,Weekday,0.9611328934749718,0.4,0.9611328934749718,0.2,0.9611328934749718,0.1
4,2025-03-18,14,Tuesday,trailing_4_week_profile,Non-airport,Midday,Weekday,0.9572118492886205,0.8,0.9439247800481563,0.9,0.9690999614259235,0.9
4,2025-03-18,15,Tuesday,global_popularity,Airport,Midday,Weekday,1.0,0.4,1.0,0.2,1.0,0.1
4,2025-03-18,15,Tuesday,global_popularity,Non-airport,Midday,Weekday,0.9659432506514406,0.8,0.9756934343006205,0.8,0.9631580512162572,0.85
4,2025-03-18,15,Tuesday,zone_hour_profile,Airport,Midday,Weekday,1.0,0.4,1.0,0.2,1.0,0.1
4,2025-03-18,15,Tuesday,zone_hour_profile,Non-airport,Midday,Weekday,0.9549212265219265,0.8,0.9303499241589628,0.7,0.9548806041495048,0.9
4,2025-03-18,15,Tuesday,same_hour_last_week,Airport,Midday,Weekday,1.0,0.4,1.0,0.2,1.0,0.1
4,2025-03-18,15,Tuesday,same_hour_last_week,Non-airport,Midday,Weekday,0.9483890948700503,0.8,0.9374679673048772,0.8,0.9481624515650607,0.85
4,2025-03-18,15,Tuesday,trailing_4_week_profile,Airport,Midday,Weekday,1.0,0.4,1.0,0.2,1.0,0.1
4,2025-03-18,15,Tuesday,trailing_4_week_profile,Non-airport,Midday,Weekday,0.9549212265219265,0.8,0.9253427814131246,0.7,0.955701182851229,0.9
4,2025-03-18,16,Tuesday,global_popularity,Airport,Evening,Weekday,1.0,0.4,1.0,0.2,1.0,0.1
4,2025-03-18,16,Tuesday,global_popularity,Non-airport,Evening,Weekday,0.9486369003069538,0.8,0.9765298205599987,0.8,0.9616673379956951,0.8
4,2025-03-18,16,Tuesday,zone_hour_profile,Airport,Evening,Weekday,1.0,0.4,1.0,0.2,1.0,0.1
4,2025-03-18,16,Tuesday,zone_hour_profile,Non-airport,Evening,Weekday,0.9735195687883523,0.8,0.9867082648141553,0.9,0.9846119915594841,0.85
4,2025-03-18,16,Tuesday,same_hour_last_week,Airport,Evening,Weekday,1.0,0.4,1.0,0.2,1.0,0.1
4,2025-03-18,16,Tuesday,same_hour_last_week,Non-airport,Evening,Weekday,0.9742581246332586,0.8,0.9760218088753876,0.9,0.9870354235384464,0.9
4,2025-03-18,16,Tuesday,trailing_4_week_profile,Airport,Evening,Weekday,1.0,0.4,1.0,0.2,1.0,0.1
4,2025-03-18,16,Tuesday,trailing_4_week_profile,Non-airport,Evening,Weekday,0.9742581246332586,0.8,0.9870433424316627,0.9,0.9856665913889149,0.85
4,2025-03-18,17,Tuesday,global_popularity,Airport,Evening,Weekday,1.0,0.4,1.0,0.2,1.0,0.1
4,2025-03-18,17,Tuesday,global_popularity,Non-airport,Evening,Weekday,0.9040416333948529,0.8,0.9622678658380124,0.8,0.9370437798429017,0.75
4,2025-03-18,17,Tuesday,zone_hour_profile,Airport,Evening,Weekday,1.0,0.4,1.0,0.2,1.0,0.1
4,2025-03-18,17,Tuesday,zone_hour_profile,Non-airport,Evening,Weekday,0.9899221113998862,1.0,0.9916615112882815,0.9,0.987999562585775,0.9
4,2025-03-18,17,Tuesday,same_hour_last_week,Airport,Evening,Weekday,1.0,0.4,1.0,0.2,1.0,0.1
4,2025-03-18,17,Tuesday,same_hour_last_week,Non-airport,Evening,Weekday,0.9899221113998862,1.0,0.9782134189337215,0.8,0.9839793947574794,0.9
4,2025-03-18,17,Tuesday,trailing_4_week_profile,Airport,Evening,Weekday,1.0,0.4,1.0,0.2,1.0,0.1
4,2025-03-18,17,Tuesday,trailing_4_week_profile,Non-airport,Evening,Weekday,0.9899221113998862,1.0,0.9916615112882815,0.9,0.9879097775302544,0.9
4,2025-03-18,18,Tuesday,global_popularity,Airport,Evening,Weekday,1.0,0.4,1.0,0.2,1.0,0.1
4,2025-03-18,18,Tuesday,global_popularity,Non-airport,Evening,Weekday,0.8735453128045177,0.6,0.9454178404006168,0.8,0.94102809669195,0.8
4,2025-03-18,18,Tuesday,zone_hour_profile,Airport,Evening,Weekday,1.0,0.4,1.0,0.2,1.0,0.1
4,2025-03-18,18,Tuesday,zone_hour_profile,Non-airport,Evening,Weekday,0.9950873015054299,0.8,0.9892587283754403,0.9,0.9957091578195848,0.9
4,2025-03-18,18,Tuesday,same_hour_last_week,Airport,Evening,Weekday,1.0,0.4,1.0,0.2,1.0,0.1
4,2025-03-18,18,Tuesday,same_hour_last_week,Non-airport,Evening,Weekday,0.9918393794601501,0.8,0.9888621637739965,0.9,0.9935799471157448,0.95
4,2025-03-18,18,Tuesday,trailing_4_week_profile,Airport,Evening,Weekday,1.0,0.4,1.0,0.2,1.0,0.1
4,2025-03-18,18,Tuesday,trailing_4_week_profile,Non-airport,Evening,Weekday,0.9950873015054299,0.8,0.9989031038658654,1.0,0.9981038734827337,0.95
4,2025-03-18,19,Tuesday,global_popularity,Airport,Evening,Weekday,1.0,0.4,1.0,0.2,1.0,0.1
4,2025-03-18,19,Tuesday,global_popularity,Non-airport,Evening,Weekday,0.9136691210473932,0.6,0.9474481106193543,0.8,0.9458649256138663,0.8
4,2025-03-18,19,Tuesday,zone_hour_profile,Airport,Evening,Weekday,1.0,0.4,1.0,0.2,1.0,0.1
4,2025-03-18,19,Tuesday,zone_hour_profile,Non-airport,Evening,Weekday,0.9943401736341263,1.0,0.9666111869672146,0.8,0.9911241571343179,0.95
4,2025-03-18,19,Tuesday,same_hour_last_week,Airport,Evening,Weekday,1.0,0.4,1.0,0.2,1.0,0.1
4,2025-03-18,19,Tuesday,same_hour_last_week,Non-airport,Evening,Weekday,0.9609581963399726,0.8,0.9762220280000452,0.9,0.9784291632253409,0.9
4,2025-03-18,19,Tuesday,trailing_4_week_profile,Airport,Evening,Weekday,1.0,0.4,1.0,0.2,1.0,0.1
4,2025-03-18,19,Tuesday,trailing_4_week_profile,Non-airport,Evening,Weekday,0.9943401736341263,1.0,0.9795970387961724,0.9,0.9914422291980667,0.95
4,2025-03-18,20,Tuesday,global_popularity,Airport,Evening,Weekday,1.0,0.4,1.0,0.2,1.0,0.1
4,2025-03-18,20,Tuesday,global_popularity,Non-airport,Evening,Weekday,0.8663278059896677,0.4,0.9132861835367152,0.7,0.9314379333705625,0.85
4,2025-03-18,20,Tuesday,zone_hour_profile,Airport,Evening,Weekday,1.0,0.4,1.0,0.2,1.0,0.1
4,2025-03-18,20,Tuesday,zone_hour_profile,Non-airport,Evening,Weekday,0.9962497333105756,0.8,0.9659188641041649,0.8,0.9862304692226033,0.95
4,2025-03-18,20,Tuesday,same_hour_last_week,Airport,Evening,Weekday,1.0,0.4,1.0,0.2,1.0,0.1
4,2025-03-18,20,Tuesday,same_hour_last_week,Non-airport,Evening,Weekday,0.9931019498137555,0.8,0.9859972968116322,0.9,0.9790422659997006,0.85
4,2025-03-18,20,Tuesday,trailing_4_week_profile,Airport,Evening,Weekday,1.0,0.4,1.0,0.2,1.0,0.1
4,2025-03-18,20,Tuesday,trailing_4_week_profile,Non-airport,Evening,Weekday,0.9931019498137555,0.8,0.9800986215274254,0.9,0.987696943664942,0.95
4,2025-03-18,21,Tuesday,global_popularity,Airport,Late evening,Weekday,1.0,0.4,1.0,0.2,1.0,0.1
4,2025-03-18,21,Tuesday,global_popularity,Non-airport,Late evening,Weekday,0.8634445881245557,0.4,0.9120808888374672,0.8,0.9164037378331612,0.8
4,2025-03-18,21,Tuesday,zone_hour_profile,Airport,Late evening,Weekday,1.0,0.4,1.0,0.2,1.0,0.1
4,2025-03-18,21,Tuesday,zone_hour_profile,Non-airport,Late evening,Weekday,0.9479527191803055,0.6,0.9868935967491748,1.0,0.9876805506582661,0.95
4,2025-03-18,21,Tuesday,same_hour_last_week,Airport,Late evening,Weekday,0.947129488227997,0.4,0.947129488227997,0.2,0.947129488227997,0.1
4,2025-03-18,21,Tuesday,same_hour_last_week,Non-airport,Late evening,Weekday,0.9756511729485462,0.8,0.9759139806951764,0.8,0.9813051567654881,0.9
4,2025-03-18,21,Tuesday,trailing_4_week_profile,Airport,Late evening,Weekday,1.0,0.4,1.0,0.2,1.0,0.1
4,2025-03-18,21,Tuesday,trailing_4_week_profile,Non-airport,Late evening,Weekday,0.9783946838135613,0.8,0.9835314944989253,0.9,0.9908254326915378,0.95
4,2025-03-18,22,Tuesday,global_popularity,Airport,Late evening,Weekday,1.0,0.4,1.0,0.2,1.0,0.1
4,2025-03-18,22,Tuesday,global_popularity,Non-airport,Late evening,Weekday,0.779656374966962,0.4,0.8479275433504723,0.6,0.8785210909440453,0.75
4,2025-03-18,22,Tuesday,zone_hour_profile,Airport,Late evening,Weekday,1.0,0.4,1.0,0.2,1.0,0.1
4,2025-03-18,22,Tuesday,zone_hour_profile,Non-airport,Late evening,Weekday,0.9815774600278012,0.8,0.9759490065991342,0.8,0.9945278993741554,0.95
4,2025-03-18,22,Tuesday,same_hour_last_week,Airport,Late evening,Weekday,1.0,0.4,1.0,0.2,1.0,0.1
4,2025-03-18,22,Tuesday,same_hour_last_week,Non-airport,Late evening,Weekday,0.9566993444815638,0.8,0.9529797272343918,0.7,0.9873961655066893,0.95
4,2025-03-18,22,Tuesday,trailing_4_week_profile,Airport,Late evening,Weekday,1.0,0.4,1.0,0.2,1.0,0.1
4,2025-03-18,22,Tuesday,trailing_4_week_profile,Non-airport,Late evening,Weekday,0.9815774600278012,0.8,0.970023946163916,0.8,0.992365652346949,0.95
4,2025-03-18,23,Tuesday,global_popularity,Airport,Late evening,Weekday,1.0,0.4,1.0,0.2,1.0,0.1
4,2025-03-18,23,Tuesday,global_popularity,Non-airport,Late evening,Weekday,0.6960899633872565,0.4,0.7434053853487691,0.5,0.8114448600717922,0.75
4,2025-03-18,23,Tuesday,zone_hour_profile,Airport,Late evening,Weekday,1.0,0.4,1.0,0.2,1.0,0.1
4,2025-03-18,23,Tuesday,zone_hour_profile,Non-airport,Late evening,Weekday,0.8807250064596104,0.6,0.945769249652495,0.9,0.9668455008851492,0.95
4,2025-03-18,23,Tuesday,same_hour_last_week,Airport,Late evening,Weekday,0.9686088398474582,0.4,0.9686088398474582,0.2,0.9686088398474582,0.1
4,2025-03-18,23,Tuesday,same_hour_last_week,Non-airport,Late evening,Weekday,0.996528008183032,1.0,0.9814002888920864,0.8,0.9884683961394732,0.95
4,2025-03-18,23,Tuesday,trailing_4_week_profile,Airport,Late evening,Weekday,0.9686088398474582,0.4,0.9686088398474582,0.2,0.9686088398474582,0.1
4,2025-03-18,23,Tuesday,trailing_4_week_profile,Non-airport,Late evening,Weekday,0.996528008183032,1.0,0.9701456146628866,0.9,0.9898057601211877,0.95
4,2025-03-19,0,Wednesday,global_popularity,Airport,Overnight,Weekday,1.0,0.4,1.0,0.2,1.0,0.1
4,2025-03-19,0,Wednesday,global_popularity,Non-airport,Overnight,Weekday,0.5926367430649789,0.2,0.6366184751585562,0.4,0.7286151877008971,0.7
4,2025-03-19,0,Wednesday,zone_hour_profile,Airport,Overnight,Weekday,1.0,0.4,1.0,0.2,1.0,0.1
4,2025-03-19,0,Wednesday,zone_hour_profile,Non-airport,Overnight,Weekday,0.7595943160777668,0.8,0.8281993776206291,0.8,0.8703732133660442,0.9
4,2025-03-19,0,Wednesday,same_hour_last_week,Airport,Overnight,Weekday,1.0,0.4,1.0,0.2,1.0,0.1
4,2025-03-19,0,Wednesday,same_hour_last_week,Non-airport,Overnight,Weekday,0.9944096421212052,1.0,0.964994654861107,0.8,0.9736965490584442,0.9
4,2025-03-19,0,Wednesday,trailing_4_week_profile,Airport,Overnight,Weekday,1.0,0.4,1.0,0.2,1.0,0.1
4,2025-03-19,0,Wednesday,trailing_4_week_profile,Non-airport,Overnight,Weekday,0.9856037364603276,1.0,0.962078078438119,0.8,0.984167151666872,0.95
4,2025-03-19,1,Wednesday,global_popularity,Airport,Overnight,Weekday,1.0,0.4,1.0,0.2,1.0,0.1
4,2025-03-19,1,Wednesday,global_popularity,Non-airport,Overnight,Weekday,0.5547426170684864,0.4,0.5782329558697201,0.3,0.6973554080030646,0.65
4,2025-03-19,1,Wednesday,zone_hour_profile,Airport,Overnight,Weekday,1.0,0.4,1.0,0.2,1.0,0.1
4,2025-03-19,1,Wednesday,zone_hour_profile,Non-airport,Overnight,Weekday,0.6572089296068182,0.4,0.755400298928673,0.7,0.7497353771005834,0.65
4,2025-03-19,1,Wednesday,same_hour_last_week,Airport,Overnight,Weekday,0.9962449014505149,0.4,0.9962449014505149,0.2,0.9962449014505149,0.1
4,2025-03-19,1,Wednesday,same_hour_last_week,Non-airport,Overnight,Weekday,0.8303968529212528,0.6,0.9077410745473448,0.9,0.9061593841297281,0.8
4,2025-03-19,1,Wednesday,trailing_4_week_profile,Airport,Overnight,Weekday,1.0,0.4,1.0,0.2,1.0,0.1
4,2025-03-19,1,Wednesday,trailing_4_week_profile,Non-airport,Overnight,Weekday,0.8332354233334518,0.8,0.9096304550571981,0.8,0.9199904534926505,0.8
4,2025-03-19,2,Wednesday,global_popularity,Airport,Overnight,Weekday,1.0,0.2,1.0,0.1,1.0,0.05
4,2025-03-19,2,Wednesday,global_popularity,Non-airport,Overnight,Weekday,0.31909978137399286,0.4,0.31364908441587547,0.2,0.5054948060273201,0.55
4,2025-03-19,2,Wednesday,zone_hour_profile,Airport,Overnight,Weekday,1.0,0.2,1.0,0.1,1.0,0.05
4,2025-03-19,2,Wednesday,zone_hour_profile,Non-airport,Overnight,Weekday,0.7191578930017053,0.4,0.7681630266522504,0.7,0.8450000606766002,0.8
4,2025-03-19,2,Wednesday,same_hour_last_week,Airport,Overnight,Weekday,1.0,0.2,1.0,0.1,1.0,0.05
4,2025-03-19,2,Wednesday,same_hour_last_week,Non-airport,Overnight,Weekday,0.8867954977376304,0.6,0.8111153816638007,0.5,0.8977353164891291,0.8
4,2025-03-19,2,Wednesday,trailing_4_week_profile,Airport,Overnight,Weekday,1.0,0.2,1.0,0.1,1.0,0.05
4,2025-03-19,2,Wednesday,trailing_4_week_profile,Non-airport,Overnight,Weekday,0.8245269801859477,0.8,0.7898106257758204,0.7,0.8621044253765486,0.8
4,2025-03-19,3,Wednesday,global_popularity,Airport,Overnight,Weekday,0.932944867450861,0.4,0.932944867450861,0.2,0.932944867450861,0.1
4,2025-03-19,3,Wednesday,global_popularity,Non-airport,Overnight,Weekday,0.2548554536449458,0.2,0.2642617641178639,0.2,0.48312033075955774,0.6
4,2025-03-19,3,Wednesday,zone_hour_profile,Airport,Overnight,Weekday,0.932944867450861,0.4,0.932944867450861,0.2,0.932944867450861,0.1
4,2025-03-19,3,Wednesday,zone_hour_profile,Non-airport,Overnight,Weekday,0.7952375828979216,0.6,0.8556749418866649,0.8,0.8024059724008764,0.6
4,2025-03-19,3,Wednesday,same_hour_last_week,Airport,Overnight,Weekday,0.8434631297396824,0.4,0.8434631297396824,0.2,0.8434631297396824,0.1
4,2025-03-19,3,Wednesday,same_hour_last_week,Non-airport,Overnight,Weekday,0.7880695182231232,0.6,0.7385857499342862,0.6,0.7351953988198908,0.6
4,2025-03-19,3,Wednesday,trailing_4_week_profile,Airport,Overnight,Weekday,0.932944867450861,0.4,0.932944867450861,0.2,0.932944867450861,0.1
4,2025-03-19,3,Wednesday,trailing_4_week_profile,Non-airport,Overnight,Weekday,0.7744377204269693,0.6,0.7768936249261846,0.7,0.7427044820565044,0.65
4,2025-03-19,4,Wednesday,global_popularity,Airport,Overnight,Weekday,1.0,0.2,1.0,0.1,1.0,0.05
4,2025-03-19,4,Wednesday,global_popularity,Non-airport,Overnight,Weekday,0.39979321585566935,0.2,0.44285301488587137,0.2,0.6340280868919026,0.6
4,2025-03-19,4,Wednesday,zone_hour_profile,Airport,Overnight,Weekday,1.0,0.2,1.0,0.1,1.0,0.05
4,2025-03-19,4,Wednesday,zone_hour_profile,Non-airport,Overnight,Weekday,0.8123942729827737,0.6,0.7488881035194608,0.5,0.8098027572164871,0.65
4,2025-03-19,4,Wednesday,same_hour_last_week,Airport,Overnight,Weekday,1.0,0.2,1.0,0.1,1.0,0.05
4,2025-03-19,4,Wednesday,same_hour_last_week,Non-airport,Overnight,Weekday,0.8215460842400882,0.6,0.7315882645052143,0.4,0.7707108313790587,0.6
4,2025-03-19,4,Wednesday,trailing_4_week_profile,Airport,Overnight,Weekday,1.0,0.2,1.0,0.1,1.0,0.05
4,2025-03-19,4,Wednesday,trailing_4_week_profile,Non-airport,Overnight,Weekday,0.7746384844422377,0.6,0.7867244074908472,0.6,0.7595527854151265,0.6
4,2025-03-19,5,Wednesday,global_popularity,Airport,Overnight,Weekday,1.0,0.4,1.0,0.2,1.0,0.1
4,2025-03-19,5,Wednesday,global_popularity,Non-airport,Overnight,Weekday,0.6139327950002986,0.4,0.6268922122631694,0.5,0.6610661715728663,0.65
4,2025-03-19,5,Wednesday,zone_hour_profile,Airport,Overnight,Weekday,1.0,0.4,1.0,0.2,1.0,0.1
4,2025-03-19,5,Wednesday,zone_hour_profile,Non-airport,Overnight,Weekday,0.9306944633103265,0.8,0.963633188179556,0.9,0.9377867101920764,0.7
4,2025-03-19,5,Wednesday,same_hour_last_week,Airport,Overnight,Weekday,0.9990329827650781,0.4,0.9990329827650781,0.2,0.9990329827650781,0.1
4,2025-03-19,5,Wednesday,same_hour_last_week,Non-airport,Overnight,Weekday,0.8979715709404746,0.8,0.9257459785952457,0.9,0.9269462746565764,0.75
4,2025-03-19,5,Wednesday,trailing_4_week_profile,Airport,Overnight,Weekday,1.0,0.4,1.0,0.2,1.0,0.1
4,2025-03-19,5,Wednesday,trailing_4_week_profile,Non-airport,Overnight,Weekday,0.861993514785915,0.8,0.9098995875007778,0.9,0.9043683396657521,0.75
4,2025-03-19,6,Wednesday,global_popularity,Airport,Morning,Weekday,1.0,0.4,1.0,0.2,1.0,0.1
4,2025-03-19,6,Wednesday,global_popularity,Non-airport,Morning,Weekday,0.6479247242841579,0.6,0.636370487238453,0.4,0.7653796131961669,0.8
4,2025-03-19,6,Wednesday,zone_hour_profile,Airport,Morning,Weekday,1.0,0.4,1.0,0.2,1.0,0.1
4,2025-03-19,6,Wednesday,zone_hour_profile,Non-airport,Morning,Weekday,0.9551940571157813,0.8,0.9444852709624696,0.9,0.9671188908796362,0.9
4,2025-03-19,6,Wednesday,same_hour_last_week,Airport,Morning,Weekday,1.0,0.4,1.0,0.2,1.0,0.1
4,2025-03-19,6,Wednesday,same_hour_last_week,Non-airport,Morning,Weekday,0.9305403618934875,0.6,0.9386675673415679,0.9,0.9600410387833055,0.85
4,2025-03-19,6,Wednesday,trailing_4_week_profile,Airport,Morning,Weekday,1.0,0.4,1.0,0.2,1.0,0.1
4,2025-03-19,6,Wednesday,trailing_4_week_profile,Non-airport,Morning,Weekday,0.8909307686440391,0.6,0.9391961882283749,0.9,0.9573471609355937,0.85
4,2025-03-19,7,Wednesday,global_popularity,Airport,Morning,Weekday,1.0,0.4,1.0,0.2,1.0,0.1
4,2025-03-19,7,Wednesday,global_popularity,Non-airport,Morning,Weekday,0.7043337586113415,0.4,0.7168711274943164,0.6,0.7894566707863379,0.75
4,2025-03-19,7,Wednesday,zone_hour_profile,Airport,Morning,Weekday,1.0,0.4,1.0,0.2,1.0,0.1
4,2025-03-19,7,Wednesday,zone_hour_profile,Non-airport,Morning,Weekday,0.9710623226774845,0.6,0.9741027312870705,0.8,0.9715992699850795,0.9
4,2025-03-19,7,Wednesday,same_hour_last_week,Airport,Morning,Weekday,1.0,0.4,1.0,0.2,1.0,0.1
4,2025-03-19,7,Wednesday,same_hour_last_week,Non-airport,Morning,Weekday,0.9710623226774845,0.6,0.964685591534105,0.8,0.9707799159152328,0.9
4,2025-03-19,7,Wednesday,trailing_4_week_profile,Airport,Morning,Weekday,1.0,0.4,1.0,0.2,1.0,0.1
4,2025-03-19,7,Wednesday,trailing_4_week_profile,Non-airport,Morning,Weekday,0.9710623226774845,0.6,0.9638995441689471,0.8,0.9695266602213191,0.9
4,2025-03-19,8,Wednesday,global_popularity,Airport,Morning,Weekday,0.9757190985069928,0.4,0.9757190985069928,0.2,0.9757190985069928,0.1
4,2025-03-19,8,Wednesday,global_popularity,Non-airport,Morning,Weekday,0.7930806702627605,0.6,0.8261794085398165,0.5,0.8698184463726859,0.8
4,2025-03-19,8,Wednesday,zone_hour_profile,Airport,Morning,Weekday,0.9757190985069928,0.4,0.9757190985069928,0.2,0.9757190985069928,0.1
4,2025-03-19,8,Wednesday,zone_hour_profile,Non-airport,Morning,Weekday,0.9892680793350211,1.0,0.9737451035843288,0.8,0.9903811802752516,1.0
4,2025-03-19,8,Wednesday,same_hour_last_week,Airport,Morning,Weekday,0.9757190985069928,0.4,0.9757190985069928,0.2,0.9757190985069928,0.1
4,2025-03-19,8,Wednesday,same_hour_last_week,Non-airport,Morning,Weekday,0.9931293125404504,1.0,0.9857435881582706,0.9,0.9936443998399244,0.95
4,2025-03-19,8,Wednesday,trailing_4_week_profile,Airport,Morning,Weekday,1.0,0.4,1.0,0.2,1.0,0.1
4,2025-03-19,8,Wednesday,trailing_4_week_profile,Non-airport,Morning,Weekday,0.9892680793350211,1.0,0.9753601886195471,0.8,0.9899591968754942,1.0
4,2025-03-19,9,Wednesday,global_popularity,Airport,Morning,Weekday,0.8793590859444768,0.4,0.8793590859444768,0.2,0.8793590859444768,0.1
4,2025-03-19,9,Wednesday,global_popularity,Non-airport,Morning,Weekday,0.8314523693457699,0.6,0.8978936230322775,0.7,0.9038386078654042,0.85
4,2025-03-19,9,Wednesday,zone_hour_profile,Airport,Morning,Weekday,1.0,0.4,1.0,0.2,1.0,0.1
4,2025-03-19,9,Wednesday,zone_hour_profile,Non-airport,Morning,Weekday,0.9743186536674341,0.8,0.9779444077412753,0.8,0.9842066838598739,0.95
4,2025-03-19,9,Wednesday,same_hour_last_week,Airport,Morning,Weekday,1.0,0.4,1.0,0.2,1.0,0.1
4,2025-03-19,9,Wednesday,same_hour_last_week,Non-airport,Morning,Weekday,0.9671987979007869,0.8,0.9809545653983093,0.8,0.9875417739901657,0.95
4,2025-03-19,9,Wednesday,trailing_4_week_profile,Airport,Morning,Weekday,1.0,0.4,1.0,0.2,1.0,0.1
4,2025-03-19,9,Wednesday,trailing_4_week_profile,Non-airport,Morning,Weekday,0.9592200122083143,0.8,0.9749606835651896,0.8,0.9827116252291909,0.95
4,2025-03-19,10,Wednesday,global_popularity,Airport,Midday,Weekday,0.8624914679810539,0.4,0.8624914679810539,0.2,0.8624914679810539,0.1
4,2025-03-19,10,Wednesday,global_popularity,Non-airport,Midday,Weekday,0.9772687269631852,1.0,0.966686311338121,0.9,0.9604991641940229,0.85
4,2025-03-19,10,Wednesday,zone_hour_profile,Airport,Midday,Weekday,1.0,0.4,1.0,0.2,1.0,0.1
4,2025-03-19,10,Wednesday,zone_hour_profile,Non-airport,Midday,Weekday,0.9870411370115242,0.8,0.950547329934664,0.7,0.9877044555911162,0.95
4,2025-03-19,10,Wednesday,same_hour_last_week,Airport,Midday,Weekday,1.0,0.4,1.0,0.2,1.0,0.1
4,2025-03-19,10,Wednesday,same_hour_last_week,Non-airport,Midday,Weekday,0.9870411370115242,0.8,0.9508563428423694,0.7,0.983660881684641,0.9
4,2025-03-19,10,Wednesday,trailing_4_week_profile,Airport,Midday,Weekday,1.0,0.4,1.0,0.2,1.0,0.1
4,2025-03-19,10,Wednesday,trailing_4_week_profile,Non-airport,Midday,Weekday,0.9870411370115242,0.8,0.9522548385742663,0.7,0.9833498523327104,0.9
4,2025-03-19,11,Wednesday,global_popularity,Airport,Midday,Weekday,0.8419179817083586,0.4,0.8419179817083586,0.2,0.8419179817083586,0.1
4,2025-03-19,11,Wednesday,global_popularity,Non-airport,Midday,Weekday,0.9981718255009258,1.0,0.9862258754351855,0.8,0.9767236572414825,0.85
4,2025-03-19,11,Wednesday,zone_hour_profile,Airport,Midday,Weekday,1.0,0.4,1.0,0.2,1.0,0.1
4,2025-03-19,11,Wednesday,zone_hour_profile,Non-airport,Midday,Weekday,0.9459651266751812,0.8,0.9295505685398313,0.8,0.9675069126339821,0.9
4,2025-03-19,11,Wednesday,same_hour_last_week,Airport,Midday,Weekday,1.0,0.4,1.0,0.2,1.0,0.1
4,2025-03-19,11,Wednesday,same_hour_last_week,Non-airport,Midday,Weekday,0.934204171795312,0.8,0.9361813643778194,0.8,0.9606146379081659,0.9
4,2025-03-19,11,Wednesday,trailing_4_week_profile,Airport,Midday,Weekday,1.0,0.4,1.0,0.2,1.0,0.1
4,2025-03-19,11,Wednesday,trailing_4_week_profile,Non-airport,Midday,Weekday,0.9419703708708282,0.8,0.9449998538252885,0.8,0.9709709264936123,0.9
4,2025-03-19,12,Wednesday,global_popularity,Airport,Midday,Weekday,0.9682191186375722,0.4,0.9682191186375722,0.2,0.9682191186375722,0.1
4,2025-03-19,12,Wednesday,global_popularity,Non-airport,Midday,Weekday,0.9699263448198299,0.8,0.9760691260807549,0.8,0.9620402148896634,0.8
4,2025-03-19,12,Wednesday,zone_hour_profile,Airport,Midday,Weekday,1.0,0.4,1.0,0.2,1.0,0.1
4,2025-03-19,12,Wednesday,zone_hour_profile,Non-airport,Midday,Weekday,0.9433744696363965,0.8,0.9328503695980258,0.8,0.9544497911596747,0.9
4,2025-03-19,12,Wednesday,same_hour_last_week,Airport,Midday,Weekday,1.0,0.4,1.0,0.2,1.0,0.1
4,2025-03-19,12,Wednesday,same_hour_last_week,Non-airport,Midday,Weekday,0.9433744696363965,0.8,0.9335269054769769,0.8,0.9616466896186896,0.95
4,2025-03-19,12,Wednesday,trailing_4_week_profile,Airport,Midday,Weekday,1.0,0.4,1.0,0.2,1.0,0.1
4,2025-03-19,12,Wednesday,trailing_4_week_profile,Non-airport,Midday,Weekday,0.9433744696363965,0.8,0.933788551790707,0.8,0.9579394633617613,0.9
4,2025-03-19,13,Wednesday,global_popularity,Airport,Midday,Weekday,0.9702110737509436,0.4,0.9702110737509436,0.2,0.9702110737509436,0.1
4,2025-03-19,13,Wednesday,global_popularity,Non-airport,Midday,Weekday,0.9886385544904799,0.6,0.9842742331433635,0.8,0.9687824671446466,0.8
4,2025-03-19,13,Wednesday,zone_hour_profile,Airport,Midday,Weekday,1.0,0.4,1.0,0.2,1.0,0.1
4,2025-03-19,13,Wednesday,zone_hour_profile,Non-airport,Midday,Weekday,0.9188769102168521,0.4,0.9227787638754497,0.8,0.9506446792390617,0.85
4,2025-03-19,13,Wednesday,same_hour_last_week,Airport,Midday,Weekday,1.0,0.4,1.0,0.2,1.0,0.1
4,2025-03-19,13,Wednesday,same_hour_last_week,Non-airport,Midday,Weekday,0.9188769102168521,0.4,0.9227508748070968,0.8,0.9554864533963311,0.95
4,2025-03-19,13,Wednesday,trailing_4_week_profile,Airport,Midday,Weekday,1.0,0.4,1.0,0.2,1.0,0.1
4,2025-03-19,13,Wednesday,trailing_4_week_profile,Non-airport,Midday,Weekday,0.9188769102168521,0.4,0.9227359045250959,0.8,0.9535503958366557,0.9
4,2025-03-19,14,Wednesday,global_popularity,Airport,Midday,Weekday,1.0,0.4,1.0,0.2,1.0,0.1
4,2025-03-19,14,Wednesday,global_popularity,Non-airport,Midday,Weekday,0.9499732926910237,0.8,0.9728874130644125,0.8,0.9680909510925363,0.85
4,2025-03-19,14,Wednesday,zone_hour_profile,Airport,Midday,Weekday,1.0,0.4,1.0,0.2,1.0,0.1
4,2025-03-19,14,Wednesday,zone_hour_profile,Non-airport,Midday,Weekday,0.9111268984424472,0.8,0.9339130283702859,0.8,0.9487682815969135,0.85
4,2025-03-19,14,Wednesday,same_hour_last_week,Airport,Midday,Weekday,0.9828702552809402,0.4,0.9828702552809402,0.2,0.9828702552809402,0.1
4,2025-03-19,14,Wednesday,same_hour_last_week,Non-airport,Midday,Weekday,0.9091013730352622,0.8,0.8978316770622874,0.7,0.9471919715810251,0.85
4,2025-03-19,14,Wednesday,trailing_4_week_profile,Airport,Midday,Weekday,0.9828702552809402,0.4,0.9828702552809402,0.2,0.9828702552809402,0.1
4,2025-03-19,14,Wednesday,trailing_4_week_profile,Non-airport,Midday,Weekday,0.9111268984424472,0.8,0.9068623261738946,0.8,0.9488259182887946,0.85
4,2025-03-19,15,Wednesday,global_popularity,Airport,Midday,Weekday,1.0,0.4,1.0,0.2,1.0,0.1
4,2025-03-19,15,Wednesday,global_popularity,Non-airport,Midday,Weekday,0.9670412125213195,0.8,0.9809946652740308,0.9,0.9686403701404898,0.8
4,2025-03-19,15,Wednesday,zone_hour_profile,Airport,Midday,Weekday,1.0,0.4,1.0,0.2,1.0,0.1
4,2025-03-19,15,Wednesday,zone_hour_profile,Non-airport,Midday,Weekday,0.8237260711434703,0.8,0.8804990329564694,0.9,0.8938601244907676,0.85
4,2025-03-19,15,Wednesday,same_hour_last_week,Airport,Midday,Weekday,1.0,0.4,1.0,0.2,1.0,0.1
4,2025-03-19,15,Wednesday,same_hour_last_week,Non-airport,Midday,Weekday,0.8553930298386244,0.8,0.8945697501349226,0.9,0.9147999036281875,0.85
4,2025-03-19,15,Wednesday,trailing_4_week_profile,Airport,Midday,Weekday,1.0,0.4,1.0,0.2,1.0,0.1
4,2025-03-19,15,Wednesday,trailing_4_week_profile,Non-airport,Midday,Weekday,0.8237260711434703,0.8,0.8789264767380756,0.9,0.8962577397103262,0.85
4,2025-03-19,16,Wednesday,global_popularity,Airport,Evening,Weekday,1.0,0.4,1.0,0.2,1.0,0.1
4,2025-03-19,16,Wednesday,global_popularity,Non-airport,Evening,Weekday,0.9049204335404076,0.6,0.9624239437574946,0.8,0.941366750486966,0.8
4,2025-03-19,16,Wednesday,zone_hour_profile,Airport,Evening,Weekday,1.0,0.4,1.0,0.2,1.0,0.1
4,2025-03-19,16,Wednesday,zone_hour_profile,Non-airport,Evening,Weekday,0.9625391519067261,0.8,0.974935101955044,0.8,0.9748685311432792,0.9
4,2025-03-19,16,Wednesday,same_hour_last_week,Airport,Evening,Weekday,1.0,0.4,1.0,0.2,1.0,0.1
4,2025-03-19,16,Wednesday,same_hour_last_week,Non-airport,Evening,Weekday,0.9625391519067261,0.8,0.9757232139590404,0.8,0.9657133152041176,0.9
4,2025-03-19,16,Wednesday,trailing_4_week_profile,Airport,Evening,Weekday,1.0,0.4,1.0,0.2,1.0,0.1
4,2025-03-19,16,Wednesday,trailing_4_week_profile,Non-airport,Evening,Weekday,0.9625391519067261,0.8,0.9744313833860708,0.8,0.9764356036450352,0.9
4,2025-03-19,17,Wednesday,global_popularity,Airport,Evening,Weekday,1.0,0.4,1.0,0.2,1.0,0.1
4,2025-03-19,17,Wednesday,global_popularity,Non-airport,Evening,Weekday,0.9164251939588252,0.8,0.9649180771693727,0.9,0.9463419188835696,0.8
4,2025-03-19,17,Wednesday,zone_hour_profile,Airport,Evening,Weekday,1.0,0.4,1.0,0.2,1.0,0.1
4,2025-03-19,17,Wednesday,zone_hour_profile,Non-airport,Evening,Weekday,0.9881482020579824,1.0,0.990663261828492,1.0,0.9831951392326091,0.9
4,2025-03-19,17,Wednesday,same_hour_last_week,Airport,Evening,Weekday,1.0,0.4,1.0,0.2,1.0,0.1
4,2025-03-19,17,Wednesday,same_hour_last_week,Non-airport,Evening,Weekday,0.9749747932526356,0.8,0.9896727292475153,0.9,0.9860227977660837,0.85
4,2025-03-19,17,Wednesday,trailing_4_week_profile,Airport,Evening,Weekday,1.0,0.4,1.0,0.2,1.0,0.1
4,2025-03-19,17,Wednesday,trailing_4_week_profile,Non-airport,Evening,Weekday,0.9881482020579824,1.0,0.9849568751229013,0.9,0.9872022627317074,0.95
4,2025-03-19,18,Wednesday,global_popularity,Airport,Evening,Weekday,1.0,0.4,1.0,0.2,1.0,0.1
4,2025-03-19,18,Wednesday,global_popularity,Non-airport,Evening,Weekday,0.9146721910603762,0.6,0.9591139337761665,0.9,0.9500470956781721,0.8
4,2025-03-19,18,Wednesday,zone_hour_profile,Airport,Evening,Weekday,1.0,0.4,1.0,0.2,1.0,0.1
4,2025-03-19,18,Wednesday,zone_hour_profile,Non-airport,Evening,Weekday,0.9654518610002575,0.6,0.9868435474198786,0.9,0.9816723373355862,0.9
4,2025-03-19,18,Wednesday,same_hour_last_week,Airport,Evening,Weekday,1.0,0.4,1.0,0.2,1.0,0.1
4,2025-03-19,18,Wednesday,same_hour_last_week,Non-airport,Evening,Weekday,0.9654518610002575,0.6,0.9852747250690189,0.9,0.9767411175273983,0.85
4,2025-03-19,18,Wednesday,trailing_4_week_profile,Airport,Evening,Weekday,1.0,0.4,1.0,0.2,1.0,0.1
4,2025-03-19,18,Wednesday,trailing_4_week_profile,Non-airport,Evening,Weekday,0.9606529933546679,0.8,0.9798925860918092,0.9,0.976299958937036,0.9
4,2025-03-19,19,Wednesday,global_popularity,Airport,Evening,Weekday,1.0,0.4,1.0,0.2,1.0,0.1
4,2025-03-19,19,Wednesday,global_popularity,Non-airport,Evening,Weekday,0.9076623538882349,0.6,0.9560642089162068,0.8,0.964563881432051,0.85
4,2025-03-19,19,Wednesday,zone_hour_profile,Airport,Evening,Weekday,1.0,0.4,1.0,0.2,1.0,0.1
4,2025-03-19,19,Wednesday,zone_hour_profile,Non-airport,Evening,Weekday,1.0,1.0,0.9828324477989169,0.8,0.996740993296693,0.9
4,2025-03-19,19,Wednesday,same_hour_last_week,Airport,Evening,Weekday,1.0,0.4,1.0,0.2,1.0,0.1
4,2025-03-19,19,Wednesday,same_hour_last_week,Non-airport,Evening,Weekday,0.9792954378861012,0.8,0.977947755337787,0.8,0.9831966402052351,0.85
4,2025-03-19,19,Wednesday,trailing_4_week_profile,Airport,Evening,Weekday,1.0,0.4,1.0,0.2,1.0,0.1
4,2025-03-19,19,Wednesday,trailing_4_week_profile,Non-airport,Evening,Weekday,0.996397640094349,1.0,0.9801000789375439,0.8,0.9914586525694471,0.85
4,2025-03-19,20,Wednesday,global_popularity,Airport,Evening,Weekday,1.0,0.4,1.0,0.2,1.0,0.1
4,2025-03-19,20,Wednesday,global_popularity,Non-airport,Evening,Weekday,0.8260839005538148,0.4,0.9206219681678527,0.8,0.9259330451227914,0.85
4,2025-03-19,20,Wednesday,zone_hour_profile,Airport,Evening,Weekday,1.0,0.4,1.0,0.2,1.0,0.1
4,2025-03-19,20,Wednesday,zone_hour_profile,Non-airport,Evening,Weekday,0.9951966368423314,0.8,0.9957080819304508,1.0,0.9904961119007212,0.9
4,2025-03-19,20,Wednesday,same_hour_last_week,Airport,Evening,Weekday,1.0,0.4,1.0,0.2,1.0,0.1
4,2025-03-19,20,Wednesday,same_hour_last_week,Non-airport,Evening,Weekday,0.9929978786251794,0.8,0.9763760074043112,0.9,0.9780353903266885,0.85
4,2025-03-19,20,Wednesday,trailing_4_week_profile,Airport,Evening,Weekday,1.0,0.4,1.0,0.2,1.0,0.1
4,2025-03-19,20,Wednesday,trailing_4_week_profile,Non-airport,Evening,Weekday,0.9951966368423314,0.8,0.9960407240889548,1.0,0.9930440297850142,0.95
4,2025-03-19,21,Wednesday,global_popularity,Airport,Late evening,Weekday,1.0,0.4,1.0,0.2,1.0,0.1
4,2025-03-19,21,Wednesday,global_popularity,Non-airport,Late evening,Weekday,0.823104874438481,0.4,0.877940833511108,0.7,0.9066571461104092,0.8
4,2025-03-19,21,Wednesday,zone_hour_profile,Airport,Late evening,Weekday,1.0,0.4,1.0,0.2,1.0,0.1
4,2025-03-19,21,Wednesday,zone_hour_profile,Non-airport,Late evening,Weekday,0.9651721888736189,0.6,0.9715508001189851,0.9,0.9843847345718648,0.9
4,2025-03-19,21,Wednesday,same_hour_last_week,Airport,Late evening,Weekday,1.0,0.4,1.0,0.2,1.0,0.1
4,2025-03-19,21,Wednesday,same_hour_last_week,Non-airport,Late evening,Weekday,0.9292618435681689,0.6,0.9329672986533041,0.7,0.963329900214897,0.9
4,2025-03-19,21,Wednesday,trailing_4_week_profile,Airport,Late evening,Weekday,1.0,0.4,1.0,0.2,1.0,0.1
4,2025-03-19,21,Wednesday,trailing_4_week_profile,Non-airport,Late evening,Weekday,0.9775126500690043,0.6,0.9701744351687738,0.9,0.9874000034964819,0.9
4,2025-03-19,22,Wednesday,global_popularity,Airport,Late evening,Weekday,1.0,0.4,1.0,0.2,1.0,0.1
4,2025-03-19,22,Wednesday,global_popularity,Non-airport,Late evening,Weekday,0.6823225934996017,0.4,0.7959423742875362,0.5,0.8509211422091766,0.75
4,2025-03-19,22,Wednesday,zone_hour_profile,Airport,Late evening,Weekday,1.0,0.4,1.0,0.2,1.0,0.1
4,2025-03-19,22,Wednesday,zone_hour_profile,Non-airport,Late evening,Weekday,0.9804475422735023,0.8,0.9791454102439776,0.9,0.9930150879628847,1.0
4,2025-03-19,22,Wednesday,same_hour_last_week,Airport,Late evening,Weekday,0.8603446087240573,0.4,0.8603446087240573,0.2,0.8603446087240573,0.1
4,2025-03-19,22,Wednesday,same_hour_last_week,Non-airport,Late evening,Weekday,0.9442879604475629,0.8,0.9566990821777228,0.7,0.9798687417257468,0.95
4,2025-03-19,22,Wednesday,trailing_4_week_profile,Airport,Late evening,Weekday,1.0,0.4,1.0,0.2,1.0,0.1
4,2025-03-19,22,Wednesday,trailing_4_week_profile,Non-airport,Late evening,Weekday,0.9936833321616211,1.0,0.9834469517445856,0.9,0.9916849521796718,0.95
4,2025-03-19,23,Wednesday,global_popularity,Airport,Late evening,Weekday,1.0,0.4,1.0,0.2,1.0,0.1
4,2025-03-19,23,Wednesday,global_popularity,Non-airport,Late evening,Weekday,0.6726072854855623,0.4,0.7313772332013724,0.4,0.7973515543112776,0.75
4,2025-03-19,23,Wednesday,zone_hour_profile,Airport,Late evening,Weekday,1.0,0.4,1.0,0.2,1.0,0.1
4,2025-03-19,23,Wednesday,zone_hour_profile,Non-airport,Late evening,Weekday,0.9967485626486626,1.0,0.9783239951831927,0.8,0.9945393616916862,0.95
4,2025-03-19,23,Wednesday,same_hour_last_week,Airport,Late evening,Weekday,0.8575140076290366,0.4,0.8575140076290366,0.2,0.8575140076290366,0.1
4,2025-03-19,23,Wednesday,same_hour_last_week,Non-airport,Late evening,Weekday,0.9405842593663599,0.8,0.9681643693890506,0.8,0.9855516801558232,0.95
4,2025-03-19,23,Wednesday,trailing_4_week_profile,Airport,Late evening,Weekday,1.0,0.4,1.0,0.2,1.0,0.1
4,2025-03-19,23,Wednesday,trailing_4_week_profile,Non-airport,Late evening,Weekday,0.9533185158867502,0.8,0.9896767268062785,0.9,0.9932225863989703,0.95
4,2025-03-20,0,Thursday,global_popularity,Airport,Overnight,Weekday,1.0,0.4,1.0,0.2,1.0,0.1
4,2025-03-20,0,Thursday,global_popularity,Non-airport,Overnight,Weekday,0.5642092487734198,0.2,0.595692211800281,0.3,0.7230896212668683,0.6
4,2025-03-20,0,Thursday,zone_hour_profile,Airport,Overnight,Weekday,1.0,0.4,1.0,0.2,1.0,0.1
4,2025-03-20,0,Thursday,zone_hour_profile,Non-airport,Overnight,Weekday,0.927755330295853,0.6,0.9593873985345645,0.8,0.9395638560917896,0.85
4,2025-03-20,0,Thursday,same_hour_last_week,Airport,Overnight,Weekday,1.0,0.4,1.0,0.2,1.0,0.1
4,2025-03-20,0,Thursday,same_hour_last_week,Non-airport,Overnight,Weekday,0.8895474237640891,0.6,0.9424775597976656,0.8,0.9268479974759076,0.85
4,2025-03-20,0,Thursday,trailing_4_week_profile,Airport,Overnight,Weekday,1.0,0.4,1.0,0.2,1.0,0.1
4,2025-03-20,0,Thursday,trailing_4_week_profile,Non-airport,Overnight,Weekday,0.9200599668681835,0.8,0.9524928847036462,0.8,0.9427316981196263,0.85
4,2025-03-20,1,Thursday,global_popularity,Airport,Overnight,Weekday,1.0,0.4,1.0,0.2,1.0,0.1
4,2025-03-20,1,Thursday,global_popularity,Non-airport,Overnight,Weekday,0.35928757070469586,0.2,0.4403129791750468,0.3,0.5998603203002728,0.55
4,2025-03-20,1,Thursday,zone_hour_profile,Airport,Overnight,Weekday,1.0,0.4,1.0,0.2,1.0,0.1
4,2025-03-20,1,Thursday,zone_hour_profile,Non-airport,Overnight,Weekday,0.9977085315687115,1.0,0.9622617446387199,0.6,0.982894862743907,0.85
4,2025-03-20,1,Thursday,same_hour_last_week,Airport,Overnight,Weekday,1.0,0.4,1.0,0.2,1.0,0.1
4,2025-03-20,1,Thursday,same_hour_last_week,Non-airport,Overnight,Weekday,0.9053564952219747,1.0,0.8828210987960183,0.6,0.922732334246343,0.85
4,2025-03-20,1,Thursday,trailing_4_week_profile,Airport,Overnight,Weekday,1.0,0.4,1.0,0.2,1.0,0.1
4,2025-03-20,1,Thursday,trailing_4_week_profile,Non-airport,Overnight,Weekday,0.8826594458826175,1.0,0.8687050135173925,0.6,0.8945486272988369,0.8
4,2025-03-20,2,Thursday,global_popularity,Airport,Overnight,Weekday,1.0,0.4,1.0,0.2,1.0,0.1
4,2025-03-20,2,Thursday,global_popularity,Non-airport,Overnight,Weekday,0.30059164942319894,0.0,0.3178469537533016,0.2,0.48353682607348786,0.5
4,2025-03-20,2,Thursday,zone_hour_profile,Airport,Overnight,Weekday,1.0,0.4,1.0,0.2,1.0,0.1
4,2025-03-20,2,Thursday,zone_hour_profile,Non-airport,Overnight,Weekday,0.9379523863915826,0.6,0.9143305833447681,0.7,0.9140935185062669,0.85
4,2025-03-20,2,Thursday,same_hour_last_week,Airport,Overnight,Weekday,0.9400168222563177,0.4,0.9400168222563177,0.2,0.9400168222563177,0.1
4,2025-03-20,2,Thursday,same_hour_last_week,Non-airport,Overnight,Weekday,0.8880125819520627,0.8,0.828127179092143,0.6,0.8536726574696119,0.75
4,2025-03-20,2,Thursday,trailing_4_week_profile,Airport,Overnight,Weekday,0.9066923819845907,0.4,0.9066923819845907,0.2,0.9066923819845907,0.1
4,2025-03-20,2,Thursday,trailing_4_week_profile,Non-airport,Overnight,Weekday,0.9247855552166055,0.6,0.9105118097313917,0.8,0.8997693360769035,0.8
4,2025-03-20,3,Thursday,global_popularity,Airport,Overnight,Weekday,1.0,0.4,1.0,0.2,1.0,0.1
4,2025-03-20,3,Thursday,global_popularity,Non-airport,Overnight,Weekday,0.404468848468194,0.2,0.4004787276137915,0.3,0.5551021854942575,0.5
4,2025-03-20,3,Thursday,zone_hour_profile,Airport,Overnight,Weekday,1.0,0.4,1.0,0.2,1.0,0.1
4,2025-03-20,3,Thursday,zone_hour_profile,Non-airport,Overnight,Weekday,0.9474181960865663,1.0,0.8954912966528219,0.6,0.8852091993383623,0.65
4,2025-03-20,3,Thursday,same_hour_last_week,Airport,Overnight,Weekday,0.9878683808033343,0.4,0.9878683808033343,0.2,0.9878683808033343,0.1
4,2025-03-20,3,Thursday,same_hour_last_week,Non-airport,Overnight,Weekday,0.8813737745617853,0.8,0.8791954660987094,0.6,0.8551495999297888,0.65
4,2025-03-20,3,Thursday,trailing_4_week_profile,Airport,Overnight,Weekday,1.0,0.4,1.0,0.2,1.0,0.1
4,2025-03-20,3,Thursday,trailing_4_week_profile,Non-airport,Overnight,Weekday,0.9474181960865663,1.0,0.9001694178061299,0.6,0.8815252385300038,0.65
4,2025-03-20,4,Thursday,global_popularity,Airport,Overnight,Weekday,1.0,0.2,1.0,0.1,1.0,0.05
4,2025-03-20,4,Thursday,global_popularity,Non-airport,Overnight,Weekday,0.46580830517150223,0.2,0.5081511138403452,0.2,0.601974733591955,0.65
4,2025-03-20,4,Thursday,zone_hour_profile,Airport,Overnight,Weekday,1.0,0.2,1.0,0.1,1.0,0.05
4,2025-03-20,4,Thursday,zone_hour_profile,Non-airport,Overnight,Weekday,0.7525007659059496,0.4,0.7856139455328132,0.5,0.808401971024601,0.6
4,2025-03-20,4,Thursday,same_hour_last_week,Airport,Overnight,Weekday,1.0,0.2,1.0,0.1,1.0,0.05
4,2025-03-20,4,Thursday,same_hour_last_week,Non-airport,Overnight,Weekday,0.7374898217390337,0.6,0.7744646352467014,0.6,0.7890622123279373,0.6
4,2025-03-20,4,Thursday,trailing_4_week_profile,Airport,Overnight,Weekday,1.0,0.2,1.0,0.1,1.0,0.05
4,2025-03-20,4,Thursday,trailing_4_week_profile,Non-airport,Overnight,Weekday,0.7548454941662485,0.4,0.7973075606748274,0.6,0.8095796265113891,0.65
4,2025-03-20,5,Thursday,global_popularity,Airport,Overnight,Weekday,1.0,0.2,1.0,0.1,1.0,0.05
4,2025-03-20,5,Thursday,global_popularity,Non-airport,Overnight,Weekday,0.7285019409015101,0.4,0.6681276225997541,0.5,0.7612701276296652,0.8
4,2025-03-20,5,Thursday,zone_hour_profile,Airport,Overnight,Weekday,1.0,0.2,1.0,0.1,1.0,0.05
4,2025-03-20,5,Thursday,zone_hour_profile,Non-airport,Overnight,Weekday,0.7265724208359762,0.6,0.8531161474676224,0.7,0.8791946135132221,0.85
4,2025-03-20,5,Thursday,same_hour_last_week,Airport,Overnight,Weekday,1.0,0.2,1.0,0.1,1.0,0.05
4,2025-03-20,5,Thursday,same_hour_last_week,Non-airport,Overnight,Weekday,0.7628666571557471,0.8,0.8251455093581953,0.6,0.8701755534799509,0.8
4,2025-03-20,5,Thursday,trailing_4_week_profile,Airport,Overnight,Weekday,1.0,0.2,1.0,0.1,1.0,0.05
4,2025-03-20,5,Thursday,trailing_4_week_profile,Non-airport,Overnight,Weekday,0.7885314582829437,0.8,0.8464598737057855,0.6,0.8792613383696973,0.8
4,2025-03-20,6,Thursday,global_popularity,Airport,Morning,Weekday,1.0,0.2,1.0,0.1,1.0,0.05
4,2025-03-20,6,Thursday,global_popularity,Non-airport,Morning,Weekday,0.695492317163367,0.6,0.7193905181341211,0.5,0.8100555872566153,0.75
4,2025-03-20,6,Thursday,zone_hour_profile,Airport,Morning,Weekday,1.0,0.2,1.0,0.1,1.0,0.05
4,2025-03-20,6,Thursday,zone_hour_profile,Non-airport,Morning,Weekday,0.9122461695444358,0.6,0.9267736416352405,0.8,0.944978997264431,0.85
4,2025-03-20,6,Thursday,same_hour_last_week,Airport,Morning,Weekday,1.0,0.2,1.0,0.1,1.0,0.05
4,2025-03-20,6,Thursday,same_hour_last_week,Non-airport,Morning,Weekday,0.9297117343309216,0.6,0.9351346599702266,0.7,0.9583402973031007,0.9
4,2025-03-20,6,Thursday,trailing_4_week_profile,Airport,Morning,Weekday,1.0,0.2,1.0,0.1,1.0,0.05
4,2025-03-20,6,Thursday,trailing_4_week_profile,Non-airport,Morning,Weekday,0.9114214520106996,0.6,0.9311810685087337,0.8,0.9507813135982324,0.9
4,2025-03-20,7,Thursday,global_popularity,Airport,Morning,Weekday,1.0,0.4,1.0,0.2,1.0,0.1
4,2025-03-20,7,Thursday,global_popularity,Non-airport,Morning,Weekday,0.8585972750421454,0.6,0.8333151891095996,0.6,0.8683128675672369,0.8
4,2025-03-20,7,Thursday,zone_hour_profile,Airport,Morning,Weekday,1.0,0.4,1.0,0.2,1.0,0.1
4,2025-03-20,7,Thursday,zone_hour_profile,Non-airport,Morning,Weekday,0.9493692176749521,0.6,0.96519662171363,0.8,0.9861496339424309,0.95
4,2025-03-20,7,Thursday,same_hour_last_week,Airport,Morning,Weekday,1.0,0.4,1.0,0.2,1.0,0.1
4,2025-03-20,7,Thursday,same_hour_last_week,Non-airport,Morning,Weekday,0.9734211120448083,0.8,0.9688878049640014,0.8,0.9772694080226664,0.9
4,2025-03-20,7,Thursday,trailing_4_week_profile,Airport,Morning,Weekday,1.0,0.4,1.0,0.2,1.0,0.1
4,2025-03-20,7,Thursday,trailing_4_week_profile,Non-airport,Morning,Weekday,0.9734211120448083,0.8,0.9671189611594968,0.8,0.9880235103715279,0.95
4,2025-03-20,8,Thursday,global_popularity,Airport,Morning,Weekday,1.0,0.4,1.0,0.2,1.0,0.1
4,2025-03-20,8,Thursday,global_popularity,Non-airport,Morning,Weekday,0.8558629161577338,0.6,0.8551614370914167,0.7,0.8901242710996418,0.85
4,2025-03-20,8,Thursday,zone_hour_profile,Airport,Morning,Weekday,1.0,0.4,1.0,0.2,1.0,0.1
4,2025-03-20,8,Thursday,zone_hour_profile,Non-airport,Morning,Weekday,0.9569065355659463,0.8,0.9324793841164635,0.7,0.9715053951468307,0.9
4,2025-03-20,8,Thursday,same_hour_last_week,Airport,Morning,Weekday,1.0,0.4,1.0,0.2,1.0,0.1
4,2025-03-20,8,Thursday,same_hour_last_week,Non-airport,Morning,Weekday,0.9219762311116183,0.6,0.9273799588849049,0.7,0.9695776307231826,0.95
4,2025-03-20,8,Thursday,trailing_4_week_profile,Airport,Morning,Weekday,1.0,0.4,1.0,0.2,1.0,0.1
4,2025-03-20,8,Thursday,trailing_4_week_profile,Non-airport,Morning,Weekday,0.9561294647412182,0.8,0.9268827048055142,0.6,0.9731366923277476,0.95
4,2025-03-20,9,Thursday,global_popularity,Airport,Morning,Weekday,1.0,0.4,1.0,0.2,1.0,0.1
4,2025-03-20,9,Thursday,global_popularity,Non-airport,Morning,Weekday,0.9465350278997812,0.8,0.928734467349424,0.7,0.9432354502882506,0.8
4,2025-03-20,9,Thursday,zone_hour_profile,Airport,Morning,Weekday,0.9812046457379556,0.4,0.9812046457379556,0.2,0.9812046457379556,0.1
4,2025-03-20,9,Thursday,zone_hour_profile,Non-airport,Morning,Weekday,0.9922643568414589,1.0,0.9700585350147977,0.8,0.983707130583016,0.95
4,2025-03-20,9,Thursday,same_hour_last_week,Airport,Morning,Weekday,0.9812046457379556,0.4,0.9812046457379556,0.2,0.9812046457379556,0.1
4,2025-03-20,9,Thursday,same_hour_last_week,Non-airport,Morning,Weekday,0.9930756099576884,1.0,0.9936011086100861,1.0,0.981874723310531,0.9
4,2025-03-20,9,Thursday,trailing_4_week_profile,Airport,Morning,Weekday,0.9812046457379556,0.4,0.9812046457379556,0.2,0.9812046457379556,0.1
4,2025-03-20,9,Thursday,trailing_4_week_profile,Non-airport,Morning,Weekday,0.9922643568414589,1.0,0.978957172697148,0.9,0.9854990993657381,0.95
4,2025-03-20,10,Thursday,global_popularity,Airport,Midday,Weekday,0.8738245992919037,0.4,0.8738245992919037,0.2,0.8738245992919037,0.1
4,2025-03-20,10,Thursday,global_popularity,Non-airport,Midday,Weekday,0.9975280149675814,1.0,0.9816521089099876,0.8,0.9620931584113268,0.85
4,2025-03-20,10,Thursday,zone_hour_profile,Airport,Midday,Weekday,1.0,0.4,1.0,0.2,1.0,0.1
4,2025-03-20,10,Thursday,zone_hour_profile,Non-airport,Midday,Weekday,0.9475570129627054,0.8,0.9424162518725504,0.8,0.9738692763154045,0.95
4,2025-03-20,10,Thursday,same_hour_last_week,Airport,Midday,Weekday,1.0,0.4,1.0,0.2,1.0,0.1
4,2025-03-20,10,Thursday,same_hour_last_week,Non-airport,Midday,Weekday,0.9377094791331195,0.8,0.9404442163181916,0.8,0.9554344264517541,0.9
4,2025-03-20,10,Thursday,trailing_4_week_profile,Airport,Midday,Weekday,1.0,0.4,1.0,0.2,1.0,0.1
4,2025-03-20,10,Thursday,trailing_4_week_profile,Non-airport,Midday,Weekday,0.9475570129627054,0.8,0.9432935000269689,0.8,0.9719449632670424,0.95
4,2025-03-20,11,Thursday,global_popularity,Airport,Midday,Weekday,0.8604321775481277,0.4,0.8604321775481277,0.2,0.8604321775481277,0.1
4,2025-03-20,11,Thursday,global_popularity,Non-airport,Midday,Weekday,1.0,1.0,0.9964079962639503,0.9,0.980102995467639,0.85
4,2025-03-20,11,Thursday,zone_hour_profile,Airport,Midday,Weekday,1.0,0.4,1.0,0.2,1.0,0.1
4,2025-03-20,11,Thursday,zone_hour_profile,Non-airport,Midday,Weekday,0.9432072813868184,0.8,0.9658471094831963,0.9,0.9658511922496988,0.9
4,2025-03-20,11,Thursday,same_hour_last_week,Airport,Midday,Weekday,1.0,0.4,1.0,0.2,1.0,0.1
4,2025-03-20,11,Thursday,same_hour_last_week,Non-airport,Midday,Weekday,0.9283100804622639,0.8,0.9734446364503067,0.9,0.9702541846584753,0.9
4,2025-03-20,11,Thursday,trailing_4_week_profile,Airport,Midday,Weekday,1.0,0.4,1.0,0.2,1.0,0.1
4,2025-03-20,11,Thursday,trailing_4_week_profile,Non-airport,Midday,Weekday,0.9448566630006289,0.8,0.9679116892758967,0.9,0.9658151108997639,0.9
4,2025-03-20,12,Thursday,global_popularity,Airport,Midday,Weekday,0.9791988506225124,0.4,0.9791988506225124,0.2,0.9791988506225124,0.1
4,2025-03-20,12,Thursday,global_popularity,Non-airport,Midday,Weekday,0.963347200838468,0.8,0.986127842465512,0.9,0.9683951987029349,0.85
4,2025-03-20,12,Thursday,zone_hour_profile,Airport,Midday,Weekday,1.0,0.4,1.0,0.2,1.0,0.1
4,2025-03-20,12,Thursday,zone_hour_profile,Non-airport,Midday,Weekday,0.9494963823272408,0.8,0.9478025995576126,0.9,0.9726770983124934,0.9
4,2025-03-20,12,Thursday,same_hour_last_week,Airport,Midday,Weekday,1.0,0.4,1.0,0.2,1.0,0.1
4,2025-03-20,12,Thursday,same_hour_last_week,Non-airport,Midday,Weekday,0.9307633839832251,0.8,0.9465839506903974,0.9,0.9749064029418509,0.9
4,2025-03-20,12,Thursday,trailing_4_week_profile,Airport,Midday,Weekday,1.0,0.4,1.0,0.2,1.0,0.1
4,2025-03-20,12,Thursday,trailing_4_week_profile,Non-airport,Midday,Weekday,0.93430614856483,0.8,0.9463334415252156,0.9,0.9725931285159016,0.9
4,2025-03-20,13,Thursday,global_popularity,Airport,Midday,Weekday,0.9433041504633969,0.4,0.9433041504633969,0.2,0.9433041504633969,0.1
4,2025-03-20,13,Thursday,global_popularity,Non-airport,Midday,Weekday,0.9754897149727169,0.6,0.9853816052325688,0.9,0.9639922318608263,0.75
4,2025-03-20,13,Thursday,zone_hour_profile,Airport,Midday,Weekday,1.0,0.4,1.0,0.2,1.0,0.1
4,2025-03-20,13,Thursday,zone_hour_profile,Non-airport,Midday,Weekday,0.9378295677609199,0.8,0.9289770723614453,0.7,0.9563246220481842,0.85
4,2025-03-20,13,Thursday,same_hour_last_week,Airport,Midday,Weekday,1.0,0.4,1.0,0.2,1.0,0.1
4,2025-03-20,13,Thursday,same_hour_last_week,Non-airport,Midday,Weekday,0.9943051764097794,0.8,0.9889218253178134,0.9,0.9896420134663713,0.85
4,2025-03-20,13,Thursday,trailing_4_week_profile,Airport,Midday,Weekday,1.0,0.4,1.0,0.2,1.0,0.1
4,2025-03-20,13,Thursday,trailing_4_week_profile,Non-airport,Midday,Weekday,0.9952989149211594,0.8,0.9757967573677309,0.8,0.9894123482654681,0.85
4,2025-03-20,14,Thursday,global_popularity,Airport,Midday,Weekday,0.9995294843265837,0.6,0.9995294843265837,0.3,0.9995294843265837,0.15
4,2025-03-20,14,Thursday,global_popularity,Non-airport,Midday,Weekday,0.9548996070178402,0.8,0.9930610974478097,1.0,0.9690955345457486,0.8
4,2025-03-20,14,Thursday,zone_hour_profile,Airport,Midday,Weekday,1.0,0.6,1.0,0.3,1.0,0.15
4,2025-03-20,14,Thursday,zone_hour_profile,Non-airport,Midday,Weekday,0.9052567950801592,0.8,0.912343557174939,0.8,0.9422489283483657,0.85
4,2025-03-20,14,Thursday,same_hour_last_week,Airport,Midday,Weekday,1.0,0.6,1.0,0.3,1.0,0.15
4,2025-03-20,14,Thursday,same_hour_last_week,Non-airport,Midday,Weekday,0.9177855367458351,0.8,0.9061099591530892,0.8,0.9412025951361519,0.9
4,2025-03-20,14,Thursday,trailing_4_week_profile,Airport,Midday,Weekday,1.0,0.6,1.0,0.3,1.0,0.15
4,2025-03-20,14,Thursday,trailing_4_week_profile,Non-airport,Midday,Weekday,0.9177855367458351,0.8,0.9181415859438021,0.9,0.945366990756179,0.9
4,2025-03-20,15,Thursday,global_popularity,Airport,Midday,Weekday,1.0,0.4,1.0,0.2,1.0,0.1
4,2025-03-20,15,Thursday,global_popularity,Non-airport,Midday,Weekday,0.9324289387712866,0.8,0.977507034919161,0.9,0.9460814672563546,0.75
4,2025-03-20,15,Thursday,zone_hour_profile,Airport,Midday,Weekday,1.0,0.4,1.0,0.2,1.0,0.1
4,2025-03-20,15,Thursday,zone_hour_profile,Non-airport,Midday,Weekday,0.8507461520718116,0.8,0.8626272057718629,0.7,0.9053294319320554,0.85
4,2025-03-20,15,Thursday,same_hour_last_week,Airport,Midday,Weekday,1.0,0.4,1.0,0.2,1.0,0.1
4,2025-03-20,15,Thursday,same_hour_last_week,Non-airport,Midday,Weekday,0.8650120179187263,0.8,0.8412510466241355,0.7,0.8993888572686328,0.85
4,2025-03-20,15,Thursday,trailing_4_week_profile,Airport,Midday,Weekday,1.0,0.4,1.0,0.2,1.0,0.1
4,2025-03-20,15,Thursday,trailing_4_week_profile,Non-airport,Midday,Weekday,0.8650120179187263,0.8,0.855371292039835,0.7,0.9095318220457438,0.85
4,2025-03-20,16,Thursday,global_popularity,Airport,Evening,Weekday,1.0,0.4,1.0,0.2,1.0,0.1
4,2025-03-20,16,Thursday,global_popularity,Non-airport,Evening,Weekday,0.9279109120139053,0.6,0.9658091177749875,0.8,0.9398558187423542,0.75
4,2025-03-20,16,Thursday,zone_hour_profile,Airport,Evening,Weekday,1.0,0.4,1.0,0.2,1.0,0.1
4,2025-03-20,16,Thursday,zone_hour_profile,Non-airport,Evening,Weekday,0.966640069601316,0.6,0.9807367002875922,0.8,0.9738504838160515,0.85
4,2025-03-20,16,Thursday,same_hour_last_week,Airport,Evening,Weekday,1.0,0.4,1.0,0.2,1.0,0.1
4,2025-03-20,16,Thursday,same_hour_last_week,Non-airport,Evening,Weekday,0.9438859667315758,0.6,0.9819271685347312,0.9,0.9747367589664612,0.9
4,2025-03-20,16,Thursday,trailing_4_week_profile,Airport,Evening,Weekday,1.0,0.4,1.0,0.2,1.0,0.1
4,2025-03-20,16,Thursday,trailing_4_week_profile,Non-airport,Evening,Weekday,0.966640069601316,0.6,0.9807914483290718,0.8,0.9828730216106158,0.9
4,2025-03-20,17,Thursday,global_popularity,Airport,Evening,Weekday,1.0,0.4,1.0,0.2,1.0,0.1
4,2025-03-20,17,Thursday,global_popularity,Non-airport,Evening,Weekday,0.8632755115081142,0.4,0.9529661798619112,0.9,0.938873945398045,0.8
4,2025-03-20,17,Thursday,zone_hour_profile,Airport,Evening,Weekday,1.0,0.4,1.0,0.2,1.0,0.1
4,2025-03-20,17,Thursday,zone_hour_profile,Non-airport,Evening,Weekday,0.9612631393998755,0.6,0.9812087392032703,0.9,0.9787501220746455,0.9
4,2025-03-20,17,Thursday,same_hour_last_week,Airport,Evening,Weekday,1.0,0.4,1.0,0.2,1.0,0.1
4,2025-03-20,17,Thursday,same_hour_last_week,Non-airport,Evening,Weekday,0.9506513145606903,0.6,0.9793009169964723,0.9,0.9777563586041175,0.95
4,2025-03-20,17,Thursday,trailing_4_week_profile,Airport,Evening,Weekday,1.0,0.4,1.0,0.2,1.0,0.1
4,2025-03-20,17,Thursday,trailing_4_week_profile,Non-airport,Evening,Weekday,0.9778431641098687,0.6,0.9943779183676567,0.9,0.9941257708434419,0.95
4,2025-03-20,18,Thursday,global_popularity,Airport,Evening,Weekday,1.0,0.4,1.0,0.2,1.0,0.1
4,2025-03-20,18,Thursday,global_popularity,Non-airport,Evening,Weekday,0.901087991224631,0.6,0.9501045300130775,0.9,0.9483681586236281,0.75
4,2025-03-20,18,Thursday,zone_hour_profile,Airport,Evening,Weekday,1.0,0.4,1.0,0.2,1.0,0.1
4,2025-03-20,18,Thursday,zone_hour_profile,Non-airport,Evening,Weekday,0.9817309562020334,0.8,0.982831658795265,0.9,0.9861794105138529,0.85
4,2025-03-20,18,Thursday,same_hour_last_week,Airport,Evening,Weekday,1.0,0.4,1.0,0.2,1.0,0.1
4,2025-03-20,18,Thursday,same_hour_last_week,Non-airport,Evening,Weekday,0.9615973162408874,0.6,0.9873201474799611,1.0,0.9795053857477769,0.85
4,2025-03-20,18,Thursday,trailing_4_week_profile,Airport,Evening,Weekday,1.0,0.4,1.0,0.2,1.0,0.1
4,2025-03-20,18,Thursday,trailing_4_week_profile,Non-airport,Evening,Weekday,0.9615973162408874,0.6,0.9746475591460039,0.9,0.982902499236469,0.9
4,2025-03-20,19,Thursday,global_popularity,Airport,Evening,Weekday,1.0,0.4,1.0,0.2,1.0,0.1
4,2025-03-20,19,Thursday,global_popularity,Non-airport,Evening,Weekday,0.8678415316226727,0.4,0.9220013310689993,0.8,0.9332271847939047,0.8
4,2025-03-20,19,Thursday,zone_hour_profile,Airport,Evening,Weekday,1.0,0.4,1.0,0.2,1.0,0.1
4,2025-03-20,19,Thursday,zone_hour_profile,Non-airport,Evening,Weekday,0.9780559184276085,0.6,0.953298894085225,0.8,0.9739320105296507,0.85
4,2025-03-20,19,Thursday,same_hour_last_week,Airport,Evening,Weekday,1.0,0.4,1.0,0.2,1.0,0.1
4,2025-03-20,19,Thursday,same_hour_last_week,Non-airport,Evening,Weekday,0.9292196219970896,0.6,0.9425933526273024,0.8,0.9691041981183767,0.9
4,2025-03-20,19,Thursday,trailing_4_week_profile,Airport,Evening,Weekday,1.0,0.4,1.0,0.2,1.0,0.1
4,2025-03-20,19,Thursday,trailing_4_week_profile,Non-airport,Evening,Weekday,0.9344963249701885,0.6,0.9466141055954724,0.8,0.9724102684864759,0.9
4,2025-03-20,20,Thursday,global_popularity,Airport,Evening,Weekday,1.0,0.4,1.0,0.2,1.0,0.1
4,2025-03-20,20,Thursday,global_popularity,Non-airport,Evening,Weekday,0.8658061142458964,0.4,0.9274593873711676,0.8,0.9286502164778124,0.8
4,2025-03-20,20,Thursday,zone_hour_profile,Airport,Evening,Weekday,1.0,0.4,1.0,0.2,1.0,0.1
4,2025-03-20,20,Thursday,zone_hour_profile,Non-airport,Evening,Weekday,0.9757134387168569,0.8,0.9804066657073338,0.9,0.9788318648097513,0.9
4,2025-03-20,20,Thursday,same_hour_last_week,Airport,Evening,Weekday,1.0,0.4,1.0,0.2,1.0,0.1
4,2025-03-20,20,Thursday,same_hour_last_week,Non-airport,Evening,Weekday,0.9637211948808404,0.8,0.9659508867445915,0.9,0.9705092354226361,0.9
4,2025-03-20,20,Thursday,trailing_4_week_profile,Airport,Evening,Weekday,1.0,0.4,1.0,0.2,1.0,0.1
4,2025-03-20,20,Thursday,trailing_4_week_profile,Non-airport,Evening,Weekday,0.9729069674337284,0.8,0.9795409684396844,0.9,0.9785798338551044,0.9
4,2025-03-20,21,Thursday,global_popularity,Airport,Late evening,Weekday,1.0,0.4,1.0,0.2,1.0,0.1
4,2025-03-20,21,Thursday,global_popularity,Non-airport,Late evening,Weekday,0.8688248141970982,0.4,0.9108995493620688,0.7,0.9424958195446992,0.85
4,2025-03-20,21,Thursday,zone_hour_profile,Airport,Late evening,Weekday,1.0,0.4,1.0,0.2,1.0,0.1
4,2025-03-20,21,Thursday,zone_hour_profile,Non-airport,Late evening,Weekday,0.9526612870363014,0.6,0.9579852791650011,0.7,0.9825588602214098,0.9
4,2025-03-20,21,Thursday,same_hour_last_week,Airport,Late evening,Weekday,1.0,0.4,1.0,0.2,1.0,0.1
4,2025-03-20,21,Thursday,same_hour_last_week,Non-airport,Late evening,Weekday,0.9379828100249501,0.6,0.9745190635763862,0.9,0.9793524480940337,0.9
4,2025-03-20,21,Thursday,trailing_4_week_profile,Airport,Late evening,Weekday,1.0,0.4,1.0,0.2,1.0,0.1
4,2025-03-20,21,Thursday,trailing_4_week_profile,Non-airport,Late evening,Weekday,0.9526612870363014,0.6,0.9805584164791444,0.8,0.98471696057826,0.9
4,2025-03-20,22,Thursday,global_popularity,Airport,Late evening,Weekday,1.0,0.4,1.0,0.2,1.0,0.1
4,2025-03-20,22,Thursday,global_popularity,Non-airport,Late evening,Weekday,0.7520562317894712,0.4,0.8117217779801296,0.6,0.8779763631717438,0.8
4,2025-03-20,22,Thursday,zone_hour_profile,Airport,Late evening,Weekday,1.0,0.4,1.0,0.2,1.0,0.1
4,2025-03-20,22,Thursday,zone_hour_profile,Non-airport,Late evening,Weekday,0.9591708568217414,0.8,0.9711269866543154,0.8,0.9797795352639095,0.85
4,2025-03-20,22,Thursday,same_hour_last_week,Airport,Late evening,Weekday,1.0,0.4,1.0,0.2,1.0,0.1
4,2025-03-20,22,Thursday,same_hour_last_week,Non-airport,Late evening,Weekday,0.8995146485898224,0.6,0.9461217326513398,0.8,0.9669901565794679,0.9
4,2025-03-20,22,Thursday,trailing_4_week_profile,Airport,Late evening,Weekday,1.0,0.4,1.0,0.2,1.0,0.1
4,2025-03-20,22,Thursday,trailing_4_week_profile,Non-airport,Late evening,Weekday,0.9310432792052415,0.6,0.9844460719943345,0.9,0.9786904799909945,0.85
4,2025-03-20,23,Thursday,global_popularity,Airport,Late evening,Weekday,1.0,0.4,1.0,0.2,1.0,0.1
4,2025-03-20,23,Thursday,global_popularity,Non-airport,Late evening,Weekday,0.677200150951368,0.4,0.6884349672123891,0.4,0.8011407784281545,0.75
4,2025-03-20,23,Thursday,zone_hour_profile,Airport,Late evening,Weekday,1.0,0.4,1.0,0.2,1.0,0.1
4,2025-03-20,23,Thursday,zone_hour_profile,Non-airport,Late evening,Weekday,0.9716704574551541,0.8,0.9672045371462409,0.9,0.9895869032896562,0.95
4,2025-03-20,23,Thursday,same_hour_last_week,Airport,Late evening,Weekday,1.0,0.4,1.0,0.2,1.0,0.1
4,2025-03-20,23,Thursday,same_hour_last_week,Non-airport,Late evening,Weekday,0.9516104979245444,0.6,0.9928108610965874,1.0,0.9909585333003932,0.95
4,2025-03-20,23,Thursday,trailing_4_week_profile,Airport,Late evening,Weekday,0.962929035241969,0.4,0.962929035241969,0.2,0.962929035241969,0.1
4,2025-03-20,23,Thursday,trailing_4_week_profile,Non-airport,Late evening,Weekday,0.9771402866649946,0.8,0.991993109569681,1.0,0.9910166235854588,0.95
4,2025-03-21,0,Friday,global_popularity,Airport,Overnight,Weekday,1.0,0.4,1.0,0.2,1.0,0.1
4,2025-03-21,0,Friday,global_popularity,Non-airport,Overnight,Weekday,0.5306273020620299,0.2,0.5695830393928203,0.3,0.6913867613712702,0.65
4,2025-03-21,0,Friday,zone_hour_profile,Airport,Overnight,Weekday,1.0,0.4,1.0,0.2,1.0,0.1
4,2025-03-21,0,Friday,zone_hour_profile,Non-airport,Overnight,Weekday,0.950723633884312,1.0,0.957479845426522,0.9,0.9675321446123765,0.95
4,2025-03-21,0,Friday,same_hour_last_week,Airport,Overnight,Weekday,1.0,0.4,1.0,0.2,1.0,0.1
4,2025-03-21,0,Friday,same_hour_last_week,Non-airport,Overnight,Weekday,0.8149715980669113,0.4,0.9006342427232948,0.9,0.9274546894066126,0.9
4,2025-03-21,0,Friday,trailing_4_week_profile,Airport,Overnight,Weekday,1.0,0.4,1.0,0.2,1.0,0.1
4,2025-03-21,0,Friday,trailing_4_week_profile,Non-airport,Overnight,Weekday,0.9440116030106367,0.8,0.9523025966554208,0.9,0.9671174186425995,0.95
4,2025-03-21,1,Friday,global_popularity,Airport,Overnight,Weekday,1.0,0.4,1.0,0.2,1.0,0.1
4,2025-03-21,1,Friday,global_popularity,Non-airport,Overnight,Weekday,0.22977081644145628,0.0,0.3004413303248222,0.1,0.5002900439396682,0.55
4,2025-03-21,1,Friday,zone_hour_profile,Airport,Overnight,Weekday,1.0,0.4,1.0,0.2,1.0,0.1
4,2025-03-21,1,Friday,zone_hour_profile,Non-airport,Overnight,Weekday,0.981865454904593,1.0,0.9606155638822067,0.8,0.9581859665109168,0.8
4,2025-03-21,1,Friday,same_hour_last_week,Airport,Overnight,Weekday,1.0,0.4,1.0,0.2,1.0,0.1
4,2025-03-21,1,Friday,same_hour_last_week,Non-airport,Overnight,Weekday,0.9571252671092709,0.8,0.9619163239151336,0.8,0.9688902855659517,0.85
4,2025-03-21,1,Friday,trailing_4_week_profile,Airport,Overnight,Weekday,1.0,0.4,1.0,0.2,1.0,0.1
4,2025-03-21,1,Friday,trailing_4_week_profile,Non-airport,Overnight,Weekday,0.981865454904593,1.0,0.962581329861341,0.8,0.9492712589644623,0.75
4,2025-03-21,2,Friday,global_popularity,Airport,Overnight,Weekday,1.0,0.2,1.0,0.1,1.0,0.05
4,2025-03-21,2,Friday,global_popularity,Non-airport,Overnight,Weekday,0.19474555773021454,0.0,0.23221214123007816,0.0,0.44208634963908194,0.5
4,2025-03-21,2,Friday,zone_hour_profile,Airport,Overnight,Weekday,1.0,0.2,1.0,0.1,1.0,0.05
4,2025-03-21,2,Friday,zone_hour_profile,Non-airport,Overnight,Weekday,0.956628212237735,0.8,0.956005840143243,0.7,0.9604069322156452,0.85
4,2025-03-21,2,Friday,same_hour_last_week,Airport,Overnight,Weekday,1.0,0.2,1.0,0.1,1.0,0.05
4,2025-03-21,2,Friday,same_hour_last_week,Non-airport,Overnight,Weekday,0.9955693511401229,1.0,0.993577918232754,0.9,0.9716353208275703,0.85
4,2025-03-21,2,Friday,trailing_4_week_profile,Airport,Overnight,Weekday,1.0,0.2,1.0,0.1,1.0,0.05
4,2025-03-21,2,Friday,trailing_4_week_profile,Non-airport,Overnight,Weekday,0.9749370874030645,0.8,0.9731157404480426,0.8,0.9701739779613946,0.85
4,2025-03-21,3,Friday,global_popularity,Airport,Overnight,Weekday,1.0,0.4,1.0,0.2,1.0,0.1
4,2025-03-21,3,Friday,global_popularity,Non-airport,Overnight,Weekday,0.3618803519341593,0.2,0.3947555220643179,0.2,0.599742476430124,0.65
4,2025-03-21,3,Friday,zone_hour_profile,Airport,Overnight,Weekday,1.0,0.4,1.0,0.2,1.0,0.1
4,2025-03-21,3,Friday,zone_hour_profile,Non-airport,Overnight,Weekday,0.9686847025766293,0.8,0.909254150228088,0.8,0.9193809291138262,0.8
4,2025-03-21,3,Friday,same_hour_last_week,Airport,Overnight,Weekday,0.9945068854041715,0.4,0.9945068854041715,0.2,0.9945068854041715,0.1
4,2025-03-21,3,Friday,same_hour_last_week,Non-airport,Overnight,Weekday,0.9605806364408656,0.8,0.8556148143562033,0.6,0.9385374563649898,0.85
4,2025-03-21,3,Friday,trailing_4_week_profile,Airport,Overnight,Weekday,1.0,0.4,1.0,0.2,1.0,0.1
4,2025-03-21,3,Friday,trailing_4_week_profile,Non-airport,Overnight,Weekday,0.9867265768030921,0.8,0.8947783522193757,0.7,0.9200950118252593,0.75
4,2025-03-21,4,Friday,global_popularity,Airport,Overnight,Weekday,1.0,0.4,1.0,0.2,1.0,0.1
4,2025-03-21,4,Friday,global_popularity,Non-airport,Overnight,Weekday,0.5085919807411026,0.0,0.6021102245469984,0.4,0.733518097227766,0.65
4,2025-03-21,4,Friday,zone_hour_profile,Airport,Overnight,Weekday,1.0,0.4,1.0,0.2,1.0,0.1
4,2025-03-21,4,Friday,zone_hour_profile,Non-airport,Overnight,Weekday,0.9487896712266773,0.4,0.9044401723101083,0.7,0.9391410252689752,0.85
4,2025-03-21,4,Friday,same_hour_last_week,Airport,Overnight,Weekday,1.0,0.4,1.0,0.2,1.0,0.1
4,2025-03-21,4,Friday,same_hour_last_week,Non-airport,Overnight,Weekday,0.8826389994016297,0.4,0.8852869752488357,0.6,0.9057185890390395,0.8
4,2025-03-21,4,Friday,trailing_4_week_profile,Airport,Overnight,Weekday,1.0,0.4,1.0,0.2,1.0,0.1
4,2025-03-21,4,Friday,trailing_4_week_profile,Non-airport,Overnight,Weekday,0.9476381689087241,0.4,0.9181003384279214,0.7,0.9469410930816228,0.85
4,2025-03-21,5,Friday,global_popularity,Airport,Overnight,Weekday,1.0,0.4,1.0,0.2,1.0,0.1
4,2025-03-21,5,Friday,global_popularity,Non-airport,Overnight,Weekday,0.7371323076563068,0.6,0.7343525682451638,0.4,0.8055082674937248,0.75
4,2025-03-21,5,Friday,zone_hour_profile,Airport,Overnight,Weekday,1.0,0.4,1.0,0.2,1.0,0.1
4,2025-03-21,5,Friday,zone_hour_profile,Non-airport,Overnight,Weekday,0.83603922360255,0.6,0.8767192747809238,0.7,0.8885000624541837,0.75
4,2025-03-21,5,Friday,same_hour_last_week,Airport,Overnight,Weekday,1.0,0.4,1.0,0.2,1.0,0.1
4,2025-03-21,5,Friday,same_hour_last_week,Non-airport,Overnight,Weekday,0.7968343232925976,0.4,0.8121334838323859,0.7,0.8307784836633466,0.6
4,2025-03-21,5,Friday,trailing_4_week_profile,Airport,Overnight,Weekday,1.0,0.4,1.0,0.2,1.0,0.1
4,2025-03-21,5,Friday,trailing_4_week_profile,Non-airport,Overnight,Weekday,0.9009987772429892,0.6,0.8801646254027244,0.7,0.8833126672676358,0.7
4,2025-03-21,6,Friday,global_popularity,Airport,Morning,Weekday,1.0,0.4,1.0,0.2,1.0,0.1
4,2025-03-21,6,Friday,global_popularity,Non-airport,Morning,Weekday,0.7366795758817601,0.4,0.7811421393251214,0.6,0.86354719366795,0.85
4,2025-03-21,6,Friday,zone_hour_profile,Airport,Morning,Weekday,1.0,0.4,1.0,0.2,1.0,0.1
4,2025-03-21,6,Friday,zone_hour_profile,Non-airport,Morning,Weekday,0.8246537256918293,0.6,0.8600131341370598,0.7,0.9193484712598519,0.9
4,2025-03-21,6,Friday,same_hour_last_week,Airport,Morning,Weekday,1.0,0.4,1.0,0.2,1.0,0.1
4,2025-03-21,6,Friday,same_hour_last_week,Non-airport,Morning,Weekday,0.7864668303872357,0.4,0.880079567743423,0.8,0.9259267250232964,0.9
4,2025-03-21,6,Friday,trailing_4_week_profile,Airport,Morning,Weekday,1.0,0.4,1.0,0.2,1.0,0.1
4,2025-03-21,6,Friday,trailing_4_week_profile,Non-airport,Morning,Weekday,0.7970072178772469,0.6,0.8546018088185492,0.7,0.9141963769729715,0.95
4,2025-03-21,7,Friday,global_popularity,Airport,Morning,Weekday,1.0,0.4,1.0,0.2,1.0,0.1
4,2025-03-21,7,Friday,global_popularity,Non-airport,Morning,Weekday,0.8016796853926057,0.4,0.7916697561017132,0.6,0.8416228004520516,0.8
4,2025-03-21,7,Friday,zone_hour_profile,Airport,Morning,Weekday,1.0,0.4,1.0,0.2,1.0,0.1
4,2025-03-21,7,Friday,zone_hour_profile,Non-airport,Morning,Weekday,0.9375880678743173,0.8,0.943595901069552,0.6,0.9552280896571833,0.85
4,2025-03-21,7,Friday,same_hour_last_week,Airport,Morning,Weekday,1.0,0.4,1.0,0.2,1.0,0.1
4,2025-03-21,7,Friday,same_hour_last_week,Non-airport,Morning,Weekday,0.9358727245193751,0.8,0.9427334077950557,0.6,0.9552693222739506,0.9
4,2025-03-21,7,Friday,trailing_4_week_profile,Airport,Morning,Weekday,1.0,0.4,1.0,0.2,1.0,0.1
4,2025-03-21,7,Friday,trailing_4_week_profile,Non-airport,Morning,Weekday,0.9375880678743173,0.8,0.9422782190741162,0.6,0.9607193469072224,0.9
4,2025-03-21,8,Friday,global_popularity,Airport,Morning,Weekday,1.0,0.4,1.0,0.2,1.0,0.1
4,2025-03-21,8,Friday,global_popularity,Non-airport,Morning,Weekday,0.9409244836525262,0.8,0.8934707819988258,0.7,0.9287810132200424,0.8
4,2025-03-21,8,Friday,zone_hour_profile,Airport,Morning,Weekday,1.0,0.4,1.0,0.2,1.0,0.1
4,2025-03-21,8,Friday,zone_hour_profile,Non-airport,Morning,Weekday,0.9763048113106405,0.6,0.9476082274374293,0.6,0.9871892897718244,0.95
4,2025-03-21,8,Friday,same_hour_last_week,Airport,Morning,Weekday,1.0,0.4,1.0,0.2,1.0,0.1
4,2025-03-21,8,Friday,same_hour_last_week,Non-airport,Morning,Weekday,0.955028428845014,0.4,0.9603249826260079,0.7,0.9838556716784567,0.95
4,2025-03-21,8,Friday,trailing_4_week_profile,Airport,Morning,Weekday,1.0,0.4,1.0,0.2,1.0,0.1
4,2025-03-21,8,Friday,trailing_4_week_profile,Non-airport,Morning,Weekday,0.955028428845014,0.4,0.9455922409591592,0.6,0.9864689352778834,0.95
4,2025-03-21,9,Friday,global_popularity,Airport,Morning,Weekday,1.0,0.4,1.0,0.2,1.0,0.1
4,2025-03-21,9,Friday,global_popularity,Non-airport,Morning,Weekday,0.9106210011466231,0.8,0.8972943944471758,0.7,0.9197071880528639,0.8
4,2025-03-21,9,Friday,zone_hour_profile,Airport,Morning,Weekday,0.9752068547654488,0.4,0.9752068547654488,0.2,0.9752068547654488,0.1
4,2025-03-21,9,Friday,zone_hour_profile,Non-airport,Morning,Weekday,0.8201837136578443,0.4,0.8866627983114885,0.8,0.9430755642281455,0.95
4,2025-03-21,9,Friday,same_hour_last_week,Airport,Morning,Weekday,1.0,0.4,1.0,0.2,1.0,0.1
4,2025-03-21,9,Friday,same_hour_last_week,Non-airport,Morning,Weekday,0.8497399108338822,0.6,0.8879967695449297,0.8,0.936869490073513,0.9
4,2025-03-21,9,Friday,trailing_4_week_profile,Airport,Morning,Weekday,0.9752068547654488,0.4,0.9752068547654488,0.2,0.9752068547654488,0.1
4,2025-03-21,9,Friday,trailing_4_week_profile,Non-airport,Morning,Weekday,0.8201974667380074,0.4,0.8762245877989707,0.7,0.9428724977624361,0.95
4,2025-03-21,10,Friday,global_popularity,Airport,Midday,Weekday,0.9415683959698771,0.4,0.9415683959698771,0.2,0.9415683959698771,0.1
4,2025-03-21,10,Friday,global_popularity,Non-airport,Midday,Weekday,0.9956039458717186,1.0,0.9677975030439203,0.8,0.9722041514640388,0.8
4,2025-03-21,10,Friday,zone_hour_profile,Airport,Midday,Weekday,1.0,0.4,1.0,0.2,1.0,0.1
4,2025-03-21,10,Friday,zone_hour_profile,Non-airport,Midday,Weekday,0.9122609456851621,0.8,0.900405608821549,0.7,0.9536565168378963,0.9
4,2025-03-21,10,Friday,same_hour_last_week,Airport,Midday,Weekday,1.0,0.4,1.0,0.2,1.0,0.1
4,2025-03-21,10,Friday,same_hour_last_week,Non-airport,Midday,Weekday,0.9007584556698744,0.8,0.9229524374447512,0.8,0.9502715921856206,0.9
4,2025-03-21,10,Friday,trailing_4_week_profile,Airport,Midday,Weekday,1.0,0.4,1.0,0.2,1.0,0.1
4,2025-03-21,10,Friday,trailing_4_week_profile,Non-airport,Midday,Weekday,0.9122609456851621,0.8,0.9303490924234179,0.8,0.9561151752846402,0.9
4,2025-03-21,11,Friday,global_popularity,Airport,Midday,Weekday,1.0,0.4,1.0,0.2,1.0,0.1
4,2025-03-21,11,Friday,global_popularity,Non-airport,Midday,Weekday,0.9924363649440525,1.0,0.9788063937440253,0.9,0.9789211151226725,0.9
4,2025-03-21,11,Friday,zone_hour_profile,Airport,Midday,Weekday,0.9789687155611707,0.4,0.9789687155611707,0.2,0.9789687155611707,0.1
4,2025-03-21,11,Friday,zone_hour_profile,Non-airport,Midday,Weekday,0.9107479068357525,0.6,0.9486335346101641,0.9,0.9691484025782431,0.9
4,2025-03-21,11,Friday,same_hour_last_week,Airport,Midday,Weekday,0.9789687155611707,0.4,0.9789687155611707,0.2,0.9789687155611707,0.1
4,2025-03-21,11,Friday,same_hour_last_week,Non-airport,Midday,Weekday,0.9742038497985066,0.8,0.9869308490259433,1.0,0.9875089614400239,0.95
4,2025-03-21,11,Friday,trailing_4_week_profile,Airport,Midday,Weekday,0.9789687155611707,0.4,0.9789687155611707,0.2,0.9789687155611707,0.1
4,2025-03-21,11,Friday,trailing_4_week_profile,Non-airport,Midday,Weekday,0.9478391958079798,0.8,0.9540972202742083,0.9,0.9746575644802087,0.95
4,2025-03-21,12,Friday,global_popularity,Airport,Midday,Weekday,0.9996522194639486,0.4,0.9996522194639486,0.2,0.9996522194639486,0.1
4,2025-03-21,12,Friday,global_popularity,Non-airport,Midday,Weekday,0.9652498334616489,0.8,0.9714033445706415,0.8,0.9759809724947636,0.85
4,2025-03-21,12,Friday,zone_hour_profile,Airport,Midday,Weekday,1.0,0.4,1.0,0.2,1.0,0.1
4,2025-03-21,12,Friday,zone_hour_profile,Non-airport,Midday,Weekday,0.9632609202397536,0.8,0.9620200215822187,0.9,0.9829648198387642,0.9
4,2025-03-21,12,Friday,same_hour_last_week,Airport,Midday,Weekday,0.9996522194639486,0.4,0.9996522194639486,0.2,0.9996522194639486,0.1
4,2025-03-21,12,Friday,same_hour_last_week,Non-airport,Midday,Weekday,0.9489309648207743,0.8,0.9617638300818285,0.7,0.9839400914442484,0.9
4,2025-03-21,12,Friday,trailing_4_week_profile,Airport,Midday,Weekday,0.9996522194639486,0.4,0.9996522194639486,0.2,0.9996522194639486,0.1
4,2025-03-21,12,Friday,trailing_4_week_profile,Non-airport,Midday,Weekday,0.9632609202397536,0.8,0.9830693067256857,0.9,0.9847663752974445,0.9
4,2025-03-21,13,Friday,global_popularity,Airport,Midday,Weekday,0.987885415978227,0.4,0.987885415978227,0.2,0.987885415978227,0.1
4,2025-03-21,13,Friday,global_popularity,Non-airport,Midday,Weekday,0.9873679392445717,0.8,0.973551372203699,0.8,0.9741377776747059,0.85
4,2025-03-21,13,Friday,zone_hour_profile,Airport,Midday,Weekday,1.0,0.4,1.0,0.2,1.0,0.1
4,2025-03-21,13,Friday,zone_hour_profile,Non-airport,Midday,Weekday,0.9383059250537916,1.0,0.9314732838479647,0.9,0.9564206464038469,0.95
4,2025-03-21,13,Friday,same_hour_last_week,Airport,Midday,Weekday,1.0,0.4,1.0,0.2,1.0,0.1
4,2025-03-21,13,Friday,same_hour_last_week,Non-airport,Midday,Weekday,0.9383059250537916,1.0,0.9325441514407418,0.9,0.9524916960770466,0.85
4,2025-03-21,13,Friday,trailing_4_week_profile,Airport,Midday,Weekday,1.0,0.4,1.0,0.2,1.0,0.1
4,2025-03-21,13,Friday,trailing_4_week_profile,Non-airport,Midday,Weekday,0.933908647943623,1.0,0.9285039802000957,0.9,0.9541981562969002,0.95
4,2025-03-21,14,Friday,global_popularity,Airport,Midday,Weekday,1.0,0.4,1.0,0.2,1.0,0.1
4,2025-03-21,14,Friday,global_popularity,Non-airport,Midday,Weekday,0.9732809897887071,0.8,0.9839676247481641,0.8,0.9724977833370781,0.85
4,2025-03-21,14,Friday,zone_hour_profile,Airport,Midday,Weekday,1.0,0.4,1.0,0.2,1.0,0.1
4,2025-03-21,14,Friday,zone_hour_profile,Non-airport,Midday,Weekday,0.9380275840583765,0.8,0.9390682349276916,0.7,0.9628496928925413,0.85
4,2025-03-21,14,Friday,same_hour_last_week,Airport,Midday,Weekday,0.8883874819333473,0.4,0.8883874819333473,0.2,0.8883874819333473,0.1
4,2025-03-21,14,Friday,same_hour_last_week,Non-airport,Midday,Weekday,0.9528136630093313,0.8,0.9237388983477425,0.6,0.9667268672300727,0.85
4,2025-03-21,14,Friday,trailing_4_week_profile,Airport,Midday,Weekday,1.0,0.4,1.0,0.2,1.0,0.1
4,2025-03-21,14,Friday,trailing_4_week_profile,Non-airport,Midday,Weekday,0.9380275840583765,0.8,0.9398081760941207,0.7,0.9609136858054708,0.85
4,2025-03-21,15,Friday,global_popularity,Airport,Midday,Weekday,1.0,0.4,1.0,0.2,1.0,0.1
4,2025-03-21,15,Friday,global_popularity,Non-airport,Midday,Weekday,0.9848488555648494,0.8,0.9852452770407835,0.8,0.9735253486155854,0.8
4,2025-03-21,15,Friday,zone_hour_profile,Airport,Midday,Weekday,1.0,0.4,1.0,0.2,1.0,0.1
4,2025-03-21,15,Friday,zone_hour_profile,Non-airport,Midday,Weekday,0.9302590482024861,0.8,0.9095344329649435,0.6,0.9541897813381575,0.8
4,2025-03-21,15,Friday,same_hour_last_week,Airport,Midday,Weekday,1.0,0.4,1.0,0.2,1.0,0.1
4,2025-03-21,15,Friday,same_hour_last_week,Non-airport,Midday,Weekday,0.9952778013706809,0.8,0.9656411340884251,0.7,0.9848988956022664,0.85
4,2025-03-21,15,Friday,trailing_4_week_profile,Airport,Midday,Weekday,1.0,0.4,1.0,0.2,1.0,0.1
4,2025-03-21,15,Friday,trailing_4_week_profile,Non-airport,Midday,Weekday,0.9302590482024861,0.8,0.9069496799139618,0.6,0.957251188554111,0.85
4,2025-03-21,16,Friday,global_popularity,Airport,Evening,Weekday,1.0,0.4,1.0,0.2,1.0,0.1
4,2025-03-21,16,Friday,global_popularity,Non-airport,Evening,Weekday,0.9686254086386722,0.8,0.9825311443174392,0.8,0.9683544208050389,0.85
4,2025-03-21,16,Friday,zone_hour_profile,Airport,Evening,Weekday,1.0,0.4,1.0,0.2,1.0,0.1
4,2025-03-21,16,Friday,zone_hour_profile,Non-airport,Evening,Weekday,0.9918792660095096,0.8,0.989752020429824,0.9,0.9923362831560958,0.9
4,2025-03-21,16,Friday,same_hour_last_week,Airport,Evening,Weekday,1.0,0.4,1.0,0.2,1.0,0.1
4,2025-03-21,16,Friday,same_hour_last_week,Non-airport,Evening,Weekday,0.9918792660095096,0.8,0.9649451324948621,0.8,0.983431531053004,0.85
4,2025-03-21,16,Friday,trailing_4_week_profile,Airport,Evening,Weekday,1.0,0.4,1.0,0.2,1.0,0.1
4,2025-03-21,16,Friday,trailing_4_week_profile,Non-airport,Evening,Weekday,0.9918792660095096,0.8,0.9881890024477336,0.8,0.9924846995734904,0.9
4,2025-03-21,17,Friday,global_popularity,Airport,Evening,Weekday,1.0,0.4,1.0,0.2,1.0,0.1
4,2025-03-21,17,Friday,global_popularity,Non-airport,Evening,Weekday,0.9648093896171678,0.6,0.9899196404594034,0.9,0.9724645726669676,0.8
4,2025-03-21,17,Friday,zone_hour_profile,Airport,Evening,Weekday,1.0,0.4,1.0,0.2,1.0,0.1
4,2025-03-21,17,Friday,zone_hour_profile,Non-airport,Evening,Weekday,0.9905099275594842,0.8,0.987538712029003,0.9,0.9943647122782309,0.9
4,2025-03-21,17,Friday,same_hour_last_week,Airport,Evening,Weekday,1.0,0.4,1.0,0.2,1.0,0.1
4,2025-03-21,17,Friday,same_hour_last_week,Non-airport,Evening,Weekday,0.9929685796447215,0.8,0.9868072801904382,0.9,0.9876300955666312,0.85
4,2025-03-21,17,Friday,trailing_4_week_profile,Airport,Evening,Weekday,1.0,0.4,1.0,0.2,1.0,0.1
4,2025-03-21,17,Friday,trailing_4_week_profile,Non-airport,Evening,Weekday,0.9929685796447215,0.8,0.9796566134673217,0.8,0.9914720858417053,0.85
4,2025-03-21,18,Friday,global_popularity,Airport,Evening,Weekday,1.0,0.4,1.0,0.2,1.0,0.1
4,2025-03-21,18,Friday,global_popularity,Non-airport,Evening,Weekday,0.9263562016931327,0.6,0.9661868169722857,0.9,0.9700819667751619,0.85
4,2025-03-21,18,Friday,zone_hour_profile,Airport,Evening,Weekday,1.0,0.4,1.0,0.2,1.0,0.1
4,2025-03-21,18,Friday,zone_hour_profile,Non-airport,Evening,Weekday,0.972290255372744,0.8,0.9792088339565396,0.9,0.9846318196326095,0.9
4,2025-03-21,18,Friday,same_hour_last_week,Airport,Evening,Weekday,1.0,0.4,1.0,0.2,1.0,0.1
4,2025-03-21,18,Friday,same_hour_last_week,Non-airport,Evening,Weekday,0.9687935743549577,0.8,0.989465545083063,1.0,0.9834014401195244,0.9
4,2025-03-21,18,Friday,trailing_4_week_profile,Airport,Evening,Weekday,1.0,0.4,1.0,0.2,1.0,0.1
4,2025-03-21,18,Friday,trailing_4_week_profile,Non-airport,Evening,Weekday,0.972290255372744,0.8,0.9758788975057933,0.9,0.9844407616226558,0.9
4,2025-03-21,19,Friday,global_popularity,Airport,Evening,Weekday,1.0,0.4,1.0,0.2,1.0,0.1
4,2025-03-21,19,Friday,global_popularity,Non-airport,Evening,Weekday,0.9568772172183533,0.6,0.9710614929410772,0.8,0.9780303643091046,0.9
4,2025-03-21,19,Friday,zone_hour_profile,Airport,Evening,Weekday,1.0,0.4,1.0,0.2,1.0,0.1
4,2025-03-21,19,Friday,zone_hour_profile,Non-airport,Evening,Weekday,0.9745344019936248,0.8,0.9757876712527946,0.8,0.9852107337099225,0.9
4,2025-03-21,19,Friday,same_hour_last_week,Airport,Evening,Weekday,1.0,0.4,1.0,0.2,1.0,0.1
4,2025-03-21,19,Friday,same_hour_last_week,Non-airport,Evening,Weekday,0.9418738446057077,0.6,0.976646777102507,0.8,0.9851971363013335,0.9
4,2025-03-21,19,Friday,trailing_4_week_profile,Airport,Evening,Weekday,1.0,0.4,1.0,0.2,1.0,0.1
4,2025-03-21,19,Friday,trailing_4_week_profile,Non-airport,Evening,Weekday,0.957327597143154,0.8,0.97481123562598,0.8,0.9864490208099674,0.9
4,2025-03-21,20,Friday,global_popularity,Airport,Evening,Weekday,1.0,0.4,1.0,0.2,1.0,0.1
4,2025-03-21,20,Friday,global_popularity,Non-airport,Evening,Weekday,0.9311640077898848,0.6,0.9311503363591369,0.7,0.9549091123198401,0.8
4,2025-03-21,20,Friday,zone_hour_profile,Airport,Evening,Weekday,1.0,0.4,1.0,0.2,1.0,0.1
4,2025-03-21,20,Friday,zone_hour_profile,Non-airport,Evening,Weekday,0.9332631789224913,0.6,0.9544653269669721,0.9,0.9725977363215488,0.85
4,2025-03-21,20,Friday,same_hour_last_week,Airport,Evening,Weekday,1.0,0.4,1.0,0.2,1.0,0.1
4,2025-03-21,20,Friday,same_hour_last_week,Non-airport,Evening,Weekday,0.9396666011455722,0.6,0.9566812224744008,0.8,0.9724007721116525,0.85
4,2025-03-21,20,Friday,trailing_4_week_profile,Airport,Evening,Weekday,1.0,0.4,1.0,0.2,1.0,0.1
4,2025-03-21,20,Friday,trailing_4_week_profile,Non-airport,Evening,Weekday,0.9364112919412855,0.6,0.9500692435581835,0.8,0.9702494977237353,0.8
4,2025-03-21,21,Friday,global_popularity,Airport,Late evening,Weekday,1.0,0.4,1.0,0.2,1.0,0.1
4,2025-03-21,21,Friday,global_popularity,Non-airport,Late evening,Weekday,0.7225869219296553,0.4,0.7597227937838272,0.5,0.8521051796390573,0.85
4,2025-03-21,21,Friday,zone_hour_profile,Airport,Late evening,Weekday,1.0,0.4,1.0,0.2,1.0,0.1
4,2025-03-21,21,Friday,zone_hour_profile,Non-airport,Late evening,Weekday,0.9253435859873443,0.6,0.965738679899159,0.9,0.9762132048980153,0.95
4,2025-03-21,21,Friday,same_hour_last_week,Airport,Late evening,Weekday,1.0,0.4,1.0,0.2,1.0,0.1
4,2025-03-21,21,Friday,same_hour_last_week,Non-airport,Late evening,Weekday,0.913474800343126,0.6,0.9678800249535671,0.9,0.9780840539342062,0.95
4,2025-03-21,21,Friday,trailing_4_week_profile,Airport,Late evening,Weekday,1.0,0.4,1.0,0.2,1.0,0.1
4,2025-03-21,21,Friday,trailing_4_week_profile,Non-airport,Late evening,Weekday,0.9197178444227041,0.6,0.9660545433615789,0.9,0.9766584896477728,0.95
4,2025-03-21,22,Friday,global_popularity,Airport,Late evening,Weekday,1.0,0.4,1.0,0.2,1.0,0.1
4,2025-03-21,22,Friday,global_popularity,Non-airport,Late evening,Weekday,0.6602822574925905,0.4,0.7261375227454516,0.6,0.8302058547064312,0.75
4,2025-03-21,22,Friday,zone_hour_profile,Airport,Late evening,Weekday,1.0,0.4,1.0,0.2,1.0,0.1
4,2025-03-21,22,Friday,zone_hour_profile,Non-airport,Late evening,Weekday,0.973350268654138,0.8,0.9789807778187282,0.8,0.988326377020916,0.85
4,2025-03-21,22,Friday,same_hour_last_week,Airport,Late evening,Weekday,1.0,0.4,1.0,0.2,1.0,0.1
4,2025-03-21,22,Friday,same_hour_last_week,Non-airport,Late evening,Weekday,0.8846249126516244,0.6,0.942471449368634,0.8,0.9658281720871682,0.9
4,2025-03-21,22,Friday,trailing_4_week_profile,Airport,Late evening,Weekday,1.0,0.4,1.0,0.2,1.0,0.1
4,2025-03-21,22,Friday,trailing_4_week_profile,Non-airport,Late evening,Weekday,0.9613753164544104,0.8,0.9685779196758361,0.8,0.9783754416793751,0.9
4,2025-03-21,23,Friday,global_popularity,Airport,Late evening,Weekday,1.0,0.4,1.0,0.2,1.0,0.1
4,2025-03-21,23,Friday,global_popularity,Non-airport,Late evening,Weekday,0.38582795191960856,0.2,0.45044624764140306,0.2,0.6320850015498914,0.65
4,2025-03-21,23,Friday,zone_hour_profile,Airport,Late evening,Weekday,1.0,0.4,1.0,0.2,1.0,0.1
4,2025-03-21,23,Friday,zone_hour_profile,Non-airport,Late evening,Weekday,0.9821003669337399,0.8,0.9754432766253683,0.7,0.9835530723032486,0.95
4,2025-03-21,23,Friday,same_hour_last_week,Airport,Late evening,Weekday,1.0,0.4,1.0,0.2,1.0,0.1
4,2025-03-21,23,Friday,same_hour_last_week,Non-airport,Late evening,Weekday,0.9227877553065854,0.6,0.9597107063791374,0.8,0.9736705487599696,0.95
4,2025-03-21,23,Friday,trailing_4_week_profile,Airport,Late evening,Weekday,1.0,0.4,1.0,0.2,1.0,0.1
4,2025-03-21,23,Friday,trailing_4_week_profile,Non-airport,Late evening,Weekday,0.9832225236505212,0.8,0.9779629163322419,0.8,0.990512613093357,1.0
4,2025-03-22,0,Saturday,global_popularity,Airport,Overnight,Weekend,0.9631425465709177,0.4,0.9631425465709177,0.2,0.9631425465709177,0.1
4,2025-03-22,0,Saturday,global_popularity,Non-airport,Overnight,Weekend,0.1912385905755771,0.0,0.2488156148423234,0.1,0.4683330280986911,0.55
4,2025-03-22,0,Saturday,zone_hour_profile,Airport,Overnight,Weekend,0.9631425465709177,0.4,0.9631425465709177,0.2,0.9631425465709177,0.1
4,2025-03-22,0,Saturday,zone_hour_profile,Non-airport,Overnight,Weekend,0.9947070850118741,0.8,0.9900740640351839,0.9,0.9943821545529238,0.95
4,2025-03-22,0,Saturday,same_hour_last_week,Airport,Overnight,Weekend,0.9631425465709177,0.4,0.9631425465709177,0.2,0.9631425465709177,0.1
4,2025-03-22,0,Saturday,same_hour_last_week,Non-airport,Overnight,Weekend,1.0,1.0,0.977566563872582,0.7,0.989436397938683,0.9
4,2025-03-22,0,Saturday,trailing_4_week_profile,Airport,Overnight,Weekend,0.9631425465709177,0.4,0.9631425465709177,0.2,0.9631425465709177,0.1
4,2025-03-22,0,Saturday,trailing_4_week_profile,Non-airport,Overnight,Weekend,0.9947070850118741,0.8,0.9860476281936253,0.8,0.9944877504939157,0.95
4,2025-03-22,1,Saturday,global_popularity,Airport,Overnight,Weekend,1.0,0.4,1.0,0.2,1.0,0.1
4,2025-03-22,1,Saturday,global_popularity,Non-airport,Overnight,Weekend,0.08625360622682288,0.0,0.1333333153042886,0.1,0.35607781078215595,0.5
4,2025-03-22,1,Saturday,zone_hour_profile,Airport,Overnight,Weekend,1.0,0.4,1.0,0.2,1.0,0.1
4,2025-03-22,1,Saturday,zone_hour_profile,Non-airport,Overnight,Weekend,0.997862987316555,1.0,0.9979538163083396,1.0,0.9948689271867371,0.95
4,2025-03-22,1,Saturday,same_hour_last_week,Airport,Overnight,Weekend,0.9636925695499148,0.4,0.9636925695499148,0.2,0.9636925695499148,0.1
4,2025-03-22,1,Saturday,same_hour_last_week,Non-airport,Overnight,Weekend,0.997862987316555,1.0,0.9955932498141257,0.9,0.9944931254829356,0.95
4,2025-03-22,1,Saturday,trailing_4_week_profile,Airport,Overnight,Weekend,1.0,0.4,1.0,0.2,1.0,0.1
4,2025-03-22,1,Saturday,trailing_4_week_profile,Non-airport,Overnight,Weekend,1.0,1.0,0.9991823187326896,1.0,0.9961822450030745,0.95
4,2025-03-22,2,Saturday,global_popularity,Airport,Overnight,Weekend,1.0,0.2,1.0,0.1,1.0,0.05
4,2025-03-22,2,Saturday,global_popularity,Non-airport,Overnight,Weekend,0.06839962907573037,0.0,0.1041179935806541,0.0,0.3082253603397123,0.4
4,2025-03-22,2,Saturday,zone_hour_profile,Airport,Overnight,Weekend,1.0,0.2,1.0,0.1,1.0,0.05
4,2025-03-22,2,Saturday,zone_hour_profile,Non-airport,Overnight,Weekend,1.0,1.0,0.9962813033313102,0.9,0.9853256600959646,0.85
4,2025-03-22,2,Saturday,same_hour_last_week,Airport,Overnight,Weekend,1.0,0.2,1.0,0.1,1.0,0.05
4,2025-03-22,2,Saturday,same_hour_last_week,Non-airport,Overnight,Weekend,0.9561912243584929,1.0,0.9555632186830647,0.9,0.9592806960145381,0.9
4,2025-03-22,2,Saturday,trailing_4_week_profile,Airport,Overnight,Weekend,1.0,0.2,1.0,0.1,1.0,0.05
4,2025-03-22,2,Saturday,trailing_4_week_profile,Non-airport,Overnight,Weekend,1.0,1.0,0.9956907897394512,0.9,0.9913058351220163,0.9
4,2025-03-22,3,Saturday,global_popularity,Airport,Overnight,Weekend,1.0,0.2,1.0,0.1,1.0,0.05
4,2025-03-22,3,Saturday,global_popularity,Non-airport,Overnight,Weekend,0.12419332355639874,0.0,0.1392305714179866,0.0,0.32779913190477883,0.3
4,2025-03-22,3,Saturday,zone_hour_profile,Airport,Overnight,Weekend,1.0,0.2,1.0,0.1,1.0,0.05
4,2025-03-22,3,Saturday,zone_hour_profile,Non-airport,Overnight,Weekend,0.9882689069007071,0.8,0.9730055623892051,0.9,0.9474892961270909,0.75
4,2025-03-22,3,Saturday,same_hour_last_week,Airport,Overnight,Weekend,1.0,0.2,1.0,0.1,1.0,0.05
4,2025-03-22,3,Saturday,same_hour_last_week,Non-airport,Overnight,Weekend,0.9603394901575952,0.8,0.9323688632392507,0.8,0.9540991103551489,0.85
4,2025-03-22,3,Saturday,trailing_4_week_profile,Airport,Overnight,Weekend,1.0,0.2,1.0,0.1,1.0,0.05
4,2025-03-22,3,Saturday,trailing_4_week_profile,Non-airport,Overnight,Weekend,0.9882689069007071,0.8,0.9706345497724661,0.9,0.9786620546741802,0.85
4,2025-03-22,4,Saturday,global_popularity,Airport,Overnight,Weekend,1.0,0.2,1.0,0.1,1.0,0.05
4,2025-03-22,4,Saturday,global_popularity,Non-airport,Overnight,Weekend,0.2372413522281351,0.0,0.2790090809027205,0.1,0.4818989526084961,0.55
4,2025-03-22,4,Saturday,zone_hour_profile,Airport,Overnight,Weekend,1.0,0.2,1.0,0.1,1.0,0.05
4,2025-03-22,4,Saturday,zone_hour_profile,Non-airport,Overnight,Weekend,0.9882666076350494,1.0,0.9576219973937926,0.8,0.9293678705685012,0.75
4,2025-03-22,4,Saturday,same_hour_last_week,Airport,Overnight,Weekend,0.6309297535714574,0.2,0.6309297535714574,0.1,0.6309297535714574,0.05
4,2025-03-22,4,Saturday,same_hour_last_week,Non-airport,Overnight,Weekend,0.9488719695856466,0.8,0.914411674964997,0.7,0.9072157970506873,0.65
4,2025-03-22,4,Saturday,trailing_4_week_profile,Airport,Overnight,Weekend,1.0,0.2,1.0,0.1,1.0,0.05
4,2025-03-22,4,Saturday,trailing_4_week_profile,Non-airport,Overnight,Weekend,0.9943669096965341,1.0,0.937615959716229,0.7,0.9432456400999264,0.8
4,2025-03-22,5,Saturday,global_popularity,Airport,Overnight,Weekend,1.0,0.2,1.0,0.1,1.0,0.05
4,2025-03-22,5,Saturday,global_popularity,Non-airport,Overnight,Weekend,0.5130625313310005,0.4,0.4958392162214973,0.2,0.6349967958055525,0.6
4,2025-03-22,5,Saturday,zone_hour_profile,Airport,Overnight,Weekend,1.0,0.2,1.0,0.1,1.0,0.05
4,2025-03-22,5,Saturday,zone_hour_profile,Non-airport,Overnight,Weekend,0.6986718470219567,0.6,0.7521410336009015,0.7,0.7547216714672215,0.55
4,2025-03-22,5,Saturday,same_hour_last_week,Airport,Overnight,Weekend,1.0,0.2,1.0,0.1,1.0,0.05
4,2025-03-22,5,Saturday,same_hour_last_week,Non-airport,Overnight,Weekend,0.6206584167531533,0.6,0.7276095237977221,0.7,0.7519227179654432,0.6
4,2025-03-22,5,Saturday,trailing_4_week_profile,Airport,Overnight,Weekend,1.0,0.2,1.0,0.1,1.0,0.05
4,2025-03-22,5,Saturday,trailing_4_week_profile,Non-airport,Overnight,Weekend,0.69414009949696,0.6,0.8120451569003071,0.7,0.8520110756171683,0.7
4,2025-03-22,6,Saturday,global_popularity,Airport,Morning,Weekend,1.0,0.4,1.0,0.2,1.0,0.1
4,2025-03-22,6,Saturday,global_popularity,Non-airport,Morning,Weekend,0.7919081465358867,0.4,0.7995477017059751,0.6,0.8835081332025114,0.8
4,2025-03-22,6,Saturday,zone_hour_profile,Airport,Morning,Weekend,1.0,0.4,1.0,0.2,1.0,0.1
4,2025-03-22,6,Saturday,zone_hour_profile,Non-airport,Morning,Weekend,0.6435122523542901,0.2,0.6791082117472166,0.3,0.8194568202064525,0.8
4,2025-03-22,6,Saturday,same_hour_last_week,Airport,Morning,Weekend,1.0,0.4,1.0,0.2,1.0,0.1
4,2025-03-22,6,Saturday,same_hour_last_week,Non-airport,Morning,Weekend,0.6881843098102183,0.4,0.7518792194346766,0.5,0.797017507579883,0.75
4,2025-03-22,6,Saturday,trailing_4_week_profile,Airport,Morning,Weekend,1.0,0.4,1.0,0.2,1.0,0.1
4,2025-03-22,6,Saturday,trailing_4_week_profile,Non-airport,Morning,Weekend,0.70255035991076,0.4,0.7050490466206151,0.4,0.8134053521838774,0.8
4,2025-03-22,7,Saturday,global_popularity,Airport,Morning,Weekend,1.0,0.4,1.0,0.2,1.0,0.1
4,2025-03-22,7,Saturday,global_popularity,Non-airport,Morning,Weekend,0.7617914258026838,0.4,0.7981871708135988,0.6,0.8573079097173856,0.8
4,2025-03-22,7,Saturday,zone_hour_profile,Airport,Morning,Weekend,1.0,0.4,1.0,0.2,1.0,0.1
4,2025-03-22,7,Saturday,zone_hour_profile,Non-airport,Morning,Weekend,0.7333896831124112,0.4,0.8564427689481321,0.7,0.8926896286168209,0.85
4,2025-03-22,7,Saturday,same_hour_last_week,Airport,Morning,Weekend,1.0,0.4,1.0,0.2,1.0,0.1
4,2025-03-22,7,Saturday,same_hour_last_week,Non-airport,Morning,Weekend,0.8324554930358787,0.4,0.8708960815717567,0.7,0.9000255115665761,0.85
4,2025-03-22,7,Saturday,trailing_4_week_profile,Airport,Morning,Weekend,1.0,0.4,1.0,0.2,1.0,0.1
4,2025-03-22,7,Saturday,trailing_4_week_profile,Non-airport,Morning,Weekend,0.8128098651527108,0.4,0.8909893772583731,0.8,0.9078536980459965,0.85
4,2025-03-22,8,Saturday,global_popularity,Airport,Morning,Weekend,1.0,0.4,1.0,0.2,1.0,0.1
4,2025-03-22,8,Saturday,global_popularity,Non-airport,Morning,Weekend,0.8033742010885814,0.6,0.8000582633226018,0.5,0.8690210027020064,0.85
4,2025-03-22,8,Saturday,zone_hour_profile,Airport,Morning,Weekend,1.0,0.4,1.0,0.2,1.0,0.1
4,2025-03-22,8,Saturday,zone_hour_profile,Non-airport,Morning,Weekend,0.7626106824114196,0.8,0.8335484700718009,0.7,0.8988428505125404,0.95
4,2025-03-22,8,Saturday,same_hour_last_week,Airport,Morning,Weekend,1.0,0.4,1.0,0.2,1.0,0.1
4,2025-03-22,8,Saturday,same_hour_last_week,Non-airport,Morning,Weekend,0.817984523697054,0.6,0.8449833203446885,0.6,0.9074933429623272,0.95
4,2025-03-22,8,Saturday,trailing_4_week_profile,Airport,Morning,Weekend,1.0,0.4,1.0,0.2,1.0,0.1
4,2025-03-22,8,Saturday,trailing_4_week_profile,Non-airport,Morning,Weekend,0.7286901583835534,0.8,0.8373162380418748,0.7,0.9002957507572819,0.95
4,2025-03-22,9,Saturday,global_popularity,Airport,Morning,Weekend,1.0,0.4,1.0,0.2,1.0,0.1
4,2025-03-22,9,Saturday,global_popularity,Non-airport,Morning,Weekend,0.9279518266219747,0.6,0.8903925916700333,0.6,0.9154587360349212,0.7
4,2025-03-22,9,Saturday,zone_hour_profile,Airport,Morning,Weekend,1.0,0.4,1.0,0.2,1.0,0.1
4,2025-03-22,9,Saturday,zone_hour_profile,Non-airport,Morning,Weekend,0.7801243439808756,0.4,0.8678243104860051,0.8,0.9178402378138283,0.85
4,2025-03-22,9,Saturday,same_hour_last_week,Airport,Morning,Weekend,1.0,0.4,1.0,0.2,1.0,0.1
4,2025-03-22,9,Saturday,same_hour_last_week,Non-airport,Morning,Weekend,0.7833661028657275,0.4,0.9040599966315694,0.9,0.9199064150870043,0.85
4,2025-03-22,9,Saturday,trailing_4_week_profile,Airport,Morning,Weekend,1.0,0.4,1.0,0.2,1.0,0.1
4,2025-03-22,9,Saturday,trailing_4_week_profile,Non-airport,Morning,Weekend,0.8223550178534689,0.6,0.8747200199095844,0.8,0.918836956834063,0.85
4,2025-03-22,10,Saturday,global_popularity,Airport,Midday,Weekend,0.9575634740422675,0.4,0.9575634740422675,0.2,0.9575634740422675,0.1
4,2025-03-22,10,Saturday,global_popularity,Non-airport,Midday,Weekend,0.9137572136907611,0.8,0.9247867011752269,0.8,0.9321014348845644,0.9
4,2025-03-22,10,Saturday,zone_hour_profile,Airport,Midday,Weekend,1.0,0.4,1.0,0.2,1.0,0.1
4,2025-03-22,10,Saturday,zone_hour_profile,Non-airport,Midday,Weekend,0.8400012728066197,0.6,0.8763523540927086,0.7,0.9215421427384971,0.95
4,2025-03-22,10,Saturday,same_hour_last_week,Airport,Midday,Weekend,1.0,0.4,1.0,0.2,1.0,0.1
4,2025-03-22,10,Saturday,same_hour_last_week,Non-airport,Midday,Weekend,0.839085290736891,0.6,0.8851185801008029,0.8,0.9210110866155823,0.95
4,2025-03-22,10,Saturday,trailing_4_week_profile,Airport,Midday,Weekend,1.0,0.4,1.0,0.2,1.0,0.1
4,2025-03-22,10,Saturday,trailing_4_week_profile,Non-airport,Midday,Weekend,0.7567670948934692,0.4,0.8727873166850397,0.7,0.9159914871559269,0.95
4,2025-03-22,11,Saturday,global_popularity,Airport,Midday,Weekend,0.9958659747371507,0.4,0.9958659747371507,0.2,0.9958659747371507,0.1
4,2025-03-22,11,Saturday,global_popularity,Non-airport,Midday,Weekend,0.9585879401315353,0.8,0.9646968184520686,0.9,0.9650894750109736,0.85
4,2025-03-22,11,Saturday,zone_hour_profile,Airport,Midday,Weekend,1.0,0.4,1.0,0.2,1.0,0.1
4,2025-03-22,11,Saturday,zone_hour_profile,Non-airport,Midday,Weekend,0.8951003239853018,0.6,0.9342823803461429,0.9,0.9528605693990143,0.9
4,2025-03-22,11,Saturday,same_hour_last_week,Airport,Midday,Weekend,1.0,0.4,1.0,0.2,1.0,0.1
4,2025-03-22,11,Saturday,same_hour_last_week,Non-airport,Midday,Weekend,0.9428789705579067,0.6,0.9690829268651552,0.9,0.9752710661370642,0.85
4,2025-03-22,11,Saturday,trailing_4_week_profile,Airport,Midday,Weekend,1.0,0.4,1.0,0.2,1.0,0.1
4,2025-03-22,11,Saturday,trailing_4_week_profile,Non-airport,Midday,Weekend,0.8861718703142614,0.6,0.9274581955995018,0.9,0.9448089906175972,0.85
4,2025-03-22,12,Saturday,global_popularity,Airport,Midday,Weekend,1.0,0.4,1.0,0.2,1.0,0.1
4,2025-03-22,12,Saturday,global_popularity,Non-airport,Midday,Weekend,0.9741575354692874,0.8,0.9826305445586261,0.9,0.977453815091503,0.85
4,2025-03-22,12,Saturday,zone_hour_profile,Airport,Midday,Weekend,1.0,0.4,1.0,0.2,1.0,0.1
4,2025-03-22,12,Saturday,zone_hour_profile,Non-airport,Midday,Weekend,0.8882603164551592,0.6,0.9359396550471595,0.9,0.9395124243268328,0.8
4,2025-03-22,12,Saturday,same_hour_last_week,Airport,Midday,Weekend,1.0,0.4,1.0,0.2,1.0,0.1
4,2025-03-22,12,Saturday,same_hour_last_week,Non-airport,Midday,Weekend,0.9181437160278332,0.6,0.9324417943852698,0.7,0.9650766039105143,0.85
4,2025-03-22,12,Saturday,trailing_4_week_profile,Airport,Midday,Weekend,1.0,0.4,1.0,0.2,1.0,0.1
4,2025-03-22,12,Saturday,trailing_4_week_profile,Non-airport,Midday,Weekend,0.8812812874107908,0.6,0.9084830554350319,0.8,0.9360810556088468,0.8
4,2025-03-22,13,Saturday,global_popularity,Airport,Midday,Weekend,1.0,0.4,1.0,0.2,1.0,0.1
4,2025-03-22,13,Saturday,global_popularity,Non-airport,Midday,Weekend,0.9644450534734528,0.8,0.9622630462934462,0.9,0.9707445636191088,0.85
4,2025-03-22,13,Saturday,zone_hour_profile,Airport,Midday,Weekend,1.0,0.4,1.0,0.2,1.0,0.1
4,2025-03-22,13,Saturday,zone_hour_profile,Non-airport,Midday,Weekend,0.9536890788931432,0.8,0.9652904988424069,0.8,0.9756002144787782,0.85
4,2025-03-22,13,Saturday,same_hour_last_week,Airport,Midday,Weekend,1.0,0.4,1.0,0.2,1.0,0.1
4,2025-03-22,13,Saturday,same_hour_last_week,Non-airport,Midday,Weekend,0.9497603092836026,0.8,0.9519586365385649,0.8,0.9609699928309462,0.8
4,2025-03-22,13,Saturday,trailing_4_week_profile,Airport,Midday,Weekend,1.0,0.4,1.0,0.2,1.0,0.1
4,2025-03-22,13,Saturday,trailing_4_week_profile,Non-airport,Midday,Weekend,0.9217884637569578,0.8,0.94535073127385,0.8,0.958312364776655,0.85
4,2025-03-22,14,Saturday,global_popularity,Airport,Midday,Weekend,1.0,0.4,1.0,0.2,1.0,0.1
4,2025-03-22,14,Saturday,global_popularity,Non-airport,Midday,Weekend,0.9769360531721367,0.8,0.9523277818620034,0.8,0.951167120870126,0.85
4,2025-03-22,14,Saturday,zone_hour_profile,Airport,Midday,Weekend,1.0,0.4,1.0,0.2,1.0,0.1
4,2025-03-22,14,Saturday,zone_hour_profile,Non-airport,Midday,Weekend,0.9156207454635689,0.6,0.9284200760034564,0.8,0.9665960354463019,0.9
4,2025-03-22,14,Saturday,same_hour_last_week,Airport,Midday,Weekend,1.0,0.4,1.0,0.2,1.0,0.1
4,2025-03-22,14,Saturday,same_hour_last_week,Non-airport,Midday,Weekend,0.9327584032920058,0.6,0.9352110136993877,0.7,0.9740659370136333,0.95
4,2025-03-22,14,Saturday,trailing_4_week_profile,Airport,Midday,Weekend,1.0,0.4,1.0,0.2,1.0,0.1
4,2025-03-22,14,Saturday,trailing_4_week_profile,Non-airport,Midday,Weekend,0.9294506120470002,0.6,0.9411878609228581,0.9,0.9724675374485262,0.95
4,2025-03-22,15,Saturday,global_popularity,Airport,Midday,Weekend,1.0,0.4,1.0,0.2,1.0,0.1
4,2025-03-22,15,Saturday,global_popularity,Non-airport,Midday,Weekend,0.9711660316361721,0.8,0.9492546613985486,0.8,0.9337589277993484,0.7
4,2025-03-22,15,Saturday,zone_hour_profile,Airport,Midday,Weekend,1.0,0.4,1.0,0.2,1.0,0.1
4,2025-03-22,15,Saturday,zone_hour_profile,Non-airport,Midday,Weekend,0.9113349295179846,0.6,0.9427332880868365,0.8,0.9521426361534681,0.75
4,2025-03-22,15,Saturday,same_hour_last_week,Airport,Midday,Weekend,1.0,0.4,1.0,0.2,1.0,0.1
4,2025-03-22,15,Saturday,same_hour_last_week,Non-airport,Midday,Weekend,0.8960210721938718,0.4,0.9554144164560203,0.9,0.956421685665247,0.8
4,2025-03-22,15,Saturday,trailing_4_week_profile,Airport,Midday,Weekend,1.0,0.4,1.0,0.2,1.0,0.1
4,2025-03-22,15,Saturday,trailing_4_week_profile,Non-airport,Midday,Weekend,0.9260057430756018,0.6,0.9582683880964945,0.9,0.9578508636895159,0.75
4,2025-03-22,16,Saturday,global_popularity,Airport,Evening,Weekend,1.0,0.4,1.0,0.2,1.0,0.1
4,2025-03-22,16,Saturday,global_popularity,Non-airport,Evening,Weekend,0.933417418595251,0.8,0.9259597831874236,0.8,0.9292006983291745,0.8
4,2025-03-22,16,Saturday,zone_hour_profile,Airport,Evening,Weekend,1.0,0.4,1.0,0.2,1.0,0.1
4,2025-03-22,16,Saturday,zone_hour_profile,Non-airport,Evening,Weekend,0.8479928722146309,0.6,0.9259400693380924,0.9,0.937496458853929,0.9
4,2025-03-22,16,Saturday,same_hour_last_week,Airport,Evening,Weekend,1.0,0.4,1.0,0.2,1.0,0.1
4,2025-03-22,16,Saturday,same_hour_last_week,Non-airport,Evening,Weekend,0.8474388842845352,0.6,0.9318310933986372,0.9,0.9388665055160225,0.9
4,2025-03-22,16,Saturday,trailing_4_week_profile,Airport,Evening,Weekend,1.0,0.4,1.0,0.2,1.0,0.1
4,2025-03-22,16,Saturday,trailing_4_week_profile,Non-airport,Evening,Weekend,0.839914206123237,0.6,0.9213866851939447,0.9,0.9347353552893038,0.9
4,2025-03-22,17,Saturday,global_popularity,Airport,Evening,Weekend,1.0,0.4,1.0,0.2,1.0,0.1
4,2025-03-22,17,Saturday,global_popularity,Non-airport,Evening,Weekend,0.9110027055046633,0.8,0.9179232753724982,0.8,0.9305907867494377,0.8
4,2025-03-22,17,Saturday,zone_hour_profile,Airport,Evening,Weekend,1.0,0.4,1.0,0.2,1.0,0.1
4,2025-03-22,17,Saturday,zone_hour_profile,Non-airport,Evening,Weekend,0.9110027055046633,0.8,0.930588242994264,0.9,0.9472090802424048,0.9
4,2025-03-22,17,Saturday,same_hour_last_week,Airport,Evening,Weekend,1.0,0.4,1.0,0.2,1.0,0.1
4,2025-03-22,17,Saturday,same_hour_last_week,Non-airport,Evening,Weekend,0.8450079259144025,0.6,0.9186303380453953,0.9,0.940348994519889,0.85
4,2025-03-22,17,Saturday,trailing_4_week_profile,Airport,Evening,Weekend,1.0,0.4,1.0,0.2,1.0,0.1
4,2025-03-22,17,Saturday,trailing_4_week_profile,Non-airport,Evening,Weekend,0.8728267553454037,0.8,0.8967751294434217,0.8,0.9203142866791812,0.85
4,2025-03-22,18,Saturday,global_popularity,Airport,Evening,Weekend,1.0,0.4,1.0,0.2,1.0,0.1
4,2025-03-22,18,Saturday,global_popularity,Non-airport,Evening,Weekend,0.9795874011611297,0.8,0.9672960521771576,0.8,0.9671279341818703,0.8
4,2025-03-22,18,Saturday,zone_hour_profile,Airport,Evening,Weekend,1.0,0.4,1.0,0.2,1.0,0.1
4,2025-03-22,18,Saturday,zone_hour_profile,Non-airport,Evening,Weekend,0.8845354972648233,0.4,0.8983956891191794,0.6,0.9418489845471847,0.8
4,2025-03-22,18,Saturday,same_hour_last_week,Airport,Evening,Weekend,1.0,0.4,1.0,0.2,1.0,0.1
4,2025-03-22,18,Saturday,same_hour_last_week,Non-airport,Evening,Weekend,0.8788891797231781,0.4,0.887649717952733,0.6,0.9444973292392991,0.85
4,2025-03-22,18,Saturday,trailing_4_week_profile,Airport,Evening,Weekend,1.0,0.4,1.0,0.2,1.0,0.1
4,2025-03-22,18,Saturday,trailing_4_week_profile,Non-airport,Evening,Weekend,0.9007151157790516,0.4,0.8920516242179165,0.6,0.9544597261577005,0.85
4,2025-03-22,19,Saturday,global_popularity,Airport,Evening,Weekend,1.0,0.4,1.0,0.2,1.0,0.1
4,2025-03-22,19,Saturday,global_popularity,Non-airport,Evening,Weekend,0.8862105102027682,0.2,0.9020161792756458,0.7,0.9454155646029947,0.85
4,2025-03-22,19,Saturday,zone_hour_profile,Airport,Evening,Weekend,1.0,0.4,1.0,0.2,1.0,0.1
4,2025-03-22,19,Saturday,zone_hour_profile,Non-airport,Evening,Weekend,0.947892600762157,0.4,0.945315777443419,0.8,0.9755545763954446,0.9
4,2025-03-22,19,Saturday,same_hour_last_week,Airport,Evening,Weekend,1.0,0.4,1.0,0.2,1.0,0.1
4,2025-03-22,19,Saturday,same_hour_last_week,Non-airport,Evening,Weekend,0.9237325758550746,0.4,0.9445634158756497,0.7,0.9791927876578311,0.95
4,2025-03-22,19,Saturday,trailing_4_week_profile,Airport,Evening,Weekend,1.0,0.4,1.0,0.2,1.0,0.1
4,2025-03-22,19,Saturday,trailing_4_week_profile,Non-airport,Evening,Weekend,0.9381129051603261,0.4,0.9423625208884354,0.7,0.9816174628064227,0.95
4,2025-03-22,20,Saturday,global_popularity,Airport,Evening,Weekend,1.0,0.4,1.0,0.2,1.0,0.1
4,2025-03-22,20,Saturday,global_popularity,Non-airport,Evening,Weekend,0.614318954813786,0.0,0.6984905833431436,0.5,0.8270923244406185,0.8
4,2025-03-22,20,Saturday,zone_hour_profile,Airport,Evening,Weekend,1.0,0.4,1.0,0.2,1.0,0.1
4,2025-03-22,20,Saturday,zone_hour_profile,Non-airport,Evening,Weekend,0.9646261899478875,0.6,0.966090427664901,0.8,0.976547421594162,0.85
4,2025-03-22,20,Saturday,same_hour_last_week,Airport,Evening,Weekend,1.0,0.4,1.0,0.2,1.0,0.1
4,2025-03-22,20,Saturday,same_hour_last_week,Non-airport,Evening,Weekend,0.9415314132626004,0.6,0.9623190515656498,0.7,0.9729367797705486,0.85
4,2025-03-22,20,Saturday,trailing_4_week_profile,Airport,Evening,Weekend,1.0,0.4,1.0,0.2,1.0,0.1
4,2025-03-22,20,Saturday,trailing_4_week_profile,Non-airport,Evening,Weekend,0.9683445093755569,0.6,0.9722888643704718,0.8,0.9822210931453575,0.85
4,2025-03-22,21,Saturday,global_popularity,Airport,Late evening,Weekend,1.0,0.4,1.0,0.2,1.0,0.1
4,2025-03-22,21,Saturday,global_popularity,Non-airport,Late evening,Weekend,0.5764023217401478,0.2,0.6324872822828986,0.4,0.7849768562631584,0.8
4,2025-03-22,21,Saturday,zone_hour_profile,Airport,Late evening,Weekend,1.0,0.4,1.0,0.2,1.0,0.1
4,2025-03-22,21,Saturday,zone_hour_profile,Non-airport,Late evening,Weekend,0.9125602895075255,0.8,0.9249823957563171,0.9,0.9350677081716092,0.8
4,2025-03-22,21,Saturday,same_hour_last_week,Airport,Late evening,Weekend,1.0,0.4,1.0,0.2,1.0,0.1
4,2025-03-22,21,Saturday,same_hour_last_week,Non-airport,Late evening,Weekend,0.9466038372062419,0.6,0.9485099711397151,0.8,0.9696961676163567,0.8
4,2025-03-22,21,Saturday,trailing_4_week_profile,Airport,Late evening,Weekend,1.0,0.4,1.0,0.2,1.0,0.1
4,2025-03-22,21,Saturday,trailing_4_week_profile,Non-airport,Late evening,Weekend,0.9784352554456336,0.8,0.9671049128371313,0.9,0.9752473077900591,0.85
4,2025-03-22,22,Saturday,global_popularity,Airport,Late evening,Weekend,1.0,0.4,1.0,0.2,1.0,0.1
4,2025-03-22,22,Saturday,global_popularity,Non-airport,Late evening,Weekend,0.5691903570017456,0.4,0.6055914795205528,0.5,0.7617823319458618,0.75
4,2025-03-22,22,Saturday,zone_hour_profile,Airport,Late evening,Weekend,1.0,0.4,1.0,0.2,1.0,0.1
4,2025-03-22,22,Saturday,zone_hour_profile,Non-airport,Late evening,Weekend,0.9749971316631528,0.8,0.9769707511226738,0.9,0.9863297405790822,0.95
4,2025-03-22,22,Saturday,same_hour_last_week,Airport,Late evening,Weekend,1.0,0.4,1.0,0.2,1.0,0.1
4,2025-03-22,22,Saturday,same_hour_last_week,Non-airport,Late evening,Weekend,0.9339447711488639,0.8,0.9655477762750482,0.9,0.9776832294015997,0.95
4,2025-03-22,22,Saturday,trailing_4_week_profile,Airport,Late evening,Weekend,1.0,0.4,1.0,0.2,1.0,0.1
4,2025-03-22,22,Saturday,trailing_4_week_profile,Non-airport,Late evening,Weekend,0.9678290229178623,0.8,0.9604841379226142,0.8,0.9818173452837295,0.95
4,2025-03-22,23,Saturday,global_popularity,Airport,Late evening,Weekend,1.0,0.4,1.0,0.2,1.0,0.1
4,2025-03-22,23,Saturday,global_popularity,Non-airport,Late evening,Weekend,0.4052723718779681,0.2,0.4886351398900892,0.4,0.6603132919977467,0.65
4,2025-03-22,23,Saturday,zone_hour_profile,Airport,Late evening,Weekend,1.0,0.4,1.0,0.2,1.0,0.1
4,2025-03-22,23,Saturday,zone_hour_profile,Non-airport,Late evening,Weekend,0.9658005870025196,0.8,0.9818533756358435,0.9,0.9819362920284337,0.95
4,2025-03-22,23,Saturday,same_hour_last_week,Airport,Late evening,Weekend,1.0,0.4,1.0,0.2,1.0,0.1
4,2025-03-22,23,Saturday,same_hour_last_week,Non-airport,Late evening,Weekend,0.9787013987571677,0.8,0.9844483456651584,0.9,0.9796826072746494,0.9
4,2025-03-22,23,Saturday,trailing_4_week_profile,Airport,Late evening,Weekend,1.0,0.4,1.0,0.2,1.0,0.1
4,2025-03-22,23,Saturday,trailing_4_week_profile,Non-airport,Late evening,Weekend,0.973684144916906,0.8,0.991269001758602,0.9,0.9896700334714007,0.95
4,2025-03-23,0,Sunday,global_popularity,Airport,Overnight,Weekend,1.0,0.4,1.0,0.2,1.0,0.1
4,2025-03-23,0,Sunday,global_popularity,Non-airport,Overnight,Weekend,0.1862018224189169,0.0,0.25255341923962843,0.1,0.4675140198478673,0.5
4,2025-03-23,0,Sunday,zone_hour_profile,Airport,Overnight,Weekend,1.0,0.4,1.0,0.2,1.0,0.1
4,2025-03-23,0,Sunday,zone_hour_profile,Non-airport,Overnight,Weekend,0.9995297311345102,1.0,0.9987418904526603,1.0,0.9928282003645001,0.9
4,2025-03-23,0,Sunday,same_hour_last_week,Airport,Overnight,Weekend,1.0,0.4,1.0,0.2,1.0,0.1
4,2025-03-23,0,Sunday,same_hour_last_week,Non-airport,Overnight,Weekend,0.9995297311345102,1.0,0.9984038725105979,1.0,0.9921210637320911,0.9
4,2025-03-23,0,Sunday,trailing_4_week_profile,Airport,Overnight,Weekend,1.0,0.4,1.0,0.2,1.0,0.1
4,2025-03-23,0,Sunday,trailing_4_week_profile,Non-airport,Overnight,Weekend,0.9995297311345102,1.0,0.9930280672594902,0.9,0.9952576310635046,0.9
4,2025-03-23,1,Sunday,global_popularity,Airport,Overnight,Weekend,1.0,0.4,1.0,0.2,1.0,0.1
4,2025-03-23,1,Sunday,global_popularity,Non-airport,Overnight,Weekend,0.10154003047531748,0.0,0.1436239235180346,0.1,0.3443508781001278,0.45
4,2025-03-23,1,Sunday,zone_hour_profile,Airport,Overnight,Weekend,1.0,0.4,1.0,0.2,1.0,0.1
4,2025-03-23,1,Sunday,zone_hour_profile,Non-airport,Overnight,Weekend,0.9801421715002718,0.8,0.9889866070504583,0.9,0.9919131569343366,0.95
4,2025-03-23,1,Sunday,same_hour_last_week,Airport,Overnight,Weekend,1.0,0.4,1.0,0.2,1.0,0.1
4,2025-03-23,1,Sunday,same_hour_last_week,Non-airport,Overnight,Weekend,0.9801421715002718,0.8,0.9897184424530505,0.8,0.9939919835644376,0.95
4,2025-03-23,1,Sunday,trailing_4_week_profile,Airport,Overnight,Weekend,1.0,0.4,1.0,0.2,1.0,0.1
4,2025-03-23,1,Sunday,trailing_4_week_profile,Non-airport,Overnight,Weekend,0.9801421715002718,0.8,0.9893108324325168,0.9,0.9921998249338457,0.95
4,2025-03-23,2,Sunday,global_popularity,Airport,Overnight,Weekend,1.0,0.4,1.0,0.2,1.0,0.1
4,2025-03-23,2,Sunday,global_popularity,Non-airport,Overnight,Weekend,0.07309181007113313,0.0,0.10005303768541206,0.0,0.29414845068666423,0.4
4,2025-03-23,2,Sunday,zone_hour_profile,Airport,Overnight,Weekend,1.0,0.4,1.0,0.2,1.0,0.1
4,2025-03-23,2,Sunday,zone_hour_profile,Non-airport,Overnight,Weekend,1.0,1.0,0.9888882466962678,0.8,0.9872874382618214,0.85
4,2025-03-23,2,Sunday,same_hour_last_week,Airport,Overnight,Weekend,1.0,0.4,1.0,0.2,1.0,0.1
4,2025-03-23,2,Sunday,same_hour_last_week,Non-airport,Overnight,Weekend,1.0,1.0,0.9952161084320368,0.9,0.9933774604404161,0.9
4,2025-03-23,2,Sunday,trailing_4_week_profile,Airport,Overnight,Weekend,1.0,0.4,1.0,0.2,1.0,0.1
4,2025-03-23,2,Sunday,trailing_4_week_profile,Non-airport,Overnight,Weekend,1.0,1.0,0.9888882466962678,0.8,0.9893046064688732,0.85
4,2025-03-23,3,Sunday,global_popularity,Airport,Overnight,Weekend,1.0,0.2,1.0,0.1,1.0,0.05
4,2025-03-23,3,Sunday,global_popularity,Non-airport,Overnight,Weekend,0.09341869664566554,0.0,0.11635880582613907,0.0,0.3221687122554789,0.45
4,2025-03-23,3,Sunday,zone_hour_profile,Airport,Overnight,Weekend,1.0,0.2,1.0,0.1,1.0,0.05
4,2025-03-23,3,Sunday,zone_hour_profile,Non-airport,Overnight,Weekend,1.0,1.0,0.9872920112421981,0.9,0.9759205758379402,0.85
4,2025-03-23,3,Sunday,same_hour_last_week,Airport,Overnight,Weekend,1.0,0.2,1.0,0.1,1.0,0.05
4,2025-03-23,3,Sunday,same_hour_last_week,Non-airport,Overnight,Weekend,1.0,1.0,0.9679600385238831,0.8,0.9834594399623294,0.85
4,2025-03-23,3,Sunday,trailing_4_week_profile,Airport,Overnight,Weekend,1.0,0.2,1.0,0.1,1.0,0.05
4,2025-03-23,3,Sunday,trailing_4_week_profile,Non-airport,Overnight,Weekend,1.0,1.0,0.9653223425419698,0.8,0.9740501271327277,0.85
4,2025-03-23,4,Sunday,global_popularity,Airport,Overnight,Weekend,1.0,0.4,1.0,0.2,1.0,0.1
4,2025-03-23,4,Sunday,global_popularity,Non-airport,Overnight,Weekend,0.21982246325458601,0.2,0.27096211006630017,0.1,0.463918356661773,0.4
4,2025-03-23,4,Sunday,zone_hour_profile,Airport,Overnight,Weekend,1.0,0.4,1.0,0.2,1.0,0.1
4,2025-03-23,4,Sunday,zone_hour_profile,Non-airport,Overnight,Weekend,0.9523645119746726,0.8,0.9383075955728323,0.9,0.9492175273669224,0.7
4,2025-03-23,4,Sunday,same_hour_last_week,Airport,Overnight,Weekend,0.9824244080283445,0.4,0.9824244080283445,0.2,0.9824244080283445,0.1
4,2025-03-23,4,Sunday,same_hour_last_week,Non-airport,Overnight,Weekend,0.9523645119746726,0.8,0.967542067480294,0.9,0.9551083990134145,0.75
4,2025-03-23,4,Sunday,trailing_4_week_profile,Airport,Overnight,Weekend,1.0,0.4,1.0,0.2,1.0,0.1
4,2025-03-23,4,Sunday,trailing_4_week_profile,Non-airport,Overnight,Weekend,0.949206016380745,0.8,0.9366907548363926,0.9,0.9432173772409137,0.65
4,2025-03-23,5,Sunday,global_popularity,Airport,Overnight,Weekend,1.0,0.4,1.0,0.2,1.0,0.1
4,2025-03-23,5,Sunday,global_popularity,Non-airport,Overnight,Weekend,0.578276721374088,0.2,0.6167664408278439,0.4,0.6936259697755968,0.55
4,2025-03-23,5,Sunday,zone_hour_profile,Airport,Overnight,Weekend,1.0,0.4,1.0,0.2,1.0,0.1
4,2025-03-23,5,Sunday,zone_hour_profile,Non-airport,Overnight,Weekend,0.7079922144425543,0.6,0.7163390985291981,0.5,0.7584012926985613,0.6
4,2025-03-23,5,Sunday,same_hour_last_week,Airport,Overnight,Weekend,1.0,0.4,1.0,0.2,1.0,0.1
4,2025-03-23,5,Sunday,same_hour_last_week,Non-airport,Overnight,Weekend,0.4476756514951228,0.2,0.6357358285956609,0.5,0.7146366817161366,0.75
4,2025-03-23,5,Sunday,trailing_4_week_profile,Airport,Overnight,Weekend,1.0,0.4,1.0,0.2,1.0,0.1
4,2025-03-23,5,Sunday,trailing_4_week_profile,Non-airport,Overnight,Weekend,0.6785712861401959,0.6,0.6801058716489531,0.5,0.7101357839451626,0.55
4,2025-03-23,6,Sunday,global_popularity,Airport,Morning,Weekend,1.0,0.4,1.0,0.2,1.0,0.1
4,2025-03-23,6,Sunday,global_popularity,Non-airport,Morning,Weekend,0.569703676772633,0.4,0.6461870424502643,0.4,0.7714305837287249,0.8
4,2025-03-23,6,Sunday,zone_hour_profile,Airport,Morning,Weekend,1.0,0.4,1.0,0.2,1.0,0.1
4,2025-03-23,6,Sunday,zone_hour_profile,Non-airport,Morning,Weekend,0.9060662629099698,0.6,0.9378460025159021,0.8,0.9262051372739393,0.8
4,2025-03-23,6,Sunday,same_hour_last_week,Airport,Morning,Weekend,1.0,0.4,1.0,0.2,1.0,0.1
4,2025-03-23,6,Sunday,same_hour_last_week,Non-airport,Morning,Weekend,0.9034276998332081,0.6,0.845909387492467,0.5,0.8471089697989241,0.6
4,2025-03-23,6,Sunday,trailing_4_week_profile,Airport,Morning,Weekend,1.0,0.4,1.0,0.2,1.0,0.1
4,2025-03-23,6,Sunday,trailing_4_week_profile,Non-airport,Morning,Weekend,0.9281584204384019,0.6,0.8993538823901204,0.6,0.9197717716861817,0.75
4,2025-03-23,7,Sunday,global_popularity,Airport,Morning,Weekend,1.0,0.4,1.0,0.2,1.0,0.1
4,2025-03-23,7,Sunday,global_popularity,Non-airport,Morning,Weekend,0.7187325244722088,0.4,0.7725656007768313,0.6,0.8069798369819419,0.75
4,2025-03-23,7,Sunday,zone_hour_profile,Airport,Morning,Weekend,1.0,0.4,1.0,0.2,1.0,0.1
4,2025-03-23,7,Sunday,zone_hour_profile,Non-airport,Morning,Weekend,0.820554732063905,0.4,0.8392834609154408,0.5,0.8770639311709117,0.8
4,2025-03-23,7,Sunday,same_hour_last_week,Airport,Morning,Weekend,1.0,0.4,1.0,0.2,1.0,0.1
4,2025-03-23,7,Sunday,same_hour_last_week,Non-airport,Morning,Weekend,0.5630268569268465,0.2,0.6407694534947277,0.5,0.7107807191536494,0.8
4,2025-03-23,7,Sunday,trailing_4_week_profile,Airport,Morning,Weekend,1.0,0.4,1.0,0.2,1.0,0.1
4,2025-03-23,7,Sunday,trailing_4_week_profile,Non-airport,Morning,Weekend,0.7259896473648396,0.4,0.7559726169268107,0.6,0.8207123576867046,0.85
4,2025-03-23,8,Sunday,global_popularity,Airport,Morning,Weekend,1.0,0.4,1.0,0.2,1.0,0.1
4,2025-03-23,8,Sunday,global_popularity,Non-airport,Morning,Weekend,0.691390338012143,0.2,0.7691778018530054,0.6,0.7959792794491684,0.75
4,2025-03-23,8,Sunday,zone_hour_profile,Airport,Morning,Weekend,1.0,0.4,1.0,0.2,1.0,0.1
4,2025-03-23,8,Sunday,zone_hour_profile,Non-airport,Morning,Weekend,0.8529093929708935,0.4,0.861193583091944,0.7,0.9142752834871016,0.9
4,2025-03-23,8,Sunday,same_hour_last_week,Airport,Morning,Weekend,1.0,0.4,1.0,0.2,1.0,0.1
4,2025-03-23,8,Sunday,same_hour_last_week,Non-airport,Morning,Weekend,0.5416038539575279,0.0,0.646147745064906,0.7,0.7817888041241419,0.9
4,2025-03-23,8,Sunday,trailing_4_week_profile,Airport,Morning,Weekend,1.0,0.4,1.0,0.2,1.0,0.1
4,2025-03-23,8,Sunday,trailing_4_week_profile,Non-airport,Morning,Weekend,0.8185185069848427,0.2,0.8570451004988805,0.7,0.9095783628925175,0.9
4,2025-03-23,9,Sunday,global_popularity,Airport,Morning,Weekend,0.9958241512160809,0.4,0.9958241512160809,0.2,0.9958241512160809,0.1
4,2025-03-23,9,Sunday,global_popularity,Non-airport,Morning,Weekend,0.869481434708359,0.4,0.8618872083963095,0.6,0.8811250746238073,0.75
4,2025-03-23,9,Sunday,zone_hour_profile,Airport,Morning,Weekend,0.9958241512160809,0.4,0.9958241512160809,0.2,0.9958241512160809,0.1
4,2025-03-23,9,Sunday,zone_hour_profile,Non-airport,Morning,Weekend,0.8033353042551351,0.4,0.8611980433831563,0.7,0.8932712744112487,0.85
4,2025-03-23,9,Sunday,same_hour_last_week,Airport,Morning,Weekend,0.9958241512160809,0.4,0.9958241512160809,0.2,0.9958241512160809,0.1
4,2025-03-23,9,Sunday,same_hour_last_week,Non-airport,Morning,Weekend,0.7001304263562043,0.4,0.7461800386420778,0.5,0.8478442907575862,0.85
4,2025-03-23,9,Sunday,trailing_4_week_profile,Airport,Morning,Weekend,0.9958241512160809,0.4,0.9958241512160809,0.2,0.9958241512160809,0.1
4,2025-03-23,9,Sunday,trailing_4_week_profile,Non-airport,Morning,Weekend,0.7574151112022794,0.4,0.823019016036444,0.7,0.8668810169997287,0.85
4,2025-03-23,10,Sunday,global_popularity,Airport,Midday,Weekend,1.0,0.4,1.0,0.2,1.0,0.1
4,2025-03-23,10,Sunday,global_popularity,Non-airport,Midday,Weekend,0.9251281797090082,0.6,0.9258035918500119,0.8,0.936351690788369,0.85
4,2025-03-23,10,Sunday,zone_hour_profile,Airport,Midday,Weekend,0.9489178660455979,0.4,0.9489178660455979,0.2,0.9489178660455979,0.1
4,2025-03-23,10,Sunday,zone_hour_profile,Non-airport,Midday,Weekend,0.8516775048601022,0.4,0.8543241976347619,0.6,0.9308561900092752,1.0
4,2025-03-23,10,Sunday,same_hour_last_week,Airport,Midday,Weekend,0.9489178660455979,0.4,0.9489178660455979,0.2,0.9489178660455979,0.1
4,2025-03-23,10,Sunday,same_hour_last_week,Non-airport,Midday,Weekend,0.8173224822543477,0.2,0.8456207364126515,0.7,0.8922999722486233,0.9
4,2025-03-23,10,Sunday,trailing_4_week_profile,Airport,Midday,Weekend,0.9489178660455979,0.4,0.9489178660455979,0.2,0.9489178660455979,0.1
4,2025-03-23,10,Sunday,trailing_4_week_profile,Non-airport,Midday,Weekend,0.7638070367076347,0.2,0.8610210325444909,0.7,0.9196621536970897,0.95
4,2025-03-23,11,Sunday,global_popularity,Airport,Midday,Weekend,1.0,0.4,1.0,0.2,1.0,0.1
4,2025-03-23,11,Sunday,global_popularity,Non-airport,Midday,Weekend,0.9532337368658639,0.8,0.9436931081963357,0.8,0.9588191095413982,0.85
4,2025-03-23,11,Sunday,zone_hour_profile,Airport,Midday,Weekend,0.985050887911827,0.4,0.985050887911827,0.2,0.985050887911827,0.1
4,2025-03-23,11,Sunday,zone_hour_profile,Non-airport,Midday,Weekend,0.8216483240261939,0.6,0.8810388795793314,0.8,0.9212415682876022,0.85
4,2025-03-23,11,Sunday,same_hour_last_week,Airport,Midday,Weekend,0.985050887911827,0.4,0.985050887911827,0.2,0.985050887911827,0.1
4,2025-03-23,11,Sunday,same_hour_last_week,Non-airport,Midday,Weekend,0.8460345947740187,0.6,0.8424316061636916,0.7,0.8866995500031403,0.85
4,2025-03-23,11,Sunday,trailing_4_week_profile,Airport,Midday,Weekend,0.985050887911827,0.4,0.985050887911827,0.2,0.985050887911827,0.1
4,2025-03-23,11,Sunday,trailing_4_week_profile,Non-airport,Midday,Weekend,0.823921431002852,0.6,0.8748391107316694,0.8,0.9238843137523138,0.9
4,2025-03-23,12,Sunday,global_popularity,Airport,Midday,Weekend,1.0,0.4,1.0,0.2,1.0,0.1
4,2025-03-23,12,Sunday,global_popularity,Non-airport,Midday,Weekend,0.9840924487107409,0.8,0.9650903663834505,0.8,0.9614406206213651,0.8
4,2025-03-23,12,Sunday,zone_hour_profile,Airport,Midday,Weekend,1.0,0.4,1.0,0.2,1.0,0.1
4,2025-03-23,12,Sunday,zone_hour_profile,Non-airport,Midday,Weekend,0.9146809496646765,0.6,0.9222107919260674,0.8,0.9519233151030269,0.9
4,2025-03-23,12,Sunday,same_hour_last_week,Airport,Midday,Weekend,1.0,0.4,1.0,0.2,1.0,0.1
4,2025-03-23,12,Sunday,same_hour_last_week,Non-airport,Midday,Weekend,0.8280380257601251,0.4,0.8149761358381674,0.6,0.8770766927726827,0.8
4,2025-03-23,12,Sunday,trailing_4_week_profile,Airport,Midday,Weekend,1.0,0.4,1.0,0.2,1.0,0.1
4,2025-03-23,12,Sunday,trailing_4_week_profile,Non-airport,Midday,Weekend,0.8689935393995597,0.4,0.8838871058749193,0.7,0.9437652025156187,0.9
4,2025-03-23,13,Sunday,global_popularity,Airport,Midday,Weekend,1.0,0.4,1.0,0.2,1.0,0.1
4,2025-03-23,13,Sunday,global_popularity,Non-airport,Midday,Weekend,0.9608013385620925,1.0,0.9381124043183632,0.7,0.9508968707777814,0.85
4,2025-03-23,13,Sunday,zone_hour_profile,Airport,Midday,Weekend,1.0,0.4,1.0,0.2,1.0,0.1
4,2025-03-23,13,Sunday,zone_hour_profile,Non-airport,Midday,Weekend,0.9008642360263031,0.8,0.8989787862775861,0.7,0.944863768075117,0.9
4,2025-03-23,13,Sunday,same_hour_last_week,Airport,Midday,Weekend,1.0,0.4,1.0,0.2,1.0,0.1
4,2025-03-23,13,Sunday,same_hour_last_week,Non-airport,Midday,Weekend,0.8146413183378048,0.6,0.8843809508073387,0.6,0.8867299302897507,0.85
4,2025-03-23,13,Sunday,trailing_4_week_profile,Airport,Midday,Weekend,1.0,0.4,1.0,0.2,1.0,0.1
4,2025-03-23,13,Sunday,trailing_4_week_profile,Non-airport,Midday,Weekend,0.907275938183582,0.8,0.8945356396395301,0.6,0.939081715930869,0.95
4,2025-03-23,14,Sunday,global_popularity,Airport,Midday,Weekend,1.0,0.6,1.0,0.3,1.0,0.15
4,2025-03-23,14,Sunday,global_popularity,Non-airport,Midday,Weekend,0.9591302342541361,0.8,0.9432359856969925,0.7,0.9416561599852775,0.9
4,2025-03-23,14,Sunday,zone_hour_profile,Airport,Midday,Weekend,1.0,0.6,1.0,0.3,1.0,0.15
4,2025-03-23,14,Sunday,zone_hour_profile,Non-airport,Midday,Weekend,0.8244606568599363,0.6,0.835677316329819,0.7,0.9124205873014435,0.95
4,2025-03-23,14,Sunday,same_hour_last_week,Airport,Midday,Weekend,1.0,0.6,1.0,0.3,1.0,0.15
4,2025-03-23,14,Sunday,same_hour_last_week,Non-airport,Midday,Weekend,0.7957214701372253,0.4,0.8313231539222248,0.7,0.892766773459546,0.9
4,2025-03-23,14,Sunday,trailing_4_week_profile,Airport,Midday,Weekend,1.0,0.6,1.0,0.3,1.0,0.15
4,2025-03-23,14,Sunday,trailing_4_week_profile,Non-airport,Midday,Weekend,0.831720100399618,0.6,0.8629574179530124,0.8,0.9201169281288275,0.95
4,2025-03-23,15,Sunday,global_popularity,Airport,Midday,Weekend,1.0,0.4,1.0,0.2,1.0,0.1
4,2025-03-23,15,Sunday,global_popularity,Non-airport,Midday,Weekend,0.940431212941626,0.8,0.9190645676382974,0.7,0.9128033501675584,0.75
4,2025-03-23,15,Sunday,zone_hour_profile,Airport,Midday,Weekend,1.0,0.4,1.0,0.2,1.0,0.1
4,2025-03-23,15,Sunday,zone_hour_profile,Non-airport,Midday,Weekend,0.8397843590432709,0.4,0.9374059219781109,0.9,0.9403464517544475,0.8
4,2025-03-23,15,Sunday,same_hour_last_week,Airport,Midday,Weekend,1.0,0.4,1.0,0.2,1.0,0.1
4,2025-03-23,15,Sunday,same_hour_last_week,Non-airport,Midday,Weekend,0.9009092879602908,0.6,0.9100348354263008,0.8,0.942723263153732,0.8
4,2025-03-23,15,Sunday,trailing_4_week_profile,Airport,Midday,Weekend,1.0,0.4,1.0,0.2,1.0,0.1
4,2025-03-23,15,Sunday,trailing_4_week_profile,Non-airport,Midday,Weekend,0.8737474732249079,0.6,0.9118393436253114,0.8,0.9432541511313903,0.85
4,2025-03-23,16,Sunday,global_popularity,Airport,Evening,Weekend,1.0,0.4,1.0,0.2,1.0,0.1
4,2025-03-23,16,Sunday,global_popularity,Non-airport,Evening,Weekend,0.9453449226985974,0.6,0.9201439902145339,0.7,0.9270243331685394,0.8
4,2025-03-23,16,Sunday,zone_hour_profile,Airport,Evening,Weekend,1.0,0.4,1.0,0.2,1.0,0.1
4,2025-03-23,16,Sunday,zone_hour_profile,Non-airport,Evening,Weekend,0.9119887151220064,0.6,0.9253220190798351,0.9,0.9411562446799816,0.85
4,2025-03-23,16,Sunday,same_hour_last_week,Airport,Evening,Weekend,1.0,0.4,1.0,0.2,1.0,0.1
4,2025-03-23,16,Sunday,same_hour_last_week,Non-airport,Evening,Weekend,0.8493729747342206,0.2,0.9193274762878534,0.8,0.9518427226257742,0.85
4,2025-03-23,16,Sunday,trailing_4_week_profile,Airport,Evening,Weekend,1.0,0.4,1.0,0.2,1.0,0.1
4,2025-03-23,16,Sunday,trailing_4_week_profile,Non-airport,Evening,Weekend,0.8438799945257855,0.4,0.904641598405769,0.9,0.9228537103652029,0.8
4,2025-03-23,17,Sunday,global_popularity,Airport,Evening,Weekend,1.0,0.4,1.0,0.2,1.0,0.1
4,2025-03-23,17,Sunday,global_popularity,Non-airport,Evening,Weekend,0.8250365096421555,0.6,0.822990485704108,0.7,0.8662427034689969,0.75
4,2025-03-23,17,Sunday,zone_hour_profile,Airport,Evening,Weekend,1.0,0.4,1.0,0.2,1.0,0.1
4,2025-03-23,17,Sunday,zone_hour_profile,Non-airport,Evening,Weekend,0.9116619211724185,0.6,0.9396682124792749,0.9,0.9588694664263954,0.8
4,2025-03-23,17,Sunday,same_hour_last_week,Airport,Evening,Weekend,1.0,0.4,1.0,0.2,1.0,0.1
4,2025-03-23,17,Sunday,same_hour_last_week,Non-airport,Evening,Weekend,0.9353253420023704,0.6,0.9540711795368374,0.9,0.9656531614181179,0.75
4,2025-03-23,17,Sunday,trailing_4_week_profile,Airport,Evening,Weekend,1.0,0.4,1.0,0.2,1.0,0.1
4,2025-03-23,17,Sunday,trailing_4_week_profile,Non-airport,Evening,Weekend,0.8956010746280993,0.6,0.9241239505533364,0.9,0.948384806465593,0.8
4,2025-03-23,18,Sunday,global_popularity,Airport,Evening,Weekend,1.0,0.6,1.0,0.3,1.0,0.15
4,2025-03-23,18,Sunday,global_popularity,Non-airport,Evening,Weekend,0.8924710770714093,0.6,0.9084773180658208,0.8,0.9381800562494862,0.85
4,2025-03-23,18,Sunday,zone_hour_profile,Airport,Evening,Weekend,1.0,0.6,1.0,0.3,1.0,0.15
4,2025-03-23,18,Sunday,zone_hour_profile,Non-airport,Evening,Weekend,0.9537880535111211,0.8,0.9542529029033308,0.9,0.9646023790045595,0.9
4,2025-03-23,18,Sunday,same_hour_last_week,Airport,Evening,Weekend,1.0,0.6,1.0,0.3,1.0,0.15
4,2025-03-23,18,Sunday,same_hour_last_week,Non-airport,Evening,Weekend,0.9288181910694068,0.8,0.9493545788413796,0.9,0.9635409293527888,0.95
4,2025-03-23,18,Sunday,trailing_4_week_profile,Airport,Evening,Weekend,1.0,0.6,1.0,0.3,1.0,0.15
4,2025-03-23,18,Sunday,trailing_4_week_profile,Non-airport,Evening,Weekend,0.9325006455779531,0.8,0.9366525395059542,0.9,0.9510225935988657,0.9
4,2025-03-23,19,Sunday,global_popularity,Airport,Evening,Weekend,1.0,0.4,1.0,0.2,1.0,0.1
4,2025-03-23,19,Sunday,global_popularity,Non-airport,Evening,Weekend,0.8172469854003336,0.6,0.8527448175710147,0.8,0.8960376028412439,0.85
4,2025-03-23,19,Sunday,zone_hour_profile,Airport,Evening,Weekend,1.0,0.4,1.0,0.2,1.0,0.1
4,2025-03-23,19,Sunday,zone_hour_profile,Non-airport,Evening,Weekend,0.9526699482657807,0.4,0.9624942694264897,0.8,0.9828708565346973,0.9
4,2025-03-23,19,Sunday,same_hour_last_week,Airport,Evening,Weekend,1.0,0.4,1.0,0.2,1.0,0.1
4,2025-03-23,19,Sunday,same_hour_last_week,Non-airport,Evening,Weekend,0.913837072113089,0.2,0.9608862821551961,0.9,0.9777018897745077,0.95
4,2025-03-23,19,Sunday,trailing_4_week_profile,Airport,Evening,Weekend,1.0,0.4,1.0,0.2,1.0,0.1
4,2025-03-23,19,Sunday,trailing_4_week_profile,Non-airport,Evening,Weekend,0.9504739474258105,0.4,0.9702790626379328,0.9,0.9851557185462736,0.95
4,2025-03-23,20,Sunday,global_popularity,Airport,Evening,Weekend,1.0,0.4,1.0,0.2,1.0,0.1
4,2025-03-23,20,Sunday,global_popularity,Non-airport,Evening,Weekend,0.648334780204992,0.4,0.7189586465811844,0.5,0.8216934930015006,0.85
4,2025-03-23,20,Sunday,zone_hour_profile,Airport,Evening,Weekend,1.0,0.4,1.0,0.2,1.0,0.1
4,2025-03-23,20,Sunday,zone_hour_profile,Non-airport,Evening,Weekend,0.9801344919243793,0.8,0.9570581289871727,0.8,0.9763513609202364,0.85
4,2025-03-23,20,Sunday,same_hour_last_week,Airport,Evening,Weekend,0.85454926170074,0.4,0.85454926170074,0.2,0.85454926170074,0.1
4,2025-03-23,20,Sunday,same_hour_last_week,Non-airport,Evening,Weekend,0.9522626959630814,0.6,0.9742300137749722,0.8,0.9754970741538919,0.85
4,2025-03-23,20,Sunday,trailing_4_week_profile,Airport,Evening,Weekend,1.0,0.4,1.0,0.2,1.0,0.1
4,2025-03-23,20,Sunday,trailing_4_week_profile,Non-airport,Evening,Weekend,0.984183186619217,0.8,0.9640858119549564,0.8,0.9743483903510539,0.8
4,2025-03-23,21,Sunday,global_popularity,Airport,Late evening,Weekend,1.0,0.4,1.0,0.2,1.0,0.1
4,2025-03-23,21,Sunday,global_popularity,Non-airport,Late evening,Weekend,0.5921198483720399,0.4,0.646868965245591,0.5,0.7762826367674601,0.75
4,2025-03-23,21,Sunday,zone_hour_profile,Airport,Late evening,Weekend,1.0,0.4,1.0,0.2,1.0,0.1
4,2025-03-23,21,Sunday,zone_hour_profile,Non-airport,Late evening,Weekend,0.9446698837943346,0.8,0.9652216858926566,0.8,0.9715437324524017,0.8
4,2025-03-23,21,Sunday,same_hour_last_week,Airport,Late evening,Weekend,1.0,0.4,1.0,0.2,1.0,0.1
4,2025-03-23,21,Sunday,same_hour_last_week,Non-airport,Late evening,Weekend,0.9006685241485269,0.6,0.9340902932561488,0.8,0.9553772453906656,0.8
4,2025-03-23,21,Sunday,trailing_4_week_profile,Airport,Late evening,Weekend,1.0,0.4,1.0,0.2,1.0,0.1
4,2025-03-23,21,Sunday,trailing_4_week_profile,Non-airport,Late evening,Weekend,0.9517537619770394,0.8,0.968540192738151,0.9,0.9770846917176165,0.85
4,2025-03-23,22,Sunday,global_popularity,Airport,Late evening,Weekend,1.0,0.4,1.0,0.2,1.0,0.1
4,2025-03-23,22,Sunday,global_popularity,Non-airport,Late evening,Weekend,0.693891684576237,0.6,0.6889588749972808,0.4,0.787865397014686,0.7
4,2025-03-23,22,Sunday,zone_hour_profile,Airport,Late evening,Weekend,1.0,0.4,1.0,0.2,1.0,0.1
4,2025-03-23,22,Sunday,zone_hour_profile,Non-airport,Late evening,Weekend,0.9673229555873071,0.8,0.9456017959442438,0.8,0.9481465241796968,0.8
4,2025-03-23,22,Sunday,same_hour_last_week,Airport,Late evening,Weekend,1.0,0.4,1.0,0.2,1.0,0.1
4,2025-03-23,22,Sunday,same_hour_last_week,Non-airport,Late evening,Weekend,0.8487773758904904,0.6,0.8549669457879149,0.8,0.8819746589426586,0.8
4,2025-03-23,22,Sunday,trailing_4_week_profile,Airport,Late evening,Weekend,1.0,0.4,1.0,0.2,1.0,0.1
4,2025-03-23,22,Sunday,trailing_4_week_profile,Non-airport,Late evening,Weekend,0.9284084891120694,0.8,0.9043810959041438,0.7,0.9331894699517538,0.85
4,2025-03-23,23,Sunday,global_popularity,Airport,Late evening,Weekend,1.0,0.4,1.0,0.2,1.0,0.1
4,2025-03-23,23,Sunday,global_popularity,Non-airport,Late evening,Weekend,0.4801125658743214,0.4,0.52054995565578,0.3,0.6561303536209396,0.6
4,2025-03-23,23,Sunday,zone_hour_profile,Airport,Late evening,Weekend,1.0,0.4,1.0,0.2,1.0,0.1
4,2025-03-23,23,Sunday,zone_hour_profile,Non-airport,Late evening,Weekend,0.8412716752334074,0.8,0.8641726246455183,0.8,0.8473811658569631,0.65
4,2025-03-23,23,Sunday,same_hour_last_week,Airport,Late evening,Weekend,0.8814982203272854,0.4,0.8814982203272854,0.2,0.8814982203272854,0.1
4,2025-03-23,23,Sunday,same_hour_last_week,Non-airport,Late evening,Weekend,0.7989130914701814,0.8,0.7941812454730747,0.7,0.8654706051158404,0.8
4,2025-03-23,23,Sunday,trailing_4_week_profile,Airport,Late evening,Weekend,1.0,0.4,1.0,0.2,1.0,0.1
4,2025-03-23,23,Sunday,trailing_4_week_profile,Non-airport,Late evening,Weekend,0.8484346795731778,0.6,0.8785285069378717,0.8,0.9068329145825509,0.75
