fold,test_date,pickup_hour,day_of_week,baseline,support_threshold,supported_zone_count,candidate_zone_count,support_coverage,time_block,day_type,ndcg_at_5,precision_at_5,ndcg_at_10,precision_at_10,ndcg_at_20,precision_at_20
1,2025-02-03,0,Monday,global_popularity,500,138,259,0.5328185328185329,Overnight,Weekday,0.31403169691473654,0.2,0.3337289448443105,0.3,0.48182534045972947,0.6
1,2025-02-03,0,Monday,zone_hour_profile,500,138,259,0.5328185328185329,Overnight,Weekday,0.9865258042342128,0.6,0.9876534724244431,0.9,0.9826592430625968,0.65
1,2025-02-03,0,Monday,same_hour_last_week,500,138,259,0.5328185328185329,Overnight,Weekday,0.9957491611602212,0.6,0.9928145398123519,0.9,0.9840720045496969,0.7
1,2025-02-03,0,Monday,trailing_4_week_profile,500,138,259,0.5328185328185329,Overnight,Weekday,0.9865258042342128,0.6,0.9876534724244431,0.9,0.9826592430625968,0.65
1,2025-02-03,0,Monday,global_popularity,1000,102,259,0.3938223938223938,Overnight,Weekday,0.31403169691473654,0.2,0.3337289448443105,0.3,0.48182534045972947,0.6
1,2025-02-03,0,Monday,zone_hour_profile,1000,102,259,0.3938223938223938,Overnight,Weekday,0.9865258042342128,0.6,0.9876534724244431,0.9,0.9826592430625968,0.65
1,2025-02-03,0,Monday,same_hour_last_week,1000,102,259,0.3938223938223938,Overnight,Weekday,0.9957491611602212,0.6,0.9928145398123519,0.9,0.9840720045496969,0.7
1,2025-02-03,0,Monday,trailing_4_week_profile,1000,102,259,0.3938223938223938,Overnight,Weekday,0.9865258042342128,0.6,0.9876534724244431,0.9,0.9826592430625968,0.65
1,2025-02-03,1,Monday,global_popularity,500,138,259,0.5328185328185329,Overnight,Weekday,0.39155629654922713,0.2,0.38434919503964315,0.3,0.49833186235937144,0.55
1,2025-02-03,1,Monday,zone_hour_profile,500,138,259,0.5328185328185329,Overnight,Weekday,0.9828488776887395,0.8,0.9694363879219737,0.7,0.950916703520728,0.65
1,2025-02-03,1,Monday,same_hour_last_week,500,138,259,0.5328185328185329,Overnight,Weekday,0.6692536128428141,0.6,0.7162143110661227,0.7,0.7359311456712772,0.7
1,2025-02-03,1,Monday,trailing_4_week_profile,500,138,259,0.5328185328185329,Overnight,Weekday,0.9828488776887395,0.8,0.9694363879219737,0.7,0.9509737515544315,0.65
1,2025-02-03,1,Monday,global_popularity,1000,102,259,0.3938223938223938,Overnight,Weekday,0.39155629654922713,0.2,0.38434919503964315,0.3,0.49833186235937144,0.55
1,2025-02-03,1,Monday,zone_hour_profile,1000,102,259,0.3938223938223938,Overnight,Weekday,0.9828488776887395,0.8,0.9694363879219737,0.7,0.950916703520728,0.65
1,2025-02-03,1,Monday,same_hour_last_week,1000,102,259,0.3938223938223938,Overnight,Weekday,0.6692536128428141,0.6,0.7162143110661227,0.7,0.7359311456712772,0.7
1,2025-02-03,1,Monday,trailing_4_week_profile,1000,102,259,0.3938223938223938,Overnight,Weekday,0.9828488776887395,0.8,0.9694363879219737,0.7,0.9509737515544315,0.65
1,2025-02-03,2,Monday,global_popularity,500,138,259,0.5328185328185329,Overnight,Weekday,0.3267263328930618,0.2,0.35016508399060525,0.3,0.5687679332202488,0.5
1,2025-02-03,2,Monday,zone_hour_profile,500,138,259,0.5328185328185329,Overnight,Weekday,0.5948841825258742,0.6,0.720015020551339,0.7,0.7713504758943157,0.65
1,2025-02-03,2,Monday,same_hour_last_week,500,138,259,0.5328185328185329,Overnight,Weekday,0.8453688729444742,0.8,0.8569022270254232,0.8,0.8389871379818062,0.65
1,2025-02-03,2,Monday,trailing_4_week_profile,500,138,259,0.5328185328185329,Overnight,Weekday,0.7460969394914835,0.6,0.853338069943753,0.8,0.8099677987947622,0.65
1,2025-02-03,2,Monday,global_popularity,1000,102,259,0.3938223938223938,Overnight,Weekday,0.3267263328930618,0.2,0.35016508399060525,0.3,0.5687679332202488,0.5
1,2025-02-03,2,Monday,zone_hour_profile,1000,102,259,0.3938223938223938,Overnight,Weekday,0.5948841825258742,0.6,0.720015020551339,0.7,0.7713504758943157,0.65
1,2025-02-03,2,Monday,same_hour_last_week,1000,102,259,0.3938223938223938,Overnight,Weekday,0.8453688729444742,0.8,0.8569022270254232,0.8,0.8389871379818062,0.65
1,2025-02-03,2,Monday,trailing_4_week_profile,1000,102,259,0.3938223938223938,Overnight,Weekday,0.7460969394914835,0.6,0.853338069943753,0.8,0.8175358927841092,0.65
1,2025-02-03,3,Monday,global_popularity,500,138,259,0.5328185328185329,Overnight,Weekday,0.3213979865859327,0.4,0.30292959478447107,0.2,0.4492649117765689,0.5
1,2025-02-03,3,Monday,zone_hour_profile,500,138,259,0.5328185328185329,Overnight,Weekday,0.841824506070117,0.6,0.8378156700044276,0.6,0.8673239023635726,0.65
1,2025-02-03,3,Monday,same_hour_last_week,500,138,259,0.5328185328185329,Overnight,Weekday,0.7837535926484813,0.6,0.7774650433505556,0.6,0.7885803212582809,0.55
1,2025-02-03,3,Monday,trailing_4_week_profile,500,138,259,0.5328185328185329,Overnight,Weekday,0.8993257191210597,0.6,0.9182167412938601,0.7,0.8316790161473427,0.45
1,2025-02-03,3,Monday,global_popularity,1000,102,259,0.3938223938223938,Overnight,Weekday,0.3213979865859327,0.4,0.30292959478447107,0.2,0.4492649117765689,0.5
1,2025-02-03,3,Monday,zone_hour_profile,1000,102,259,0.3938223938223938,Overnight,Weekday,0.841824506070117,0.6,0.8378156700044276,0.6,0.8673239023635726,0.65
1,2025-02-03,3,Monday,same_hour_last_week,1000,102,259,0.3938223938223938,Overnight,Weekday,0.7837535926484813,0.6,0.7774650433505556,0.6,0.7885803212582809,0.55
1,2025-02-03,3,Monday,trailing_4_week_profile,1000,102,259,0.3938223938223938,Overnight,Weekday,0.8993257191210597,0.6,0.9182167412938601,0.7,0.8316790161473427,0.45
1,2025-02-03,4,Monday,global_popularity,500,138,259,0.5328185328185329,Overnight,Weekday,0.48267203030527894,0.4,0.5221483435325043,0.4,0.6199412111332494,0.7
1,2025-02-03,4,Monday,zone_hour_profile,500,138,259,0.5328185328185329,Overnight,Weekday,0.8927184352505299,0.6,0.8712075805359372,0.5,0.8409201433240145,0.65
1,2025-02-03,4,Monday,same_hour_last_week,500,138,259,0.5328185328185329,Overnight,Weekday,0.883141496269712,0.6,0.8413633010612392,0.4,0.8477277707594285,0.65
1,2025-02-03,4,Monday,trailing_4_week_profile,500,138,259,0.5328185328185329,Overnight,Weekday,0.8927184352505299,0.6,0.8626010439084429,0.5,0.7960950456448473,0.55
1,2025-02-03,4,Monday,global_popularity,1000,102,259,0.3938223938223938,Overnight,Weekday,0.48267203030527894,0.4,0.5221483435325043,0.4,0.6199412111332494,0.7
1,2025-02-03,4,Monday,zone_hour_profile,1000,102,259,0.3938223938223938,Overnight,Weekday,0.8927184352505299,0.6,0.8712075805359372,0.5,0.8409201433240145,0.65
1,2025-02-03,4,Monday,same_hour_last_week,1000,102,259,0.3938223938223938,Overnight,Weekday,0.883141496269712,0.6,0.8413633010612392,0.4,0.8477277707594285,0.65
1,2025-02-03,4,Monday,trailing_4_week_profile,1000,102,259,0.3938223938223938,Overnight,Weekday,0.8927184352505299,0.6,0.8626010439084429,0.5,0.8151071829381736,0.6
1,2025-02-03,5,Monday,global_popularity,500,138,259,0.5328185328185329,Overnight,Weekday,0.46912403224906146,0.4,0.5009673580684814,0.5,0.5583663565727311,0.7
1,2025-02-03,5,Monday,zone_hour_profile,500,138,259,0.5328185328185329,Overnight,Weekday,0.9783264972954868,0.8,0.9619140035855158,0.7,0.9776314898280531,0.85
1,2025-02-03,5,Monday,same_hour_last_week,500,138,259,0.5328185328185329,Overnight,Weekday,0.9668242292860649,0.6,0.9436782449472371,0.6,0.9740169130949414,0.85
1,2025-02-03,5,Monday,trailing_4_week_profile,500,138,259,0.5328185328185329,Overnight,Weekday,0.9783264972954868,0.8,0.9619140035855158,0.7,0.9776314898280531,0.85
1,2025-02-03,5,Monday,global_popularity,1000,102,259,0.3938223938223938,Overnight,Weekday,0.46912403224906146,0.4,0.5009673580684814,0.5,0.5583663565727311,0.7
1,2025-02-03,5,Monday,zone_hour_profile,1000,102,259,0.3938223938223938,Overnight,Weekday,0.9783264972954868,0.8,0.9619140035855158,0.7,0.9776314898280531,0.85
1,2025-02-03,5,Monday,same_hour_last_week,1000,102,259,0.3938223938223938,Overnight,Weekday,0.9668242292860649,0.6,0.9436782449472371,0.6,0.9740169130949414,0.85
1,2025-02-03,5,Monday,trailing_4_week_profile,1000,102,259,0.3938223938223938,Overnight,Weekday,0.9783264972954868,0.8,0.9619140035855158,0.7,0.9776314898280531,0.85
1,2025-02-03,6,Monday,global_popularity,500,138,259,0.5328185328185329,Morning,Weekday,0.5346400938887335,0.4,0.5752271947150653,0.4,0.6018087160215001,0.65
1,2025-02-03,6,Monday,zone_hour_profile,500,138,259,0.5328185328185329,Morning,Weekday,0.9764034766055601,0.6,0.9858664030976052,0.9,0.986410554255337,0.85
1,2025-02-03,6,Monday,same_hour_last_week,500,138,259,0.5328185328185329,Morning,Weekday,0.9910191530987781,0.8,0.9671334190155326,0.7,0.9881020271846728,0.85
1,2025-02-03,6,Monday,trailing_4_week_profile,500,138,259,0.5328185328185329,Morning,Weekday,0.9764034766055601,0.6,0.9858664030976052,0.9,0.986410554255337,0.85
1,2025-02-03,6,Monday,global_popularity,1000,102,259,0.3938223938223938,Morning,Weekday,0.5346400938887335,0.4,0.5752271947150653,0.4,0.6018087160215001,0.65
1,2025-02-03,6,Monday,zone_hour_profile,1000,102,259,0.3938223938223938,Morning,Weekday,0.9764034766055601,0.6,0.9858664030976052,0.9,0.986410554255337,0.85
1,2025-02-03,6,Monday,same_hour_last_week,1000,102,259,0.3938223938223938,Morning,Weekday,0.9910191530987781,0.8,0.9671334190155326,0.7,0.9881020271846728,0.85
1,2025-02-03,6,Monday,trailing_4_week_profile,1000,102,259,0.3938223938223938,Morning,Weekday,0.9764034766055601,0.6,0.9858664030976052,0.9,0.986410554255337,0.85
1,2025-02-03,7,Monday,global_popularity,500,138,259,0.5328185328185329,Morning,Weekday,0.6537176833860155,0.6,0.6985411278421356,0.6,0.7372370269417283,0.65
1,2025-02-03,7,Monday,zone_hour_profile,500,138,259,0.5328185328185329,Morning,Weekday,0.8631974571353099,0.8,0.8889375735127678,0.9,0.8946665172933561,0.85
1,2025-02-03,7,Monday,same_hour_last_week,500,138,259,0.5328185328185329,Morning,Weekday,0.7790492307740686,0.8,0.821147972412567,0.9,0.8399435160553042,0.9
1,2025-02-03,7,Monday,trailing_4_week_profile,500,138,259,0.5328185328185329,Morning,Weekday,0.8631974571353099,0.8,0.8889375735127678,0.9,0.8946665172933561,0.85
1,2025-02-03,7,Monday,global_popularity,1000,102,259,0.3938223938223938,Morning,Weekday,0.6537176833860155,0.6,0.6985411278421356,0.6,0.7372370269417283,0.65
1,2025-02-03,7,Monday,zone_hour_profile,1000,102,259,0.3938223938223938,Morning,Weekday,0.8631974571353099,0.8,0.8889375735127678,0.9,0.8946665172933561,0.85
1,2025-02-03,7,Monday,same_hour_last_week,1000,102,259,0.3938223938223938,Morning,Weekday,0.7790492307740686,0.8,0.821147972412567,0.9,0.8399435160553042,0.9
1,2025-02-03,7,Monday,trailing_4_week_profile,1000,102,259,0.3938223938223938,Morning,Weekday,0.8631974571353099,0.8,0.8889375735127678,0.9,0.8946665172933561,0.85
1,2025-02-03,8,Monday,global_popularity,500,138,259,0.5328185328185329,Morning,Weekday,0.737270476694794,0.6,0.7833301498499314,0.6,0.8233702416121083,0.7
1,2025-02-03,8,Monday,zone_hour_profile,500,138,259,0.5328185328185329,Morning,Weekday,0.8160261516403993,0.6,0.888907536877891,0.8,0.9336478840787787,0.95
1,2025-02-03,8,Monday,same_hour_last_week,500,138,259,0.5328185328185329,Morning,Weekday,0.8160261516403993,0.6,0.8293257090103705,0.7,0.8925749981100908,0.9
1,2025-02-03,8,Monday,trailing_4_week_profile,500,138,259,0.5328185328185329,Morning,Weekday,0.8160261516403993,0.6,0.888907536877891,0.8,0.9336478840787787,0.95
1,2025-02-03,8,Monday,global_popularity,1000,102,259,0.3938223938223938,Morning,Weekday,0.737270476694794,0.6,0.7833301498499314,0.6,0.8233702416121083,0.7
1,2025-02-03,8,Monday,zone_hour_profile,1000,102,259,0.3938223938223938,Morning,Weekday,0.8160261516403993,0.6,0.888907536877891,0.8,0.9336478840787787,0.95
1,2025-02-03,8,Monday,same_hour_last_week,1000,102,259,0.3938223938223938,Morning,Weekday,0.8160261516403993,0.6,0.8293257090103705,0.7,0.8925749981100908,0.9
1,2025-02-03,8,Monday,trailing_4_week_profile,1000,102,259,0.3938223938223938,Morning,Weekday,0.8160261516403993,0.6,0.888907536877891,0.8,0.9336478840787787,0.95
1,2025-02-03,9,Monday,global_popularity,500,138,259,0.5328185328185329,Morning,Weekday,0.7114476536337894,0.6,0.7736902772838932,0.8,0.8382486128371787,0.75
1,2025-02-03,9,Monday,zone_hour_profile,500,138,259,0.5328185328185329,Morning,Weekday,0.7366613470011821,0.6,0.8344033857042985,0.8,0.9011929307905363,0.95
1,2025-02-03,9,Monday,same_hour_last_week,500,138,259,0.5328185328185329,Morning,Weekday,0.7468672773090719,0.6,0.8342029951306047,0.7,0.8979942984665157,0.95
1,2025-02-03,9,Monday,trailing_4_week_profile,500,138,259,0.5328185328185329,Morning,Weekday,0.7366613470011821,0.6,0.8344033857042985,0.8,0.9011929307905363,0.95
1,2025-02-03,9,Monday,global_popularity,1000,102,259,0.3938223938223938,Morning,Weekday,0.7114476536337894,0.6,0.7736902772838932,0.8,0.8382486128371787,0.75
1,2025-02-03,9,Monday,zone_hour_profile,1000,102,259,0.3938223938223938,Morning,Weekday,0.7366613470011821,0.6,0.8344033857042985,0.8,0.9011929307905363,0.95
1,2025-02-03,9,Monday,same_hour_last_week,1000,102,259,0.3938223938223938,Morning,Weekday,0.7468672773090719,0.6,0.8342029951306047,0.7,0.8979942984665157,0.95
1,2025-02-03,9,Monday,trailing_4_week_profile,1000,102,259,0.3938223938223938,Morning,Weekday,0.7366613470011821,0.6,0.8344033857042985,0.8,0.9011929307905363,0.95
1,2025-02-03,10,Monday,global_popularity,500,138,259,0.5328185328185329,Midday,Weekday,0.6306510769382558,0.6,0.6968640194095407,0.7,0.8018625802257893,0.8
1,2025-02-03,10,Monday,zone_hour_profile,500,138,259,0.5328185328185329,Midday,Weekday,0.7341871010667157,0.8,0.8297619906226557,0.8,0.8601936616733694,0.9
1,2025-02-03,10,Monday,same_hour_last_week,500,138,259,0.5328185328185329,Midday,Weekday,0.7571272830358785,0.8,0.8396559481479339,0.8,0.8612712752779572,0.95
1,2025-02-03,10,Monday,trailing_4_week_profile,500,138,259,0.5328185328185329,Midday,Weekday,0.7341871010667157,0.8,0.8297619906226557,0.8,0.8601936616733694,0.9
1,2025-02-03,10,Monday,global_popularity,1000,102,259,0.3938223938223938,Midday,Weekday,0.6306510769382558,0.6,0.6968640194095407,0.7,0.8018625802257893,0.8
1,2025-02-03,10,Monday,zone_hour_profile,1000,102,259,0.3938223938223938,Midday,Weekday,0.7341871010667157,0.8,0.8297619906226557,0.8,0.8601936616733694,0.9
1,2025-02-03,10,Monday,same_hour_last_week,1000,102,259,0.3938223938223938,Midday,Weekday,0.7571272830358785,0.8,0.8396559481479339,0.8,0.8612712752779572,0.95
1,2025-02-03,10,Monday,trailing_4_week_profile,1000,102,259,0.3938223938223938,Midday,Weekday,0.7341871010667157,0.8,0.8297619906226557,0.8,0.8601936616733694,0.9
1,2025-02-03,11,Monday,global_popularity,500,138,259,0.5328185328185329,Midday,Weekday,0.7238331737039969,0.8,0.7463195582748529,0.7,0.8454458927710785,0.85
1,2025-02-03,11,Monday,zone_hour_profile,500,138,259,0.5328185328185329,Midday,Weekday,0.6971763026346445,0.6,0.7860672712710894,0.8,0.8800689893745869,0.9
1,2025-02-03,11,Monday,same_hour_last_week,500,138,259,0.5328185328185329,Midday,Weekday,0.8117282513502088,0.8,0.8159323337340433,0.7,0.8914135184025761,0.9
1,2025-02-03,11,Monday,trailing_4_week_profile,500,138,259,0.5328185328185329,Midday,Weekday,0.6971763026346445,0.6,0.7860672712710894,0.8,0.8800689893745869,0.9
1,2025-02-03,11,Monday,global_popularity,1000,102,259,0.3938223938223938,Midday,Weekday,0.7238331737039969,0.8,0.7463195582748529,0.7,0.8454458927710785,0.85
1,2025-02-03,11,Monday,zone_hour_profile,1000,102,259,0.3938223938223938,Midday,Weekday,0.6971763026346445,0.6,0.7860672712710894,0.8,0.8800689893745869,0.9
1,2025-02-03,11,Monday,same_hour_last_week,1000,102,259,0.3938223938223938,Midday,Weekday,0.8117282513502088,0.8,0.8159323337340433,0.7,0.8914135184025761,0.9
1,2025-02-03,11,Monday,trailing_4_week_profile,1000,102,259,0.3938223938223938,Midday,Weekday,0.6971763026346445,0.6,0.7860672712710894,0.8,0.8800689893745869,0.9
1,2025-02-03,12,Monday,global_popularity,500,138,259,0.5328185328185329,Midday,Weekday,0.7347673580303363,0.8,0.7596048966869701,0.7,0.8342741913452724,0.8
1,2025-02-03,12,Monday,zone_hour_profile,500,138,259,0.5328185328185329,Midday,Weekday,0.6808416579925204,0.8,0.8203418046135399,0.7,0.8553293415785177,0.95
1,2025-02-03,12,Monday,same_hour_last_week,500,138,259,0.5328185328185329,Midday,Weekday,0.6783109872041763,0.8,0.8292020041614265,0.7,0.8591026857532277,0.9
1,2025-02-03,12,Monday,trailing_4_week_profile,500,138,259,0.5328185328185329,Midday,Weekday,0.6808416579925204,0.8,0.8203418046135399,0.7,0.8553293415785177,0.95
1,2025-02-03,12,Monday,global_popularity,1000,102,259,0.3938223938223938,Midday,Weekday,0.7347673580303363,0.8,0.7596048966869701,0.7,0.8342741913452724,0.8
1,2025-02-03,12,Monday,zone_hour_profile,1000,102,259,0.3938223938223938,Midday,Weekday,0.6808416579925204,0.8,0.8203418046135399,0.7,0.8553293415785177,0.95
1,2025-02-03,12,Monday,same_hour_last_week,1000,102,259,0.3938223938223938,Midday,Weekday,0.6783109872041763,0.8,0.8292020041614265,0.7,0.8591026857532277,0.9
1,2025-02-03,12,Monday,trailing_4_week_profile,1000,102,259,0.3938223938223938,Midday,Weekday,0.6808416579925204,0.8,0.8203418046135399,0.7,0.8553293415785177,0.95
1,2025-02-03,13,Monday,global_popularity,500,138,259,0.5328185328185329,Midday,Weekday,0.679224822619014,0.8,0.7088415499324617,0.7,0.7972498610047524,0.85
1,2025-02-03,13,Monday,zone_hour_profile,500,138,259,0.5328185328185329,Midday,Weekday,0.5148394344912042,0.6,0.6529210767077365,0.7,0.7877286189225722,0.95
1,2025-02-03,13,Monday,same_hour_last_week,500,138,259,0.5328185328185329,Midday,Weekday,0.4988780729524226,0.6,0.7413877135307892,0.8,0.7841019967605557,0.9
1,2025-02-03,13,Monday,trailing_4_week_profile,500,138,259,0.5328185328185329,Midday,Weekday,0.5148394344912042,0.6,0.6529210767077365,0.7,0.7877286189225722,0.95
1,2025-02-03,13,Monday,global_popularity,1000,102,259,0.3938223938223938,Midday,Weekday,0.679224822619014,0.8,0.7088415499324617,0.7,0.7972498610047524,0.85
1,2025-02-03,13,Monday,zone_hour_profile,1000,102,259,0.3938223938223938,Midday,Weekday,0.5148394344912042,0.6,0.6529210767077365,0.7,0.7877286189225722,0.95
1,2025-02-03,13,Monday,same_hour_last_week,1000,102,259,0.3938223938223938,Midday,Weekday,0.4988780729524226,0.6,0.7413877135307892,0.8,0.7841019967605557,0.9
1,2025-02-03,13,Monday,trailing_4_week_profile,1000,102,259,0.3938223938223938,Midday,Weekday,0.5148394344912042,0.6,0.6529210767077365,0.7,0.7877286189225722,0.95
1,2025-02-03,14,Monday,global_popularity,500,138,259,0.5328185328185329,Midday,Weekday,0.6646657472274788,0.8,0.6826918903205742,0.7,0.766295498433114,0.8
1,2025-02-03,14,Monday,zone_hour_profile,500,138,259,0.5328185328185329,Midday,Weekday,0.7654911212837466,1.0,0.7895855264406202,0.9,0.8205376400846478,0.9
1,2025-02-03,14,Monday,same_hour_last_week,500,138,259,0.5328185328185329,Midday,Weekday,0.6485485795832223,0.8,0.7480675193303066,0.8,0.7864018475929344,0.85
1,2025-02-03,14,Monday,trailing_4_week_profile,500,138,259,0.5328185328185329,Midday,Weekday,0.7654911212837466,1.0,0.7895855264406202,0.9,0.8205376400846478,0.9
1,2025-02-03,14,Monday,global_popularity,1000,102,259,0.3938223938223938,Midday,Weekday,0.6646657472274788,0.8,0.6826918903205742,0.7,0.766295498433114,0.8
1,2025-02-03,14,Monday,zone_hour_profile,1000,102,259,0.3938223938223938,Midday,Weekday,0.7654911212837466,1.0,0.7895855264406202,0.9,0.8205376400846478,0.9
1,2025-02-03,14,Monday,same_hour_last_week,1000,102,259,0.3938223938223938,Midday,Weekday,0.6485485795832223,0.8,0.7480675193303066,0.8,0.7864018475929344,0.85
1,2025-02-03,14,Monday,trailing_4_week_profile,1000,102,259,0.3938223938223938,Midday,Weekday,0.7654911212837466,1.0,0.7895855264406202,0.9,0.8205376400846478,0.9
1,2025-02-03,15,Monday,global_popularity,500,138,259,0.5328185328185329,Midday,Weekday,0.5723748440292323,0.8,0.602693500330626,0.6,0.715640339170736,0.8
1,2025-02-03,15,Monday,zone_hour_profile,500,138,259,0.5328185328185329,Midday,Weekday,0.7555411038756366,1.0,0.7749449437981997,0.8,0.8090120455256506,0.95
1,2025-02-03,15,Monday,same_hour_last_week,500,138,259,0.5328185328185329,Midday,Weekday,0.5939519060518063,0.8,0.7442033859378147,0.7,0.7782123020508647,0.9
1,2025-02-03,15,Monday,trailing_4_week_profile,500,138,259,0.5328185328185329,Midday,Weekday,0.7555411038756366,1.0,0.7749449437981997,0.8,0.8090120455256506,0.95
1,2025-02-03,15,Monday,global_popularity,1000,102,259,0.3938223938223938,Midday,Weekday,0.5723748440292323,0.8,0.602693500330626,0.6,0.715640339170736,0.8
1,2025-02-03,15,Monday,zone_hour_profile,1000,102,259,0.3938223938223938,Midday,Weekday,0.7555411038756366,1.0,0.7749449437981997,0.8,0.8090120455256506,0.95
1,2025-02-03,15,Monday,same_hour_last_week,1000,102,259,0.3938223938223938,Midday,Weekday,0.5939519060518063,0.8,0.7442033859378147,0.7,0.7782123020508647,0.9
1,2025-02-03,15,Monday,trailing_4_week_profile,1000,102,259,0.3938223938223938,Midday,Weekday,0.7555411038756366,1.0,0.7749449437981997,0.8,0.8090120455256506,0.95
1,2025-02-03,16,Monday,global_popularity,500,138,259,0.5328185328185329,Evening,Weekday,0.6228909986317374,0.8,0.6480337312250853,0.6,0.7174745584779739,0.85
1,2025-02-03,16,Monday,zone_hour_profile,500,138,259,0.5328185328185329,Evening,Weekday,0.7802351653886789,1.0,0.8006992941233169,0.9,0.8276507611309517,1.0
1,2025-02-03,16,Monday,same_hour_last_week,500,138,259,0.5328185328185329,Evening,Weekday,0.6219688292343373,0.8,0.7009178259416555,0.9,0.736128597016988,0.95
1,2025-02-03,16,Monday,trailing_4_week_profile,500,138,259,0.5328185328185329,Evening,Weekday,0.7802351653886789,1.0,0.8006992941233169,0.9,0.8276507611309517,1.0
1,2025-02-03,16,Monday,global_popularity,1000,102,259,0.3938223938223938,Evening,Weekday,0.6228909986317374,0.8,0.6480337312250853,0.6,0.7174745584779739,0.85
1,2025-02-03,16,Monday,zone_hour_profile,1000,102,259,0.3938223938223938,Evening,Weekday,0.7802351653886789,1.0,0.8006992941233169,0.9,0.8276507611309517,1.0
1,2025-02-03,16,Monday,same_hour_last_week,1000,102,259,0.3938223938223938,Evening,Weekday,0.6219688292343373,0.8,0.7009178259416555,0.9,0.736128597016988,0.95
1,2025-02-03,16,Monday,trailing_4_week_profile,1000,102,259,0.3938223938223938,Evening,Weekday,0.7802351653886789,1.0,0.8006992941233169,0.9,0.8276507611309517,1.0
1,2025-02-03,17,Monday,global_popularity,500,138,259,0.5328185328185329,Evening,Weekday,0.7019924320296936,0.6,0.7348117541153364,0.6,0.801396469312209,0.85
1,2025-02-03,17,Monday,zone_hour_profile,500,138,259,0.5328185328185329,Evening,Weekday,0.7627341367437525,0.8,0.8244721782905755,0.7,0.8583114729650128,0.9
1,2025-02-03,17,Monday,same_hour_last_week,500,138,259,0.5328185328185329,Evening,Weekday,0.763781499332812,0.8,0.7731392604348009,0.7,0.8386274466354866,0.9
1,2025-02-03,17,Monday,trailing_4_week_profile,500,138,259,0.5328185328185329,Evening,Weekday,0.7627341367437525,0.8,0.8244721782905755,0.7,0.8583114729650128,0.9
1,2025-02-03,17,Monday,global_popularity,1000,102,259,0.3938223938223938,Evening,Weekday,0.7019924320296936,0.6,0.7348117541153364,0.6,0.801396469312209,0.85
1,2025-02-03,17,Monday,zone_hour_profile,1000,102,259,0.3938223938223938,Evening,Weekday,0.7627341367437525,0.8,0.8244721782905755,0.7,0.8583114729650128,0.9
1,2025-02-03,17,Monday,same_hour_last_week,1000,102,259,0.3938223938223938,Evening,Weekday,0.763781499332812,0.8,0.7731392604348009,0.7,0.8386274466354866,0.9
1,2025-02-03,17,Monday,trailing_4_week_profile,1000,102,259,0.3938223938223938,Evening,Weekday,0.7627341367437525,0.8,0.8244721782905755,0.7,0.8583114729650128,0.9
1,2025-02-03,18,Monday,global_popularity,500,138,259,0.5328185328185329,Evening,Weekday,0.6777219316995006,0.6,0.7209955385032341,0.7,0.8006288841563832,0.85
1,2025-02-03,18,Monday,zone_hour_profile,500,138,259,0.5328185328185329,Evening,Weekday,0.7652010304378991,0.8,0.7792730742394565,0.7,0.8626532527829985,0.95
1,2025-02-03,18,Monday,same_hour_last_week,500,138,259,0.5328185328185329,Evening,Weekday,0.6087632361298733,0.6,0.8115874745540241,0.9,0.8296819241768956,0.9
1,2025-02-03,18,Monday,trailing_4_week_profile,500,138,259,0.5328185328185329,Evening,Weekday,0.7652010304378991,0.8,0.7792730742394565,0.7,0.8626532527829985,0.95
1,2025-02-03,18,Monday,global_popularity,1000,102,259,0.3938223938223938,Evening,Weekday,0.6777219316995006,0.6,0.7209955385032341,0.7,0.8006288841563832,0.85
1,2025-02-03,18,Monday,zone_hour_profile,1000,102,259,0.3938223938223938,Evening,Weekday,0.7652010304378991,0.8,0.7792730742394565,0.7,0.8626532527829985,0.95
1,2025-02-03,18,Monday,same_hour_last_week,1000,102,259,0.3938223938223938,Evening,Weekday,0.6087632361298733,0.6,0.8115874745540241,0.9,0.8296819241768956,0.9
1,2025-02-03,18,Monday,trailing_4_week_profile,1000,102,259,0.3938223938223938,Evening,Weekday,0.7652010304378991,0.8,0.7792730742394565,0.7,0.8626532527829985,0.95
1,2025-02-03,19,Monday,global_popularity,500,138,259,0.5328185328185329,Evening,Weekday,0.6307773296278608,0.6,0.6743884740262637,0.6,0.752931071460459,0.9
1,2025-02-03,19,Monday,zone_hour_profile,500,138,259,0.5328185328185329,Evening,Weekday,0.8559037488210017,1.0,0.8687280320070545,0.8,0.8863433970290823,0.95
1,2025-02-03,19,Monday,same_hour_last_week,500,138,259,0.5328185328185329,Evening,Weekday,0.8037367234726204,0.8,0.8178553476738727,0.8,0.8768945923371806,0.95
1,2025-02-03,19,Monday,trailing_4_week_profile,500,138,259,0.5328185328185329,Evening,Weekday,0.8559037488210017,1.0,0.8687280320070545,0.8,0.8863433970290823,0.95
1,2025-02-03,19,Monday,global_popularity,1000,102,259,0.3938223938223938,Evening,Weekday,0.6307773296278608,0.6,0.6743884740262637,0.6,0.752931071460459,0.9
1,2025-02-03,19,Monday,zone_hour_profile,1000,102,259,0.3938223938223938,Evening,Weekday,0.8559037488210017,1.0,0.8687280320070545,0.8,0.8863433970290823,0.95
1,2025-02-03,19,Monday,same_hour_last_week,1000,102,259,0.3938223938223938,Evening,Weekday,0.8037367234726204,0.8,0.8178553476738727,0.8,0.8768945923371806,0.95
1,2025-02-03,19,Monday,trailing_4_week_profile,1000,102,259,0.3938223938223938,Evening,Weekday,0.8559037488210017,1.0,0.8687280320070545,0.8,0.8863433970290823,0.95
1,2025-02-03,20,Monday,global_popularity,500,138,259,0.5328185328185329,Evening,Weekday,0.6502378472394914,0.6,0.6959857999618586,0.8,0.7756913262314427,0.85
1,2025-02-03,20,Monday,zone_hour_profile,500,138,259,0.5328185328185329,Evening,Weekday,0.8588046307345613,1.0,0.8776719464402233,0.9,0.8922527137527186,0.95
1,2025-02-03,20,Monday,same_hour_last_week,500,138,259,0.5328185328185329,Evening,Weekday,0.6951858873893478,0.8,0.7308637921617188,0.9,0.8065015848605385,0.9
1,2025-02-03,20,Monday,trailing_4_week_profile,500,138,259,0.5328185328185329,Evening,Weekday,0.8588046307345613,1.0,0.8776719464402233,0.9,0.8922527137527186,0.95
1,2025-02-03,20,Monday,global_popularity,1000,102,259,0.3938223938223938,Evening,Weekday,0.6502378472394914,0.6,0.6959857999618586,0.8,0.7756913262314427,0.85
1,2025-02-03,20,Monday,zone_hour_profile,1000,102,259,0.3938223938223938,Evening,Weekday,0.8588046307345613,1.0,0.8776719464402233,0.9,0.8922527137527186,0.95
1,2025-02-03,20,Monday,same_hour_last_week,1000,102,259,0.3938223938223938,Evening,Weekday,0.6951858873893478,0.8,0.7308637921617188,0.9,0.8065015848605385,0.9
1,2025-02-03,20,Monday,trailing_4_week_profile,1000,102,259,0.3938223938223938,Evening,Weekday,0.8588046307345613,1.0,0.8776719464402233,0.9,0.8922527137527186,0.95
1,2025-02-03,21,Monday,global_popularity,500,138,259,0.5328185328185329,Late evening,Weekday,0.6127953607562581,0.8,0.6546092856883144,0.8,0.7411462198234625,0.9
1,2025-02-03,21,Monday,zone_hour_profile,500,138,259,0.5328185328185329,Late evening,Weekday,0.9797478580327473,0.8,0.9886240978383394,1.0,0.9880963415524919,0.95
1,2025-02-03,21,Monday,same_hour_last_week,500,138,259,0.5328185328185329,Late evening,Weekday,0.520410464818548,0.8,0.7385526618179459,1.0,0.7655597444568863,0.95
1,2025-02-03,21,Monday,trailing_4_week_profile,500,138,259,0.5328185328185329,Late evening,Weekday,0.9797478580327473,0.8,0.9886240978383394,1.0,0.9880963415524919,0.95
1,2025-02-03,21,Monday,global_popularity,1000,102,259,0.3938223938223938,Late evening,Weekday,0.6127953607562581,0.8,0.6546092856883144,0.8,0.7411462198234625,0.9
1,2025-02-03,21,Monday,zone_hour_profile,1000,102,259,0.3938223938223938,Late evening,Weekday,0.9797478580327473,0.8,0.9886240978383394,1.0,0.9880963415524919,0.95
1,2025-02-03,21,Monday,same_hour_last_week,1000,102,259,0.3938223938223938,Late evening,Weekday,0.520410464818548,0.8,0.7385526618179459,1.0,0.7655597444568863,0.95
1,2025-02-03,21,Monday,trailing_4_week_profile,1000,102,259,0.3938223938223938,Late evening,Weekday,0.9797478580327473,0.8,0.9886240978383394,1.0,0.9880963415524919,0.95
1,2025-02-03,22,Monday,global_popularity,500,138,259,0.5328185328185329,Late evening,Weekday,0.5324681758783816,0.4,0.6110587937128467,0.6,0.7092056133619707,0.8
1,2025-02-03,22,Monday,zone_hour_profile,500,138,259,0.5328185328185329,Late evening,Weekday,0.9953555102072504,0.8,0.9886820943624614,0.9,0.9975521948185161,0.95
1,2025-02-03,22,Monday,same_hour_last_week,500,138,259,0.5328185328185329,Late evening,Weekday,0.8770604846131432,0.8,0.8884059379625634,0.9,0.9079859966525141,0.9
1,2025-02-03,22,Monday,trailing_4_week_profile,500,138,259,0.5328185328185329,Late evening,Weekday,0.9953555102072504,0.8,0.9886820943624614,0.9,0.9975521948185161,0.95
1,2025-02-03,22,Monday,global_popularity,1000,102,259,0.3938223938223938,Late evening,Weekday,0.5324681758783816,0.4,0.6110587937128467,0.6,0.7092056133619707,0.8
1,2025-02-03,22,Monday,zone_hour_profile,1000,102,259,0.3938223938223938,Late evening,Weekday,0.9953555102072504,0.8,0.9886820943624614,0.9,0.9975521948185161,0.95
1,2025-02-03,22,Monday,same_hour_last_week,1000,102,259,0.3938223938223938,Late evening,Weekday,0.8770604846131432,0.8,0.8884059379625634,0.9,0.9079859966525141,0.9
1,2025-02-03,22,Monday,trailing_4_week_profile,1000,102,259,0.3938223938223938,Late evening,Weekday,0.9953555102072504,0.8,0.9886820943624614,0.9,0.9975521948185161,0.95
1,2025-02-03,23,Monday,global_popularity,500,138,259,0.5328185328185329,Late evening,Weekday,0.40560161350224166,0.6,0.427250798395844,0.4,0.5588105370294746,0.75
1,2025-02-03,23,Monday,zone_hour_profile,500,138,259,0.5328185328185329,Late evening,Weekday,0.9805607249468132,0.8,0.9878968265600208,0.8,0.9892404648715823,0.85
1,2025-02-03,23,Monday,same_hour_last_week,500,138,259,0.5328185328185329,Late evening,Weekday,0.9974016882263883,1.0,0.9890399610319243,0.8,0.9890337186402253,0.8
1,2025-02-03,23,Monday,trailing_4_week_profile,500,138,259,0.5328185328185329,Late evening,Weekday,0.9805607249468132,0.8,0.9878968265600208,0.8,0.9892404648715823,0.85
1,2025-02-03,23,Monday,global_popularity,1000,102,259,0.3938223938223938,Late evening,Weekday,0.40560161350224166,0.6,0.427250798395844,0.4,0.5588105370294746,0.75
1,2025-02-03,23,Monday,zone_hour_profile,1000,102,259,0.3938223938223938,Late evening,Weekday,0.9805607249468132,0.8,0.9878968265600208,0.8,0.9892404648715823,0.85
1,2025-02-03,23,Monday,same_hour_last_week,1000,102,259,0.3938223938223938,Late evening,Weekday,0.9974016882263883,1.0,0.9890399610319243,0.8,0.9890337186402253,0.8
1,2025-02-03,23,Monday,trailing_4_week_profile,1000,102,259,0.3938223938223938,Late evening,Weekday,0.9805607249468132,0.8,0.9878968265600208,0.8,0.9892404648715823,0.85
1,2025-02-04,0,Tuesday,global_popularity,500,138,259,0.5328185328185329,Overnight,Weekday,0.42750685677300687,0.4,0.4562035455068448,0.3,0.5735001059906008,0.8
1,2025-02-04,0,Tuesday,zone_hour_profile,500,138,259,0.5328185328185329,Overnight,Weekday,0.9863945093844201,0.6,0.9838394502661439,0.8,0.9761926241920319,0.8
1,2025-02-04,0,Tuesday,same_hour_last_week,500,138,259,0.5328185328185329,Overnight,Weekday,0.9347139761653602,0.6,0.9488169512421641,0.8,0.9564099486336657,0.95
1,2025-02-04,0,Tuesday,trailing_4_week_profile,500,138,259,0.5328185328185329,Overnight,Weekday,0.9863945093844201,0.6,0.9838394502661439,0.8,0.9761926241920319,0.8
1,2025-02-04,0,Tuesday,global_popularity,1000,102,259,0.3938223938223938,Overnight,Weekday,0.42750685677300687,0.4,0.4562035455068448,0.3,0.5735001059906008,0.8
1,2025-02-04,0,Tuesday,zone_hour_profile,1000,102,259,0.3938223938223938,Overnight,Weekday,0.9863945093844201,0.6,0.9838394502661439,0.8,0.9761926241920319,0.8
1,2025-02-04,0,Tuesday,same_hour_last_week,1000,102,259,0.3938223938223938,Overnight,Weekday,0.9347139761653602,0.6,0.9488169512421641,0.8,0.9564099486336657,0.95
1,2025-02-04,0,Tuesday,trailing_4_week_profile,1000,102,259,0.3938223938223938,Overnight,Weekday,0.9863945093844201,0.6,0.9838394502661439,0.8,0.9761926241920319,0.8
1,2025-02-04,1,Tuesday,global_popularity,500,138,259,0.5328185328185329,Overnight,Weekday,0.41222607216380563,0.2,0.45354122041371225,0.4,0.5735383270372468,0.7
1,2025-02-04,1,Tuesday,zone_hour_profile,500,138,259,0.5328185328185329,Overnight,Weekday,0.8846566290392543,0.6,0.8541630413737917,0.6,0.8868075693652062,0.75
1,2025-02-04,1,Tuesday,same_hour_last_week,500,138,259,0.5328185328185329,Overnight,Weekday,0.8931369835646751,0.4,0.8956818912086996,0.8,0.9264517516721731,0.8
1,2025-02-04,1,Tuesday,trailing_4_week_profile,500,138,259,0.5328185328185329,Overnight,Weekday,0.910182085045069,0.6,0.9135544344863156,0.7,0.9344851952236849,0.8
1,2025-02-04,1,Tuesday,global_popularity,1000,102,259,0.3938223938223938,Overnight,Weekday,0.41222607216380563,0.2,0.45354122041371225,0.4,0.5735383270372468,0.7
1,2025-02-04,1,Tuesday,zone_hour_profile,1000,102,259,0.3938223938223938,Overnight,Weekday,0.8846566290392543,0.6,0.8541630413737917,0.6,0.8868075693652062,0.75
1,2025-02-04,1,Tuesday,same_hour_last_week,1000,102,259,0.3938223938223938,Overnight,Weekday,0.8931369835646751,0.4,0.8956818912086996,0.8,0.9264517516721731,0.8
1,2025-02-04,1,Tuesday,trailing_4_week_profile,1000,102,259,0.3938223938223938,Overnight,Weekday,0.910182085045069,0.6,0.9135544344863156,0.7,0.9344851952236849,0.8
1,2025-02-04,2,Tuesday,global_popularity,500,138,259,0.5328185328185329,Overnight,Weekday,0.4016475706812251,0.2,0.3673605188317176,0.2,0.5575284516931867,0.55
1,2025-02-04,2,Tuesday,zone_hour_profile,500,138,259,0.5328185328185329,Overnight,Weekday,0.40491598929491945,0.4,0.571160593500012,0.6,0.6354327966033326,0.6
1,2025-02-04,2,Tuesday,same_hour_last_week,500,138,259,0.5328185328185329,Overnight,Weekday,0.7879212789062888,0.6,0.7354172937653267,0.6,0.771207602093392,0.7
1,2025-02-04,2,Tuesday,trailing_4_week_profile,500,138,259,0.5328185328185329,Overnight,Weekday,0.9552733939995441,0.8,0.9208428431792057,0.7,0.9444886770981228,0.75
1,2025-02-04,2,Tuesday,global_popularity,1000,102,259,0.3938223938223938,Overnight,Weekday,0.4016475706812251,0.2,0.3673605188317176,0.2,0.5575284516931867,0.55
1,2025-02-04,2,Tuesday,zone_hour_profile,1000,102,259,0.3938223938223938,Overnight,Weekday,0.40491598929491945,0.4,0.571160593500012,0.6,0.6354327966033326,0.6
1,2025-02-04,2,Tuesday,same_hour_last_week,1000,102,259,0.3938223938223938,Overnight,Weekday,0.7879212789062888,0.6,0.7354172937653267,0.6,0.771207602093392,0.7
1,2025-02-04,2,Tuesday,trailing_4_week_profile,1000,102,259,0.3938223938223938,Overnight,Weekday,0.9552733939995441,0.8,0.9208428431792057,0.7,0.9444886770981228,0.75
1,2025-02-04,3,Tuesday,global_popularity,500,138,259,0.5328185328185329,Overnight,Weekday,0.37942912590154315,0.2,0.3703738088326451,0.2,0.48318344131261387,0.55
1,2025-02-04,3,Tuesday,zone_hour_profile,500,138,259,0.5328185328185329,Overnight,Weekday,0.5562981826922693,0.6,0.5669963581247629,0.5,0.5946334572985218,0.45
1,2025-02-04,3,Tuesday,same_hour_last_week,500,138,259,0.5328185328185329,Overnight,Weekday,0.7284854578101105,0.8,0.7048293189524963,0.6,0.7193827122393187,0.6
1,2025-02-04,3,Tuesday,trailing_4_week_profile,500,138,259,0.5328185328185329,Overnight,Weekday,0.968314497139522,0.8,0.9312804959561178,0.6,0.9272640983381321,0.65
1,2025-02-04,3,Tuesday,global_popularity,1000,102,259,0.3938223938223938,Overnight,Weekday,0.37942912590154315,0.2,0.3703738088326451,0.2,0.48318344131261387,0.55
1,2025-02-04,3,Tuesday,zone_hour_profile,1000,102,259,0.3938223938223938,Overnight,Weekday,0.5562981826922693,0.6,0.5669963581247629,0.5,0.5946334572985218,0.45
1,2025-02-04,3,Tuesday,same_hour_last_week,1000,102,259,0.3938223938223938,Overnight,Weekday,0.7284854578101105,0.8,0.7048293189524963,0.6,0.7193827122393187,0.6
1,2025-02-04,3,Tuesday,trailing_4_week_profile,1000,102,259,0.3938223938223938,Overnight,Weekday,0.968314497139522,0.8,0.9312804959561178,0.6,0.9272640983381321,0.65
1,2025-02-04,4,Tuesday,global_popularity,500,138,259,0.5328185328185329,Overnight,Weekday,0.4880626965326929,0.4,0.5207276055526981,0.4,0.5818318727378273,0.55
1,2025-02-04,4,Tuesday,zone_hour_profile,500,138,259,0.5328185328185329,Overnight,Weekday,0.7829970858719533,0.6,0.7757522512025246,0.5,0.7724235552421096,0.45
1,2025-02-04,4,Tuesday,same_hour_last_week,500,138,259,0.5328185328185329,Overnight,Weekday,0.8912717375364032,0.8,0.847015996741682,0.5,0.8821980535905786,0.55
1,2025-02-04,4,Tuesday,trailing_4_week_profile,500,138,259,0.5328185328185329,Overnight,Weekday,0.9047704293027493,0.8,0.8473857699353323,0.5,0.8532605661094672,0.55
1,2025-02-04,4,Tuesday,global_popularity,1000,102,259,0.3938223938223938,Overnight,Weekday,0.4880626965326929,0.4,0.5207276055526981,0.4,0.5818318727378273,0.55
1,2025-02-04,4,Tuesday,zone_hour_profile,1000,102,259,0.3938223938223938,Overnight,Weekday,0.7829970858719533,0.6,0.7757522512025246,0.5,0.7724235552421096,0.45
1,2025-02-04,4,Tuesday,same_hour_last_week,1000,102,259,0.3938223938223938,Overnight,Weekday,0.8912717375364032,0.8,0.847015996741682,0.5,0.8821980535905786,0.55
1,2025-02-04,4,Tuesday,trailing_4_week_profile,1000,102,259,0.3938223938223938,Overnight,Weekday,0.9047704293027493,0.8,0.8473857699353323,0.5,0.8532605661094672,0.55
1,2025-02-04,5,Tuesday,global_popularity,500,138,259,0.5328185328185329,Overnight,Weekday,0.4432151172157902,0.2,0.4806650486396069,0.5,0.5087081848347721,0.6
1,2025-02-04,5,Tuesday,zone_hour_profile,500,138,259,0.5328185328185329,Overnight,Weekday,0.966430144052952,0.6,0.983645001793925,0.9,0.9735010194948042,0.8
1,2025-02-04,5,Tuesday,same_hour_last_week,500,138,259,0.5328185328185329,Overnight,Weekday,0.7524963781508296,0.6,0.7689606364371978,0.8,0.7935321688969279,0.75
1,2025-02-04,5,Tuesday,trailing_4_week_profile,500,138,259,0.5328185328185329,Overnight,Weekday,0.966430144052952,0.6,0.983645001793925,0.9,0.9735010194948042,0.8
1,2025-02-04,5,Tuesday,global_popularity,1000,102,259,0.3938223938223938,Overnight,Weekday,0.4432151172157902,0.2,0.4806650486396069,0.5,0.5087081848347721,0.6
1,2025-02-04,5,Tuesday,zone_hour_profile,1000,102,259,0.3938223938223938,Overnight,Weekday,0.966430144052952,0.6,0.983645001793925,0.9,0.9735010194948042,0.8
1,2025-02-04,5,Tuesday,same_hour_last_week,1000,102,259,0.3938223938223938,Overnight,Weekday,0.7524963781508296,0.6,0.7689606364371978,0.8,0.7935321688969279,0.75
1,2025-02-04,5,Tuesday,trailing_4_week_profile,1000,102,259,0.3938223938223938,Overnight,Weekday,0.966430144052952,0.6,0.983645001793925,0.9,0.9735010194948042,0.8
1,2025-02-04,6,Tuesday,global_popularity,500,138,259,0.5328185328185329,Morning,Weekday,0.5158418803203114,0.4,0.5675239599882763,0.5,0.6029284112375566,0.55
1,2025-02-04,6,Tuesday,zone_hour_profile,500,138,259,0.5328185328185329,Morning,Weekday,0.8231147286764064,0.8,0.8492640368386584,0.9,0.8721071710083063,0.85
1,2025-02-04,6,Tuesday,same_hour_last_week,500,138,259,0.5328185328185329,Morning,Weekday,0.8286351504343834,1.0,0.8348294040866677,0.8,0.8622424212914817,0.8
1,2025-02-04,6,Tuesday,trailing_4_week_profile,500,138,259,0.5328185328185329,Morning,Weekday,0.8231147286764064,0.8,0.8492640368386584,0.9,0.8721071710083063,0.85
1,2025-02-04,6,Tuesday,global_popularity,1000,102,259,0.3938223938223938,Morning,Weekday,0.5158418803203114,0.4,0.5675239599882763,0.5,0.6029284112375566,0.55
1,2025-02-04,6,Tuesday,zone_hour_profile,1000,102,259,0.3938223938223938,Morning,Weekday,0.8231147286764064,0.8,0.8492640368386584,0.9,0.8721071710083063,0.85
1,2025-02-04,6,Tuesday,same_hour_last_week,1000,102,259,0.3938223938223938,Morning,Weekday,0.8286351504343834,1.0,0.8348294040866677,0.8,0.8622424212914817,0.8
1,2025-02-04,6,Tuesday,trailing_4_week_profile,1000,102,259,0.3938223938223938,Morning,Weekday,0.8231147286764064,0.8,0.8492640368386584,0.9,0.8721071710083063,0.85
1,2025-02-04,7,Tuesday,global_popularity,500,138,259,0.5328185328185329,Morning,Weekday,0.6677228980365836,0.6,0.730693878407785,0.7,0.7925429087063982,0.65
1,2025-02-04,7,Tuesday,zone_hour_profile,500,138,259,0.5328185328185329,Morning,Weekday,0.7232564046823563,0.6,0.7628467503003222,0.7,0.8961614013239788,0.95
1,2025-02-04,7,Tuesday,same_hour_last_week,500,138,259,0.5328185328185329,Morning,Weekday,0.7200732748369206,0.6,0.7593045981349812,0.7,0.8944810192128224,0.95
1,2025-02-04,7,Tuesday,trailing_4_week_profile,500,138,259,0.5328185328185329,Morning,Weekday,0.7232564046823563,0.6,0.7628467503003222,0.7,0.8961614013239788,0.95
1,2025-02-04,7,Tuesday,global_popularity,1000,102,259,0.3938223938223938,Morning,Weekday,0.6677228980365836,0.6,0.730693878407785,0.7,0.7925429087063982,0.65
1,2025-02-04,7,Tuesday,zone_hour_profile,1000,102,259,0.3938223938223938,Morning,Weekday,0.7232564046823563,0.6,0.7628467503003222,0.7,0.8961614013239788,0.95
1,2025-02-04,7,Tuesday,same_hour_last_week,1000,102,259,0.3938223938223938,Morning,Weekday,0.7200732748369206,0.6,0.7593045981349812,0.7,0.8944810192128224,0.95
1,2025-02-04,7,Tuesday,trailing_4_week_profile,1000,102,259,0.3938223938223938,Morning,Weekday,0.7232564046823563,0.6,0.7628467503003222,0.7,0.8961614013239788,0.95
1,2025-02-04,8,Tuesday,global_popularity,500,138,259,0.5328185328185329,Morning,Weekday,0.6808389235732097,0.6,0.7634027671483373,0.7,0.8359412412534795,0.7
1,2025-02-04,8,Tuesday,zone_hour_profile,500,138,259,0.5328185328185329,Morning,Weekday,0.8048290874435929,0.6,0.8301611939757659,0.8,0.8481621365100747,0.85
1,2025-02-04,8,Tuesday,same_hour_last_week,500,138,259,0.5328185328185329,Morning,Weekday,0.8350708795005096,0.6,0.8297686149247494,0.8,0.8579471246851537,0.9
1,2025-02-04,8,Tuesday,trailing_4_week_profile,500,138,259,0.5328185328185329,Morning,Weekday,0.8048290874435929,0.6,0.8301611939757659,0.8,0.8481621365100747,0.85
1,2025-02-04,8,Tuesday,global_popularity,1000,102,259,0.3938223938223938,Morning,Weekday,0.6808389235732097,0.6,0.7634027671483373,0.7,0.8359412412534795,0.7
1,2025-02-04,8,Tuesday,zone_hour_profile,1000,102,259,0.3938223938223938,Morning,Weekday,0.8048290874435929,0.6,0.8301611939757659,0.8,0.8481621365100747,0.85
1,2025-02-04,8,Tuesday,same_hour_last_week,1000,102,259,0.3938223938223938,Morning,Weekday,0.8350708795005096,0.6,0.8297686149247494,0.8,0.8579471246851537,0.9
1,2025-02-04,8,Tuesday,trailing_4_week_profile,1000,102,259,0.3938223938223938,Morning,Weekday,0.8048290874435929,0.6,0.8301611939757659,0.8,0.8481621365100747,0.85
1,2025-02-04,9,Tuesday,global_popularity,500,138,259,0.5328185328185329,Morning,Weekday,0.6377945216416211,0.6,0.7118426376234561,0.7,0.8141700753179848,0.75
1,2025-02-04,9,Tuesday,zone_hour_profile,500,138,259,0.5328185328185329,Morning,Weekday,0.720411985997382,0.6,0.7611443048595389,0.8,0.8814305831772211,0.9
1,2025-02-04,9,Tuesday,same_hour_last_week,500,138,259,0.5328185328185329,Morning,Weekday,0.7194378142306455,0.6,0.7566088686210145,0.7,0.8574875686925705,0.9
1,2025-02-04,9,Tuesday,trailing_4_week_profile,500,138,259,0.5328185328185329,Morning,Weekday,0.720411985997382,0.6,0.7611443048595389,0.8,0.8814305831772211,0.9
1,2025-02-04,9,Tuesday,global_popularity,1000,102,259,0.3938223938223938,Morning,Weekday,0.6377945216416211,0.6,0.7118426376234561,0.7,0.8141700753179848,0.75
1,2025-02-04,9,Tuesday,zone_hour_profile,1000,102,259,0.3938223938223938,Morning,Weekday,0.720411985997382,0.6,0.7611443048595389,0.8,0.8814305831772211,0.9
1,2025-02-04,9,Tuesday,same_hour_last_week,1000,102,259,0.3938223938223938,Morning,Weekday,0.7194378142306455,0.6,0.7566088686210145,0.7,0.8574875686925705,0.9
1,2025-02-04,9,Tuesday,trailing_4_week_profile,1000,102,259,0.3938223938223938,Morning,Weekday,0.720411985997382,0.6,0.7611443048595389,0.8,0.8814305831772211,0.9
1,2025-02-04,10,Tuesday,global_popularity,500,138,259,0.5328185328185329,Midday,Weekday,0.5816400345019793,0.6,0.6532424584027108,0.7,0.7784487302734926,0.75
1,2025-02-04,10,Tuesday,zone_hour_profile,500,138,259,0.5328185328185329,Midday,Weekday,0.7738273146870154,0.8,0.8024953440434003,0.9,0.8519515525070205,0.95
1,2025-02-04,10,Tuesday,same_hour_last_week,500,138,259,0.5328185328185329,Midday,Weekday,0.8147588040512848,0.8,0.836024549857792,0.9,0.8719999209691084,0.85
1,2025-02-04,10,Tuesday,trailing_4_week_profile,500,138,259,0.5328185328185329,Midday,Weekday,0.7738273146870154,0.8,0.8024953440434003,0.9,0.8519515525070205,0.95
1,2025-02-04,10,Tuesday,global_popularity,1000,102,259,0.3938223938223938,Midday,Weekday,0.5816400345019793,0.6,0.6532424584027108,0.7,0.7784487302734926,0.75
1,2025-02-04,10,Tuesday,zone_hour_profile,1000,102,259,0.3938223938223938,Midday,Weekday,0.7738273146870154,0.8,0.8024953440434003,0.9,0.8519515525070205,0.95
1,2025-02-04,10,Tuesday,same_hour_last_week,1000,102,259,0.3938223938223938,Midday,Weekday,0.8147588040512848,0.8,0.836024549857792,0.9,0.8719999209691084,0.85
1,2025-02-04,10,Tuesday,trailing_4_week_profile,1000,102,259,0.3938223938223938,Midday,Weekday,0.7738273146870154,0.8,0.8024953440434003,0.9,0.8519515525070205,0.95
1,2025-02-04,11,Tuesday,global_popularity,500,138,259,0.5328185328185329,Midday,Weekday,0.8553375674878064,0.8,0.8409751861285764,0.7,0.9117600334852276,0.85
1,2025-02-04,11,Tuesday,zone_hour_profile,500,138,259,0.5328185328185329,Midday,Weekday,0.7924324701361282,0.6,0.8107010956215466,0.7,0.9168157889519036,0.95
1,2025-02-04,11,Tuesday,same_hour_last_week,500,138,259,0.5328185328185329,Midday,Weekday,0.7910160864345755,0.6,0.8112691979008654,0.7,0.885127985836383,0.95
1,2025-02-04,11,Tuesday,trailing_4_week_profile,500,138,259,0.5328185328185329,Midday,Weekday,0.7924324701361282,0.6,0.8107010956215466,0.7,0.9168157889519036,0.95
1,2025-02-04,11,Tuesday,global_popularity,1000,102,259,0.3938223938223938,Midday,Weekday,0.8553375674878064,0.8,0.8409751861285764,0.7,0.9117600334852276,0.85
1,2025-02-04,11,Tuesday,zone_hour_profile,1000,102,259,0.3938223938223938,Midday,Weekday,0.7924324701361282,0.6,0.8107010956215466,0.7,0.9168157889519036,0.95
1,2025-02-04,11,Tuesday,same_hour_last_week,1000,102,259,0.3938223938223938,Midday,Weekday,0.7910160864345755,0.6,0.8112691979008654,0.7,0.885127985836383,0.95
1,2025-02-04,11,Tuesday,trailing_4_week_profile,1000,102,259,0.3938223938223938,Midday,Weekday,0.7924324701361282,0.6,0.8107010956215466,0.7,0.9168157889519036,0.95
1,2025-02-04,12,Tuesday,global_popularity,500,138,259,0.5328185328185329,Midday,Weekday,0.8920851210046989,0.8,0.8880757251905509,0.6,0.9381300612840351,0.85
1,2025-02-04,12,Tuesday,zone_hour_profile,500,138,259,0.5328185328185329,Midday,Weekday,0.8895074965653349,0.8,0.8819780868575597,0.7,0.950875797070797,0.95
1,2025-02-04,12,Tuesday,same_hour_last_week,500,138,259,0.5328185328185329,Midday,Weekday,0.8325393899668847,0.6,0.8763025032394339,0.7,0.9362362810204385,0.9
1,2025-02-04,12,Tuesday,trailing_4_week_profile,500,138,259,0.5328185328185329,Midday,Weekday,0.8895074965653349,0.8,0.8819780868575597,0.7,0.950875797070797,0.95
1,2025-02-04,12,Tuesday,global_popularity,1000,102,259,0.3938223938223938,Midday,Weekday,0.8920851210046989,0.8,0.8880757251905509,0.6,0.9381300612840351,0.85
1,2025-02-04,12,Tuesday,zone_hour_profile,1000,102,259,0.3938223938223938,Midday,Weekday,0.8895074965653349,0.8,0.8819780868575597,0.7,0.950875797070797,0.95
1,2025-02-04,12,Tuesday,same_hour_last_week,1000,102,259,0.3938223938223938,Midday,Weekday,0.8325393899668847,0.6,0.8763025032394339,0.7,0.9362362810204385,0.9
1,2025-02-04,12,Tuesday,trailing_4_week_profile,1000,102,259,0.3938223938223938,Midday,Weekday,0.8895074965653349,0.8,0.8819780868575597,0.7,0.950875797070797,0.95
1,2025-02-04,13,Tuesday,global_popularity,500,138,259,0.5328185328185329,Midday,Weekday,0.890454534180218,0.8,0.8846664334354972,0.6,0.9289630944156361,0.85
1,2025-02-04,13,Tuesday,zone_hour_profile,500,138,259,0.5328185328185329,Midday,Weekday,0.8698292367863695,0.6,0.8590692062707949,0.7,0.9459135307615661,0.95
1,2025-02-04,13,Tuesday,same_hour_last_week,500,138,259,0.5328185328185329,Midday,Weekday,0.8236335059811053,0.6,0.8458952315676689,0.7,0.9284538212134317,0.9
1,2025-02-04,13,Tuesday,trailing_4_week_profile,500,138,259,0.5328185328185329,Midday,Weekday,0.8698292367863695,0.6,0.8590692062707949,0.7,0.9459135307615661,0.95
1,2025-02-04,13,Tuesday,global_popularity,1000,102,259,0.3938223938223938,Midday,Weekday,0.890454534180218,0.8,0.8846664334354972,0.6,0.9289630944156361,0.85
1,2025-02-04,13,Tuesday,zone_hour_profile,1000,102,259,0.3938223938223938,Midday,Weekday,0.8698292367863695,0.6,0.8590692062707949,0.7,0.9459135307615661,0.95
1,2025-02-04,13,Tuesday,same_hour_last_week,1000,102,259,0.3938223938223938,Midday,Weekday,0.8236335059811053,0.6,0.8458952315676689,0.7,0.9284538212134317,0.9
1,2025-02-04,13,Tuesday,trailing_4_week_profile,1000,102,259,0.3938223938223938,Midday,Weekday,0.8698292367863695,0.6,0.8590692062707949,0.7,0.9459135307615661,0.95
1,2025-02-04,14,Tuesday,global_popularity,500,138,259,0.5328185328185329,Midday,Weekday,0.7613402617460079,0.8,0.7771615141335625,0.6,0.8465496870530981,0.85
1,2025-02-04,14,Tuesday,zone_hour_profile,500,138,259,0.5328185328185329,Midday,Weekday,0.6367985095746864,0.6,0.8346113060173093,0.8,0.8665462375523075,0.95
1,2025-02-04,14,Tuesday,same_hour_last_week,500,138,259,0.5328185328185329,Midday,Weekday,0.6367985095746864,0.6,0.7493320129584068,0.7,0.838231837212818,0.9
1,2025-02-04,14,Tuesday,trailing_4_week_profile,500,138,259,0.5328185328185329,Midday,Weekday,0.6367985095746864,0.6,0.8346113060173093,0.8,0.8665462375523075,0.95
1,2025-02-04,14,Tuesday,global_popularity,1000,102,259,0.3938223938223938,Midday,Weekday,0.7613402617460079,0.8,0.7771615141335625,0.6,0.8465496870530981,0.85
1,2025-02-04,14,Tuesday,zone_hour_profile,1000,102,259,0.3938223938223938,Midday,Weekday,0.6367985095746864,0.6,0.8346113060173093,0.8,0.8665462375523075,0.95
1,2025-02-04,14,Tuesday,same_hour_last_week,1000,102,259,0.3938223938223938,Midday,Weekday,0.6367985095746864,0.6,0.7493320129584068,0.7,0.838231837212818,0.9
1,2025-02-04,14,Tuesday,trailing_4_week_profile,1000,102,259,0.3938223938223938,Midday,Weekday,0.6367985095746864,0.6,0.8346113060173093,0.8,0.8665462375523075,0.95
1,2025-02-04,15,Tuesday,global_popularity,500,138,259,0.5328185328185329,Midday,Weekday,0.7260145136227955,0.8,0.7383879049455937,0.5,0.8126551459928656,0.85
1,2025-02-04,15,Tuesday,zone_hour_profile,500,138,259,0.5328185328185329,Midday,Weekday,0.7482846755039068,0.8,0.8375271786441387,0.8,0.8650571040811295,0.95
1,2025-02-04,15,Tuesday,same_hour_last_week,500,138,259,0.5328185328185329,Midday,Weekday,0.5996606571274773,0.6,0.7513230618211931,0.7,0.827082895246656,0.9
1,2025-02-04,15,Tuesday,trailing_4_week_profile,500,138,259,0.5328185328185329,Midday,Weekday,0.7482846755039068,0.8,0.8375271786441387,0.8,0.8650571040811295,0.95
1,2025-02-04,15,Tuesday,global_popularity,1000,102,259,0.3938223938223938,Midday,Weekday,0.7260145136227955,0.8,0.7383879049455937,0.5,0.8126551459928656,0.85
1,2025-02-04,15,Tuesday,zone_hour_profile,1000,102,259,0.3938223938223938,Midday,Weekday,0.7482846755039068,0.8,0.8375271786441387,0.8,0.8650571040811295,0.95
1,2025-02-04,15,Tuesday,same_hour_last_week,1000,102,259,0.3938223938223938,Midday,Weekday,0.5996606571274773,0.6,0.7513230618211931,0.7,0.827082895246656,0.9
1,2025-02-04,15,Tuesday,trailing_4_week_profile,1000,102,259,0.3938223938223938,Midday,Weekday,0.7482846755039068,0.8,0.8375271786441387,0.8,0.8650571040811295,0.95
1,2025-02-04,16,Tuesday,global_popularity,500,138,259,0.5328185328185329,Evening,Weekday,0.8247803678335969,0.8,0.8246822994134919,0.6,0.8627262282551541,0.85
1,2025-02-04,16,Tuesday,zone_hour_profile,500,138,259,0.5328185328185329,Evening,Weekday,0.8432987614604485,0.8,0.8685044786843216,0.9,0.8956810857597237,0.95
1,2025-02-04,16,Tuesday,same_hour_last_week,500,138,259,0.5328185328185329,Evening,Weekday,0.8682485399716984,0.8,0.8788768193638918,0.9,0.9017914984305276,0.9
1,2025-02-04,16,Tuesday,trailing_4_week_profile,500,138,259,0.5328185328185329,Evening,Weekday,0.8432987614604485,0.8,0.8685044786843216,0.9,0.8956810857597237,0.95
1,2025-02-04,16,Tuesday,global_popularity,1000,102,259,0.3938223938223938,Evening,Weekday,0.8247803678335969,0.8,0.8246822994134919,0.6,0.8627262282551541,0.85
1,2025-02-04,16,Tuesday,zone_hour_profile,1000,102,259,0.3938223938223938,Evening,Weekday,0.8432987614604485,0.8,0.8685044786843216,0.9,0.8956810857597237,0.95
1,2025-02-04,16,Tuesday,same_hour_last_week,1000,102,259,0.3938223938223938,Evening,Weekday,0.8682485399716984,0.8,0.8788768193638918,0.9,0.9017914984305276,0.9
1,2025-02-04,16,Tuesday,trailing_4_week_profile,1000,102,259,0.3938223938223938,Evening,Weekday,0.8432987614604485,0.8,0.8685044786843216,0.9,0.8956810857597237,0.95
1,2025-02-04,17,Tuesday,global_popularity,500,138,259,0.5328185328185329,Evening,Weekday,0.8213637657787585,0.6,0.821310822611807,0.7,0.869869804578866,0.85
1,2025-02-04,17,Tuesday,zone_hour_profile,500,138,259,0.5328185328185329,Evening,Weekday,0.7547176757267853,0.6,0.8705041302055806,0.9,0.9044299694641958,0.9
1,2025-02-04,17,Tuesday,same_hour_last_week,500,138,259,0.5328185328185329,Evening,Weekday,0.7692608576530393,0.6,0.7780432624976062,0.8,0.890310458624425,0.9
1,2025-02-04,17,Tuesday,trailing_4_week_profile,500,138,259,0.5328185328185329,Evening,Weekday,0.7547176757267853,0.6,0.8705041302055806,0.9,0.9044299694641958,0.9
1,2025-02-04,17,Tuesday,global_popularity,1000,102,259,0.3938223938223938,Evening,Weekday,0.8213637657787585,0.6,0.821310822611807,0.7,0.869869804578866,0.85
1,2025-02-04,17,Tuesday,zone_hour_profile,1000,102,259,0.3938223938223938,Evening,Weekday,0.7547176757267853,0.6,0.8705041302055806,0.9,0.9044299694641958,0.9
1,2025-02-04,17,Tuesday,same_hour_last_week,1000,102,259,0.3938223938223938,Evening,Weekday,0.7692608576530393,0.6,0.7780432624976062,0.8,0.890310458624425,0.9
1,2025-02-04,17,Tuesday,trailing_4_week_profile,1000,102,259,0.3938223938223938,Evening,Weekday,0.7547176757267853,0.6,0.8705041302055806,0.9,0.9044299694641958,0.9
1,2025-02-04,18,Tuesday,global_popularity,500,138,259,0.5328185328185329,Evening,Weekday,0.8258851516600404,0.6,0.8525760884345633,0.7,0.8998449171803664,0.85
1,2025-02-04,18,Tuesday,zone_hour_profile,500,138,259,0.5328185328185329,Evening,Weekday,0.8887716521080873,0.6,0.8853724268145762,0.8,0.9292816138087453,0.9
1,2025-02-04,18,Tuesday,same_hour_last_week,500,138,259,0.5328185328185329,Evening,Weekday,0.8744847224776282,0.6,0.8777840951984688,0.8,0.8813333549443019,0.85
1,2025-02-04,18,Tuesday,trailing_4_week_profile,500,138,259,0.5328185328185329,Evening,Weekday,0.8887716521080873,0.6,0.8853724268145762,0.8,0.9292816138087453,0.9
1,2025-02-04,18,Tuesday,global_popularity,1000,102,259,0.3938223938223938,Evening,Weekday,0.8258851516600404,0.6,0.8525760884345633,0.7,0.8998449171803664,0.85
1,2025-02-04,18,Tuesday,zone_hour_profile,1000,102,259,0.3938223938223938,Evening,Weekday,0.8887716521080873,0.6,0.8853724268145762,0.8,0.9292816138087453,0.9
1,2025-02-04,18,Tuesday,same_hour_last_week,1000,102,259,0.3938223938223938,Evening,Weekday,0.8744847224776282,0.6,0.8777840951984688,0.8,0.8813333549443019,0.85
1,2025-02-04,18,Tuesday,trailing_4_week_profile,1000,102,259,0.3938223938223938,Evening,Weekday,0.8887716521080873,0.6,0.8853724268145762,0.8,0.9292816138087453,0.9
1,2025-02-04,19,Tuesday,global_popularity,500,138,259,0.5328185328185329,Evening,Weekday,0.7280468770198977,0.6,0.76090551477166,0.6,0.8214157619701894,0.85
1,2025-02-04,19,Tuesday,zone_hour_profile,500,138,259,0.5328185328185329,Evening,Weekday,0.7945959116478831,0.8,0.8137238175651424,0.7,0.8648371902956342,0.9
1,2025-02-04,19,Tuesday,same_hour_last_week,500,138,259,0.5328185328185329,Evening,Weekday,0.8115393749437881,0.8,0.827034214053598,0.7,0.8762899010469447,0.9
1,2025-02-04,19,Tuesday,trailing_4_week_profile,500,138,259,0.5328185328185329,Evening,Weekday,0.7945959116478831,0.8,0.8137238175651424,0.7,0.8648371902956342,0.9
1,2025-02-04,19,Tuesday,global_popularity,1000,102,259,0.3938223938223938,Evening,Weekday,0.7280468770198977,0.6,0.76090551477166,0.6,0.8214157619701894,0.85
1,2025-02-04,19,Tuesday,zone_hour_profile,1000,102,259,0.3938223938223938,Evening,Weekday,0.7945959116478831,0.8,0.8137238175651424,0.7,0.8648371902956342,0.9
1,2025-02-04,19,Tuesday,same_hour_last_week,1000,102,259,0.3938223938223938,Evening,Weekday,0.8115393749437881,0.8,0.827034214053598,0.7,0.8762899010469447,0.9
1,2025-02-04,19,Tuesday,trailing_4_week_profile,1000,102,259,0.3938223938223938,Evening,Weekday,0.7945959116478831,0.8,0.8137238175651424,0.7,0.8648371902956342,0.9
1,2025-02-04,20,Tuesday,global_popularity,500,138,259,0.5328185328185329,Evening,Weekday,0.7476254138412635,0.6,0.7771407194676813,0.6,0.8603630709553242,0.9
1,2025-02-04,20,Tuesday,zone_hour_profile,500,138,259,0.5328185328185329,Evening,Weekday,0.8461371148952247,0.8,0.8491295133207707,0.8,0.915045830199959,0.9
1,2025-02-04,20,Tuesday,same_hour_last_week,500,138,259,0.5328185328185329,Evening,Weekday,0.7447151904534941,0.6,0.8376660244357678,0.8,0.9089274123511834,0.95
1,2025-02-04,20,Tuesday,trailing_4_week_profile,500,138,259,0.5328185328185329,Evening,Weekday,0.8461371148952247,0.8,0.8491295133207707,0.8,0.915045830199959,0.9
1,2025-02-04,20,Tuesday,global_popularity,1000,102,259,0.3938223938223938,Evening,Weekday,0.7476254138412635,0.6,0.7771407194676813,0.6,0.8603630709553242,0.9
1,2025-02-04,20,Tuesday,zone_hour_profile,1000,102,259,0.3938223938223938,Evening,Weekday,0.8461371148952247,0.8,0.8491295133207707,0.8,0.915045830199959,0.9
1,2025-02-04,20,Tuesday,same_hour_last_week,1000,102,259,0.3938223938223938,Evening,Weekday,0.7447151904534941,0.6,0.8376660244357678,0.8,0.9089274123511834,0.95
1,2025-02-04,20,Tuesday,trailing_4_week_profile,1000,102,259,0.3938223938223938,Evening,Weekday,0.8461371148952247,0.8,0.8491295133207707,0.8,0.915045830199959,0.9
1,2025-02-04,21,Tuesday,global_popularity,500,138,259,0.5328185328185329,Late evening,Weekday,0.6889018299538939,0.6,0.7480650516316301,0.8,0.8277386331084343,0.85
1,2025-02-04,21,Tuesday,zone_hour_profile,500,138,259,0.5328185328185329,Late evening,Weekday,0.7334807939266548,0.6,0.8444004201263421,0.8,0.9038864659243637,0.95
1,2025-02-04,21,Tuesday,same_hour_last_week,500,138,259,0.5328185328185329,Late evening,Weekday,0.7299952198656341,0.6,0.8381371942201468,0.9,0.8576123976562403,0.9
1,2025-02-04,21,Tuesday,trailing_4_week_profile,500,138,259,0.5328185328185329,Late evening,Weekday,0.7334807939266548,0.6,0.8444004201263421,0.8,0.9038864659243637,0.95
1,2025-02-04,21,Tuesday,global_popularity,1000,102,259,0.3938223938223938,Late evening,Weekday,0.6889018299538939,0.6,0.7480650516316301,0.8,0.8277386331084343,0.85
1,2025-02-04,21,Tuesday,zone_hour_profile,1000,102,259,0.3938223938223938,Late evening,Weekday,0.7334807939266548,0.6,0.8444004201263421,0.8,0.9038864659243637,0.95
1,2025-02-04,21,Tuesday,same_hour_last_week,1000,102,259,0.3938223938223938,Late evening,Weekday,0.7299952198656341,0.6,0.8381371942201468,0.9,0.8576123976562403,0.9
1,2025-02-04,21,Tuesday,trailing_4_week_profile,1000,102,259,0.3938223938223938,Late evening,Weekday,0.7334807939266548,0.6,0.8444004201263421,0.8,0.9038864659243637,0.95
1,2025-02-04,22,Tuesday,global_popularity,500,138,259,0.5328185328185329,Late evening,Weekday,0.7052901479054966,0.6,0.7199684541801492,0.5,0.8372826703336135,0.8
1,2025-02-04,22,Tuesday,zone_hour_profile,500,138,259,0.5328185328185329,Late evening,Weekday,0.8893532109601853,0.6,0.903562128197966,0.6,0.9585823145610497,0.9
1,2025-02-04,22,Tuesday,same_hour_last_week,500,138,259,0.5328185328185329,Late evening,Weekday,0.8305568996969325,0.4,0.8562714242136157,0.6,0.9019494235866341,0.85
1,2025-02-04,22,Tuesday,trailing_4_week_profile,500,138,259,0.5328185328185329,Late evening,Weekday,0.8893532109601853,0.6,0.903562128197966,0.6,0.9585823145610497,0.9
1,2025-02-04,22,Tuesday,global_popularity,1000,102,259,0.3938223938223938,Late evening,Weekday,0.7052901479054966,0.6,0.7199684541801492,0.5,0.8372826703336135,0.8
1,2025-02-04,22,Tuesday,zone_hour_profile,1000,102,259,0.3938223938223938,Late evening,Weekday,0.8893532109601853,0.6,0.903562128197966,0.6,0.9585823145610497,0.9
1,2025-02-04,22,Tuesday,same_hour_last_week,1000,102,259,0.3938223938223938,Late evening,Weekday,0.8305568996969325,0.4,0.8562714242136157,0.6,0.9019494235866341,0.85
1,2025-02-04,22,Tuesday,trailing_4_week_profile,1000,102,259,0.3938223938223938,Late evening,Weekday,0.8893532109601853,0.6,0.903562128197966,0.6,0.9585823145610497,0.9
1,2025-02-04,23,Tuesday,global_popularity,500,138,259,0.5328185328185329,Late evening,Weekday,0.5092131357425899,0.6,0.5449578401748955,0.5,0.6722062051159032,0.75
1,2025-02-04,23,Tuesday,zone_hour_profile,500,138,259,0.5328185328185329,Late evening,Weekday,0.9122768884353776,0.8,0.9251917024934128,0.8,0.9417458592438277,0.9
1,2025-02-04,23,Tuesday,same_hour_last_week,500,138,259,0.5328185328185329,Late evening,Weekday,0.8717574433201022,0.8,0.8480719074358671,0.6,0.8934201889480405,0.85
1,2025-02-04,23,Tuesday,trailing_4_week_profile,500,138,259,0.5328185328185329,Late evening,Weekday,0.9122768884353776,0.8,0.9251917024934128,0.8,0.9417458592438277,0.9
1,2025-02-04,23,Tuesday,global_popularity,1000,102,259,0.3938223938223938,Late evening,Weekday,0.5092131357425899,0.6,0.5449578401748955,0.5,0.6722062051159032,0.75
1,2025-02-04,23,Tuesday,zone_hour_profile,1000,102,259,0.3938223938223938,Late evening,Weekday,0.9122768884353776,0.8,0.9251917024934128,0.8,0.9417458592438277,0.9
1,2025-02-04,23,Tuesday,same_hour_last_week,1000,102,259,0.3938223938223938,Late evening,Weekday,0.8717574433201022,0.8,0.8480719074358671,0.6,0.8934201889480405,0.85
1,2025-02-04,23,Tuesday,trailing_4_week_profile,1000,102,259,0.3938223938223938,Late evening,Weekday,0.9122768884353776,0.8,0.9251917024934128,0.8,0.9417458592438277,0.9
1,2025-02-05,0,Wednesday,global_popularity,500,138,259,0.5328185328185329,Overnight,Weekday,0.5619922266312303,0.6,0.5891201525881188,0.4,0.6668851606038521,0.8
1,2025-02-05,0,Wednesday,zone_hour_profile,500,138,259,0.5328185328185329,Overnight,Weekday,0.9419728902717606,0.6,0.9577712337626673,0.7,0.9526067381870242,0.9
1,2025-02-05,0,Wednesday,same_hour_last_week,500,138,259,0.5328185328185329,Overnight,Weekday,0.9457322659885629,0.8,0.9635588306004461,0.8,0.9675837946139625,0.85
1,2025-02-05,0,Wednesday,trailing_4_week_profile,500,138,259,0.5328185328185329,Overnight,Weekday,0.9144517708090389,0.4,0.9567401109788765,0.7,0.9728443208764981,0.95
1,2025-02-05,0,Wednesday,global_popularity,1000,102,259,0.3938223938223938,Overnight,Weekday,0.5619922266312303,0.6,0.5891201525881188,0.4,0.6668851606038521,0.8
1,2025-02-05,0,Wednesday,zone_hour_profile,1000,102,259,0.3938223938223938,Overnight,Weekday,0.9419728902717606,0.6,0.9577712337626673,0.7,0.9526067381870242,0.9
1,2025-02-05,0,Wednesday,same_hour_last_week,1000,102,259,0.3938223938223938,Overnight,Weekday,0.9457322659885629,0.8,0.9635588306004461,0.8,0.9675837946139625,0.85
1,2025-02-05,0,Wednesday,trailing_4_week_profile,1000,102,259,0.3938223938223938,Overnight,Weekday,0.9144517708090389,0.4,0.9567401109788765,0.7,0.9728443208764981,0.95
1,2025-02-05,1,Wednesday,global_popularity,500,138,259,0.5328185328185329,Overnight,Weekday,0.5272815756594655,0.2,0.5398741177650612,0.2,0.6547866812564538,0.6
1,2025-02-05,1,Wednesday,zone_hour_profile,500,138,259,0.5328185328185329,Overnight,Weekday,0.6467442459546793,0.4,0.6529532023425558,0.5,0.7944196259710127,0.7
1,2025-02-05,1,Wednesday,same_hour_last_week,500,138,259,0.5328185328185329,Overnight,Weekday,0.8880099547226177,1.0,0.8352679964782261,0.6,0.8436682929155984,0.7
1,2025-02-05,1,Wednesday,trailing_4_week_profile,500,138,259,0.5328185328185329,Overnight,Weekday,0.839330508792624,0.6,0.8974238825190947,0.7,0.9024213052413778,0.75
1,2025-02-05,1,Wednesday,global_popularity,1000,102,259,0.3938223938223938,Overnight,Weekday,0.5272815756594655,0.2,0.5398741177650612,0.2,0.6547866812564538,0.6
1,2025-02-05,1,Wednesday,zone_hour_profile,1000,102,259,0.3938223938223938,Overnight,Weekday,0.6467442459546793,0.4,0.6529532023425558,0.5,0.7944196259710127,0.7
1,2025-02-05,1,Wednesday,same_hour_last_week,1000,102,259,0.3938223938223938,Overnight,Weekday,0.8880099547226177,1.0,0.8352679964782261,0.6,0.8436682929155984,0.7
1,2025-02-05,1,Wednesday,trailing_4_week_profile,1000,102,259,0.3938223938223938,Overnight,Weekday,0.839330508792624,0.6,0.8974238825190947,0.7,0.9024213052413778,0.75
1,2025-02-05,2,Wednesday,global_popularity,500,138,259,0.5328185328185329,Overnight,Weekday,0.3325334499796452,0.0,0.39983347983144063,0.1,0.5630016122707083,0.45
1,2025-02-05,2,Wednesday,zone_hour_profile,500,138,259,0.5328185328185329,Overnight,Weekday,0.8636854794399902,0.2,0.8083123520205727,0.5,0.8533573341932766,0.65
1,2025-02-05,2,Wednesday,same_hour_last_week,500,138,259,0.5328185328185329,Overnight,Weekday,0.7635098762623389,0.2,0.842832318717018,0.7,0.7994999220864781,0.6
1,2025-02-05,2,Wednesday,trailing_4_week_profile,500,138,259,0.5328185328185329,Overnight,Weekday,0.6415496465333359,0.2,0.7192596214162316,0.6,0.7703200848343598,0.65
1,2025-02-05,2,Wednesday,global_popularity,1000,102,259,0.3938223938223938,Overnight,Weekday,0.3325334499796452,0.0,0.39983347983144063,0.1,0.5630016122707083,0.45
1,2025-02-05,2,Wednesday,zone_hour_profile,1000,102,259,0.3938223938223938,Overnight,Weekday,0.8636854794399902,0.2,0.8083123520205727,0.5,0.8533573341932766,0.65
1,2025-02-05,2,Wednesday,same_hour_last_week,1000,102,259,0.3938223938223938,Overnight,Weekday,0.7635098762623389,0.2,0.842832318717018,0.7,0.7994999220864781,0.6
1,2025-02-05,2,Wednesday,trailing_4_week_profile,1000,102,259,0.3938223938223938,Overnight,Weekday,0.6415496465333359,0.2,0.7192596214162316,0.6,0.7703200848343598,0.65
1,2025-02-05,3,Wednesday,global_popularity,500,138,259,0.5328185328185329,Overnight,Weekday,0.19437463651018486,0.2,0.20714782421616731,0.3,0.471654575982746,0.5
1,2025-02-05,3,Wednesday,zone_hour_profile,500,138,259,0.5328185328185329,Overnight,Weekday,0.6989447552849255,0.6,0.7380629555463505,0.5,0.729628103459099,0.5
1,2025-02-05,3,Wednesday,same_hour_last_week,500,138,259,0.5328185328185329,Overnight,Weekday,0.9186050483663084,0.8,0.8235497564875824,0.4,0.8098149546488043,0.45
1,2025-02-05,3,Wednesday,trailing_4_week_profile,500,138,259,0.5328185328185329,Overnight,Weekday,0.8731072698654176,0.8,0.8592672844536946,0.6,0.8828982172121951,0.75
1,2025-02-05,3,Wednesday,global_popularity,1000,102,259,0.3938223938223938,Overnight,Weekday,0.19437463651018486,0.2,0.20714782421616731,0.3,0.471654575982746,0.5
1,2025-02-05,3,Wednesday,zone_hour_profile,1000,102,259,0.3938223938223938,Overnight,Weekday,0.6989447552849255,0.6,0.7380629555463505,0.5,0.729628103459099,0.5
1,2025-02-05,3,Wednesday,same_hour_last_week,1000,102,259,0.3938223938223938,Overnight,Weekday,0.9186050483663084,0.8,0.8235497564875824,0.4,0.8098149546488043,0.45
1,2025-02-05,3,Wednesday,trailing_4_week_profile,1000,102,259,0.3938223938223938,Overnight,Weekday,0.8731072698654176,0.8,0.8592672844536946,0.6,0.8828982172121951,0.75
1,2025-02-05,4,Wednesday,global_popularity,500,138,259,0.5328185328185329,Overnight,Weekday,0.5306502502788734,0.6,0.5170506085584248,0.4,0.5634872526874503,0.6
1,2025-02-05,4,Wednesday,zone_hour_profile,500,138,259,0.5328185328185329,Overnight,Weekday,0.2761992431078337,0.4,0.4915433042324144,0.4,0.5190681815219753,0.5
1,2025-02-05,4,Wednesday,same_hour_last_week,500,138,259,0.5328185328185329,Overnight,Weekday,0.8921790427105233,0.6,0.8621497299577644,0.4,0.8801380923656299,0.6
1,2025-02-05,4,Wednesday,trailing_4_week_profile,500,138,259,0.5328185328185329,Overnight,Weekday,0.9189372669083581,0.6,0.9247788086683101,0.5,0.9323500493876026,0.65
1,2025-02-05,4,Wednesday,global_popularity,1000,102,259,0.3938223938223938,Overnight,Weekday,0.5306502502788734,0.6,0.5170506085584248,0.4,0.5634872526874503,0.6
1,2025-02-05,4,Wednesday,zone_hour_profile,1000,102,259,0.3938223938223938,Overnight,Weekday,0.2761992431078337,0.4,0.4915433042324144,0.4,0.5190681815219753,0.5
1,2025-02-05,4,Wednesday,same_hour_last_week,1000,102,259,0.3938223938223938,Overnight,Weekday,0.8921790427105233,0.6,0.8621497299577644,0.4,0.8801380923656299,0.6
1,2025-02-05,4,Wednesday,trailing_4_week_profile,1000,102,259,0.3938223938223938,Overnight,Weekday,0.9189372669083581,0.6,0.9247788086683101,0.5,0.9323500493876026,0.65
1,2025-02-05,5,Wednesday,global_popularity,500,138,259,0.5328185328185329,Overnight,Weekday,0.49476002228680993,0.4,0.5542410589122068,0.5,0.5968945621593613,0.75
1,2025-02-05,5,Wednesday,zone_hour_profile,500,138,259,0.5328185328185329,Overnight,Weekday,0.9933120313799617,1.0,0.9568724745665999,0.6,0.9660200453046659,0.8
1,2025-02-05,5,Wednesday,same_hour_last_week,500,138,259,0.5328185328185329,Overnight,Weekday,0.6480501912463393,0.8,0.6688076681304026,0.7,0.6973438938584209,0.75
1,2025-02-05,5,Wednesday,trailing_4_week_profile,500,138,259,0.5328185328185329,Overnight,Weekday,0.9825887028367346,0.8,0.9703498485899954,0.7,0.9798582297053765,0.8
1,2025-02-05,5,Wednesday,global_popularity,1000,102,259,0.3938223938223938,Overnight,Weekday,0.49476002228680993,0.4,0.5542410589122068,0.5,0.5968945621593613,0.75
1,2025-02-05,5,Wednesday,zone_hour_profile,1000,102,259,0.3938223938223938,Overnight,Weekday,0.9933120313799617,1.0,0.9568724745665999,0.6,0.9660200453046659,0.8
1,2025-02-05,5,Wednesday,same_hour_last_week,1000,102,259,0.3938223938223938,Overnight,Weekday,0.6480501912463393,0.8,0.6688076681304026,0.7,0.6973438938584209,0.75
1,2025-02-05,5,Wednesday,trailing_4_week_profile,1000,102,259,0.3938223938223938,Overnight,Weekday,0.9825887028367346,0.8,0.9703498485899954,0.7,0.9798582297053765,0.8
1,2025-02-05,6,Wednesday,global_popularity,500,138,259,0.5328185328185329,Morning,Weekday,0.47942369628092363,0.4,0.5340691769879788,0.6,0.5641434589032853,0.7
1,2025-02-05,6,Wednesday,zone_hour_profile,500,138,259,0.5328185328185329,Morning,Weekday,0.7792801536197483,0.8,0.7973593846743053,0.8,0.8186227551957198,0.9
1,2025-02-05,6,Wednesday,same_hour_last_week,500,138,259,0.5328185328185329,Morning,Weekday,0.7806962520744303,0.8,0.7974484589025013,0.8,0.8201234041260635,0.85
1,2025-02-05,6,Wednesday,trailing_4_week_profile,500,138,259,0.5328185328185329,Morning,Weekday,0.7792801536197483,0.8,0.7973593846743053,0.8,0.8060059972761192,0.85
1,2025-02-05,6,Wednesday,global_popularity,1000,102,259,0.3938223938223938,Morning,Weekday,0.47942369628092363,0.4,0.5340691769879788,0.6,0.5641434589032853,0.7
1,2025-02-05,6,Wednesday,zone_hour_profile,1000,102,259,0.3938223938223938,Morning,Weekday,0.7792801536197483,0.8,0.7973593846743053,0.8,0.8186227551957198,0.9
1,2025-02-05,6,Wednesday,same_hour_last_week,1000,102,259,0.3938223938223938,Morning,Weekday,0.7806962520744303,0.8,0.7974484589025013,0.8,0.8201234041260635,0.85
1,2025-02-05,6,Wednesday,trailing_4_week_profile,1000,102,259,0.3938223938223938,Morning,Weekday,0.7792801536197483,0.8,0.7973593846743053,0.8,0.8060059972761192,0.85
1,2025-02-05,7,Wednesday,global_popularity,500,138,259,0.5328185328185329,Morning,Weekday,0.7007651760607508,0.6,0.741939710171583,0.6,0.7633798679182603,0.7
1,2025-02-05,7,Wednesday,zone_hour_profile,500,138,259,0.5328185328185329,Morning,Weekday,0.711509985678098,0.6,0.8554550027717661,0.9,0.8740167086201756,0.95
1,2025-02-05,7,Wednesday,same_hour_last_week,500,138,259,0.5328185328185329,Morning,Weekday,0.7213958266250556,0.6,0.8518331393351738,0.8,0.8636570830137292,0.9
1,2025-02-05,7,Wednesday,trailing_4_week_profile,500,138,259,0.5328185328185329,Morning,Weekday,0.711509985678098,0.6,0.7634631374986942,0.8,0.8573812002272463,0.9
1,2025-02-05,7,Wednesday,global_popularity,1000,102,259,0.3938223938223938,Morning,Weekday,0.7007651760607508,0.6,0.741939710171583,0.6,0.7633798679182603,0.7
1,2025-02-05,7,Wednesday,zone_hour_profile,1000,102,259,0.3938223938223938,Morning,Weekday,0.711509985678098,0.6,0.8554550027717661,0.9,0.8740167086201756,0.95
1,2025-02-05,7,Wednesday,same_hour_last_week,1000,102,259,0.3938223938223938,Morning,Weekday,0.7213958266250556,0.6,0.8518331393351738,0.8,0.8636570830137292,0.9
1,2025-02-05,7,Wednesday,trailing_4_week_profile,1000,102,259,0.3938223938223938,Morning,Weekday,0.711509985678098,0.6,0.7634631374986942,0.8,0.8573812002272463,0.9
1,2025-02-05,8,Wednesday,global_popularity,500,138,259,0.5328185328185329,Morning,Weekday,0.7754277936470547,0.6,0.8169665825574539,0.6,0.8483587373337464,0.7
1,2025-02-05,8,Wednesday,zone_hour_profile,500,138,259,0.5328185328185329,Morning,Weekday,0.9341822421639386,0.6,0.9319850536868955,0.7,0.9526110745172084,0.95
1,2025-02-05,8,Wednesday,same_hour_last_week,500,138,259,0.5328185328185329,Morning,Weekday,0.9474902687904225,0.6,0.9388073794636761,0.7,0.9623943873110297,0.95
1,2025-02-05,8,Wednesday,trailing_4_week_profile,500,138,259,0.5328185328185329,Morning,Weekday,0.9341822421639386,0.6,0.9319850536868955,0.7,0.9308229851571899,0.9
1,2025-02-05,8,Wednesday,global_popularity,1000,102,259,0.3938223938223938,Morning,Weekday,0.7754277936470547,0.6,0.8169665825574539,0.6,0.8483587373337464,0.7
1,2025-02-05,8,Wednesday,zone_hour_profile,1000,102,259,0.3938223938223938,Morning,Weekday,0.9341822421639386,0.6,0.9319850536868955,0.7,0.9526110745172084,0.95
1,2025-02-05,8,Wednesday,same_hour_last_week,1000,102,259,0.3938223938223938,Morning,Weekday,0.9474902687904225,0.6,0.9388073794636761,0.7,0.9623943873110297,0.95
1,2025-02-05,8,Wednesday,trailing_4_week_profile,1000,102,259,0.3938223938223938,Morning,Weekday,0.9341822421639386,0.6,0.9319850536868955,0.7,0.9308229851571899,0.9
1,2025-02-05,9,Wednesday,global_popularity,500,138,259,0.5328185328185329,Morning,Weekday,0.7689396837866214,0.6,0.8099244041178709,0.7,0.8771150258030039,0.7
1,2025-02-05,9,Wednesday,zone_hour_profile,500,138,259,0.5328185328185329,Morning,Weekday,0.8472317839109497,0.6,0.853231316572911,0.8,0.9111010763559882,0.9
1,2025-02-05,9,Wednesday,same_hour_last_week,500,138,259,0.5328185328185329,Morning,Weekday,0.8480313232431715,0.6,0.8534987251682298,0.8,0.8690533388010782,0.9
1,2025-02-05,9,Wednesday,trailing_4_week_profile,500,138,259,0.5328185328185329,Morning,Weekday,0.8625310563623189,0.6,0.854146671127443,0.8,0.9123275151032668,0.95
1,2025-02-05,9,Wednesday,global_popularity,1000,102,259,0.3938223938223938,Morning,Weekday,0.7689396837866214,0.6,0.8099244041178709,0.7,0.8771150258030039,0.7
1,2025-02-05,9,Wednesday,zone_hour_profile,1000,102,259,0.3938223938223938,Morning,Weekday,0.8472317839109497,0.6,0.853231316572911,0.8,0.9111010763559882,0.9
1,2025-02-05,9,Wednesday,same_hour_last_week,1000,102,259,0.3938223938223938,Morning,Weekday,0.8480313232431715,0.6,0.8534987251682298,0.8,0.8690533388010782,0.9
1,2025-02-05,9,Wednesday,trailing_4_week_profile,1000,102,259,0.3938223938223938,Morning,Weekday,0.8625310563623189,0.6,0.854146671127443,0.8,0.9123275151032668,0.95
1,2025-02-05,10,Wednesday,global_popularity,500,138,259,0.5328185328185329,Midday,Weekday,0.7106591359316943,0.6,0.7612956432183389,0.6,0.8586537226850721,0.85
1,2025-02-05,10,Wednesday,zone_hour_profile,500,138,259,0.5328185328185329,Midday,Weekday,0.7788840783020571,0.6,0.859807558775896,0.8,0.903655674447746,0.9
1,2025-02-05,10,Wednesday,same_hour_last_week,500,138,259,0.5328185328185329,Midday,Weekday,0.7816471521881089,0.6,0.8655219948168215,0.8,0.9066781974337583,0.9
1,2025-02-05,10,Wednesday,trailing_4_week_profile,500,138,259,0.5328185328185329,Midday,Weekday,0.7816471521881089,0.6,0.7858258978381625,0.7,0.9007384005021898,0.95
1,2025-02-05,10,Wednesday,global_popularity,1000,102,259,0.3938223938223938,Midday,Weekday,0.7106591359316943,0.6,0.7612956432183389,0.6,0.8586537226850721,0.85
1,2025-02-05,10,Wednesday,zone_hour_profile,1000,102,259,0.3938223938223938,Midday,Weekday,0.7788840783020571,0.6,0.859807558775896,0.8,0.903655674447746,0.9
1,2025-02-05,10,Wednesday,same_hour_last_week,1000,102,259,0.3938223938223938,Midday,Weekday,0.7816471521881089,0.6,0.8655219948168215,0.8,0.9066781974337583,0.9
1,2025-02-05,10,Wednesday,trailing_4_week_profile,1000,102,259,0.3938223938223938,Midday,Weekday,0.7816471521881089,0.6,0.7858258978381625,0.7,0.9007384005021898,0.95
1,2025-02-05,11,Wednesday,global_popularity,500,138,259,0.5328185328185329,Midday,Weekday,0.7626645843944017,0.8,0.8005770130428561,0.7,0.878650154016317,0.85
1,2025-02-05,11,Wednesday,zone_hour_profile,500,138,259,0.5328185328185329,Midday,Weekday,0.7794152147965752,0.6,0.7923236629343318,0.8,0.8837764795093276,0.85
1,2025-02-05,11,Wednesday,same_hour_last_week,500,138,259,0.5328185328185329,Midday,Weekday,0.7794152147965752,0.6,0.7780393718287221,0.8,0.864116494152713,0.9
1,2025-02-05,11,Wednesday,trailing_4_week_profile,500,138,259,0.5328185328185329,Midday,Weekday,0.7794152147965752,0.6,0.7882227176568845,0.8,0.8633618554911412,0.9
1,2025-02-05,11,Wednesday,global_popularity,1000,102,259,0.3938223938223938,Midday,Weekday,0.7626645843944017,0.8,0.8005770130428561,0.7,0.878650154016317,0.85
1,2025-02-05,11,Wednesday,zone_hour_profile,1000,102,259,0.3938223938223938,Midday,Weekday,0.7794152147965752,0.6,0.7923236629343318,0.8,0.8837764795093276,0.85
1,2025-02-05,11,Wednesday,same_hour_last_week,1000,102,259,0.3938223938223938,Midday,Weekday,0.7794152147965752,0.6,0.7780393718287221,0.8,0.864116494152713,0.9
1,2025-02-05,11,Wednesday,trailing_4_week_profile,1000,102,259,0.3938223938223938,Midday,Weekday,0.7794152147965752,0.6,0.7882227176568845,0.8,0.8633618554911412,0.9
1,2025-02-05,12,Wednesday,global_popularity,500,138,259,0.5328185328185329,Midday,Weekday,0.833392068888291,0.8,0.8412084146547634,0.7,0.8979733722058475,0.85
1,2025-02-05,12,Wednesday,zone_hour_profile,500,138,259,0.5328185328185329,Midday,Weekday,0.7340594093458149,0.6,0.8082814641459495,0.8,0.8929623327623774,0.95
1,2025-02-05,12,Wednesday,same_hour_last_week,500,138,259,0.5328185328185329,Midday,Weekday,0.7128806258162508,0.6,0.7889983816727146,0.7,0.8835757726537592,0.95
1,2025-02-05,12,Wednesday,trailing_4_week_profile,500,138,259,0.5328185328185329,Midday,Weekday,0.7128806258162508,0.6,0.7536638480941218,0.7,0.882933202228332,0.95
1,2025-02-05,12,Wednesday,global_popularity,1000,102,259,0.3938223938223938,Midday,Weekday,0.833392068888291,0.8,0.8412084146547634,0.7,0.8979733722058475,0.85
1,2025-02-05,12,Wednesday,zone_hour_profile,1000,102,259,0.3938223938223938,Midday,Weekday,0.7340594093458149,0.6,0.8082814641459495,0.8,0.8929623327623774,0.95
1,2025-02-05,12,Wednesday,same_hour_last_week,1000,102,259,0.3938223938223938,Midday,Weekday,0.7128806258162508,0.6,0.7889983816727146,0.7,0.8835757726537592,0.95
1,2025-02-05,12,Wednesday,trailing_4_week_profile,1000,102,259,0.3938223938223938,Midday,Weekday,0.7128806258162508,0.6,0.7536638480941218,0.7,0.882933202228332,0.95
1,2025-02-05,13,Wednesday,global_popularity,500,138,259,0.5328185328185329,Midday,Weekday,0.8325914936723278,0.8,0.8314190065313442,0.7,0.9034931497232122,0.85
1,2025-02-05,13,Wednesday,zone_hour_profile,500,138,259,0.5328185328185329,Midday,Weekday,0.7356768335499121,0.6,0.8081179980768952,0.7,0.8993396343750549,0.95
1,2025-02-05,13,Wednesday,same_hour_last_week,500,138,259,0.5328185328185329,Midday,Weekday,0.720633833911563,0.6,0.767550799087922,0.7,0.8936651042368494,0.95
1,2025-02-05,13,Wednesday,trailing_4_week_profile,500,138,259,0.5328185328185329,Midday,Weekday,0.7356768335499121,0.6,0.7568270743929741,0.6,0.8960633539811678,0.95
1,2025-02-05,13,Wednesday,global_popularity,1000,102,259,0.3938223938223938,Midday,Weekday,0.8325914936723278,0.8,0.8314190065313442,0.7,0.9034931497232122,0.85
1,2025-02-05,13,Wednesday,zone_hour_profile,1000,102,259,0.3938223938223938,Midday,Weekday,0.7356768335499121,0.6,0.8081179980768952,0.7,0.8993396343750549,0.95
1,2025-02-05,13,Wednesday,same_hour_last_week,1000,102,259,0.3938223938223938,Midday,Weekday,0.720633833911563,0.6,0.767550799087922,0.7,0.8936651042368494,0.95
1,2025-02-05,13,Wednesday,trailing_4_week_profile,1000,102,259,0.3938223938223938,Midday,Weekday,0.7356768335499121,0.6,0.7568270743929741,0.6,0.8960633539811678,0.95
1,2025-02-05,14,Wednesday,global_popularity,500,138,259,0.5328185328185329,Midday,Weekday,0.7283836449798531,0.8,0.7450973933082313,0.6,0.8447490815527328,0.85
1,2025-02-05,14,Wednesday,zone_hour_profile,500,138,259,0.5328185328185329,Midday,Weekday,0.7430588036114286,0.8,0.8555756453578387,0.9,0.8773365267302461,0.85
1,2025-02-05,14,Wednesday,same_hour_last_week,500,138,259,0.5328185328185329,Midday,Weekday,0.6185279534888868,0.6,0.7276405140281774,0.7,0.8320521518632128,0.85
1,2025-02-05,14,Wednesday,trailing_4_week_profile,500,138,259,0.5328185328185329,Midday,Weekday,0.6238707873635522,0.6,0.8158282523163636,0.9,0.8434511892037247,0.85
1,2025-02-05,14,Wednesday,global_popularity,1000,102,259,0.3938223938223938,Midday,Weekday,0.7283836449798531,0.8,0.7450973933082313,0.6,0.8447490815527328,0.85
1,2025-02-05,14,Wednesday,zone_hour_profile,1000,102,259,0.3938223938223938,Midday,Weekday,0.7430588036114286,0.8,0.8555756453578387,0.9,0.8773365267302461,0.85
1,2025-02-05,14,Wednesday,same_hour_last_week,1000,102,259,0.3938223938223938,Midday,Weekday,0.6185279534888868,0.6,0.7276405140281774,0.7,0.8320521518632128,0.85
1,2025-02-05,14,Wednesday,trailing_4_week_profile,1000,102,259,0.3938223938223938,Midday,Weekday,0.6238707873635522,0.6,0.8158282523163636,0.9,0.8434511892037247,0.85
1,2025-02-05,15,Wednesday,global_popularity,500,138,259,0.5328185328185329,Midday,Weekday,0.7840215349293305,0.8,0.800875446094714,0.7,0.8706900405452795,0.85
1,2025-02-05,15,Wednesday,zone_hour_profile,500,138,259,0.5328185328185329,Midday,Weekday,0.8419512964726725,0.8,0.8410785361236863,0.8,0.912075774657584,0.95
1,2025-02-05,15,Wednesday,same_hour_last_week,500,138,259,0.5328185328185329,Midday,Weekday,0.9030290255925078,0.8,0.8930932416854592,0.8,0.9489689613691952,0.95
1,2025-02-05,15,Wednesday,trailing_4_week_profile,500,138,259,0.5328185328185329,Midday,Weekday,0.8419512964726725,0.8,0.8413588101588424,0.8,0.9106559551473482,0.95
1,2025-02-05,15,Wednesday,global_popularity,1000,102,259,0.3938223938223938,Midday,Weekday,0.7840215349293305,0.8,0.800875446094714,0.7,0.8706900405452795,0.85
1,2025-02-05,15,Wednesday,zone_hour_profile,1000,102,259,0.3938223938223938,Midday,Weekday,0.8419512964726725,0.8,0.8410785361236863,0.8,0.912075774657584,0.95
1,2025-02-05,15,Wednesday,same_hour_last_week,1000,102,259,0.3938223938223938,Midday,Weekday,0.9030290255925078,0.8,0.8930932416854592,0.8,0.9489689613691952,0.95
1,2025-02-05,15,Wednesday,trailing_4_week_profile,1000,102,259,0.3938223938223938,Midday,Weekday,0.8419512964726725,0.8,0.8413588101588424,0.8,0.9106559551473482,0.95
1,2025-02-05,16,Wednesday,global_popularity,500,138,259,0.5328185328185329,Evening,Weekday,0.7913569386032276,0.8,0.7871193776934744,0.6,0.8475714538015579,0.85
1,2025-02-05,16,Wednesday,zone_hour_profile,500,138,259,0.5328185328185329,Evening,Weekday,0.8455563591789653,0.8,0.8559875477458523,0.9,0.9024024146428573,0.85
1,2025-02-05,16,Wednesday,same_hour_last_week,500,138,259,0.5328185328185329,Evening,Weekday,0.885158568454957,0.8,0.8895474446579381,0.9,0.9287811329498544,0.85
1,2025-02-05,16,Wednesday,trailing_4_week_profile,500,138,259,0.5328185328185329,Evening,Weekday,0.8237956770752117,0.8,0.8410467303650684,0.9,0.8863158254777408,0.85
1,2025-02-05,16,Wednesday,global_popularity,1000,102,259,0.3938223938223938,Evening,Weekday,0.7913569386032276,0.8,0.7871193776934744,0.6,0.8475714538015579,0.85
1,2025-02-05,16,Wednesday,zone_hour_profile,1000,102,259,0.3938223938223938,Evening,Weekday,0.8455563591789653,0.8,0.8559875477458523,0.9,0.9024024146428573,0.85
1,2025-02-05,16,Wednesday,same_hour_last_week,1000,102,259,0.3938223938223938,Evening,Weekday,0.885158568454957,0.8,0.8895474446579381,0.9,0.9287811329498544,0.85
1,2025-02-05,16,Wednesday,trailing_4_week_profile,1000,102,259,0.3938223938223938,Evening,Weekday,0.8237956770752117,0.8,0.8410467303650684,0.9,0.8863158254777408,0.85
1,2025-02-05,17,Wednesday,global_popularity,500,138,259,0.5328185328185329,Evening,Weekday,0.7841678158091139,0.6,0.8090823172852986,0.6,0.8654769125240506,0.85
1,2025-02-05,17,Wednesday,zone_hour_profile,500,138,259,0.5328185328185329,Evening,Weekday,0.9070294100799258,0.8,0.914013847687863,0.9,0.9371552759144998,0.9
1,2025-02-05,17,Wednesday,same_hour_last_week,500,138,259,0.5328185328185329,Evening,Weekday,0.9186395624438106,0.8,0.9230583450471915,0.9,0.9449831448108169,0.9
1,2025-02-05,17,Wednesday,trailing_4_week_profile,500,138,259,0.5328185328185329,Evening,Weekday,0.7994876910548603,0.6,0.9017568320307913,0.9,0.926500845546868,0.9
1,2025-02-05,17,Wednesday,global_popularity,1000,102,259,0.3938223938223938,Evening,Weekday,0.7841678158091139,0.6,0.8090823172852986,0.6,0.8654769125240506,0.85
1,2025-02-05,17,Wednesday,zone_hour_profile,1000,102,259,0.3938223938223938,Evening,Weekday,0.9070294100799258,0.8,0.914013847687863,0.9,0.9371552759144998,0.9
1,2025-02-05,17,Wednesday,same_hour_last_week,1000,102,259,0.3938223938223938,Evening,Weekday,0.9186395624438106,0.8,0.9230583450471915,0.9,0.9449831448108169,0.9
1,2025-02-05,17,Wednesday,trailing_4_week_profile,1000,102,259,0.3938223938223938,Evening,Weekday,0.7994876910548603,0.6,0.9017568320307913,0.9,0.926500845546868,0.9
1,2025-02-05,18,Wednesday,global_popularity,500,138,259,0.5328185328185329,Evening,Weekday,0.7868923327890777,0.6,0.816324113970995,0.7,0.8899112599840008,0.85
1,2025-02-05,18,Wednesday,zone_hour_profile,500,138,259,0.5328185328185329,Evening,Weekday,0.8202517339569121,0.6,0.9021000372336232,0.9,0.9400764303790364,0.9
1,2025-02-05,18,Wednesday,same_hour_last_week,500,138,259,0.5328185328185329,Evening,Weekday,0.8156257401725413,0.6,0.9042044961841481,0.9,0.945405077737716,0.95
1,2025-02-05,18,Wednesday,trailing_4_week_profile,500,138,259,0.5328185328185329,Evening,Weekday,0.8202517339569121,0.6,0.838472614308185,0.8,0.9388548873920305,0.95
1,2025-02-05,18,Wednesday,global_popularity,1000,102,259,0.3938223938223938,Evening,Weekday,0.7868923327890777,0.6,0.816324113970995,0.7,0.8899112599840008,0.85
1,2025-02-05,18,Wednesday,zone_hour_profile,1000,102,259,0.3938223938223938,Evening,Weekday,0.8202517339569121,0.6,0.9021000372336232,0.9,0.9400764303790364,0.9
1,2025-02-05,18,Wednesday,same_hour_last_week,1000,102,259,0.3938223938223938,Evening,Weekday,0.8156257401725413,0.6,0.9042044961841481,0.9,0.945405077737716,0.95
1,2025-02-05,18,Wednesday,trailing_4_week_profile,1000,102,259,0.3938223938223938,Evening,Weekday,0.8202517339569121,0.6,0.838472614308185,0.8,0.9388548873920305,0.95
1,2025-02-05,19,Wednesday,global_popularity,500,138,259,0.5328185328185329,Evening,Weekday,0.690628104840315,0.6,0.7382961181511604,0.7,0.8237375621937205,0.9
1,2025-02-05,19,Wednesday,zone_hour_profile,500,138,259,0.5328185328185329,Evening,Weekday,0.8070723829309701,0.8,0.8264331473538292,0.8,0.8897123961132547,0.9
1,2025-02-05,19,Wednesday,same_hour_last_week,500,138,259,0.5328185328185329,Evening,Weekday,0.8095454398069007,0.8,0.8293385828699561,0.9,0.8862296383249924,0.9
1,2025-02-05,19,Wednesday,trailing_4_week_profile,500,138,259,0.5328185328185329,Evening,Weekday,0.7921558230605348,0.8,0.8190144601772207,0.8,0.8797147831713812,0.9
1,2025-02-05,19,Wednesday,global_popularity,1000,102,259,0.3938223938223938,Evening,Weekday,0.690628104840315,0.6,0.7382961181511604,0.7,0.8237375621937205,0.9
1,2025-02-05,19,Wednesday,zone_hour_profile,1000,102,259,0.3938223938223938,Evening,Weekday,0.8070723829309701,0.8,0.8264331473538292,0.8,0.8897123961132547,0.9
1,2025-02-05,19,Wednesday,same_hour_last_week,1000,102,259,0.3938223938223938,Evening,Weekday,0.8095454398069007,0.8,0.8293385828699561,0.9,0.8862296383249924,0.9
1,2025-02-05,19,Wednesday,trailing_4_week_profile,1000,102,259,0.3938223938223938,Evening,Weekday,0.7921558230605348,0.8,0.8190144601772207,0.8,0.8797147831713812,0.9
1,2025-02-05,20,Wednesday,global_popularity,500,138,259,0.5328185328185329,Evening,Weekday,0.7267412952670691,0.6,0.7530157031201404,0.7,0.8388756684833589,0.85
1,2025-02-05,20,Wednesday,zone_hour_profile,500,138,259,0.5328185328185329,Evening,Weekday,0.848953818597791,0.8,0.8591591365369727,0.8,0.9160121011874408,0.9
1,2025-02-05,20,Wednesday,same_hour_last_week,500,138,259,0.5328185328185329,Evening,Weekday,0.8437106812236174,0.8,0.8540852501636329,0.8,0.9107620134008446,0.9
1,2025-02-05,20,Wednesday,trailing_4_week_profile,500,138,259,0.5328185328185329,Evening,Weekday,0.7288187528096878,0.6,0.8424194546799473,0.8,0.898929756885881,0.9
1,2025-02-05,20,Wednesday,global_popularity,1000,102,259,0.3938223938223938,Evening,Weekday,0.7267412952670691,0.6,0.7530157031201404,0.7,0.8388756684833589,0.85
1,2025-02-05,20,Wednesday,zone_hour_profile,1000,102,259,0.3938223938223938,Evening,Weekday,0.848953818597791,0.8,0.8591591365369727,0.8,0.9160121011874408,0.9
1,2025-02-05,20,Wednesday,same_hour_last_week,1000,102,259,0.3938223938223938,Evening,Weekday,0.8437106812236174,0.8,0.8540852501636329,0.8,0.9107620134008446,0.9
1,2025-02-05,20,Wednesday,trailing_4_week_profile,1000,102,259,0.3938223938223938,Evening,Weekday,0.7288187528096878,0.6,0.8424194546799473,0.8,0.898929756885881,0.9
1,2025-02-05,21,Wednesday,global_popularity,500,138,259,0.5328185328185329,Late evening,Weekday,0.6702867958873764,0.6,0.736556429379542,0.8,0.8284182017989236,0.8
1,2025-02-05,21,Wednesday,zone_hour_profile,500,138,259,0.5328185328185329,Late evening,Weekday,0.8480282556006766,0.8,0.8656392856891798,0.8,0.9214816512434149,0.85
1,2025-02-05,21,Wednesday,same_hour_last_week,500,138,259,0.5328185328185329,Late evening,Weekday,0.7305330805008087,0.6,0.8423950983702005,0.8,0.9054588296867266,0.9
1,2025-02-05,21,Wednesday,trailing_4_week_profile,500,138,259,0.5328185328185329,Late evening,Weekday,0.7578344658422757,0.6,0.8515578644686989,0.8,0.9100002319747644,0.85
1,2025-02-05,21,Wednesday,global_popularity,1000,102,259,0.3938223938223938,Late evening,Weekday,0.6702867958873764,0.6,0.736556429379542,0.8,0.8284182017989236,0.8
1,2025-02-05,21,Wednesday,zone_hour_profile,1000,102,259,0.3938223938223938,Late evening,Weekday,0.8480282556006766,0.8,0.8656392856891798,0.8,0.9214816512434149,0.85
1,2025-02-05,21,Wednesday,same_hour_last_week,1000,102,259,0.3938223938223938,Late evening,Weekday,0.7305330805008087,0.6,0.8423950983702005,0.8,0.9054588296867266,0.9
1,2025-02-05,21,Wednesday,trailing_4_week_profile,1000,102,259,0.3938223938223938,Late evening,Weekday,0.7578344658422757,0.6,0.8515578644686989,0.8,0.9100002319747644,0.85
1,2025-02-05,22,Wednesday,global_popularity,500,138,259,0.5328185328185329,Late evening,Weekday,0.6708169207571512,0.6,0.716743721815453,0.6,0.8125952148745476,0.8
1,2025-02-05,22,Wednesday,zone_hour_profile,500,138,259,0.5328185328185329,Late evening,Weekday,0.9180302867436143,0.6,0.9410178192493552,0.8,0.9723655928713009,0.95
1,2025-02-05,22,Wednesday,same_hour_last_week,500,138,259,0.5328185328185329,Late evening,Weekday,0.8537155031712547,0.6,0.8443224548467432,0.6,0.9409509852652665,0.95
1,2025-02-05,22,Wednesday,trailing_4_week_profile,500,138,259,0.5328185328185329,Late evening,Weekday,0.8714704746038276,0.6,0.9087121568725511,0.7,0.9599878545781636,0.95
1,2025-02-05,22,Wednesday,global_popularity,1000,102,259,0.3938223938223938,Late evening,Weekday,0.6708169207571512,0.6,0.716743721815453,0.6,0.8125952148745476,0.8
1,2025-02-05,22,Wednesday,zone_hour_profile,1000,102,259,0.3938223938223938,Late evening,Weekday,0.9180302867436143,0.6,0.9410178192493552,0.8,0.9723655928713009,0.95
1,2025-02-05,22,Wednesday,same_hour_last_week,1000,102,259,0.3938223938223938,Late evening,Weekday,0.8537155031712547,0.6,0.8443224548467432,0.6,0.9409509852652665,0.95
1,2025-02-05,22,Wednesday,trailing_4_week_profile,1000,102,259,0.3938223938223938,Late evening,Weekday,0.8714704746038276,0.6,0.9087121568725511,0.7,0.9599878545781636,0.95
1,2025-02-05,23,Wednesday,global_popularity,500,138,259,0.5328185328185329,Late evening,Weekday,0.5086000664478965,0.6,0.5395225774332743,0.4,0.689781499452119,0.8
1,2025-02-05,23,Wednesday,zone_hour_profile,500,138,259,0.5328185328185329,Late evening,Weekday,0.9477162254232443,0.8,0.9472889497864094,0.7,0.9751607538920674,0.95
1,2025-02-05,23,Wednesday,same_hour_last_week,500,138,259,0.5328185328185329,Late evening,Weekday,0.7621101589835215,0.6,0.8435372722737629,0.8,0.8789826800942129,0.9
1,2025-02-05,23,Wednesday,trailing_4_week_profile,500,138,259,0.5328185328185329,Late evening,Weekday,0.8304136569414146,0.8,0.8568661015241271,0.8,0.8935549903837201,0.95
1,2025-02-05,23,Wednesday,global_popularity,1000,102,259,0.3938223938223938,Late evening,Weekday,0.5086000664478965,0.6,0.5395225774332743,0.4,0.689781499452119,0.8
1,2025-02-05,23,Wednesday,zone_hour_profile,1000,102,259,0.3938223938223938,Late evening,Weekday,0.9477162254232443,0.8,0.9472889497864094,0.7,0.9751607538920674,0.95
1,2025-02-05,23,Wednesday,same_hour_last_week,1000,102,259,0.3938223938223938,Late evening,Weekday,0.7621101589835215,0.6,0.8435372722737629,0.8,0.8789826800942129,0.9
1,2025-02-05,23,Wednesday,trailing_4_week_profile,1000,102,259,0.3938223938223938,Late evening,Weekday,0.8304136569414146,0.8,0.8568661015241271,0.8,0.8935549903837201,0.95
1,2025-02-06,0,Thursday,global_popularity,500,138,259,0.5328185328185329,Overnight,Weekday,0.5558954082949823,0.4,0.577195917861729,0.5,0.6799920468230066,0.75
1,2025-02-06,0,Thursday,zone_hour_profile,500,138,259,0.5328185328185329,Overnight,Weekday,0.96778848988277,0.6,0.9795532229591295,0.8,0.9813562666238191,0.85
1,2025-02-06,0,Thursday,same_hour_last_week,500,138,259,0.5328185328185329,Overnight,Weekday,0.969771341962041,0.6,0.9633331370502117,0.7,0.9723106470736692,0.8
1,2025-02-06,0,Thursday,trailing_4_week_profile,500,138,259,0.5328185328185329,Overnight,Weekday,0.9778663693493964,0.6,0.9786493167356258,0.8,0.9796695100821385,0.85
1,2025-02-06,0,Thursday,global_popularity,1000,102,259,0.3938223938223938,Overnight,Weekday,0.5558954082949823,0.4,0.577195917861729,0.5,0.6799920468230066,0.75
1,2025-02-06,0,Thursday,zone_hour_profile,1000,102,259,0.3938223938223938,Overnight,Weekday,0.96778848988277,0.6,0.9795532229591295,0.8,0.9813562666238191,0.85
1,2025-02-06,0,Thursday,same_hour_last_week,1000,102,259,0.3938223938223938,Overnight,Weekday,0.969771341962041,0.6,0.9633331370502117,0.7,0.9723106470736692,0.8
1,2025-02-06,0,Thursday,trailing_4_week_profile,1000,102,259,0.3938223938223938,Overnight,Weekday,0.9778663693493964,0.6,0.9786493167356258,0.8,0.9796695100821385,0.85
1,2025-02-06,1,Thursday,global_popularity,500,138,259,0.5328185328185329,Overnight,Weekday,0.5580685286288627,0.4,0.5573134223682492,0.3,0.6540190996593693,0.6
1,2025-02-06,1,Thursday,zone_hour_profile,500,138,259,0.5328185328185329,Overnight,Weekday,0.9262938528083621,0.8,0.9174105037369711,0.7,0.9463999963177567,0.95
1,2025-02-06,1,Thursday,same_hour_last_week,500,138,259,0.5328185328185329,Overnight,Weekday,0.7348880884462594,0.2,0.8310087010941397,0.6,0.8827369229387841,0.85
1,2025-02-06,1,Thursday,trailing_4_week_profile,500,138,259,0.5328185328185329,Overnight,Weekday,0.9265346101754636,0.8,0.9175808946291647,0.7,0.946854637615727,0.95
1,2025-02-06,1,Thursday,global_popularity,1000,102,259,0.3938223938223938,Overnight,Weekday,0.5580685286288627,0.4,0.5573134223682492,0.3,0.6540190996593693,0.6
1,2025-02-06,1,Thursday,zone_hour_profile,1000,102,259,0.3938223938223938,Overnight,Weekday,0.9262938528083621,0.8,0.9174105037369711,0.7,0.9463999963177567,0.95
1,2025-02-06,1,Thursday,same_hour_last_week,1000,102,259,0.3938223938223938,Overnight,Weekday,0.7348880884462594,0.2,0.8310087010941397,0.6,0.8827369229387841,0.85
1,2025-02-06,1,Thursday,trailing_4_week_profile,1000,102,259,0.3938223938223938,Overnight,Weekday,0.9265346101754636,0.8,0.9175808946291647,0.7,0.946854637615727,0.95
1,2025-02-06,2,Thursday,global_popularity,500,138,259,0.5328185328185329,Overnight,Weekday,0.2740632587734959,0.2,0.31293670582932787,0.2,0.49667200016615015,0.55
1,2025-02-06,2,Thursday,zone_hour_profile,500,138,259,0.5328185328185329,Overnight,Weekday,0.8131113992007726,0.4,0.7570830129463078,0.5,0.8339027251222407,0.7
1,2025-02-06,2,Thursday,same_hour_last_week,500,138,259,0.5328185328185329,Overnight,Weekday,0.6286160502202991,0.2,0.740266051837686,0.5,0.8403406602035766,0.75
1,2025-02-06,2,Thursday,trailing_4_week_profile,500,138,259,0.5328185328185329,Overnight,Weekday,0.818540390661254,0.4,0.8288721639128136,0.6,0.8952150844788008,0.75
1,2025-02-06,2,Thursday,global_popularity,1000,102,259,0.3938223938223938,Overnight,Weekday,0.2740632587734959,0.2,0.31293670582932787,0.2,0.49667200016615015,0.55
1,2025-02-06,2,Thursday,zone_hour_profile,1000,102,259,0.3938223938223938,Overnight,Weekday,0.8131113992007726,0.4,0.7570830129463078,0.5,0.8339027251222407,0.7
1,2025-02-06,2,Thursday,same_hour_last_week,1000,102,259,0.3938223938223938,Overnight,Weekday,0.6286160502202991,0.2,0.740266051837686,0.5,0.8403406602035766,0.75
1,2025-02-06,2,Thursday,trailing_4_week_profile,1000,102,259,0.3938223938223938,Overnight,Weekday,0.818540390661254,0.4,0.8288721639128136,0.6,0.8952150844788008,0.75
1,2025-02-06,3,Thursday,global_popularity,500,138,259,0.5328185328185329,Overnight,Weekday,0.2633130226072582,0.2,0.27364936423857467,0.2,0.44249711377466683,0.55
1,2025-02-06,3,Thursday,zone_hour_profile,500,138,259,0.5328185328185329,Overnight,Weekday,0.6161365627753316,0.4,0.7281341405496017,0.4,0.7990507717797587,0.75
1,2025-02-06,3,Thursday,same_hour_last_week,500,138,259,0.5328185328185329,Overnight,Weekday,0.902444840693206,0.6,0.9060799326343172,0.7,0.8948275749072889,0.75
1,2025-02-06,3,Thursday,trailing_4_week_profile,500,138,259,0.5328185328185329,Overnight,Weekday,0.7239921312278392,0.6,0.7964768258607305,0.5,0.8465378771797144,0.8
1,2025-02-06,3,Thursday,global_popularity,1000,102,259,0.3938223938223938,Overnight,Weekday,0.2633130226072582,0.2,0.27364936423857467,0.2,0.44249711377466683,0.55
1,2025-02-06,3,Thursday,zone_hour_profile,1000,102,259,0.3938223938223938,Overnight,Weekday,0.6161365627753316,0.4,0.7281341405496017,0.4,0.7990507717797587,0.75
1,2025-02-06,3,Thursday,same_hour_last_week,1000,102,259,0.3938223938223938,Overnight,Weekday,0.902444840693206,0.6,0.9060799326343172,0.7,0.8948275749072889,0.75
1,2025-02-06,3,Thursday,trailing_4_week_profile,1000,102,259,0.3938223938223938,Overnight,Weekday,0.7239921312278392,0.6,0.7964768258607305,0.5,0.8465378771797144,0.8
1,2025-02-06,4,Thursday,global_popularity,500,138,259,0.5328185328185329,Overnight,Weekday,0.4978184981799098,0.6,0.5210673095722251,0.5,0.573074750959827,0.5
1,2025-02-06,4,Thursday,zone_hour_profile,500,138,259,0.5328185328185329,Overnight,Weekday,0.8973340669863458,0.6,0.8793649168429791,0.4,0.8764655350523248,0.6
1,2025-02-06,4,Thursday,same_hour_last_week,500,138,259,0.5328185328185329,Overnight,Weekday,0.7675613417052658,0.6,0.7446238842176606,0.5,0.7871894792022581,0.75
1,2025-02-06,4,Thursday,trailing_4_week_profile,500,138,259,0.5328185328185329,Overnight,Weekday,0.9401085942469599,0.6,0.9015892580103004,0.4,0.8989881267163323,0.6
1,2025-02-06,4,Thursday,global_popularity,1000,102,259,0.3938223938223938,Overnight,Weekday,0.4978184981799098,0.6,0.5210673095722251,0.5,0.573074750959827,0.5
1,2025-02-06,4,Thursday,zone_hour_profile,1000,102,259,0.3938223938223938,Overnight,Weekday,0.8973340669863458,0.6,0.8793649168429791,0.4,0.8764655350523248,0.6
1,2025-02-06,4,Thursday,same_hour_last_week,1000,102,259,0.3938223938223938,Overnight,Weekday,0.7675613417052658,0.6,0.7446238842176606,0.5,0.7871894792022581,0.75
1,2025-02-06,4,Thursday,trailing_4_week_profile,1000,102,259,0.3938223938223938,Overnight,Weekday,0.9401085942469599,0.6,0.9015892580103004,0.4,0.8989881267163323,0.6
1,2025-02-06,5,Thursday,global_popularity,500,138,259,0.5328185328185329,Overnight,Weekday,0.481747074644771,0.4,0.5533703134595865,0.6,0.602434716652511,0.65
1,2025-02-06,5,Thursday,zone_hour_profile,500,138,259,0.5328185328185329,Overnight,Weekday,0.9910500151885566,0.8,0.9792595618771902,0.6,0.9702846728408324,0.75
1,2025-02-06,5,Thursday,same_hour_last_week,500,138,259,0.5328185328185329,Overnight,Weekday,0.9796081903384054,0.8,0.9549866660796085,0.5,0.9716796521863651,0.8
1,2025-02-06,5,Thursday,trailing_4_week_profile,500,138,259,0.5328185328185329,Overnight,Weekday,0.9910500151885566,0.8,0.9606224455535937,0.5,0.9725263815263334,0.8
1,2025-02-06,5,Thursday,global_popularity,1000,102,259,0.3938223938223938,Overnight,Weekday,0.481747074644771,0.4,0.5533703134595865,0.6,0.602434716652511,0.65
1,2025-02-06,5,Thursday,zone_hour_profile,1000,102,259,0.3938223938223938,Overnight,Weekday,0.9910500151885566,0.8,0.9792595618771902,0.6,0.9702846728408324,0.75
1,2025-02-06,5,Thursday,same_hour_last_week,1000,102,259,0.3938223938223938,Overnight,Weekday,0.9796081903384054,0.8,0.9549866660796085,0.5,0.9716796521863651,0.8
1,2025-02-06,5,Thursday,trailing_4_week_profile,1000,102,259,0.3938223938223938,Overnight,Weekday,0.9910500151885566,0.8,0.9606224455535937,0.5,0.9725263815263334,0.8
1,2025-02-06,6,Thursday,global_popularity,500,138,259,0.5328185328185329,Morning,Weekday,0.5326051399276981,0.4,0.5797358431395494,0.5,0.6128539389788173,0.65
1,2025-02-06,6,Thursday,zone_hour_profile,500,138,259,0.5328185328185329,Morning,Weekday,0.9843051405904512,0.8,0.9814026567224716,0.8,0.9884311696419354,0.9
1,2025-02-06,6,Thursday,same_hour_last_week,500,138,259,0.5328185328185329,Morning,Weekday,0.8101952283945173,0.8,0.8366689687975796,0.8,0.8535633704724604,0.85
1,2025-02-06,6,Thursday,trailing_4_week_profile,500,138,259,0.5328185328185329,Morning,Weekday,0.8070541459564898,0.8,0.83185048852974,0.8,0.8590352979400715,0.9
1,2025-02-06,6,Thursday,global_popularity,1000,102,259,0.3938223938223938,Morning,Weekday,0.5326051399276981,0.4,0.5797358431395494,0.5,0.6128539389788173,0.65
1,2025-02-06,6,Thursday,zone_hour_profile,1000,102,259,0.3938223938223938,Morning,Weekday,0.9843051405904512,0.8,0.9814026567224716,0.8,0.9884311696419354,0.9
1,2025-02-06,6,Thursday,same_hour_last_week,1000,102,259,0.3938223938223938,Morning,Weekday,0.8101952283945173,0.8,0.8366689687975796,0.8,0.8535633704724604,0.85
1,2025-02-06,6,Thursday,trailing_4_week_profile,1000,102,259,0.3938223938223938,Morning,Weekday,0.8070541459564898,0.8,0.83185048852974,0.8,0.8590352979400715,0.9
1,2025-02-06,7,Thursday,global_popularity,500,138,259,0.5328185328185329,Morning,Weekday,0.7447622333091628,0.6,0.7888435884568238,0.6,0.7898805849559638,0.7
1,2025-02-06,7,Thursday,zone_hour_profile,500,138,259,0.5328185328185329,Morning,Weekday,0.768421848194394,0.6,0.8935652064524344,0.8,0.9219073834677581,0.95
1,2025-02-06,7,Thursday,same_hour_last_week,500,138,259,0.5328185328185329,Morning,Weekday,0.7538696332643918,0.6,0.8138503176924525,0.8,0.8972631608941248,0.9
1,2025-02-06,7,Thursday,trailing_4_week_profile,500,138,259,0.5328185328185329,Morning,Weekday,0.768421848194394,0.6,0.8182964177066349,0.9,0.8982270669283934,0.9
1,2025-02-06,7,Thursday,global_popularity,1000,102,259,0.3938223938223938,Morning,Weekday,0.7447622333091628,0.6,0.7888435884568238,0.6,0.7898805849559638,0.7
1,2025-02-06,7,Thursday,zone_hour_profile,1000,102,259,0.3938223938223938,Morning,Weekday,0.768421848194394,0.6,0.8935652064524344,0.8,0.9219073834677581,0.95
1,2025-02-06,7,Thursday,same_hour_last_week,1000,102,259,0.3938223938223938,Morning,Weekday,0.7538696332643918,0.6,0.8138503176924525,0.8,0.8972631608941248,0.9
1,2025-02-06,7,Thursday,trailing_4_week_profile,1000,102,259,0.3938223938223938,Morning,Weekday,0.768421848194394,0.6,0.8182964177066349,0.9,0.8982270669283934,0.9
1,2025-02-06,8,Thursday,global_popularity,500,138,259,0.5328185328185329,Morning,Weekday,0.7936247187194316,0.6,0.8272961820400394,0.7,0.8636733740394298,0.75
1,2025-02-06,8,Thursday,zone_hour_profile,500,138,259,0.5328185328185329,Morning,Weekday,0.9428566279770003,0.6,0.9529993829532131,0.8,0.9704464651135505,0.9
1,2025-02-06,8,Thursday,same_hour_last_week,500,138,259,0.5328185328185329,Morning,Weekday,0.93856687171744,0.6,0.9318882303075997,0.7,0.9470872760263113,0.9
1,2025-02-06,8,Thursday,trailing_4_week_profile,500,138,259,0.5328185328185329,Morning,Weekday,0.9428993705838608,0.6,0.9524449374003927,0.8,0.9491823971099698,0.9
1,2025-02-06,8,Thursday,global_popularity,1000,102,259,0.3938223938223938,Morning,Weekday,0.7936247187194316,0.6,0.8272961820400394,0.7,0.8636733740394298,0.75
1,2025-02-06,8,Thursday,zone_hour_profile,1000,102,259,0.3938223938223938,Morning,Weekday,0.9428566279770003,0.6,0.9529993829532131,0.8,0.9704464651135505,0.9
1,2025-02-06,8,Thursday,same_hour_last_week,1000,102,259,0.3938223938223938,Morning,Weekday,0.93856687171744,0.6,0.9318882303075997,0.7,0.9470872760263113,0.9
1,2025-02-06,8,Thursday,trailing_4_week_profile,1000,102,259,0.3938223938223938,Morning,Weekday,0.9428993705838608,0.6,0.9524449374003927,0.8,0.9491823971099698,0.9
1,2025-02-06,9,Thursday,global_popularity,500,138,259,0.5328185328185329,Morning,Weekday,0.8764629310900799,0.6,0.9018028001042029,0.7,0.914614373045999,0.8
1,2025-02-06,9,Thursday,zone_hour_profile,500,138,259,0.5328185328185329,Morning,Weekday,0.9821815824294806,0.6,0.9807575982096096,0.8,0.9804922319954087,0.9
1,2025-02-06,9,Thursday,same_hour_last_week,500,138,259,0.5328185328185329,Morning,Weekday,0.9699548679848697,0.6,0.9708088552416102,0.8,0.9523683007225501,0.8
1,2025-02-06,9,Thursday,trailing_4_week_profile,500,138,259,0.5328185328185329,Morning,Weekday,0.9821815824294806,0.6,0.9807575982096096,0.8,0.9653200078601671,0.85
1,2025-02-06,9,Thursday,global_popularity,1000,102,259,0.3938223938223938,Morning,Weekday,0.8764629310900799,0.6,0.9018028001042029,0.7,0.914614373045999,0.8
1,2025-02-06,9,Thursday,zone_hour_profile,1000,102,259,0.3938223938223938,Morning,Weekday,0.9821815824294806,0.6,0.9807575982096096,0.8,0.9804922319954087,0.9
1,2025-02-06,9,Thursday,same_hour_last_week,1000,102,259,0.3938223938223938,Morning,Weekday,0.9699548679848697,0.6,0.9708088552416102,0.8,0.9523683007225501,0.8
1,2025-02-06,9,Thursday,trailing_4_week_profile,1000,102,259,0.3938223938223938,Morning,Weekday,0.9821815824294806,0.6,0.9807575982096096,0.8,0.9653200078601671,0.85
1,2025-02-06,10,Thursday,global_popularity,500,138,259,0.5328185328185329,Midday,Weekday,0.9237789728899374,0.6,0.9234647441584055,0.7,0.9405100636795043,0.85
1,2025-02-06,10,Thursday,zone_hour_profile,500,138,259,0.5328185328185329,Midday,Weekday,0.9762340322257511,0.6,0.9711171327201237,0.9,0.9881157355751897,0.95
1,2025-02-06,10,Thursday,same_hour_last_week,500,138,259,0.5328185328185329,Midday,Weekday,0.9765670184898947,0.6,0.9446078118894191,0.8,0.9808388904384202,0.9
1,2025-02-06,10,Thursday,trailing_4_week_profile,500,138,259,0.5328185328185329,Midday,Weekday,0.9762340322257511,0.6,0.9445964252961535,0.8,0.9837016143952048,0.95
1,2025-02-06,10,Thursday,global_popularity,1000,102,259,0.3938223938223938,Midday,Weekday,0.9237789728899374,0.6,0.9234647441584055,0.7,0.9405100636795043,0.85
1,2025-02-06,10,Thursday,zone_hour_profile,1000,102,259,0.3938223938223938,Midday,Weekday,0.9762340322257511,0.6,0.9711171327201237,0.9,0.9881157355751897,0.95
1,2025-02-06,10,Thursday,same_hour_last_week,1000,102,259,0.3938223938223938,Midday,Weekday,0.9765670184898947,0.6,0.9446078118894191,0.8,0.9808388904384202,0.9
1,2025-02-06,10,Thursday,trailing_4_week_profile,1000,102,259,0.3938223938223938,Midday,Weekday,0.9762340322257511,0.6,0.9445964252961535,0.8,0.9837016143952048,0.95
1,2025-02-06,11,Thursday,global_popularity,500,138,259,0.5328185328185329,Midday,Weekday,0.8470360298575389,0.6,0.8403759153233538,0.7,0.9176825273753334,0.85
1,2025-02-06,11,Thursday,zone_hour_profile,500,138,259,0.5328185328185329,Midday,Weekday,0.865694940238062,0.6,0.8627374980585762,0.8,0.9404162592156134,0.95
1,2025-02-06,11,Thursday,same_hour_last_week,500,138,259,0.5328185328185329,Midday,Weekday,0.8396189687841319,0.6,0.8357620165108159,0.7,0.9074455551788776,0.95
1,2025-02-06,11,Thursday,trailing_4_week_profile,500,138,259,0.5328185328185329,Midday,Weekday,0.8553756516596139,0.6,0.8462321265243883,0.7,0.9119217111812625,0.95
1,2025-02-06,11,Thursday,global_popularity,1000,102,259,0.3938223938223938,Midday,Weekday,0.8470360298575389,0.6,0.8403759153233538,0.7,0.9176825273753334,0.85
1,2025-02-06,11,Thursday,zone_hour_profile,1000,102,259,0.3938223938223938,Midday,Weekday,0.865694940238062,0.6,0.8627374980585762,0.8,0.9404162592156134,0.95
1,2025-02-06,11,Thursday,same_hour_last_week,1000,102,259,0.3938223938223938,Midday,Weekday,0.8396189687841319,0.6,0.8357620165108159,0.7,0.9074455551788776,0.95
1,2025-02-06,11,Thursday,trailing_4_week_profile,1000,102,259,0.3938223938223938,Midday,Weekday,0.8553756516596139,0.6,0.8462321265243883,0.7,0.9119217111812625,0.95
1,2025-02-06,12,Thursday,global_popularity,500,138,259,0.5328185328185329,Midday,Weekday,0.8650213194357429,0.8,0.8719788718625867,0.7,0.9290588104628044,0.9
1,2025-02-06,12,Thursday,zone_hour_profile,500,138,259,0.5328185328185329,Midday,Weekday,0.7927018345632731,0.6,0.8195413861594898,0.8,0.9231806028367382,0.9
1,2025-02-06,12,Thursday,same_hour_last_week,500,138,259,0.5328185328185329,Midday,Weekday,0.7967722010344495,0.6,0.8654757599338413,0.8,0.917461442931883,0.9
1,2025-02-06,12,Thursday,trailing_4_week_profile,500,138,259,0.5328185328185329,Midday,Weekday,0.7923053216098961,0.6,0.8106509632176844,0.7,0.9218118403834193,0.95
1,2025-02-06,12,Thursday,global_popularity,1000,102,259,0.3938223938223938,Midday,Weekday,0.8650213194357429,0.8,0.8719788718625867,0.7,0.9290588104628044,0.9
1,2025-02-06,12,Thursday,zone_hour_profile,1000,102,259,0.3938223938223938,Midday,Weekday,0.7927018345632731,0.6,0.8195413861594898,0.8,0.9231806028367382,0.9
1,2025-02-06,12,Thursday,same_hour_last_week,1000,102,259,0.3938223938223938,Midday,Weekday,0.7967722010344495,0.6,0.8654757599338413,0.8,0.917461442931883,0.9
1,2025-02-06,12,Thursday,trailing_4_week_profile,1000,102,259,0.3938223938223938,Midday,Weekday,0.7923053216098961,0.6,0.8106509632176844,0.7,0.9218118403834193,0.95
1,2025-02-06,13,Thursday,global_popularity,500,138,259,0.5328185328185329,Midday,Weekday,0.814844222229996,0.8,0.8425671174368061,0.8,0.897710609841124,0.85
1,2025-02-06,13,Thursday,zone_hour_profile,500,138,259,0.5328185328185329,Midday,Weekday,0.7408596904625058,0.6,0.8133160886124547,0.8,0.8933128827443874,0.9
1,2025-02-06,13,Thursday,same_hour_last_week,500,138,259,0.5328185328185329,Midday,Weekday,0.7410986235139511,0.6,0.7625279400695729,0.7,0.8863001246448765,0.95
1,2025-02-06,13,Thursday,trailing_4_week_profile,500,138,259,0.5328185328185329,Midday,Weekday,0.7408596904625058,0.6,0.8106862251209874,0.8,0.889178220677241,0.9
1,2025-02-06,13,Thursday,global_popularity,1000,102,259,0.3938223938223938,Midday,Weekday,0.814844222229996,0.8,0.8425671174368061,0.8,0.897710609841124,0.85
1,2025-02-06,13,Thursday,zone_hour_profile,1000,102,259,0.3938223938223938,Midday,Weekday,0.7408596904625058,0.6,0.8133160886124547,0.8,0.8933128827443874,0.9
1,2025-02-06,13,Thursday,same_hour_last_week,1000,102,259,0.3938223938223938,Midday,Weekday,0.7410986235139511,0.6,0.7625279400695729,0.7,0.8863001246448765,0.95
1,2025-02-06,13,Thursday,trailing_4_week_profile,1000,102,259,0.3938223938223938,Midday,Weekday,0.7408596904625058,0.6,0.8106862251209874,0.8,0.889178220677241,0.9
1,2025-02-06,14,Thursday,global_popularity,500,138,259,0.5328185328185329,Midday,Weekday,0.7698904691342099,0.8,0.788926518858525,0.7,0.8514163023594028,0.85
1,2025-02-06,14,Thursday,zone_hour_profile,500,138,259,0.5328185328185329,Midday,Weekday,0.677437049664959,0.8,0.8157573832923836,0.8,0.852363654318111,0.95
1,2025-02-06,14,Thursday,same_hour_last_week,500,138,259,0.5328185328185329,Midday,Weekday,0.6169918977962022,0.6,0.8045667544900477,0.8,0.8415604245812913,0.9
1,2025-02-06,14,Thursday,trailing_4_week_profile,500,138,259,0.5328185328185329,Midday,Weekday,0.6169918977962022,0.6,0.7149152500414011,0.8,0.8371668195231148,0.95
1,2025-02-06,14,Thursday,global_popularity,1000,102,259,0.3938223938223938,Midday,Weekday,0.7698904691342099,0.8,0.788926518858525,0.7,0.8514163023594028,0.85
1,2025-02-06,14,Thursday,zone_hour_profile,1000,102,259,0.3938223938223938,Midday,Weekday,0.677437049664959,0.8,0.8157573832923836,0.8,0.852363654318111,0.95
1,2025-02-06,14,Thursday,same_hour_last_week,1000,102,259,0.3938223938223938,Midday,Weekday,0.6169918977962022,0.6,0.8045667544900477,0.8,0.8415604245812913,0.9
1,2025-02-06,14,Thursday,trailing_4_week_profile,1000,102,259,0.3938223938223938,Midday,Weekday,0.6169918977962022,0.6,0.7149152500414011,0.8,0.8371668195231148,0.95
1,2025-02-06,15,Thursday,global_popularity,500,138,259,0.5328185328185329,Midday,Weekday,0.6844053259987624,0.8,0.7138700181619098,0.7,0.8049999492373134,0.85
1,2025-02-06,15,Thursday,zone_hour_profile,500,138,259,0.5328185328185329,Midday,Weekday,0.6952884770225173,0.8,0.8039098414826952,0.8,0.837334981288483,0.95
1,2025-02-06,15,Thursday,same_hour_last_week,500,138,259,0.5328185328185329,Midday,Weekday,0.6989507978771543,0.8,0.8026404656092607,0.7,0.8357278485080113,0.9
1,2025-02-06,15,Thursday,trailing_4_week_profile,500,138,259,0.5328185328185329,Midday,Weekday,0.6952884770225173,0.8,0.803670079999333,0.8,0.8368559077111649,0.95
1,2025-02-06,15,Thursday,global_popularity,1000,102,259,0.3938223938223938,Midday,Weekday,0.6844053259987624,0.8,0.7138700181619098,0.7,0.8049999492373134,0.85
1,2025-02-06,15,Thursday,zone_hour_profile,1000,102,259,0.3938223938223938,Midday,Weekday,0.6952884770225173,0.8,0.8039098414826952,0.8,0.837334981288483,0.95
1,2025-02-06,15,Thursday,same_hour_last_week,1000,102,259,0.3938223938223938,Midday,Weekday,0.6989507978771543,0.8,0.8026404656092607,0.7,0.8357278485080113,0.9
1,2025-02-06,15,Thursday,trailing_4_week_profile,1000,102,259,0.3938223938223938,Midday,Weekday,0.6952884770225173,0.8,0.803670079999333,0.8,0.8368559077111649,0.95
1,2025-02-06,16,Thursday,global_popularity,500,138,259,0.5328185328185329,Evening,Weekday,0.7953585877610635,0.8,0.7914371412509964,0.6,0.855373852230477,0.85
1,2025-02-06,16,Thursday,zone_hour_profile,500,138,259,0.5328185328185329,Evening,Weekday,0.8358166668351775,0.8,0.8883874685723439,1.0,0.9044271307959268,0.95
1,2025-02-06,16,Thursday,same_hour_last_week,500,138,259,0.5328185328185329,Evening,Weekday,0.8358166668351775,0.8,0.8912498450121606,1.0,0.9027237627188139,0.9
1,2025-02-06,16,Thursday,trailing_4_week_profile,500,138,259,0.5328185328185329,Evening,Weekday,0.8204014456224489,0.8,0.874921020199303,1.0,0.8932231076252992,0.95
1,2025-02-06,16,Thursday,global_popularity,1000,102,259,0.3938223938223938,Evening,Weekday,0.7953585877610635,0.8,0.7914371412509964,0.6,0.855373852230477,0.85
1,2025-02-06,16,Thursday,zone_hour_profile,1000,102,259,0.3938223938223938,Evening,Weekday,0.8358166668351775,0.8,0.8883874685723439,1.0,0.9044271307959268,0.95
1,2025-02-06,16,Thursday,same_hour_last_week,1000,102,259,0.3938223938223938,Evening,Weekday,0.8358166668351775,0.8,0.8912498450121606,1.0,0.9027237627188139,0.9
1,2025-02-06,16,Thursday,trailing_4_week_profile,1000,102,259,0.3938223938223938,Evening,Weekday,0.8204014456224489,0.8,0.874921020199303,1.0,0.8932231076252992,0.95
1,2025-02-06,17,Thursday,global_popularity,500,138,259,0.5328185328185329,Evening,Weekday,0.7770871462969261,0.6,0.8038147026057536,0.7,0.8643005360164026,0.85
1,2025-02-06,17,Thursday,zone_hour_profile,500,138,259,0.5328185328185329,Evening,Weekday,0.7578659171980932,0.6,0.8676865393694124,0.9,0.9116878398224776,0.9
1,2025-02-06,17,Thursday,same_hour_last_week,500,138,259,0.5328185328185329,Evening,Weekday,0.7663964841204158,0.6,0.8454894895663357,0.8,0.8972802296708583,0.9
1,2025-02-06,17,Thursday,trailing_4_week_profile,500,138,259,0.5328185328185329,Evening,Weekday,0.7578659171980932,0.6,0.8586383163541467,0.9,0.9036204665363893,0.9
1,2025-02-06,17,Thursday,global_popularity,1000,102,259,0.3938223938223938,Evening,Weekday,0.7770871462969261,0.6,0.8038147026057536,0.7,0.8643005360164026,0.85
1,2025-02-06,17,Thursday,zone_hour_profile,1000,102,259,0.3938223938223938,Evening,Weekday,0.7578659171980932,0.6,0.8676865393694124,0.9,0.9116878398224776,0.9
1,2025-02-06,17,Thursday,same_hour_last_week,1000,102,259,0.3938223938223938,Evening,Weekday,0.7663964841204158,0.6,0.8454894895663357,0.8,0.8972802296708583,0.9
1,2025-02-06,17,Thursday,trailing_4_week_profile,1000,102,259,0.3938223938223938,Evening,Weekday,0.7578659171980932,0.6,0.8586383163541467,0.9,0.9036204665363893,0.9
1,2025-02-06,18,Thursday,global_popularity,500,138,259,0.5328185328185329,Evening,Weekday,0.7719671789070022,0.6,0.8148097664583986,0.6,0.8871277605492807,0.85
1,2025-02-06,18,Thursday,zone_hour_profile,500,138,259,0.5328185328185329,Evening,Weekday,0.8153408229323911,0.6,0.8413873325678399,0.8,0.9293328597628177,0.9
1,2025-02-06,18,Thursday,same_hour_last_week,500,138,259,0.5328185328185329,Evening,Weekday,0.8255857659581087,0.6,0.840697668564862,0.8,0.9363803699277952,0.95
1,2025-02-06,18,Thursday,trailing_4_week_profile,500,138,259,0.5328185328185329,Evening,Weekday,0.8153408229323911,0.6,0.8413873325678399,0.8,0.8855076836428881,0.9
1,2025-02-06,18,Thursday,global_popularity,1000,102,259,0.3938223938223938,Evening,Weekday,0.7719671789070022,0.6,0.8148097664583986,0.6,0.8871277605492807,0.85
1,2025-02-06,18,Thursday,zone_hour_profile,1000,102,259,0.3938223938223938,Evening,Weekday,0.8153408229323911,0.6,0.8413873325678399,0.8,0.9293328597628177,0.9
1,2025-02-06,18,Thursday,same_hour_last_week,1000,102,259,0.3938223938223938,Evening,Weekday,0.8255857659581087,0.6,0.840697668564862,0.8,0.9363803699277952,0.95
1,2025-02-06,18,Thursday,trailing_4_week_profile,1000,102,259,0.3938223938223938,Evening,Weekday,0.8153408229323911,0.6,0.8413873325678399,0.8,0.8855076836428881,0.9
1,2025-02-06,19,Thursday,global_popularity,500,138,259,0.5328185328185329,Evening,Weekday,0.7228110896565831,0.4,0.756113780948484,0.6,0.8507048418172539,0.8
1,2025-02-06,19,Thursday,zone_hour_profile,500,138,259,0.5328185328185329,Evening,Weekday,0.709918937379813,0.4,0.8395954116229897,0.9,0.8992088627568539,0.9
1,2025-02-06,19,Thursday,same_hour_last_week,500,138,259,0.5328185328185329,Evening,Weekday,0.7104817536100115,0.4,0.8060595073362663,0.8,0.8884879266420657,0.95
1,2025-02-06,19,Thursday,trailing_4_week_profile,500,138,259,0.5328185328185329,Evening,Weekday,0.709918937379813,0.4,0.8295010632730855,0.9,0.890751526045557,0.9
1,2025-02-06,19,Thursday,global_popularity,1000,102,259,0.3938223938223938,Evening,Weekday,0.7228110896565831,0.4,0.756113780948484,0.6,0.8507048418172539,0.8
1,2025-02-06,19,Thursday,zone_hour_profile,1000,102,259,0.3938223938223938,Evening,Weekday,0.709918937379813,0.4,0.8395954116229897,0.9,0.8992088627568539,0.9
1,2025-02-06,19,Thursday,same_hour_last_week,1000,102,259,0.3938223938223938,Evening,Weekday,0.7104817536100115,0.4,0.8060595073362663,0.8,0.8884879266420657,0.95
1,2025-02-06,19,Thursday,trailing_4_week_profile,1000,102,259,0.3938223938223938,Evening,Weekday,0.709918937379813,0.4,0.8295010632730855,0.9,0.890751526045557,0.9
1,2025-02-06,20,Thursday,global_popularity,500,138,259,0.5328185328185329,Evening,Weekday,0.7611045917765417,0.6,0.7654132667735607,0.7,0.8498307666467335,0.8
1,2025-02-06,20,Thursday,zone_hour_profile,500,138,259,0.5328185328185329,Evening,Weekday,0.8572636909885836,0.8,0.8627968418110771,0.8,0.9133905251013164,0.9
1,2025-02-06,20,Thursday,same_hour_last_week,500,138,259,0.5328185328185329,Evening,Weekday,0.7251466744742401,0.6,0.8513631513401536,0.8,0.8998304219242155,0.85
1,2025-02-06,20,Thursday,trailing_4_week_profile,500,138,259,0.5328185328185329,Evening,Weekday,0.740038029319912,0.6,0.8579123282468577,0.8,0.9087171228112007,0.9
1,2025-02-06,20,Thursday,global_popularity,1000,102,259,0.3938223938223938,Evening,Weekday,0.7611045917765417,0.6,0.7654132667735607,0.7,0.8498307666467335,0.8
1,2025-02-06,20,Thursday,zone_hour_profile,1000,102,259,0.3938223938223938,Evening,Weekday,0.8572636909885836,0.8,0.8627968418110771,0.8,0.9133905251013164,0.9
1,2025-02-06,20,Thursday,same_hour_last_week,1000,102,259,0.3938223938223938,Evening,Weekday,0.7251466744742401,0.6,0.8513631513401536,0.8,0.8998304219242155,0.85
1,2025-02-06,20,Thursday,trailing_4_week_profile,1000,102,259,0.3938223938223938,Evening,Weekday,0.740038029319912,0.6,0.8579123282468577,0.8,0.9087171228112007,0.9
1,2025-02-06,21,Thursday,global_popularity,500,138,259,0.5328185328185329,Late evening,Weekday,0.6778820372727147,0.6,0.7223644072191115,0.7,0.815608388714179,0.8
1,2025-02-06,21,Thursday,zone_hour_profile,500,138,259,0.5328185328185329,Late evening,Weekday,0.8309729715838172,0.8,0.8527471683456787,0.8,0.9145749195867453,0.95
1,2025-02-06,21,Thursday,same_hour_last_week,500,138,259,0.5328185328185329,Late evening,Weekday,0.7129033257080094,0.6,0.8292741678034182,0.9,0.8867184665221313,0.9
1,2025-02-06,21,Thursday,trailing_4_week_profile,500,138,259,0.5328185328185329,Late evening,Weekday,0.721794976563952,0.6,0.8415503326353058,0.8,0.905331379389951,0.95
1,2025-02-06,21,Thursday,global_popularity,1000,102,259,0.3938223938223938,Late evening,Weekday,0.6778820372727147,0.6,0.7223644072191115,0.7,0.815608388714179,0.8
1,2025-02-06,21,Thursday,zone_hour_profile,1000,102,259,0.3938223938223938,Late evening,Weekday,0.8309729715838172,0.8,0.8527471683456787,0.8,0.9145749195867453,0.95
1,2025-02-06,21,Thursday,same_hour_last_week,1000,102,259,0.3938223938223938,Late evening,Weekday,0.7129033257080094,0.6,0.8292741678034182,0.9,0.8867184665221313,0.9
1,2025-02-06,21,Thursday,trailing_4_week_profile,1000,102,259,0.3938223938223938,Late evening,Weekday,0.721794976563952,0.6,0.8415503326353058,0.8,0.905331379389951,0.95
1,2025-02-06,22,Thursday,global_popularity,500,138,259,0.5328185328185329,Late evening,Weekday,0.6829837613881192,0.6,0.7148523078259189,0.4,0.7963029335566987,0.8
1,2025-02-06,22,Thursday,zone_hour_profile,500,138,259,0.5328185328185329,Late evening,Weekday,0.8438571028539507,0.6,0.8907571763002894,0.8,0.935080015640051,0.95
1,2025-02-06,22,Thursday,same_hour_last_week,500,138,259,0.5328185328185329,Late evening,Weekday,0.7398552822096195,0.6,0.7882401828880556,0.7,0.8741130774015683,0.9
1,2025-02-06,22,Thursday,trailing_4_week_profile,500,138,259,0.5328185328185329,Late evening,Weekday,0.7380846942059529,0.6,0.8530446887860902,0.8,0.9049377429859653,0.95
1,2025-02-06,22,Thursday,global_popularity,1000,102,259,0.3938223938223938,Late evening,Weekday,0.6829837613881192,0.6,0.7148523078259189,0.4,0.7963029335566987,0.8
1,2025-02-06,22,Thursday,zone_hour_profile,1000,102,259,0.3938223938223938,Late evening,Weekday,0.8438571028539507,0.6,0.8907571763002894,0.8,0.935080015640051,0.95
1,2025-02-06,22,Thursday,same_hour_last_week,1000,102,259,0.3938223938223938,Late evening,Weekday,0.7398552822096195,0.6,0.7882401828880556,0.7,0.8741130774015683,0.9
1,2025-02-06,22,Thursday,trailing_4_week_profile,1000,102,259,0.3938223938223938,Late evening,Weekday,0.7380846942059529,0.6,0.8530446887860902,0.8,0.9049377429859653,0.95
1,2025-02-06,23,Thursday,global_popularity,500,138,259,0.5328185328185329,Late evening,Weekday,0.46748786193639585,0.2,0.487537567068163,0.4,0.6338925907579568,0.7
1,2025-02-06,23,Thursday,zone_hour_profile,500,138,259,0.5328185328185329,Late evening,Weekday,0.8012095993184831,0.6,0.824944324970284,0.8,0.8546899272479376,0.85
1,2025-02-06,23,Thursday,same_hour_last_week,500,138,259,0.5328185328185329,Late evening,Weekday,0.47452451255660943,0.4,0.7283953532308235,0.8,0.7708548369557766,0.9
1,2025-02-06,23,Thursday,trailing_4_week_profile,500,138,259,0.5328185328185329,Late evening,Weekday,0.6242644252621896,0.6,0.7440102689759829,0.8,0.7756439367493868,0.8
1,2025-02-06,23,Thursday,global_popularity,1000,102,259,0.3938223938223938,Late evening,Weekday,0.46748786193639585,0.2,0.487537567068163,0.4,0.6338925907579568,0.7
1,2025-02-06,23,Thursday,zone_hour_profile,1000,102,259,0.3938223938223938,Late evening,Weekday,0.8012095993184831,0.6,0.824944324970284,0.8,0.8546899272479376,0.85
1,2025-02-06,23,Thursday,same_hour_last_week,1000,102,259,0.3938223938223938,Late evening,Weekday,0.47452451255660943,0.4,0.7283953532308235,0.8,0.7708548369557766,0.9
1,2025-02-06,23,Thursday,trailing_4_week_profile,1000,102,259,0.3938223938223938,Late evening,Weekday,0.6242644252621896,0.6,0.7440102689759829,0.8,0.7756439367493868,0.8
1,2025-02-07,0,Friday,global_popularity,500,138,259,0.5328185328185329,Overnight,Weekday,0.4361958797983227,0.2,0.4453040094733262,0.2,0.5626126859060948,0.65
1,2025-02-07,0,Friday,zone_hour_profile,500,138,259,0.5328185328185329,Overnight,Weekday,0.9261338314344331,0.6,0.9598451434291387,0.8,0.9644846815120517,0.85
1,2025-02-07,0,Friday,same_hour_last_week,500,138,259,0.5328185328185329,Overnight,Weekday,0.74950979344033,0.6,0.7593257542548828,0.7,0.8175029958622418,0.85
1,2025-02-07,0,Friday,trailing_4_week_profile,500,138,259,0.5328185328185329,Overnight,Weekday,0.9261338314344331,0.6,0.9601927085341135,0.8,0.9638927143372118,0.85
1,2025-02-07,0,Friday,global_popularity,1000,102,259,0.3938223938223938,Overnight,Weekday,0.4361958797983227,0.2,0.4453040094733262,0.2,0.5626126859060948,0.65
1,2025-02-07,0,Friday,zone_hour_profile,1000,102,259,0.3938223938223938,Overnight,Weekday,0.9261338314344331,0.6,0.9598451434291387,0.8,0.9644846815120517,0.85
1,2025-02-07,0,Friday,same_hour_last_week,1000,102,259,0.3938223938223938,Overnight,Weekday,0.74950979344033,0.6,0.7593257542548828,0.7,0.8175029958622418,0.85
1,2025-02-07,0,Friday,trailing_4_week_profile,1000,102,259,0.3938223938223938,Overnight,Weekday,0.9261338314344331,0.6,0.9601927085341135,0.8,0.9638927143372118,0.85
1,2025-02-07,1,Friday,global_popularity,500,138,259,0.5328185328185329,Overnight,Weekday,0.3657201090485264,0.2,0.36367923722606377,0.2,0.525823975295092,0.6
1,2025-02-07,1,Friday,zone_hour_profile,500,138,259,0.5328185328185329,Overnight,Weekday,0.8919758713794882,0.8,0.8679751821140559,0.7,0.9130196752129602,0.85
1,2025-02-07,1,Friday,same_hour_last_week,500,138,259,0.5328185328185329,Overnight,Weekday,0.7219883290612632,0.6,0.8216377129918365,0.8,0.8406058580536857,0.75
1,2025-02-07,1,Friday,trailing_4_week_profile,500,138,259,0.5328185328185329,Overnight,Weekday,0.8349750897836165,0.8,0.8529515061174177,0.8,0.8957036132179765,0.85
1,2025-02-07,1,Friday,global_popularity,1000,102,259,0.3938223938223938,Overnight,Weekday,0.3657201090485264,0.2,0.36367923722606377,0.2,0.525823975295092,0.6
1,2025-02-07,1,Friday,zone_hour_profile,1000,102,259,0.3938223938223938,Overnight,Weekday,0.8919758713794882,0.8,0.8679751821140559,0.7,0.9130196752129602,0.85
1,2025-02-07,1,Friday,same_hour_last_week,1000,102,259,0.3938223938223938,Overnight,Weekday,0.7219883290612632,0.6,0.8216377129918365,0.8,0.8406058580536857,0.75
1,2025-02-07,1,Friday,trailing_4_week_profile,1000,102,259,0.3938223938223938,Overnight,Weekday,0.8349750897836165,0.8,0.8529515061174177,0.8,0.8957036132179765,0.85
1,2025-02-07,2,Friday,global_popularity,500,138,259,0.5328185328185329,Overnight,Weekday,0.15316956930856396,0.0,0.20514181402975348,0.1,0.4141074138775444,0.5
1,2025-02-07,2,Friday,zone_hour_profile,500,138,259,0.5328185328185329,Overnight,Weekday,0.9178378847963593,0.8,0.8998033004449986,0.7,0.9247549534960753,0.9
1,2025-02-07,2,Friday,same_hour_last_week,500,138,259,0.5328185328185329,Overnight,Weekday,0.9178378847963593,0.8,0.8794527079031095,0.7,0.9223125867580154,0.9
1,2025-02-07,2,Friday,trailing_4_week_profile,500,138,259,0.5328185328185329,Overnight,Weekday,0.9303358579106659,0.8,0.9150861053884407,0.7,0.9339984027069034,0.9
1,2025-02-07,2,Friday,global_popularity,1000,102,259,0.3938223938223938,Overnight,Weekday,0.15316956930856396,0.0,0.20514181402975348,0.1,0.4141074138775444,0.5
1,2025-02-07,2,Friday,zone_hour_profile,1000,102,259,0.3938223938223938,Overnight,Weekday,0.9178378847963593,0.8,0.8998033004449986,0.7,0.9247549534960753,0.9
1,2025-02-07,2,Friday,same_hour_last_week,1000,102,259,0.3938223938223938,Overnight,Weekday,0.9178378847963593,0.8,0.8794527079031095,0.7,0.9223125867580154,0.9
1,2025-02-07,2,Friday,trailing_4_week_profile,1000,102,259,0.3938223938223938,Overnight,Weekday,0.9303358579106659,0.8,0.9150861053884407,0.7,0.9339984027069034,0.9
1,2025-02-07,3,Friday,global_popularity,500,138,259,0.5328185328185329,Overnight,Weekday,0.2949814184758916,0.2,0.3003257288937916,0.1,0.43459514096154417,0.45
1,2025-02-07,3,Friday,zone_hour_profile,500,138,259,0.5328185328185329,Overnight,Weekday,0.8311856061104989,0.6,0.9057639448383483,0.7,0.8919038376451279,0.75
1,2025-02-07,3,Friday,same_hour_last_week,500,138,259,0.5328185328185329,Overnight,Weekday,0.8705869008069141,0.6,0.9091093516122689,0.8,0.8957920259162411,0.7
1,2025-02-07,3,Friday,trailing_4_week_profile,500,138,259,0.5328185328185329,Overnight,Weekday,0.9048373523950443,0.8,0.9276218811686942,0.7,0.9191855753058812,0.8
1,2025-02-07,3,Friday,global_popularity,1000,102,259,0.3938223938223938,Overnight,Weekday,0.2949814184758916,0.2,0.3003257288937916,0.1,0.43459514096154417,0.45
1,2025-02-07,3,Friday,zone_hour_profile,1000,102,259,0.3938223938223938,Overnight,Weekday,0.8311856061104989,0.6,0.9057639448383483,0.7,0.8919038376451279,0.75
1,2025-02-07,3,Friday,same_hour_last_week,1000,102,259,0.3938223938223938,Overnight,Weekday,0.8705869008069141,0.6,0.9091093516122689,0.8,0.8957920259162411,0.7
1,2025-02-07,3,Friday,trailing_4_week_profile,1000,102,259,0.3938223938223938,Overnight,Weekday,0.9048373523950443,0.8,0.9276218811686942,0.7,0.9191855753058812,0.8
1,2025-02-07,4,Friday,global_popularity,500,138,259,0.5328185328185329,Overnight,Weekday,0.39576927627930797,0.2,0.4584913443110644,0.2,0.6433124112313452,0.65
1,2025-02-07,4,Friday,zone_hour_profile,500,138,259,0.5328185328185329,Overnight,Weekday,0.8522994409734534,0.8,0.8329644826300306,0.6,0.8957919177254005,0.8
1,2025-02-07,4,Friday,same_hour_last_week,500,138,259,0.5328185328185329,Overnight,Weekday,0.8434999821624491,0.6,0.7958090068762177,0.5,0.8346999522479787,0.6
1,2025-02-07,4,Friday,trailing_4_week_profile,500,138,259,0.5328185328185329,Overnight,Weekday,0.8091980682106676,0.6,0.8333894793942884,0.7,0.8830589727871756,0.75
1,2025-02-07,4,Friday,global_popularity,1000,102,259,0.3938223938223938,Overnight,Weekday,0.39576927627930797,0.2,0.4584913443110644,0.2,0.6433124112313452,0.65
1,2025-02-07,4,Friday,zone_hour_profile,1000,102,259,0.3938223938223938,Overnight,Weekday,0.8522994409734534,0.8,0.8329644826300306,0.6,0.8957919177254005,0.8
1,2025-02-07,4,Friday,same_hour_last_week,1000,102,259,0.3938223938223938,Overnight,Weekday,0.8434999821624491,0.6,0.7958090068762177,0.5,0.8346999522479787,0.6
1,2025-02-07,4,Friday,trailing_4_week_profile,1000,102,259,0.3938223938223938,Overnight,Weekday,0.8091980682106676,0.6,0.8333894793942884,0.7,0.8830589727871756,0.75
1,2025-02-07,5,Friday,global_popularity,500,138,259,0.5328185328185329,Overnight,Weekday,0.552451738846407,0.6,0.5975587511528317,0.6,0.6449696640550928,0.8
1,2025-02-07,5,Friday,zone_hour_profile,500,138,259,0.5328185328185329,Overnight,Weekday,0.9529522080119868,0.6,0.950680608799894,0.7,0.9569000116075925,0.8
1,2025-02-07,5,Friday,same_hour_last_week,500,138,259,0.5328185328185329,Overnight,Weekday,0.9425230265003941,0.4,0.9669035069386915,0.8,0.957787679570153,0.75
1,2025-02-07,5,Friday,trailing_4_week_profile,500,138,259,0.5328185328185329,Overnight,Weekday,0.9529522080119868,0.6,0.9523767941946981,0.7,0.95753024186104,0.8
1,2025-02-07,5,Friday,global_popularity,1000,102,259,0.3938223938223938,Overnight,Weekday,0.552451738846407,0.6,0.5975587511528317,0.6,0.6449696640550928,0.8
1,2025-02-07,5,Friday,zone_hour_profile,1000,102,259,0.3938223938223938,Overnight,Weekday,0.9529522080119868,0.6,0.950680608799894,0.7,0.9569000116075925,0.8
1,2025-02-07,5,Friday,same_hour_last_week,1000,102,259,0.3938223938223938,Overnight,Weekday,0.9425230265003941,0.4,0.9669035069386915,0.8,0.957787679570153,0.75
1,2025-02-07,5,Friday,trailing_4_week_profile,1000,102,259,0.3938223938223938,Overnight,Weekday,0.9529522080119868,0.6,0.9523767941946981,0.7,0.95753024186104,0.8
1,2025-02-07,6,Friday,global_popularity,500,138,259,0.5328185328185329,Morning,Weekday,0.577646418763271,0.6,0.6261663231130649,0.7,0.6397854848425243,0.75
1,2025-02-07,6,Friday,zone_hour_profile,500,138,259,0.5328185328185329,Morning,Weekday,0.9762619367918784,0.6,0.9807979566649855,0.8,0.9835518979223258,0.95
1,2025-02-07,6,Friday,same_hour_last_week,500,138,259,0.5328185328185329,Morning,Weekday,0.7404460481722,0.6,0.7888051419252061,0.8,0.8194468878054839,0.95
1,2025-02-07,6,Friday,trailing_4_week_profile,500,138,259,0.5328185328185329,Morning,Weekday,0.9762619367918784,0.6,0.9807979566649855,0.8,0.9677621215648423,0.9
1,2025-02-07,6,Friday,global_popularity,1000,102,259,0.3938223938223938,Morning,Weekday,0.577646418763271,0.6,0.6261663231130649,0.7,0.6397854848425243,0.75
1,2025-02-07,6,Friday,zone_hour_profile,1000,102,259,0.3938223938223938,Morning,Weekday,0.9762619367918784,0.6,0.9807979566649855,0.8,0.9835518979223258,0.95
1,2025-02-07,6,Friday,same_hour_last_week,1000,102,259,0.3938223938223938,Morning,Weekday,0.7404460481722,0.6,0.7888051419252061,0.8,0.8194468878054839,0.95
1,2025-02-07,6,Friday,trailing_4_week_profile,1000,102,259,0.3938223938223938,Morning,Weekday,0.9762619367918784,0.6,0.9807979566649855,0.8,0.9677621215648423,0.9
1,2025-02-07,7,Friday,global_popularity,500,138,259,0.5328185328185329,Morning,Weekday,0.6902941870281681,0.6,0.7311937654642697,0.7,0.745429250527438,0.7
1,2025-02-07,7,Friday,zone_hour_profile,500,138,259,0.5328185328185329,Morning,Weekday,0.883848844855198,1.0,0.9016298958093321,0.8,0.9002547652822005,0.85
1,2025-02-07,7,Friday,same_hour_last_week,500,138,259,0.5328185328185329,Morning,Weekday,0.8307199622693232,1.0,0.8598557340625277,0.9,0.8596727477065133,0.85
1,2025-02-07,7,Friday,trailing_4_week_profile,500,138,259,0.5328185328185329,Morning,Weekday,0.8273592425757543,0.8,0.8581627150994696,0.8,0.8621612610005682,0.85
1,2025-02-07,7,Friday,global_popularity,1000,102,259,0.3938223938223938,Morning,Weekday,0.6902941870281681,0.6,0.7311937654642697,0.7,0.745429250527438,0.7
1,2025-02-07,7,Friday,zone_hour_profile,1000,102,259,0.3938223938223938,Morning,Weekday,0.883848844855198,1.0,0.9016298958093321,0.8,0.9002547652822005,0.85
1,2025-02-07,7,Friday,same_hour_last_week,1000,102,259,0.3938223938223938,Morning,Weekday,0.8307199622693232,1.0,0.8598557340625277,0.9,0.8596727477065133,0.85
1,2025-02-07,7,Friday,trailing_4_week_profile,1000,102,259,0.3938223938223938,Morning,Weekday,0.8273592425757543,0.8,0.8581627150994696,0.8,0.8621612610005682,0.85
1,2025-02-07,8,Friday,global_popularity,500,138,259,0.5328185328185329,Morning,Weekday,0.8216543059805012,0.6,0.8483738567853367,0.6,0.8705118493196242,0.7
1,2025-02-07,8,Friday,zone_hour_profile,500,138,259,0.5328185328185329,Morning,Weekday,0.9067848204238474,0.6,0.9054986838477446,0.7,0.9286047895429272,0.85
1,2025-02-07,8,Friday,same_hour_last_week,500,138,259,0.5328185328185329,Morning,Weekday,0.8891072795368595,0.6,0.8989319659179584,0.7,0.8983925832648535,0.85
1,2025-02-07,8,Friday,trailing_4_week_profile,500,138,259,0.5328185328185329,Morning,Weekday,0.9067848204238474,0.6,0.9046655632420114,0.7,0.9291517369498821,0.9
1,2025-02-07,8,Friday,global_popularity,1000,102,259,0.3938223938223938,Morning,Weekday,0.8216543059805012,0.6,0.8483738567853367,0.6,0.8705118493196242,0.7
1,2025-02-07,8,Friday,zone_hour_profile,1000,102,259,0.3938223938223938,Morning,Weekday,0.9067848204238474,0.6,0.9054986838477446,0.7,0.9286047895429272,0.85
1,2025-02-07,8,Friday,same_hour_last_week,1000,102,259,0.3938223938223938,Morning,Weekday,0.8891072795368595,0.6,0.8989319659179584,0.7,0.8983925832648535,0.85
1,2025-02-07,8,Friday,trailing_4_week_profile,1000,102,259,0.3938223938223938,Morning,Weekday,0.9067848204238474,0.6,0.9046655632420114,0.7,0.9291517369498821,0.9
1,2025-02-07,9,Friday,global_popularity,500,138,259,0.5328185328185329,Morning,Weekday,0.6773304170454615,0.6,0.7142144808113295,0.8,0.8100939205759068,0.8
1,2025-02-07,9,Friday,zone_hour_profile,500,138,259,0.5328185328185329,Morning,Weekday,0.6737603601509214,0.6,0.7221479269337497,0.7,0.8559874386378686,0.95
1,2025-02-07,9,Friday,same_hour_last_week,500,138,259,0.5328185328185329,Morning,Weekday,0.6746591388565648,0.6,0.699030779882042,0.6,0.8200676175378913,0.9
1,2025-02-07,9,Friday,trailing_4_week_profile,500,138,259,0.5328185328185329,Morning,Weekday,0.6737603601509214,0.6,0.7145715705034421,0.7,0.8236892698617735,0.9
1,2025-02-07,9,Friday,global_popularity,1000,102,259,0.3938223938223938,Morning,Weekday,0.6773304170454615,0.6,0.7142144808113295,0.8,0.8100939205759068,0.8
1,2025-02-07,9,Friday,zone_hour_profile,1000,102,259,0.3938223938223938,Morning,Weekday,0.6737603601509214,0.6,0.7221479269337497,0.7,0.8559874386378686,0.95
1,2025-02-07,9,Friday,same_hour_last_week,1000,102,259,0.3938223938223938,Morning,Weekday,0.6746591388565648,0.6,0.699030779882042,0.6,0.8200676175378913,0.9
1,2025-02-07,9,Friday,trailing_4_week_profile,1000,102,259,0.3938223938223938,Morning,Weekday,0.6737603601509214,0.6,0.7145715705034421,0.7,0.8236892698617735,0.9
1,2025-02-07,10,Friday,global_popularity,500,138,259,0.5328185328185329,Midday,Weekday,0.7380692302679858,0.8,0.7656244336929698,0.8,0.8457903018179934,0.85
1,2025-02-07,10,Friday,zone_hour_profile,500,138,259,0.5328185328185329,Midday,Weekday,0.7111854849018352,0.4,0.8350764610792046,0.7,0.9001119584941077,0.9
1,2025-02-07,10,Friday,same_hour_last_week,500,138,259,0.5328185328185329,Midday,Weekday,0.7038568135104118,0.4,0.8203275137931977,0.7,0.8909187200285775,0.95
1,2025-02-07,10,Friday,trailing_4_week_profile,500,138,259,0.5328185328185329,Midday,Weekday,0.7100546339388379,0.4,0.8341893740128772,0.7,0.8989729248088786,0.9
1,2025-02-07,10,Friday,global_popularity,1000,102,259,0.3938223938223938,Midday,Weekday,0.7380692302679858,0.8,0.7656244336929698,0.8,0.8457903018179934,0.85
1,2025-02-07,10,Friday,zone_hour_profile,1000,102,259,0.3938223938223938,Midday,Weekday,0.7111854849018352,0.4,0.8350764610792046,0.7,0.9001119584941077,0.9
1,2025-02-07,10,Friday,same_hour_last_week,1000,102,259,0.3938223938223938,Midday,Weekday,0.7038568135104118,0.4,0.8203275137931977,0.7,0.8909187200285775,0.95
1,2025-02-07,10,Friday,trailing_4_week_profile,1000,102,259,0.3938223938223938,Midday,Weekday,0.7100546339388379,0.4,0.8341893740128772,0.7,0.8989729248088786,0.9
1,2025-02-07,11,Friday,global_popularity,500,138,259,0.5328185328185329,Midday,Weekday,0.8378308064161583,0.8,0.8586852402663695,0.8,0.9087158514194568,0.85
1,2025-02-07,11,Friday,zone_hour_profile,500,138,259,0.5328185328185329,Midday,Weekday,0.7844544117546096,0.6,0.8094554325772553,0.8,0.9158642717940148,0.95
1,2025-02-07,11,Friday,same_hour_last_week,500,138,259,0.5328185328185329,Midday,Weekday,0.773835427757966,0.6,0.8510418134768578,0.7,0.8791845198324538,0.9
1,2025-02-07,11,Friday,trailing_4_week_profile,500,138,259,0.5328185328185329,Midday,Weekday,0.7844544117546096,0.6,0.7988509591932745,0.7,0.9131141293803758,0.95
1,2025-02-07,11,Friday,global_popularity,1000,102,259,0.3938223938223938,Midday,Weekday,0.8378308064161583,0.8,0.8586852402663695,0.8,0.9087158514194568,0.85
1,2025-02-07,11,Friday,zone_hour_profile,1000,102,259,0.3938223938223938,Midday,Weekday,0.7844544117546096,0.6,0.8094554325772553,0.8,0.9158642717940148,0.95
1,2025-02-07,11,Friday,same_hour_last_week,1000,102,259,0.3938223938223938,Midday,Weekday,0.773835427757966,0.6,0.8510418134768578,0.7,0.8791845198324538,0.9
1,2025-02-07,11,Friday,trailing_4_week_profile,1000,102,259,0.3938223938223938,Midday,Weekday,0.7844544117546096,0.6,0.7988509591932745,0.7,0.9131141293803758,0.95
1,2025-02-07,12,Friday,global_popularity,500,138,259,0.5328185328185329,Midday,Weekday,0.7731726115715377,0.8,0.8018035533143425,0.7,0.8684312928252848,0.85
1,2025-02-07,12,Friday,zone_hour_profile,500,138,259,0.5328185328185329,Midday,Weekday,0.6874257638013181,0.6,0.804964429364299,0.7,0.8841749589661287,0.95
1,2025-02-07,12,Friday,same_hour_last_week,500,138,259,0.5328185328185329,Midday,Weekday,0.6975338693943497,0.6,0.8165708866143934,0.6,0.8888333357096632,0.9
1,2025-02-07,12,Friday,trailing_4_week_profile,500,138,259,0.5328185328185329,Midday,Weekday,0.6986436341262224,0.6,0.8198407898911296,0.7,0.8876862502212919,0.95
1,2025-02-07,12,Friday,global_popularity,1000,102,259,0.3938223938223938,Midday,Weekday,0.7731726115715377,0.8,0.8018035533143425,0.7,0.8684312928252848,0.85
1,2025-02-07,12,Friday,zone_hour_profile,1000,102,259,0.3938223938223938,Midday,Weekday,0.6874257638013181,0.6,0.804964429364299,0.7,0.8841749589661287,0.95
1,2025-02-07,12,Friday,same_hour_last_week,1000,102,259,0.3938223938223938,Midday,Weekday,0.6975338693943497,0.6,0.8165708866143934,0.6,0.8888333357096632,0.9
1,2025-02-07,12,Friday,trailing_4_week_profile,1000,102,259,0.3938223938223938,Midday,Weekday,0.6986436341262224,0.6,0.8198407898911296,0.7,0.8876862502212919,0.95
1,2025-02-07,13,Friday,global_popularity,500,138,259,0.5328185328185329,Midday,Weekday,0.8031134101904308,0.8,0.8336283511400745,0.8,0.8941736549424011,0.85
1,2025-02-07,13,Friday,zone_hour_profile,500,138,259,0.5328185328185329,Midday,Weekday,0.8060468013388834,0.8,0.8813142924169683,0.9,0.9091082126258168,1.0
1,2025-02-07,13,Friday,same_hour_last_week,500,138,259,0.5328185328185329,Midday,Weekday,0.703377425717143,0.6,0.8719477338609926,0.9,0.9002861364608356,0.95
1,2025-02-07,13,Friday,trailing_4_week_profile,500,138,259,0.5328185328185329,Midday,Weekday,0.8060468013388834,0.8,0.8212449796015516,0.8,0.907069324495159,1.0
1,2025-02-07,13,Friday,global_popularity,1000,102,259,0.3938223938223938,Midday,Weekday,0.8031134101904308,0.8,0.8336283511400745,0.8,0.8941736549424011,0.85
1,2025-02-07,13,Friday,zone_hour_profile,1000,102,259,0.3938223938223938,Midday,Weekday,0.8060468013388834,0.8,0.8813142924169683,0.9,0.9091082126258168,1.0
1,2025-02-07,13,Friday,same_hour_last_week,1000,102,259,0.3938223938223938,Midday,Weekday,0.703377425717143,0.6,0.8719477338609926,0.9,0.9002861364608356,0.95
1,2025-02-07,13,Friday,trailing_4_week_profile,1000,102,259,0.3938223938223938,Midday,Weekday,0.8060468013388834,0.8,0.8212449796015516,0.8,0.907069324495159,1.0
1,2025-02-07,14,Friday,global_popularity,500,138,259,0.5328185328185329,Midday,Weekday,0.6683859650344435,0.8,0.7026526698485062,0.7,0.7911809235950804,0.85
1,2025-02-07,14,Friday,zone_hour_profile,500,138,259,0.5328185328185329,Midday,Weekday,0.7571398085757047,1.0,0.7855255720635955,0.8,0.8246875481692492,1.0
1,2025-02-07,14,Friday,same_hour_last_week,500,138,259,0.5328185328185329,Midday,Weekday,0.6062578594597376,0.8,0.7771845971781077,0.8,0.8162397355177131,1.0
1,2025-02-07,14,Friday,trailing_4_week_profile,500,138,259,0.5328185328185329,Midday,Weekday,0.7571398085757047,1.0,0.7857229791463539,0.8,0.8248015049946391,1.0
1,2025-02-07,14,Friday,global_popularity,1000,102,259,0.3938223938223938,Midday,Weekday,0.6683859650344435,0.8,0.7026526698485062,0.7,0.7911809235950804,0.85
1,2025-02-07,14,Friday,zone_hour_profile,1000,102,259,0.3938223938223938,Midday,Weekday,0.7571398085757047,1.0,0.7855255720635955,0.8,0.8246875481692492,1.0
1,2025-02-07,14,Friday,same_hour_last_week,1000,102,259,0.3938223938223938,Midday,Weekday,0.6062578594597376,0.8,0.7771845971781077,0.8,0.8162397355177131,1.0
1,2025-02-07,14,Friday,trailing_4_week_profile,1000,102,259,0.3938223938223938,Midday,Weekday,0.7571398085757047,1.0,0.7857229791463539,0.8,0.8248015049946391,1.0
1,2025-02-07,15,Friday,global_popularity,500,138,259,0.5328185328185329,Midday,Weekday,0.6612033204734011,0.8,0.6989979026095513,0.6,0.7932434255999716,0.85
1,2025-02-07,15,Friday,zone_hour_profile,500,138,259,0.5328185328185329,Midday,Weekday,0.6743834161366569,0.8,0.7029326310417022,0.7,0.8148160618799279,1.0
1,2025-02-07,15,Friday,same_hour_last_week,500,138,259,0.5328185328185329,Midday,Weekday,0.6705858191726237,0.8,0.6938291619335716,0.6,0.8032375522293378,0.9
1,2025-02-07,15,Friday,trailing_4_week_profile,500,138,259,0.5328185328185329,Midday,Weekday,0.6743834161366569,0.8,0.7773093225536892,0.8,0.8143726178102222,0.9
1,2025-02-07,15,Friday,global_popularity,1000,102,259,0.3938223938223938,Midday,Weekday,0.6612033204734011,0.8,0.6989979026095513,0.6,0.7932434255999716,0.85
1,2025-02-07,15,Friday,zone_hour_profile,1000,102,259,0.3938223938223938,Midday,Weekday,0.6743834161366569,0.8,0.7029326310417022,0.7,0.8148160618799279,1.0
1,2025-02-07,15,Friday,same_hour_last_week,1000,102,259,0.3938223938223938,Midday,Weekday,0.6705858191726237,0.8,0.6938291619335716,0.6,0.8032375522293378,0.9
1,2025-02-07,15,Friday,trailing_4_week_profile,1000,102,259,0.3938223938223938,Midday,Weekday,0.6743834161366569,0.8,0.7773093225536892,0.8,0.8143726178102222,0.9
1,2025-02-07,16,Friday,global_popularity,500,138,259,0.5328185328185329,Evening,Weekday,0.7172227654452513,0.8,0.7445113013327208,0.7,0.817339856745602,0.85
1,2025-02-07,16,Friday,zone_hour_profile,500,138,259,0.5328185328185329,Evening,Weekday,0.7450455568646795,0.8,0.8176717931081031,0.8,0.8496362095553921,0.95
1,2025-02-07,16,Friday,same_hour_last_week,500,138,259,0.5328185328185329,Evening,Weekday,0.7450455568646795,0.8,0.8252277214271196,0.8,0.854310864900598,0.95
1,2025-02-07,16,Friday,trailing_4_week_profile,500,138,259,0.5328185328185329,Evening,Weekday,0.7418583231814729,0.8,0.8223576954288357,0.9,0.8492610322864541,0.95
1,2025-02-07,16,Friday,global_popularity,1000,102,259,0.3938223938223938,Evening,Weekday,0.7172227654452513,0.8,0.7445113013327208,0.7,0.817339856745602,0.85
1,2025-02-07,16,Friday,zone_hour_profile,1000,102,259,0.3938223938223938,Evening,Weekday,0.7450455568646795,0.8,0.8176717931081031,0.8,0.8496362095553921,0.95
1,2025-02-07,16,Friday,same_hour_last_week,1000,102,259,0.3938223938223938,Evening,Weekday,0.7450455568646795,0.8,0.8252277214271196,0.8,0.854310864900598,0.95
1,2025-02-07,16,Friday,trailing_4_week_profile,1000,102,259,0.3938223938223938,Evening,Weekday,0.7418583231814729,0.8,0.8223576954288357,0.9,0.8492610322864541,0.95
1,2025-02-07,17,Friday,global_popularity,500,138,259,0.5328185328185329,Evening,Weekday,0.7222746563467174,0.6,0.7686567172240004,0.6,0.8394007565543907,0.85
1,2025-02-07,17,Friday,zone_hour_profile,500,138,259,0.5328185328185329,Evening,Weekday,0.774553766372928,0.8,0.7952272326831596,0.8,0.8669173171548875,0.95
1,2025-02-07,17,Friday,same_hour_last_week,500,138,259,0.5328185328185329,Evening,Weekday,0.6436139583990164,0.6,0.7763642647236926,0.9,0.8051688776667191,0.9
1,2025-02-07,17,Friday,trailing_4_week_profile,500,138,259,0.5328185328185329,Evening,Weekday,0.6436139583990164,0.6,0.7913490506946614,0.9,0.8585324713392187,0.9
1,2025-02-07,17,Friday,global_popularity,1000,102,259,0.3938223938223938,Evening,Weekday,0.7222746563467174,0.6,0.7686567172240004,0.6,0.8394007565543907,0.85
1,2025-02-07,17,Friday,zone_hour_profile,1000,102,259,0.3938223938223938,Evening,Weekday,0.774553766372928,0.8,0.7952272326831596,0.8,0.8669173171548875,0.95
1,2025-02-07,17,Friday,same_hour_last_week,1000,102,259,0.3938223938223938,Evening,Weekday,0.6436139583990164,0.6,0.7763642647236926,0.9,0.8051688776667191,0.9
1,2025-02-07,17,Friday,trailing_4_week_profile,1000,102,259,0.3938223938223938,Evening,Weekday,0.6436139583990164,0.6,0.7913490506946614,0.9,0.8585324713392187,0.9
1,2025-02-07,18,Friday,global_popularity,500,138,259,0.5328185328185329,Evening,Weekday,0.8006914397520372,0.6,0.8333575409557271,0.7,0.8847018889469652,0.85
1,2025-02-07,18,Friday,zone_hour_profile,500,138,259,0.5328185328185329,Evening,Weekday,0.7168435784099689,0.6,0.8339122716150138,0.8,0.884825482722716,0.95
1,2025-02-07,18,Friday,same_hour_last_week,500,138,259,0.5328185328185329,Evening,Weekday,0.7354697426897413,0.6,0.7549530098498195,0.7,0.8556036842634739,0.9
1,2025-02-07,18,Friday,trailing_4_week_profile,500,138,259,0.5328185328185329,Evening,Weekday,0.7168435784099689,0.6,0.7604854884345945,0.8,0.8725101616523379,0.9
1,2025-02-07,18,Friday,global_popularity,1000,102,259,0.3938223938223938,Evening,Weekday,0.8006914397520372,0.6,0.8333575409557271,0.7,0.8847018889469652,0.85
1,2025-02-07,18,Friday,zone_hour_profile,1000,102,259,0.3938223938223938,Evening,Weekday,0.7168435784099689,0.6,0.8339122716150138,0.8,0.884825482722716,0.95
1,2025-02-07,18,Friday,same_hour_last_week,1000,102,259,0.3938223938223938,Evening,Weekday,0.7354697426897413,0.6,0.7549530098498195,0.7,0.8556036842634739,0.9
1,2025-02-07,18,Friday,trailing_4_week_profile,1000,102,259,0.3938223938223938,Evening,Weekday,0.7168435784099689,0.6,0.7604854884345945,0.8,0.8725101616523379,0.9
1,2025-02-07,19,Friday,global_popularity,500,138,259,0.5328185328185329,Evening,Weekday,0.6943345795216526,0.6,0.7475662081783858,0.7,0.8254004506318066,0.9
1,2025-02-07,19,Friday,zone_hour_profile,500,138,259,0.5328185328185329,Evening,Weekday,0.8275854559905458,0.8,0.8549872451030922,0.9,0.8979184508046405,0.95
1,2025-02-07,19,Friday,same_hour_last_week,500,138,259,0.5328185328185329,Evening,Weekday,0.5915319444437432,0.6,0.7631363577392937,0.9,0.8037275331850884,0.9
1,2025-02-07,19,Friday,trailing_4_week_profile,500,138,259,0.5328185328185329,Evening,Weekday,0.7566447972326535,0.8,0.7958666310386731,0.9,0.8519787569512018,0.95
1,2025-02-07,19,Friday,global_popularity,1000,102,259,0.3938223938223938,Evening,Weekday,0.6943345795216526,0.6,0.7475662081783858,0.7,0.8254004506318066,0.9
1,2025-02-07,19,Friday,zone_hour_profile,1000,102,259,0.3938223938223938,Evening,Weekday,0.8275854559905458,0.8,0.8549872451030922,0.9,0.8979184508046405,0.95
1,2025-02-07,19,Friday,same_hour_last_week,1000,102,259,0.3938223938223938,Evening,Weekday,0.5915319444437432,0.6,0.7631363577392937,0.9,0.8037275331850884,0.9
1,2025-02-07,19,Friday,trailing_4_week_profile,1000,102,259,0.3938223938223938,Evening,Weekday,0.7566447972326535,0.8,0.7958666310386731,0.9,0.8519787569512018,0.95
1,2025-02-07,20,Friday,global_popularity,500,138,259,0.5328185328185329,Evening,Weekday,0.6962100224647234,0.8,0.7352807188069416,0.7,0.8034178204532824,0.85
1,2025-02-07,20,Friday,zone_hour_profile,500,138,259,0.5328185328185329,Evening,Weekday,0.9356630218280737,0.8,0.9646294613782174,0.7,0.9730918123624511,0.85
1,2025-02-07,20,Friday,same_hour_last_week,500,138,259,0.5328185328185329,Evening,Weekday,0.7648405472635192,0.6,0.8087632578611821,0.8,0.864597220193333,0.9
1,2025-02-07,20,Friday,trailing_4_week_profile,500,138,259,0.5328185328185329,Evening,Weekday,0.7245526128807762,0.8,0.7649043027163207,0.7,0.8319652519430842,0.85
1,2025-02-07,20,Friday,global_popularity,1000,102,259,0.3938223938223938,Evening,Weekday,0.6962100224647234,0.8,0.7352807188069416,0.7,0.8034178204532824,0.85
1,2025-02-07,20,Friday,zone_hour_profile,1000,102,259,0.3938223938223938,Evening,Weekday,0.9356630218280737,0.8,0.9646294613782174,0.7,0.9730918123624511,0.85
1,2025-02-07,20,Friday,same_hour_last_week,1000,102,259,0.3938223938223938,Evening,Weekday,0.7648405472635192,0.6,0.8087632578611821,0.8,0.864597220193333,0.9
1,2025-02-07,20,Friday,trailing_4_week_profile,1000,102,259,0.3938223938223938,Evening,Weekday,0.7245526128807762,0.8,0.7649043027163207,0.7,0.8319652519430842,0.85
1,2025-02-07,21,Friday,global_popularity,500,138,259,0.5328185328185329,Late evening,Weekday,0.6967175641723712,0.4,0.7664863088905478,0.6,0.8507405108162556,0.9
1,2025-02-07,21,Friday,zone_hour_profile,500,138,259,0.5328185328185329,Late evening,Weekday,0.8435521749537712,0.6,0.8842593568342546,0.8,0.9295304312266346,0.95
1,2025-02-07,21,Friday,same_hour_last_week,500,138,259,0.5328185328185329,Late evening,Weekday,0.7148777682562162,0.4,0.802248661479919,0.7,0.8526700504819892,0.95
1,2025-02-07,21,Friday,trailing_4_week_profile,500,138,259,0.5328185328185329,Late evening,Weekday,0.8118543790730594,0.6,0.8580150819842747,0.8,0.9082324694012018,0.95
1,2025-02-07,21,Friday,global_popularity,1000,102,259,0.3938223938223938,Late evening,Weekday,0.6967175641723712,0.4,0.7664863088905478,0.6,0.8507405108162556,0.9
1,2025-02-07,21,Friday,zone_hour_profile,1000,102,259,0.3938223938223938,Late evening,Weekday,0.8435521749537712,0.6,0.8842593568342546,0.8,0.9295304312266346,0.95
1,2025-02-07,21,Friday,same_hour_last_week,1000,102,259,0.3938223938223938,Late evening,Weekday,0.7148777682562162,0.4,0.802248661479919,0.7,0.8526700504819892,0.95
1,2025-02-07,21,Friday,trailing_4_week_profile,1000,102,259,0.3938223938223938,Late evening,Weekday,0.8118543790730594,0.6,0.8580150819842747,0.8,0.9082324694012018,0.95
1,2025-02-07,22,Friday,global_popularity,500,138,259,0.5328185328185329,Late evening,Weekday,0.6670308646668728,0.4,0.6896496045372892,0.4,0.813415015294067,0.8
1,2025-02-07,22,Friday,zone_hour_profile,500,138,259,0.5328185328185329,Late evening,Weekday,0.7221804657148758,0.6,0.8423702529895346,0.7,0.898588993123885,0.9
1,2025-02-07,22,Friday,same_hour_last_week,500,138,259,0.5328185328185329,Late evening,Weekday,0.7489345377155315,0.6,0.8516631739949175,0.7,0.8946996117814779,0.85
1,2025-02-07,22,Friday,trailing_4_week_profile,500,138,259,0.5328185328185329,Late evening,Weekday,0.7255620811493034,0.6,0.8466474546945045,0.7,0.8976075208506339,0.9
1,2025-02-07,22,Friday,global_popularity,1000,102,259,0.3938223938223938,Late evening,Weekday,0.6670308646668728,0.4,0.6896496045372892,0.4,0.813415015294067,0.8
1,2025-02-07,22,Friday,zone_hour_profile,1000,102,259,0.3938223938223938,Late evening,Weekday,0.7221804657148758,0.6,0.8423702529895346,0.7,0.898588993123885,0.9
1,2025-02-07,22,Friday,same_hour_last_week,1000,102,259,0.3938223938223938,Late evening,Weekday,0.7489345377155315,0.6,0.8516631739949175,0.7,0.8946996117814779,0.85
1,2025-02-07,22,Friday,trailing_4_week_profile,1000,102,259,0.3938223938223938,Late evening,Weekday,0.7255620811493034,0.6,0.8466474546945045,0.7,0.8976075208506339,0.9
1,2025-02-07,23,Friday,global_popularity,500,138,259,0.5328185328185329,Late evening,Weekday,0.41025607666508745,0.2,0.4544223590888669,0.3,0.6362383346733833,0.6
1,2025-02-07,23,Friday,zone_hour_profile,500,138,259,0.5328185328185329,Late evening,Weekday,0.8675666233908167,0.6,0.9413024062283951,0.8,0.9441842014793165,0.85
1,2025-02-07,23,Friday,same_hour_last_week,500,138,259,0.5328185328185329,Late evening,Weekday,0.867225743031434,0.6,0.9525598952843021,0.9,0.9437774707041009,0.9
1,2025-02-07,23,Friday,trailing_4_week_profile,500,138,259,0.5328185328185329,Late evening,Weekday,0.8675666233908167,0.6,0.9332371961686641,0.8,0.9399273530559472,0.85
1,2025-02-07,23,Friday,global_popularity,1000,102,259,0.3938223938223938,Late evening,Weekday,0.41025607666508745,0.2,0.4544223590888669,0.3,0.6362383346733833,0.6
1,2025-02-07,23,Friday,zone_hour_profile,1000,102,259,0.3938223938223938,Late evening,Weekday,0.8675666233908167,0.6,0.9413024062283951,0.8,0.9441842014793165,0.85
1,2025-02-07,23,Friday,same_hour_last_week,1000,102,259,0.3938223938223938,Late evening,Weekday,0.867225743031434,0.6,0.9525598952843021,0.9,0.9437774707041009,0.9
1,2025-02-07,23,Friday,trailing_4_week_profile,1000,102,259,0.3938223938223938,Late evening,Weekday,0.8675666233908167,0.6,0.9332371961686641,0.8,0.9399273530559472,0.85
1,2025-02-08,0,Saturday,global_popularity,500,138,259,0.5328185328185329,Overnight,Weekend,0.18508332793182392,0.0,0.2742179713451477,0.1,0.4763441581327581,0.55
1,2025-02-08,0,Saturday,zone_hour_profile,500,138,259,0.5328185328185329,Overnight,Weekend,0.9859332662425386,0.8,0.9894516323751403,0.9,0.9968686197034274,0.95
1,2025-02-08,0,Saturday,same_hour_last_week,500,138,259,0.5328185328185329,Overnight,Weekend,1.0,1.0,0.9915034774745438,0.9,0.9987079611096142,0.95
1,2025-02-08,0,Saturday,trailing_4_week_profile,500,138,259,0.5328185328185329,Overnight,Weekend,0.9859332662425386,0.8,0.9894516323751403,0.9,0.9971079408485273,0.95
1,2025-02-08,0,Saturday,global_popularity,1000,102,259,0.3938223938223938,Overnight,Weekend,0.18508332793182392,0.0,0.2742179713451477,0.1,0.4763441581327581,0.55
1,2025-02-08,0,Saturday,zone_hour_profile,1000,102,259,0.3938223938223938,Overnight,Weekend,0.9859332662425386,0.8,0.9894516323751403,0.9,0.9968686197034274,0.95
1,2025-02-08,0,Saturday,same_hour_last_week,1000,102,259,0.3938223938223938,Overnight,Weekend,1.0,1.0,0.9915034774745438,0.9,0.9987079611096142,0.95
1,2025-02-08,0,Saturday,trailing_4_week_profile,1000,102,259,0.3938223938223938,Overnight,Weekend,0.9859332662425386,0.8,0.9894516323751403,0.9,0.9971079408485273,0.95
1,2025-02-08,1,Saturday,global_popularity,500,138,259,0.5328185328185329,Overnight,Weekend,0.0915109443906483,0.0,0.15274922596622464,0.1,0.34469878250359587,0.45
1,2025-02-08,1,Saturday,zone_hour_profile,500,138,259,0.5328185328185329,Overnight,Weekend,0.9982448823904254,1.0,0.996224475771804,0.9,0.9958694542450368,0.95
1,2025-02-08,1,Saturday,same_hour_last_week,500,138,259,0.5328185328185329,Overnight,Weekend,1.0,1.0,0.9917470718959976,0.8,0.9922900952443622,0.9
1,2025-02-08,1,Saturday,trailing_4_week_profile,500,138,259,0.5328185328185329,Overnight,Weekend,0.9982448823904254,1.0,0.9956902243975562,0.9,0.9959904606171712,0.95
1,2025-02-08,1,Saturday,global_popularity,1000,102,259,0.3938223938223938,Overnight,Weekend,0.0915109443906483,0.0,0.15274922596622464,0.1,0.34469878250359587,0.45
1,2025-02-08,1,Saturday,zone_hour_profile,1000,102,259,0.3938223938223938,Overnight,Weekend,0.9982448823904254,1.0,0.996224475771804,0.9,0.9958694542450368,0.95
1,2025-02-08,1,Saturday,same_hour_last_week,1000,102,259,0.3938223938223938,Overnight,Weekend,1.0,1.0,0.9917470718959976,0.8,0.9922900952443622,0.9
1,2025-02-08,1,Saturday,trailing_4_week_profile,1000,102,259,0.3938223938223938,Overnight,Weekend,0.9982448823904254,1.0,0.9956902243975562,0.9,0.9959904606171712,0.95
1,2025-02-08,2,Saturday,global_popularity,500,138,259,0.5328185328185329,Overnight,Weekend,0.05692653353110112,0.0,0.0966156588403153,0.1,0.2800446250219715,0.45
1,2025-02-08,2,Saturday,zone_hour_profile,500,138,259,0.5328185328185329,Overnight,Weekend,1.0,1.0,0.9810171571815758,0.7,0.9904071161614567,0.9
1,2025-02-08,2,Saturday,same_hour_last_week,500,138,259,0.5328185328185329,Overnight,Weekend,1.0,1.0,0.9830605839422104,0.8,0.9897691341770475,0.9
1,2025-02-08,2,Saturday,trailing_4_week_profile,500,138,259,0.5328185328185329,Overnight,Weekend,1.0,1.0,0.9810171571815758,0.7,0.9905360821236118,0.9
1,2025-02-08,2,Saturday,global_popularity,1000,102,259,0.3938223938223938,Overnight,Weekend,0.05692653353110112,0.0,0.0966156588403153,0.1,0.2800446250219715,0.45
1,2025-02-08,2,Saturday,zone_hour_profile,1000,102,259,0.3938223938223938,Overnight,Weekend,1.0,1.0,0.9810171571815758,0.7,0.9904071161614567,0.9
1,2025-02-08,2,Saturday,same_hour_last_week,1000,102,259,0.3938223938223938,Overnight,Weekend,1.0,1.0,0.9830605839422104,0.8,0.9897691341770475,0.9
1,2025-02-08,2,Saturday,trailing_4_week_profile,1000,102,259,0.3938223938223938,Overnight,Weekend,1.0,1.0,0.9810171571815758,0.7,0.9905360821236118,0.9
1,2025-02-08,3,Saturday,global_popularity,500,138,259,0.5328185328185329,Overnight,Weekend,0.03758368571704678,0.0,0.06954967714278987,0.0,0.2691125555562304,0.3
1,2025-02-08,3,Saturday,zone_hour_profile,500,138,259,0.5328185328185329,Overnight,Weekend,1.0,1.0,0.9981715842267563,0.9,0.9906415111331784,0.9
1,2025-02-08,3,Saturday,same_hour_last_week,500,138,259,0.5328185328185329,Overnight,Weekend,0.9812391797960975,1.0,0.9699351690314555,0.9,0.9697080990360599,0.85
1,2025-02-08,3,Saturday,trailing_4_week_profile,500,138,259,0.5328185328185329,Overnight,Weekend,0.9812391797960975,1.0,0.9823748597923194,0.9,0.976253265219045,0.9
1,2025-02-08,3,Saturday,global_popularity,1000,102,259,0.3938223938223938,Overnight,Weekend,0.03758368571704678,0.0,0.06954967714278987,0.0,0.2691125555562304,0.3
1,2025-02-08,3,Saturday,zone_hour_profile,1000,102,259,0.3938223938223938,Overnight,Weekend,1.0,1.0,0.9981715842267563,0.9,0.9906415111331784,0.9
1,2025-02-08,3,Saturday,same_hour_last_week,1000,102,259,0.3938223938223938,Overnight,Weekend,0.9812391797960975,1.0,0.9699351690314555,0.9,0.9697080990360599,0.85
1,2025-02-08,3,Saturday,trailing_4_week_profile,1000,102,259,0.3938223938223938,Overnight,Weekend,0.9812391797960975,1.0,0.9823748597923194,0.9,0.976253265219045,0.9
1,2025-02-08,4,Saturday,global_popularity,500,138,259,0.5328185328185329,Overnight,Weekend,0.25663190171914335,0.2,0.2615014994681525,0.1,0.43848659635466875,0.45
1,2025-02-08,4,Saturday,zone_hour_profile,500,138,259,0.5328185328185329,Overnight,Weekend,0.6487087532642883,0.8,0.7115943436312626,0.8,0.7721572844221805,0.75
1,2025-02-08,4,Saturday,same_hour_last_week,500,138,259,0.5328185328185329,Overnight,Weekend,0.9320671207684862,0.8,0.9023287925771163,0.8,0.8907299849075253,0.7
1,2025-02-08,4,Saturday,trailing_4_week_profile,500,138,259,0.5328185328185329,Overnight,Weekend,0.9314109098134196,0.8,0.9272518285098661,0.8,0.8979249884251891,0.7
1,2025-02-08,4,Saturday,global_popularity,1000,102,259,0.3938223938223938,Overnight,Weekend,0.25663190171914335,0.2,0.2615014994681525,0.1,0.43848659635466875,0.45
1,2025-02-08,4,Saturday,zone_hour_profile,1000,102,259,0.3938223938223938,Overnight,Weekend,0.6487087532642883,0.8,0.7115943436312626,0.8,0.7721572844221805,0.75
1,2025-02-08,4,Saturday,same_hour_last_week,1000,102,259,0.3938223938223938,Overnight,Weekend,0.9320671207684862,0.8,0.9252782930317468,0.8,0.8969460648453926,0.7
1,2025-02-08,4,Saturday,trailing_4_week_profile,1000,102,259,0.3938223938223938,Overnight,Weekend,0.9314109098134196,0.8,0.9272518285098661,0.8,0.9074538933358355,0.7
1,2025-02-08,5,Saturday,global_popularity,500,138,259,0.5328185328185329,Overnight,Weekend,0.4478524621053856,0.4,0.4831685814795955,0.5,0.5287465141155375,0.5
1,2025-02-08,5,Saturday,zone_hour_profile,500,138,259,0.5328185328185329,Overnight,Weekend,0.9361945701302169,0.4,0.8974501789776168,0.4,0.8989004803347734,0.65
1,2025-02-08,5,Saturday,same_hour_last_week,500,138,259,0.5328185328185329,Overnight,Weekend,0.9420929363508866,0.4,0.8857809282556901,0.4,0.8894375896663985,0.6
1,2025-02-08,5,Saturday,trailing_4_week_profile,500,138,259,0.5328185328185329,Overnight,Weekend,0.9361945701302169,0.4,0.8845286782406113,0.3,0.8941642606008329,0.65
1,2025-02-08,5,Saturday,global_popularity,1000,102,259,0.3938223938223938,Overnight,Weekend,0.4478524621053856,0.4,0.4831685814795955,0.5,0.5287465141155375,0.5
1,2025-02-08,5,Saturday,zone_hour_profile,1000,102,259,0.3938223938223938,Overnight,Weekend,0.9361945701302169,0.4,0.8974501789776168,0.4,0.8989004803347734,0.65
1,2025-02-08,5,Saturday,same_hour_last_week,1000,102,259,0.3938223938223938,Overnight,Weekend,0.9420929363508866,0.4,0.8927759419410259,0.4,0.8991908384947633,0.6
1,2025-02-08,5,Saturday,trailing_4_week_profile,1000,102,259,0.3938223938223938,Overnight,Weekend,0.9361945701302169,0.4,0.8845286782406113,0.3,0.8941642606008329,0.65
1,2025-02-08,6,Saturday,global_popularity,500,138,259,0.5328185328185329,Morning,Weekend,0.44880102061281046,0.2,0.4931617442167972,0.3,0.5337361036302594,0.7
1,2025-02-08,6,Saturday,zone_hour_profile,500,138,259,0.5328185328185329,Morning,Weekend,0.9706035828178008,0.6,0.9662911724373469,0.7,0.9600243631166576,0.75
1,2025-02-08,6,Saturday,same_hour_last_week,500,138,259,0.5328185328185329,Morning,Weekend,0.9587428601520185,0.6,0.944661708300714,0.6,0.9425400773879399,0.65
1,2025-02-08,6,Saturday,trailing_4_week_profile,500,138,259,0.5328185328185329,Morning,Weekend,0.9720800544246584,0.6,0.9718575842505149,0.7,0.9602330779694606,0.75
1,2025-02-08,6,Saturday,global_popularity,1000,102,259,0.3938223938223938,Morning,Weekend,0.44880102061281046,0.2,0.4931617442167972,0.3,0.5337361036302594,0.7
1,2025-02-08,6,Saturday,zone_hour_profile,1000,102,259,0.3938223938223938,Morning,Weekend,0.9706035828178008,0.6,0.9662911724373469,0.7,0.9600243631166576,0.75
1,2025-02-08,6,Saturday,same_hour_last_week,1000,102,259,0.3938223938223938,Morning,Weekend,0.9587428601520185,0.6,0.944661708300714,0.6,0.9425400773879399,0.65
1,2025-02-08,6,Saturday,trailing_4_week_profile,1000,102,259,0.3938223938223938,Morning,Weekend,0.9720800544246584,0.6,0.9718575842505149,0.7,0.9602330779694606,0.75
1,2025-02-08,7,Saturday,global_popularity,500,138,259,0.5328185328185329,Morning,Weekend,0.5563089542094972,0.2,0.6015982767577371,0.5,0.6355861056736196,0.75
1,2025-02-08,7,Saturday,zone_hour_profile,500,138,259,0.5328185328185329,Morning,Weekend,0.9719259932804505,0.6,0.9754617189834668,0.8,0.9793807853565032,0.9
1,2025-02-08,7,Saturday,same_hour_last_week,500,138,259,0.5328185328185329,Morning,Weekend,0.971185380016357,0.4,0.9738515004418967,0.8,0.9826783716244907,0.95
1,2025-02-08,7,Saturday,trailing_4_week_profile,500,138,259,0.5328185328185329,Morning,Weekend,0.9876940179179347,0.6,0.978551364167022,0.8,0.9817878139486025,0.9
1,2025-02-08,7,Saturday,global_popularity,1000,102,259,0.3938223938223938,Morning,Weekend,0.5563089542094972,0.2,0.6015982767577371,0.5,0.6355861056736196,0.75
1,2025-02-08,7,Saturday,zone_hour_profile,1000,102,259,0.3938223938223938,Morning,Weekend,0.9719259932804505,0.6,0.9754617189834668,0.8,0.9793807853565032,0.9
1,2025-02-08,7,Saturday,same_hour_last_week,1000,102,259,0.3938223938223938,Morning,Weekend,0.971185380016357,0.4,0.9738515004418967,0.8,0.9826783716244907,0.95
1,2025-02-08,7,Saturday,trailing_4_week_profile,1000,102,259,0.3938223938223938,Morning,Weekend,0.9876940179179347,0.6,0.978551364167022,0.8,0.9817878139486025,0.9
1,2025-02-08,8,Saturday,global_popularity,500,138,259,0.5328185328185329,Morning,Weekend,0.7497359957008486,0.8,0.7903296825448799,0.8,0.8084719176668902,0.7
1,2025-02-08,8,Saturday,zone_hour_profile,500,138,259,0.5328185328185329,Morning,Weekend,0.9704342366818262,0.8,0.9873740612557781,0.9,0.9901371285832162,0.95
1,2025-02-08,8,Saturday,same_hour_last_week,500,138,259,0.5328185328185329,Morning,Weekend,0.8178472932551218,0.6,0.8487922769594106,0.7,0.8947147608944415,0.9
1,2025-02-08,8,Saturday,trailing_4_week_profile,500,138,259,0.5328185328185329,Morning,Weekend,0.8772955367807028,0.8,0.8794856259009405,0.8,0.9301149800954287,0.95
1,2025-02-08,8,Saturday,global_popularity,1000,102,259,0.3938223938223938,Morning,Weekend,0.7497359957008486,0.8,0.7903296825448799,0.8,0.8084719176668902,0.7
1,2025-02-08,8,Saturday,zone_hour_profile,1000,102,259,0.3938223938223938,Morning,Weekend,0.9704342366818262,0.8,0.9873740612557781,0.9,0.9901371285832162,0.95
1,2025-02-08,8,Saturday,same_hour_last_week,1000,102,259,0.3938223938223938,Morning,Weekend,0.8178472932551218,0.6,0.8487922769594106,0.7,0.8947147608944415,0.9
1,2025-02-08,8,Saturday,trailing_4_week_profile,1000,102,259,0.3938223938223938,Morning,Weekend,0.8772955367807028,0.8,0.8794856259009405,0.8,0.9301149800954287,0.95
1,2025-02-08,9,Saturday,global_popularity,500,138,259,0.5328185328185329,Morning,Weekend,0.7518765143206626,0.6,0.7811687281218438,0.6,0.8254808517163617,0.75
1,2025-02-08,9,Saturday,zone_hour_profile,500,138,259,0.5328185328185329,Morning,Weekend,0.7454735774039152,0.6,0.7797414619409849,0.7,0.8695677555671405,0.9
1,2025-02-08,9,Saturday,same_hour_last_week,500,138,259,0.5328185328185329,Morning,Weekend,0.7454735774039152,0.6,0.7701360131557224,0.5,0.8590005285823378,0.85
1,2025-02-08,9,Saturday,trailing_4_week_profile,500,138,259,0.5328185328185329,Morning,Weekend,0.7454735774039152,0.6,0.7797414619409849,0.7,0.868337689726966,0.9
1,2025-02-08,9,Saturday,global_popularity,1000,102,259,0.3938223938223938,Morning,Weekend,0.7518765143206626,0.6,0.7811687281218438,0.6,0.8254808517163617,0.75
1,2025-02-08,9,Saturday,zone_hour_profile,1000,102,259,0.3938223938223938,Morning,Weekend,0.7454735774039152,0.6,0.7797414619409849,0.7,0.8695677555671405,0.9
1,2025-02-08,9,Saturday,same_hour_last_week,1000,102,259,0.3938223938223938,Morning,Weekend,0.7454735774039152,0.6,0.7701360131557224,0.5,0.8590005285823378,0.85
1,2025-02-08,9,Saturday,trailing_4_week_profile,1000,102,259,0.3938223938223938,Morning,Weekend,0.7454735774039152,0.6,0.7797414619409849,0.7,0.868337689726966,0.9
1,2025-02-08,10,Saturday,global_popularity,500,138,259,0.5328185328185329,Midday,Weekend,0.7995579762166383,0.6,0.8378154544118107,0.8,0.8745267261128077,0.75
1,2025-02-08,10,Saturday,zone_hour_profile,500,138,259,0.5328185328185329,Midday,Weekend,0.7636315281469157,0.6,0.8157525690337581,0.8,0.9089738706627596,0.9
1,2025-02-08,10,Saturday,same_hour_last_week,500,138,259,0.5328185328185329,Midday,Weekend,0.7643687205388093,0.6,0.8073495586406623,0.8,0.8320826264634712,0.9
1,2025-02-08,10,Saturday,trailing_4_week_profile,500,138,259,0.5328185328185329,Midday,Weekend,0.7636315281469157,0.6,0.8144776167357233,0.8,0.8419883393831892,0.9
1,2025-02-08,10,Saturday,global_popularity,1000,102,259,0.3938223938223938,Midday,Weekend,0.7995579762166383,0.6,0.8378154544118107,0.8,0.8745267261128077,0.75
1,2025-02-08,10,Saturday,zone_hour_profile,1000,102,259,0.3938223938223938,Midday,Weekend,0.7636315281469157,0.6,0.8157525690337581,0.8,0.9089738706627596,0.9
1,2025-02-08,10,Saturday,same_hour_last_week,1000,102,259,0.3938223938223938,Midday,Weekend,0.7643687205388093,0.6,0.8073495586406623,0.8,0.8320826264634712,0.9
1,2025-02-08,10,Saturday,trailing_4_week_profile,1000,102,259,0.3938223938223938,Midday,Weekend,0.7636315281469157,0.6,0.8144776167357233,0.8,0.8419883393831892,0.9
1,2025-02-08,11,Saturday,global_popularity,500,138,259,0.5328185328185329,Midday,Weekend,0.807484703235323,0.6,0.8691478333595153,0.7,0.8996199188425411,0.75
1,2025-02-08,11,Saturday,zone_hour_profile,500,138,259,0.5328185328185329,Midday,Weekend,0.857933825403002,0.6,0.875636246148704,0.6,0.9265663535954739,0.95
1,2025-02-08,11,Saturday,same_hour_last_week,500,138,259,0.5328185328185329,Midday,Weekend,0.8456934733403012,0.6,0.8642842301370721,0.7,0.8866546325516621,0.9
1,2025-02-08,11,Saturday,trailing_4_week_profile,500,138,259,0.5328185328185329,Midday,Weekend,0.8750558400237745,0.6,0.875200771366168,0.6,0.8985241909370604,0.9
1,2025-02-08,11,Saturday,global_popularity,1000,102,259,0.3938223938223938,Midday,Weekend,0.807484703235323,0.6,0.8691478333595153,0.7,0.8996199188425411,0.75
1,2025-02-08,11,Saturday,zone_hour_profile,1000,102,259,0.3938223938223938,Midday,Weekend,0.857933825403002,0.6,0.875636246148704,0.6,0.9265663535954739,0.95
1,2025-02-08,11,Saturday,same_hour_last_week,1000,102,259,0.3938223938223938,Midday,Weekend,0.8456934733403012,0.6,0.8642842301370721,0.7,0.8866546325516621,0.9
1,2025-02-08,11,Saturday,trailing_4_week_profile,1000,102,259,0.3938223938223938,Midday,Weekend,0.8750558400237745,0.6,0.875200771366168,0.6,0.8985241909370604,0.9
1,2025-02-08,12,Saturday,global_popularity,500,138,259,0.5328185328185329,Midday,Weekend,0.8077554552923439,0.8,0.8432874438454873,0.7,0.8851071104208694,0.8
1,2025-02-08,12,Saturday,zone_hour_profile,500,138,259,0.5328185328185329,Midday,Weekend,0.7083583110405797,0.6,0.7388944350305854,0.6,0.8325015229963368,0.8
1,2025-02-08,12,Saturday,same_hour_last_week,500,138,259,0.5328185328185329,Midday,Weekend,0.7096163005178773,0.6,0.7485397384564165,0.7,0.7881634463972135,0.85
1,2025-02-08,12,Saturday,trailing_4_week_profile,500,138,259,0.5328185328185329,Midday,Weekend,0.7083583110405797,0.6,0.7507299154341254,0.8,0.8373909541654074,0.85
1,2025-02-08,12,Saturday,global_popularity,1000,102,259,0.3938223938223938,Midday,Weekend,0.8077554552923439,0.8,0.8432874438454873,0.7,0.8851071104208694,0.8
1,2025-02-08,12,Saturday,zone_hour_profile,1000,102,259,0.3938223938223938,Midday,Weekend,0.7083583110405797,0.6,0.7388944350305854,0.6,0.8325015229963368,0.8
1,2025-02-08,12,Saturday,same_hour_last_week,1000,102,259,0.3938223938223938,Midday,Weekend,0.7096163005178773,0.6,0.7485397384564165,0.7,0.7881634463972135,0.85
1,2025-02-08,12,Saturday,trailing_4_week_profile,1000,102,259,0.3938223938223938,Midday,Weekend,0.7083583110405797,0.6,0.7507299154341254,0.8,0.8373909541654074,0.85
1,2025-02-08,13,Saturday,global_popularity,500,138,259,0.5328185328185329,Midday,Weekend,0.831098378802368,0.6,0.8808399245719651,0.8,0.9046858817342937,0.8
1,2025-02-08,13,Saturday,zone_hour_profile,500,138,259,0.5328185328185329,Midday,Weekend,0.763045953734284,0.8,0.7921644283047337,0.7,0.8799877978517664,0.85
1,2025-02-08,13,Saturday,same_hour_last_week,500,138,259,0.5328185328185329,Midday,Weekend,0.763045953734284,0.8,0.7915071183197272,0.6,0.8839026693705151,0.85
1,2025-02-08,13,Saturday,trailing_4_week_profile,500,138,259,0.5328185328185329,Midday,Weekend,0.763045953734284,0.8,0.7937559153631225,0.7,0.8820662424824178,0.85
1,2025-02-08,13,Saturday,global_popularity,1000,102,259,0.3938223938223938,Midday,Weekend,0.831098378802368,0.6,0.8808399245719651,0.8,0.9046858817342937,0.8
1,2025-02-08,13,Saturday,zone_hour_profile,1000,102,259,0.3938223938223938,Midday,Weekend,0.763045953734284,0.8,0.7921644283047337,0.7,0.8799877978517664,0.85
1,2025-02-08,13,Saturday,same_hour_last_week,1000,102,259,0.3938223938223938,Midday,Weekend,0.763045953734284,0.8,0.7915071183197272,0.6,0.8839026693705151,0.85
1,2025-02-08,13,Saturday,trailing_4_week_profile,1000,102,259,0.3938223938223938,Midday,Weekend,0.763045953734284,0.8,0.7937559153631225,0.7,0.8820662424824178,0.85
1,2025-02-08,14,Saturday,global_popularity,500,138,259,0.5328185328185329,Midday,Weekend,0.7209020224655035,0.6,0.771235994441065,0.8,0.8214858246462522,0.8
1,2025-02-08,14,Saturday,zone_hour_profile,500,138,259,0.5328185328185329,Midday,Weekend,0.5636869217437633,0.6,0.7474680803886594,0.7,0.8167843588896927,0.85
1,2025-02-08,14,Saturday,same_hour_last_week,500,138,259,0.5328185328185329,Midday,Weekend,0.7496691367542404,0.8,0.8116869646603483,0.9,0.8421797083990384,0.85
1,2025-02-08,14,Saturday,trailing_4_week_profile,500,138,259,0.5328185328185329,Midday,Weekend,0.5636869217437633,0.6,0.7471989653640502,0.7,0.8159069253052877,0.85
1,2025-02-08,14,Saturday,global_popularity,1000,102,259,0.3938223938223938,Midday,Weekend,0.7209020224655035,0.6,0.771235994441065,0.8,0.8214858246462522,0.8
1,2025-02-08,14,Saturday,zone_hour_profile,1000,102,259,0.3938223938223938,Midday,Weekend,0.5636869217437633,0.6,0.7474680803886594,0.7,0.8167843588896927,0.85
1,2025-02-08,14,Saturday,same_hour_last_week,1000,102,259,0.3938223938223938,Midday,Weekend,0.7496691367542404,0.8,0.8116869646603483,0.9,0.8421797083990384,0.85
1,2025-02-08,14,Saturday,trailing_4_week_profile,1000,102,259,0.3938223938223938,Midday,Weekend,0.5636869217437633,0.6,0.7471989653640502,0.7,0.8159069253052877,0.85
1,2025-02-08,15,Saturday,global_popularity,500,138,259,0.5328185328185329,Midday,Weekend,0.6867602287692011,0.6,0.7345757408059647,0.7,0.8024624970140313,0.85
1,2025-02-08,15,Saturday,zone_hour_profile,500,138,259,0.5328185328185329,Midday,Weekend,0.6982832829339565,0.8,0.7316489207223399,0.7,0.8034988892588943,0.9
1,2025-02-08,15,Saturday,same_hour_last_week,500,138,259,0.5328185328185329,Midday,Weekend,0.698873823223872,0.8,0.7327029177517282,0.7,0.7726750491903237,0.9
1,2025-02-08,15,Saturday,trailing_4_week_profile,500,138,259,0.5328185328185329,Midday,Weekend,0.6982832829339565,0.8,0.7375513290678894,0.8,0.8103575023373278,0.95
1,2025-02-08,15,Saturday,global_popularity,1000,102,259,0.3938223938223938,Midday,Weekend,0.6867602287692011,0.6,0.7345757408059647,0.7,0.8024624970140313,0.85
1,2025-02-08,15,Saturday,zone_hour_profile,1000,102,259,0.3938223938223938,Midday,Weekend,0.6982832829339565,0.8,0.7316489207223399,0.7,0.8034988892588943,0.9
1,2025-02-08,15,Saturday,same_hour_last_week,1000,102,259,0.3938223938223938,Midday,Weekend,0.698873823223872,0.8,0.7327029177517282,0.7,0.7726750491903237,0.9
1,2025-02-08,15,Saturday,trailing_4_week_profile,1000,102,259,0.3938223938223938,Midday,Weekend,0.6982832829339565,0.8,0.7375513290678894,0.8,0.8103575023373278,0.95
1,2025-02-08,16,Saturday,global_popularity,500,138,259,0.5328185328185329,Evening,Weekend,0.7762857870272799,1.0,0.8069291889020774,0.7,0.8342371040484143,0.85
1,2025-02-08,16,Saturday,zone_hour_profile,500,138,259,0.5328185328185329,Evening,Weekend,0.5924133412833911,0.8,0.7870142365864039,0.7,0.8247830549941928,0.9
1,2025-02-08,16,Saturday,same_hour_last_week,500,138,259,0.5328185328185329,Evening,Weekend,0.5923857075199341,0.8,0.7649010481233275,0.6,0.8138922249219108,0.85
1,2025-02-08,16,Saturday,trailing_4_week_profile,500,138,259,0.5328185328185329,Evening,Weekend,0.5924133412833911,0.8,0.7870342842594744,0.7,0.8247562223649324,0.9
1,2025-02-08,16,Saturday,global_popularity,1000,102,259,0.3938223938223938,Evening,Weekend,0.7762857870272799,1.0,0.8069291889020774,0.7,0.8342371040484143,0.85
1,2025-02-08,16,Saturday,zone_hour_profile,1000,102,259,0.3938223938223938,Evening,Weekend,0.5924133412833911,0.8,0.7870142365864039,0.7,0.8247830549941928,0.9
1,2025-02-08,16,Saturday,same_hour_last_week,1000,102,259,0.3938223938223938,Evening,Weekend,0.5923857075199341,0.8,0.7649010481233275,0.6,0.8138922249219108,0.85
1,2025-02-08,16,Saturday,trailing_4_week_profile,1000,102,259,0.3938223938223938,Evening,Weekend,0.5924133412833911,0.8,0.7870342842594744,0.7,0.8247562223649324,0.9
1,2025-02-08,17,Saturday,global_popularity,500,138,259,0.5328185328185329,Evening,Weekend,0.7152342152547937,0.8,0.7501435991264692,0.7,0.8195765695937094,0.9
1,2025-02-08,17,Saturday,zone_hour_profile,500,138,259,0.5328185328185329,Evening,Weekend,0.5226434305275681,0.6,0.7169738223607809,0.8,0.7678698984552427,0.9
1,2025-02-08,17,Saturday,same_hour_last_week,500,138,259,0.5328185328185329,Evening,Weekend,0.5141226862164919,0.6,0.7238242566833113,0.7,0.7766398763336148,0.9
1,2025-02-08,17,Saturday,trailing_4_week_profile,500,138,259,0.5328185328185329,Evening,Weekend,0.524055662726022,0.6,0.721153914063098,0.7,0.7753655908506527,0.9
1,2025-02-08,17,Saturday,global_popularity,1000,102,259,0.3938223938223938,Evening,Weekend,0.7152342152547937,0.8,0.7501435991264692,0.7,0.8195765695937094,0.9
1,2025-02-08,17,Saturday,zone_hour_profile,1000,102,259,0.3938223938223938,Evening,Weekend,0.5226434305275681,0.6,0.7169738223607809,0.8,0.7678698984552427,0.9
1,2025-02-08,17,Saturday,same_hour_last_week,1000,102,259,0.3938223938223938,Evening,Weekend,0.5141226862164919,0.6,0.7238242566833113,0.7,0.7766398763336148,0.9
1,2025-02-08,17,Saturday,trailing_4_week_profile,1000,102,259,0.3938223938223938,Evening,Weekend,0.524055662726022,0.6,0.721153914063098,0.7,0.7753655908506527,0.9
1,2025-02-08,18,Saturday,global_popularity,500,138,259,0.5328185328185329,Evening,Weekend,0.7870455014427691,0.6,0.8222805052111547,0.7,0.8602762866399585,0.8
1,2025-02-08,18,Saturday,zone_hour_profile,500,138,259,0.5328185328185329,Evening,Weekend,0.676807162465314,0.4,0.8101796718712717,0.7,0.8516064397341016,0.9
1,2025-02-08,18,Saturday,same_hour_last_week,500,138,259,0.5328185328185329,Evening,Weekend,0.655825295916032,0.4,0.7166048357788577,0.8,0.8192629996050781,0.9
1,2025-02-08,18,Saturday,trailing_4_week_profile,500,138,259,0.5328185328185329,Evening,Weekend,0.676807162465314,0.4,0.8053967989269551,0.8,0.8437416101999226,0.9
1,2025-02-08,18,Saturday,global_popularity,1000,102,259,0.3938223938223938,Evening,Weekend,0.7870455014427691,0.6,0.8222805052111547,0.7,0.8602762866399585,0.8
1,2025-02-08,18,Saturday,zone_hour_profile,1000,102,259,0.3938223938223938,Evening,Weekend,0.676807162465314,0.4,0.8101796718712717,0.7,0.8516064397341016,0.9
1,2025-02-08,18,Saturday,same_hour_last_week,1000,102,259,0.3938223938223938,Evening,Weekend,0.655825295916032,0.4,0.7166048357788577,0.8,0.8192629996050781,0.9
1,2025-02-08,18,Saturday,trailing_4_week_profile,1000,102,259,0.3938223938223938,Evening,Weekend,0.676807162465314,0.4,0.8053967989269551,0.8,0.8437416101999226,0.9
1,2025-02-08,19,Saturday,global_popularity,500,138,259,0.5328185328185329,Evening,Weekend,0.7327151671096408,0.6,0.7662596234947211,0.5,0.83035069598047,0.85
1,2025-02-08,19,Saturday,zone_hour_profile,500,138,259,0.5328185328185329,Evening,Weekend,0.7939125788550527,0.8,0.839498828028914,0.7,0.8704138001608315,0.9
1,2025-02-08,19,Saturday,same_hour_last_week,500,138,259,0.5328185328185329,Evening,Weekend,0.6051373397350785,0.8,0.7935128930941711,0.8,0.8259414312210965,0.85
1,2025-02-08,19,Saturday,trailing_4_week_profile,500,138,259,0.5328185328185329,Evening,Weekend,0.8175743204865397,1.0,0.8425113237106594,0.7,0.8732818917694719,0.9
1,2025-02-08,19,Saturday,global_popularity,1000,102,259,0.3938223938223938,Evening,Weekend,0.7327151671096408,0.6,0.7662596234947211,0.5,0.83035069598047,0.85
1,2025-02-08,19,Saturday,zone_hour_profile,1000,102,259,0.3938223938223938,Evening,Weekend,0.7939125788550527,0.8,0.839498828028914,0.7,0.8704138001608315,0.9
1,2025-02-08,19,Saturday,same_hour_last_week,1000,102,259,0.3938223938223938,Evening,Weekend,0.6051373397350785,0.8,0.7935128930941711,0.8,0.8259414312210965,0.85
1,2025-02-08,19,Saturday,trailing_4_week_profile,1000,102,259,0.3938223938223938,Evening,Weekend,0.8175743204865397,1.0,0.8425113237106594,0.7,0.8732818917694719,0.9
1,2025-02-08,20,Saturday,global_popularity,500,138,259,0.5328185328185329,Evening,Weekend,0.6237535132938234,0.2,0.6917672080320719,0.4,0.7957980466653328,0.75
1,2025-02-08,20,Saturday,zone_hour_profile,500,138,259,0.5328185328185329,Evening,Weekend,0.9627701947779534,0.6,0.9509389863150546,0.6,0.9777030168276735,0.8
1,2025-02-08,20,Saturday,same_hour_last_week,500,138,259,0.5328185328185329,Evening,Weekend,0.7592897563986761,0.4,0.8803190137073922,0.7,0.905603873079074,0.85
1,2025-02-08,20,Saturday,trailing_4_week_profile,500,138,259,0.5328185328185329,Evening,Weekend,0.913721440173332,0.6,0.925603098082744,0.7,0.9569149270848035,0.85
1,2025-02-08,20,Saturday,global_popularity,1000,102,259,0.3938223938223938,Evening,Weekend,0.6237535132938234,0.2,0.6917672080320719,0.4,0.7957980466653328,0.75
1,2025-02-08,20,Saturday,zone_hour_profile,1000,102,259,0.3938223938223938,Evening,Weekend,0.9627701947779534,0.6,0.9509389863150546,0.6,0.9777030168276735,0.8
1,2025-02-08,20,Saturday,same_hour_last_week,1000,102,259,0.3938223938223938,Evening,Weekend,0.7592897563986761,0.4,0.8803190137073922,0.7,0.905603873079074,0.85
1,2025-02-08,20,Saturday,trailing_4_week_profile,1000,102,259,0.3938223938223938,Evening,Weekend,0.913721440173332,0.6,0.925603098082744,0.7,0.9569149270848035,0.85
1,2025-02-08,21,Saturday,global_popularity,500,138,259,0.5328185328185329,Late evening,Weekend,0.5943130322356635,0.2,0.6635390212935088,0.4,0.7903025650785843,0.75
1,2025-02-08,21,Saturday,zone_hour_profile,500,138,259,0.5328185328185329,Late evening,Weekend,0.8396266203753738,0.6,0.8599032402599103,0.7,0.903547588762698,0.85
1,2025-02-08,21,Saturday,same_hour_last_week,500,138,259,0.5328185328185329,Late evening,Weekend,0.783956437902087,0.4,0.8712600360926879,0.8,0.8979287398774143,0.85
1,2025-02-08,21,Saturday,trailing_4_week_profile,500,138,259,0.5328185328185329,Late evening,Weekend,0.8396266203753738,0.6,0.8599032402599103,0.7,0.9040156085256333,0.85
1,2025-02-08,21,Saturday,global_popularity,1000,102,259,0.3938223938223938,Late evening,Weekend,0.5943130322356635,0.2,0.6635390212935088,0.4,0.7903025650785843,0.75
1,2025-02-08,21,Saturday,zone_hour_profile,1000,102,259,0.3938223938223938,Late evening,Weekend,0.8396266203753738,0.6,0.8599032402599103,0.7,0.903547588762698,0.85
1,2025-02-08,21,Saturday,same_hour_last_week,1000,102,259,0.3938223938223938,Late evening,Weekend,0.783956437902087,0.4,0.8712600360926879,0.8,0.8979287398774143,0.85
1,2025-02-08,21,Saturday,trailing_4_week_profile,1000,102,259,0.3938223938223938,Late evening,Weekend,0.8396266203753738,0.6,0.8599032402599103,0.7,0.9040156085256333,0.85
1,2025-02-08,22,Saturday,global_popularity,500,138,259,0.5328185328185329,Late evening,Weekend,0.5332107284589575,0.0,0.6199671445656539,0.5,0.7459632585061479,0.7
1,2025-02-08,22,Saturday,zone_hour_profile,500,138,259,0.5328185328185329,Late evening,Weekend,0.8301053885854657,0.6,0.8550203183199048,0.7,0.9033918422416176,0.9
1,2025-02-08,22,Saturday,same_hour_last_week,500,138,259,0.5328185328185329,Late evening,Weekend,0.8522720401934809,0.6,0.8659668448786008,0.7,0.9072938981342372,0.9
1,2025-02-08,22,Saturday,trailing_4_week_profile,500,138,259,0.5328185328185329,Late evening,Weekend,0.8330407981761813,0.6,0.8580955654512489,0.7,0.9064036296737302,0.9
1,2025-02-08,22,Saturday,global_popularity,1000,102,259,0.3938223938223938,Late evening,Weekend,0.5332107284589575,0.0,0.6199671445656539,0.5,0.7459632585061479,0.7
1,2025-02-08,22,Saturday,zone_hour_profile,1000,102,259,0.3938223938223938,Late evening,Weekend,0.8301053885854657,0.6,0.8550203183199048,0.7,0.9033918422416176,0.9
1,2025-02-08,22,Saturday,same_hour_last_week,1000,102,259,0.3938223938223938,Late evening,Weekend,0.8522720401934809,0.6,0.8659668448786008,0.7,0.9072938981342372,0.9
1,2025-02-08,22,Saturday,trailing_4_week_profile,1000,102,259,0.3938223938223938,Late evening,Weekend,0.8330407981761813,0.6,0.8580955654512489,0.7,0.9064036296737302,0.9
1,2025-02-08,23,Saturday,global_popularity,500,138,259,0.5328185328185329,Late evening,Weekend,0.45525594350931253,0.2,0.5412975056405126,0.3,0.6990108286651954,0.65
1,2025-02-08,23,Saturday,zone_hour_profile,500,138,259,0.5328185328185329,Late evening,Weekend,0.9388302709965791,0.6,0.976110428095825,0.8,0.9811051446623117,0.9
1,2025-02-08,23,Saturday,same_hour_last_week,500,138,259,0.5328185328185329,Late evening,Weekend,0.9642421685774014,0.8,0.9829799685199232,0.8,0.9782165117611605,0.85
1,2025-02-08,23,Saturday,trailing_4_week_profile,500,138,259,0.5328185328185329,Late evening,Weekend,0.9388302709965791,0.6,0.9813390097634755,0.9,0.98524623362861,0.95
1,2025-02-08,23,Saturday,global_popularity,1000,102,259,0.3938223938223938,Late evening,Weekend,0.45525594350931253,0.2,0.5412975056405126,0.3,0.6990108286651954,0.65
1,2025-02-08,23,Saturday,zone_hour_profile,1000,102,259,0.3938223938223938,Late evening,Weekend,0.9388302709965791,0.6,0.976110428095825,0.8,0.9811051446623117,0.9
1,2025-02-08,23,Saturday,same_hour_last_week,1000,102,259,0.3938223938223938,Late evening,Weekend,0.9642421685774014,0.8,0.9829799685199232,0.8,0.9782165117611605,0.85
1,2025-02-08,23,Saturday,trailing_4_week_profile,1000,102,259,0.3938223938223938,Late evening,Weekend,0.9388302709965791,0.6,0.9813390097634755,0.9,0.98524623362861,0.95
1,2025-02-09,0,Sunday,global_popularity,500,138,259,0.5328185328185329,Overnight,Weekend,0.3015119975758783,0.0,0.3687087378811269,0.2,0.5534936067140885,0.6
1,2025-02-09,0,Sunday,zone_hour_profile,500,138,259,0.5328185328185329,Overnight,Weekend,0.9939599047017638,0.8,0.9765396042423972,0.8,0.9906910885715593,0.95
1,2025-02-09,0,Sunday,same_hour_last_week,500,138,259,0.5328185328185329,Overnight,Weekend,0.9979166634369048,0.8,0.9842526969999887,0.9,0.9715529640392425,0.85
1,2025-02-09,0,Sunday,trailing_4_week_profile,500,138,259,0.5328185328185329,Overnight,Weekend,0.978909864900044,0.8,0.9755935406380687,0.8,0.9763346825352222,0.9
1,2025-02-09,0,Sunday,global_popularity,1000,102,259,0.3938223938223938,Overnight,Weekend,0.3015119975758783,0.0,0.3687087378811269,0.2,0.5534936067140885,0.6
1,2025-02-09,0,Sunday,zone_hour_profile,1000,102,259,0.3938223938223938,Overnight,Weekend,0.9939599047017638,0.8,0.9765396042423972,0.8,0.9906910885715593,0.95
1,2025-02-09,0,Sunday,same_hour_last_week,1000,102,259,0.3938223938223938,Overnight,Weekend,0.9979166634369048,0.8,0.9842526969999887,0.9,0.9715529640392425,0.85
1,2025-02-09,0,Sunday,trailing_4_week_profile,1000,102,259,0.3938223938223938,Overnight,Weekend,0.978909864900044,0.8,0.9755935406380687,0.8,0.9763346825352222,0.9
1,2025-02-09,1,Sunday,global_popularity,500,138,259,0.5328185328185329,Overnight,Weekend,0.2127528614719002,0.2,0.2539694834895143,0.2,0.42629552622262123,0.45
1,2025-02-09,1,Sunday,zone_hour_profile,500,138,259,0.5328185328185329,Overnight,Weekend,0.9461116292198912,0.8,0.939225895343427,0.9,0.9425638387398659,0.95
1,2025-02-09,1,Sunday,same_hour_last_week,500,138,259,0.5328185328185329,Overnight,Weekend,0.9461116292198912,0.8,0.9407705656842578,0.9,0.9367320712627681,0.9
1,2025-02-09,1,Sunday,trailing_4_week_profile,500,138,259,0.5328185328185329,Overnight,Weekend,0.9461116292198912,0.8,0.939225895343427,0.9,0.9425638387398659,0.95
1,2025-02-09,1,Sunday,global_popularity,1000,102,259,0.3938223938223938,Overnight,Weekend,0.2127528614719002,0.2,0.2539694834895143,0.2,0.42629552622262123,0.45
1,2025-02-09,1,Sunday,zone_hour_profile,1000,102,259,0.3938223938223938,Overnight,Weekend,0.9461116292198912,0.8,0.939225895343427,0.9,0.9425638387398659,0.95
1,2025-02-09,1,Sunday,same_hour_last_week,1000,102,259,0.3938223938223938,Overnight,Weekend,0.9461116292198912,0.8,0.9407705656842578,0.9,0.9367320712627681,0.9
1,2025-02-09,1,Sunday,trailing_4_week_profile,1000,102,259,0.3938223938223938,Overnight,Weekend,0.9461116292198912,0.8,0.939225895343427,0.9,0.9425638387398659,0.95
1,2025-02-09,2,Sunday,global_popularity,500,138,259,0.5328185328185329,Overnight,Weekend,0.18989819237120314,0.2,0.2150308301293691,0.1,0.37952574851633636,0.4
1,2025-02-09,2,Sunday,zone_hour_profile,500,138,259,0.5328185328185329,Overnight,Weekend,0.9326192425693759,0.8,0.9165794074348055,0.8,0.9236293735799038,0.9
1,2025-02-09,2,Sunday,same_hour_last_week,500,138,259,0.5328185328185329,Overnight,Weekend,0.9330920775896093,0.8,0.9127719662089131,0.8,0.9217482361514322,0.9
1,2025-02-09,2,Sunday,trailing_4_week_profile,500,138,259,0.5328185328185329,Overnight,Weekend,0.9326192425693759,0.8,0.916767350894293,0.8,0.9218337033039969,0.9
1,2025-02-09,2,Sunday,global_popularity,1000,102,259,0.3938223938223938,Overnight,Weekend,0.18989819237120314,0.2,0.2150308301293691,0.1,0.37952574851633636,0.4
1,2025-02-09,2,Sunday,zone_hour_profile,1000,102,259,0.3938223938223938,Overnight,Weekend,0.9326192425693759,0.8,0.9165794074348055,0.8,0.9236293735799038,0.9
1,2025-02-09,2,Sunday,same_hour_last_week,1000,102,259,0.3938223938223938,Overnight,Weekend,0.9330920775896093,0.8,0.9127719662089131,0.8,0.9217482361514322,0.9
1,2025-02-09,2,Sunday,trailing_4_week_profile,1000,102,259,0.3938223938223938,Overnight,Weekend,0.9326192425693759,0.8,0.916767350894293,0.8,0.9218337033039969,0.9
1,2025-02-09,3,Sunday,global_popularity,500,138,259,0.5328185328185329,Overnight,Weekend,0.17641729424857677,0.2,0.1829580469700184,0.1,0.3536338676831007,0.4
1,2025-02-09,3,Sunday,zone_hour_profile,500,138,259,0.5328185328185329,Overnight,Weekend,0.9519492954638002,0.8,0.938117091721659,0.9,0.9295070454712042,0.9
1,2025-02-09,3,Sunday,same_hour_last_week,500,138,259,0.5328185328185329,Overnight,Weekend,0.9519492954638002,0.8,0.9373946304900836,0.9,0.9305193174301052,0.9
1,2025-02-09,3,Sunday,trailing_4_week_profile,500,138,259,0.5328185328185329,Overnight,Weekend,0.9519492954638002,0.8,0.938117091721659,0.9,0.9297312466825411,0.9
1,2025-02-09,3,Sunday,global_popularity,1000,102,259,0.3938223938223938,Overnight,Weekend,0.17641729424857677,0.2,0.1829580469700184,0.1,0.3536338676831007,0.4
1,2025-02-09,3,Sunday,zone_hour_profile,1000,102,259,0.3938223938223938,Overnight,Weekend,0.9519492954638002,0.8,0.938117091721659,0.9,0.9295070454712042,0.9
1,2025-02-09,3,Sunday,same_hour_last_week,1000,102,259,0.3938223938223938,Overnight,Weekend,0.9519492954638002,0.8,0.9373946304900836,0.9,0.9305193174301052,0.9
1,2025-02-09,3,Sunday,trailing_4_week_profile,1000,102,259,0.3938223938223938,Overnight,Weekend,0.9519492954638002,0.8,0.938117091721659,0.9,0.9297312466825411,0.9
1,2025-02-09,4,Sunday,global_popularity,500,138,259,0.5328185328185329,Overnight,Weekend,0.2689310558582136,0.0,0.2673643159823487,0.2,0.4341234532503312,0.4
1,2025-02-09,4,Sunday,zone_hour_profile,500,138,259,0.5328185328185329,Overnight,Weekend,0.9542647962928266,0.8,0.9549553665118286,0.8,0.9446219717118655,0.8
1,2025-02-09,4,Sunday,same_hour_last_week,500,138,259,0.5328185328185329,Overnight,Weekend,0.9666636981093608,0.8,0.9699907320436547,0.8,0.9426502659752726,0.75
1,2025-02-09,4,Sunday,trailing_4_week_profile,500,138,259,0.5328185328185329,Overnight,Weekend,0.9542647962928266,0.8,0.9537889129245644,0.8,0.9442084949772376,0.8
1,2025-02-09,4,Sunday,global_popularity,1000,102,259,0.3938223938223938,Overnight,Weekend,0.2689310558582136,0.0,0.2673643159823487,0.2,0.4341234532503312,0.4
1,2025-02-09,4,Sunday,zone_hour_profile,1000,102,259,0.3938223938223938,Overnight,Weekend,0.9542647962928266,0.8,0.9549553665118286,0.8,0.9446219717118655,0.8
1,2025-02-09,4,Sunday,same_hour_last_week,1000,102,259,0.3938223938223938,Overnight,Weekend,0.9666636981093608,0.8,0.9699907320436547,0.8,0.957549907824192,0.8
1,2025-02-09,4,Sunday,trailing_4_week_profile,1000,102,259,0.3938223938223938,Overnight,Weekend,0.9542647962928266,0.8,0.9537889129245644,0.8,0.9442084949772376,0.8
1,2025-02-09,5,Sunday,global_popularity,500,138,259,0.5328185328185329,Overnight,Weekend,0.46110904838583094,0.6,0.47606033521030583,0.5,0.5385945882646416,0.6
1,2025-02-09,5,Sunday,zone_hour_profile,500,138,259,0.5328185328185329,Overnight,Weekend,0.9837225001929719,0.6,0.9590653347514839,0.7,0.9642285153034481,0.65
1,2025-02-09,5,Sunday,same_hour_last_week,500,138,259,0.5328185328185329,Overnight,Weekend,0.9446646492830737,0.6,0.9188705731681145,0.6,0.9048116195086228,0.55
1,2025-02-09,5,Sunday,trailing_4_week_profile,500,138,259,0.5328185328185329,Overnight,Weekend,0.9748796635115805,0.6,0.9623362108982465,0.7,0.9516813820373802,0.6
1,2025-02-09,5,Sunday,global_popularity,1000,102,259,0.3938223938223938,Overnight,Weekend,0.46110904838583094,0.6,0.47606033521030583,0.5,0.5385945882646416,0.6
1,2025-02-09,5,Sunday,zone_hour_profile,1000,102,259,0.3938223938223938,Overnight,Weekend,0.9837225001929719,0.6,0.9587059360002372,0.7,0.9600383285826039,0.6
1,2025-02-09,5,Sunday,same_hour_last_week,1000,102,259,0.3938223938223938,Overnight,Weekend,0.9678027279120673,0.6,0.9324948280272144,0.6,0.9305564764701432,0.6
1,2025-02-09,5,Sunday,trailing_4_week_profile,1000,102,259,0.3938223938223938,Overnight,Weekend,0.9837225001929719,0.6,0.9595085260129335,0.7,0.9458480393665097,0.55
1,2025-02-09,6,Sunday,global_popularity,500,138,259,0.5328185328185329,Morning,Weekend,0.48146523976344574,0.4,0.5125273353072932,0.4,0.5665992724050044,0.6
1,2025-02-09,6,Sunday,zone_hour_profile,500,138,259,0.5328185328185329,Morning,Weekend,0.9805792946285515,0.6,0.974260102984694,0.7,0.9722291531488078,0.8
1,2025-02-09,6,Sunday,same_hour_last_week,500,138,259,0.5328185328185329,Morning,Weekend,0.9515288027851484,0.6,0.9491795832840466,0.7,0.9383591198178459,0.7
1,2025-02-09,6,Sunday,trailing_4_week_profile,500,138,259,0.5328185328185329,Morning,Weekend,0.9780463748970692,0.6,0.9719664864119437,0.7,0.9703148371339703,0.8
1,2025-02-09,6,Sunday,global_popularity,1000,102,259,0.3938223938223938,Morning,Weekend,0.48146523976344574,0.4,0.5125273353072932,0.4,0.5665992724050044,0.6
1,2025-02-09,6,Sunday,zone_hour_profile,1000,102,259,0.3938223938223938,Morning,Weekend,0.9805792946285515,0.6,0.974260102984694,0.7,0.9722291531488078,0.8
1,2025-02-09,6,Sunday,same_hour_last_week,1000,102,259,0.3938223938223938,Morning,Weekend,0.9515288027851484,0.6,0.9491795832840466,0.7,0.9417416725045686,0.7
1,2025-02-09,6,Sunday,trailing_4_week_profile,1000,102,259,0.3938223938223938,Morning,Weekend,0.9780463748970692,0.6,0.9719664864119437,0.7,0.9703148371339703,0.8
1,2025-02-09,7,Sunday,global_popularity,500,138,259,0.5328185328185329,Morning,Weekend,0.5401479878130921,0.6,0.5587786252729361,0.4,0.5962816414690428,0.65
1,2025-02-09,7,Sunday,zone_hour_profile,500,138,259,0.5328185328185329,Morning,Weekend,0.9298097529138379,0.6,0.9180696184157762,0.5,0.9386150480538757,0.85
1,2025-02-09,7,Sunday,same_hour_last_week,500,138,259,0.5328185328185329,Morning,Weekend,0.9121605672417176,0.4,0.9040496650135685,0.5,0.9315013480640872,0.8
1,2025-02-09,7,Sunday,trailing_4_week_profile,500,138,259,0.5328185328185329,Morning,Weekend,0.9261209524079949,0.6,0.9183806338249331,0.5,0.9392410775693436,0.85
1,2025-02-09,7,Sunday,global_popularity,1000,102,259,0.3938223938223938,Morning,Weekend,0.5401479878130921,0.6,0.5587786252729361,0.4,0.5962816414690428,0.65
1,2025-02-09,7,Sunday,zone_hour_profile,1000,102,259,0.3938223938223938,Morning,Weekend,0.9298097529138379,0.6,0.9180696184157762,0.5,0.9386150480538757,0.85
1,2025-02-09,7,Sunday,same_hour_last_week,1000,102,259,0.3938223938223938,Morning,Weekend,0.9121605672417176,0.4,0.9040496650135685,0.5,0.9315013480640872,0.8
1,2025-02-09,7,Sunday,trailing_4_week_profile,1000,102,259,0.3938223938223938,Morning,Weekend,0.9261209524079949,0.6,0.9183806338249331,0.5,0.9392410775693436,0.85
1,2025-02-09,8,Sunday,global_popularity,500,138,259,0.5328185328185329,Morning,Weekend,0.6903513900028306,0.8,0.7045480625858501,0.6,0.776545576710697,0.7
1,2025-02-09,8,Sunday,zone_hour_profile,500,138,259,0.5328185328185329,Morning,Weekend,0.9115861920971989,0.6,0.9108348316188198,0.6,0.9227850133502936,0.8
1,2025-02-09,8,Sunday,same_hour_last_week,500,138,259,0.5328185328185329,Morning,Weekend,0.7335435246712997,0.6,0.7717256324517848,0.6,0.808988342701881,0.8
1,2025-02-09,8,Sunday,trailing_4_week_profile,500,138,259,0.5328185328185329,Morning,Weekend,0.8128853774757037,0.6,0.830456602609817,0.6,0.8590203903615865,0.8
1,2025-02-09,8,Sunday,global_popularity,1000,102,259,0.3938223938223938,Morning,Weekend,0.6903513900028306,0.8,0.7045480625858501,0.6,0.776545576710697,0.7
1,2025-02-09,8,Sunday,zone_hour_profile,1000,102,259,0.3938223938223938,Morning,Weekend,0.9115861920971989,0.6,0.9108348316188198,0.6,0.9227850133502936,0.8
1,2025-02-09,8,Sunday,same_hour_last_week,1000,102,259,0.3938223938223938,Morning,Weekend,0.7335435246712997,0.6,0.7717256324517848,0.6,0.808988342701881,0.8
1,2025-02-09,8,Sunday,trailing_4_week_profile,1000,102,259,0.3938223938223938,Morning,Weekend,0.8128853774757037,0.6,0.830456602609817,0.6,0.8590203903615865,0.8
1,2025-02-09,9,Sunday,global_popularity,500,138,259,0.5328185328185329,Morning,Weekend,0.7021032055099077,0.8,0.7148456099591183,0.7,0.7992858287616126,0.75
1,2025-02-09,9,Sunday,zone_hour_profile,500,138,259,0.5328185328185329,Morning,Weekend,0.7247251916967253,0.8,0.7710303313355692,0.9,0.8552736070706645,0.9
1,2025-02-09,9,Sunday,same_hour_last_week,500,138,259,0.5328185328185329,Morning,Weekend,0.4994781315681277,0.4,0.687289196571198,0.7,0.7849970148491507,0.8
1,2025-02-09,9,Sunday,trailing_4_week_profile,500,138,259,0.5328185328185329,Morning,Weekend,0.6177967041665305,0.6,0.7600070048634844,0.9,0.843246646893721,0.9
1,2025-02-09,9,Sunday,global_popularity,1000,102,259,0.3938223938223938,Morning,Weekend,0.7021032055099077,0.8,0.7148456099591183,0.7,0.7992858287616126,0.75
1,2025-02-09,9,Sunday,zone_hour_profile,1000,102,259,0.3938223938223938,Morning,Weekend,0.7247251916967253,0.8,0.7710303313355692,0.9,0.8552736070706645,0.9
1,2025-02-09,9,Sunday,same_hour_last_week,1000,102,259,0.3938223938223938,Morning,Weekend,0.4994781315681277,0.4,0.687289196571198,0.7,0.7849970148491507,0.8
1,2025-02-09,9,Sunday,trailing_4_week_profile,1000,102,259,0.3938223938223938,Morning,Weekend,0.6177967041665305,0.6,0.7600070048634844,0.9,0.843246646893721,0.9
1,2025-02-09,10,Sunday,global_popularity,500,138,259,0.5328185328185329,Midday,Weekend,0.5814745198584496,0.6,0.6267315113549724,0.6,0.7401366333185518,0.8
1,2025-02-09,10,Sunday,zone_hour_profile,500,138,259,0.5328185328185329,Midday,Weekend,0.47842732538734156,0.6,0.6540578194518245,0.7,0.7625302244615481,0.85
1,2025-02-09,10,Sunday,same_hour_last_week,500,138,259,0.5328185328185329,Midday,Weekend,0.389281564682239,0.4,0.5216800379285474,0.6,0.7238768399371152,0.85
1,2025-02-09,10,Sunday,trailing_4_week_profile,500,138,259,0.5328185328185329,Midday,Weekend,0.454680301216753,0.6,0.5347645583600289,0.6,0.7442882081683831,0.9
1,2025-02-09,10,Sunday,global_popularity,1000,102,259,0.3938223938223938,Midday,Weekend,0.5814745198584496,0.6,0.6267315113549724,0.6,0.7401366333185518,0.8
1,2025-02-09,10,Sunday,zone_hour_profile,1000,102,259,0.3938223938223938,Midday,Weekend,0.47842732538734156,0.6,0.6540578194518245,0.7,0.7625302244615481,0.85
1,2025-02-09,10,Sunday,same_hour_last_week,1000,102,259,0.3938223938223938,Midday,Weekend,0.389281564682239,0.4,0.5216800379285474,0.6,0.7238768399371152,0.85
1,2025-02-09,10,Sunday,trailing_4_week_profile,1000,102,259,0.3938223938223938,Midday,Weekend,0.454680301216753,0.6,0.5347645583600289,0.6,0.7442882081683831,0.9
1,2025-02-09,11,Sunday,global_popularity,500,138,259,0.5328185328185329,Midday,Weekend,0.6626475376597202,0.6,0.7193070201034092,0.8,0.8066638603585097,0.85
1,2025-02-09,11,Sunday,zone_hour_profile,500,138,259,0.5328185328185329,Midday,Weekend,0.5853165285233263,0.4,0.6391367061831055,0.7,0.8028069004252371,0.85
1,2025-02-09,11,Sunday,same_hour_last_week,500,138,259,0.5328185328185329,Midday,Weekend,0.5644656276363511,0.4,0.6389369260882685,0.7,0.7000429270611528,0.8
1,2025-02-09,11,Sunday,trailing_4_week_profile,500,138,259,0.5328185328185329,Midday,Weekend,0.5870122150114614,0.4,0.6403874991934669,0.7,0.8047155381130245,0.85
1,2025-02-09,11,Sunday,global_popularity,1000,102,259,0.3938223938223938,Midday,Weekend,0.6626475376597202,0.6,0.7193070201034092,0.8,0.8066638603585097,0.85
1,2025-02-09,11,Sunday,zone_hour_profile,1000,102,259,0.3938223938223938,Midday,Weekend,0.5853165285233263,0.4,0.6391367061831055,0.7,0.8028069004252371,0.85
1,2025-02-09,11,Sunday,same_hour_last_week,1000,102,259,0.3938223938223938,Midday,Weekend,0.5644656276363511,0.4,0.6389369260882685,0.7,0.7000429270611528,0.8
1,2025-02-09,11,Sunday,trailing_4_week_profile,1000,102,259,0.3938223938223938,Midday,Weekend,0.5870122150114614,0.4,0.6403874991934669,0.7,0.8047155381130245,0.85
1,2025-02-09,12,Sunday,global_popularity,500,138,259,0.5328185328185329,Midday,Weekend,0.7312620489220251,0.8,0.7612940610099693,0.8,0.8361358878724573,0.85
1,2025-02-09,12,Sunday,zone_hour_profile,500,138,259,0.5328185328185329,Midday,Weekend,0.591335839909839,0.4,0.6965430422493778,0.8,0.8166206847403968,0.85
1,2025-02-09,12,Sunday,same_hour_last_week,500,138,259,0.5328185328185329,Midday,Weekend,0.5862091862725299,0.4,0.6399197684653238,0.7,0.8002138348496413,0.9
1,2025-02-09,12,Sunday,trailing_4_week_profile,500,138,259,0.5328185328185329,Midday,Weekend,0.591335839909839,0.4,0.6959728180770475,0.8,0.8093072046302571,0.85
1,2025-02-09,12,Sunday,global_popularity,1000,102,259,0.3938223938223938,Midday,Weekend,0.7312620489220251,0.8,0.7612940610099693,0.8,0.8361358878724573,0.85
1,2025-02-09,12,Sunday,zone_hour_profile,1000,102,259,0.3938223938223938,Midday,Weekend,0.591335839909839,0.4,0.6965430422493778,0.8,0.8166206847403968,0.85
1,2025-02-09,12,Sunday,same_hour_last_week,1000,102,259,0.3938223938223938,Midday,Weekend,0.5862091862725299,0.4,0.6399197684653238,0.7,0.8002138348496413,0.9
1,2025-02-09,12,Sunday,trailing_4_week_profile,1000,102,259,0.3938223938223938,Midday,Weekend,0.591335839909839,0.4,0.6959728180770475,0.8,0.8093072046302571,0.85
1,2025-02-09,13,Sunday,global_popularity,500,138,259,0.5328185328185329,Midday,Weekend,0.6607758195244177,0.6,0.714044267017844,0.8,0.7766499758822955,0.85
1,2025-02-09,13,Sunday,zone_hour_profile,500,138,259,0.5328185328185329,Midday,Weekend,0.49022313003405904,0.6,0.7494984646585746,1.0,0.7869772471885074,0.9
1,2025-02-09,13,Sunday,same_hour_last_week,500,138,259,0.5328185328185329,Midday,Weekend,0.4875252849433244,0.6,0.5878152704758752,0.7,0.7531703916546465,0.9
1,2025-02-09,13,Sunday,trailing_4_week_profile,500,138,259,0.5328185328185329,Midday,Weekend,0.49022313003405904,0.6,0.73853610563623,0.8,0.7837806928460364,0.9
1,2025-02-09,13,Sunday,global_popularity,1000,102,259,0.3938223938223938,Midday,Weekend,0.6607758195244177,0.6,0.714044267017844,0.8,0.7766499758822955,0.85
1,2025-02-09,13,Sunday,zone_hour_profile,1000,102,259,0.3938223938223938,Midday,Weekend,0.49022313003405904,0.6,0.7494984646585746,1.0,0.7869772471885074,0.9
1,2025-02-09,13,Sunday,same_hour_last_week,1000,102,259,0.3938223938223938,Midday,Weekend,0.4875252849433244,0.6,0.5878152704758752,0.7,0.7531703916546465,0.9
1,2025-02-09,13,Sunday,trailing_4_week_profile,1000,102,259,0.3938223938223938,Midday,Weekend,0.49022313003405904,0.6,0.73853610563623,0.8,0.7837806928460364,0.9
1,2025-02-09,14,Sunday,global_popularity,500,138,259,0.5328185328185329,Midday,Weekend,0.5576699414351711,0.6,0.6118494443018478,0.8,0.7177382618683197,0.85
1,2025-02-09,14,Sunday,zone_hour_profile,500,138,259,0.5328185328185329,Midday,Weekend,0.6043364587948068,0.6,0.7303732998026383,0.8,0.7714557793240681,0.9
1,2025-02-09,14,Sunday,same_hour_last_week,500,138,259,0.5328185328185329,Midday,Weekend,0.6605247828466613,0.8,0.7765920747750964,0.8,0.8108431989931322,0.9
1,2025-02-09,14,Sunday,trailing_4_week_profile,500,138,259,0.5328185328185329,Midday,Weekend,0.6043364587948068,0.6,0.7185443117466978,0.8,0.7657762887733266,0.9
1,2025-02-09,14,Sunday,global_popularity,1000,102,259,0.3938223938223938,Midday,Weekend,0.5576699414351711,0.6,0.6118494443018478,0.8,0.7177382618683197,0.85
1,2025-02-09,14,Sunday,zone_hour_profile,1000,102,259,0.3938223938223938,Midday,Weekend,0.6043364587948068,0.6,0.7303732998026383,0.8,0.7714557793240681,0.9
1,2025-02-09,14,Sunday,same_hour_last_week,1000,102,259,0.3938223938223938,Midday,Weekend,0.6605247828466613,0.8,0.7765920747750964,0.8,0.8108431989931322,0.9
1,2025-02-09,14,Sunday,trailing_4_week_profile,1000,102,259,0.3938223938223938,Midday,Weekend,0.6043364587948068,0.6,0.7185443117466978,0.8,0.7657762887733266,0.9
1,2025-02-09,15,Sunday,global_popularity,500,138,259,0.5328185328185329,Midday,Weekend,0.571424383735555,0.8,0.6102039351596976,0.7,0.7179285362315847,0.85
1,2025-02-09,15,Sunday,zone_hour_profile,500,138,259,0.5328185328185329,Midday,Weekend,0.8168457257511303,0.6,0.9104796429671895,0.8,0.9257989895579627,0.9
1,2025-02-09,15,Sunday,same_hour_last_week,500,138,259,0.5328185328185329,Midday,Weekend,0.6262726792722011,0.4,0.7626502019851921,0.8,0.7851179146568003,0.8
1,2025-02-09,15,Sunday,trailing_4_week_profile,500,138,259,0.5328185328185329,Midday,Weekend,0.8168457257511303,0.6,0.9078011698474832,0.8,0.923331780664981,0.9
1,2025-02-09,15,Sunday,global_popularity,1000,102,259,0.3938223938223938,Midday,Weekend,0.571424383735555,0.8,0.6102039351596976,0.7,0.7179285362315847,0.85
1,2025-02-09,15,Sunday,zone_hour_profile,1000,102,259,0.3938223938223938,Midday,Weekend,0.8168457257511303,0.6,0.9104796429671895,0.8,0.9257989895579627,0.9
1,2025-02-09,15,Sunday,same_hour_last_week,1000,102,259,0.3938223938223938,Midday,Weekend,0.6262726792722011,0.4,0.7626502019851921,0.8,0.7851179146568003,0.8
1,2025-02-09,15,Sunday,trailing_4_week_profile,1000,102,259,0.3938223938223938,Midday,Weekend,0.8168457257511303,0.6,0.9078011698474832,0.8,0.923331780664981,0.9
1,2025-02-09,16,Sunday,global_popularity,500,138,259,0.5328185328185329,Evening,Weekend,0.5606801108782395,0.6,0.606242556200429,0.7,0.697164661069089,0.9
1,2025-02-09,16,Sunday,zone_hour_profile,500,138,259,0.5328185328185329,Evening,Weekend,0.8810150885028069,0.6,0.9333562661305743,0.8,0.9450951842625683,0.85
1,2025-02-09,16,Sunday,same_hour_last_week,500,138,259,0.5328185328185329,Evening,Weekend,0.851499285956377,0.4,0.9300435344453509,0.8,0.9376314006365488,0.85
1,2025-02-09,16,Sunday,trailing_4_week_profile,500,138,259,0.5328185328185329,Evening,Weekend,0.8789051204528865,0.6,0.9291488417241763,0.8,0.9414829487045044,0.85
1,2025-02-09,16,Sunday,global_popularity,1000,102,259,0.3938223938223938,Evening,Weekend,0.5606801108782395,0.6,0.606242556200429,0.7,0.697164661069089,0.9
1,2025-02-09,16,Sunday,zone_hour_profile,1000,102,259,0.3938223938223938,Evening,Weekend,0.8810150885028069,0.6,0.9333562661305743,0.8,0.9450951842625683,0.85
1,2025-02-09,16,Sunday,same_hour_last_week,1000,102,259,0.3938223938223938,Evening,Weekend,0.851499285956377,0.4,0.9300435344453509,0.8,0.9376314006365488,0.85
1,2025-02-09,16,Sunday,trailing_4_week_profile,1000,102,259,0.3938223938223938,Evening,Weekend,0.8789051204528865,0.6,0.9291488417241763,0.8,0.9414829487045044,0.85
1,2025-02-09,17,Sunday,global_popularity,500,138,259,0.5328185328185329,Evening,Weekend,0.6323928341150169,0.6,0.6836655368412466,0.6,0.778120825309969,0.8
1,2025-02-09,17,Sunday,zone_hour_profile,500,138,259,0.5328185328185329,Evening,Weekend,0.6258588790501609,0.6,0.7557594842407588,0.8,0.7796425311696572,0.75
1,2025-02-09,17,Sunday,same_hour_last_week,500,138,259,0.5328185328185329,Evening,Weekend,0.49683767121428096,0.6,0.7432026097720675,0.7,0.792117413146471,0.85
1,2025-02-09,17,Sunday,trailing_4_week_profile,500,138,259,0.5328185328185329,Evening,Weekend,0.6426144100986935,0.6,0.7773716922728309,0.8,0.8031835589781873,0.8
1,2025-02-09,17,Sunday,global_popularity,1000,102,259,0.3938223938223938,Evening,Weekend,0.6323928341150169,0.6,0.6836655368412466,0.6,0.778120825309969,0.8
1,2025-02-09,17,Sunday,zone_hour_profile,1000,102,259,0.3938223938223938,Evening,Weekend,0.6258588790501609,0.6,0.7557594842407588,0.8,0.7796425311696572,0.75
1,2025-02-09,17,Sunday,same_hour_last_week,1000,102,259,0.3938223938223938,Evening,Weekend,0.49683767121428096,0.6,0.7432026097720675,0.7,0.792117413146471,0.85
1,2025-02-09,17,Sunday,trailing_4_week_profile,1000,102,259,0.3938223938223938,Evening,Weekend,0.6426144100986935,0.6,0.7773716922728309,0.8,0.8031835589781873,0.8
1,2025-02-09,18,Sunday,global_popularity,500,138,259,0.5328185328185329,Evening,Weekend,0.538181351816343,0.4,0.5962375756777496,0.5,0.7361108094391907,0.8
1,2025-02-09,18,Sunday,zone_hour_profile,500,138,259,0.5328185328185329,Evening,Weekend,0.5985739823422865,0.4,0.6526642354873482,0.5,0.7870363088804603,0.8
1,2025-02-09,18,Sunday,same_hour_last_week,500,138,259,0.5328185328185329,Evening,Weekend,0.5588381903702311,0.4,0.619214634873281,0.5,0.7548110502021329,0.8
1,2025-02-09,18,Sunday,trailing_4_week_profile,500,138,259,0.5328185328185329,Evening,Weekend,0.5359476737076067,0.4,0.6006412414650709,0.5,0.736841445242285,0.8
1,2025-02-09,18,Sunday,global_popularity,1000,102,259,0.3938223938223938,Evening,Weekend,0.538181351816343,0.4,0.5962375756777496,0.5,0.7361108094391907,0.8
1,2025-02-09,18,Sunday,zone_hour_profile,1000,102,259,0.3938223938223938,Evening,Weekend,0.5985739823422865,0.4,0.6526642354873482,0.5,0.7870363088804603,0.8
1,2025-02-09,18,Sunday,same_hour_last_week,1000,102,259,0.3938223938223938,Evening,Weekend,0.5588381903702311,0.4,0.619214634873281,0.5,0.7548110502021329,0.8
1,2025-02-09,18,Sunday,trailing_4_week_profile,1000,102,259,0.3938223938223938,Evening,Weekend,0.5359476737076067,0.4,0.6006412414650709,0.5,0.736841445242285,0.8
1,2025-02-09,19,Sunday,global_popularity,500,138,259,0.5328185328185329,Evening,Weekend,0.39260178557636427,0.4,0.44224261289054356,0.6,0.5791826120027528,0.85
1,2025-02-09,19,Sunday,zone_hour_profile,500,138,259,0.5328185328185329,Evening,Weekend,0.910080859641812,0.6,0.9294610905856429,0.8,0.933127965349707,0.85
1,2025-02-09,19,Sunday,same_hour_last_week,500,138,259,0.5328185328185329,Evening,Weekend,0.9295637855095903,0.6,0.944668336933287,0.8,0.9472194385497871,0.85
1,2025-02-09,19,Sunday,trailing_4_week_profile,500,138,259,0.5328185328185329,Evening,Weekend,0.9046136141993,0.6,0.9243579275858407,0.8,0.9284870036271385,0.85
1,2025-02-09,19,Sunday,global_popularity,1000,102,259,0.3938223938223938,Evening,Weekend,0.39260178557636427,0.4,0.44224261289054356,0.6,0.5791826120027528,0.85
1,2025-02-09,19,Sunday,zone_hour_profile,1000,102,259,0.3938223938223938,Evening,Weekend,0.910080859641812,0.6,0.9294610905856429,0.8,0.933127965349707,0.85
1,2025-02-09,19,Sunday,same_hour_last_week,1000,102,259,0.3938223938223938,Evening,Weekend,0.9295637855095903,0.6,0.944668336933287,0.8,0.9472194385497871,0.85
1,2025-02-09,19,Sunday,trailing_4_week_profile,1000,102,259,0.3938223938223938,Evening,Weekend,0.9046136141993,0.6,0.9243579275858407,0.8,0.9284870036271385,0.85
1,2025-02-09,20,Sunday,global_popularity,500,138,259,0.5328185328185329,Evening,Weekend,0.40294883840321394,0.4,0.44708213831900784,0.7,0.5822698963487922,0.8
1,2025-02-09,20,Sunday,zone_hour_profile,500,138,259,0.5328185328185329,Evening,Weekend,0.8744275267080733,0.6,0.8757303934046875,0.7,0.8974683279039415,0.85
1,2025-02-09,20,Sunday,same_hour_last_week,500,138,259,0.5328185328185329,Evening,Weekend,0.511443741511729,0.4,0.6732243939381799,0.9,0.6962823223674861,0.85
1,2025-02-09,20,Sunday,trailing_4_week_profile,500,138,259,0.5328185328185329,Evening,Weekend,0.7075163889234054,0.4,0.8653413667283476,0.7,0.8861001685171583,0.85
1,2025-02-09,20,Sunday,global_popularity,1000,102,259,0.3938223938223938,Evening,Weekend,0.40294883840321394,0.4,0.44708213831900784,0.7,0.5822698963487922,0.8
1,2025-02-09,20,Sunday,zone_hour_profile,1000,102,259,0.3938223938223938,Evening,Weekend,0.8744275267080733,0.6,0.8757303934046875,0.7,0.8974683279039415,0.85
1,2025-02-09,20,Sunday,same_hour_last_week,1000,102,259,0.3938223938223938,Evening,Weekend,0.511443741511729,0.4,0.6732243939381799,0.9,0.6962823223674861,0.85
1,2025-02-09,20,Sunday,trailing_4_week_profile,1000,102,259,0.3938223938223938,Evening,Weekend,0.7075163889234054,0.4,0.8653413667283476,0.7,0.8861001685171583,0.85
1,2025-02-09,21,Sunday,global_popularity,500,138,259,0.5328185328185329,Late evening,Weekend,0.4586402748907878,0.6,0.49863159509692045,0.6,0.605971281524012,0.8
1,2025-02-09,21,Sunday,zone_hour_profile,500,138,259,0.5328185328185329,Late evening,Weekend,0.9559260483859958,0.6,0.9541499035954548,0.7,0.9534822789832534,0.8
1,2025-02-09,21,Sunday,same_hour_last_week,500,138,259,0.5328185328185329,Late evening,Weekend,0.934993079331841,0.6,0.9372390311874909,0.7,0.9335818976755847,0.75
1,2025-02-09,21,Sunday,trailing_4_week_profile,500,138,259,0.5328185328185329,Late evening,Weekend,0.955214651238646,0.6,0.9535071017840792,0.7,0.9536000619695825,0.8
1,2025-02-09,21,Sunday,global_popularity,1000,102,259,0.3938223938223938,Late evening,Weekend,0.4586402748907878,0.6,0.49863159509692045,0.6,0.605971281524012,0.8
1,2025-02-09,21,Sunday,zone_hour_profile,1000,102,259,0.3938223938223938,Late evening,Weekend,0.9559260483859958,0.6,0.9541499035954548,0.7,0.9534822789832534,0.8
1,2025-02-09,21,Sunday,same_hour_last_week,1000,102,259,0.3938223938223938,Late evening,Weekend,0.934993079331841,0.6,0.9372390311874909,0.7,0.9335818976755847,0.75
1,2025-02-09,21,Sunday,trailing_4_week_profile,1000,102,259,0.3938223938223938,Late evening,Weekend,0.955214651238646,0.6,0.9535071017840792,0.7,0.9536000619695825,0.8
1,2025-02-09,22,Sunday,global_popularity,500,138,259,0.5328185328185329,Late evening,Weekend,0.4105259186185143,0.2,0.44742180670609183,0.3,0.5948134107514318,0.6
1,2025-02-09,22,Sunday,zone_hour_profile,500,138,259,0.5328185328185329,Late evening,Weekend,0.9534929859178983,0.6,0.9140759892948929,0.3,0.9310849948727699,0.65
1,2025-02-09,22,Sunday,same_hour_last_week,500,138,259,0.5328185328185329,Late evening,Weekend,0.9200803989507133,0.4,0.914157380410026,0.3,0.8952057226384347,0.55
1,2025-02-09,22,Sunday,trailing_4_week_profile,500,138,259,0.5328185328185329,Late evening,Weekend,0.9556340346184973,0.6,0.9156565132059918,0.3,0.9332511845794026,0.65
1,2025-02-09,22,Sunday,global_popularity,1000,102,259,0.3938223938223938,Late evening,Weekend,0.4105259186185143,0.2,0.44742180670609183,0.3,0.5948134107514318,0.6
1,2025-02-09,22,Sunday,zone_hour_profile,1000,102,259,0.3938223938223938,Late evening,Weekend,0.9534929859178983,0.6,0.9140759892948929,0.3,0.9310849948727699,0.65
1,2025-02-09,22,Sunday,same_hour_last_week,1000,102,259,0.3938223938223938,Late evening,Weekend,0.9200803989507133,0.4,0.914157380410026,0.3,0.8952057226384347,0.55
1,2025-02-09,22,Sunday,trailing_4_week_profile,1000,102,259,0.3938223938223938,Late evening,Weekend,0.9556340346184973,0.6,0.9156565132059918,0.3,0.9332511845794026,0.65
1,2025-02-09,23,Sunday,global_popularity,500,138,259,0.5328185328185329,Late evening,Weekend,0.3753221343111302,0.2,0.4248338323270679,0.4,0.5774801088103975,0.75
1,2025-02-09,23,Sunday,zone_hour_profile,500,138,259,0.5328185328185329,Late evening,Weekend,0.9939901134591127,0.8,0.99074076218097,0.8,0.9874351722539576,0.8
1,2025-02-09,23,Sunday,same_hour_last_week,500,138,259,0.5328185328185329,Late evening,Weekend,0.9200291652433682,0.8,0.9287571667298845,0.8,0.9299062130165483,0.8
1,2025-02-09,23,Sunday,trailing_4_week_profile,500,138,259,0.5328185328185329,Late evening,Weekend,0.9939901134591127,0.8,0.9907081877883896,0.8,0.987283975207062,0.8
1,2025-02-09,23,Sunday,global_popularity,1000,102,259,0.3938223938223938,Late evening,Weekend,0.3753221343111302,0.2,0.4248338323270679,0.4,0.5774801088103975,0.75
1,2025-02-09,23,Sunday,zone_hour_profile,1000,102,259,0.3938223938223938,Late evening,Weekend,0.9939901134591127,0.8,0.99074076218097,0.8,0.9874351722539576,0.8
1,2025-02-09,23,Sunday,same_hour_last_week,1000,102,259,0.3938223938223938,Late evening,Weekend,0.9200291652433682,0.8,0.9287571667298845,0.8,0.9299062130165483,0.8
1,2025-02-09,23,Sunday,trailing_4_week_profile,1000,102,259,0.3938223938223938,Late evening,Weekend,0.9939901134591127,0.8,0.9907081877883896,0.8,0.987283975207062,0.8
2,2025-02-17,0,Monday,global_popularity,500,172,259,0.6640926640926641,Overnight,Weekday,0.3436097058404034,0.2,0.3606649804213288,0.3,0.4990125090767972,0.6
2,2025-02-17,0,Monday,zone_hour_profile,500,172,259,0.6640926640926641,Overnight,Weekday,0.9734191537000261,0.8,0.9907084350994221,0.8,0.9788968464167076,0.8
2,2025-02-17,0,Monday,same_hour_last_week,500,172,259,0.6640926640926641,Overnight,Weekday,0.7722933740073964,0.6,0.8902360136556855,0.8,0.8794846536186087,0.75
2,2025-02-17,0,Monday,trailing_4_week_profile,500,172,259,0.6640926640926641,Overnight,Weekday,1.0,1.0,0.9985282443191942,0.8,0.98626174895771,0.8
2,2025-02-17,0,Monday,global_popularity,1000,126,259,0.4864864864864865,Overnight,Weekday,0.3436097058404034,0.2,0.3606649804213288,0.3,0.4990125090767972,0.6
2,2025-02-17,0,Monday,zone_hour_profile,1000,126,259,0.4864864864864865,Overnight,Weekday,0.9734191537000261,0.8,0.9907084350994221,0.8,0.9788968464167076,0.8
2,2025-02-17,0,Monday,same_hour_last_week,1000,126,259,0.4864864864864865,Overnight,Weekday,0.7722933740073964,0.6,0.8902360136556855,0.8,0.8794846536186087,0.75
2,2025-02-17,0,Monday,trailing_4_week_profile,1000,126,259,0.4864864864864865,Overnight,Weekday,1.0,1.0,0.9985282443191942,0.8,0.98626174895771,0.8
2,2025-02-17,1,Monday,global_popularity,500,172,259,0.6640926640926641,Overnight,Weekday,0.2850287747331983,0.2,0.29670108485331964,0.2,0.45446010822087657,0.55
2,2025-02-17,1,Monday,zone_hour_profile,500,172,259,0.6640926640926641,Overnight,Weekday,0.9995904842710591,1.0,0.9795200044024209,0.6,0.9733548586617039,0.8
2,2025-02-17,1,Monday,same_hour_last_week,500,172,259,0.6640926640926641,Overnight,Weekday,0.7586782278069549,0.6,0.7639558331581233,0.5,0.7551095160033989,0.65
2,2025-02-17,1,Monday,trailing_4_week_profile,500,172,259,0.6640926640926641,Overnight,Weekday,0.9995904842710591,1.0,0.979490111939033,0.6,0.971753805382843,0.8
2,2025-02-17,1,Monday,global_popularity,1000,126,259,0.4864864864864865,Overnight,Weekday,0.2850287747331983,0.2,0.29670108485331964,0.2,0.45446010822087657,0.55
2,2025-02-17,1,Monday,zone_hour_profile,1000,126,259,0.4864864864864865,Overnight,Weekday,0.9995904842710591,1.0,0.9795200044024209,0.6,0.9733548586617039,0.8
2,2025-02-17,1,Monday,same_hour_last_week,1000,126,259,0.4864864864864865,Overnight,Weekday,0.7586782278069549,0.6,0.7639558331581233,0.5,0.7551095160033989,0.65
2,2025-02-17,1,Monday,trailing_4_week_profile,1000,126,259,0.4864864864864865,Overnight,Weekday,0.9995904842710591,1.0,0.979490111939033,0.6,0.971753805382843,0.8
2,2025-02-17,2,Monday,global_popularity,500,172,259,0.6640926640926641,Overnight,Weekday,0.2520132510371437,0.2,0.2998705113935582,0.2,0.48963337412593155,0.6
2,2025-02-17,2,Monday,zone_hour_profile,500,172,259,0.6640926640926641,Overnight,Weekday,0.6524652648801783,0.6,0.8245989408994203,0.8,0.8350459832156976,0.8
2,2025-02-17,2,Monday,same_hour_last_week,500,172,259,0.6640926640926641,Overnight,Weekday,0.7053165521669607,0.6,0.7531280730447981,0.7,0.7421048867503478,0.7
2,2025-02-17,2,Monday,trailing_4_week_profile,500,172,259,0.6640926640926641,Overnight,Weekday,0.9883367326582088,1.0,0.9801448227786261,0.8,0.9494694000687823,0.75
2,2025-02-17,2,Monday,global_popularity,1000,126,259,0.4864864864864865,Overnight,Weekday,0.2520132510371437,0.2,0.2998705113935582,0.2,0.48963337412593155,0.6
2,2025-02-17,2,Monday,zone_hour_profile,1000,126,259,0.4864864864864865,Overnight,Weekday,0.6524652648801783,0.6,0.8245989408994203,0.8,0.8350459832156976,0.8
2,2025-02-17,2,Monday,same_hour_last_week,1000,126,259,0.4864864864864865,Overnight,Weekday,0.7053165521669607,0.6,0.7531280730447981,0.7,0.7421048867503478,0.7
2,2025-02-17,2,Monday,trailing_4_week_profile,1000,126,259,0.4864864864864865,Overnight,Weekday,0.9883367326582088,1.0,0.9801448227786261,0.8,0.9494694000687823,0.75
2,2025-02-17,3,Monday,global_popularity,500,172,259,0.6640926640926641,Overnight,Weekday,0.37312916526193496,0.2,0.4073963531433942,0.3,0.5938031859827394,0.6
2,2025-02-17,3,Monday,zone_hour_profile,500,172,259,0.6640926640926641,Overnight,Weekday,0.8704972942706828,0.6,0.8789366425391123,0.9,0.8589702269113664,0.7
2,2025-02-17,3,Monday,same_hour_last_week,500,172,259,0.6640926640926641,Overnight,Weekday,0.7188759628965945,0.4,0.7303426798420094,0.7,0.7320285517369778,0.6
2,2025-02-17,3,Monday,trailing_4_week_profile,500,172,259,0.6640926640926641,Overnight,Weekday,0.873812288300637,0.6,0.8983839260858427,0.9,0.8646528569729582,0.75
2,2025-02-17,3,Monday,global_popularity,1000,126,259,0.4864864864864865,Overnight,Weekday,0.37312916526193496,0.2,0.4073963531433942,0.3,0.5938031859827394,0.6
2,2025-02-17,3,Monday,zone_hour_profile,1000,126,259,0.4864864864864865,Overnight,Weekday,0.8704972942706828,0.6,0.8789366425391123,0.9,0.8589702269113664,0.7
2,2025-02-17,3,Monday,same_hour_last_week,1000,126,259,0.4864864864864865,Overnight,Weekday,0.7188759628965945,0.4,0.7303426798420094,0.7,0.7320285517369778,0.6
2,2025-02-17,3,Monday,trailing_4_week_profile,1000,126,259,0.4864864864864865,Overnight,Weekday,0.873812288300637,0.6,0.8983839260858427,0.9,0.8646528569729582,0.75
2,2025-02-17,4,Monday,global_popularity,500,172,259,0.6640926640926641,Overnight,Weekday,0.48381081256056346,0.2,0.5600830693036718,0.4,0.687202997182162,0.65
2,2025-02-17,4,Monday,zone_hour_profile,500,172,259,0.6640926640926641,Overnight,Weekday,0.9450555390889911,0.6,0.9141440920832788,0.8,0.8765281497995961,0.6
2,2025-02-17,4,Monday,same_hour_last_week,500,172,259,0.6640926640926641,Overnight,Weekday,0.764885395092886,0.6,0.7893666760368907,0.8,0.8195866714476071,0.65
2,2025-02-17,4,Monday,trailing_4_week_profile,500,172,259,0.6640926640926641,Overnight,Weekday,0.955223741362259,0.6,0.9076019267740354,0.8,0.8870878197542938,0.6
2,2025-02-17,4,Monday,global_popularity,1000,126,259,0.4864864864864865,Overnight,Weekday,0.48381081256056346,0.2,0.5600830693036718,0.4,0.687202997182162,0.65
2,2025-02-17,4,Monday,zone_hour_profile,1000,126,259,0.4864864864864865,Overnight,Weekday,0.9450555390889911,0.6,0.9141440920832788,0.8,0.8765281497995961,0.6
2,2025-02-17,4,Monday,same_hour_last_week,1000,126,259,0.4864864864864865,Overnight,Weekday,0.764885395092886,0.6,0.7893666760368907,0.8,0.8195866714476071,0.65
2,2025-02-17,4,Monday,trailing_4_week_profile,1000,126,259,0.4864864864864865,Overnight,Weekday,0.955223741362259,0.6,0.9076019267740354,0.8,0.8870878197542938,0.6
2,2025-02-17,5,Monday,global_popularity,500,172,259,0.6640926640926641,Overnight,Weekday,0.5784779570162715,0.6,0.5960516375239922,0.5,0.628883673376344,0.7
2,2025-02-17,5,Monday,zone_hour_profile,500,172,259,0.6640926640926641,Overnight,Weekday,0.9001858317296724,0.4,0.9143987987995743,0.6,0.9157004052239822,0.65
2,2025-02-17,5,Monday,same_hour_last_week,500,172,259,0.6640926640926641,Overnight,Weekday,0.8933672728254478,0.4,0.9111400357515642,0.6,0.8993356946956386,0.6
2,2025-02-17,5,Monday,trailing_4_week_profile,500,172,259,0.6640926640926641,Overnight,Weekday,0.9001858317296724,0.4,0.9131663569048928,0.6,0.9059275084258932,0.65
2,2025-02-17,5,Monday,global_popularity,1000,126,259,0.4864864864864865,Overnight,Weekday,0.5784779570162715,0.6,0.5960516375239922,0.5,0.628883673376344,0.7
2,2025-02-17,5,Monday,zone_hour_profile,1000,126,259,0.4864864864864865,Overnight,Weekday,0.9001858317296724,0.4,0.9143987987995743,0.6,0.9157004052239822,0.65
2,2025-02-17,5,Monday,same_hour_last_week,1000,126,259,0.4864864864864865,Overnight,Weekday,0.8933672728254478,0.4,0.9111400357515642,0.6,0.8993356946956386,0.6
2,2025-02-17,5,Monday,trailing_4_week_profile,1000,126,259,0.4864864864864865,Overnight,Weekday,0.9001858317296724,0.4,0.9131663569048928,0.6,0.9059275084258932,0.65
2,2025-02-17,6,Monday,global_popularity,500,172,259,0.6640926640926641,Morning,Weekday,0.5153065818081652,0.4,0.5658001804173748,0.5,0.6201771398794809,0.8
2,2025-02-17,6,Monday,zone_hour_profile,500,172,259,0.6640926640926641,Morning,Weekday,0.9297908438499117,0.6,0.9423806142107305,0.8,0.9693172971682996,0.85
2,2025-02-17,6,Monday,same_hour_last_week,500,172,259,0.6640926640926641,Morning,Weekday,0.9389547263625946,0.6,0.9311989414168156,0.7,0.9305099090463047,0.75
2,2025-02-17,6,Monday,trailing_4_week_profile,500,172,259,0.6640926640926641,Morning,Weekday,0.924198899145753,0.6,0.9365256713103802,0.8,0.9634935509929555,0.85
2,2025-02-17,6,Monday,global_popularity,1000,126,259,0.4864864864864865,Morning,Weekday,0.5153065818081652,0.4,0.5658001804173748,0.5,0.6201771398794809,0.8
2,2025-02-17,6,Monday,zone_hour_profile,1000,126,259,0.4864864864864865,Morning,Weekday,0.9297908438499117,0.6,0.9423806142107305,0.8,0.9693172971682996,0.85
2,2025-02-17,6,Monday,same_hour_last_week,1000,126,259,0.4864864864864865,Morning,Weekday,0.9389547263625946,0.6,0.9311989414168156,0.7,0.9305099090463047,0.75
2,2025-02-17,6,Monday,trailing_4_week_profile,1000,126,259,0.4864864864864865,Morning,Weekday,0.924198899145753,0.6,0.9365256713103802,0.8,0.9634935509929555,0.85
2,2025-02-17,7,Monday,global_popularity,500,172,259,0.6640926640926641,Morning,Weekday,0.5222455774161012,0.4,0.5695112535749067,0.5,0.6288683896119296,0.75
2,2025-02-17,7,Monday,zone_hour_profile,500,172,259,0.6640926640926641,Morning,Weekday,0.556750637140206,0.4,0.5869452616313701,0.6,0.6555336940840448,0.85
2,2025-02-17,7,Monday,same_hour_last_week,500,172,259,0.6640926640926641,Morning,Weekday,0.5278731131417349,0.4,0.5570236041110925,0.6,0.6173812341529666,0.8
2,2025-02-17,7,Monday,trailing_4_week_profile,500,172,259,0.6640926640926641,Morning,Weekday,0.556750637140206,0.4,0.5869452616313701,0.6,0.6550772660673697,0.85
2,2025-02-17,7,Monday,global_popularity,1000,126,259,0.4864864864864865,Morning,Weekday,0.5222455774161012,0.4,0.5695112535749067,0.5,0.6288683896119296,0.75
2,2025-02-17,7,Monday,zone_hour_profile,1000,126,259,0.4864864864864865,Morning,Weekday,0.556750637140206,0.4,0.5869452616313701,0.6,0.6555336940840448,0.85
2,2025-02-17,7,Monday,same_hour_last_week,1000,126,259,0.4864864864864865,Morning,Weekday,0.5278731131417349,0.4,0.5570236041110925,0.6,0.6173812341529666,0.8
2,2025-02-17,7,Monday,trailing_4_week_profile,1000,126,259,0.4864864864864865,Morning,Weekday,0.556750637140206,0.4,0.5869452616313701,0.6,0.6550772660673697,0.85
2,2025-02-17,8,Monday,global_popularity,500,172,259,0.6640926640926641,Morning,Weekday,0.620706781503264,0.6,0.6602031179098418,0.6,0.7267550341629607,0.85
2,2025-02-17,8,Monday,zone_hour_profile,500,172,259,0.6640926640926641,Morning,Weekday,0.348260982177695,0.4,0.42279774601730397,0.3,0.6331729704166751,0.85
2,2025-02-17,8,Monday,same_hour_last_week,500,172,259,0.6640926640926641,Morning,Weekday,0.348260982177695,0.4,0.41356933250124334,0.3,0.5243779779185415,0.8
2,2025-02-17,8,Monday,trailing_4_week_profile,500,172,259,0.6640926640926641,Morning,Weekday,0.348260982177695,0.4,0.422309202153451,0.3,0.6276743082676344,0.85
2,2025-02-17,8,Monday,global_popularity,1000,126,259,0.4864864864864865,Morning,Weekday,0.620706781503264,0.6,0.6602031179098418,0.6,0.7267550341629607,0.85
2,2025-02-17,8,Monday,zone_hour_profile,1000,126,259,0.4864864864864865,Morning,Weekday,0.348260982177695,0.4,0.42279774601730397,0.3,0.6331729704166751,0.85
2,2025-02-17,8,Monday,same_hour_last_week,1000,126,259,0.4864864864864865,Morning,Weekday,0.348260982177695,0.4,0.41356933250124334,0.3,0.5243779779185415,0.8
2,2025-02-17,8,Monday,trailing_4_week_profile,1000,126,259,0.4864864864864865,Morning,Weekday,0.348260982177695,0.4,0.422309202153451,0.3,0.6276743082676344,0.85
2,2025-02-17,9,Monday,global_popularity,500,172,259,0.6640926640926641,Morning,Weekday,0.6778506110267042,0.6,0.718918989371345,0.8,0.7888024852386375,0.8
2,2025-02-17,9,Monday,zone_hour_profile,500,172,259,0.6640926640926641,Morning,Weekday,0.46305347071084724,0.2,0.5588316531367579,0.7,0.7285519641947132,0.95
2,2025-02-17,9,Monday,same_hour_last_week,500,172,259,0.6640926640926641,Morning,Weekday,0.5139163627416186,0.2,0.5422642042641488,0.6,0.7262707434690503,0.9
2,2025-02-17,9,Monday,trailing_4_week_profile,500,172,259,0.6640926640926641,Morning,Weekday,0.45411996417768385,0.0,0.5559797857574096,0.7,0.7236459459597009,0.95
2,2025-02-17,9,Monday,global_popularity,1000,126,259,0.4864864864864865,Morning,Weekday,0.6778506110267042,0.6,0.718918989371345,0.8,0.7888024852386375,0.8
2,2025-02-17,9,Monday,zone_hour_profile,1000,126,259,0.4864864864864865,Morning,Weekday,0.46305347071084724,0.2,0.5588316531367579,0.7,0.7285519641947132,0.95
2,2025-02-17,9,Monday,same_hour_last_week,1000,126,259,0.4864864864864865,Morning,Weekday,0.5139163627416186,0.2,0.5422642042641488,0.6,0.7262707434690503,0.9
2,2025-02-17,9,Monday,trailing_4_week_profile,1000,126,259,0.4864864864864865,Morning,Weekday,0.45411996417768385,0.0,0.5559797857574096,0.7,0.7236459459597009,0.95
2,2025-02-17,10,Monday,global_popularity,500,172,259,0.6640926640926641,Midday,Weekday,0.6481436274387998,0.6,0.69177411789154,0.8,0.7860611655463812,0.85
2,2025-02-17,10,Monday,zone_hour_profile,500,172,259,0.6640926640926641,Midday,Weekday,0.5369360609012557,0.4,0.5907663373468783,0.7,0.751165847639548,0.8
2,2025-02-17,10,Monday,same_hour_last_week,500,172,259,0.6640926640926641,Midday,Weekday,0.5210741101407376,0.4,0.5872278792165401,0.7,0.73406515798962,0.85
2,2025-02-17,10,Monday,trailing_4_week_profile,500,172,259,0.6640926640926641,Midday,Weekday,0.5369360609012557,0.4,0.5900863001129174,0.7,0.7501024476425553,0.8
2,2025-02-17,10,Monday,global_popularity,1000,126,259,0.4864864864864865,Midday,Weekday,0.6481436274387998,0.6,0.69177411789154,0.8,0.7860611655463812,0.85
2,2025-02-17,10,Monday,zone_hour_profile,1000,126,259,0.4864864864864865,Midday,Weekday,0.5369360609012557,0.4,0.5907663373468783,0.7,0.751165847639548,0.8
2,2025-02-17,10,Monday,same_hour_last_week,1000,126,259,0.4864864864864865,Midday,Weekday,0.5210741101407376,0.4,0.5872278792165401,0.7,0.73406515798962,0.85
2,2025-02-17,10,Monday,trailing_4_week_profile,1000,126,259,0.4864864864864865,Midday,Weekday,0.5369360609012557,0.4,0.5900863001129174,0.7,0.7501024476425553,0.8
2,2025-02-17,11,Monday,global_popularity,500,172,259,0.6640926640926641,Midday,Weekday,0.6282754804625137,0.6,0.6899114168316357,0.8,0.7763616593756416,0.85
2,2025-02-17,11,Monday,zone_hour_profile,500,172,259,0.6640926640926641,Midday,Weekday,0.4677472118109572,0.6,0.5919903288209052,0.8,0.7348908548197215,0.85
2,2025-02-17,11,Monday,same_hour_last_week,500,172,259,0.6640926640926641,Midday,Weekday,0.45873585875565437,0.6,0.5856159345475023,0.8,0.7277488931486571,0.85
2,2025-02-17,11,Monday,trailing_4_week_profile,500,172,259,0.6640926640926641,Midday,Weekday,0.4686324340160902,0.6,0.6001603444481423,0.7,0.7484970263346248,0.85
2,2025-02-17,11,Monday,global_popularity,1000,126,259,0.4864864864864865,Midday,Weekday,0.6282754804625137,0.6,0.6899114168316357,0.8,0.7763616593756416,0.85
2,2025-02-17,11,Monday,zone_hour_profile,1000,126,259,0.4864864864864865,Midday,Weekday,0.4677472118109572,0.6,0.5919903288209052,0.8,0.7348908548197215,0.85
2,2025-02-17,11,Monday,same_hour_last_week,1000,126,259,0.4864864864864865,Midday,Weekday,0.45873585875565437,0.6,0.5856159345475023,0.8,0.7277488931486571,0.85
2,2025-02-17,11,Monday,trailing_4_week_profile,1000,126,259,0.4864864864864865,Midday,Weekday,0.4686324340160902,0.6,0.6001603444481423,0.7,0.7484970263346248,0.85
2,2025-02-17,12,Monday,global_popularity,500,172,259,0.6640926640926641,Midday,Weekday,0.754450832942258,0.8,0.7709363955588194,0.8,0.8495315390542798,0.85
2,2025-02-17,12,Monday,zone_hour_profile,500,172,259,0.6640926640926641,Midday,Weekday,0.6824193784518781,0.8,0.7825848047495808,0.8,0.8408443096955958,0.85
2,2025-02-17,12,Monday,same_hour_last_week,500,172,259,0.6640926640926641,Midday,Weekday,0.6678344732490689,0.8,0.7649421009580712,0.7,0.8279463789953244,0.85
2,2025-02-17,12,Monday,trailing_4_week_profile,500,172,259,0.6640926640926641,Midday,Weekday,0.8026726063030848,1.0,0.8171620490324076,0.8,0.8551263778946799,0.85
2,2025-02-17,12,Monday,global_popularity,1000,126,259,0.4864864864864865,Midday,Weekday,0.754450832942258,0.8,0.7709363955588194,0.8,0.8495315390542798,0.85
2,2025-02-17,12,Monday,zone_hour_profile,1000,126,259,0.4864864864864865,Midday,Weekday,0.6824193784518781,0.8,0.7825848047495808,0.8,0.8408443096955958,0.85
2,2025-02-17,12,Monday,same_hour_last_week,1000,126,259,0.4864864864864865,Midday,Weekday,0.6678344732490689,0.8,0.7649421009580712,0.7,0.8279463789953244,0.85
2,2025-02-17,12,Monday,trailing_4_week_profile,1000,126,259,0.4864864864864865,Midday,Weekday,0.8026726063030848,1.0,0.8171620490324076,0.8,0.8551263778946799,0.85
2,2025-02-17,13,Monday,global_popularity,500,172,259,0.6640926640926641,Midday,Weekday,0.6354341069262969,0.4,0.6900939313133259,0.8,0.7517550951796717,0.9
2,2025-02-17,13,Monday,zone_hour_profile,500,172,259,0.6640926640926641,Midday,Weekday,0.40317230010946814,0.4,0.6321904752188201,0.8,0.6986950940946404,0.95
2,2025-02-17,13,Monday,same_hour_last_week,500,172,259,0.6640926640926641,Midday,Weekday,0.3759906997050659,0.4,0.5946945196956299,0.7,0.6806065529747404,0.85
2,2025-02-17,13,Monday,trailing_4_week_profile,500,172,259,0.6640926640926641,Midday,Weekday,0.3884425632158819,0.4,0.6512226870363185,0.8,0.7094440718297527,0.9
2,2025-02-17,13,Monday,global_popularity,1000,126,259,0.4864864864864865,Midday,Weekday,0.6354341069262969,0.4,0.6900939313133259,0.8,0.7517550951796717,0.9
2,2025-02-17,13,Monday,zone_hour_profile,1000,126,259,0.4864864864864865,Midday,Weekday,0.40317230010946814,0.4,0.6321904752188201,0.8,0.6986950940946404,0.95
2,2025-02-17,13,Monday,same_hour_last_week,1000,126,259,0.4864864864864865,Midday,Weekday,0.3759906997050659,0.4,0.5946945196956299,0.7,0.6806065529747404,0.85
2,2025-02-17,13,Monday,trailing_4_week_profile,1000,126,259,0.4864864864864865,Midday,Weekday,0.3884425632158819,0.4,0.6512226870363185,0.8,0.7094440718297527,0.9
2,2025-02-17,14,Monday,global_popularity,500,172,259,0.6640926640926641,Midday,Weekday,0.5859612261486788,0.6,0.6192154038543928,0.7,0.7149369471084732,0.8
2,2025-02-17,14,Monday,zone_hour_profile,500,172,259,0.6640926640926641,Midday,Weekday,0.6734206903743928,0.8,0.6732698525505453,0.7,0.7363938323201167,0.8
2,2025-02-17,14,Monday,same_hour_last_week,500,172,259,0.6640926640926641,Midday,Weekday,0.676070131024562,0.8,0.6666856078899167,0.6,0.7346951115739462,0.8
2,2025-02-17,14,Monday,trailing_4_week_profile,500,172,259,0.6640926640926641,Midday,Weekday,0.6734206903743928,0.8,0.6646799518065599,0.6,0.7339715533137461,0.8
2,2025-02-17,14,Monday,global_popularity,1000,126,259,0.4864864864864865,Midday,Weekday,0.5859612261486788,0.6,0.6192154038543928,0.7,0.7149369471084732,0.8
2,2025-02-17,14,Monday,zone_hour_profile,1000,126,259,0.4864864864864865,Midday,Weekday,0.6734206903743928,0.8,0.6732698525505453,0.7,0.7363938323201167,0.8
2,2025-02-17,14,Monday,same_hour_last_week,1000,126,259,0.4864864864864865,Midday,Weekday,0.676070131024562,0.8,0.6666856078899167,0.6,0.7346951115739462,0.8
2,2025-02-17,14,Monday,trailing_4_week_profile,1000,126,259,0.4864864864864865,Midday,Weekday,0.6734206903743928,0.8,0.6646799518065599,0.6,0.7339715533137461,0.8
2,2025-02-17,15,Monday,global_popularity,500,172,259,0.6640926640926641,Midday,Weekday,0.6097896676650785,0.8,0.6436720725156396,0.7,0.7145211866042633,0.85
2,2025-02-17,15,Monday,zone_hour_profile,500,172,259,0.6640926640926641,Midday,Weekday,0.6680282461441358,0.8,0.6902692399039059,0.7,0.7367298499079197,0.85
2,2025-02-17,15,Monday,same_hour_last_week,500,172,259,0.6640926640926641,Midday,Weekday,0.6680282461441358,0.8,0.6744526323455576,0.6,0.7386930682306606,0.9
2,2025-02-17,15,Monday,trailing_4_week_profile,500,172,259,0.6640926640926641,Midday,Weekday,0.6680282461441358,0.8,0.6887232238418979,0.7,0.7361602618792253,0.85
2,2025-02-17,15,Monday,global_popularity,1000,126,259,0.4864864864864865,Midday,Weekday,0.6097896676650785,0.8,0.6436720725156396,0.7,0.7145211866042633,0.85
2,2025-02-17,15,Monday,zone_hour_profile,1000,126,259,0.4864864864864865,Midday,Weekday,0.6680282461441358,0.8,0.6902692399039059,0.7,0.7367298499079197,0.85
2,2025-02-17,15,Monday,same_hour_last_week,1000,126,259,0.4864864864864865,Midday,Weekday,0.6680282461441358,0.8,0.6744526323455576,0.6,0.7386930682306606,0.9
2,2025-02-17,15,Monday,trailing_4_week_profile,1000,126,259,0.4864864864864865,Midday,Weekday,0.6680282461441358,0.8,0.6887232238418979,0.7,0.7361602618792253,0.85
2,2025-02-17,16,Monday,global_popularity,500,172,259,0.6640926640926641,Evening,Weekday,0.5958629119576602,0.8,0.6310619853444838,0.8,0.6916514999221827,0.8
2,2025-02-17,16,Monday,zone_hour_profile,500,172,259,0.6640926640926641,Evening,Weekday,0.6882917575218098,0.6,0.7457116418929097,0.7,0.7918203459533123,0.9
2,2025-02-17,16,Monday,same_hour_last_week,500,172,259,0.6640926640926641,Evening,Weekday,0.6899310847461799,0.6,0.7433257655969481,0.7,0.7872259240830248,0.9
2,2025-02-17,16,Monday,trailing_4_week_profile,500,172,259,0.6640926640926641,Evening,Weekday,0.9648885709262837,0.8,0.9499494932148576,0.8,0.9657172750517384,0.9
2,2025-02-17,16,Monday,global_popularity,1000,126,259,0.4864864864864865,Evening,Weekday,0.5958629119576602,0.8,0.6310619853444838,0.8,0.6916514999221827,0.8
2,2025-02-17,16,Monday,zone_hour_profile,1000,126,259,0.4864864864864865,Evening,Weekday,0.6882917575218098,0.6,0.7457116418929097,0.7,0.7918203459533123,0.9
2,2025-02-17,16,Monday,same_hour_last_week,1000,126,259,0.4864864864864865,Evening,Weekday,0.6899310847461799,0.6,0.7433257655969481,0.7,0.7872259240830248,0.9
2,2025-02-17,16,Monday,trailing_4_week_profile,1000,126,259,0.4864864864864865,Evening,Weekday,0.9648885709262837,0.8,0.9499494932148576,0.8,0.9657172750517384,0.9
2,2025-02-17,17,Monday,global_popularity,500,172,259,0.6640926640926641,Evening,Weekday,0.5490324350089393,0.6,0.6043690106298772,0.8,0.6909678676802428,0.8
2,2025-02-17,17,Monday,zone_hour_profile,500,172,259,0.6640926640926641,Evening,Weekday,0.5260125616922837,0.6,0.6571461916092068,0.9,0.6963569706572902,0.85
2,2025-02-17,17,Monday,same_hour_last_week,500,172,259,0.6640926640926641,Evening,Weekday,0.5260125616922837,0.6,0.6452979249017595,0.8,0.6933581853046152,0.85
2,2025-02-17,17,Monday,trailing_4_week_profile,500,172,259,0.6640926640926641,Evening,Weekday,0.5260125616922837,0.6,0.6551776363708675,0.9,0.6943405641669872,0.85
2,2025-02-17,17,Monday,global_popularity,1000,126,259,0.4864864864864865,Evening,Weekday,0.5490324350089393,0.6,0.6043690106298772,0.8,0.6909678676802428,0.8
2,2025-02-17,17,Monday,zone_hour_profile,1000,126,259,0.4864864864864865,Evening,Weekday,0.5260125616922837,0.6,0.6571461916092068,0.9,0.6963569706572902,0.85
2,2025-02-17,17,Monday,same_hour_last_week,1000,126,259,0.4864864864864865,Evening,Weekday,0.5260125616922837,0.6,0.6452979249017595,0.8,0.6933581853046152,0.85
2,2025-02-17,17,Monday,trailing_4_week_profile,1000,126,259,0.4864864864864865,Evening,Weekday,0.5260125616922837,0.6,0.6551776363708675,0.9,0.6943405641669872,0.85
2,2025-02-17,18,Monday,global_popularity,500,172,259,0.6640926640926641,Evening,Weekday,0.561185362355021,0.4,0.6288399862906976,0.7,0.7244557952789521,0.85
2,2025-02-17,18,Monday,zone_hour_profile,500,172,259,0.6640926640926641,Evening,Weekday,0.5600527113256961,0.6,0.6139918696840487,0.7,0.7266861661302066,0.95
2,2025-02-17,18,Monday,same_hour_last_week,500,172,259,0.6640926640926641,Evening,Weekday,0.3578639340636168,0.4,0.5871323232768785,0.7,0.7015131510213196,0.95
2,2025-02-17,18,Monday,trailing_4_week_profile,500,172,259,0.6640926640926641,Evening,Weekday,0.5600527113256961,0.6,0.6156085919426015,0.7,0.7285518339223428,0.95
2,2025-02-17,18,Monday,global_popularity,1000,126,259,0.4864864864864865,Evening,Weekday,0.561185362355021,0.4,0.6288399862906976,0.7,0.7244557952789521,0.85
2,2025-02-17,18,Monday,zone_hour_profile,1000,126,259,0.4864864864864865,Evening,Weekday,0.5600527113256961,0.6,0.6139918696840487,0.7,0.7266861661302066,0.95
2,2025-02-17,18,Monday,same_hour_last_week,1000,126,259,0.4864864864864865,Evening,Weekday,0.3578639340636168,0.4,0.5871323232768785,0.7,0.7015131510213196,0.95
2,2025-02-17,18,Monday,trailing_4_week_profile,1000,126,259,0.4864864864864865,Evening,Weekday,0.5600527113256961,0.6,0.6156085919426015,0.7,0.7285518339223428,0.95
2,2025-02-17,19,Monday,global_popularity,500,172,259,0.6640926640926641,Evening,Weekday,0.4514416500076852,0.4,0.5281315933353611,0.8,0.647699492638713,0.9
2,2025-02-17,19,Monday,zone_hour_profile,500,172,259,0.6640926640926641,Evening,Weekday,0.5635869674408276,0.4,0.6889281693565577,0.8,0.7493477624352136,0.9
2,2025-02-17,19,Monday,same_hour_last_week,500,172,259,0.6640926640926641,Evening,Weekday,0.5634709179911537,0.4,0.6087696068844686,0.7,0.7320533268803973,0.85
2,2025-02-17,19,Monday,trailing_4_week_profile,500,172,259,0.6640926640926641,Evening,Weekday,0.5635869674408276,0.4,0.687061215641385,0.7,0.7501369158495677,0.9
2,2025-02-17,19,Monday,global_popularity,1000,126,259,0.4864864864864865,Evening,Weekday,0.4514416500076852,0.4,0.5281315933353611,0.8,0.647699492638713,0.9
2,2025-02-17,19,Monday,zone_hour_profile,1000,126,259,0.4864864864864865,Evening,Weekday,0.5635869674408276,0.4,0.6889281693565577,0.8,0.7493477624352136,0.9
2,2025-02-17,19,Monday,same_hour_last_week,1000,126,259,0.4864864864864865,Evening,Weekday,0.5634709179911537,0.4,0.6087696068844686,0.7,0.7320533268803973,0.85
2,2025-02-17,19,Monday,trailing_4_week_profile,1000,126,259,0.4864864864864865,Evening,Weekday,0.5635869674408276,0.4,0.687061215641385,0.7,0.7501369158495677,0.9
2,2025-02-17,20,Monday,global_popularity,500,172,259,0.6640926640926641,Evening,Weekday,0.43034366486147135,0.2,0.5031209786935307,0.7,0.6226053386253536,0.9
2,2025-02-17,20,Monday,zone_hour_profile,500,172,259,0.6640926640926641,Evening,Weekday,0.6748733206241471,0.6,0.6944027345883228,0.7,0.7449473757752509,0.85
2,2025-02-17,20,Monday,same_hour_last_week,500,172,259,0.6640926640926641,Evening,Weekday,0.563143761685667,0.6,0.5939726726612068,0.7,0.6536831990293392,0.85
2,2025-02-17,20,Monday,trailing_4_week_profile,500,172,259,0.6640926640926641,Evening,Weekday,0.6748733206241471,0.6,0.6946340478186913,0.7,0.7482909019436573,0.9
2,2025-02-17,20,Monday,global_popularity,1000,126,259,0.4864864864864865,Evening,Weekday,0.43034366486147135,0.2,0.5031209786935307,0.7,0.6226053386253536,0.9
2,2025-02-17,20,Monday,zone_hour_profile,1000,126,259,0.4864864864864865,Evening,Weekday,0.6748733206241471,0.6,0.6944027345883228,0.7,0.7449473757752509,0.85
2,2025-02-17,20,Monday,same_hour_last_week,1000,126,259,0.4864864864864865,Evening,Weekday,0.563143761685667,0.6,0.5939726726612068,0.7,0.6536831990293392,0.85
2,2025-02-17,20,Monday,trailing_4_week_profile,1000,126,259,0.4864864864864865,Evening,Weekday,0.6748733206241471,0.6,0.6946340478186913,0.7,0.7482909019436573,0.9
2,2025-02-17,21,Monday,global_popularity,500,172,259,0.6640926640926641,Late evening,Weekday,0.4237652678520528,0.4,0.4776555762406668,0.6,0.5939566554352842,0.9
2,2025-02-17,21,Monday,zone_hour_profile,500,172,259,0.6640926640926641,Late evening,Weekday,0.9233075339567193,0.8,0.922975042837166,0.7,0.9428892675082537,0.95
2,2025-02-17,21,Monday,same_hour_last_week,500,172,259,0.6640926640926641,Late evening,Weekday,0.5855037795576644,0.6,0.6247251127989628,0.7,0.6610638709119036,0.9
2,2025-02-17,21,Monday,trailing_4_week_profile,500,172,259,0.6640926640926641,Late evening,Weekday,0.6982458938868642,0.6,0.7277044136833057,0.7,0.7663218603713661,1.0
2,2025-02-17,21,Monday,global_popularity,1000,126,259,0.4864864864864865,Late evening,Weekday,0.4237652678520528,0.4,0.4776555762406668,0.6,0.5939566554352842,0.9
2,2025-02-17,21,Monday,zone_hour_profile,1000,126,259,0.4864864864864865,Late evening,Weekday,0.9233075339567193,0.8,0.922975042837166,0.7,0.9428892675082537,0.95
2,2025-02-17,21,Monday,same_hour_last_week,1000,126,259,0.4864864864864865,Late evening,Weekday,0.5855037795576644,0.6,0.6247251127989628,0.7,0.6610638709119036,0.9
2,2025-02-17,21,Monday,trailing_4_week_profile,1000,126,259,0.4864864864864865,Late evening,Weekday,0.6982458938868642,0.6,0.7277044136833057,0.7,0.7663218603713661,1.0
2,2025-02-17,22,Monday,global_popularity,500,172,259,0.6640926640926641,Late evening,Weekday,0.34737418618701466,0.4,0.39344252140857433,0.4,0.5304808922301477,0.8
2,2025-02-17,22,Monday,zone_hour_profile,500,172,259,0.6640926640926641,Late evening,Weekday,0.9281774899652027,0.8,0.9214443926557143,0.5,0.937526344051273,0.85
2,2025-02-17,22,Monday,same_hour_last_week,500,172,259,0.6640926640926641,Late evening,Weekday,0.6038498472573165,0.6,0.6299486707711152,0.6,0.6628978797006183,0.9
2,2025-02-17,22,Monday,trailing_4_week_profile,500,172,259,0.6640926640926641,Late evening,Weekday,0.9281774899652027,0.8,0.9239798024696202,0.6,0.9373481358148406,0.85
2,2025-02-17,22,Monday,global_popularity,1000,126,259,0.4864864864864865,Late evening,Weekday,0.34737418618701466,0.4,0.39344252140857433,0.4,0.5304808922301477,0.8
2,2025-02-17,22,Monday,zone_hour_profile,1000,126,259,0.4864864864864865,Late evening,Weekday,0.9281774899652027,0.8,0.9214443926557143,0.5,0.937526344051273,0.85
2,2025-02-17,22,Monday,same_hour_last_week,1000,126,259,0.4864864864864865,Late evening,Weekday,0.6038498472573165,0.6,0.6299486707711152,0.6,0.6628978797006183,0.9
2,2025-02-17,22,Monday,trailing_4_week_profile,1000,126,259,0.4864864864864865,Late evening,Weekday,0.9281774899652027,0.8,0.9239798024696202,0.6,0.9373481358148406,0.85
2,2025-02-17,23,Monday,global_popularity,500,172,259,0.6640926640926641,Late evening,Weekday,0.3276052047540163,0.2,0.36174126532464057,0.4,0.4815210280813488,0.8
2,2025-02-17,23,Monday,zone_hour_profile,500,172,259,0.6640926640926641,Late evening,Weekday,0.9733468009965048,0.6,0.9725680594352696,0.7,0.979410616046178,0.85
2,2025-02-17,23,Monday,same_hour_last_week,500,172,259,0.6640926640926641,Late evening,Weekday,0.6572144057594472,0.6,0.6669421418208037,0.7,0.6883087486921046,0.85
2,2025-02-17,23,Monday,trailing_4_week_profile,500,172,259,0.6640926640926641,Late evening,Weekday,0.9733468009965048,0.6,0.9721147388596103,0.7,0.9782598081926709,0.85
2,2025-02-17,23,Monday,global_popularity,1000,126,259,0.4864864864864865,Late evening,Weekday,0.3276052047540163,0.2,0.36174126532464057,0.4,0.4815210280813488,0.8
2,2025-02-17,23,Monday,zone_hour_profile,1000,126,259,0.4864864864864865,Late evening,Weekday,0.9733468009965048,0.6,0.9725680594352696,0.7,0.979410616046178,0.85
2,2025-02-17,23,Monday,same_hour_last_week,1000,126,259,0.4864864864864865,Late evening,Weekday,0.6572144057594472,0.6,0.6669421418208037,0.7,0.6883087486921046,0.85
2,2025-02-17,23,Monday,trailing_4_week_profile,1000,126,259,0.4864864864864865,Late evening,Weekday,0.9733468009965048,0.6,0.9721147388596103,0.7,0.9782598081926709,0.85
2,2025-02-18,0,Tuesday,global_popularity,500,172,259,0.6640926640926641,Overnight,Weekday,0.2878333425346239,0.2,0.30683800649880544,0.3,0.45238788817118564,0.7
2,2025-02-18,0,Tuesday,zone_hour_profile,500,172,259,0.6640926640926641,Overnight,Weekday,0.99246888949457,0.6,0.9872614267114446,0.7,0.9837461993672854,0.75
2,2025-02-18,0,Tuesday,same_hour_last_week,500,172,259,0.6640926640926641,Overnight,Weekday,0.9871481861698329,0.8,0.9847105460840632,0.7,0.9802443815247578,0.75
2,2025-02-18,0,Tuesday,trailing_4_week_profile,500,172,259,0.6640926640926641,Overnight,Weekday,0.9937709767871413,0.8,0.9863800733981226,0.7,0.9901905946176777,0.8
2,2025-02-18,0,Tuesday,global_popularity,1000,126,259,0.4864864864864865,Overnight,Weekday,0.2878333425346239,0.2,0.30683800649880544,0.3,0.45238788817118564,0.7
2,2025-02-18,0,Tuesday,zone_hour_profile,1000,126,259,0.4864864864864865,Overnight,Weekday,0.99246888949457,0.6,0.9872614267114446,0.7,0.9837461993672854,0.75
2,2025-02-18,0,Tuesday,same_hour_last_week,1000,126,259,0.4864864864864865,Overnight,Weekday,0.9871481861698329,0.8,0.9847105460840632,0.7,0.9802443815247578,0.75
2,2025-02-18,0,Tuesday,trailing_4_week_profile,1000,126,259,0.4864864864864865,Overnight,Weekday,0.9937709767871413,0.8,0.9863800733981226,0.7,0.9901905946176777,0.8
2,2025-02-18,1,Tuesday,global_popularity,500,172,259,0.6640926640926641,Overnight,Weekday,0.29624843606803103,0.2,0.3007759487695789,0.2,0.430438528286367,0.55
2,2025-02-18,1,Tuesday,zone_hour_profile,500,172,259,0.6640926640926641,Overnight,Weekday,0.7004059514931229,0.6,0.8591336588797626,0.8,0.858205651103231,0.75
2,2025-02-18,1,Tuesday,same_hour_last_week,500,172,259,0.6640926640926641,Overnight,Weekday,0.9262128095058898,0.8,0.9196274208709481,0.8,0.9145651096207228,0.55
2,2025-02-18,1,Tuesday,trailing_4_week_profile,500,172,259,0.6640926640926641,Overnight,Weekday,0.8929839895321223,0.8,0.8916579754433372,0.8,0.891773922330043,0.75
2,2025-02-18,1,Tuesday,global_popularity,1000,126,259,0.4864864864864865,Overnight,Weekday,0.29624843606803103,0.2,0.3007759487695789,0.2,0.430438528286367,0.55
2,2025-02-18,1,Tuesday,zone_hour_profile,1000,126,259,0.4864864864864865,Overnight,Weekday,0.7004059514931229,0.6,0.8591336588797626,0.8,0.858205651103231,0.75
2,2025-02-18,1,Tuesday,same_hour_last_week,1000,126,259,0.4864864864864865,Overnight,Weekday,0.9262128095058898,0.8,0.9196274208709481,0.8,0.9145651096207228,0.55
2,2025-02-18,1,Tuesday,trailing_4_week_profile,1000,126,259,0.4864864864864865,Overnight,Weekday,0.8929839895321223,0.8,0.8916579754433372,0.8,0.891773922330043,0.75
2,2025-02-18,2,Tuesday,global_popularity,500,172,259,0.6640926640926641,Overnight,Weekday,0.2629033325498538,0.2,0.2812263145825326,0.2,0.440550634875672,0.6
2,2025-02-18,2,Tuesday,zone_hour_profile,500,172,259,0.6640926640926641,Overnight,Weekday,0.6260741421602615,0.4,0.6374752587031862,0.6,0.7721546843297623,0.7
2,2025-02-18,2,Tuesday,same_hour_last_week,500,172,259,0.6640926640926641,Overnight,Weekday,0.08978148282388596,0.2,0.28786440090365256,0.6,0.3069419508209726,0.65
2,2025-02-18,2,Tuesday,trailing_4_week_profile,500,172,259,0.6640926640926641,Overnight,Weekday,0.6235133142853918,0.4,0.6306040182967834,0.6,0.6390513372318224,0.7
2,2025-02-18,2,Tuesday,global_popularity,1000,126,259,0.4864864864864865,Overnight,Weekday,0.2629033325498538,0.2,0.2812263145825326,0.2,0.440550634875672,0.6
2,2025-02-18,2,Tuesday,zone_hour_profile,1000,126,259,0.4864864864864865,Overnight,Weekday,0.6260741421602615,0.4,0.6374752587031862,0.6,0.7721546843297623,0.7
2,2025-02-18,2,Tuesday,same_hour_last_week,1000,126,259,0.4864864864864865,Overnight,Weekday,0.08978148282388596,0.2,0.28786440090365256,0.6,0.3069419508209726,0.65
2,2025-02-18,2,Tuesday,trailing_4_week_profile,1000,126,259,0.4864864864864865,Overnight,Weekday,0.6235133142853918,0.4,0.6306040182967834,0.6,0.6390513372318224,0.7
2,2025-02-18,3,Tuesday,global_popularity,500,172,259,0.6640926640926641,Overnight,Weekday,0.48380866077238865,0.4,0.47200652404229543,0.4,0.5306235531993,0.5
2,2025-02-18,3,Tuesday,zone_hour_profile,500,172,259,0.6640926640926641,Overnight,Weekday,0.5369068113426357,0.4,0.5429110626227697,0.4,0.5646371275532762,0.45
2,2025-02-18,3,Tuesday,same_hour_last_week,500,172,259,0.6640926640926641,Overnight,Weekday,0.2000849812672885,0.4,0.20453348349043585,0.4,0.2306021486445848,0.5
2,2025-02-18,3,Tuesday,trailing_4_week_profile,500,172,259,0.6640926640926641,Overnight,Weekday,0.9062377212462794,0.4,0.8792999992984534,0.5,0.8594623327761527,0.55
2,2025-02-18,3,Tuesday,global_popularity,1000,126,259,0.4864864864864865,Overnight,Weekday,0.48380866077238865,0.4,0.47200652404229543,0.4,0.5306235531993,0.5
2,2025-02-18,3,Tuesday,zone_hour_profile,1000,126,259,0.4864864864864865,Overnight,Weekday,0.5369068113426357,0.4,0.5429110626227697,0.4,0.5646371275532762,0.45
2,2025-02-18,3,Tuesday,same_hour_last_week,1000,126,259,0.4864864864864865,Overnight,Weekday,0.2000849812672885,0.4,0.20453348349043585,0.4,0.2306021486445848,0.5
2,2025-02-18,3,Tuesday,trailing_4_week_profile,1000,126,259,0.4864864864864865,Overnight,Weekday,0.9062377212462794,0.4,0.8792999992984534,0.5,0.8594623327761527,0.55
2,2025-02-18,4,Tuesday,global_popularity,500,172,259,0.6640926640926641,Overnight,Weekday,0.5037640650470921,0.4,0.5045207898032792,0.3,0.5328719754227895,0.55
2,2025-02-18,4,Tuesday,zone_hour_profile,500,172,259,0.6640926640926641,Overnight,Weekday,0.9251334196795864,0.6,0.917023212279698,0.6,0.9078779794696877,0.6
2,2025-02-18,4,Tuesday,same_hour_last_week,500,172,259,0.6640926640926641,Overnight,Weekday,0.8535514958713373,0.4,0.8824478589090929,0.5,0.8887256173985961,0.6
2,2025-02-18,4,Tuesday,trailing_4_week_profile,500,172,259,0.6640926640926641,Overnight,Weekday,0.913508127087863,0.4,0.908006592581494,0.6,0.9206515138046355,0.65
2,2025-02-18,4,Tuesday,global_popularity,1000,126,259,0.4864864864864865,Overnight,Weekday,0.5037640650470921,0.4,0.5045207898032792,0.3,0.5328719754227895,0.55
2,2025-02-18,4,Tuesday,zone_hour_profile,1000,126,259,0.4864864864864865,Overnight,Weekday,0.9251334196795864,0.6,0.917023212279698,0.6,0.9078779794696877,0.6
2,2025-02-18,4,Tuesday,same_hour_last_week,1000,126,259,0.4864864864864865,Overnight,Weekday,0.8535514958713373,0.4,0.8824478589090929,0.5,0.8887256173985961,0.6
2,2025-02-18,4,Tuesday,trailing_4_week_profile,1000,126,259,0.4864864864864865,Overnight,Weekday,0.913508127087863,0.4,0.908006592581494,0.6,0.9206515138046355,0.65
2,2025-02-18,5,Tuesday,global_popularity,500,172,259,0.6640926640926641,Overnight,Weekday,0.4496450452554057,0.2,0.48970007325928105,0.4,0.531695508715474,0.6
2,2025-02-18,5,Tuesday,zone_hour_profile,500,172,259,0.6640926640926641,Overnight,Weekday,0.9927493416937874,0.8,0.973991357515697,0.7,0.9748503994974383,0.8
2,2025-02-18,5,Tuesday,same_hour_last_week,500,172,259,0.6640926640926641,Overnight,Weekday,0.7417795881669774,0.8,0.762061343365073,0.7,0.7857746185132192,0.9
2,2025-02-18,5,Tuesday,trailing_4_week_profile,500,172,259,0.6640926640926641,Overnight,Weekday,0.9867250264384042,0.8,0.9700957987480618,0.7,0.9722201039670667,0.85
2,2025-02-18,5,Tuesday,global_popularity,1000,126,259,0.4864864864864865,Overnight,Weekday,0.4496450452554057,0.2,0.48970007325928105,0.4,0.531695508715474,0.6
2,2025-02-18,5,Tuesday,zone_hour_profile,1000,126,259,0.4864864864864865,Overnight,Weekday,0.9927493416937874,0.8,0.973991357515697,0.7,0.9748503994974383,0.8
2,2025-02-18,5,Tuesday,same_hour_last_week,1000,126,259,0.4864864864864865,Overnight,Weekday,0.7417795881669774,0.8,0.762061343365073,0.7,0.7857746185132192,0.9
2,2025-02-18,5,Tuesday,trailing_4_week_profile,1000,126,259,0.4864864864864865,Overnight,Weekday,0.9867250264384042,0.8,0.9700957987480618,0.7,0.9722201039670667,0.85
2,2025-02-18,6,Tuesday,global_popularity,500,172,259,0.6640926640926641,Morning,Weekday,0.5505530276312761,0.4,0.5887282083789809,0.5,0.6287114117584537,0.7
2,2025-02-18,6,Tuesday,zone_hour_profile,500,172,259,0.6640926640926641,Morning,Weekday,0.804914030963438,0.8,0.8290261068591149,0.8,0.8609517652408045,0.95
2,2025-02-18,6,Tuesday,same_hour_last_week,500,172,259,0.6640926640926641,Morning,Weekday,0.7169424619883034,0.8,0.7643546402591614,0.9,0.7960930982526593,0.95
2,2025-02-18,6,Tuesday,trailing_4_week_profile,500,172,259,0.6640926640926641,Morning,Weekday,0.8068731277050581,0.8,0.8400021030928608,0.9,0.8621306734216689,0.95
2,2025-02-18,6,Tuesday,global_popularity,1000,126,259,0.4864864864864865,Morning,Weekday,0.5505530276312761,0.4,0.5887282083789809,0.5,0.6287114117584537,0.7
2,2025-02-18,6,Tuesday,zone_hour_profile,1000,126,259,0.4864864864864865,Morning,Weekday,0.804914030963438,0.8,0.8290261068591149,0.8,0.8609517652408045,0.95
2,2025-02-18,6,Tuesday,same_hour_last_week,1000,126,259,0.4864864864864865,Morning,Weekday,0.7169424619883034,0.8,0.7643546402591614,0.9,0.7960930982526593,0.95
2,2025-02-18,6,Tuesday,trailing_4_week_profile,1000,126,259,0.4864864864864865,Morning,Weekday,0.8068731277050581,0.8,0.8400021030928608,0.9,0.8621306734216689,0.95
2,2025-02-18,7,Tuesday,global_popularity,500,172,259,0.6640926640926641,Morning,Weekday,0.5911009165646237,0.4,0.6316155944626795,0.6,0.6969560834657695,0.7
2,2025-02-18,7,Tuesday,zone_hour_profile,500,172,259,0.6640926640926641,Morning,Weekday,0.4368601328101824,0.4,0.5123738567737243,0.6,0.7159104685741515,0.95
2,2025-02-18,7,Tuesday,same_hour_last_week,500,172,259,0.6640926640926641,Morning,Weekday,0.44461264920305316,0.4,0.5194027215724155,0.6,0.6730111960339922,0.9
2,2025-02-18,7,Tuesday,trailing_4_week_profile,500,172,259,0.6640926640926641,Morning,Weekday,0.4368601328101824,0.4,0.5123738567737243,0.6,0.7154777392205864,0.95
2,2025-02-18,7,Tuesday,global_popularity,1000,126,259,0.4864864864864865,Morning,Weekday,0.5911009165646237,0.4,0.6316155944626795,0.6,0.6969560834657695,0.7
2,2025-02-18,7,Tuesday,zone_hour_profile,1000,126,259,0.4864864864864865,Morning,Weekday,0.4368601328101824,0.4,0.5123738567737243,0.6,0.7159104685741515,0.95
2,2025-02-18,7,Tuesday,same_hour_last_week,1000,126,259,0.4864864864864865,Morning,Weekday,0.44461264920305316,0.4,0.5194027215724155,0.6,0.6730111960339922,0.9
2,2025-02-18,7,Tuesday,trailing_4_week_profile,1000,126,259,0.4864864864864865,Morning,Weekday,0.4368601328101824,0.4,0.5123738567737243,0.6,0.7154777392205864,0.95
2,2025-02-18,8,Tuesday,global_popularity,500,172,259,0.6640926640926641,Morning,Weekday,0.654457627446074,0.4,0.7141884536124166,0.6,0.7946153563787558,0.8
2,2025-02-18,8,Tuesday,zone_hour_profile,500,172,259,0.6640926640926641,Morning,Weekday,0.6732212447813609,0.6,0.7170931541317737,0.6,0.7561681518909272,0.8
2,2025-02-18,8,Tuesday,same_hour_last_week,500,172,259,0.6640926640926641,Morning,Weekday,0.6615536936621654,0.6,0.7226489847491778,0.7,0.7936596510219199,0.85
2,2025-02-18,8,Tuesday,trailing_4_week_profile,500,172,259,0.6640926640926641,Morning,Weekday,0.6732212447813609,0.6,0.7170931541317737,0.6,0.7562737352779035,0.8
2,2025-02-18,8,Tuesday,global_popularity,1000,126,259,0.4864864864864865,Morning,Weekday,0.654457627446074,0.4,0.7141884536124166,0.6,0.7946153563787558,0.8
2,2025-02-18,8,Tuesday,zone_hour_profile,1000,126,259,0.4864864864864865,Morning,Weekday,0.6732212447813609,0.6,0.7170931541317737,0.6,0.7561681518909272,0.8
2,2025-02-18,8,Tuesday,same_hour_last_week,1000,126,259,0.4864864864864865,Morning,Weekday,0.6615536936621654,0.6,0.7226489847491778,0.7,0.7936596510219199,0.85
2,2025-02-18,8,Tuesday,trailing_4_week_profile,1000,126,259,0.4864864864864865,Morning,Weekday,0.6732212447813609,0.6,0.7170931541317737,0.6,0.7562737352779035,0.8
2,2025-02-18,9,Tuesday,global_popularity,500,172,259,0.6640926640926641,Morning,Weekday,0.5853930948407599,0.6,0.6715188289521221,0.6,0.7882467569898923,0.8
2,2025-02-18,9,Tuesday,zone_hour_profile,500,172,259,0.6640926640926641,Morning,Weekday,0.6098314817897331,0.6,0.6636837862443334,0.7,0.7780447554999752,0.9
2,2025-02-18,9,Tuesday,same_hour_last_week,500,172,259,0.6640926640926641,Morning,Weekday,0.6181223061679103,0.6,0.664880343096834,0.7,0.7771197267589314,0.85
2,2025-02-18,9,Tuesday,trailing_4_week_profile,500,172,259,0.6640926640926641,Morning,Weekday,0.6098314817897331,0.6,0.7445589935557202,0.8,0.7835097522677534,0.9
2,2025-02-18,9,Tuesday,global_popularity,1000,126,259,0.4864864864864865,Morning,Weekday,0.5853930948407599,0.6,0.6715188289521221,0.6,0.7882467569898923,0.8
2,2025-02-18,9,Tuesday,zone_hour_profile,1000,126,259,0.4864864864864865,Morning,Weekday,0.6098314817897331,0.6,0.6636837862443334,0.7,0.7780447554999752,0.9
2,2025-02-18,9,Tuesday,same_hour_last_week,1000,126,259,0.4864864864864865,Morning,Weekday,0.6181223061679103,0.6,0.664880343096834,0.7,0.7771197267589314,0.85
2,2025-02-18,9,Tuesday,trailing_4_week_profile,1000,126,259,0.4864864864864865,Morning,Weekday,0.6098314817897331,0.6,0.7445589935557202,0.8,0.7835097522677534,0.9
2,2025-02-18,10,Tuesday,global_popularity,500,172,259,0.6640926640926641,Midday,Weekday,0.6256608698656348,0.6,0.683786190156096,0.8,0.7947916044667812,0.85
2,2025-02-18,10,Tuesday,zone_hour_profile,500,172,259,0.6640926640926641,Midday,Weekday,0.6997218138033404,0.8,0.736680531466803,0.7,0.8223523320583673,0.95
2,2025-02-18,10,Tuesday,same_hour_last_week,500,172,259,0.6640926640926641,Midday,Weekday,0.5645395109556057,0.6,0.7068921659976268,0.7,0.7585450648148351,0.9
2,2025-02-18,10,Tuesday,trailing_4_week_profile,500,172,259,0.6640926640926641,Midday,Weekday,0.7136357938267236,0.8,0.7478002420939825,0.7,0.8312989363578986,0.95
2,2025-02-18,10,Tuesday,global_popularity,1000,126,259,0.4864864864864865,Midday,Weekday,0.6256608698656348,0.6,0.683786190156096,0.8,0.7947916044667812,0.85
2,2025-02-18,10,Tuesday,zone_hour_profile,1000,126,259,0.4864864864864865,Midday,Weekday,0.6997218138033404,0.8,0.736680531466803,0.7,0.8223523320583673,0.95
2,2025-02-18,10,Tuesday,same_hour_last_week,1000,126,259,0.4864864864864865,Midday,Weekday,0.5645395109556057,0.6,0.7068921659976268,0.7,0.7585450648148351,0.9
2,2025-02-18,10,Tuesday,trailing_4_week_profile,1000,126,259,0.4864864864864865,Midday,Weekday,0.7136357938267236,0.8,0.7478002420939825,0.7,0.8312989363578986,0.95
2,2025-02-18,11,Tuesday,global_popularity,500,172,259,0.6640926640926641,Midday,Weekday,0.6916643032678756,0.6,0.7314442919812106,0.6,0.8269053516174021,0.9
2,2025-02-18,11,Tuesday,zone_hour_profile,500,172,259,0.6640926640926641,Midday,Weekday,0.5740611939666777,0.4,0.646524850933891,0.6,0.8114052800259237,0.95
2,2025-02-18,11,Tuesday,same_hour_last_week,500,172,259,0.6640926640926641,Midday,Weekday,0.5740611939666777,0.4,0.6377414945754811,0.6,0.7574179147590494,0.9
2,2025-02-18,11,Tuesday,trailing_4_week_profile,500,172,259,0.6640926640926641,Midday,Weekday,0.5740611939666777,0.4,0.646524850933891,0.6,0.7561344856926301,0.9
2,2025-02-18,11,Tuesday,global_popularity,1000,126,259,0.4864864864864865,Midday,Weekday,0.6916643032678756,0.6,0.7314442919812106,0.6,0.8269053516174021,0.9
2,2025-02-18,11,Tuesday,zone_hour_profile,1000,126,259,0.4864864864864865,Midday,Weekday,0.5740611939666777,0.4,0.646524850933891,0.6,0.8114052800259237,0.95
2,2025-02-18,11,Tuesday,same_hour_last_week,1000,126,259,0.4864864864864865,Midday,Weekday,0.5740611939666777,0.4,0.6377414945754811,0.6,0.7574179147590494,0.9
2,2025-02-18,11,Tuesday,trailing_4_week_profile,1000,126,259,0.4864864864864865,Midday,Weekday,0.5740611939666777,0.4,0.646524850933891,0.6,0.7561344856926301,0.9
2,2025-02-18,12,Tuesday,global_popularity,500,172,259,0.6640926640926641,Midday,Weekday,0.7669521799786516,0.8,0.7815178416826322,0.6,0.8569574743099423,0.9
2,2025-02-18,12,Tuesday,zone_hour_profile,500,172,259,0.6640926640926641,Midday,Weekday,0.6384157616185462,0.6,0.740221459579059,0.8,0.8419096071516331,0.9
2,2025-02-18,12,Tuesday,same_hour_last_week,500,172,259,0.6640926640926641,Midday,Weekday,0.6326783703820147,0.6,0.6832231661785473,0.7,0.7727534726278031,0.9
2,2025-02-18,12,Tuesday,trailing_4_week_profile,500,172,259,0.6640926640926641,Midday,Weekday,0.6384157616185462,0.6,0.7351039965844938,0.8,0.8447516431564491,0.95
2,2025-02-18,12,Tuesday,global_popularity,1000,126,259,0.4864864864864865,Midday,Weekday,0.7669521799786516,0.8,0.7815178416826322,0.6,0.8569574743099423,0.9
2,2025-02-18,12,Tuesday,zone_hour_profile,1000,126,259,0.4864864864864865,Midday,Weekday,0.6384157616185462,0.6,0.740221459579059,0.8,0.8419096071516331,0.9
2,2025-02-18,12,Tuesday,same_hour_last_week,1000,126,259,0.4864864864864865,Midday,Weekday,0.6326783703820147,0.6,0.6832231661785473,0.7,0.7727534726278031,0.9
2,2025-02-18,12,Tuesday,trailing_4_week_profile,1000,126,259,0.4864864864864865,Midday,Weekday,0.6384157616185462,0.6,0.7351039965844938,0.8,0.8447516431564491,0.95
2,2025-02-18,13,Tuesday,global_popularity,500,172,259,0.6640926640926641,Midday,Weekday,0.6667289484819369,0.6,0.7098796487424639,0.8,0.7967215510694031,0.85
2,2025-02-18,13,Tuesday,zone_hour_profile,500,172,259,0.6640926640926641,Midday,Weekday,0.5260887354454921,0.6,0.5795158916751622,0.6,0.7665571701303217,0.95
2,2025-02-18,13,Tuesday,same_hour_last_week,500,172,259,0.6640926640926641,Midday,Weekday,0.528034379242126,0.6,0.5873039183485587,0.7,0.7605280956401834,0.9
2,2025-02-18,13,Tuesday,trailing_4_week_profile,500,172,259,0.6640926640926641,Midday,Weekday,0.5284911848452711,0.6,0.5919456497976314,0.7,0.7624960225454676,0.9
2,2025-02-18,13,Tuesday,global_popularity,1000,126,259,0.4864864864864865,Midday,Weekday,0.6667289484819369,0.6,0.7098796487424639,0.8,0.7967215510694031,0.85
2,2025-02-18,13,Tuesday,zone_hour_profile,1000,126,259,0.4864864864864865,Midday,Weekday,0.5260887354454921,0.6,0.5795158916751622,0.6,0.7665571701303217,0.95
2,2025-02-18,13,Tuesday,same_hour_last_week,1000,126,259,0.4864864864864865,Midday,Weekday,0.528034379242126,0.6,0.5873039183485587,0.7,0.7605280956401834,0.9
2,2025-02-18,13,Tuesday,trailing_4_week_profile,1000,126,259,0.4864864864864865,Midday,Weekday,0.5284911848452711,0.6,0.5919456497976314,0.7,0.7624960225454676,0.9
2,2025-02-18,14,Tuesday,global_popularity,500,172,259,0.6640926640926641,Midday,Weekday,0.6662835384606869,0.8,0.7060286030643088,0.8,0.7897442562406175,0.85
2,2025-02-18,14,Tuesday,zone_hour_profile,500,172,259,0.6640926640926641,Midday,Weekday,0.49313037537452015,0.6,0.7531787385220385,0.9,0.7882324356967007,0.95
2,2025-02-18,14,Tuesday,same_hour_last_week,500,172,259,0.6640926640926641,Midday,Weekday,0.4973755428304083,0.6,0.6477194699239581,0.8,0.7818975432781458,0.95
2,2025-02-18,14,Tuesday,trailing_4_week_profile,500,172,259,0.6640926640926641,Midday,Weekday,0.4987147591668462,0.6,0.7453325130399885,0.8,0.7855499227927354,0.9
2,2025-02-18,14,Tuesday,global_popularity,1000,126,259,0.4864864864864865,Midday,Weekday,0.6662835384606869,0.8,0.7060286030643088,0.8,0.7897442562406175,0.85
2,2025-02-18,14,Tuesday,zone_hour_profile,1000,126,259,0.4864864864864865,Midday,Weekday,0.49313037537452015,0.6,0.7531787385220385,0.9,0.7882324356967007,0.95
2,2025-02-18,14,Tuesday,same_hour_last_week,1000,126,259,0.4864864864864865,Midday,Weekday,0.4973755428304083,0.6,0.6477194699239581,0.8,0.7818975432781458,0.95
2,2025-02-18,14,Tuesday,trailing_4_week_profile,1000,126,259,0.4864864864864865,Midday,Weekday,0.4987147591668462,0.6,0.7453325130399885,0.8,0.7855499227927354,0.9
2,2025-02-18,15,Tuesday,global_popularity,500,172,259,0.6640926640926641,Midday,Weekday,0.6318022111685243,0.8,0.6713707231257336,0.8,0.7516570477440542,0.85
2,2025-02-18,15,Tuesday,zone_hour_profile,500,172,259,0.6640926640926641,Midday,Weekday,0.6270165516849169,0.8,0.6526598916542771,0.6,0.771443267405912,1.0
2,2025-02-18,15,Tuesday,same_hour_last_week,500,172,259,0.6640926640926641,Midday,Weekday,0.4204528380822925,0.6,0.6241348472358643,0.7,0.7313159177908158,1.0
2,2025-02-18,15,Tuesday,trailing_4_week_profile,500,172,259,0.6640926640926641,Midday,Weekday,0.6270165516849169,0.8,0.6530854215504096,0.6,0.7697026497467377,1.0
2,2025-02-18,15,Tuesday,global_popularity,1000,126,259,0.4864864864864865,Midday,Weekday,0.6318022111685243,0.8,0.6713707231257336,0.8,0.7516570477440542,0.85
2,2025-02-18,15,Tuesday,zone_hour_profile,1000,126,259,0.4864864864864865,Midday,Weekday,0.6270165516849169,0.8,0.6526598916542771,0.6,0.771443267405912,1.0
2,2025-02-18,15,Tuesday,same_hour_last_week,1000,126,259,0.4864864864864865,Midday,Weekday,0.4204528380822925,0.6,0.6241348472358643,0.7,0.7313159177908158,1.0
2,2025-02-18,15,Tuesday,trailing_4_week_profile,1000,126,259,0.4864864864864865,Midday,Weekday,0.6270165516849169,0.8,0.6530854215504096,0.6,0.7697026497467377,1.0
2,2025-02-18,16,Tuesday,global_popularity,500,172,259,0.6640926640926641,Evening,Weekday,0.6733546915365692,0.8,0.6997195594034811,0.7,0.762441267130428,0.85
2,2025-02-18,16,Tuesday,zone_hour_profile,500,172,259,0.6640926640926641,Evening,Weekday,0.6805952034292494,0.8,0.7069922567797319,0.7,0.7880662793009564,0.95
2,2025-02-18,16,Tuesday,same_hour_last_week,500,172,259,0.6640926640926641,Evening,Weekday,0.6596584930111612,0.8,0.689531668913479,0.7,0.7688604720102807,0.95
2,2025-02-18,16,Tuesday,trailing_4_week_profile,500,172,259,0.6640926640926641,Evening,Weekday,0.6805952034292494,0.8,0.706780900207197,0.7,0.7871055912242805,0.95
2,2025-02-18,16,Tuesday,global_popularity,1000,126,259,0.4864864864864865,Evening,Weekday,0.6733546915365692,0.8,0.6997195594034811,0.7,0.762441267130428,0.85
2,2025-02-18,16,Tuesday,zone_hour_profile,1000,126,259,0.4864864864864865,Evening,Weekday,0.6805952034292494,0.8,0.7069922567797319,0.7,0.7880662793009564,0.95
2,2025-02-18,16,Tuesday,same_hour_last_week,1000,126,259,0.4864864864864865,Evening,Weekday,0.6596584930111612,0.8,0.689531668913479,0.7,0.7688604720102807,0.95
2,2025-02-18,16,Tuesday,trailing_4_week_profile,1000,126,259,0.4864864864864865,Evening,Weekday,0.6805952034292494,0.8,0.706780900207197,0.7,0.7871055912242805,0.95
2,2025-02-18,17,Tuesday,global_popularity,500,172,259,0.6640926640926641,Evening,Weekday,0.8028531362664661,0.4,0.8278156587182534,0.8,0.863210140888586,0.85
2,2025-02-18,17,Tuesday,zone_hour_profile,500,172,259,0.6640926640926641,Evening,Weekday,0.6767038602292752,0.4,0.801736700658578,0.7,0.8669419574380142,0.95
2,2025-02-18,17,Tuesday,same_hour_last_week,500,172,259,0.6640926640926641,Evening,Weekday,0.6647811600241889,0.4,0.7124811886591693,0.6,0.8568323679868618,0.95
2,2025-02-18,17,Tuesday,trailing_4_week_profile,500,172,259,0.6640926640926641,Evening,Weekday,0.6767038602292752,0.4,0.7909493060567955,0.7,0.8658841232201852,0.95
2,2025-02-18,17,Tuesday,global_popularity,1000,126,259,0.4864864864864865,Evening,Weekday,0.8028531362664661,0.4,0.8278156587182534,0.8,0.863210140888586,0.85
2,2025-02-18,17,Tuesday,zone_hour_profile,1000,126,259,0.4864864864864865,Evening,Weekday,0.6767038602292752,0.4,0.801736700658578,0.7,0.8669419574380142,0.95
2,2025-02-18,17,Tuesday,same_hour_last_week,1000,126,259,0.4864864864864865,Evening,Weekday,0.6647811600241889,0.4,0.7124811886591693,0.6,0.8568323679868618,0.95
2,2025-02-18,17,Tuesday,trailing_4_week_profile,1000,126,259,0.4864864864864865,Evening,Weekday,0.6767038602292752,0.4,0.7909493060567955,0.7,0.8658841232201852,0.95
2,2025-02-18,18,Tuesday,global_popularity,500,172,259,0.6640926640926641,Evening,Weekday,0.7811449495684679,0.6,0.8137928022160114,0.7,0.8598406776331541,0.9
2,2025-02-18,18,Tuesday,zone_hour_profile,500,172,259,0.6640926640926641,Evening,Weekday,0.6833427739270846,0.4,0.7279778206023235,0.7,0.8572428700378374,0.9
2,2025-02-18,18,Tuesday,same_hour_last_week,500,172,259,0.6640926640926641,Evening,Weekday,0.6833427739270846,0.4,0.7271823230061495,0.7,0.8176869969017322,0.85
2,2025-02-18,18,Tuesday,trailing_4_week_profile,500,172,259,0.6640926640926641,Evening,Weekday,0.6833427739270846,0.4,0.7276791058522415,0.7,0.853345049350351,0.9
2,2025-02-18,18,Tuesday,global_popularity,1000,126,259,0.4864864864864865,Evening,Weekday,0.7811449495684679,0.6,0.8137928022160114,0.7,0.8598406776331541,0.9
2,2025-02-18,18,Tuesday,zone_hour_profile,1000,126,259,0.4864864864864865,Evening,Weekday,0.6833427739270846,0.4,0.7279778206023235,0.7,0.8572428700378374,0.9
2,2025-02-18,18,Tuesday,same_hour_last_week,1000,126,259,0.4864864864864865,Evening,Weekday,0.6833427739270846,0.4,0.7271823230061495,0.7,0.8176869969017322,0.85
2,2025-02-18,18,Tuesday,trailing_4_week_profile,1000,126,259,0.4864864864864865,Evening,Weekday,0.6833427739270846,0.4,0.7276791058522415,0.7,0.853345049350351,0.9
2,2025-02-18,19,Tuesday,global_popularity,500,172,259,0.6640926640926641,Evening,Weekday,0.6795765791146104,0.6,0.7220366171465041,0.8,0.7871808634946845,0.9
2,2025-02-18,19,Tuesday,zone_hour_profile,500,172,259,0.6640926640926641,Evening,Weekday,0.6876741303973549,0.8,0.7181769447504438,0.8,0.7825334577714569,0.95
2,2025-02-18,19,Tuesday,same_hour_last_week,500,172,259,0.6640926640926641,Evening,Weekday,0.46991618041844113,0.4,0.6909193961287948,0.8,0.7213356300659713,0.85
2,2025-02-18,19,Tuesday,trailing_4_week_profile,500,172,259,0.6640926640926641,Evening,Weekday,0.6938155609983926,0.6,0.7233630392250373,0.7,0.7972386255994461,0.95
2,2025-02-18,19,Tuesday,global_popularity,1000,126,259,0.4864864864864865,Evening,Weekday,0.6795765791146104,0.6,0.7220366171465041,0.8,0.7871808634946845,0.9
2,2025-02-18,19,Tuesday,zone_hour_profile,1000,126,259,0.4864864864864865,Evening,Weekday,0.6876741303973549,0.8,0.7181769447504438,0.8,0.7825334577714569,0.95
2,2025-02-18,19,Tuesday,same_hour_last_week,1000,126,259,0.4864864864864865,Evening,Weekday,0.46991618041844113,0.4,0.6909193961287948,0.8,0.7213356300659713,0.85
2,2025-02-18,19,Tuesday,trailing_4_week_profile,1000,126,259,0.4864864864864865,Evening,Weekday,0.6938155609983926,0.6,0.7233630392250373,0.7,0.7972386255994461,0.95
2,2025-02-18,20,Tuesday,global_popularity,500,172,259,0.6640926640926641,Evening,Weekday,0.691260665673814,0.6,0.7520538760028784,0.8,0.8248660350885698,0.9
2,2025-02-18,20,Tuesday,zone_hour_profile,500,172,259,0.6640926640926641,Evening,Weekday,0.6029391815849516,0.6,0.7555927343870549,0.7,0.8347005268472919,0.95
2,2025-02-18,20,Tuesday,same_hour_last_week,500,172,259,0.6640926640926641,Evening,Weekday,0.6038946499711771,0.6,0.6402370128641306,0.6,0.7606919808251781,0.9
2,2025-02-18,20,Tuesday,trailing_4_week_profile,500,172,259,0.6640926640926641,Evening,Weekday,0.6029391815849516,0.6,0.7492946398563417,0.7,0.8283243997147645,0.95
2,2025-02-18,20,Tuesday,global_popularity,1000,126,259,0.4864864864864865,Evening,Weekday,0.691260665673814,0.6,0.7520538760028784,0.8,0.8248660350885698,0.9
2,2025-02-18,20,Tuesday,zone_hour_profile,1000,126,259,0.4864864864864865,Evening,Weekday,0.6029391815849516,0.6,0.7555927343870549,0.7,0.8347005268472919,0.95
2,2025-02-18,20,Tuesday,same_hour_last_week,1000,126,259,0.4864864864864865,Evening,Weekday,0.6038946499711771,0.6,0.6402370128641306,0.6,0.7606919808251781,0.9
2,2025-02-18,20,Tuesday,trailing_4_week_profile,1000,126,259,0.4864864864864865,Evening,Weekday,0.6029391815849516,0.6,0.7492946398563417,0.7,0.8283243997147645,0.95
2,2025-02-18,21,Tuesday,global_popularity,500,172,259,0.6640926640926641,Late evening,Weekday,0.6599321512268992,0.6,0.7250795441286811,0.7,0.8078086436567667,0.9
2,2025-02-18,21,Tuesday,zone_hour_profile,500,172,259,0.6640926640926641,Late evening,Weekday,0.5997449604569547,0.6,0.7373723306756321,0.7,0.8323216654186157,1.0
2,2025-02-18,21,Tuesday,same_hour_last_week,500,172,259,0.6640926640926641,Late evening,Weekday,0.6137767666808501,0.6,0.6388308932126181,0.6,0.7626300336474876,0.95
2,2025-02-18,21,Tuesday,trailing_4_week_profile,500,172,259,0.6640926640926641,Late evening,Weekday,0.5997449604569547,0.6,0.7336119172536633,0.7,0.8264097720595568,1.0
2,2025-02-18,21,Tuesday,global_popularity,1000,126,259,0.4864864864864865,Late evening,Weekday,0.6599321512268992,0.6,0.7250795441286811,0.7,0.8078086436567667,0.9
2,2025-02-18,21,Tuesday,zone_hour_profile,1000,126,259,0.4864864864864865,Late evening,Weekday,0.5997449604569547,0.6,0.7373723306756321,0.7,0.8323216654186157,1.0
2,2025-02-18,21,Tuesday,same_hour_last_week,1000,126,259,0.4864864864864865,Late evening,Weekday,0.6137767666808501,0.6,0.6388308932126181,0.6,0.7626300336474876,0.95
2,2025-02-18,21,Tuesday,trailing_4_week_profile,1000,126,259,0.4864864864864865,Late evening,Weekday,0.5997449604569547,0.6,0.7336119172536633,0.7,0.8264097720595568,1.0
2,2025-02-18,22,Tuesday,global_popularity,500,172,259,0.6640926640926641,Late evening,Weekday,0.5631932713398144,0.6,0.6095822648470279,0.6,0.7209422172248414,0.8
2,2025-02-18,22,Tuesday,zone_hour_profile,500,172,259,0.6640926640926641,Late evening,Weekday,0.49784598869710983,0.6,0.6682912132480766,0.7,0.7733479470720607,0.95
2,2025-02-18,22,Tuesday,same_hour_last_week,500,172,259,0.6640926640926641,Late evening,Weekday,0.45537285522614,0.6,0.5120835704487838,0.6,0.7162247458219374,0.95
2,2025-02-18,22,Tuesday,trailing_4_week_profile,500,172,259,0.6640926640926641,Late evening,Weekday,0.4689851006976101,0.6,0.5227014406561125,0.7,0.7199872056909341,0.9
2,2025-02-18,22,Tuesday,global_popularity,1000,126,259,0.4864864864864865,Late evening,Weekday,0.5631932713398144,0.6,0.6095822648470279,0.6,0.7209422172248414,0.8
2,2025-02-18,22,Tuesday,zone_hour_profile,1000,126,259,0.4864864864864865,Late evening,Weekday,0.49784598869710983,0.6,0.6682912132480766,0.7,0.7733479470720607,0.95
2,2025-02-18,22,Tuesday,same_hour_last_week,1000,126,259,0.4864864864864865,Late evening,Weekday,0.45537285522614,0.6,0.5120835704487838,0.6,0.7162247458219374,0.95
2,2025-02-18,22,Tuesday,trailing_4_week_profile,1000,126,259,0.4864864864864865,Late evening,Weekday,0.4689851006976101,0.6,0.5227014406561125,0.7,0.7199872056909341,0.9
2,2025-02-18,23,Tuesday,global_popularity,500,172,259,0.6640926640926641,Late evening,Weekday,0.38646999503974194,0.6,0.42862357091447256,0.5,0.5499342580333086,0.75
2,2025-02-18,23,Tuesday,zone_hour_profile,500,172,259,0.6640926640926641,Late evening,Weekday,0.9357143548944918,0.8,0.9518788897072322,0.9,0.9480571921072916,0.85
2,2025-02-18,23,Tuesday,same_hour_last_week,500,172,259,0.6640926640926641,Late evening,Weekday,0.20540492521235573,0.6,0.4382042676129796,0.8,0.5623431359874072,0.9
2,2025-02-18,23,Tuesday,trailing_4_week_profile,500,172,259,0.6640926640926641,Late evening,Weekday,0.6294554170093682,1.0,0.650101679649114,0.9,0.6664719161196122,0.85
2,2025-02-18,23,Tuesday,global_popularity,1000,126,259,0.4864864864864865,Late evening,Weekday,0.38646999503974194,0.6,0.42862357091447256,0.5,0.5499342580333086,0.75
2,2025-02-18,23,Tuesday,zone_hour_profile,1000,126,259,0.4864864864864865,Late evening,Weekday,0.9357143548944918,0.8,0.9518788897072322,0.9,0.9480571921072916,0.85
2,2025-02-18,23,Tuesday,same_hour_last_week,1000,126,259,0.4864864864864865,Late evening,Weekday,0.20540492521235573,0.6,0.4382042676129796,0.8,0.5623431359874072,0.9
2,2025-02-18,23,Tuesday,trailing_4_week_profile,1000,126,259,0.4864864864864865,Late evening,Weekday,0.6294554170093682,1.0,0.650101679649114,0.9,0.6664719161196122,0.85
2,2025-02-19,0,Wednesday,global_popularity,500,172,259,0.6640926640926641,Overnight,Weekday,0.4017105069245726,0.2,0.4241922253469638,0.4,0.510127463126165,0.75
2,2025-02-19,0,Wednesday,zone_hour_profile,500,172,259,0.6640926640926641,Overnight,Weekday,0.8679945426929846,0.6,0.8609381998045988,0.6,0.9162927048732425,0.85
2,2025-02-19,0,Wednesday,same_hour_last_week,500,172,259,0.6640926640926641,Overnight,Weekday,0.8757169672898436,0.6,0.8740488727852143,0.7,0.8804262522011389,0.9
2,2025-02-19,0,Wednesday,trailing_4_week_profile,500,172,259,0.6640926640926641,Overnight,Weekday,0.8507498168760707,0.4,0.8706491454770465,0.8,0.9172774464263237,0.9
2,2025-02-19,0,Wednesday,global_popularity,1000,126,259,0.4864864864864865,Overnight,Weekday,0.4017105069245726,0.2,0.4241922253469638,0.4,0.510127463126165,0.75
2,2025-02-19,0,Wednesday,zone_hour_profile,1000,126,259,0.4864864864864865,Overnight,Weekday,0.8679945426929846,0.6,0.8609381998045988,0.6,0.9162927048732425,0.85
2,2025-02-19,0,Wednesday,same_hour_last_week,1000,126,259,0.4864864864864865,Overnight,Weekday,0.8757169672898436,0.6,0.8740488727852143,0.7,0.8804262522011389,0.9
2,2025-02-19,0,Wednesday,trailing_4_week_profile,1000,126,259,0.4864864864864865,Overnight,Weekday,0.8507498168760707,0.4,0.8706491454770465,0.8,0.9172774464263237,0.9
2,2025-02-19,1,Wednesday,global_popularity,500,172,259,0.6640926640926641,Overnight,Weekday,0.44552189566140366,0.2,0.47387890818569367,0.4,0.5941277552204504,0.7
2,2025-02-19,1,Wednesday,zone_hour_profile,500,172,259,0.6640926640926641,Overnight,Weekday,0.3085676635218915,0.2,0.3702397874124074,0.6,0.5483816743581659,0.7
2,2025-02-19,1,Wednesday,same_hour_last_week,500,172,259,0.6640926640926641,Overnight,Weekday,0.5870908392390537,0.6,0.6767293275018056,0.9,0.7198821805336583,0.9
2,2025-02-19,1,Wednesday,trailing_4_week_profile,500,172,259,0.6640926640926641,Overnight,Weekday,0.7663003169453243,0.8,0.791921599074874,0.9,0.8101623938168344,0.85
2,2025-02-19,1,Wednesday,global_popularity,1000,126,259,0.4864864864864865,Overnight,Weekday,0.44552189566140366,0.2,0.47387890818569367,0.4,0.5941277552204504,0.7
2,2025-02-19,1,Wednesday,zone_hour_profile,1000,126,259,0.4864864864864865,Overnight,Weekday,0.3085676635218915,0.2,0.3702397874124074,0.6,0.5483816743581659,0.7
2,2025-02-19,1,Wednesday,same_hour_last_week,1000,126,259,0.4864864864864865,Overnight,Weekday,0.5870908392390537,0.6,0.6767293275018056,0.9,0.7198821805336583,0.9
2,2025-02-19,1,Wednesday,trailing_4_week_profile,1000,126,259,0.4864864864864865,Overnight,Weekday,0.7663003169453243,0.8,0.791921599074874,0.9,0.8101623938168344,0.85
2,2025-02-19,2,Wednesday,global_popularity,500,172,259,0.6640926640926641,Overnight,Weekday,0.29246485708343656,0.2,0.42240341668147563,0.3,0.5512652960750953,0.6
2,2025-02-19,2,Wednesday,zone_hour_profile,500,172,259,0.6640926640926641,Overnight,Weekday,0.35868624899933077,0.2,0.38540864145446535,0.4,0.5724560878278023,0.7
2,2025-02-19,2,Wednesday,same_hour_last_week,500,172,259,0.6640926640926641,Overnight,Weekday,0.3927507025964037,0.2,0.5336244066685008,0.6,0.5483749359358783,0.65
2,2025-02-19,2,Wednesday,trailing_4_week_profile,500,172,259,0.6640926640926641,Overnight,Weekday,0.5455896572057835,0.4,0.6647893445945424,0.7,0.7020152434261369,0.65
2,2025-02-19,2,Wednesday,global_popularity,1000,126,259,0.4864864864864865,Overnight,Weekday,0.29246485708343656,0.2,0.42240341668147563,0.3,0.5512652960750953,0.6
2,2025-02-19,2,Wednesday,zone_hour_profile,1000,126,259,0.4864864864864865,Overnight,Weekday,0.35868624899933077,0.2,0.38540864145446535,0.4,0.5724560878278023,0.7
2,2025-02-19,2,Wednesday,same_hour_last_week,1000,126,259,0.4864864864864865,Overnight,Weekday,0.3927507025964037,0.2,0.5336244066685008,0.6,0.5483749359358783,0.65
2,2025-02-19,2,Wednesday,trailing_4_week_profile,1000,126,259,0.4864864864864865,Overnight,Weekday,0.5455896572057835,0.4,0.6647893445945424,0.7,0.7020152434261369,0.65
2,2025-02-19,3,Wednesday,global_popularity,500,172,259,0.6640926640926641,Overnight,Weekday,0.42114191194715206,0.4,0.44329704700124534,0.4,0.5626541118694406,0.65
2,2025-02-19,3,Wednesday,zone_hour_profile,500,172,259,0.6640926640926641,Overnight,Weekday,0.29506826378373513,0.4,0.35166082688548467,0.4,0.37542929885787113,0.55
2,2025-02-19,3,Wednesday,same_hour_last_week,500,172,259,0.6640926640926641,Overnight,Weekday,0.36152991263338485,0.6,0.38586582837260214,0.4,0.42276156895208744,0.55
2,2025-02-19,3,Wednesday,trailing_4_week_profile,500,172,259,0.6640926640926641,Overnight,Weekday,0.338680517816101,0.6,0.3554371235831241,0.4,0.5265184581881055,0.65
2,2025-02-19,3,Wednesday,global_popularity,1000,126,259,0.4864864864864865,Overnight,Weekday,0.42114191194715206,0.4,0.44329704700124534,0.4,0.5626541118694406,0.65
2,2025-02-19,3,Wednesday,zone_hour_profile,1000,126,259,0.4864864864864865,Overnight,Weekday,0.29506826378373513,0.4,0.35166082688548467,0.4,0.37542929885787113,0.55
2,2025-02-19,3,Wednesday,same_hour_last_week,1000,126,259,0.4864864864864865,Overnight,Weekday,0.36152991263338485,0.6,0.38586582837260214,0.4,0.42276156895208744,0.55
2,2025-02-19,3,Wednesday,trailing_4_week_profile,1000,126,259,0.4864864864864865,Overnight,Weekday,0.338680517816101,0.6,0.3554371235831241,0.4,0.5265184581881055,0.65
2,2025-02-19,4,Wednesday,global_popularity,500,172,259,0.6640926640926641,Overnight,Weekday,0.4710317378068305,0.4,0.4969243306819369,0.4,0.5396462063720916,0.6
2,2025-02-19,4,Wednesday,zone_hour_profile,500,172,259,0.6640926640926641,Overnight,Weekday,0.5051846271708533,0.4,0.5284535025057261,0.5,0.5457162951606078,0.55
2,2025-02-19,4,Wednesday,same_hour_last_week,500,172,259,0.6640926640926641,Overnight,Weekday,0.5973004518445414,0.4,0.5965960235162302,0.6,0.6038055735273428,0.5
2,2025-02-19,4,Wednesday,trailing_4_week_profile,500,172,259,0.6640926640926641,Overnight,Weekday,0.9732082896992551,0.6,0.9412187848086953,0.6,0.9198405000553869,0.65
2,2025-02-19,4,Wednesday,global_popularity,1000,126,259,0.4864864864864865,Overnight,Weekday,0.4710317378068305,0.4,0.4969243306819369,0.4,0.5396462063720916,0.6
2,2025-02-19,4,Wednesday,zone_hour_profile,1000,126,259,0.4864864864864865,Overnight,Weekday,0.5051846271708533,0.4,0.5284535025057261,0.5,0.5457162951606078,0.55
2,2025-02-19,4,Wednesday,same_hour_last_week,1000,126,259,0.4864864864864865,Overnight,Weekday,0.5973004518445414,0.4,0.5965960235162302,0.6,0.6038055735273428,0.5
2,2025-02-19,4,Wednesday,trailing_4_week_profile,1000,126,259,0.4864864864864865,Overnight,Weekday,0.9732082896992551,0.6,0.9412187848086953,0.6,0.9198405000553869,0.65
2,2025-02-19,5,Wednesday,global_popularity,500,172,259,0.6640926640926641,Overnight,Weekday,0.4526233143240856,0.4,0.5064534146120655,0.4,0.5383579793805191,0.55
2,2025-02-19,5,Wednesday,zone_hour_profile,500,172,259,0.6640926640926641,Overnight,Weekday,0.9751510237186103,0.8,0.9658131941098123,0.8,0.9751288309608285,0.8
2,2025-02-19,5,Wednesday,same_hour_last_week,500,172,259,0.6640926640926641,Overnight,Weekday,0.9773592503395302,0.8,0.9688600053815157,0.8,0.973237161536805,0.75
2,2025-02-19,5,Wednesday,trailing_4_week_profile,500,172,259,0.6640926640926641,Overnight,Weekday,0.9751510237186103,0.8,0.9765432064713184,0.8,0.9784532610183545,0.8
2,2025-02-19,5,Wednesday,global_popularity,1000,126,259,0.4864864864864865,Overnight,Weekday,0.4526233143240856,0.4,0.5064534146120655,0.4,0.5383579793805191,0.55
2,2025-02-19,5,Wednesday,zone_hour_profile,1000,126,259,0.4864864864864865,Overnight,Weekday,0.9751510237186103,0.8,0.9658131941098123,0.8,0.9751288309608285,0.8
2,2025-02-19,5,Wednesday,same_hour_last_week,1000,126,259,0.4864864864864865,Overnight,Weekday,0.9773592503395302,0.8,0.9688600053815157,0.8,0.973237161536805,0.75
2,2025-02-19,5,Wednesday,trailing_4_week_profile,1000,126,259,0.4864864864864865,Overnight,Weekday,0.9751510237186103,0.8,0.9765432064713184,0.8,0.9784532610183545,0.8
2,2025-02-19,6,Wednesday,global_popularity,500,172,259,0.6640926640926641,Morning,Weekday,0.49051249998661073,0.4,0.5574775487136584,0.4,0.5910267811038076,0.65
2,2025-02-19,6,Wednesday,zone_hour_profile,500,172,259,0.6640926640926641,Morning,Weekday,0.8010347045864181,0.8,0.8422459524196861,0.9,0.8600831689283979,0.85
2,2025-02-19,6,Wednesday,same_hour_last_week,500,172,259,0.6640926640926641,Morning,Weekday,0.6994685543434189,0.8,0.7311508299922179,0.8,0.7639937927543451,0.75
2,2025-02-19,6,Wednesday,trailing_4_week_profile,500,172,259,0.6640926640926641,Morning,Weekday,0.8207151770860792,0.8,0.8507856201363124,0.9,0.8647665895781745,0.85
2,2025-02-19,6,Wednesday,global_popularity,1000,126,259,0.4864864864864865,Morning,Weekday,0.49051249998661073,0.4,0.5574775487136584,0.4,0.5910267811038076,0.65
2,2025-02-19,6,Wednesday,zone_hour_profile,1000,126,259,0.4864864864864865,Morning,Weekday,0.8010347045864181,0.8,0.8422459524196861,0.9,0.8600831689283979,0.85
2,2025-02-19,6,Wednesday,same_hour_last_week,1000,126,259,0.4864864864864865,Morning,Weekday,0.6994685543434189,0.8,0.7311508299922179,0.8,0.7639937927543451,0.75
2,2025-02-19,6,Wednesday,trailing_4_week_profile,1000,126,259,0.4864864864864865,Morning,Weekday,0.8207151770860792,0.8,0.8507856201363124,0.9,0.8647665895781745,0.85
2,2025-02-19,7,Wednesday,global_popularity,500,172,259,0.6640926640926641,Morning,Weekday,0.6236717530984583,0.6,0.6476635190769522,0.5,0.7143681208014063,0.65
2,2025-02-19,7,Wednesday,zone_hour_profile,500,172,259,0.6640926640926641,Morning,Weekday,0.6797800950140878,0.8,0.7231736299155337,0.8,0.8340169171004026,0.95
2,2025-02-19,7,Wednesday,same_hour_last_week,500,172,259,0.6640926640926641,Morning,Weekday,0.6784605940022257,0.8,0.7095575161072117,0.7,0.8196992944600208,0.95
2,2025-02-19,7,Wednesday,trailing_4_week_profile,500,172,259,0.6640926640926641,Morning,Weekday,0.6797800950140878,0.8,0.7140497246107408,0.8,0.8285705120347142,0.95
2,2025-02-19,7,Wednesday,global_popularity,1000,126,259,0.4864864864864865,Morning,Weekday,0.6236717530984583,0.6,0.6476635190769522,0.5,0.7143681208014063,0.65
2,2025-02-19,7,Wednesday,zone_hour_profile,1000,126,259,0.4864864864864865,Morning,Weekday,0.6797800950140878,0.8,0.7231736299155337,0.8,0.8340169171004026,0.95
2,2025-02-19,7,Wednesday,same_hour_last_week,1000,126,259,0.4864864864864865,Morning,Weekday,0.6784605940022257,0.8,0.7095575161072117,0.7,0.8196992944600208,0.95
2,2025-02-19,7,Wednesday,trailing_4_week_profile,1000,126,259,0.4864864864864865,Morning,Weekday,0.6797800950140878,0.8,0.7140497246107408,0.8,0.8285705120347142,0.95
2,2025-02-19,8,Wednesday,global_popularity,500,172,259,0.6640926640926641,Morning,Weekday,0.7343331437893128,0.6,0.7701643622937898,0.5,0.8237713788233836,0.8
2,2025-02-19,8,Wednesday,zone_hour_profile,500,172,259,0.6640926640926641,Morning,Weekday,0.9178027363719863,0.6,0.921190896520456,0.7,0.9240356600563282,0.85
2,2025-02-19,8,Wednesday,same_hour_last_week,500,172,259,0.6640926640926641,Morning,Weekday,0.9433188613307927,0.8,0.9340368814170751,0.8,0.928984221636874,0.85
2,2025-02-19,8,Wednesday,trailing_4_week_profile,500,172,259,0.6640926640926641,Morning,Weekday,0.9420813783756046,0.8,0.9309426675425659,0.8,0.926155026883674,0.85
2,2025-02-19,8,Wednesday,global_popularity,1000,126,259,0.4864864864864865,Morning,Weekday,0.7343331437893128,0.6,0.7701643622937898,0.5,0.8237713788233836,0.8
2,2025-02-19,8,Wednesday,zone_hour_profile,1000,126,259,0.4864864864864865,Morning,Weekday,0.9178027363719863,0.6,0.921190896520456,0.7,0.9240356600563282,0.85
2,2025-02-19,8,Wednesday,same_hour_last_week,1000,126,259,0.4864864864864865,Morning,Weekday,0.9433188613307927,0.8,0.9340368814170751,0.8,0.928984221636874,0.85
2,2025-02-19,8,Wednesday,trailing_4_week_profile,1000,126,259,0.4864864864864865,Morning,Weekday,0.9420813783756046,0.8,0.9309426675425659,0.8,0.926155026883674,0.85
2,2025-02-19,9,Wednesday,global_popularity,500,172,259,0.6640926640926641,Morning,Weekday,0.7645480609991503,0.6,0.8107478624354917,0.6,0.8659888058768369,0.75
2,2025-02-19,9,Wednesday,zone_hour_profile,500,172,259,0.6640926640926641,Morning,Weekday,0.9024506287817164,0.6,0.898569147732181,0.7,0.9294356658123885,0.9
2,2025-02-19,9,Wednesday,same_hour_last_week,500,172,259,0.6640926640926641,Morning,Weekday,0.8952830628293665,0.6,0.900471644581301,0.7,0.9374205985239593,0.9
2,2025-02-19,9,Wednesday,trailing_4_week_profile,500,172,259,0.6640926640926641,Morning,Weekday,0.9024506287817164,0.6,0.9028393784446257,0.8,0.9282064267333401,0.9
2,2025-02-19,9,Wednesday,global_popularity,1000,126,259,0.4864864864864865,Morning,Weekday,0.7645480609991503,0.6,0.8107478624354917,0.6,0.8659888058768369,0.75
2,2025-02-19,9,Wednesday,zone_hour_profile,1000,126,259,0.4864864864864865,Morning,Weekday,0.9024506287817164,0.6,0.898569147732181,0.7,0.9294356658123885,0.9
2,2025-02-19,9,Wednesday,same_hour_last_week,1000,126,259,0.4864864864864865,Morning,Weekday,0.8952830628293665,0.6,0.900471644581301,0.7,0.9374205985239593,0.9
2,2025-02-19,9,Wednesday,trailing_4_week_profile,1000,126,259,0.4864864864864865,Morning,Weekday,0.9024506287817164,0.6,0.9028393784446257,0.8,0.9282064267333401,0.9
2,2025-02-19,10,Wednesday,global_popularity,500,172,259,0.6640926640926641,Midday,Weekday,0.7272495021152771,0.6,0.7542786553013076,0.7,0.849241469090115,0.85
2,2025-02-19,10,Wednesday,zone_hour_profile,500,172,259,0.6640926640926641,Midday,Weekday,0.7153304679223733,0.6,0.8075621741362282,0.8,0.8751823029057716,0.9
2,2025-02-19,10,Wednesday,same_hour_last_week,500,172,259,0.6640926640926641,Midday,Weekday,0.7130769958755449,0.6,0.7220607822242234,0.7,0.829447081483757,0.9
2,2025-02-19,10,Wednesday,trailing_4_week_profile,500,172,259,0.6640926640926641,Midday,Weekday,0.7153304679223733,0.6,0.727433074293158,0.7,0.8678314849354909,0.9
2,2025-02-19,10,Wednesday,global_popularity,1000,126,259,0.4864864864864865,Midday,Weekday,0.7272495021152771,0.6,0.7542786553013076,0.7,0.849241469090115,0.85
2,2025-02-19,10,Wednesday,zone_hour_profile,1000,126,259,0.4864864864864865,Midday,Weekday,0.7153304679223733,0.6,0.8075621741362282,0.8,0.8751823029057716,0.9
2,2025-02-19,10,Wednesday,same_hour_last_week,1000,126,259,0.4864864864864865,Midday,Weekday,0.7130769958755449,0.6,0.7220607822242234,0.7,0.829447081483757,0.9
2,2025-02-19,10,Wednesday,trailing_4_week_profile,1000,126,259,0.4864864864864865,Midday,Weekday,0.7153304679223733,0.6,0.727433074293158,0.7,0.8678314849354909,0.9
2,2025-02-19,11,Wednesday,global_popularity,500,172,259,0.6640926640926641,Midday,Weekday,0.7471181074371117,0.6,0.7814559012736145,0.7,0.8516221110278207,0.85
2,2025-02-19,11,Wednesday,zone_hour_profile,500,172,259,0.6640926640926641,Midday,Weekday,0.6686426093138919,0.6,0.6983396980755104,0.7,0.7794939764774458,0.9
2,2025-02-19,11,Wednesday,same_hour_last_week,500,172,259,0.6640926640926641,Midday,Weekday,0.6366094670289165,0.4,0.683072062365013,0.7,0.7716011440872782,0.9
2,2025-02-19,11,Wednesday,trailing_4_week_profile,500,172,259,0.6640926640926641,Midday,Weekday,0.6686426093138919,0.6,0.6983396980755104,0.7,0.777925323066235,0.85
2,2025-02-19,11,Wednesday,global_popularity,1000,126,259,0.4864864864864865,Midday,Weekday,0.7471181074371117,0.6,0.7814559012736145,0.7,0.8516221110278207,0.85
2,2025-02-19,11,Wednesday,zone_hour_profile,1000,126,259,0.4864864864864865,Midday,Weekday,0.6686426093138919,0.6,0.6983396980755104,0.7,0.7794939764774458,0.9
2,2025-02-19,11,Wednesday,same_hour_last_week,1000,126,259,0.4864864864864865,Midday,Weekday,0.6366094670289165,0.4,0.683072062365013,0.7,0.7716011440872782,0.9
2,2025-02-19,11,Wednesday,trailing_4_week_profile,1000,126,259,0.4864864864864865,Midday,Weekday,0.6686426093138919,0.6,0.6983396980755104,0.7,0.777925323066235,0.85
2,2025-02-19,12,Wednesday,global_popularity,500,172,259,0.6640926640926641,Midday,Weekday,0.8674600272493055,0.8,0.8848019341155368,0.7,0.9207164608434939,0.85
2,2025-02-19,12,Wednesday,zone_hour_profile,500,172,259,0.6640926640926641,Midday,Weekday,0.7902832285272304,0.6,0.8218882240878809,0.8,0.9170188993014037,0.95
2,2025-02-19,12,Wednesday,same_hour_last_week,500,172,259,0.6640926640926641,Midday,Weekday,0.7880035084977576,0.6,0.8171926251280862,0.8,0.8645443224836736,0.9
2,2025-02-19,12,Wednesday,trailing_4_week_profile,500,172,259,0.6640926640926641,Midday,Weekday,0.7901859885226296,0.6,0.8203020341400968,0.8,0.9123308272107282,0.95
2,2025-02-19,12,Wednesday,global_popularity,1000,126,259,0.4864864864864865,Midday,Weekday,0.8674600272493055,0.8,0.8848019341155368,0.7,0.9207164608434939,0.85
2,2025-02-19,12,Wednesday,zone_hour_profile,1000,126,259,0.4864864864864865,Midday,Weekday,0.7902832285272304,0.6,0.8218882240878809,0.8,0.9170188993014037,0.95
2,2025-02-19,12,Wednesday,same_hour_last_week,1000,126,259,0.4864864864864865,Midday,Weekday,0.7880035084977576,0.6,0.8171926251280862,0.8,0.8645443224836736,0.9
2,2025-02-19,12,Wednesday,trailing_4_week_profile,1000,126,259,0.4864864864864865,Midday,Weekday,0.7901859885226296,0.6,0.8203020341400968,0.8,0.9123308272107282,0.95
2,2025-02-19,13,Wednesday,global_popularity,500,172,259,0.6640926640926641,Midday,Weekday,0.8170373326436476,0.8,0.8400126955082163,0.7,0.8834607928517267,0.85
2,2025-02-19,13,Wednesday,zone_hour_profile,500,172,259,0.6640926640926641,Midday,Weekday,0.7321767054807823,0.6,0.7639500556830914,0.7,0.880735768242118,0.95
2,2025-02-19,13,Wednesday,same_hour_last_week,500,172,259,0.6640926640926641,Midday,Weekday,0.7321767054807823,0.6,0.7508128680888112,0.6,0.8701064463350834,0.95
2,2025-02-19,13,Wednesday,trailing_4_week_profile,500,172,259,0.6640926640926641,Midday,Weekday,0.7321767054807823,0.6,0.7645831703423834,0.7,0.8789335240115315,0.95
2,2025-02-19,13,Wednesday,global_popularity,1000,126,259,0.4864864864864865,Midday,Weekday,0.8170373326436476,0.8,0.8400126955082163,0.7,0.8834607928517267,0.85
2,2025-02-19,13,Wednesday,zone_hour_profile,1000,126,259,0.4864864864864865,Midday,Weekday,0.7321767054807823,0.6,0.7639500556830914,0.7,0.880735768242118,0.95
2,2025-02-19,13,Wednesday,same_hour_last_week,1000,126,259,0.4864864864864865,Midday,Weekday,0.7321767054807823,0.6,0.7508128680888112,0.6,0.8701064463350834,0.95
2,2025-02-19,13,Wednesday,trailing_4_week_profile,1000,126,259,0.4864864864864865,Midday,Weekday,0.7321767054807823,0.6,0.7645831703423834,0.7,0.8789335240115315,0.95
2,2025-02-19,14,Wednesday,global_popularity,500,172,259,0.6640926640926641,Midday,Weekday,0.8023935016882864,0.8,0.8181882021452529,0.7,0.8710476521132271,0.85
2,2025-02-19,14,Wednesday,zone_hour_profile,500,172,259,0.6640926640926641,Midday,Weekday,0.7821118493926813,0.8,0.8571680282884184,0.9,0.8756273992502573,0.9
2,2025-02-19,14,Wednesday,same_hour_last_week,500,172,259,0.6640926640926641,Midday,Weekday,0.6583738851630995,0.6,0.7748878223573573,0.8,0.8492612274730239,0.9
2,2025-02-19,14,Wednesday,trailing_4_week_profile,500,172,259,0.6640926640926641,Midday,Weekday,0.6545430709201611,0.6,0.7385749487704293,0.8,0.8468896896552366,0.9
2,2025-02-19,14,Wednesday,global_popularity,1000,126,259,0.4864864864864865,Midday,Weekday,0.8023935016882864,0.8,0.8181882021452529,0.7,0.8710476521132271,0.85
2,2025-02-19,14,Wednesday,zone_hour_profile,1000,126,259,0.4864864864864865,Midday,Weekday,0.7821118493926813,0.8,0.8571680282884184,0.9,0.8756273992502573,0.9
2,2025-02-19,14,Wednesday,same_hour_last_week,1000,126,259,0.4864864864864865,Midday,Weekday,0.6583738851630995,0.6,0.7748878223573573,0.8,0.8492612274730239,0.9
2,2025-02-19,14,Wednesday,trailing_4_week_profile,1000,126,259,0.4864864864864865,Midday,Weekday,0.6545430709201611,0.6,0.7385749487704293,0.8,0.8468896896552366,0.9
2,2025-02-19,15,Wednesday,global_popularity,500,172,259,0.6640926640926641,Midday,Weekday,0.7247512238273958,0.8,0.7557834664670212,0.8,0.8237428829262252,0.85
2,2025-02-19,15,Wednesday,zone_hour_profile,500,172,259,0.6640926640926641,Midday,Weekday,0.7302484151104157,0.8,0.7647185105406935,0.8,0.8427034532487333,0.95
2,2025-02-19,15,Wednesday,same_hour_last_week,500,172,259,0.6640926640926641,Midday,Weekday,0.577850902804519,0.6,0.6876642490168782,0.7,0.8014998621899648,0.95
2,2025-02-19,15,Wednesday,trailing_4_week_profile,500,172,259,0.6640926640926641,Midday,Weekday,0.7302484151104157,0.8,0.755122219158472,0.7,0.8405142245465519,0.95
2,2025-02-19,15,Wednesday,global_popularity,1000,126,259,0.4864864864864865,Midday,Weekday,0.7247512238273958,0.8,0.7557834664670212,0.8,0.8237428829262252,0.85
2,2025-02-19,15,Wednesday,zone_hour_profile,1000,126,259,0.4864864864864865,Midday,Weekday,0.7302484151104157,0.8,0.7647185105406935,0.8,0.8427034532487333,0.95
2,2025-02-19,15,Wednesday,same_hour_last_week,1000,126,259,0.4864864864864865,Midday,Weekday,0.577850902804519,0.6,0.6876642490168782,0.7,0.8014998621899648,0.95
2,2025-02-19,15,Wednesday,trailing_4_week_profile,1000,126,259,0.4864864864864865,Midday,Weekday,0.7302484151104157,0.8,0.755122219158472,0.7,0.8405142245465519,0.95
2,2025-02-19,16,Wednesday,global_popularity,500,172,259,0.6640926640926641,Evening,Weekday,0.746773466484243,0.8,0.7586645402610559,0.6,0.8085402575461277,0.9
2,2025-02-19,16,Wednesday,zone_hour_profile,500,172,259,0.6640926640926641,Evening,Weekday,0.7339190883243369,0.6,0.771486964803333,0.8,0.8281082861109097,1.0
2,2025-02-19,16,Wednesday,same_hour_last_week,500,172,259,0.6640926640926641,Evening,Weekday,0.7339190883243369,0.6,0.7713666176234116,0.8,0.8178614176169028,0.95
2,2025-02-19,16,Wednesday,trailing_4_week_profile,500,172,259,0.6640926640926641,Evening,Weekday,0.7339190883243369,0.6,0.7715222105772288,0.8,0.8275939431395503,1.0
2,2025-02-19,16,Wednesday,global_popularity,1000,126,259,0.4864864864864865,Evening,Weekday,0.746773466484243,0.8,0.7586645402610559,0.6,0.8085402575461277,0.9
2,2025-02-19,16,Wednesday,zone_hour_profile,1000,126,259,0.4864864864864865,Evening,Weekday,0.7339190883243369,0.6,0.771486964803333,0.8,0.8281082861109097,1.0
2,2025-02-19,16,Wednesday,same_hour_last_week,1000,126,259,0.4864864864864865,Evening,Weekday,0.7339190883243369,0.6,0.7713666176234116,0.8,0.8178614176169028,0.95
2,2025-02-19,16,Wednesday,trailing_4_week_profile,1000,126,259,0.4864864864864865,Evening,Weekday,0.7339190883243369,0.6,0.7715222105772288,0.8,0.8275939431395503,1.0
2,2025-02-19,17,Wednesday,global_popularity,500,172,259,0.6640926640926641,Evening,Weekday,0.9184950696790088,0.6,0.9150291369116702,0.8,0.9275260484872874,0.85
2,2025-02-19,17,Wednesday,zone_hour_profile,500,172,259,0.6640926640926641,Evening,Weekday,0.8566409916724547,0.6,0.9344925256722189,0.9,0.9513841339651179,0.9
2,2025-02-19,17,Wednesday,same_hour_last_week,500,172,259,0.6640926640926641,Evening,Weekday,0.8446198097172002,0.6,0.8553789397054302,0.8,0.9036335789632544,0.85
2,2025-02-19,17,Wednesday,trailing_4_week_profile,500,172,259,0.6640926640926641,Evening,Weekday,0.8566409916724547,0.6,0.9244488262848164,0.9,0.9423139325547565,0.9
2,2025-02-19,17,Wednesday,global_popularity,1000,126,259,0.4864864864864865,Evening,Weekday,0.9184950696790088,0.6,0.9150291369116702,0.8,0.9275260484872874,0.85
2,2025-02-19,17,Wednesday,zone_hour_profile,1000,126,259,0.4864864864864865,Evening,Weekday,0.8566409916724547,0.6,0.9344925256722189,0.9,0.9513841339651179,0.9
2,2025-02-19,17,Wednesday,same_hour_last_week,1000,126,259,0.4864864864864865,Evening,Weekday,0.8446198097172002,0.6,0.8553789397054302,0.8,0.9036335789632544,0.85
2,2025-02-19,17,Wednesday,trailing_4_week_profile,1000,126,259,0.4864864864864865,Evening,Weekday,0.8566409916724547,0.6,0.9244488262848164,0.9,0.9423139325547565,0.9
2,2025-02-19,18,Wednesday,global_popularity,500,172,259,0.6640926640926641,Evening,Weekday,0.8718799375513628,0.6,0.9065293159665799,0.8,0.9206774388693298,0.85
2,2025-02-19,18,Wednesday,zone_hour_profile,500,172,259,0.6640926640926641,Evening,Weekday,0.8218134306744682,0.6,0.9165740494776987,0.9,0.9379117500170885,0.9
2,2025-02-19,18,Wednesday,same_hour_last_week,500,172,259,0.6640926640926641,Evening,Weekday,0.8283651304459588,0.6,0.8465022280252834,0.8,0.9242875417691038,0.85
2,2025-02-19,18,Wednesday,trailing_4_week_profile,500,172,259,0.6640926640926641,Evening,Weekday,0.8297423406215291,0.6,0.8469060669373782,0.8,0.9310692411682308,0.85
2,2025-02-19,18,Wednesday,global_popularity,1000,126,259,0.4864864864864865,Evening,Weekday,0.8718799375513628,0.6,0.9065293159665799,0.8,0.9206774388693298,0.85
2,2025-02-19,18,Wednesday,zone_hour_profile,1000,126,259,0.4864864864864865,Evening,Weekday,0.8218134306744682,0.6,0.9165740494776987,0.9,0.9379117500170885,0.9
2,2025-02-19,18,Wednesday,same_hour_last_week,1000,126,259,0.4864864864864865,Evening,Weekday,0.8283651304459588,0.6,0.8465022280252834,0.8,0.9242875417691038,0.85
2,2025-02-19,18,Wednesday,trailing_4_week_profile,1000,126,259,0.4864864864864865,Evening,Weekday,0.8297423406215291,0.6,0.8469060669373782,0.8,0.9310692411682308,0.85
2,2025-02-19,19,Wednesday,global_popularity,500,172,259,0.6640926640926641,Evening,Weekday,0.7640107214673661,0.6,0.8033773938285468,0.7,0.8563576314633529,0.85
2,2025-02-19,19,Wednesday,zone_hour_profile,500,172,259,0.6640926640926641,Evening,Weekday,0.8126806521274025,0.8,0.8320256914753396,0.8,0.8796444606165368,0.9
2,2025-02-19,19,Wednesday,same_hour_last_week,500,172,259,0.6640926640926641,Evening,Weekday,0.62752000188029,0.6,0.7850746771836201,0.8,0.8404273829754952,0.95
2,2025-02-19,19,Wednesday,trailing_4_week_profile,500,172,259,0.6640926640926641,Evening,Weekday,0.6429899886282293,0.6,0.8002968743108991,0.8,0.852778809606133,0.9
2,2025-02-19,19,Wednesday,global_popularity,1000,126,259,0.4864864864864865,Evening,Weekday,0.7640107214673661,0.6,0.8033773938285468,0.7,0.8563576314633529,0.85
2,2025-02-19,19,Wednesday,zone_hour_profile,1000,126,259,0.4864864864864865,Evening,Weekday,0.8126806521274025,0.8,0.8320256914753396,0.8,0.8796444606165368,0.9
2,2025-02-19,19,Wednesday,same_hour_last_week,1000,126,259,0.4864864864864865,Evening,Weekday,0.62752000188029,0.6,0.7850746771836201,0.8,0.8404273829754952,0.95
2,2025-02-19,19,Wednesday,trailing_4_week_profile,1000,126,259,0.4864864864864865,Evening,Weekday,0.6429899886282293,0.6,0.8002968743108991,0.8,0.852778809606133,0.9
2,2025-02-19,20,Wednesday,global_popularity,500,172,259,0.6640926640926641,Evening,Weekday,0.7342574377902907,0.6,0.7771972009902716,0.7,0.8535073045669979,0.85
2,2025-02-19,20,Wednesday,zone_hour_profile,500,172,259,0.6640926640926641,Evening,Weekday,0.786529825420187,0.8,0.8116077772302307,0.9,0.8810851079048417,0.9
2,2025-02-19,20,Wednesday,same_hour_last_week,500,172,259,0.6640926640926641,Evening,Weekday,0.6545002659441255,0.6,0.7964581118989962,0.9,0.8666422263757528,0.95
2,2025-02-19,20,Wednesday,trailing_4_week_profile,500,172,259,0.6640926640926641,Evening,Weekday,0.6596525238630514,0.6,0.7952011145627059,0.9,0.8652228334106747,0.9
2,2025-02-19,20,Wednesday,global_popularity,1000,126,259,0.4864864864864865,Evening,Weekday,0.7342574377902907,0.6,0.7771972009902716,0.7,0.8535073045669979,0.85
2,2025-02-19,20,Wednesday,zone_hour_profile,1000,126,259,0.4864864864864865,Evening,Weekday,0.786529825420187,0.8,0.8116077772302307,0.9,0.8810851079048417,0.9
2,2025-02-19,20,Wednesday,same_hour_last_week,1000,126,259,0.4864864864864865,Evening,Weekday,0.6545002659441255,0.6,0.7964581118989962,0.9,0.8666422263757528,0.95
2,2025-02-19,20,Wednesday,trailing_4_week_profile,1000,126,259,0.4864864864864865,Evening,Weekday,0.6596525238630514,0.6,0.7952011145627059,0.9,0.8652228334106747,0.9
2,2025-02-19,21,Wednesday,global_popularity,500,172,259,0.6640926640926641,Late evening,Weekday,0.7448089356039845,0.6,0.7937925048643552,0.7,0.8482044915490348,0.8
2,2025-02-19,21,Wednesday,zone_hour_profile,500,172,259,0.6640926640926641,Late evening,Weekday,0.6677663910385147,0.6,0.8060447602525356,0.7,0.8646706033104303,0.9
2,2025-02-19,21,Wednesday,same_hour_last_week,500,172,259,0.6640926640926641,Late evening,Weekday,0.673045519796025,0.6,0.7250025513736319,0.7,0.7560881541809691,0.85
2,2025-02-19,21,Wednesday,trailing_4_week_profile,500,172,259,0.6640926640926641,Late evening,Weekday,0.6677663910385147,0.6,0.7212470815616382,0.7,0.8525828617150935,0.9
2,2025-02-19,21,Wednesday,global_popularity,1000,126,259,0.4864864864864865,Late evening,Weekday,0.7448089356039845,0.6,0.7937925048643552,0.7,0.8482044915490348,0.8
2,2025-02-19,21,Wednesday,zone_hour_profile,1000,126,259,0.4864864864864865,Late evening,Weekday,0.6677663910385147,0.6,0.8060447602525356,0.7,0.8646706033104303,0.9
2,2025-02-19,21,Wednesday,same_hour_last_week,1000,126,259,0.4864864864864865,Late evening,Weekday,0.673045519796025,0.6,0.7250025513736319,0.7,0.7560881541809691,0.85
2,2025-02-19,21,Wednesday,trailing_4_week_profile,1000,126,259,0.4864864864864865,Late evening,Weekday,0.6677663910385147,0.6,0.7212470815616382,0.7,0.8525828617150935,0.9
2,2025-02-19,22,Wednesday,global_popularity,500,172,259,0.6640926640926641,Late evening,Weekday,0.6211362157272298,0.6,0.6916185532243013,0.6,0.7679918496204631,0.8
2,2025-02-19,22,Wednesday,zone_hour_profile,500,172,259,0.6640926640926641,Late evening,Weekday,0.6086830726968941,0.6,0.7651093880027222,0.9,0.8201090862432345,0.9
2,2025-02-19,22,Wednesday,same_hour_last_week,500,172,259,0.6640926640926641,Late evening,Weekday,0.5286323530436663,0.4,0.6104692449890528,0.7,0.7531091666975847,0.85
2,2025-02-19,22,Wednesday,trailing_4_week_profile,500,172,259,0.6640926640926641,Late evening,Weekday,0.6086830726968941,0.6,0.6542020348932859,0.8,0.798485382314449,0.9
2,2025-02-19,22,Wednesday,global_popularity,1000,126,259,0.4864864864864865,Late evening,Weekday,0.6211362157272298,0.6,0.6916185532243013,0.6,0.7679918496204631,0.8
2,2025-02-19,22,Wednesday,zone_hour_profile,1000,126,259,0.4864864864864865,Late evening,Weekday,0.6086830726968941,0.6,0.7651093880027222,0.9,0.8201090862432345,0.9
2,2025-02-19,22,Wednesday,same_hour_last_week,1000,126,259,0.4864864864864865,Late evening,Weekday,0.5286323530436663,0.4,0.6104692449890528,0.7,0.7531091666975847,0.85
2,2025-02-19,22,Wednesday,trailing_4_week_profile,1000,126,259,0.4864864864864865,Late evening,Weekday,0.6086830726968941,0.6,0.6542020348932859,0.8,0.798485382314449,0.9
2,2025-02-19,23,Wednesday,global_popularity,500,172,259,0.6640926640926641,Late evening,Weekday,0.4640900284269845,0.6,0.4921306239863536,0.4,0.6436308783104676,0.8
2,2025-02-19,23,Wednesday,zone_hour_profile,500,172,259,0.6640926640926641,Late evening,Weekday,0.8077958575187199,0.8,0.8232854066910662,0.8,0.8512105642564942,0.95
2,2025-02-19,23,Wednesday,same_hour_last_week,500,172,259,0.6640926640926641,Late evening,Weekday,0.35206236052734946,0.4,0.4410883751895952,0.8,0.6784453481060259,0.95
2,2025-02-19,23,Wednesday,trailing_4_week_profile,500,172,259,0.6640926640926641,Late evening,Weekday,0.5455099977878012,0.6,0.7179948626948424,0.8,0.7601717328938848,0.95
2,2025-02-19,23,Wednesday,global_popularity,1000,126,259,0.4864864864864865,Late evening,Weekday,0.4640900284269845,0.6,0.4921306239863536,0.4,0.6436308783104676,0.8
2,2025-02-19,23,Wednesday,zone_hour_profile,1000,126,259,0.4864864864864865,Late evening,Weekday,0.8077958575187199,0.8,0.8232854066910662,0.8,0.8512105642564942,0.95
2,2025-02-19,23,Wednesday,same_hour_last_week,1000,126,259,0.4864864864864865,Late evening,Weekday,0.35206236052734946,0.4,0.4410883751895952,0.8,0.6784453481060259,0.95
2,2025-02-19,23,Wednesday,trailing_4_week_profile,1000,126,259,0.4864864864864865,Late evening,Weekday,0.5455099977878012,0.6,0.7179948626948424,0.8,0.7601717328938848,0.95
2,2025-02-20,0,Thursday,global_popularity,500,172,259,0.6640926640926641,Overnight,Weekday,0.4199829449027177,0.4,0.44406865543275176,0.5,0.5570462617804111,0.7
2,2025-02-20,0,Thursday,zone_hour_profile,500,172,259,0.6640926640926641,Overnight,Weekday,0.832730219316812,0.6,0.9217984545357939,0.8,0.9201758025006074,0.8
2,2025-02-20,0,Thursday,same_hour_last_week,500,172,259,0.6640926640926641,Overnight,Weekday,0.47729309221423677,0.6,0.517563847075279,0.7,0.6130755416033719,0.85
2,2025-02-20,0,Thursday,trailing_4_week_profile,500,172,259,0.6640926640926641,Overnight,Weekday,0.8316584341497066,0.6,0.8429917058539441,0.7,0.9134388654586618,0.8
2,2025-02-20,0,Thursday,global_popularity,1000,126,259,0.4864864864864865,Overnight,Weekday,0.4199829449027177,0.4,0.44406865543275176,0.5,0.5570462617804111,0.7
2,2025-02-20,0,Thursday,zone_hour_profile,1000,126,259,0.4864864864864865,Overnight,Weekday,0.832730219316812,0.6,0.9217984545357939,0.8,0.9201758025006074,0.8
2,2025-02-20,0,Thursday,same_hour_last_week,1000,126,259,0.4864864864864865,Overnight,Weekday,0.47729309221423677,0.6,0.517563847075279,0.7,0.6130755416033719,0.85
2,2025-02-20,0,Thursday,trailing_4_week_profile,1000,126,259,0.4864864864864865,Overnight,Weekday,0.8316584341497066,0.6,0.8429917058539441,0.7,0.9134388654586618,0.8
2,2025-02-20,1,Thursday,global_popularity,500,172,259,0.6640926640926641,Overnight,Weekday,0.28090660407324425,0.2,0.3107385606277775,0.2,0.518064958379387,0.65
2,2025-02-20,1,Thursday,zone_hour_profile,500,172,259,0.6640926640926641,Overnight,Weekday,0.7248153617325928,0.8,0.7513375928462254,0.9,0.7629651691009219,0.8
2,2025-02-20,1,Thursday,same_hour_last_week,500,172,259,0.6640926640926641,Overnight,Weekday,0.46739616999272376,0.6,0.5951801665760942,0.8,0.6184978395465313,0.75
2,2025-02-20,1,Thursday,trailing_4_week_profile,500,172,259,0.6640926640926641,Overnight,Weekday,0.49685192904185765,0.6,0.6205597764710679,0.9,0.6397375317301328,0.75
2,2025-02-20,1,Thursday,global_popularity,1000,126,259,0.4864864864864865,Overnight,Weekday,0.28090660407324425,0.2,0.3107385606277775,0.2,0.518064958379387,0.65
2,2025-02-20,1,Thursday,zone_hour_profile,1000,126,259,0.4864864864864865,Overnight,Weekday,0.7248153617325928,0.8,0.7513375928462254,0.9,0.7629651691009219,0.8
2,2025-02-20,1,Thursday,same_hour_last_week,1000,126,259,0.4864864864864865,Overnight,Weekday,0.46739616999272376,0.6,0.5951801665760942,0.8,0.6184978395465313,0.75
2,2025-02-20,1,Thursday,trailing_4_week_profile,1000,126,259,0.4864864864864865,Overnight,Weekday,0.49685192904185765,0.6,0.6205597764710679,0.9,0.6397375317301328,0.75
2,2025-02-20,2,Thursday,global_popularity,500,172,259,0.6640926640926641,Overnight,Weekday,0.3104910868667591,0.0,0.3784181015908875,0.2,0.5385238475029274,0.6
2,2025-02-20,2,Thursday,zone_hour_profile,500,172,259,0.6640926640926641,Overnight,Weekday,0.9215300232091462,0.6,0.9395563359588682,0.8,0.9125725697857495,0.85
2,2025-02-20,2,Thursday,same_hour_last_week,500,172,259,0.6640926640926641,Overnight,Weekday,0.8442571874273939,0.6,0.8743009118110692,0.6,0.8810509496321846,0.8
2,2025-02-20,2,Thursday,trailing_4_week_profile,500,172,259,0.6640926640926641,Overnight,Weekday,0.9218665346109428,0.8,0.9369282927811348,0.8,0.917406118642172,0.85
2,2025-02-20,2,Thursday,global_popularity,1000,126,259,0.4864864864864865,Overnight,Weekday,0.3104910868667591,0.0,0.3784181015908875,0.2,0.5385238475029274,0.6
2,2025-02-20,2,Thursday,zone_hour_profile,1000,126,259,0.4864864864864865,Overnight,Weekday,0.9215300232091462,0.6,0.9395563359588682,0.8,0.9125725697857495,0.85
2,2025-02-20,2,Thursday,same_hour_last_week,1000,126,259,0.4864864864864865,Overnight,Weekday,0.8442571874273939,0.6,0.8743009118110692,0.6,0.8810509496321846,0.8
2,2025-02-20,2,Thursday,trailing_4_week_profile,1000,126,259,0.4864864864864865,Overnight,Weekday,0.9218665346109428,0.8,0.9369282927811348,0.8,0.917406118642172,0.85
2,2025-02-20,3,Thursday,global_popularity,500,172,259,0.6640926640926641,Overnight,Weekday,0.4203881164437417,0.4,0.4927691290896344,0.5,0.5655528648050103,0.55
2,2025-02-20,3,Thursday,zone_hour_profile,500,172,259,0.6640926640926641,Overnight,Weekday,0.8935322332591615,0.8,0.8603960408904571,0.6,0.8741915673774574,0.8
2,2025-02-20,3,Thursday,same_hour_last_week,500,172,259,0.6640926640926641,Overnight,Weekday,0.7671555232326637,0.4,0.7645100614960569,0.6,0.7730914751322144,0.7
2,2025-02-20,3,Thursday,trailing_4_week_profile,500,172,259,0.6640926640926641,Overnight,Weekday,0.7914295407793294,0.6,0.7762282442177366,0.6,0.8494115314849368,0.85
2,2025-02-20,3,Thursday,global_popularity,1000,126,259,0.4864864864864865,Overnight,Weekday,0.4203881164437417,0.4,0.4927691290896344,0.5,0.5655528648050103,0.55
2,2025-02-20,3,Thursday,zone_hour_profile,1000,126,259,0.4864864864864865,Overnight,Weekday,0.8935322332591615,0.8,0.8603960408904571,0.6,0.8741915673774574,0.8
2,2025-02-20,3,Thursday,same_hour_last_week,1000,126,259,0.4864864864864865,Overnight,Weekday,0.7671555232326637,0.4,0.7645100614960569,0.6,0.7730914751322144,0.7
2,2025-02-20,3,Thursday,trailing_4_week_profile,1000,126,259,0.4864864864864865,Overnight,Weekday,0.7914295407793294,0.6,0.7762282442177366,0.6,0.8494115314849368,0.85
2,2025-02-20,4,Thursday,global_popularity,500,172,259,0.6640926640926641,Overnight,Weekday,0.5441514677981124,0.4,0.599707338922619,0.4,0.6540919098551345,0.6
2,2025-02-20,4,Thursday,zone_hour_profile,500,172,259,0.6640926640926641,Overnight,Weekday,0.8919593810527042,0.6,0.8310668390805068,0.4,0.8672409429316463,0.6
2,2025-02-20,4,Thursday,same_hour_last_week,500,172,259,0.6640926640926641,Overnight,Weekday,0.41012153209236496,0.4,0.46926859925980496,0.4,0.6490642395549665,0.55
2,2025-02-20,4,Thursday,trailing_4_week_profile,500,172,259,0.6640926640926641,Overnight,Weekday,0.7237265883666505,0.6,0.686896554793386,0.4,0.698151287609852,0.55
2,2025-02-20,4,Thursday,global_popularity,1000,126,259,0.4864864864864865,Overnight,Weekday,0.5441514677981124,0.4,0.599707338922619,0.4,0.6540919098551345,0.6
2,2025-02-20,4,Thursday,zone_hour_profile,1000,126,259,0.4864864864864865,Overnight,Weekday,0.8919593810527042,0.6,0.8310668390805068,0.4,0.8672409429316463,0.6
2,2025-02-20,4,Thursday,same_hour_last_week,1000,126,259,0.4864864864864865,Overnight,Weekday,0.41012153209236496,0.4,0.46926859925980496,0.4,0.6490642395549665,0.55
2,2025-02-20,4,Thursday,trailing_4_week_profile,1000,126,259,0.4864864864864865,Overnight,Weekday,0.7237265883666505,0.6,0.686896554793386,0.4,0.698151287609852,0.55
2,2025-02-20,5,Thursday,global_popularity,500,172,259,0.6640926640926641,Overnight,Weekday,0.4682584117654657,0.4,0.515182779065031,0.4,0.5727016047744073,0.7
2,2025-02-20,5,Thursday,zone_hour_profile,500,172,259,0.6640926640926641,Overnight,Weekday,0.9528629082805132,0.6,0.9529469348194247,0.7,0.9731108002821742,0.8
2,2025-02-20,5,Thursday,same_hour_last_week,500,172,259,0.6640926640926641,Overnight,Weekday,0.7836856919072509,0.6,0.8056447326350763,0.8,0.8291309911670626,0.8
2,2025-02-20,5,Thursday,trailing_4_week_profile,500,172,259,0.6640926640926641,Overnight,Weekday,0.9528629082805132,0.6,0.9529469348194247,0.7,0.9558935903891157,0.75
2,2025-02-20,5,Thursday,global_popularity,1000,126,259,0.4864864864864865,Overnight,Weekday,0.4682584117654657,0.4,0.515182779065031,0.4,0.5727016047744073,0.7
2,2025-02-20,5,Thursday,zone_hour_profile,1000,126,259,0.4864864864864865,Overnight,Weekday,0.9528629082805132,0.6,0.9529469348194247,0.7,0.9731108002821742,0.8
2,2025-02-20,5,Thursday,same_hour_last_week,1000,126,259,0.4864864864864865,Overnight,Weekday,0.7836856919072509,0.6,0.8056447326350763,0.8,0.8291309911670626,0.8
2,2025-02-20,5,Thursday,trailing_4_week_profile,1000,126,259,0.4864864864864865,Overnight,Weekday,0.9528629082805132,0.6,0.9529469348194247,0.7,0.9558935903891157,0.75
2,2025-02-20,6,Thursday,global_popularity,500,172,259,0.6640926640926641,Morning,Weekday,0.5699824760785805,0.2,0.6046296371836236,0.4,0.6406221707216166,0.7
2,2025-02-20,6,Thursday,zone_hour_profile,500,172,259,0.6640926640926641,Morning,Weekday,0.9684553295681846,0.6,0.993730130544148,1.0,0.9893346571378504,0.9
2,2025-02-20,6,Thursday,same_hour_last_week,500,172,259,0.6640926640926641,Morning,Weekday,0.8099303607058332,1.0,0.8319642338253022,0.9,0.8583869249305828,0.9
2,2025-02-20,6,Thursday,trailing_4_week_profile,500,172,259,0.6640926640926641,Morning,Weekday,0.781722495974902,0.6,0.83193714383868,0.9,0.8570520940849837,0.9
2,2025-02-20,6,Thursday,global_popularity,1000,126,259,0.4864864864864865,Morning,Weekday,0.5699824760785805,0.2,0.6046296371836236,0.4,0.6406221707216166,0.7
2,2025-02-20,6,Thursday,zone_hour_profile,1000,126,259,0.4864864864864865,Morning,Weekday,0.9684553295681846,0.6,0.993730130544148,1.0,0.9893346571378504,0.9
2,2025-02-20,6,Thursday,same_hour_last_week,1000,126,259,0.4864864864864865,Morning,Weekday,0.8099303607058332,1.0,0.8319642338253022,0.9,0.8583869249305828,0.9
2,2025-02-20,6,Thursday,trailing_4_week_profile,1000,126,259,0.4864864864864865,Morning,Weekday,0.781722495974902,0.6,0.83193714383868,0.9,0.8570520940849837,0.9
2,2025-02-20,7,Thursday,global_popularity,500,172,259,0.6640926640926641,Morning,Weekday,0.6629783355263847,0.6,0.6992253451343408,0.5,0.7460391136804553,0.65
2,2025-02-20,7,Thursday,zone_hour_profile,500,172,259,0.6640926640926641,Morning,Weekday,0.6879919812676617,0.6,0.8422196062751297,0.9,0.8651711939083158,0.9
2,2025-02-20,7,Thursday,same_hour_last_week,500,172,259,0.6640926640926641,Morning,Weekday,0.6742278454208053,0.6,0.732944862051364,0.8,0.8498510672882869,0.9
2,2025-02-20,7,Thursday,trailing_4_week_profile,500,172,259,0.6640926640926641,Morning,Weekday,0.6844432441282657,0.6,0.7333708253276544,0.8,0.8473959960372686,0.9
2,2025-02-20,7,Thursday,global_popularity,1000,126,259,0.4864864864864865,Morning,Weekday,0.6629783355263847,0.6,0.6992253451343408,0.5,0.7460391136804553,0.65
2,2025-02-20,7,Thursday,zone_hour_profile,1000,126,259,0.4864864864864865,Morning,Weekday,0.6879919812676617,0.6,0.8422196062751297,0.9,0.8651711939083158,0.9
2,2025-02-20,7,Thursday,same_hour_last_week,1000,126,259,0.4864864864864865,Morning,Weekday,0.6742278454208053,0.6,0.732944862051364,0.8,0.8498510672882869,0.9
2,2025-02-20,7,Thursday,trailing_4_week_profile,1000,126,259,0.4864864864864865,Morning,Weekday,0.6844432441282657,0.6,0.7333708253276544,0.8,0.8473959960372686,0.9
2,2025-02-20,8,Thursday,global_popularity,500,172,259,0.6640926640926641,Morning,Weekday,0.7375658810550911,0.6,0.7679785983303474,0.5,0.8248664254707636,0.75
2,2025-02-20,8,Thursday,zone_hour_profile,500,172,259,0.6640926640926641,Morning,Weekday,0.893618324105379,0.6,0.9130508690791294,0.7,0.9204014632107744,0.85
2,2025-02-20,8,Thursday,same_hour_last_week,500,172,259,0.6640926640926641,Morning,Weekday,0.9124221320071395,0.6,0.9152417150175004,0.7,0.9139067345508142,0.8
2,2025-02-20,8,Thursday,trailing_4_week_profile,500,172,259,0.6640926640926641,Morning,Weekday,0.9028868480960004,0.6,0.9176705401552391,0.7,0.9231652987710605,0.85
2,2025-02-20,8,Thursday,global_popularity,1000,126,259,0.4864864864864865,Morning,Weekday,0.7375658810550911,0.6,0.7679785983303474,0.5,0.8248664254707636,0.75
2,2025-02-20,8,Thursday,zone_hour_profile,1000,126,259,0.4864864864864865,Morning,Weekday,0.893618324105379,0.6,0.9130508690791294,0.7,0.9204014632107744,0.85
2,2025-02-20,8,Thursday,same_hour_last_week,1000,126,259,0.4864864864864865,Morning,Weekday,0.9124221320071395,0.6,0.9152417150175004,0.7,0.9139067345508142,0.8
2,2025-02-20,8,Thursday,trailing_4_week_profile,1000,126,259,0.4864864864864865,Morning,Weekday,0.9028868480960004,0.6,0.9176705401552391,0.7,0.9231652987710605,0.85
2,2025-02-20,9,Thursday,global_popularity,500,172,259,0.6640926640926641,Morning,Weekday,0.773332768590027,0.6,0.8185435624015392,0.6,0.8728452671052964,0.75
2,2025-02-20,9,Thursday,zone_hour_profile,500,172,259,0.6640926640926641,Morning,Weekday,0.891783847825912,0.6,0.8972422312761889,0.7,0.9370756850411487,0.95
2,2025-02-20,9,Thursday,same_hour_last_week,500,172,259,0.6640926640926641,Morning,Weekday,0.8820543319307761,0.6,0.8779588195139548,0.6,0.8936959707406129,0.85
2,2025-02-20,9,Thursday,trailing_4_week_profile,500,172,259,0.6640926640926641,Morning,Weekday,0.891783847825912,0.6,0.8972465155593936,0.7,0.8978885747184119,0.85
2,2025-02-20,9,Thursday,global_popularity,1000,126,259,0.4864864864864865,Morning,Weekday,0.773332768590027,0.6,0.8185435624015392,0.6,0.8728452671052964,0.75
2,2025-02-20,9,Thursday,zone_hour_profile,1000,126,259,0.4864864864864865,Morning,Weekday,0.891783847825912,0.6,0.8972422312761889,0.7,0.9370756850411487,0.95
2,2025-02-20,9,Thursday,same_hour_last_week,1000,126,259,0.4864864864864865,Morning,Weekday,0.8820543319307761,0.6,0.8779588195139548,0.6,0.8936959707406129,0.85
2,2025-02-20,9,Thursday,trailing_4_week_profile,1000,126,259,0.4864864864864865,Morning,Weekday,0.891783847825912,0.6,0.8972465155593936,0.7,0.8978885747184119,0.85
2,2025-02-20,10,Thursday,global_popularity,500,172,259,0.6640926640926641,Midday,Weekday,0.6580538518359897,0.6,0.7165529247287976,0.7,0.8175348609164693,0.85
2,2025-02-20,10,Thursday,zone_hour_profile,500,172,259,0.6640926640926641,Midday,Weekday,0.6869080889449474,0.6,0.7167982361397642,0.7,0.8574148653200085,0.95
2,2025-02-20,10,Thursday,same_hour_last_week,500,172,259,0.6640926640926641,Midday,Weekday,0.6869080889449474,0.6,0.7038886558786628,0.6,0.8051934113116754,0.9
2,2025-02-20,10,Thursday,trailing_4_week_profile,500,172,259,0.6640926640926641,Midday,Weekday,0.6849967077115569,0.6,0.7145939081867198,0.7,0.8187260150431767,0.9
2,2025-02-20,10,Thursday,global_popularity,1000,126,259,0.4864864864864865,Midday,Weekday,0.6580538518359897,0.6,0.7165529247287976,0.7,0.8175348609164693,0.85
2,2025-02-20,10,Thursday,zone_hour_profile,1000,126,259,0.4864864864864865,Midday,Weekday,0.6869080889449474,0.6,0.7167982361397642,0.7,0.8574148653200085,0.95
2,2025-02-20,10,Thursday,same_hour_last_week,1000,126,259,0.4864864864864865,Midday,Weekday,0.6869080889449474,0.6,0.7038886558786628,0.6,0.8051934113116754,0.9
2,2025-02-20,10,Thursday,trailing_4_week_profile,1000,126,259,0.4864864864864865,Midday,Weekday,0.6849967077115569,0.6,0.7145939081867198,0.7,0.8187260150431767,0.9
2,2025-02-20,11,Thursday,global_popularity,500,172,259,0.6640926640926641,Midday,Weekday,0.8453547768099359,0.8,0.8466522418088381,0.7,0.8933311083830646,0.85
2,2025-02-20,11,Thursday,zone_hour_profile,500,172,259,0.6640926640926641,Midday,Weekday,0.71800057879042,0.6,0.7653539934060613,0.8,0.8278968315634206,0.9
2,2025-02-20,11,Thursday,same_hour_last_week,500,172,259,0.6640926640926641,Midday,Weekday,0.7078902250467266,0.6,0.7821705964733761,0.8,0.8264998045324778,0.9
2,2025-02-20,11,Thursday,trailing_4_week_profile,500,172,259,0.6640926640926641,Midday,Weekday,0.709035287351683,0.6,0.737548107161693,0.7,0.8230536869309758,0.9
2,2025-02-20,11,Thursday,global_popularity,1000,126,259,0.4864864864864865,Midday,Weekday,0.8453547768099359,0.8,0.8466522418088381,0.7,0.8933311083830646,0.85
2,2025-02-20,11,Thursday,zone_hour_profile,1000,126,259,0.4864864864864865,Midday,Weekday,0.71800057879042,0.6,0.7653539934060613,0.8,0.8278968315634206,0.9
2,2025-02-20,11,Thursday,same_hour_last_week,1000,126,259,0.4864864864864865,Midday,Weekday,0.7078902250467266,0.6,0.7821705964733761,0.8,0.8264998045324778,0.9
2,2025-02-20,11,Thursday,trailing_4_week_profile,1000,126,259,0.4864864864864865,Midday,Weekday,0.709035287351683,0.6,0.737548107161693,0.7,0.8230536869309758,0.9
2,2025-02-20,12,Thursday,global_popularity,500,172,259,0.6640926640926641,Midday,Weekday,0.8545847972437133,0.8,0.8735792866801192,0.9,0.9176983522106065,0.85
2,2025-02-20,12,Thursday,zone_hour_profile,500,172,259,0.6640926640926641,Midday,Weekday,0.7986732623871278,0.6,0.8102708842879773,0.7,0.9187908041604537,0.9
2,2025-02-20,12,Thursday,same_hour_last_week,500,172,259,0.6640926640926641,Midday,Weekday,0.7762282792637037,0.6,0.7977477969482112,0.7,0.9078244593794387,0.9
2,2025-02-20,12,Thursday,trailing_4_week_profile,500,172,259,0.6640926640926641,Midday,Weekday,0.7894856168991913,0.6,0.8097046203638798,0.7,0.9167187411493165,0.9
2,2025-02-20,12,Thursday,global_popularity,1000,126,259,0.4864864864864865,Midday,Weekday,0.8545847972437133,0.8,0.8735792866801192,0.9,0.9176983522106065,0.85
2,2025-02-20,12,Thursday,zone_hour_profile,1000,126,259,0.4864864864864865,Midday,Weekday,0.7986732623871278,0.6,0.8102708842879773,0.7,0.9187908041604537,0.9
2,2025-02-20,12,Thursday,same_hour_last_week,1000,126,259,0.4864864864864865,Midday,Weekday,0.7762282792637037,0.6,0.7977477969482112,0.7,0.9078244593794387,0.9
2,2025-02-20,12,Thursday,trailing_4_week_profile,1000,126,259,0.4864864864864865,Midday,Weekday,0.7894856168991913,0.6,0.8097046203638798,0.7,0.9167187411493165,0.9
2,2025-02-20,13,Thursday,global_popularity,500,172,259,0.6640926640926641,Midday,Weekday,0.7830629861725885,0.8,0.8145638802394785,0.7,0.8756686681990904,0.85
2,2025-02-20,13,Thursday,zone_hour_profile,500,172,259,0.6640926640926641,Midday,Weekday,0.6747233073094084,0.6,0.7566390625199589,0.8,0.8498141313808574,0.9
2,2025-02-20,13,Thursday,same_hour_last_week,500,172,259,0.6640926640926641,Midday,Weekday,0.6236972242515079,0.6,0.6829717707395341,0.7,0.8219471130652921,0.9
2,2025-02-20,13,Thursday,trailing_4_week_profile,500,172,259,0.6640926640926641,Midday,Weekday,0.6747233073094084,0.6,0.6995455446811226,0.7,0.8415658560015021,0.9
2,2025-02-20,13,Thursday,global_popularity,1000,126,259,0.4864864864864865,Midday,Weekday,0.7830629861725885,0.8,0.8145638802394785,0.7,0.8756686681990904,0.85
2,2025-02-20,13,Thursday,zone_hour_profile,1000,126,259,0.4864864864864865,Midday,Weekday,0.6747233073094084,0.6,0.7566390625199589,0.8,0.8498141313808574,0.9
2,2025-02-20,13,Thursday,same_hour_last_week,1000,126,259,0.4864864864864865,Midday,Weekday,0.6236972242515079,0.6,0.6829717707395341,0.7,0.8219471130652921,0.9
2,2025-02-20,13,Thursday,trailing_4_week_profile,1000,126,259,0.4864864864864865,Midday,Weekday,0.6747233073094084,0.6,0.6995455446811226,0.7,0.8415658560015021,0.9
2,2025-02-20,14,Thursday,global_popularity,500,172,259,0.6640926640926641,Midday,Weekday,0.7239386896633481,0.8,0.7525211925113187,0.8,0.8276273428465586,0.85
2,2025-02-20,14,Thursday,zone_hour_profile,500,172,259,0.6640926640926641,Midday,Weekday,0.6622286377698635,0.8,0.7910487937720185,0.8,0.8285715079399589,0.95
2,2025-02-20,14,Thursday,same_hour_last_week,500,172,259,0.6640926640926641,Midday,Weekday,0.5468181482891187,0.6,0.7712936748698458,0.8,0.8060027560096289,0.9
2,2025-02-20,14,Thursday,trailing_4_week_profile,500,172,259,0.6640926640926641,Midday,Weekday,0.5726103859355173,0.6,0.7687461534140113,0.8,0.8084217167534278,0.95
2,2025-02-20,14,Thursday,global_popularity,1000,126,259,0.4864864864864865,Midday,Weekday,0.7239386896633481,0.8,0.7525211925113187,0.8,0.8276273428465586,0.85
2,2025-02-20,14,Thursday,zone_hour_profile,1000,126,259,0.4864864864864865,Midday,Weekday,0.6622286377698635,0.8,0.7910487937720185,0.8,0.8285715079399589,0.95
2,2025-02-20,14,Thursday,same_hour_last_week,1000,126,259,0.4864864864864865,Midday,Weekday,0.5468181482891187,0.6,0.7712936748698458,0.8,0.8060027560096289,0.9
2,2025-02-20,14,Thursday,trailing_4_week_profile,1000,126,259,0.4864864864864865,Midday,Weekday,0.5726103859355173,0.6,0.7687461534140113,0.8,0.8084217167534278,0.95
2,2025-02-20,15,Thursday,global_popularity,500,172,259,0.6640926640926641,Midday,Weekday,0.7989857746063764,0.8,0.8178645586317189,0.6,0.8643997749109598,0.85
2,2025-02-20,15,Thursday,zone_hour_profile,500,172,259,0.6640926640926641,Midday,Weekday,0.8132562546309439,0.8,0.886100110308984,0.8,0.9047302075393304,0.95
2,2025-02-20,15,Thursday,same_hour_last_week,500,172,259,0.6640926640926641,Midday,Weekday,0.801609283200454,0.8,0.8718519357226507,0.7,0.8991924129090232,0.95
2,2025-02-20,15,Thursday,trailing_4_week_profile,500,172,259,0.6640926640926641,Midday,Weekday,0.801609283200454,0.8,0.8817386251294486,0.8,0.9002507445272174,0.95
2,2025-02-20,15,Thursday,global_popularity,1000,126,259,0.4864864864864865,Midday,Weekday,0.7989857746063764,0.8,0.8178645586317189,0.6,0.8643997749109598,0.85
2,2025-02-20,15,Thursday,zone_hour_profile,1000,126,259,0.4864864864864865,Midday,Weekday,0.8132562546309439,0.8,0.886100110308984,0.8,0.9047302075393304,0.95
2,2025-02-20,15,Thursday,same_hour_last_week,1000,126,259,0.4864864864864865,Midday,Weekday,0.801609283200454,0.8,0.8718519357226507,0.7,0.8991924129090232,0.95
2,2025-02-20,15,Thursday,trailing_4_week_profile,1000,126,259,0.4864864864864865,Midday,Weekday,0.801609283200454,0.8,0.8817386251294486,0.8,0.9002507445272174,0.95
2,2025-02-20,16,Thursday,global_popularity,500,172,259,0.6640926640926641,Evening,Weekday,0.7601087685454991,0.6,0.7695535676263471,0.7,0.8162732197023803,0.8
2,2025-02-20,16,Thursday,zone_hour_profile,500,172,259,0.6640926640926641,Evening,Weekday,0.7765962390142989,0.8,0.8268292965625492,0.9,0.8565154598638641,0.95
2,2025-02-20,16,Thursday,same_hour_last_week,500,172,259,0.6640926640926641,Evening,Weekday,0.5796356899754902,0.6,0.7877041546918436,0.8,0.8299620477396362,0.95
2,2025-02-20,16,Thursday,trailing_4_week_profile,500,172,259,0.6640926640926641,Evening,Weekday,0.7611880583043393,0.8,0.7743834857004265,0.8,0.8425619515231199,0.95
2,2025-02-20,16,Thursday,global_popularity,1000,126,259,0.4864864864864865,Evening,Weekday,0.7601087685454991,0.6,0.7695535676263471,0.7,0.8162732197023803,0.8
2,2025-02-20,16,Thursday,zone_hour_profile,1000,126,259,0.4864864864864865,Evening,Weekday,0.7765962390142989,0.8,0.8268292965625492,0.9,0.8565154598638641,0.95
2,2025-02-20,16,Thursday,same_hour_last_week,1000,126,259,0.4864864864864865,Evening,Weekday,0.5796356899754902,0.6,0.7877041546918436,0.8,0.8299620477396362,0.95
2,2025-02-20,16,Thursday,trailing_4_week_profile,1000,126,259,0.4864864864864865,Evening,Weekday,0.7611880583043393,0.8,0.7743834857004265,0.8,0.8425619515231199,0.95
2,2025-02-20,17,Thursday,global_popularity,500,172,259,0.6640926640926641,Evening,Weekday,0.8535481548534855,0.6,0.8780073660668485,0.7,0.9068866460271198,0.85
2,2025-02-20,17,Thursday,zone_hour_profile,500,172,259,0.6640926640926641,Evening,Weekday,0.7697220246109997,0.6,0.8767765161020218,0.8,0.9131613510466257,0.9
2,2025-02-20,17,Thursday,same_hour_last_week,500,172,259,0.6640926640926641,Evening,Weekday,0.7775095687567085,0.6,0.7878403706843079,0.7,0.8979243713596503,0.9
2,2025-02-20,17,Thursday,trailing_4_week_profile,500,172,259,0.6640926640926641,Evening,Weekday,0.7797378163463818,0.6,0.8708480527869152,0.8,0.9054855806294991,0.85
2,2025-02-20,17,Thursday,global_popularity,1000,126,259,0.4864864864864865,Evening,Weekday,0.8535481548534855,0.6,0.8780073660668485,0.7,0.9068866460271198,0.85
2,2025-02-20,17,Thursday,zone_hour_profile,1000,126,259,0.4864864864864865,Evening,Weekday,0.7697220246109997,0.6,0.8767765161020218,0.8,0.9131613510466257,0.9
2,2025-02-20,17,Thursday,same_hour_last_week,1000,126,259,0.4864864864864865,Evening,Weekday,0.7775095687567085,0.6,0.7878403706843079,0.7,0.8979243713596503,0.9
2,2025-02-20,17,Thursday,trailing_4_week_profile,1000,126,259,0.4864864864864865,Evening,Weekday,0.7797378163463818,0.6,0.8708480527869152,0.8,0.9054855806294991,0.85
2,2025-02-20,18,Thursday,global_popularity,500,172,259,0.6640926640926641,Evening,Weekday,0.9243264582416044,0.8,0.9578793818049418,0.8,0.9550123870143808,0.85
2,2025-02-20,18,Thursday,zone_hour_profile,500,172,259,0.6640926640926641,Evening,Weekday,0.9326356040171669,0.8,0.9347687723453042,0.9,0.9712558530270547,0.9
2,2025-02-20,18,Thursday,same_hour_last_week,500,172,259,0.6640926640926641,Evening,Weekday,0.9326356040171669,0.8,0.9362337077221979,0.9,0.9277770667395323,0.85
2,2025-02-20,18,Thursday,trailing_4_week_profile,500,172,259,0.6640926640926641,Evening,Weekday,0.924275182072484,0.6,0.9345264189678985,0.9,0.975232985462488,0.95
2,2025-02-20,18,Thursday,global_popularity,1000,126,259,0.4864864864864865,Evening,Weekday,0.9243264582416044,0.8,0.9578793818049418,0.8,0.9550123870143808,0.85
2,2025-02-20,18,Thursday,zone_hour_profile,1000,126,259,0.4864864864864865,Evening,Weekday,0.9326356040171669,0.8,0.9347687723453042,0.9,0.9712558530270547,0.9
2,2025-02-20,18,Thursday,same_hour_last_week,1000,126,259,0.4864864864864865,Evening,Weekday,0.9326356040171669,0.8,0.9362337077221979,0.9,0.9277770667395323,0.85
2,2025-02-20,18,Thursday,trailing_4_week_profile,1000,126,259,0.4864864864864865,Evening,Weekday,0.924275182072484,0.6,0.9345264189678985,0.9,0.975232985462488,0.95
2,2025-02-20,19,Thursday,global_popularity,500,172,259,0.6640926640926641,Evening,Weekday,0.8572715097376495,0.6,0.8825570157407541,0.7,0.9173006649334067,0.85
2,2025-02-20,19,Thursday,zone_hour_profile,500,172,259,0.6640926640926641,Evening,Weekday,0.7834681178579501,0.6,0.8853863157644573,0.9,0.9167086357253347,0.85
2,2025-02-20,19,Thursday,same_hour_last_week,500,172,259,0.6640926640926641,Evening,Weekday,0.7830113029762776,0.6,0.810810340371204,0.8,0.9146311207590455,0.85
2,2025-02-20,19,Thursday,trailing_4_week_profile,500,172,259,0.6640926640926641,Evening,Weekday,0.807532980300311,0.6,0.812948420231724,0.8,0.9145014974728986,0.9
2,2025-02-20,19,Thursday,global_popularity,1000,126,259,0.4864864864864865,Evening,Weekday,0.8572715097376495,0.6,0.8825570157407541,0.7,0.9173006649334067,0.85
2,2025-02-20,19,Thursday,zone_hour_profile,1000,126,259,0.4864864864864865,Evening,Weekday,0.7834681178579501,0.6,0.8853863157644573,0.9,0.9167086357253347,0.85
2,2025-02-20,19,Thursday,same_hour_last_week,1000,126,259,0.4864864864864865,Evening,Weekday,0.7830113029762776,0.6,0.810810340371204,0.8,0.9146311207590455,0.85
2,2025-02-20,19,Thursday,trailing_4_week_profile,1000,126,259,0.4864864864864865,Evening,Weekday,0.807532980300311,0.6,0.812948420231724,0.8,0.9145014974728986,0.9
2,2025-02-20,20,Thursday,global_popularity,500,172,259,0.6640926640926641,Evening,Weekday,0.7985179076249732,0.6,0.8404615803376151,0.7,0.8761104207913306,0.8
2,2025-02-20,20,Thursday,zone_hour_profile,500,172,259,0.6640926640926641,Evening,Weekday,0.7403856028736694,0.6,0.8741097143918833,0.9,0.9027094150887248,0.9
2,2025-02-20,20,Thursday,same_hour_last_week,500,172,259,0.6640926640926641,Evening,Weekday,0.7449437648579548,0.6,0.7763724445711306,0.9,0.8829928624752352,0.9
2,2025-02-20,20,Thursday,trailing_4_week_profile,500,172,259,0.6640926640926641,Evening,Weekday,0.735379733810159,0.6,0.8517760486195024,0.9,0.8848400780465536,0.9
2,2025-02-20,20,Thursday,global_popularity,1000,126,259,0.4864864864864865,Evening,Weekday,0.7985179076249732,0.6,0.8404615803376151,0.7,0.8761104207913306,0.8
2,2025-02-20,20,Thursday,zone_hour_profile,1000,126,259,0.4864864864864865,Evening,Weekday,0.7403856028736694,0.6,0.8741097143918833,0.9,0.9027094150887248,0.9
2,2025-02-20,20,Thursday,same_hour_last_week,1000,126,259,0.4864864864864865,Evening,Weekday,0.7449437648579548,0.6,0.7763724445711306,0.9,0.8829928624752352,0.9
2,2025-02-20,20,Thursday,trailing_4_week_profile,1000,126,259,0.4864864864864865,Evening,Weekday,0.735379733810159,0.6,0.8517760486195024,0.9,0.8848400780465536,0.9
2,2025-02-20,21,Thursday,global_popularity,500,172,259,0.6640926640926641,Late evening,Weekday,0.7926780941499583,0.6,0.8441538874881904,0.7,0.8827255107526543,0.9
2,2025-02-20,21,Thursday,zone_hour_profile,500,172,259,0.6640926640926641,Late evening,Weekday,0.8780546375452385,0.8,0.8936968488788304,0.8,0.9260913208751442,0.95
2,2025-02-20,21,Thursday,same_hour_last_week,500,172,259,0.6640926640926641,Late evening,Weekday,0.7580499372056148,0.6,0.7961440135690344,0.8,0.8802105079841928,0.9
2,2025-02-20,21,Thursday,trailing_4_week_profile,500,172,259,0.6640926640926641,Late evening,Weekday,0.765780999250391,0.6,0.7903278395690582,0.7,0.9029434157821511,0.95
2,2025-02-20,21,Thursday,global_popularity,1000,126,259,0.4864864864864865,Late evening,Weekday,0.7926780941499583,0.6,0.8441538874881904,0.7,0.8827255107526543,0.9
2,2025-02-20,21,Thursday,zone_hour_profile,1000,126,259,0.4864864864864865,Late evening,Weekday,0.8780546375452385,0.8,0.8936968488788304,0.8,0.9260913208751442,0.95
2,2025-02-20,21,Thursday,same_hour_last_week,1000,126,259,0.4864864864864865,Late evening,Weekday,0.7580499372056148,0.6,0.7961440135690344,0.8,0.8802105079841928,0.9
2,2025-02-20,21,Thursday,trailing_4_week_profile,1000,126,259,0.4864864864864865,Late evening,Weekday,0.765780999250391,0.6,0.7903278395690582,0.7,0.9029434157821511,0.95
2,2025-02-20,22,Thursday,global_popularity,500,172,259,0.6640926640926641,Late evening,Weekday,0.6834304917200467,0.6,0.7469883805189556,0.5,0.8207876448010147,0.85
2,2025-02-20,22,Thursday,zone_hour_profile,500,172,259,0.6640926640926641,Late evening,Weekday,0.7508975046310803,0.6,0.8501291674619772,0.7,0.8980178488325674,0.9
2,2025-02-20,22,Thursday,same_hour_last_week,500,172,259,0.6640926640926641,Late evening,Weekday,0.6598671458273375,0.4,0.7847469209743066,0.6,0.8690950395414959,0.95
2,2025-02-20,22,Thursday,trailing_4_week_profile,500,172,259,0.6640926640926641,Late evening,Weekday,0.7192435039403893,0.6,0.7496053427964899,0.6,0.8654411969649971,0.9
2,2025-02-20,22,Thursday,global_popularity,1000,126,259,0.4864864864864865,Late evening,Weekday,0.6834304917200467,0.6,0.7469883805189556,0.5,0.8207876448010147,0.85
2,2025-02-20,22,Thursday,zone_hour_profile,1000,126,259,0.4864864864864865,Late evening,Weekday,0.7508975046310803,0.6,0.8501291674619772,0.7,0.8980178488325674,0.9
2,2025-02-20,22,Thursday,same_hour_last_week,1000,126,259,0.4864864864864865,Late evening,Weekday,0.6598671458273375,0.4,0.7847469209743066,0.6,0.8690950395414959,0.95
2,2025-02-20,22,Thursday,trailing_4_week_profile,1000,126,259,0.4864864864864865,Late evening,Weekday,0.7192435039403893,0.6,0.7496053427964899,0.6,0.8654411969649971,0.9
2,2025-02-20,23,Thursday,global_popularity,500,172,259,0.6640926640926641,Late evening,Weekday,0.46530488870257475,0.4,0.513223099573213,0.5,0.6522432111156444,0.75
2,2025-02-20,23,Thursday,zone_hour_profile,500,172,259,0.6640926640926641,Late evening,Weekday,0.756493881305793,0.8,0.7921908736351656,0.9,0.8253382556428687,0.9
2,2025-02-20,23,Thursday,same_hour_last_week,500,172,259,0.6640926640926641,Late evening,Weekday,0.5757684096284292,0.6,0.7550766476678744,0.9,0.7904962021787099,0.9
2,2025-02-20,23,Thursday,trailing_4_week_profile,500,172,259,0.6640926640926641,Late evening,Weekday,0.46174761713978774,0.4,0.734826070046901,0.9,0.7674835500371596,0.9
2,2025-02-20,23,Thursday,global_popularity,1000,126,259,0.4864864864864865,Late evening,Weekday,0.46530488870257475,0.4,0.513223099573213,0.5,0.6522432111156444,0.75
2,2025-02-20,23,Thursday,zone_hour_profile,1000,126,259,0.4864864864864865,Late evening,Weekday,0.756493881305793,0.8,0.7921908736351656,0.9,0.8253382556428687,0.9
2,2025-02-20,23,Thursday,same_hour_last_week,1000,126,259,0.4864864864864865,Late evening,Weekday,0.5757684096284292,0.6,0.7550766476678744,0.9,0.7904962021787099,0.9
2,2025-02-20,23,Thursday,trailing_4_week_profile,1000,126,259,0.4864864864864865,Late evening,Weekday,0.46174761713978774,0.4,0.734826070046901,0.9,0.7674835500371596,0.9
2,2025-02-21,0,Friday,global_popularity,500,172,259,0.6640926640926641,Overnight,Weekday,0.31318343721263286,0.2,0.3530717700643717,0.4,0.5398237315273963,0.65
2,2025-02-21,0,Friday,zone_hour_profile,500,172,259,0.6640926640926641,Overnight,Weekday,0.626638931324796,0.8,0.8234184322889768,0.9,0.8377084872314763,0.9
2,2025-02-21,0,Friday,same_hour_last_week,500,172,259,0.6640926640926641,Overnight,Weekday,0.5117576001965484,0.8,0.6604863582837847,0.9,0.7008376624856079,0.85
2,2025-02-21,0,Friday,trailing_4_week_profile,500,172,259,0.6640926640926641,Overnight,Weekday,0.47523181272801734,0.8,0.6620056250682815,0.9,0.693285480511329,0.9
2,2025-02-21,0,Friday,global_popularity,1000,126,259,0.4864864864864865,Overnight,Weekday,0.31318343721263286,0.2,0.3530717700643717,0.4,0.5398237315273963,0.65
2,2025-02-21,0,Friday,zone_hour_profile,1000,126,259,0.4864864864864865,Overnight,Weekday,0.626638931324796,0.8,0.8234184322889768,0.9,0.8377084872314763,0.9
2,2025-02-21,0,Friday,same_hour_last_week,1000,126,259,0.4864864864864865,Overnight,Weekday,0.5117576001965484,0.8,0.6604863582837847,0.9,0.7008376624856079,0.85
2,2025-02-21,0,Friday,trailing_4_week_profile,1000,126,259,0.4864864864864865,Overnight,Weekday,0.47523181272801734,0.8,0.6620056250682815,0.9,0.693285480511329,0.9
2,2025-02-21,1,Friday,global_popularity,500,172,259,0.6640926640926641,Overnight,Weekday,0.3395852442883675,0.2,0.36589098396571856,0.2,0.532832899831774,0.65
2,2025-02-21,1,Friday,zone_hour_profile,500,172,259,0.6640926640926641,Overnight,Weekday,0.6932832775364592,0.8,0.7082056863539329,0.7,0.7986650264809982,0.9
2,2025-02-21,1,Friday,same_hour_last_week,500,172,259,0.6640926640926641,Overnight,Weekday,0.7491015967174942,0.8,0.8360265353971005,0.8,0.847366431107929,0.85
2,2025-02-21,1,Friday,trailing_4_week_profile,500,172,259,0.6640926640926641,Overnight,Weekday,0.6800491787065347,0.8,0.6971324502915698,0.7,0.7790775709759814,0.85
2,2025-02-21,1,Friday,global_popularity,1000,126,259,0.4864864864864865,Overnight,Weekday,0.3395852442883675,0.2,0.36589098396571856,0.2,0.532832899831774,0.65
2,2025-02-21,1,Friday,zone_hour_profile,1000,126,259,0.4864864864864865,Overnight,Weekday,0.6932832775364592,0.8,0.7082056863539329,0.7,0.7986650264809982,0.9
2,2025-02-21,1,Friday,same_hour_last_week,1000,126,259,0.4864864864864865,Overnight,Weekday,0.7491015967174942,0.8,0.8360265353971005,0.8,0.847366431107929,0.85
2,2025-02-21,1,Friday,trailing_4_week_profile,1000,126,259,0.4864864864864865,Overnight,Weekday,0.6800491787065347,0.8,0.6971324502915698,0.7,0.7790775709759814,0.85
2,2025-02-21,2,Friday,global_popularity,500,172,259,0.6640926640926641,Overnight,Weekday,0.15910173906068217,0.0,0.2080273379306917,0.0,0.42548705804033055,0.45
2,2025-02-21,2,Friday,zone_hour_profile,500,172,259,0.6640926640926641,Overnight,Weekday,0.8789360644860789,0.8,0.8683288606366689,0.7,0.890856338049071,0.85
2,2025-02-21,2,Friday,same_hour_last_week,500,172,259,0.6640926640926641,Overnight,Weekday,0.842127573826498,0.6,0.8898863217188083,0.8,0.8806685373090076,0.8
2,2025-02-21,2,Friday,trailing_4_week_profile,500,172,259,0.6640926640926641,Overnight,Weekday,0.8919419660761616,0.8,0.8982058735365764,0.8,0.8961402222857422,0.85
2,2025-02-21,2,Friday,global_popularity,1000,126,259,0.4864864864864865,Overnight,Weekday,0.15910173906068217,0.0,0.2080273379306917,0.0,0.42548705804033055,0.45
2,2025-02-21,2,Friday,zone_hour_profile,1000,126,259,0.4864864864864865,Overnight,Weekday,0.8789360644860789,0.8,0.8683288606366689,0.7,0.890856338049071,0.85
2,2025-02-21,2,Friday,same_hour_last_week,1000,126,259,0.4864864864864865,Overnight,Weekday,0.842127573826498,0.6,0.8898863217188083,0.8,0.8806685373090076,0.8
2,2025-02-21,2,Friday,trailing_4_week_profile,1000,126,259,0.4864864864864865,Overnight,Weekday,0.8919419660761616,0.8,0.8982058735365764,0.8,0.8961402222857422,0.85
2,2025-02-21,3,Friday,global_popularity,500,172,259,0.6640926640926641,Overnight,Weekday,0.32547592060942787,0.2,0.33754605630170526,0.3,0.5010358967051319,0.45
2,2025-02-21,3,Friday,zone_hour_profile,500,172,259,0.6640926640926641,Overnight,Weekday,0.8083337543880827,0.8,0.9146601597314241,0.9,0.9027334821655489,0.75
2,2025-02-21,3,Friday,same_hour_last_week,500,172,259,0.6640926640926641,Overnight,Weekday,0.7907150401144801,0.6,0.7881084098117787,0.7,0.7845483892730961,0.65
2,2025-02-21,3,Friday,trailing_4_week_profile,500,172,259,0.6640926640926641,Overnight,Weekday,0.8083337543880827,0.8,0.8190259461117885,0.8,0.8873474332414444,0.75
2,2025-02-21,3,Friday,global_popularity,1000,126,259,0.4864864864864865,Overnight,Weekday,0.32547592060942787,0.2,0.33754605630170526,0.3,0.5010358967051319,0.45
2,2025-02-21,3,Friday,zone_hour_profile,1000,126,259,0.4864864864864865,Overnight,Weekday,0.8083337543880827,0.8,0.9146601597314241,0.9,0.9027334821655489,0.75
2,2025-02-21,3,Friday,same_hour_last_week,1000,126,259,0.4864864864864865,Overnight,Weekday,0.7907150401144801,0.6,0.7881084098117787,0.7,0.7845483892730961,0.65
2,2025-02-21,3,Friday,trailing_4_week_profile,1000,126,259,0.4864864864864865,Overnight,Weekday,0.8083337543880827,0.8,0.8190259461117885,0.8,0.8873474332414444,0.75
2,2025-02-21,4,Friday,global_popularity,500,172,259,0.6640926640926641,Overnight,Weekday,0.4697013386236212,0.4,0.5226083958302532,0.3,0.610756540345696,0.55
2,2025-02-21,4,Friday,zone_hour_profile,500,172,259,0.6640926640926641,Overnight,Weekday,0.6966950045999011,0.6,0.8040678603204302,0.5,0.8264057313758851,0.7
2,2025-02-21,4,Friday,same_hour_last_week,500,172,259,0.6640926640926641,Overnight,Weekday,0.6546700118781221,0.6,0.7664761937471252,0.6,0.7841070568872118,0.7
2,2025-02-21,4,Friday,trailing_4_week_profile,500,172,259,0.6640926640926641,Overnight,Weekday,0.6713257355617538,0.6,0.6718995833647597,0.4,0.7762597377823575,0.65
2,2025-02-21,4,Friday,global_popularity,1000,126,259,0.4864864864864865,Overnight,Weekday,0.4697013386236212,0.4,0.5226083958302532,0.3,0.610756540345696,0.55
2,2025-02-21,4,Friday,zone_hour_profile,1000,126,259,0.4864864864864865,Overnight,Weekday,0.6966950045999011,0.6,0.8040678603204302,0.5,0.8264057313758851,0.7
2,2025-02-21,4,Friday,same_hour_last_week,1000,126,259,0.4864864864864865,Overnight,Weekday,0.6546700118781221,0.6,0.7664761937471252,0.6,0.7841070568872118,0.7
2,2025-02-21,4,Friday,trailing_4_week_profile,1000,126,259,0.4864864864864865,Overnight,Weekday,0.6713257355617538,0.6,0.6718995833647597,0.4,0.7762597377823575,0.65
2,2025-02-21,5,Friday,global_popularity,500,172,259,0.6640926640926641,Overnight,Weekday,0.5124122409247455,0.4,0.5649236067577691,0.6,0.6065482852270158,0.6
2,2025-02-21,5,Friday,zone_hour_profile,500,172,259,0.6640926640926641,Overnight,Weekday,0.9692191973945307,0.8,0.9667899341530256,0.6,0.9814327444567957,0.85
2,2025-02-21,5,Friday,same_hour_last_week,500,172,259,0.6640926640926641,Overnight,Weekday,0.9657507188937494,0.8,0.9720031854393056,0.7,0.9584551188625705,0.7
2,2025-02-21,5,Friday,trailing_4_week_profile,500,172,259,0.6640926640926641,Overnight,Weekday,0.9692191973945307,0.8,0.9795597797468716,0.7,0.9763920830442928,0.8
2,2025-02-21,5,Friday,global_popularity,1000,126,259,0.4864864864864865,Overnight,Weekday,0.5124122409247455,0.4,0.5649236067577691,0.6,0.6065482852270158,0.6
2,2025-02-21,5,Friday,zone_hour_profile,1000,126,259,0.4864864864864865,Overnight,Weekday,0.9692191973945307,0.8,0.9667899341530256,0.6,0.9814327444567957,0.85
2,2025-02-21,5,Friday,same_hour_last_week,1000,126,259,0.4864864864864865,Overnight,Weekday,0.9657507188937494,0.8,0.9720031854393056,0.7,0.9584551188625705,0.7
2,2025-02-21,5,Friday,trailing_4_week_profile,1000,126,259,0.4864864864864865,Overnight,Weekday,0.9692191973945307,0.8,0.9795597797468716,0.7,0.9763920830442928,0.8
2,2025-02-21,6,Friday,global_popularity,500,172,259,0.6640926640926641,Morning,Weekday,0.49711653924673527,0.2,0.542890505438008,0.4,0.6029716185339862,0.75
2,2025-02-21,6,Friday,zone_hour_profile,500,172,259,0.6640926640926641,Morning,Weekday,0.9714913130284043,0.6,0.9904263374524589,1.0,0.9729009346562532,0.8
2,2025-02-21,6,Friday,same_hour_last_week,500,172,259,0.6640926640926641,Morning,Weekday,0.9777235880425951,0.6,0.9805748364969435,0.8,0.9687298506765097,0.8
2,2025-02-21,6,Friday,trailing_4_week_profile,500,172,259,0.6640926640926641,Morning,Weekday,0.9718417276533071,0.6,0.9916513947652135,1.0,0.9741295878331151,0.8
2,2025-02-21,6,Friday,global_popularity,1000,126,259,0.4864864864864865,Morning,Weekday,0.49711653924673527,0.2,0.542890505438008,0.4,0.6029716185339862,0.75
2,2025-02-21,6,Friday,zone_hour_profile,1000,126,259,0.4864864864864865,Morning,Weekday,0.9714913130284043,0.6,0.9904263374524589,1.0,0.9729009346562532,0.8
2,2025-02-21,6,Friday,same_hour_last_week,1000,126,259,0.4864864864864865,Morning,Weekday,0.9777235880425951,0.6,0.9805748364969435,0.8,0.9687298506765097,0.8
2,2025-02-21,6,Friday,trailing_4_week_profile,1000,126,259,0.4864864864864865,Morning,Weekday,0.9718417276533071,0.6,0.9916513947652135,1.0,0.9741295878331151,0.8
2,2025-02-21,7,Friday,global_popularity,500,172,259,0.6640926640926641,Morning,Weekday,0.7008787963026263,0.6,0.7090194126569449,0.6,0.744966204885791,0.7
2,2025-02-21,7,Friday,zone_hour_profile,500,172,259,0.6640926640926641,Morning,Weekday,0.8357095583259895,0.8,0.8662701261943999,0.8,0.8730067789619234,0.9
2,2025-02-21,7,Friday,same_hour_last_week,500,172,259,0.6640926640926641,Morning,Weekday,0.8843687688127101,0.8,0.9027998065917331,0.8,0.8968682876118726,0.85
2,2025-02-21,7,Friday,trailing_4_week_profile,500,172,259,0.6640926640926641,Morning,Weekday,0.8155114940925736,1.0,0.8377846547768556,0.8,0.8439794907903365,0.85
2,2025-02-21,7,Friday,global_popularity,1000,126,259,0.4864864864864865,Morning,Weekday,0.7008787963026263,0.6,0.7090194126569449,0.6,0.744966204885791,0.7
2,2025-02-21,7,Friday,zone_hour_profile,1000,126,259,0.4864864864864865,Morning,Weekday,0.8357095583259895,0.8,0.8662701261943999,0.8,0.8730067789619234,0.9
2,2025-02-21,7,Friday,same_hour_last_week,1000,126,259,0.4864864864864865,Morning,Weekday,0.8843687688127101,0.8,0.9027998065917331,0.8,0.8968682876118726,0.85
2,2025-02-21,7,Friday,trailing_4_week_profile,1000,126,259,0.4864864864864865,Morning,Weekday,0.8155114940925736,1.0,0.8377846547768556,0.8,0.8439794907903365,0.85
2,2025-02-21,8,Friday,global_popularity,500,172,259,0.6640926640926641,Morning,Weekday,0.7685827952567076,0.6,0.7641098186408668,0.5,0.8145183555910486,0.75
2,2025-02-21,8,Friday,zone_hour_profile,500,172,259,0.6640926640926641,Morning,Weekday,0.8437397577500946,0.6,0.858453573663354,0.7,0.898123195845744,0.85
2,2025-02-21,8,Friday,same_hour_last_week,500,172,259,0.6640926640926641,Morning,Weekday,0.8378349718009449,0.6,0.8587778771883371,0.7,0.8888913489061764,0.8
2,2025-02-21,8,Friday,trailing_4_week_profile,500,172,259,0.6640926640926641,Morning,Weekday,0.8437397577500946,0.6,0.8585730216915581,0.7,0.8557119350292772,0.8
2,2025-02-21,8,Friday,global_popularity,1000,126,259,0.4864864864864865,Morning,Weekday,0.7685827952567076,0.6,0.7641098186408668,0.5,0.8145183555910486,0.75
2,2025-02-21,8,Friday,zone_hour_profile,1000,126,259,0.4864864864864865,Morning,Weekday,0.8437397577500946,0.6,0.858453573663354,0.7,0.898123195845744,0.85
2,2025-02-21,8,Friday,same_hour_last_week,1000,126,259,0.4864864864864865,Morning,Weekday,0.8378349718009449,0.6,0.8587778771883371,0.7,0.8888913489061764,0.8
2,2025-02-21,8,Friday,trailing_4_week_profile,1000,126,259,0.4864864864864865,Morning,Weekday,0.8437397577500946,0.6,0.8585730216915581,0.7,0.8557119350292772,0.8
2,2025-02-21,9,Friday,global_popularity,500,172,259,0.6640926640926641,Morning,Weekday,0.7082341353383846,0.6,0.7494288569843393,0.6,0.8211726616012762,0.75
2,2025-02-21,9,Friday,zone_hour_profile,500,172,259,0.6640926640926641,Morning,Weekday,0.6901643824581448,0.6,0.7438821190096541,0.8,0.8698233025859055,0.95
2,2025-02-21,9,Friday,same_hour_last_week,500,172,259,0.6640926640926641,Morning,Weekday,0.6674580740435141,0.4,0.7156485893650165,0.7,0.8602732731734137,0.9
2,2025-02-21,9,Friday,trailing_4_week_profile,500,172,259,0.6640926640926641,Morning,Weekday,0.6623103224477761,0.4,0.7402002225475072,0.8,0.826366124846245,0.9
2,2025-02-21,9,Friday,global_popularity,1000,126,259,0.4864864864864865,Morning,Weekday,0.7082341353383846,0.6,0.7494288569843393,0.6,0.8211726616012762,0.75
2,2025-02-21,9,Friday,zone_hour_profile,1000,126,259,0.4864864864864865,Morning,Weekday,0.6901643824581448,0.6,0.7438821190096541,0.8,0.8698233025859055,0.95
2,2025-02-21,9,Friday,same_hour_last_week,1000,126,259,0.4864864864864865,Morning,Weekday,0.6674580740435141,0.4,0.7156485893650165,0.7,0.8602732731734137,0.9
2,2025-02-21,9,Friday,trailing_4_week_profile,1000,126,259,0.4864864864864865,Morning,Weekday,0.6623103224477761,0.4,0.7402002225475072,0.8,0.826366124846245,0.9
2,2025-02-21,10,Friday,global_popularity,500,172,259,0.6640926640926641,Midday,Weekday,0.6460001247383906,0.6,0.6858720272153082,0.7,0.798017556124808,0.85
2,2025-02-21,10,Friday,zone_hour_profile,500,172,259,0.6640926640926641,Midday,Weekday,0.5772268550028614,0.6,0.7304127669260391,0.7,0.8224329178548003,0.9
2,2025-02-21,10,Friday,same_hour_last_week,500,172,259,0.6640926640926641,Midday,Weekday,0.5442009558181472,0.4,0.7099499330111267,0.8,0.7645364293529825,0.9
2,2025-02-21,10,Friday,trailing_4_week_profile,500,172,259,0.6640926640926641,Midday,Weekday,0.5772268550028614,0.6,0.7134189214620382,0.7,0.8077815073224961,0.9
2,2025-02-21,10,Friday,global_popularity,1000,126,259,0.4864864864864865,Midday,Weekday,0.6460001247383906,0.6,0.6858720272153082,0.7,0.798017556124808,0.85
2,2025-02-21,10,Friday,zone_hour_profile,1000,126,259,0.4864864864864865,Midday,Weekday,0.5772268550028614,0.6,0.7304127669260391,0.7,0.8224329178548003,0.9
2,2025-02-21,10,Friday,same_hour_last_week,1000,126,259,0.4864864864864865,Midday,Weekday,0.5442009558181472,0.4,0.7099499330111267,0.8,0.7645364293529825,0.9
2,2025-02-21,10,Friday,trailing_4_week_profile,1000,126,259,0.4864864864864865,Midday,Weekday,0.5772268550028614,0.6,0.7134189214620382,0.7,0.8077815073224961,0.9
2,2025-02-21,11,Friday,global_popularity,500,172,259,0.6640926640926641,Midday,Weekday,0.7079118672256355,0.6,0.7305057880159604,0.7,0.8268309045663652,0.85
2,2025-02-21,11,Friday,zone_hour_profile,500,172,259,0.6640926640926641,Midday,Weekday,0.6256862242975856,0.4,0.6849181900067607,0.7,0.8424694431620767,0.9
2,2025-02-21,11,Friday,same_hour_last_week,500,172,259,0.6640926640926641,Midday,Weekday,0.6256862242975856,0.4,0.7549105484937858,0.7,0.8455635145704393,0.85
2,2025-02-21,11,Friday,trailing_4_week_profile,500,172,259,0.6640926640926641,Midday,Weekday,0.6242652917474749,0.4,0.6762002411884053,0.6,0.836501437008217,0.9
2,2025-02-21,11,Friday,global_popularity,1000,126,259,0.4864864864864865,Midday,Weekday,0.7079118672256355,0.6,0.7305057880159604,0.7,0.8268309045663652,0.85
2,2025-02-21,11,Friday,zone_hour_profile,1000,126,259,0.4864864864864865,Midday,Weekday,0.6256862242975856,0.4,0.6849181900067607,0.7,0.8424694431620767,0.9
2,2025-02-21,11,Friday,same_hour_last_week,1000,126,259,0.4864864864864865,Midday,Weekday,0.6256862242975856,0.4,0.7549105484937858,0.7,0.8455635145704393,0.85
2,2025-02-21,11,Friday,trailing_4_week_profile,1000,126,259,0.4864864864864865,Midday,Weekday,0.6242652917474749,0.4,0.6762002411884053,0.6,0.836501437008217,0.9
2,2025-02-21,12,Friday,global_popularity,500,172,259,0.6640926640926641,Midday,Weekday,0.6732436368882376,0.8,0.7213039441073328,0.8,0.8090171447566289,0.9
2,2025-02-21,12,Friday,zone_hour_profile,500,172,259,0.6640926640926641,Midday,Weekday,0.5487087388026902,0.6,0.6921685999952336,0.8,0.8083428921071423,0.95
2,2025-02-21,12,Friday,same_hour_last_week,500,172,259,0.6640926640926641,Midday,Weekday,0.6534150001864797,0.8,0.7788000404311638,0.7,0.8305086766339908,0.9
2,2025-02-21,12,Friday,trailing_4_week_profile,500,172,259,0.6640926640926641,Midday,Weekday,0.5594211656193286,0.6,0.6974516451468665,0.8,0.8068699577103393,0.9
2,2025-02-21,12,Friday,global_popularity,1000,126,259,0.4864864864864865,Midday,Weekday,0.6732436368882376,0.8,0.7213039441073328,0.8,0.8090171447566289,0.9
2,2025-02-21,12,Friday,zone_hour_profile,1000,126,259,0.4864864864864865,Midday,Weekday,0.5487087388026902,0.6,0.6921685999952336,0.8,0.8083428921071423,0.95
2,2025-02-21,12,Friday,same_hour_last_week,1000,126,259,0.4864864864864865,Midday,Weekday,0.6534150001864797,0.8,0.7788000404311638,0.7,0.8305086766339908,0.9
2,2025-02-21,12,Friday,trailing_4_week_profile,1000,126,259,0.4864864864864865,Midday,Weekday,0.5594211656193286,0.6,0.6974516451468665,0.8,0.8068699577103393,0.9
2,2025-02-21,13,Friday,global_popularity,500,172,259,0.6640926640926641,Midday,Weekday,0.7309101674004971,0.6,0.7778185983771869,0.8,0.8414063333073839,0.85
2,2025-02-21,13,Friday,zone_hour_profile,500,172,259,0.6640926640926641,Midday,Weekday,0.643960370546265,0.8,0.6987910298446032,0.8,0.8210732896415721,0.9
2,2025-02-21,13,Friday,same_hour_last_week,500,172,259,0.6640926640926641,Midday,Weekday,0.5959428699398435,0.6,0.7317858161644603,0.8,0.8098750313003471,0.85
2,2025-02-21,13,Friday,trailing_4_week_profile,500,172,259,0.6640926640926641,Midday,Weekday,0.5878162955828073,0.6,0.6952521480553469,0.8,0.8108395363475237,0.85
2,2025-02-21,13,Friday,global_popularity,1000,126,259,0.4864864864864865,Midday,Weekday,0.7309101674004971,0.6,0.7778185983771869,0.8,0.8414063333073839,0.85
2,2025-02-21,13,Friday,zone_hour_profile,1000,126,259,0.4864864864864865,Midday,Weekday,0.643960370546265,0.8,0.6987910298446032,0.8,0.8210732896415721,0.9
2,2025-02-21,13,Friday,same_hour_last_week,1000,126,259,0.4864864864864865,Midday,Weekday,0.5959428699398435,0.6,0.7317858161644603,0.8,0.8098750313003471,0.85
2,2025-02-21,13,Friday,trailing_4_week_profile,1000,126,259,0.4864864864864865,Midday,Weekday,0.5878162955828073,0.6,0.6952521480553469,0.8,0.8108395363475237,0.85
2,2025-02-21,14,Friday,global_popularity,500,172,259,0.6640926640926641,Midday,Weekday,0.6711971600745683,0.8,0.7072397880669075,0.7,0.8022988778662413,0.85
2,2025-02-21,14,Friday,zone_hour_profile,500,172,259,0.6640926640926641,Midday,Weekday,0.7746446858139561,1.0,0.798704657744378,0.7,0.8368771319666742,0.95
2,2025-02-21,14,Friday,same_hour_last_week,500,172,259,0.6640926640926641,Midday,Weekday,0.7782873441295237,1.0,0.7918876520467152,0.6,0.8353048624406562,0.9
2,2025-02-21,14,Friday,trailing_4_week_profile,500,172,259,0.6640926640926641,Midday,Weekday,0.7746446858139561,1.0,0.7991006582620397,0.7,0.8370169014473278,0.95
2,2025-02-21,14,Friday,global_popularity,1000,126,259,0.4864864864864865,Midday,Weekday,0.6711971600745683,0.8,0.7072397880669075,0.7,0.8022988778662413,0.85
2,2025-02-21,14,Friday,zone_hour_profile,1000,126,259,0.4864864864864865,Midday,Weekday,0.7746446858139561,1.0,0.798704657744378,0.7,0.8368771319666742,0.95
2,2025-02-21,14,Friday,same_hour_last_week,1000,126,259,0.4864864864864865,Midday,Weekday,0.7782873441295237,1.0,0.7918876520467152,0.6,0.8353048624406562,0.9
2,2025-02-21,14,Friday,trailing_4_week_profile,1000,126,259,0.4864864864864865,Midday,Weekday,0.7746446858139561,1.0,0.7991006582620397,0.7,0.8370169014473278,0.95
2,2025-02-21,15,Friday,global_popularity,500,172,259,0.6640926640926641,Midday,Weekday,0.6954325299624178,0.8,0.7288331759000126,0.7,0.8035805774565956,0.85
2,2025-02-21,15,Friday,zone_hour_profile,500,172,259,0.6640926640926641,Midday,Weekday,0.7003811350755397,0.8,0.8065274694708928,0.7,0.8447474706463604,0.95
2,2025-02-21,15,Friday,same_hour_last_week,500,172,259,0.6640926640926641,Midday,Weekday,0.7917624892389852,1.0,0.8081913227828049,0.7,0.845632110708407,0.95
2,2025-02-21,15,Friday,trailing_4_week_profile,500,172,259,0.6640926640926641,Midday,Weekday,0.7976630959834428,1.0,0.8155622663603237,0.7,0.846643320124332,0.9
2,2025-02-21,15,Friday,global_popularity,1000,126,259,0.4864864864864865,Midday,Weekday,0.6954325299624178,0.8,0.7288331759000126,0.7,0.8035805774565956,0.85
2,2025-02-21,15,Friday,zone_hour_profile,1000,126,259,0.4864864864864865,Midday,Weekday,0.7003811350755397,0.8,0.8065274694708928,0.7,0.8447474706463604,0.95
2,2025-02-21,15,Friday,same_hour_last_week,1000,126,259,0.4864864864864865,Midday,Weekday,0.7917624892389852,1.0,0.8081913227828049,0.7,0.845632110708407,0.95
2,2025-02-21,15,Friday,trailing_4_week_profile,1000,126,259,0.4864864864864865,Midday,Weekday,0.7976630959834428,1.0,0.8155622663603237,0.7,0.846643320124332,0.9
2,2025-02-21,16,Friday,global_popularity,500,172,259,0.6640926640926641,Evening,Weekday,0.6780797786145792,0.8,0.7092220812840487,0.9,0.77402391012375,0.9
2,2025-02-21,16,Friday,zone_hour_profile,500,172,259,0.6640926640926641,Evening,Weekday,0.676329261673552,0.8,0.7504384059365329,0.8,0.7935279369068235,0.95
2,2025-02-21,16,Friday,same_hour_last_week,500,172,259,0.6640926640926641,Evening,Weekday,0.6550459760969363,0.8,0.6832148322104993,0.8,0.7653183412781556,0.9
2,2025-02-21,16,Friday,trailing_4_week_profile,500,172,259,0.6640926640926641,Evening,Weekday,0.676329261673552,0.8,0.69953036853348,0.8,0.7871840950216563,0.95
2,2025-02-21,16,Friday,global_popularity,1000,126,259,0.4864864864864865,Evening,Weekday,0.6780797786145792,0.8,0.7092220812840487,0.9,0.77402391012375,0.9
2,2025-02-21,16,Friday,zone_hour_profile,1000,126,259,0.4864864864864865,Evening,Weekday,0.676329261673552,0.8,0.7504384059365329,0.8,0.7935279369068235,0.95
2,2025-02-21,16,Friday,same_hour_last_week,1000,126,259,0.4864864864864865,Evening,Weekday,0.6550459760969363,0.8,0.6832148322104993,0.8,0.7653183412781556,0.9
2,2025-02-21,16,Friday,trailing_4_week_profile,1000,126,259,0.4864864864864865,Evening,Weekday,0.676329261673552,0.8,0.69953036853348,0.8,0.7871840950216563,0.95
2,2025-02-21,17,Friday,global_popularity,500,172,259,0.6640926640926641,Evening,Weekday,0.8159362312686578,0.6,0.8490856157896672,0.8,0.893440618217078,0.9
2,2025-02-21,17,Friday,zone_hour_profile,500,172,259,0.6640926640926641,Evening,Weekday,0.8388982793454626,0.8,0.8373370800565257,0.7,0.9001750689642927,0.9
2,2025-02-21,17,Friday,same_hour_last_week,500,172,259,0.6640926640926641,Evening,Weekday,0.7011607431713786,0.6,0.8314069069358978,0.8,0.8883421335325482,0.9
2,2025-02-21,17,Friday,trailing_4_week_profile,500,172,259,0.6640926640926641,Evening,Weekday,0.7170685047444273,0.6,0.828127959996981,0.8,0.8892852379910356,0.9
2,2025-02-21,17,Friday,global_popularity,1000,126,259,0.4864864864864865,Evening,Weekday,0.8159362312686578,0.6,0.8490856157896672,0.8,0.893440618217078,0.9
2,2025-02-21,17,Friday,zone_hour_profile,1000,126,259,0.4864864864864865,Evening,Weekday,0.8388982793454626,0.8,0.8373370800565257,0.7,0.9001750689642927,0.9
2,2025-02-21,17,Friday,same_hour_last_week,1000,126,259,0.4864864864864865,Evening,Weekday,0.7011607431713786,0.6,0.8314069069358978,0.8,0.8883421335325482,0.9
2,2025-02-21,17,Friday,trailing_4_week_profile,1000,126,259,0.4864864864864865,Evening,Weekday,0.7170685047444273,0.6,0.828127959996981,0.8,0.8892852379910356,0.9
2,2025-02-21,18,Friday,global_popularity,500,172,259,0.6640926640926641,Evening,Weekday,0.8149377115005941,0.6,0.8542737196299796,0.8,0.9043450511977376,0.85
2,2025-02-21,18,Friday,zone_hour_profile,500,172,259,0.6640926640926641,Evening,Weekday,0.7500863614857535,0.6,0.7697040479398249,0.8,0.8555785238597853,0.95
2,2025-02-21,18,Friday,same_hour_last_week,500,172,259,0.6640926640926641,Evening,Weekday,0.7177388927461357,0.6,0.7627793045164188,0.7,0.8364996156074589,0.85
2,2025-02-21,18,Friday,trailing_4_week_profile,500,172,259,0.6640926640926641,Evening,Weekday,0.7500863614857535,0.6,0.7695829144640276,0.8,0.8495349513360482,0.95
2,2025-02-21,18,Friday,global_popularity,1000,126,259,0.4864864864864865,Evening,Weekday,0.8149377115005941,0.6,0.8542737196299796,0.8,0.9043450511977376,0.85
2,2025-02-21,18,Friday,zone_hour_profile,1000,126,259,0.4864864864864865,Evening,Weekday,0.7500863614857535,0.6,0.7697040479398249,0.8,0.8555785238597853,0.95
2,2025-02-21,18,Friday,same_hour_last_week,1000,126,259,0.4864864864864865,Evening,Weekday,0.7177388927461357,0.6,0.7627793045164188,0.7,0.8364996156074589,0.85
2,2025-02-21,18,Friday,trailing_4_week_profile,1000,126,259,0.4864864864864865,Evening,Weekday,0.7500863614857535,0.6,0.7695829144640276,0.8,0.8495349513360482,0.95
2,2025-02-21,19,Friday,global_popularity,500,172,259,0.6640926640926641,Evening,Weekday,0.7044548047052575,0.6,0.7523573479737649,0.7,0.8288824741121092,0.85
2,2025-02-21,19,Friday,zone_hour_profile,500,172,259,0.6640926640926641,Evening,Weekday,0.7093174290034213,0.8,0.7541884399971844,0.8,0.8241423910100099,0.95
2,2025-02-21,19,Friday,same_hour_last_week,500,172,259,0.6640926640926641,Evening,Weekday,0.4296568821250297,0.2,0.5495639068269814,0.7,0.7024233314195998,0.9
2,2025-02-21,19,Friday,trailing_4_week_profile,500,172,259,0.6640926640926641,Evening,Weekday,0.552956794213156,0.6,0.7232847710832436,0.8,0.7676511804547849,0.95
2,2025-02-21,19,Friday,global_popularity,1000,126,259,0.4864864864864865,Evening,Weekday,0.7044548047052575,0.6,0.7523573479737649,0.7,0.8288824741121092,0.85
2,2025-02-21,19,Friday,zone_hour_profile,1000,126,259,0.4864864864864865,Evening,Weekday,0.7093174290034213,0.8,0.7541884399971844,0.8,0.8241423910100099,0.95
2,2025-02-21,19,Friday,same_hour_last_week,1000,126,259,0.4864864864864865,Evening,Weekday,0.4296568821250297,0.2,0.5495639068269814,0.7,0.7024233314195998,0.9
2,2025-02-21,19,Friday,trailing_4_week_profile,1000,126,259,0.4864864864864865,Evening,Weekday,0.552956794213156,0.6,0.7232847710832436,0.8,0.7676511804547849,0.95
2,2025-02-21,20,Friday,global_popularity,500,172,259,0.6640926640926641,Evening,Weekday,0.6666367587937023,0.8,0.7022070962017011,0.7,0.7968502991276316,0.85
2,2025-02-21,20,Friday,zone_hour_profile,500,172,259,0.6640926640926641,Evening,Weekday,0.7478631162931223,0.8,0.7808343136588535,0.7,0.8582595848158754,0.9
2,2025-02-21,20,Friday,same_hour_last_week,500,172,259,0.6640926640926641,Evening,Weekday,0.42060275638056355,0.4,0.5060193511210171,0.5,0.6845678133252793,0.9
2,2025-02-21,20,Friday,trailing_4_week_profile,500,172,259,0.6640926640926641,Evening,Weekday,0.46586172146992333,0.4,0.6851509067350348,0.7,0.7760713422372091,0.9
2,2025-02-21,20,Friday,global_popularity,1000,126,259,0.4864864864864865,Evening,Weekday,0.6666367587937023,0.8,0.7022070962017011,0.7,0.7968502991276316,0.85
2,2025-02-21,20,Friday,zone_hour_profile,1000,126,259,0.4864864864864865,Evening,Weekday,0.7478631162931223,0.8,0.7808343136588535,0.7,0.8582595848158754,0.9
2,2025-02-21,20,Friday,same_hour_last_week,1000,126,259,0.4864864864864865,Evening,Weekday,0.42060275638056355,0.4,0.5060193511210171,0.5,0.6845678133252793,0.9
2,2025-02-21,20,Friday,trailing_4_week_profile,1000,126,259,0.4864864864864865,Evening,Weekday,0.46586172146992333,0.4,0.6851509067350348,0.7,0.7760713422372091,0.9
2,2025-02-21,21,Friday,global_popularity,500,172,259,0.6640926640926641,Late evening,Weekday,0.6304059944513638,0.4,0.6591267422925909,0.5,0.7717714627726731,0.85
2,2025-02-21,21,Friday,zone_hour_profile,500,172,259,0.6640926640926641,Late evening,Weekday,0.7409708294502186,0.6,0.7810728575738682,0.8,0.8524719949979743,0.9
2,2025-02-21,21,Friday,same_hour_last_week,500,172,259,0.6640926640926641,Late evening,Weekday,0.5335832354131183,0.6,0.6973588047940987,0.8,0.778153588057635,0.85
2,2025-02-21,21,Friday,trailing_4_week_profile,500,172,259,0.6640926640926641,Late evening,Weekday,0.6052007432144867,0.6,0.7588430008443053,0.8,0.8276348039224976,0.9
2,2025-02-21,21,Friday,global_popularity,1000,126,259,0.4864864864864865,Late evening,Weekday,0.6304059944513638,0.4,0.6591267422925909,0.5,0.7717714627726731,0.85
2,2025-02-21,21,Friday,zone_hour_profile,1000,126,259,0.4864864864864865,Late evening,Weekday,0.7409708294502186,0.6,0.7810728575738682,0.8,0.8524719949979743,0.9
2,2025-02-21,21,Friday,same_hour_last_week,1000,126,259,0.4864864864864865,Late evening,Weekday,0.5335832354131183,0.6,0.6973588047940987,0.8,0.778153588057635,0.85
2,2025-02-21,21,Friday,trailing_4_week_profile,1000,126,259,0.4864864864864865,Late evening,Weekday,0.6052007432144867,0.6,0.7588430008443053,0.8,0.8276348039224976,0.9
2,2025-02-21,22,Friday,global_popularity,500,172,259,0.6640926640926641,Late evening,Weekday,0.5644985899928852,0.4,0.6059544707778718,0.5,0.739669163457379,0.8
2,2025-02-21,22,Friday,zone_hour_profile,500,172,259,0.6640926640926641,Late evening,Weekday,0.7409377646097338,0.6,0.8354318207008452,0.8,0.8582242884275658,0.85
2,2025-02-21,22,Friday,same_hour_last_week,500,172,259,0.6640926640926641,Late evening,Weekday,0.6296467600895979,0.4,0.6893432140678111,0.7,0.794251871054884,0.85
2,2025-02-21,22,Friday,trailing_4_week_profile,500,172,259,0.6640926640926641,Late evening,Weekday,0.7248467484981234,0.6,0.7479049599513943,0.8,0.8401604255526061,0.85
2,2025-02-21,22,Friday,global_popularity,1000,126,259,0.4864864864864865,Late evening,Weekday,0.5644985899928852,0.4,0.6059544707778718,0.5,0.739669163457379,0.8
2,2025-02-21,22,Friday,zone_hour_profile,1000,126,259,0.4864864864864865,Late evening,Weekday,0.7409377646097338,0.6,0.8354318207008452,0.8,0.8582242884275658,0.85
2,2025-02-21,22,Friday,same_hour_last_week,1000,126,259,0.4864864864864865,Late evening,Weekday,0.6296467600895979,0.4,0.6893432140678111,0.7,0.794251871054884,0.85
2,2025-02-21,22,Friday,trailing_4_week_profile,1000,126,259,0.4864864864864865,Late evening,Weekday,0.7248467484981234,0.6,0.7479049599513943,0.8,0.8401604255526061,0.85
2,2025-02-21,23,Friday,global_popularity,500,172,259,0.6640926640926641,Late evening,Weekday,0.4184634065496436,0.2,0.45103691314100575,0.3,0.6206233611148524,0.6
2,2025-02-21,23,Friday,zone_hour_profile,500,172,259,0.6640926640926641,Late evening,Weekday,0.7158266671397754,0.6,0.8313338203396216,0.8,0.8502092294702381,0.85
2,2025-02-21,23,Friday,same_hour_last_week,500,172,259,0.6640926640926641,Late evening,Weekday,0.6658464173829329,0.4,0.813204275171641,0.8,0.8346091616594128,0.85
2,2025-02-21,23,Friday,trailing_4_week_profile,500,172,259,0.6640926640926641,Late evening,Weekday,0.7138063601470899,0.6,0.7349722170385933,0.7,0.8386850867905521,0.85
2,2025-02-21,23,Friday,global_popularity,1000,126,259,0.4864864864864865,Late evening,Weekday,0.4184634065496436,0.2,0.45103691314100575,0.3,0.6206233611148524,0.6
2,2025-02-21,23,Friday,zone_hour_profile,1000,126,259,0.4864864864864865,Late evening,Weekday,0.7158266671397754,0.6,0.8313338203396216,0.8,0.8502092294702381,0.85
2,2025-02-21,23,Friday,same_hour_last_week,1000,126,259,0.4864864864864865,Late evening,Weekday,0.6658464173829329,0.4,0.813204275171641,0.8,0.8346091616594128,0.85
2,2025-02-21,23,Friday,trailing_4_week_profile,1000,126,259,0.4864864864864865,Late evening,Weekday,0.7138063601470899,0.6,0.7349722170385933,0.7,0.8386850867905521,0.85
2,2025-02-22,0,Saturday,global_popularity,500,172,259,0.6640926640926641,Overnight,Weekend,0.25376729856427516,0.2,0.30048352087870384,0.2,0.4888753613258447,0.55
2,2025-02-22,0,Saturday,zone_hour_profile,500,172,259,0.6640926640926641,Overnight,Weekend,0.9028014969204613,0.8,0.9048546947671361,0.9,0.9537290212032462,0.9
2,2025-02-22,0,Saturday,same_hour_last_week,500,172,259,0.6640926640926641,Overnight,Weekend,0.9028014969204613,0.8,0.8736950768434537,0.7,0.8934984902118024,0.85
2,2025-02-22,0,Saturday,trailing_4_week_profile,500,172,259,0.6640926640926641,Overnight,Weekend,0.9028014969204613,0.8,0.904792740556862,0.9,0.9045621706745953,0.9
2,2025-02-22,0,Saturday,global_popularity,1000,126,259,0.4864864864864865,Overnight,Weekend,0.25376729856427516,0.2,0.30048352087870384,0.2,0.4888753613258447,0.55
2,2025-02-22,0,Saturday,zone_hour_profile,1000,126,259,0.4864864864864865,Overnight,Weekend,0.9028014969204613,0.8,0.9048546947671361,0.9,0.9537290212032462,0.9
2,2025-02-22,0,Saturday,same_hour_last_week,1000,126,259,0.4864864864864865,Overnight,Weekend,0.9028014969204613,0.8,0.8736950768434537,0.7,0.8934984902118024,0.85
2,2025-02-22,0,Saturday,trailing_4_week_profile,1000,126,259,0.4864864864864865,Overnight,Weekend,0.9028014969204613,0.8,0.904792740556862,0.9,0.9045621706745953,0.9
2,2025-02-22,1,Saturday,global_popularity,500,172,259,0.6640926640926641,Overnight,Weekend,0.10510216147916229,0.0,0.14618458451078867,0.2,0.34457814302050677,0.45
2,2025-02-22,1,Saturday,zone_hour_profile,500,172,259,0.6640926640926641,Overnight,Weekend,0.999561712258656,1.0,0.9874685752951169,0.9,0.9799147794530677,0.95
2,2025-02-22,1,Saturday,same_hour_last_week,500,172,259,0.6640926640926641,Overnight,Weekend,1.0,1.0,0.9741110857648443,0.8,0.9759998028347612,0.9
2,2025-02-22,1,Saturday,trailing_4_week_profile,500,172,259,0.6640926640926641,Overnight,Weekend,1.0,1.0,0.9878438243660818,0.9,0.9799683173319851,0.95
2,2025-02-22,1,Saturday,global_popularity,1000,126,259,0.4864864864864865,Overnight,Weekend,0.10510216147916229,0.0,0.14618458451078867,0.2,0.34457814302050677,0.45
2,2025-02-22,1,Saturday,zone_hour_profile,1000,126,259,0.4864864864864865,Overnight,Weekend,0.999561712258656,1.0,0.9874685752951169,0.9,0.9799147794530677,0.95
2,2025-02-22,1,Saturday,same_hour_last_week,1000,126,259,0.4864864864864865,Overnight,Weekend,1.0,1.0,0.9741110857648443,0.8,0.9759998028347612,0.9
2,2025-02-22,1,Saturday,trailing_4_week_profile,1000,126,259,0.4864864864864865,Overnight,Weekend,1.0,1.0,0.9878438243660818,0.9,0.9799683173319851,0.95
2,2025-02-22,2,Saturday,global_popularity,500,172,259,0.6640926640926641,Overnight,Weekend,0.07441970445876778,0.0,0.09530329003222875,0.1,0.2879152092219377,0.4
2,2025-02-22,2,Saturday,zone_hour_profile,500,172,259,0.6640926640926641,Overnight,Weekend,1.0,1.0,0.9911363060454192,0.8,0.9846814554438124,0.9
2,2025-02-22,2,Saturday,same_hour_last_week,500,172,259,0.6640926640926641,Overnight,Weekend,0.9932856635949263,0.8,0.9828615242041114,0.8,0.9815584621964947,0.95
2,2025-02-22,2,Saturday,trailing_4_week_profile,500,172,259,0.6640926640926641,Overnight,Weekend,1.0,1.0,0.9912579219374105,0.8,0.9847169050633605,0.9
2,2025-02-22,2,Saturday,global_popularity,1000,126,259,0.4864864864864865,Overnight,Weekend,0.07441970445876778,0.0,0.09530329003222875,0.1,0.2879152092219377,0.4
2,2025-02-22,2,Saturday,zone_hour_profile,1000,126,259,0.4864864864864865,Overnight,Weekend,1.0,1.0,0.9911363060454192,0.8,0.9846814554438124,0.9
2,2025-02-22,2,Saturday,same_hour_last_week,1000,126,259,0.4864864864864865,Overnight,Weekend,0.9932856635949263,0.8,0.9828615242041114,0.8,0.9815584621964947,0.95
2,2025-02-22,2,Saturday,trailing_4_week_profile,1000,126,259,0.4864864864864865,Overnight,Weekend,1.0,1.0,0.9912579219374105,0.8,0.9847169050633605,0.9
2,2025-02-22,3,Saturday,global_popularity,500,172,259,0.6640926640926641,Overnight,Weekend,0.06820436583295358,0.0,0.0831285506196399,0.0,0.25574472420127653,0.35
2,2025-02-22,3,Saturday,zone_hour_profile,500,172,259,0.6640926640926641,Overnight,Weekend,0.952938800295878,1.0,0.9469418060007742,0.8,0.9386198041205284,0.85
2,2025-02-22,3,Saturday,same_hour_last_week,500,172,259,0.6640926640926641,Overnight,Weekend,0.9302913804117213,1.0,0.9333452564640061,0.9,0.922319440935645,0.85
2,2025-02-22,3,Saturday,trailing_4_week_profile,500,172,259,0.6640926640926641,Overnight,Weekend,0.952938800295878,1.0,0.947909333799617,0.8,0.9396040291164671,0.85
2,2025-02-22,3,Saturday,global_popularity,1000,126,259,0.4864864864864865,Overnight,Weekend,0.06820436583295358,0.0,0.0831285506196399,0.0,0.25574472420127653,0.35
2,2025-02-22,3,Saturday,zone_hour_profile,1000,126,259,0.4864864864864865,Overnight,Weekend,0.952938800295878,1.0,0.9469418060007742,0.8,0.9386198041205284,0.85
2,2025-02-22,3,Saturday,same_hour_last_week,1000,126,259,0.4864864864864865,Overnight,Weekend,0.9302913804117213,1.0,0.9333452564640061,0.9,0.922319440935645,0.85
2,2025-02-22,3,Saturday,trailing_4_week_profile,1000,126,259,0.4864864864864865,Overnight,Weekend,0.952938800295878,1.0,0.947909333799617,0.8,0.9396040291164671,0.85
2,2025-02-22,4,Saturday,global_popularity,500,172,259,0.6640926640926641,Overnight,Weekend,0.19471420933070793,0.0,0.22859391168257584,0.0,0.43596735715221896,0.5
2,2025-02-22,4,Saturday,zone_hour_profile,500,172,259,0.6640926640926641,Overnight,Weekend,0.9958829307393435,1.0,0.9862208638803105,0.8,0.9516541848296429,0.75
2,2025-02-22,4,Saturday,same_hour_last_week,500,172,259,0.6640926640926641,Overnight,Weekend,0.9969034750009407,1.0,0.9543691246100333,0.6,0.9676969807623442,0.85
2,2025-02-22,4,Saturday,trailing_4_week_profile,500,172,259,0.6640926640926641,Overnight,Weekend,0.9958829307393435,1.0,0.9862208638803105,0.8,0.9499408348794287,0.75
2,2025-02-22,4,Saturday,global_popularity,1000,126,259,0.4864864864864865,Overnight,Weekend,0.19471420933070793,0.0,0.22859391168257584,0.0,0.43596735715221896,0.5
2,2025-02-22,4,Saturday,zone_hour_profile,1000,126,259,0.4864864864864865,Overnight,Weekend,0.9958829307393435,1.0,0.9862208638803105,0.8,0.9516541848296429,0.75
2,2025-02-22,4,Saturday,same_hour_last_week,1000,126,259,0.4864864864864865,Overnight,Weekend,0.9969034750009407,1.0,0.9543691246100333,0.6,0.9676969807623442,0.85
2,2025-02-22,4,Saturday,trailing_4_week_profile,1000,126,259,0.4864864864864865,Overnight,Weekend,0.9958829307393435,1.0,0.9862208638803105,0.8,0.9499408348794287,0.75
2,2025-02-22,5,Saturday,global_popularity,500,172,259,0.6640926640926641,Overnight,Weekend,0.5336328295474878,0.4,0.5512545554351859,0.4,0.5707242731205403,0.55
2,2025-02-22,5,Saturday,zone_hour_profile,500,172,259,0.6640926640926641,Overnight,Weekend,0.9459041401094272,0.2,0.9619747493629497,0.8,0.9303253720952807,0.65
2,2025-02-22,5,Saturday,same_hour_last_week,500,172,259,0.6640926640926641,Overnight,Weekend,0.9586074501850217,0.4,0.9551210560078224,0.7,0.9266785885374874,0.65
2,2025-02-22,5,Saturday,trailing_4_week_profile,500,172,259,0.6640926640926641,Overnight,Weekend,0.9801296066361517,0.4,0.940758760291869,0.6,0.9304136982805538,0.6
2,2025-02-22,5,Saturday,global_popularity,1000,126,259,0.4864864864864865,Overnight,Weekend,0.5336328295474878,0.4,0.5512545554351859,0.4,0.5707242731205403,0.55
2,2025-02-22,5,Saturday,zone_hour_profile,1000,126,259,0.4864864864864865,Overnight,Weekend,0.9459041401094272,0.2,0.9619747493629497,0.8,0.9303253720952807,0.65
2,2025-02-22,5,Saturday,same_hour_last_week,1000,126,259,0.4864864864864865,Overnight,Weekend,0.9586074501850217,0.4,0.9551210560078224,0.7,0.9266785885374874,0.65
2,2025-02-22,5,Saturday,trailing_4_week_profile,1000,126,259,0.4864864864864865,Overnight,Weekend,0.9801296066361517,0.4,0.940758760291869,0.6,0.9304136982805538,0.6
2,2025-02-22,6,Saturday,global_popularity,500,172,259,0.6640926640926641,Morning,Weekend,0.4706170620839306,0.4,0.5218787462785606,0.5,0.5700386130435474,0.7
2,2025-02-22,6,Saturday,zone_hour_profile,500,172,259,0.6640926640926641,Morning,Weekend,0.9676408030885224,0.4,0.9437842683885882,0.5,0.9619080829541119,0.75
2,2025-02-22,6,Saturday,same_hour_last_week,500,172,259,0.6640926640926641,Morning,Weekend,0.9660111396359027,0.6,0.9425159497067075,0.5,0.9508113764074744,0.65
2,2025-02-22,6,Saturday,trailing_4_week_profile,500,172,259,0.6640926640926641,Morning,Weekend,0.9533326454701213,0.4,0.9401547564356921,0.5,0.9592382251699224,0.75
2,2025-02-22,6,Saturday,global_popularity,1000,126,259,0.4864864864864865,Morning,Weekend,0.4706170620839306,0.4,0.5218787462785606,0.5,0.5700386130435474,0.7
2,2025-02-22,6,Saturday,zone_hour_profile,1000,126,259,0.4864864864864865,Morning,Weekend,0.9676408030885224,0.4,0.9437842683885882,0.5,0.9619080829541119,0.75
2,2025-02-22,6,Saturday,same_hour_last_week,1000,126,259,0.4864864864864865,Morning,Weekend,0.9660111396359027,0.6,0.9425159497067075,0.5,0.9508113764074744,0.65
2,2025-02-22,6,Saturday,trailing_4_week_profile,1000,126,259,0.4864864864864865,Morning,Weekend,0.9533326454701213,0.4,0.9401547564356921,0.5,0.9592382251699224,0.75
2,2025-02-22,7,Saturday,global_popularity,500,172,259,0.6640926640926641,Morning,Weekend,0.5884376303597991,0.6,0.6137658276025806,0.6,0.6485937780919375,0.7
2,2025-02-22,7,Saturday,zone_hour_profile,500,172,259,0.6640926640926641,Morning,Weekend,0.972907893593351,0.6,0.9635206241785568,0.6,0.9730702648245371,0.85
2,2025-02-22,7,Saturday,same_hour_last_week,500,172,259,0.6640926640926641,Morning,Weekend,0.9524951312811245,0.4,0.9425158208195201,0.6,0.9684526179082024,0.9
2,2025-02-22,7,Saturday,trailing_4_week_profile,500,172,259,0.6640926640926641,Morning,Weekend,0.9723589343757045,0.6,0.9685886049523322,0.6,0.9743220578100132,0.85
2,2025-02-22,7,Saturday,global_popularity,1000,126,259,0.4864864864864865,Morning,Weekend,0.5884376303597991,0.6,0.6137658276025806,0.6,0.6485937780919375,0.7
2,2025-02-22,7,Saturday,zone_hour_profile,1000,126,259,0.4864864864864865,Morning,Weekend,0.972907893593351,0.6,0.9635206241785568,0.6,0.9730702648245371,0.85
2,2025-02-22,7,Saturday,same_hour_last_week,1000,126,259,0.4864864864864865,Morning,Weekend,0.9524951312811245,0.4,0.9425158208195201,0.6,0.9684526179082024,0.9
2,2025-02-22,7,Saturday,trailing_4_week_profile,1000,126,259,0.4864864864864865,Morning,Weekend,0.9723589343757045,0.6,0.9685886049523322,0.6,0.9743220578100132,0.85
2,2025-02-22,8,Saturday,global_popularity,500,172,259,0.6640926640926641,Morning,Weekend,0.5830317062981837,0.6,0.618450693634878,0.6,0.6601603384720425,0.7
2,2025-02-22,8,Saturday,zone_hour_profile,500,172,259,0.6640926640926641,Morning,Weekend,0.9675905733149704,0.6,0.9904830287343415,0.9,0.9859934441424416,0.9
2,2025-02-22,8,Saturday,same_hour_last_week,500,172,259,0.6640926640926641,Morning,Weekend,0.9555685889651894,0.6,0.9641418679041796,0.7,0.9779025981070844,0.9
2,2025-02-22,8,Saturday,trailing_4_week_profile,500,172,259,0.6640926640926641,Morning,Weekend,0.6859907999421451,0.8,0.7221729652926766,0.8,0.7669876898237622,0.9
2,2025-02-22,8,Saturday,global_popularity,1000,126,259,0.4864864864864865,Morning,Weekend,0.5830317062981837,0.6,0.618450693634878,0.6,0.6601603384720425,0.7
2,2025-02-22,8,Saturday,zone_hour_profile,1000,126,259,0.4864864864864865,Morning,Weekend,0.9675905733149704,0.6,0.9904830287343415,0.9,0.9859934441424416,0.9
2,2025-02-22,8,Saturday,same_hour_last_week,1000,126,259,0.4864864864864865,Morning,Weekend,0.9555685889651894,0.6,0.9641418679041796,0.7,0.9779025981070844,0.9
2,2025-02-22,8,Saturday,trailing_4_week_profile,1000,126,259,0.4864864864864865,Morning,Weekend,0.6859907999421451,0.8,0.7221729652926766,0.8,0.7669876898237622,0.9
2,2025-02-22,9,Saturday,global_popularity,500,172,259,0.6640926640926641,Morning,Weekend,0.5908098666606099,0.8,0.6216954844020816,0.7,0.6735547436010474,0.75
2,2025-02-22,9,Saturday,zone_hour_profile,500,172,259,0.6640926640926641,Morning,Weekend,0.33168428890122,0.4,0.4039989392145424,0.4,0.6212201497759284,0.95
2,2025-02-22,9,Saturday,same_hour_last_week,500,172,259,0.6640926640926641,Morning,Weekend,0.32998977427721926,0.4,0.40635317551823386,0.5,0.6258176726375427,0.95
2,2025-02-22,9,Saturday,trailing_4_week_profile,500,172,259,0.6640926640926641,Morning,Weekend,0.3317893484089247,0.4,0.398706170999458,0.4,0.6078278763216094,0.95
2,2025-02-22,9,Saturday,global_popularity,1000,126,259,0.4864864864864865,Morning,Weekend,0.5908098666606099,0.8,0.6216954844020816,0.7,0.6735547436010474,0.75
2,2025-02-22,9,Saturday,zone_hour_profile,1000,126,259,0.4864864864864865,Morning,Weekend,0.33168428890122,0.4,0.4039989392145424,0.4,0.6212201497759284,0.95
2,2025-02-22,9,Saturday,same_hour_last_week,1000,126,259,0.4864864864864865,Morning,Weekend,0.32998977427721926,0.4,0.40635317551823386,0.5,0.6258176726375427,0.95
2,2025-02-22,9,Saturday,trailing_4_week_profile,1000,126,259,0.4864864864864865,Morning,Weekend,0.3317893484089247,0.4,0.398706170999458,0.4,0.6078278763216094,0.95
2,2025-02-22,10,Saturday,global_popularity,500,172,259,0.6640926640926641,Midday,Weekend,0.5835816353553102,0.6,0.6294851717297939,0.7,0.7364022933127274,0.8
2,2025-02-22,10,Saturday,zone_hour_profile,500,172,259,0.6640926640926641,Midday,Weekend,0.4244283253960704,0.6,0.49930568121869484,0.8,0.5671719049984084,0.85
2,2025-02-22,10,Saturday,same_hour_last_week,500,172,259,0.6640926640926641,Midday,Weekend,0.40552144495930026,0.4,0.49590039483200804,0.8,0.6193896701073981,0.9
2,2025-02-22,10,Saturday,trailing_4_week_profile,500,172,259,0.6640926640926641,Midday,Weekend,0.4059190159026039,0.4,0.4939303121296214,0.8,0.5622948860740553,0.85
2,2025-02-22,10,Saturday,global_popularity,1000,126,259,0.4864864864864865,Midday,Weekend,0.5835816353553102,0.6,0.6294851717297939,0.7,0.7364022933127274,0.8
2,2025-02-22,10,Saturday,zone_hour_profile,1000,126,259,0.4864864864864865,Midday,Weekend,0.4244283253960704,0.6,0.49930568121869484,0.8,0.5671719049984084,0.85
2,2025-02-22,10,Saturday,same_hour_last_week,1000,126,259,0.4864864864864865,Midday,Weekend,0.40552144495930026,0.4,0.49590039483200804,0.8,0.6193896701073981,0.9
2,2025-02-22,10,Saturday,trailing_4_week_profile,1000,126,259,0.4864864864864865,Midday,Weekend,0.4059190159026039,0.4,0.4939303121296214,0.8,0.5622948860740553,0.85
2,2025-02-22,11,Saturday,global_popularity,500,172,259,0.6640926640926641,Midday,Weekend,0.7053318263711426,0.6,0.7404419781678643,0.7,0.7963877458707218,0.8
2,2025-02-22,11,Saturday,zone_hour_profile,500,172,259,0.6640926640926641,Midday,Weekend,0.5366732435990884,0.6,0.600917445875701,0.8,0.6829139741117177,0.95
2,2025-02-22,11,Saturday,same_hour_last_week,500,172,259,0.6640926640926641,Midday,Weekend,0.5272828566738409,0.6,0.5931695203936904,0.8,0.7539557965163509,0.85
2,2025-02-22,11,Saturday,trailing_4_week_profile,500,172,259,0.6640926640926641,Midday,Weekend,0.535145178568899,0.6,0.5875943533138107,0.7,0.6575597735862831,0.9
2,2025-02-22,11,Saturday,global_popularity,1000,126,259,0.4864864864864865,Midday,Weekend,0.7053318263711426,0.6,0.7404419781678643,0.7,0.7963877458707218,0.8
2,2025-02-22,11,Saturday,zone_hour_profile,1000,126,259,0.4864864864864865,Midday,Weekend,0.5366732435990884,0.6,0.600917445875701,0.8,0.6829139741117177,0.95
2,2025-02-22,11,Saturday,same_hour_last_week,1000,126,259,0.4864864864864865,Midday,Weekend,0.5272828566738409,0.6,0.5931695203936904,0.8,0.7539557965163509,0.85
2,2025-02-22,11,Saturday,trailing_4_week_profile,1000,126,259,0.4864864864864865,Midday,Weekend,0.535145178568899,0.6,0.5875943533138107,0.7,0.6575597735862831,0.9
2,2025-02-22,12,Saturday,global_popularity,500,172,259,0.6640926640926641,Midday,Weekend,0.7454104730479398,0.6,0.7947235426206476,0.7,0.840477355655883,0.85
2,2025-02-22,12,Saturday,zone_hour_profile,500,172,259,0.6640926640926641,Midday,Weekend,0.6466786976284367,0.6,0.7001263010818823,0.7,0.8082401153220852,0.95
2,2025-02-22,12,Saturday,same_hour_last_week,500,172,259,0.6640926640926641,Midday,Weekend,0.6546375278136789,0.6,0.701565866211903,0.7,0.7463916608266442,0.85
2,2025-02-22,12,Saturday,trailing_4_week_profile,500,172,259,0.6640926640926641,Midday,Weekend,0.6466786976284367,0.6,0.6949714390071927,0.7,0.7426049346467632,0.9
2,2025-02-22,12,Saturday,global_popularity,1000,126,259,0.4864864864864865,Midday,Weekend,0.7454104730479398,0.6,0.7947235426206476,0.7,0.840477355655883,0.85
2,2025-02-22,12,Saturday,zone_hour_profile,1000,126,259,0.4864864864864865,Midday,Weekend,0.6466786976284367,0.6,0.7001263010818823,0.7,0.8082401153220852,0.95
2,2025-02-22,12,Saturday,same_hour_last_week,1000,126,259,0.4864864864864865,Midday,Weekend,0.6546375278136789,0.6,0.701565866211903,0.7,0.7463916608266442,0.85
2,2025-02-22,12,Saturday,trailing_4_week_profile,1000,126,259,0.4864864864864865,Midday,Weekend,0.6466786976284367,0.6,0.6949714390071927,0.7,0.7426049346467632,0.9
2,2025-02-22,13,Saturday,global_popularity,500,172,259,0.6640926640926641,Midday,Weekend,0.7532019353245781,0.8,0.8113310710410517,0.8,0.8518833047242337,0.85
2,2025-02-22,13,Saturday,zone_hour_profile,500,172,259,0.6640926640926641,Midday,Weekend,0.6369237358687241,0.8,0.6821430331597271,0.7,0.8081941520306797,0.9
2,2025-02-22,13,Saturday,same_hour_last_week,500,172,259,0.6640926640926641,Midday,Weekend,0.6698579140371363,0.8,0.8048905170627122,0.8,0.8313588794994236,0.85
2,2025-02-22,13,Saturday,trailing_4_week_profile,500,172,259,0.6640926640926641,Midday,Weekend,0.6369237358687241,0.8,0.6776194774801184,0.7,0.8090150500285658,0.9
2,2025-02-22,13,Saturday,global_popularity,1000,126,259,0.4864864864864865,Midday,Weekend,0.7532019353245781,0.8,0.8113310710410517,0.8,0.8518833047242337,0.85
2,2025-02-22,13,Saturday,zone_hour_profile,1000,126,259,0.4864864864864865,Midday,Weekend,0.6369237358687241,0.8,0.6821430331597271,0.7,0.8081941520306797,0.9
2,2025-02-22,13,Saturday,same_hour_last_week,1000,126,259,0.4864864864864865,Midday,Weekend,0.6698579140371363,0.8,0.8048905170627122,0.8,0.8313588794994236,0.85
2,2025-02-22,13,Saturday,trailing_4_week_profile,1000,126,259,0.4864864864864865,Midday,Weekend,0.6369237358687241,0.8,0.6776194774801184,0.7,0.8090150500285658,0.9
2,2025-02-22,14,Saturday,global_popularity,500,172,259,0.6640926640926641,Midday,Weekend,0.6909578864829995,0.6,0.7404583545792873,0.8,0.808058880444196,0.8
2,2025-02-22,14,Saturday,zone_hour_profile,500,172,259,0.6640926640926641,Midday,Weekend,0.530416567386318,0.6,0.7155909843614162,0.8,0.796345226088304,0.9
2,2025-02-22,14,Saturday,same_hour_last_week,500,172,259,0.6640926640926641,Midday,Weekend,0.527867413155658,0.6,0.7001442967314352,0.8,0.7693882962049732,0.9
2,2025-02-22,14,Saturday,trailing_4_week_profile,500,172,259,0.6640926640926641,Midday,Weekend,0.5304848855541455,0.6,0.7072816245235355,0.8,0.7947153410530645,0.95
2,2025-02-22,14,Saturday,global_popularity,1000,126,259,0.4864864864864865,Midday,Weekend,0.6909578864829995,0.6,0.7404583545792873,0.8,0.808058880444196,0.8
2,2025-02-22,14,Saturday,zone_hour_profile,1000,126,259,0.4864864864864865,Midday,Weekend,0.530416567386318,0.6,0.7155909843614162,0.8,0.796345226088304,0.9
2,2025-02-22,14,Saturday,same_hour_last_week,1000,126,259,0.4864864864864865,Midday,Weekend,0.527867413155658,0.6,0.7001442967314352,0.8,0.7693882962049732,0.9
2,2025-02-22,14,Saturday,trailing_4_week_profile,1000,126,259,0.4864864864864865,Midday,Weekend,0.5304848855541455,0.6,0.7072816245235355,0.8,0.7947153410530645,0.95
2,2025-02-22,15,Saturday,global_popularity,500,172,259,0.6640926640926641,Midday,Weekend,0.7240355964594269,0.8,0.7653066700248358,0.6,0.8010028810255061,0.85
2,2025-02-22,15,Saturday,zone_hour_profile,500,172,259,0.6640926640926641,Midday,Weekend,0.6851926474328535,0.8,0.7449528484315788,0.6,0.7912954257890161,0.9
2,2025-02-22,15,Saturday,same_hour_last_week,500,172,259,0.6640926640926641,Midday,Weekend,0.5442494703160957,0.8,0.5986635115966363,0.6,0.7498946288440357,0.9
2,2025-02-22,15,Saturday,trailing_4_week_profile,500,172,259,0.6640926640926641,Midday,Weekend,0.6851926474328535,0.8,0.7453457218334717,0.6,0.7791514401208559,0.85
2,2025-02-22,15,Saturday,global_popularity,1000,126,259,0.4864864864864865,Midday,Weekend,0.7240355964594269,0.8,0.7653066700248358,0.6,0.8010028810255061,0.85
2,2025-02-22,15,Saturday,zone_hour_profile,1000,126,259,0.4864864864864865,Midday,Weekend,0.6851926474328535,0.8,0.7449528484315788,0.6,0.7912954257890161,0.9
2,2025-02-22,15,Saturday,same_hour_last_week,1000,126,259,0.4864864864864865,Midday,Weekend,0.5442494703160957,0.8,0.5986635115966363,0.6,0.7498946288440357,0.9
2,2025-02-22,15,Saturday,trailing_4_week_profile,1000,126,259,0.4864864864864865,Midday,Weekend,0.6851926474328535,0.8,0.7453457218334717,0.6,0.7791514401208559,0.85
2,2025-02-22,16,Saturday,global_popularity,500,172,259,0.6640926640926641,Evening,Weekend,0.6938863867997009,0.8,0.7345667527066038,0.8,0.7720280756167766,0.85
2,2025-02-22,16,Saturday,zone_hour_profile,500,172,259,0.6640926640926641,Evening,Weekend,0.4560911494831242,0.8,0.6993320006873203,0.8,0.7419861210805687,0.85
2,2025-02-22,16,Saturday,same_hour_last_week,500,172,259,0.6640926640926641,Evening,Weekend,0.7089597176766179,1.0,0.7448384810885968,0.8,0.784851117295354,0.9
2,2025-02-22,16,Saturday,trailing_4_week_profile,500,172,259,0.6640926640926641,Evening,Weekend,0.45118435135050344,0.8,0.6882386745520496,0.9,0.7301281627080962,0.85
2,2025-02-22,16,Saturday,global_popularity,1000,126,259,0.4864864864864865,Evening,Weekend,0.6938863867997009,0.8,0.7345667527066038,0.8,0.7720280756167766,0.85
2,2025-02-22,16,Saturday,zone_hour_profile,1000,126,259,0.4864864864864865,Evening,Weekend,0.4560911494831242,0.8,0.6993320006873203,0.8,0.7419861210805687,0.85
2,2025-02-22,16,Saturday,same_hour_last_week,1000,126,259,0.4864864864864865,Evening,Weekend,0.7089597176766179,1.0,0.7448384810885968,0.8,0.784851117295354,0.9
2,2025-02-22,16,Saturday,trailing_4_week_profile,1000,126,259,0.4864864864864865,Evening,Weekend,0.45118435135050344,0.8,0.6882386745520496,0.9,0.7301281627080962,0.85
2,2025-02-22,17,Saturday,global_popularity,500,172,259,0.6640926640926641,Evening,Weekend,0.814643651800188,0.8,0.8272799083265673,0.7,0.8674293517725223,0.85
2,2025-02-22,17,Saturday,zone_hour_profile,500,172,259,0.6640926640926641,Evening,Weekend,0.6499770970524076,0.6,0.8019085652465775,0.8,0.8386619649857372,0.9
2,2025-02-22,17,Saturday,same_hour_last_week,500,172,259,0.6640926640926641,Evening,Weekend,0.6506554666648589,0.6,0.6960231130462344,0.6,0.8180324902916943,0.9
2,2025-02-22,17,Saturday,trailing_4_week_profile,500,172,259,0.6640926640926641,Evening,Weekend,0.6490119253688408,0.6,0.8003804346663691,0.8,0.8336993502301763,0.9
2,2025-02-22,17,Saturday,global_popularity,1000,126,259,0.4864864864864865,Evening,Weekend,0.814643651800188,0.8,0.8272799083265673,0.7,0.8674293517725223,0.85
2,2025-02-22,17,Saturday,zone_hour_profile,1000,126,259,0.4864864864864865,Evening,Weekend,0.6499770970524076,0.6,0.8019085652465775,0.8,0.8386619649857372,0.9
2,2025-02-22,17,Saturday,same_hour_last_week,1000,126,259,0.4864864864864865,Evening,Weekend,0.6506554666648589,0.6,0.6960231130462344,0.6,0.8180324902916943,0.9
2,2025-02-22,17,Saturday,trailing_4_week_profile,1000,126,259,0.4864864864864865,Evening,Weekend,0.6490119253688408,0.6,0.8003804346663691,0.8,0.8336993502301763,0.9
2,2025-02-22,18,Saturday,global_popularity,500,172,259,0.6640926640926641,Evening,Weekend,0.7778177193778216,0.8,0.813953175446225,0.7,0.866680709978267,0.95
2,2025-02-22,18,Saturday,zone_hour_profile,500,172,259,0.6640926640926641,Evening,Weekend,0.6148590015420109,0.6,0.6837572080163723,0.7,0.8179056937229665,0.9
2,2025-02-22,18,Saturday,same_hour_last_week,500,172,259,0.6640926640926641,Evening,Weekend,0.6063394468053991,0.6,0.6738868690538146,0.6,0.7365058378898832,0.9
2,2025-02-22,18,Saturday,trailing_4_week_profile,500,172,259,0.6640926640926641,Evening,Weekend,0.6122203613055042,0.6,0.6848250924399343,0.8,0.8028903969714886,0.9
2,2025-02-22,18,Saturday,global_popularity,1000,126,259,0.4864864864864865,Evening,Weekend,0.7778177193778216,0.8,0.813953175446225,0.7,0.866680709978267,0.95
2,2025-02-22,18,Saturday,zone_hour_profile,1000,126,259,0.4864864864864865,Evening,Weekend,0.6148590015420109,0.6,0.6837572080163723,0.7,0.8179056937229665,0.9
2,2025-02-22,18,Saturday,same_hour_last_week,1000,126,259,0.4864864864864865,Evening,Weekend,0.6063394468053991,0.6,0.6738868690538146,0.6,0.7365058378898832,0.9
2,2025-02-22,18,Saturday,trailing_4_week_profile,1000,126,259,0.4864864864864865,Evening,Weekend,0.6122203613055042,0.6,0.6848250924399343,0.8,0.8028903969714886,0.9
2,2025-02-22,19,Saturday,global_popularity,500,172,259,0.6640926640926641,Evening,Weekend,0.6536420463137104,0.4,0.6995027410896457,0.6,0.7941105958582255,0.95
2,2025-02-22,19,Saturday,zone_hour_profile,500,172,259,0.6640926640926641,Evening,Weekend,0.6714322395391068,0.6,0.722486397006244,0.7,0.7871467846781235,0.95
2,2025-02-22,19,Saturday,same_hour_last_week,500,172,259,0.6640926640926641,Evening,Weekend,0.49248304466375953,0.4,0.5750586470043311,0.6,0.7438231011527179,0.95
2,2025-02-22,19,Saturday,trailing_4_week_profile,500,172,259,0.6640926640926641,Evening,Weekend,0.5134948547985241,0.6,0.7155530492264789,0.8,0.7712165852465259,0.95
2,2025-02-22,19,Saturday,global_popularity,1000,126,259,0.4864864864864865,Evening,Weekend,0.6536420463137104,0.4,0.6995027410896457,0.6,0.7941105958582255,0.95
2,2025-02-22,19,Saturday,zone_hour_profile,1000,126,259,0.4864864864864865,Evening,Weekend,0.6714322395391068,0.6,0.722486397006244,0.7,0.7871467846781235,0.95
2,2025-02-22,19,Saturday,same_hour_last_week,1000,126,259,0.4864864864864865,Evening,Weekend,0.49248304466375953,0.4,0.5750586470043311,0.6,0.7438231011527179,0.95
2,2025-02-22,19,Saturday,trailing_4_week_profile,1000,126,259,0.4864864864864865,Evening,Weekend,0.5134948547985241,0.6,0.7155530492264789,0.8,0.7712165852465259,0.95
2,2025-02-22,20,Saturday,global_popularity,500,172,259,0.6640926640926641,Evening,Weekend,0.5718835679669283,0.2,0.6249892674049773,0.5,0.7331531310764084,0.85
2,2025-02-22,20,Saturday,zone_hour_profile,500,172,259,0.6640926640926641,Evening,Weekend,0.8236658076779282,0.8,0.8420422453830997,0.8,0.8732090401206246,0.85
2,2025-02-22,20,Saturday,same_hour_last_week,500,172,259,0.6640926640926641,Evening,Weekend,0.5114443764301654,0.6,0.7431001359866083,0.8,0.7870315199414694,0.85
2,2025-02-22,20,Saturday,trailing_4_week_profile,500,172,259,0.6640926640926641,Evening,Weekend,0.519309824550232,0.6,0.7255445189400898,0.8,0.7761219643994965,0.9
2,2025-02-22,20,Saturday,global_popularity,1000,126,259,0.4864864864864865,Evening,Weekend,0.5718835679669283,0.2,0.6249892674049773,0.5,0.7331531310764084,0.85
2,2025-02-22,20,Saturday,zone_hour_profile,1000,126,259,0.4864864864864865,Evening,Weekend,0.8236658076779282,0.8,0.8420422453830997,0.8,0.8732090401206246,0.85
2,2025-02-22,20,Saturday,same_hour_last_week,1000,126,259,0.4864864864864865,Evening,Weekend,0.5114443764301654,0.6,0.7431001359866083,0.8,0.7870315199414694,0.85
2,2025-02-22,20,Saturday,trailing_4_week_profile,1000,126,259,0.4864864864864865,Evening,Weekend,0.519309824550232,0.6,0.7255445189400898,0.8,0.7761219643994965,0.9
2,2025-02-22,21,Saturday,global_popularity,500,172,259,0.6640926640926641,Late evening,Weekend,0.5643306559516019,0.4,0.6301050745577806,0.5,0.7175555849125503,0.8
2,2025-02-22,21,Saturday,zone_hour_profile,500,172,259,0.6640926640926641,Late evening,Weekend,0.7283534472413286,1.0,0.7703293062880294,0.8,0.7999654771417818,0.9
2,2025-02-22,21,Saturday,same_hour_last_week,500,172,259,0.6640926640926641,Late evening,Weekend,0.5386520580820771,0.8,0.738653671206036,0.8,0.7695087861023848,0.85
2,2025-02-22,21,Saturday,trailing_4_week_profile,500,172,259,0.6640926640926641,Late evening,Weekend,0.5371833822590847,0.8,0.5942581499977874,0.6,0.7648231260005216,0.9
2,2025-02-22,21,Saturday,global_popularity,1000,126,259,0.4864864864864865,Late evening,Weekend,0.5643306559516019,0.4,0.6301050745577806,0.5,0.7175555849125503,0.8
2,2025-02-22,21,Saturday,zone_hour_profile,1000,126,259,0.4864864864864865,Late evening,Weekend,0.7283534472413286,1.0,0.7703293062880294,0.8,0.7999654771417818,0.9
2,2025-02-22,21,Saturday,same_hour_last_week,1000,126,259,0.4864864864864865,Late evening,Weekend,0.5386520580820771,0.8,0.738653671206036,0.8,0.7695087861023848,0.85
2,2025-02-22,21,Saturday,trailing_4_week_profile,1000,126,259,0.4864864864864865,Late evening,Weekend,0.5371833822590847,0.8,0.5942581499977874,0.6,0.7648231260005216,0.9
2,2025-02-22,22,Saturday,global_popularity,500,172,259,0.6640926640926641,Late evening,Weekend,0.5195492891241722,0.2,0.5874058238582599,0.4,0.7128943538297423,0.75
2,2025-02-22,22,Saturday,zone_hour_profile,500,172,259,0.6640926640926641,Late evening,Weekend,0.6614176722703721,0.6,0.7933283437936832,0.8,0.825019992909767,0.9
2,2025-02-22,22,Saturday,same_hour_last_week,500,172,259,0.6640926640926641,Late evening,Weekend,0.6093979335843602,0.4,0.7576651508534862,0.7,0.7946711056016809,0.9
2,2025-02-22,22,Saturday,trailing_4_week_profile,500,172,259,0.6640926640926641,Late evening,Weekend,0.6708662057465505,0.6,0.6639361072941768,0.6,0.8119808965487483,0.9
2,2025-02-22,22,Saturday,global_popularity,1000,126,259,0.4864864864864865,Late evening,Weekend,0.5195492891241722,0.2,0.5874058238582599,0.4,0.7128943538297423,0.75
2,2025-02-22,22,Saturday,zone_hour_profile,1000,126,259,0.4864864864864865,Late evening,Weekend,0.6614176722703721,0.6,0.7933283437936832,0.8,0.825019992909767,0.9
2,2025-02-22,22,Saturday,same_hour_last_week,1000,126,259,0.4864864864864865,Late evening,Weekend,0.6093979335843602,0.4,0.7576651508534862,0.7,0.7946711056016809,0.9
2,2025-02-22,22,Saturday,trailing_4_week_profile,1000,126,259,0.4864864864864865,Late evening,Weekend,0.6708662057465505,0.6,0.6639361072941768,0.6,0.8119808965487483,0.9
2,2025-02-22,23,Saturday,global_popularity,500,172,259,0.6640926640926641,Late evening,Weekend,0.43246638245227026,0.2,0.4883586866945152,0.4,0.6710696420498332,0.75
2,2025-02-22,23,Saturday,zone_hour_profile,500,172,259,0.6640926640926641,Late evening,Weekend,0.9492045067678425,0.8,0.9407560413474156,0.9,0.975482255482362,0.9
2,2025-02-22,23,Saturday,same_hour_last_week,500,172,259,0.6640926640926641,Late evening,Weekend,0.9471381406647655,0.8,0.9323831388549015,0.8,0.9667358456166814,0.8
2,2025-02-22,23,Saturday,trailing_4_week_profile,500,172,259,0.6640926640926641,Late evening,Weekend,0.9471381406647655,0.8,0.9403042490592801,0.9,0.9371650766162882,0.85
2,2025-02-22,23,Saturday,global_popularity,1000,126,259,0.4864864864864865,Late evening,Weekend,0.43246638245227026,0.2,0.4883586866945152,0.4,0.6710696420498332,0.75
2,2025-02-22,23,Saturday,zone_hour_profile,1000,126,259,0.4864864864864865,Late evening,Weekend,0.9492045067678425,0.8,0.9407560413474156,0.9,0.975482255482362,0.9
2,2025-02-22,23,Saturday,same_hour_last_week,1000,126,259,0.4864864864864865,Late evening,Weekend,0.9471381406647655,0.8,0.9323831388549015,0.8,0.9667358456166814,0.8
2,2025-02-22,23,Saturday,trailing_4_week_profile,1000,126,259,0.4864864864864865,Late evening,Weekend,0.9471381406647655,0.8,0.9403042490592801,0.9,0.9371650766162882,0.85
2,2025-02-23,0,Sunday,global_popularity,500,172,259,0.6640926640926641,Overnight,Weekend,0.25617375094532036,0.2,0.312450243031749,0.2,0.5057827712993128,0.55
2,2025-02-23,0,Sunday,zone_hour_profile,500,172,259,0.6640926640926641,Overnight,Weekend,0.9315047344138516,0.8,0.9222311764255714,0.7,0.9721243804374062,0.95
2,2025-02-23,0,Sunday,same_hour_last_week,500,172,259,0.6640926640926641,Overnight,Weekend,0.9315047344138516,0.8,0.9264407695361647,0.8,0.9760814663820421,0.95
2,2025-02-23,0,Sunday,trailing_4_week_profile,500,172,259,0.6640926640926641,Overnight,Weekend,0.9328770869863149,0.8,0.9244890574035501,0.7,0.9305765744785974,0.9
2,2025-02-23,0,Sunday,global_popularity,1000,126,259,0.4864864864864865,Overnight,Weekend,0.25617375094532036,0.2,0.312450243031749,0.2,0.5057827712993128,0.55
2,2025-02-23,0,Sunday,zone_hour_profile,1000,126,259,0.4864864864864865,Overnight,Weekend,0.9315047344138516,0.8,0.9222311764255714,0.7,0.9721243804374062,0.95
2,2025-02-23,0,Sunday,same_hour_last_week,1000,126,259,0.4864864864864865,Overnight,Weekend,0.9315047344138516,0.8,0.9264407695361647,0.8,0.9760814663820421,0.95
2,2025-02-23,0,Sunday,trailing_4_week_profile,1000,126,259,0.4864864864864865,Overnight,Weekend,0.9328770869863149,0.8,0.9244890574035501,0.7,0.9305765744785974,0.9
2,2025-02-23,1,Sunday,global_popularity,500,172,259,0.6640926640926641,Overnight,Weekend,0.1039250182966268,0.0,0.14328935354657238,0.1,0.348079873532072,0.45
2,2025-02-23,1,Sunday,zone_hour_profile,500,172,259,0.6640926640926641,Overnight,Weekend,0.9935110546545878,0.8,0.9967867837763553,1.0,0.9921164186566633,0.9
2,2025-02-23,1,Sunday,same_hour_last_week,500,172,259,0.6640926640926641,Overnight,Weekend,1.0,1.0,0.9968903363638408,0.9,0.9984716588949585,1.0
2,2025-02-23,1,Sunday,trailing_4_week_profile,500,172,259,0.6640926640926641,Overnight,Weekend,0.9935110546545878,0.8,0.9967867837763553,1.0,0.9921164186566633,0.9
2,2025-02-23,1,Sunday,global_popularity,1000,126,259,0.4864864864864865,Overnight,Weekend,0.1039250182966268,0.0,0.14328935354657238,0.1,0.348079873532072,0.45
2,2025-02-23,1,Sunday,zone_hour_profile,1000,126,259,0.4864864864864865,Overnight,Weekend,0.9935110546545878,0.8,0.9967867837763553,1.0,0.9921164186566633,0.9
2,2025-02-23,1,Sunday,same_hour_last_week,1000,126,259,0.4864864864864865,Overnight,Weekend,1.0,1.0,0.9968903363638408,0.9,0.9984716588949585,1.0
2,2025-02-23,1,Sunday,trailing_4_week_profile,1000,126,259,0.4864864864864865,Overnight,Weekend,0.9935110546545878,0.8,0.9967867837763553,1.0,0.9921164186566633,0.9
2,2025-02-23,2,Sunday,global_popularity,500,172,259,0.6640926640926641,Overnight,Weekend,0.05764117913988579,0.0,0.09621887792206965,0.1,0.293930950330055,0.4
2,2025-02-23,2,Sunday,zone_hour_profile,500,172,259,0.6640926640926641,Overnight,Weekend,1.0,1.0,0.9893999659085084,0.8,0.9964426129525421,0.95
2,2025-02-23,2,Sunday,same_hour_last_week,500,172,259,0.6640926640926641,Overnight,Weekend,1.0,1.0,0.9953874807939149,0.9,0.9972903311271983,0.95
2,2025-02-23,2,Sunday,trailing_4_week_profile,500,172,259,0.6640926640926641,Overnight,Weekend,1.0,1.0,0.9897113942541412,0.8,0.9969706152609635,0.95
2,2025-02-23,2,Sunday,global_popularity,1000,126,259,0.4864864864864865,Overnight,Weekend,0.05764117913988579,0.0,0.09621887792206965,0.1,0.293930950330055,0.4
2,2025-02-23,2,Sunday,zone_hour_profile,1000,126,259,0.4864864864864865,Overnight,Weekend,1.0,1.0,0.9893999659085084,0.8,0.9964426129525421,0.95
2,2025-02-23,2,Sunday,same_hour_last_week,1000,126,259,0.4864864864864865,Overnight,Weekend,1.0,1.0,0.9953874807939149,0.9,0.9972903311271983,0.95
2,2025-02-23,2,Sunday,trailing_4_week_profile,1000,126,259,0.4864864864864865,Overnight,Weekend,1.0,1.0,0.9897113942541412,0.8,0.9969706152609635,0.95
2,2025-02-23,3,Sunday,global_popularity,500,172,259,0.6640926640926641,Overnight,Weekend,0.07750308298048172,0.0,0.1091414641236242,0.0,0.3011757317152749,0.35
2,2025-02-23,3,Sunday,zone_hour_profile,500,172,259,0.6640926640926641,Overnight,Weekend,0.9995605557028738,1.0,0.9950217255357735,0.9,0.9875846435147938,0.9
2,2025-02-23,3,Sunday,same_hour_last_week,500,172,259,0.6640926640926641,Overnight,Weekend,1.0,1.0,0.9937492490460997,0.9,0.9930173120314485,0.95
2,2025-02-23,3,Sunday,trailing_4_week_profile,500,172,259,0.6640926640926641,Overnight,Weekend,0.9995605557028738,1.0,0.9948925530944692,0.9,0.9917453779842867,0.95
2,2025-02-23,3,Sunday,global_popularity,1000,126,259,0.4864864864864865,Overnight,Weekend,0.07750308298048172,0.0,0.1091414641236242,0.0,0.3011757317152749,0.35
2,2025-02-23,3,Sunday,zone_hour_profile,1000,126,259,0.4864864864864865,Overnight,Weekend,0.9995605557028738,1.0,0.9950217255357735,0.9,0.9875846435147938,0.9
2,2025-02-23,3,Sunday,same_hour_last_week,1000,126,259,0.4864864864864865,Overnight,Weekend,1.0,1.0,0.9937492490460997,0.9,0.9930173120314485,0.95
2,2025-02-23,3,Sunday,trailing_4_week_profile,1000,126,259,0.4864864864864865,Overnight,Weekend,0.9995605557028738,1.0,0.9948925530944692,0.9,0.9917453779842867,0.95
2,2025-02-23,4,Sunday,global_popularity,500,172,259,0.6640926640926641,Overnight,Weekend,0.2139901512528191,0.0,0.2654490628773783,0.1,0.46290563125799133,0.55
2,2025-02-23,4,Sunday,zone_hour_profile,500,172,259,0.6640926640926641,Overnight,Weekend,0.9770682941506358,0.8,0.9655616757436695,0.9,0.9535403514247692,0.7
2,2025-02-23,4,Sunday,same_hour_last_week,500,172,259,0.6640926640926641,Overnight,Weekend,0.9397311842058872,0.6,0.9682823606301965,0.9,0.94928005288149,0.65
2,2025-02-23,4,Sunday,trailing_4_week_profile,500,172,259,0.6640926640926641,Overnight,Weekend,0.9771135091714833,0.8,0.9689027794152275,0.9,0.9570988502720885,0.7
2,2025-02-23,4,Sunday,global_popularity,1000,126,259,0.4864864864864865,Overnight,Weekend,0.2139901512528191,0.0,0.2654490628773783,0.1,0.46290563125799133,0.55
2,2025-02-23,4,Sunday,zone_hour_profile,1000,126,259,0.4864864864864865,Overnight,Weekend,0.9770682941506358,0.8,0.9655616757436695,0.9,0.9535403514247692,0.7
2,2025-02-23,4,Sunday,same_hour_last_week,1000,126,259,0.4864864864864865,Overnight,Weekend,0.9397311842058872,0.6,0.9682823606301965,0.9,0.94928005288149,0.65
2,2025-02-23,4,Sunday,trailing_4_week_profile,1000,126,259,0.4864864864864865,Overnight,Weekend,0.9771135091714833,0.8,0.9689027794152275,0.9,0.9570988502720885,0.7
2,2025-02-23,5,Sunday,global_popularity,500,172,259,0.6640926640926641,Overnight,Weekend,0.5441026749069788,0.6,0.5774295640968323,0.5,0.6328434190719167,0.65
2,2025-02-23,5,Sunday,zone_hour_profile,500,172,259,0.6640926640926641,Overnight,Weekend,0.9698353775684485,0.8,0.9487762582490051,0.8,0.9634541054149269,0.8
2,2025-02-23,5,Sunday,same_hour_last_week,500,172,259,0.6640926640926641,Overnight,Weekend,0.8692772377937943,0.4,0.8469172342776181,0.7,0.8995669337044121,0.75
2,2025-02-23,5,Sunday,trailing_4_week_profile,500,172,259,0.6640926640926641,Overnight,Weekend,0.9626184789093667,0.6,0.9479035829542276,0.8,0.9546864591801792,0.8
2,2025-02-23,5,Sunday,global_popularity,1000,126,259,0.4864864864864865,Overnight,Weekend,0.5441026749069788,0.6,0.5774295640968323,0.5,0.6328434190719167,0.65
2,2025-02-23,5,Sunday,zone_hour_profile,1000,126,259,0.4864864864864865,Overnight,Weekend,0.9698353775684485,0.8,0.9487762582490051,0.8,0.9634541054149269,0.8
2,2025-02-23,5,Sunday,same_hour_last_week,1000,126,259,0.4864864864864865,Overnight,Weekend,0.8692772377937943,0.4,0.8469172342776181,0.7,0.8995669337044121,0.75
2,2025-02-23,5,Sunday,trailing_4_week_profile,1000,126,259,0.4864864864864865,Overnight,Weekend,0.9626184789093667,0.6,0.9479035829542276,0.8,0.9546864591801792,0.8
2,2025-02-23,6,Sunday,global_popularity,500,172,259,0.6640926640926641,Morning,Weekend,0.5399169500560848,0.6,0.5569810654233751,0.5,0.5890136250823731,0.7
2,2025-02-23,6,Sunday,zone_hour_profile,500,172,259,0.6640926640926641,Morning,Weekend,0.9791803059559836,0.8,0.9696352650140088,0.7,0.9761293106413932,0.85
2,2025-02-23,6,Sunday,same_hour_last_week,500,172,259,0.6640926640926641,Morning,Weekend,0.9410142785368858,0.6,0.9242724333565627,0.7,0.9311738369951903,0.75
2,2025-02-23,6,Sunday,trailing_4_week_profile,500,172,259,0.6640926640926641,Morning,Weekend,0.9626771430670508,0.8,0.9546703693174102,0.8,0.9433854239571606,0.75
2,2025-02-23,6,Sunday,global_popularity,1000,126,259,0.4864864864864865,Morning,Weekend,0.5399169500560848,0.6,0.5569810654233751,0.5,0.5890136250823731,0.7
2,2025-02-23,6,Sunday,zone_hour_profile,1000,126,259,0.4864864864864865,Morning,Weekend,0.9791803059559836,0.8,0.9696352650140088,0.7,0.9761293106413932,0.85
2,2025-02-23,6,Sunday,same_hour_last_week,1000,126,259,0.4864864864864865,Morning,Weekend,0.9410142785368858,0.6,0.9242724333565627,0.7,0.9311738369951903,0.75
2,2025-02-23,6,Sunday,trailing_4_week_profile,1000,126,259,0.4864864864864865,Morning,Weekend,0.9626771430670508,0.8,0.9546703693174102,0.8,0.9433854239571606,0.75
2,2025-02-23,7,Sunday,global_popularity,500,172,259,0.6640926640926641,Morning,Weekend,0.6137683283042926,0.6,0.6429056141954212,0.8,0.6716165121885266,0.75
2,2025-02-23,7,Sunday,zone_hour_profile,500,172,259,0.6640926640926641,Morning,Weekend,0.9429360675516094,0.4,0.909980263965189,0.5,0.9525895305143219,0.75
2,2025-02-23,7,Sunday,same_hour_last_week,500,172,259,0.6640926640926641,Morning,Weekend,0.9598928228876911,0.6,0.9447310407712507,0.5,0.9520635842187856,0.75
2,2025-02-23,7,Sunday,trailing_4_week_profile,500,172,259,0.6640926640926641,Morning,Weekend,0.9264677194651176,0.4,0.9069095397844814,0.5,0.9433299815678473,0.7
2,2025-02-23,7,Sunday,global_popularity,1000,126,259,0.4864864864864865,Morning,Weekend,0.6137683283042926,0.6,0.6429056141954212,0.8,0.6716165121885266,0.75
2,2025-02-23,7,Sunday,zone_hour_profile,1000,126,259,0.4864864864864865,Morning,Weekend,0.9429360675516094,0.4,0.909980263965189,0.5,0.9525895305143219,0.75
2,2025-02-23,7,Sunday,same_hour_last_week,1000,126,259,0.4864864864864865,Morning,Weekend,0.9598928228876911,0.6,0.9447310407712507,0.5,0.9520635842187856,0.75
2,2025-02-23,7,Sunday,trailing_4_week_profile,1000,126,259,0.4864864864864865,Morning,Weekend,0.9264677194651176,0.4,0.9069095397844814,0.5,0.9433299815678473,0.7
2,2025-02-23,8,Sunday,global_popularity,500,172,259,0.6640926640926641,Morning,Weekend,0.6353858108423698,0.6,0.6469197228127814,0.6,0.6987921705882297,0.8
2,2025-02-23,8,Sunday,zone_hour_profile,500,172,259,0.6640926640926641,Morning,Weekend,0.9510728467510641,0.4,0.9289521120994872,0.6,0.9447914673574428,0.8
2,2025-02-23,8,Sunday,same_hour_last_week,500,172,259,0.6640926640926641,Morning,Weekend,0.968036650174275,0.6,0.9546287871680433,0.7,0.9545278689916068,0.9
2,2025-02-23,8,Sunday,trailing_4_week_profile,500,172,259,0.6640926640926641,Morning,Weekend,0.9367200568303344,0.4,0.9163745369935257,0.6,0.9330275305138029,0.8
2,2025-02-23,8,Sunday,global_popularity,1000,126,259,0.4864864864864865,Morning,Weekend,0.6353858108423698,0.6,0.6469197228127814,0.6,0.6987921705882297,0.8
2,2025-02-23,8,Sunday,zone_hour_profile,1000,126,259,0.4864864864864865,Morning,Weekend,0.9510728467510641,0.4,0.9289521120994872,0.6,0.9447914673574428,0.8
2,2025-02-23,8,Sunday,same_hour_last_week,1000,126,259,0.4864864864864865,Morning,Weekend,0.968036650174275,0.6,0.9546287871680433,0.7,0.9545278689916068,0.9
2,2025-02-23,8,Sunday,trailing_4_week_profile,1000,126,259,0.4864864864864865,Morning,Weekend,0.9367200568303344,0.4,0.9163745369935257,0.6,0.9330275305138029,0.8
2,2025-02-23,9,Sunday,global_popularity,500,172,259,0.6640926640926641,Morning,Weekend,0.6740152753004581,0.8,0.6991341430503698,0.8,0.7656123216810898,0.75
2,2025-02-23,9,Sunday,zone_hour_profile,500,172,259,0.6640926640926641,Morning,Weekend,0.48122069528283035,0.4,0.6808271752323114,0.7,0.7699077912942422,0.85
2,2025-02-23,9,Sunday,same_hour_last_week,500,172,259,0.6640926640926641,Morning,Weekend,0.539963897372983,0.6,0.7331119828620705,0.9,0.7958125995494981,0.85
2,2025-02-23,9,Sunday,trailing_4_week_profile,500,172,259,0.6640926640926641,Morning,Weekend,0.46913696316595255,0.4,0.6613593704070285,0.7,0.7493320532048393,0.85
2,2025-02-23,9,Sunday,global_popularity,1000,126,259,0.4864864864864865,Morning,Weekend,0.6740152753004581,0.8,0.6991341430503698,0.8,0.7656123216810898,0.75
2,2025-02-23,9,Sunday,zone_hour_profile,1000,126,259,0.4864864864864865,Morning,Weekend,0.48122069528283035,0.4,0.6808271752323114,0.7,0.7699077912942422,0.85
2,2025-02-23,9,Sunday,same_hour_last_week,1000,126,259,0.4864864864864865,Morning,Weekend,0.539963897372983,0.6,0.7331119828620705,0.9,0.7958125995494981,0.85
2,2025-02-23,9,Sunday,trailing_4_week_profile,1000,126,259,0.4864864864864865,Morning,Weekend,0.46913696316595255,0.4,0.6613593704070285,0.7,0.7493320532048393,0.85
2,2025-02-23,10,Sunday,global_popularity,500,172,259,0.6640926640926641,Midday,Weekend,0.621877950879025,0.6,0.6595417434190749,0.8,0.7661550039976469,0.8
2,2025-02-23,10,Sunday,zone_hour_profile,500,172,259,0.6640926640926641,Midday,Weekend,0.5175619750889071,0.4,0.6469432379977599,0.6,0.7876884466143542,0.95
2,2025-02-23,10,Sunday,same_hour_last_week,500,172,259,0.6640926640926641,Midday,Weekend,0.5519889667690809,0.6,0.6160503692992734,0.8,0.7254349951989992,0.85
2,2025-02-23,10,Sunday,trailing_4_week_profile,500,172,259,0.6640926640926641,Midday,Weekend,0.5105114239269042,0.4,0.5727966106054699,0.6,0.7746861539052494,0.95
2,2025-02-23,10,Sunday,global_popularity,1000,126,259,0.4864864864864865,Midday,Weekend,0.621877950879025,0.6,0.6595417434190749,0.8,0.7661550039976469,0.8
2,2025-02-23,10,Sunday,zone_hour_profile,1000,126,259,0.4864864864864865,Midday,Weekend,0.5175619750889071,0.4,0.6469432379977599,0.6,0.7876884466143542,0.95
2,2025-02-23,10,Sunday,same_hour_last_week,1000,126,259,0.4864864864864865,Midday,Weekend,0.5519889667690809,0.6,0.6160503692992734,0.8,0.7254349951989992,0.85
2,2025-02-23,10,Sunday,trailing_4_week_profile,1000,126,259,0.4864864864864865,Midday,Weekend,0.5105114239269042,0.4,0.5727966106054699,0.6,0.7746861539052494,0.95
2,2025-02-23,11,Sunday,global_popularity,500,172,259,0.6640926640926641,Midday,Weekend,0.6319519133473496,0.6,0.6833614699126132,0.8,0.7779152136852907,0.8
2,2025-02-23,11,Sunday,zone_hour_profile,500,172,259,0.6640926640926641,Midday,Weekend,0.497533519570698,0.6,0.5594636419588485,0.7,0.7461645186908779,0.9
2,2025-02-23,11,Sunday,same_hour_last_week,500,172,259,0.6640926640926641,Midday,Weekend,0.49094518673801596,0.6,0.5620618254895319,0.8,0.6119869480701227,0.8
2,2025-02-23,11,Sunday,trailing_4_week_profile,500,172,259,0.6640926640926641,Midday,Weekend,0.48415239666760307,0.6,0.556506211106607,0.7,0.680872232680233,0.85
2,2025-02-23,11,Sunday,global_popularity,1000,126,259,0.4864864864864865,Midday,Weekend,0.6319519133473496,0.6,0.6833614699126132,0.8,0.7779152136852907,0.8
2,2025-02-23,11,Sunday,zone_hour_profile,1000,126,259,0.4864864864864865,Midday,Weekend,0.497533519570698,0.6,0.5594636419588485,0.7,0.7461645186908779,0.9
2,2025-02-23,11,Sunday,same_hour_last_week,1000,126,259,0.4864864864864865,Midday,Weekend,0.49094518673801596,0.6,0.5620618254895319,0.8,0.6119869480701227,0.8
2,2025-02-23,11,Sunday,trailing_4_week_profile,1000,126,259,0.4864864864864865,Midday,Weekend,0.48415239666760307,0.6,0.556506211106607,0.7,0.680872232680233,0.85
2,2025-02-23,12,Sunday,global_popularity,500,172,259,0.6640926640926641,Midday,Weekend,0.6826936306221525,0.6,0.7287903011086586,0.8,0.8140456335266227,0.85
2,2025-02-23,12,Sunday,zone_hour_profile,500,172,259,0.6640926640926641,Midday,Weekend,0.5619862777032965,0.6,0.6260526858021592,0.8,0.8007244019459671,0.9
2,2025-02-23,12,Sunday,same_hour_last_week,500,172,259,0.6640926640926641,Midday,Weekend,0.5320559242225446,0.4,0.6223980015630705,0.8,0.7302281781423939,0.85
2,2025-02-23,12,Sunday,trailing_4_week_profile,500,172,259,0.6640926640926641,Midday,Weekend,0.5619862777032965,0.6,0.6189639827863685,0.7,0.7921324413195684,0.9
2,2025-02-23,12,Sunday,global_popularity,1000,126,259,0.4864864864864865,Midday,Weekend,0.6826936306221525,0.6,0.7287903011086586,0.8,0.8140456335266227,0.85
2,2025-02-23,12,Sunday,zone_hour_profile,1000,126,259,0.4864864864864865,Midday,Weekend,0.5619862777032965,0.6,0.6260526858021592,0.8,0.8007244019459671,0.9
2,2025-02-23,12,Sunday,same_hour_last_week,1000,126,259,0.4864864864864865,Midday,Weekend,0.5320559242225446,0.4,0.6223980015630705,0.8,0.7302281781423939,0.85
2,2025-02-23,12,Sunday,trailing_4_week_profile,1000,126,259,0.4864864864864865,Midday,Weekend,0.5619862777032965,0.6,0.6189639827863685,0.7,0.7921324413195684,0.9
2,2025-02-23,13,Sunday,global_popularity,500,172,259,0.6640926640926641,Midday,Weekend,0.591276808085195,0.6,0.6467181109546957,0.8,0.7283353380071633,0.8
2,2025-02-23,13,Sunday,zone_hour_profile,500,172,259,0.6640926640926641,Midday,Weekend,0.39094077248780185,0.6,0.6234527911516322,0.9,0.7093752734821349,0.9
2,2025-02-23,13,Sunday,same_hour_last_week,500,172,259,0.6640926640926641,Midday,Weekend,0.3704436765673719,0.4,0.46101118955934706,0.8,0.6140943099760952,0.8
2,2025-02-23,13,Sunday,trailing_4_week_profile,500,172,259,0.6640926640926641,Midday,Weekend,0.39094077248780185,0.6,0.6231975796198811,0.9,0.7086158228050691,0.95
2,2025-02-23,13,Sunday,global_popularity,1000,126,259,0.4864864864864865,Midday,Weekend,0.591276808085195,0.6,0.6467181109546957,0.8,0.7283353380071633,0.8
2,2025-02-23,13,Sunday,zone_hour_profile,1000,126,259,0.4864864864864865,Midday,Weekend,0.39094077248780185,0.6,0.6234527911516322,0.9,0.7093752734821349,0.9
2,2025-02-23,13,Sunday,same_hour_last_week,1000,126,259,0.4864864864864865,Midday,Weekend,0.3704436765673719,0.4,0.46101118955934706,0.8,0.6140943099760952,0.8
2,2025-02-23,13,Sunday,trailing_4_week_profile,1000,126,259,0.4864864864864865,Midday,Weekend,0.39094077248780185,0.6,0.6231975796198811,0.9,0.7086158228050691,0.95
2,2025-02-23,14,Sunday,global_popularity,500,172,259,0.6640926640926641,Midday,Weekend,0.5227503641469324,0.6,0.6122993529172017,0.6,0.7404885634676891,0.85
2,2025-02-23,14,Sunday,zone_hour_profile,500,172,259,0.6640926640926641,Midday,Weekend,0.5537602041952078,0.6,0.7493362870169807,0.7,0.7790733331692095,0.85
2,2025-02-23,14,Sunday,same_hour_last_week,500,172,259,0.6640926640926641,Midday,Weekend,0.7059422217489496,0.6,0.7611623815159454,0.7,0.8006680745879299,0.95
2,2025-02-23,14,Sunday,trailing_4_week_profile,500,172,259,0.6640926640926641,Midday,Weekend,0.5537602041952078,0.6,0.7492420381108322,0.7,0.7840314587446757,0.9
2,2025-02-23,14,Sunday,global_popularity,1000,126,259,0.4864864864864865,Midday,Weekend,0.5227503641469324,0.6,0.6122993529172017,0.6,0.7404885634676891,0.85
2,2025-02-23,14,Sunday,zone_hour_profile,1000,126,259,0.4864864864864865,Midday,Weekend,0.5537602041952078,0.6,0.7493362870169807,0.7,0.7790733331692095,0.85
2,2025-02-23,14,Sunday,same_hour_last_week,1000,126,259,0.4864864864864865,Midday,Weekend,0.7059422217489496,0.6,0.7611623815159454,0.7,0.8006680745879299,0.95
2,2025-02-23,14,Sunday,trailing_4_week_profile,1000,126,259,0.4864864864864865,Midday,Weekend,0.5537602041952078,0.6,0.7492420381108322,0.7,0.7840314587446757,0.9
2,2025-02-23,15,Sunday,global_popularity,500,172,259,0.6640926640926641,Midday,Weekend,0.5535653491793234,0.6,0.6184850724827229,0.8,0.7153280920014501,0.8
2,2025-02-23,15,Sunday,zone_hour_profile,500,172,259,0.6640926640926641,Midday,Weekend,0.8045030113544821,0.4,0.9080026956001401,0.8,0.9180909437141728,0.8
2,2025-02-23,15,Sunday,same_hour_last_week,500,172,259,0.6640926640926641,Midday,Weekend,0.8146607779588836,0.6,0.8405264870030632,0.7,0.9097417252548372,0.85
2,2025-02-23,15,Sunday,trailing_4_week_profile,500,172,259,0.6640926640926641,Midday,Weekend,0.8229661630314923,0.6,0.9136319300447199,0.8,0.9227248800617737,0.8
2,2025-02-23,15,Sunday,global_popularity,1000,126,259,0.4864864864864865,Midday,Weekend,0.5535653491793234,0.6,0.6184850724827229,0.8,0.7153280920014501,0.8
2,2025-02-23,15,Sunday,zone_hour_profile,1000,126,259,0.4864864864864865,Midday,Weekend,0.8045030113544821,0.4,0.9080026956001401,0.8,0.9180909437141728,0.8
2,2025-02-23,15,Sunday,same_hour_last_week,1000,126,259,0.4864864864864865,Midday,Weekend,0.8146607779588836,0.6,0.8405264870030632,0.7,0.9097417252548372,0.85
2,2025-02-23,15,Sunday,trailing_4_week_profile,1000,126,259,0.4864864864864865,Midday,Weekend,0.8229661630314923,0.6,0.9136319300447199,0.8,0.9227248800617737,0.8
2,2025-02-23,16,Sunday,global_popularity,500,172,259,0.6640926640926641,Evening,Weekend,0.5175682704067749,0.4,0.564758359685196,0.7,0.6623193170305145,0.9
2,2025-02-23,16,Sunday,zone_hour_profile,500,172,259,0.6640926640926641,Evening,Weekend,0.8572670276160903,0.4,0.8824234286048556,0.9,0.9354891897679856,0.85
2,2025-02-23,16,Sunday,same_hour_last_week,500,172,259,0.6640926640926641,Evening,Weekend,0.5794751194919057,0.6,0.6233243475478762,0.8,0.6563206520953183,0.8
2,2025-02-23,16,Sunday,trailing_4_week_profile,500,172,259,0.6640926640926641,Evening,Weekend,0.8542407500567866,0.4,0.8734843250802626,0.8,0.9340607006389755,0.85
2,2025-02-23,16,Sunday,global_popularity,1000,126,259,0.4864864864864865,Evening,Weekend,0.5175682704067749,0.4,0.564758359685196,0.7,0.6623193170305145,0.9
2,2025-02-23,16,Sunday,zone_hour_profile,1000,126,259,0.4864864864864865,Evening,Weekend,0.8572670276160903,0.4,0.8824234286048556,0.9,0.9354891897679856,0.85
2,2025-02-23,16,Sunday,same_hour_last_week,1000,126,259,0.4864864864864865,Evening,Weekend,0.5794751194919057,0.6,0.6233243475478762,0.8,0.6563206520953183,0.8
2,2025-02-23,16,Sunday,trailing_4_week_profile,1000,126,259,0.4864864864864865,Evening,Weekend,0.8542407500567866,0.4,0.8734843250802626,0.8,0.9340607006389755,0.85
2,2025-02-23,17,Sunday,global_popularity,500,172,259,0.6640926640926641,Evening,Weekend,0.5331506672855137,0.4,0.5866454388578057,0.7,0.6827414276360371,0.9
2,2025-02-23,17,Sunday,zone_hour_profile,500,172,259,0.6640926640926641,Evening,Weekend,0.5714003525436095,0.6,0.6262041857191633,0.9,0.7078603933608838,0.85
2,2025-02-23,17,Sunday,same_hour_last_week,500,172,259,0.6640926640926641,Evening,Weekend,0.6158325399491921,0.8,0.652709813212316,0.9,0.6813820766687416,0.85
2,2025-02-23,17,Sunday,trailing_4_week_profile,500,172,259,0.6640926640926641,Evening,Weekend,0.5972920418507607,0.6,0.6592971830555953,0.9,0.7335375147583534,0.8
2,2025-02-23,17,Sunday,global_popularity,1000,126,259,0.4864864864864865,Evening,Weekend,0.5331506672855137,0.4,0.5866454388578057,0.7,0.6827414276360371,0.9
2,2025-02-23,17,Sunday,zone_hour_profile,1000,126,259,0.4864864864864865,Evening,Weekend,0.5714003525436095,0.6,0.6262041857191633,0.9,0.7078603933608838,0.85
2,2025-02-23,17,Sunday,same_hour_last_week,1000,126,259,0.4864864864864865,Evening,Weekend,0.6158325399491921,0.8,0.652709813212316,0.9,0.6813820766687416,0.85
2,2025-02-23,17,Sunday,trailing_4_week_profile,1000,126,259,0.4864864864864865,Evening,Weekend,0.5972920418507607,0.6,0.6592971830555953,0.9,0.7335375147583534,0.8
2,2025-02-23,18,Sunday,global_popularity,500,172,259,0.6640926640926641,Evening,Weekend,0.5467286437862557,0.4,0.6142654668554898,0.7,0.7117557849576616,0.85
2,2025-02-23,18,Sunday,zone_hour_profile,500,172,259,0.6640926640926641,Evening,Weekend,0.8370611978046557,0.4,0.9208270947596655,0.9,0.9323998079938627,0.9
2,2025-02-23,18,Sunday,same_hour_last_week,500,172,259,0.6640926640926641,Evening,Weekend,0.862450870400292,0.6,0.8700492109301918,0.7,0.9323877334956819,0.85
2,2025-02-23,18,Sunday,trailing_4_week_profile,500,172,259,0.6640926640926641,Evening,Weekend,0.636491144240663,0.4,0.7576419295979558,0.8,0.7927856002399406,0.9
2,2025-02-23,18,Sunday,global_popularity,1000,126,259,0.4864864864864865,Evening,Weekend,0.5467286437862557,0.4,0.6142654668554898,0.7,0.7117557849576616,0.85
2,2025-02-23,18,Sunday,zone_hour_profile,1000,126,259,0.4864864864864865,Evening,Weekend,0.8370611978046557,0.4,0.9208270947596655,0.9,0.9323998079938627,0.9
2,2025-02-23,18,Sunday,same_hour_last_week,1000,126,259,0.4864864864864865,Evening,Weekend,0.862450870400292,0.6,0.8700492109301918,0.7,0.9323877334956819,0.85
2,2025-02-23,18,Sunday,trailing_4_week_profile,1000,126,259,0.4864864864864865,Evening,Weekend,0.636491144240663,0.4,0.7576419295979558,0.8,0.7927856002399406,0.9
2,2025-02-23,19,Sunday,global_popularity,500,172,259,0.6640926640926641,Evening,Weekend,0.41248911108138814,0.2,0.4826037811764603,0.6,0.6164358090577647,0.9
2,2025-02-23,19,Sunday,zone_hour_profile,500,172,259,0.6640926640926641,Evening,Weekend,0.9993715188129793,1.0,0.9977190884303234,0.8,0.996179285488227,0.9
2,2025-02-23,19,Sunday,same_hour_last_week,500,172,259,0.6640926640926641,Evening,Weekend,0.7643002296956657,0.6,0.9080780494766179,0.8,0.9148434106710877,0.9
2,2025-02-23,19,Sunday,trailing_4_week_profile,500,172,259,0.6640926640926641,Evening,Weekend,0.9860683218799211,0.8,0.9931406342502272,0.8,0.9932056572279346,0.9
2,2025-02-23,19,Sunday,global_popularity,1000,126,259,0.4864864864864865,Evening,Weekend,0.41248911108138814,0.2,0.4826037811764603,0.6,0.6164358090577647,0.9
2,2025-02-23,19,Sunday,zone_hour_profile,1000,126,259,0.4864864864864865,Evening,Weekend,0.9993715188129793,1.0,0.9977190884303234,0.8,0.996179285488227,0.9
2,2025-02-23,19,Sunday,same_hour_last_week,1000,126,259,0.4864864864864865,Evening,Weekend,0.7643002296956657,0.6,0.9080780494766179,0.8,0.9148434106710877,0.9
2,2025-02-23,19,Sunday,trailing_4_week_profile,1000,126,259,0.4864864864864865,Evening,Weekend,0.9860683218799211,0.8,0.9931406342502272,0.8,0.9932056572279346,0.9
2,2025-02-23,20,Sunday,global_popularity,500,172,259,0.6640926640926641,Evening,Weekend,0.3942452982371143,0.2,0.4493499789237008,0.5,0.5848933784777894,0.85
2,2025-02-23,20,Sunday,zone_hour_profile,500,172,259,0.6640926640926641,Evening,Weekend,0.9479493082861022,0.8,0.9587913518241743,0.9,0.9611342749938573,0.9
2,2025-02-23,20,Sunday,same_hour_last_week,500,172,259,0.6640926640926641,Evening,Weekend,0.9166017179712886,0.4,0.9298817476352256,0.8,0.9460402940259408,0.9
2,2025-02-23,20,Sunday,trailing_4_week_profile,500,172,259,0.6640926640926641,Evening,Weekend,0.9829796649457344,0.8,0.9891478394559483,0.8,0.9935473649155705,0.9
2,2025-02-23,20,Sunday,global_popularity,1000,126,259,0.4864864864864865,Evening,Weekend,0.3942452982371143,0.2,0.4493499789237008,0.5,0.5848933784777894,0.85
2,2025-02-23,20,Sunday,zone_hour_profile,1000,126,259,0.4864864864864865,Evening,Weekend,0.9479493082861022,0.8,0.9587913518241743,0.9,0.9611342749938573,0.9
2,2025-02-23,20,Sunday,same_hour_last_week,1000,126,259,0.4864864864864865,Evening,Weekend,0.9166017179712886,0.4,0.9298817476352256,0.8,0.9460402940259408,0.9
2,2025-02-23,20,Sunday,trailing_4_week_profile,1000,126,259,0.4864864864864865,Evening,Weekend,0.9829796649457344,0.8,0.9891478394559483,0.8,0.9935473649155705,0.9
2,2025-02-23,21,Sunday,global_popularity,500,172,259,0.6640926640926641,Late evening,Weekend,0.38607402668951085,0.4,0.4315630490459675,0.5,0.5486219236181467,0.85
2,2025-02-23,21,Sunday,zone_hour_profile,500,172,259,0.6640926640926641,Late evening,Weekend,0.9537773413600033,0.8,0.9593146703895339,0.8,0.9579437516791556,0.85
2,2025-02-23,21,Sunday,same_hour_last_week,500,172,259,0.6640926640926641,Late evening,Weekend,0.9381691949559351,0.6,0.9564396685236378,0.8,0.9517287796717523,0.85
2,2025-02-23,21,Sunday,trailing_4_week_profile,500,172,259,0.6640926640926641,Late evening,Weekend,0.9918558450035719,0.8,0.9963962462181429,0.8,0.990903538543482,0.9
2,2025-02-23,21,Sunday,global_popularity,1000,126,259,0.4864864864864865,Late evening,Weekend,0.38607402668951085,0.4,0.4315630490459675,0.5,0.5486219236181467,0.85
2,2025-02-23,21,Sunday,zone_hour_profile,1000,126,259,0.4864864864864865,Late evening,Weekend,0.9537773413600033,0.8,0.9593146703895339,0.8,0.9579437516791556,0.85
2,2025-02-23,21,Sunday,same_hour_last_week,1000,126,259,0.4864864864864865,Late evening,Weekend,0.9381691949559351,0.6,0.9564396685236378,0.8,0.9517287796717523,0.85
2,2025-02-23,21,Sunday,trailing_4_week_profile,1000,126,259,0.4864864864864865,Late evening,Weekend,0.9918558450035719,0.8,0.9963962462181429,0.8,0.990903538543482,0.9
2,2025-02-23,22,Sunday,global_popularity,500,172,259,0.6640926640926641,Late evening,Weekend,0.3728594628772379,0.2,0.40062227277952844,0.3,0.5207359892375433,0.75
2,2025-02-23,22,Sunday,zone_hour_profile,500,172,259,0.6640926640926641,Late evening,Weekend,0.9871794980136736,0.4,0.9751542576382359,0.7,0.980446149787414,0.8
2,2025-02-23,22,Sunday,same_hour_last_week,500,172,259,0.6640926640926641,Late evening,Weekend,0.5499782941027602,0.2,0.6675520092967795,0.7,0.6899881047107659,0.85
2,2025-02-23,22,Sunday,trailing_4_week_profile,500,172,259,0.6640926640926641,Late evening,Weekend,0.9849318372410705,0.4,0.9751373441837929,0.7,0.9765426874673689,0.75
2,2025-02-23,22,Sunday,global_popularity,1000,126,259,0.4864864864864865,Late evening,Weekend,0.3728594628772379,0.2,0.40062227277952844,0.3,0.5207359892375433,0.75
2,2025-02-23,22,Sunday,zone_hour_profile,1000,126,259,0.4864864864864865,Late evening,Weekend,0.9871794980136736,0.4,0.9751542576382359,0.7,0.980446149787414,0.8
2,2025-02-23,22,Sunday,same_hour_last_week,1000,126,259,0.4864864864864865,Late evening,Weekend,0.5499782941027602,0.2,0.6675520092967795,0.7,0.6899881047107659,0.85
2,2025-02-23,22,Sunday,trailing_4_week_profile,1000,126,259,0.4864864864864865,Late evening,Weekend,0.9849318372410705,0.4,0.9751373441837929,0.7,0.9765426874673689,0.75
2,2025-02-23,23,Sunday,global_popularity,500,172,259,0.6640926640926641,Late evening,Weekend,0.3377137023235367,0.2,0.36177149907710215,0.3,0.4730359813170749,0.7
2,2025-02-23,23,Sunday,zone_hour_profile,500,172,259,0.6640926640926641,Late evening,Weekend,0.9840632103553659,0.6,0.9883351273817808,0.9,0.9823846520486116,0.75
2,2025-02-23,23,Sunday,same_hour_last_week,500,172,259,0.6640926640926641,Late evening,Weekend,0.9288141725297702,0.6,0.9383100565786361,0.9,0.9326442086838159,0.7
2,2025-02-23,23,Sunday,trailing_4_week_profile,500,172,259,0.6640926640926641,Late evening,Weekend,0.9838081118847899,0.6,0.9885236629205331,0.9,0.9841640106357505,0.8
2,2025-02-23,23,Sunday,global_popularity,1000,126,259,0.4864864864864865,Late evening,Weekend,0.3377137023235367,0.2,0.36177149907710215,0.3,0.4730359813170749,0.7
2,2025-02-23,23,Sunday,zone_hour_profile,1000,126,259,0.4864864864864865,Late evening,Weekend,0.9840632103553659,0.6,0.9883351273817808,0.9,0.9823846520486116,0.75
2,2025-02-23,23,Sunday,same_hour_last_week,1000,126,259,0.4864864864864865,Late evening,Weekend,0.9288141725297702,0.6,0.9383100565786361,0.9,0.9326442086838159,0.7
2,2025-02-23,23,Sunday,trailing_4_week_profile,1000,126,259,0.4864864864864865,Late evening,Weekend,0.9838081118847899,0.6,0.9885236629205331,0.9,0.9841640106357505,0.8
3,2025-03-03,0,Monday,global_popularity,500,192,260,0.7384615384615385,Overnight,Weekday,0.33921035048088843,0.2,0.3560030895022521,0.3,0.47346235229305705,0.65
3,2025-03-03,0,Monday,zone_hour_profile,500,192,260,0.7384615384615385,Overnight,Weekday,0.9761529389478804,0.6,0.9839700751665753,0.9,0.9734005333212227,0.7
3,2025-03-03,0,Monday,same_hour_last_week,500,192,260,0.7384615384615385,Overnight,Weekday,0.9899058742097541,0.8,0.9860321141471687,0.9,0.9831555651332704,0.6
3,2025-03-03,0,Monday,trailing_4_week_profile,500,192,260,0.7384615384615385,Overnight,Weekday,0.9761529389478804,0.6,0.9839761337548703,0.9,0.9722853033468066,0.65
3,2025-03-03,0,Monday,global_popularity,1000,147,260,0.5653846153846154,Overnight,Weekday,0.33921035048088843,0.2,0.3560030895022521,0.3,0.47346235229305705,0.65
3,2025-03-03,0,Monday,zone_hour_profile,1000,147,260,0.5653846153846154,Overnight,Weekday,0.9761529389478804,0.6,0.9839700751665753,0.9,0.9734005333212227,0.7
3,2025-03-03,0,Monday,same_hour_last_week,1000,147,260,0.5653846153846154,Overnight,Weekday,0.9899058742097541,0.8,0.9860321141471687,0.9,0.9831555651332704,0.6
3,2025-03-03,0,Monday,trailing_4_week_profile,1000,147,260,0.5653846153846154,Overnight,Weekday,0.9761529389478804,0.6,0.9839761337548703,0.9,0.9722853033468066,0.65
3,2025-03-03,1,Monday,global_popularity,500,192,260,0.7384615384615385,Overnight,Weekday,0.3748482141015207,0.2,0.42860091132296035,0.3,0.4971390837266104,0.65
3,2025-03-03,1,Monday,zone_hour_profile,500,192,260,0.7384615384615385,Overnight,Weekday,0.8762169814986891,0.6,0.9364890164685733,0.9,0.9366366074952845,0.8
3,2025-03-03,1,Monday,same_hour_last_week,500,192,260,0.7384615384615385,Overnight,Weekday,0.9513158333917762,0.6,0.9755686902532094,0.9,0.958205979962973,0.8
3,2025-03-03,1,Monday,trailing_4_week_profile,500,192,260,0.7384615384615385,Overnight,Weekday,0.8762169814986891,0.6,0.9371840695388671,0.9,0.9374234158320347,0.8
3,2025-03-03,1,Monday,global_popularity,1000,147,260,0.5653846153846154,Overnight,Weekday,0.3748482141015207,0.2,0.42860091132296035,0.3,0.4971390837266104,0.65
3,2025-03-03,1,Monday,zone_hour_profile,1000,147,260,0.5653846153846154,Overnight,Weekday,0.8762169814986891,0.6,0.9364890164685733,0.9,0.9366366074952845,0.8
3,2025-03-03,1,Monday,same_hour_last_week,1000,147,260,0.5653846153846154,Overnight,Weekday,0.9513158333917762,0.6,0.9755686902532094,0.9,0.958205979962973,0.8
3,2025-03-03,1,Monday,trailing_4_week_profile,1000,147,260,0.5653846153846154,Overnight,Weekday,0.8762169814986891,0.6,0.9371840695388671,0.9,0.9374234158320347,0.8
3,2025-03-03,2,Monday,global_popularity,500,192,260,0.7384615384615385,Overnight,Weekday,0.30561480256747825,0.2,0.3471918605268696,0.3,0.5194124992044953,0.55
3,2025-03-03,2,Monday,zone_hour_profile,500,192,260,0.7384615384615385,Overnight,Weekday,0.914658986672617,0.6,0.9204992403857912,0.8,0.9153288052946463,0.65
3,2025-03-03,2,Monday,same_hour_last_week,500,192,260,0.7384615384615385,Overnight,Weekday,0.9163275111024402,0.8,0.8695554974116397,0.7,0.8946725419025109,0.65
3,2025-03-03,2,Monday,trailing_4_week_profile,500,192,260,0.7384615384615385,Overnight,Weekday,0.5510043647661013,0.4,0.7075580978847794,0.8,0.7263189102097365,0.7
3,2025-03-03,2,Monday,global_popularity,1000,147,260,0.5653846153846154,Overnight,Weekday,0.30561480256747825,0.2,0.3471918605268696,0.3,0.5194124992044953,0.55
3,2025-03-03,2,Monday,zone_hour_profile,1000,147,260,0.5653846153846154,Overnight,Weekday,0.914658986672617,0.6,0.9204992403857912,0.8,0.9153288052946463,0.65
3,2025-03-03,2,Monday,same_hour_last_week,1000,147,260,0.5653846153846154,Overnight,Weekday,0.9163275111024402,0.8,0.8695554974116397,0.7,0.8946725419025109,0.65
3,2025-03-03,2,Monday,trailing_4_week_profile,1000,147,260,0.5653846153846154,Overnight,Weekday,0.5510043647661013,0.4,0.7075580978847794,0.8,0.7263189102097365,0.7
3,2025-03-03,3,Monday,global_popularity,500,192,260,0.7384615384615385,Overnight,Weekday,0.4407948213453434,0.4,0.44331216618797764,0.5,0.5627614687359885,0.6
3,2025-03-03,3,Monday,zone_hour_profile,500,192,260,0.7384615384615385,Overnight,Weekday,0.9804912105051368,0.6,0.967301354303492,0.8,0.9246399173058072,0.65
3,2025-03-03,3,Monday,same_hour_last_week,500,192,260,0.7384615384615385,Overnight,Weekday,0.9966437447989479,0.8,0.9642579734557246,0.7,0.9270054441554821,0.65
3,2025-03-03,3,Monday,trailing_4_week_profile,500,192,260,0.7384615384615385,Overnight,Weekday,0.7525323717427876,0.6,0.7508896332347634,0.8,0.7358175465146138,0.6
3,2025-03-03,3,Monday,global_popularity,1000,147,260,0.5653846153846154,Overnight,Weekday,0.4407948213453434,0.4,0.44331216618797764,0.5,0.5627614687359885,0.6
3,2025-03-03,3,Monday,zone_hour_profile,1000,147,260,0.5653846153846154,Overnight,Weekday,0.9804912105051368,0.6,0.967301354303492,0.8,0.9246399173058072,0.65
3,2025-03-03,3,Monday,same_hour_last_week,1000,147,260,0.5653846153846154,Overnight,Weekday,0.9966437447989479,0.8,0.9642579734557246,0.7,0.9270054441554821,0.65
3,2025-03-03,3,Monday,trailing_4_week_profile,1000,147,260,0.5653846153846154,Overnight,Weekday,0.7525323717427876,0.6,0.7508896332347634,0.8,0.7358175465146138,0.6
3,2025-03-03,4,Monday,global_popularity,500,192,260,0.7384615384615385,Overnight,Weekday,0.51950907335336,0.4,0.5696874863227761,0.5,0.6066782294784654,0.65
3,2025-03-03,4,Monday,zone_hour_profile,500,192,260,0.7384615384615385,Overnight,Weekday,0.8636953030178943,0.4,0.9005224741920889,0.7,0.8651166381839585,0.65
3,2025-03-03,4,Monday,same_hour_last_week,500,192,260,0.7384615384615385,Overnight,Weekday,0.858230353713989,0.4,0.7848566442491555,0.4,0.7857539872512043,0.55
3,2025-03-03,4,Monday,trailing_4_week_profile,500,192,260,0.7384615384615385,Overnight,Weekday,0.4796777473756908,0.2,0.5927923904638694,0.6,0.6072751809560595,0.6
3,2025-03-03,4,Monday,global_popularity,1000,147,260,0.5653846153846154,Overnight,Weekday,0.51950907335336,0.4,0.5696874863227761,0.5,0.6066782294784654,0.65
3,2025-03-03,4,Monday,zone_hour_profile,1000,147,260,0.5653846153846154,Overnight,Weekday,0.8636953030178943,0.4,0.9005224741920889,0.7,0.8651166381839585,0.65
3,2025-03-03,4,Monday,same_hour_last_week,1000,147,260,0.5653846153846154,Overnight,Weekday,0.858230353713989,0.4,0.7848566442491555,0.4,0.7857539872512043,0.55
3,2025-03-03,4,Monday,trailing_4_week_profile,1000,147,260,0.5653846153846154,Overnight,Weekday,0.4796777473756908,0.2,0.5927923904638694,0.6,0.6072751809560595,0.6
3,2025-03-03,5,Monday,global_popularity,500,192,260,0.7384615384615385,Overnight,Weekday,0.5162313929131632,0.4,0.5465389138618173,0.5,0.5867892693838622,0.65
3,2025-03-03,5,Monday,zone_hour_profile,500,192,260,0.7384615384615385,Overnight,Weekday,0.9799250011748719,0.8,0.9721461477319215,0.8,0.9696855832886716,0.85
3,2025-03-03,5,Monday,same_hour_last_week,500,192,260,0.7384615384615385,Overnight,Weekday,0.9760807163141652,0.6,0.9295320585264877,0.6,0.9566603938203915,0.8
3,2025-03-03,5,Monday,trailing_4_week_profile,500,192,260,0.7384615384615385,Overnight,Weekday,0.9706065138491984,0.6,0.9631921187589756,0.8,0.9657669980086383,0.8
3,2025-03-03,5,Monday,global_popularity,1000,147,260,0.5653846153846154,Overnight,Weekday,0.5162313929131632,0.4,0.5465389138618173,0.5,0.5867892693838622,0.65
3,2025-03-03,5,Monday,zone_hour_profile,1000,147,260,0.5653846153846154,Overnight,Weekday,0.9799250011748719,0.8,0.9721461477319215,0.8,0.9696855832886716,0.85
3,2025-03-03,5,Monday,same_hour_last_week,1000,147,260,0.5653846153846154,Overnight,Weekday,0.9760807163141652,0.6,0.9295320585264877,0.6,0.9566603938203915,0.8
3,2025-03-03,5,Monday,trailing_4_week_profile,1000,147,260,0.5653846153846154,Overnight,Weekday,0.9706065138491984,0.6,0.9631921187589756,0.8,0.9657669980086383,0.8
3,2025-03-03,6,Monday,global_popularity,500,192,260,0.7384615384615385,Morning,Weekday,0.5405880908207027,0.6,0.5725962003405949,0.5,0.6157496793900752,0.7
3,2025-03-03,6,Monday,zone_hour_profile,500,192,260,0.7384615384615385,Morning,Weekday,0.9874263011858676,0.8,0.9838294609777831,0.8,0.994416509304473,0.95
3,2025-03-03,6,Monday,same_hour_last_week,500,192,260,0.7384615384615385,Morning,Weekday,0.9853981864510297,0.8,0.9821700173440484,0.8,0.9892663353927965,0.9
3,2025-03-03,6,Monday,trailing_4_week_profile,500,192,260,0.7384615384615385,Morning,Weekday,0.9813135645062375,0.8,0.9831643036035482,0.9,0.9883121215920261,0.9
3,2025-03-03,6,Monday,global_popularity,1000,147,260,0.5653846153846154,Morning,Weekday,0.5405880908207027,0.6,0.5725962003405949,0.5,0.6157496793900752,0.7
3,2025-03-03,6,Monday,zone_hour_profile,1000,147,260,0.5653846153846154,Morning,Weekday,0.9874263011858676,0.8,0.9838294609777831,0.8,0.994416509304473,0.95
3,2025-03-03,6,Monday,same_hour_last_week,1000,147,260,0.5653846153846154,Morning,Weekday,0.9853981864510297,0.8,0.9821700173440484,0.8,0.9892663353927965,0.9
3,2025-03-03,6,Monday,trailing_4_week_profile,1000,147,260,0.5653846153846154,Morning,Weekday,0.9813135645062375,0.8,0.9831643036035482,0.9,0.9883121215920261,0.9
3,2025-03-03,7,Monday,global_popularity,500,192,260,0.7384615384615385,Morning,Weekday,0.6352138702770044,0.6,0.661018089036933,0.4,0.7156126945880472,0.65
3,2025-03-03,7,Monday,zone_hour_profile,500,192,260,0.7384615384615385,Morning,Weekday,0.8648143373903431,0.8,0.8782083452063243,0.8,0.8904554640845054,0.95
3,2025-03-03,7,Monday,same_hour_last_week,500,192,260,0.7384615384615385,Morning,Weekday,0.8597150428275052,0.8,0.8754132612092572,0.8,0.8842949022266225,0.9
3,2025-03-03,7,Monday,trailing_4_week_profile,500,192,260,0.7384615384615385,Morning,Weekday,0.8648143373903431,0.8,0.8782083452063243,0.8,0.8838725209943651,0.9
3,2025-03-03,7,Monday,global_popularity,1000,147,260,0.5653846153846154,Morning,Weekday,0.6352138702770044,0.6,0.661018089036933,0.4,0.7156126945880472,0.65
3,2025-03-03,7,Monday,zone_hour_profile,1000,147,260,0.5653846153846154,Morning,Weekday,0.8648143373903431,0.8,0.8782083452063243,0.8,0.8904554640845054,0.95
3,2025-03-03,7,Monday,same_hour_last_week,1000,147,260,0.5653846153846154,Morning,Weekday,0.8597150428275052,0.8,0.8754132612092572,0.8,0.8842949022266225,0.9
3,2025-03-03,7,Monday,trailing_4_week_profile,1000,147,260,0.5653846153846154,Morning,Weekday,0.8648143373903431,0.8,0.8782083452063243,0.8,0.8838725209943651,0.9
3,2025-03-03,8,Monday,global_popularity,500,192,260,0.7384615384615385,Morning,Weekday,0.7440676317430908,0.6,0.773070625239085,0.5,0.8304070448658818,0.7
3,2025-03-03,8,Monday,zone_hour_profile,500,192,260,0.7384615384615385,Morning,Weekday,0.8124179435127248,0.6,0.8390331338229211,0.7,0.9335441654237148,0.95
3,2025-03-03,8,Monday,same_hour_last_week,500,192,260,0.7384615384615385,Morning,Weekday,0.8144642561782138,0.6,0.8407513160952355,0.8,0.9355153207911128,0.95
3,2025-03-03,8,Monday,trailing_4_week_profile,500,192,260,0.7384615384615385,Morning,Weekday,0.8124179435127248,0.6,0.8389639962348184,0.7,0.9280946451671429,0.95
3,2025-03-03,8,Monday,global_popularity,1000,147,260,0.5653846153846154,Morning,Weekday,0.7440676317430908,0.6,0.773070625239085,0.5,0.8304070448658818,0.7
3,2025-03-03,8,Monday,zone_hour_profile,1000,147,260,0.5653846153846154,Morning,Weekday,0.8124179435127248,0.6,0.8390331338229211,0.7,0.9335441654237148,0.95
3,2025-03-03,8,Monday,same_hour_last_week,1000,147,260,0.5653846153846154,Morning,Weekday,0.8144642561782138,0.6,0.8407513160952355,0.8,0.9355153207911128,0.95
3,2025-03-03,8,Monday,trailing_4_week_profile,1000,147,260,0.5653846153846154,Morning,Weekday,0.8124179435127248,0.6,0.8389639962348184,0.7,0.9280946451671429,0.95
3,2025-03-03,9,Monday,global_popularity,500,192,260,0.7384615384615385,Morning,Weekday,0.6036990997871986,0.6,0.6610295116931072,0.6,0.7660190568411018,0.75
3,2025-03-03,9,Monday,zone_hour_profile,500,192,260,0.7384615384615385,Morning,Weekday,0.6393086959943326,0.6,0.7643155081004358,0.7,0.8508648366846476,0.95
3,2025-03-03,9,Monday,same_hour_last_week,500,192,260,0.7384615384615385,Morning,Weekday,0.6378213722327203,0.6,0.8227705915590144,0.8,0.861900181739131,0.95
3,2025-03-03,9,Monday,trailing_4_week_profile,500,192,260,0.7384615384615385,Morning,Weekday,0.6393086959943326,0.6,0.7706905443414352,0.8,0.8546621797420881,0.95
3,2025-03-03,9,Monday,global_popularity,1000,147,260,0.5653846153846154,Morning,Weekday,0.6036990997871986,0.6,0.6610295116931072,0.6,0.7660190568411018,0.75
3,2025-03-03,9,Monday,zone_hour_profile,1000,147,260,0.5653846153846154,Morning,Weekday,0.6393086959943326,0.6,0.7643155081004358,0.7,0.8508648366846476,0.95
3,2025-03-03,9,Monday,same_hour_last_week,1000,147,260,0.5653846153846154,Morning,Weekday,0.6378213722327203,0.6,0.8227705915590144,0.8,0.861900181739131,0.95
3,2025-03-03,9,Monday,trailing_4_week_profile,1000,147,260,0.5653846153846154,Morning,Weekday,0.6393086959943326,0.6,0.7706905443414352,0.8,0.8546621797420881,0.95
3,2025-03-03,10,Monday,global_popularity,500,192,260,0.7384615384615385,Midday,Weekday,0.5777796978709491,0.6,0.6355362829987812,0.7,0.7670816205080336,0.85
3,2025-03-03,10,Monday,zone_hour_profile,500,192,260,0.7384615384615385,Midday,Weekday,0.7576645224998966,0.8,0.7730120785502003,0.8,0.8465211009816628,0.9
3,2025-03-03,10,Monday,same_hour_last_week,500,192,260,0.7384615384615385,Midday,Weekday,0.8020421128468781,0.8,0.8603424769888869,0.8,0.8883230791371315,0.9
3,2025-03-03,10,Monday,trailing_4_week_profile,500,192,260,0.7384615384615385,Midday,Weekday,0.7576645224998966,0.8,0.7730120785502003,0.8,0.8451214442136067,0.9
3,2025-03-03,10,Monday,global_popularity,1000,147,260,0.5653846153846154,Midday,Weekday,0.5777796978709491,0.6,0.6355362829987812,0.7,0.7670816205080336,0.85
3,2025-03-03,10,Monday,zone_hour_profile,1000,147,260,0.5653846153846154,Midday,Weekday,0.7576645224998966,0.8,0.7730120785502003,0.8,0.8465211009816628,0.9
3,2025-03-03,10,Monday,same_hour_last_week,1000,147,260,0.5653846153846154,Midday,Weekday,0.8020421128468781,0.8,0.8603424769888869,0.8,0.8883230791371315,0.9
3,2025-03-03,10,Monday,trailing_4_week_profile,1000,147,260,0.5653846153846154,Midday,Weekday,0.7576645224998966,0.8,0.7730120785502003,0.8,0.8451214442136067,0.9
3,2025-03-03,11,Monday,global_popularity,500,192,260,0.7384615384615385,Midday,Weekday,0.7740698714981509,0.8,0.7865858540667282,0.7,0.8638734352666624,0.85
3,2025-03-03,11,Monday,zone_hour_profile,500,192,260,0.7384615384615385,Midday,Weekday,0.6693403855637368,0.6,0.7996581429304793,0.8,0.87776715979241,0.95
3,2025-03-03,11,Monday,same_hour_last_week,500,192,260,0.7384615384615385,Midday,Weekday,0.6384053634456766,0.6,0.7600404800023118,0.7,0.8608746233034197,0.9
3,2025-03-03,11,Monday,trailing_4_week_profile,500,192,260,0.7384615384615385,Midday,Weekday,0.6693403855637368,0.6,0.7921842169757026,0.8,0.8766806023770798,0.95
3,2025-03-03,11,Monday,global_popularity,1000,147,260,0.5653846153846154,Midday,Weekday,0.7740698714981509,0.8,0.7865858540667282,0.7,0.8638734352666624,0.85
3,2025-03-03,11,Monday,zone_hour_profile,1000,147,260,0.5653846153846154,Midday,Weekday,0.6693403855637368,0.6,0.7996581429304793,0.8,0.87776715979241,0.95
3,2025-03-03,11,Monday,same_hour_last_week,1000,147,260,0.5653846153846154,Midday,Weekday,0.6384053634456766,0.6,0.7600404800023118,0.7,0.8608746233034197,0.9
3,2025-03-03,11,Monday,trailing_4_week_profile,1000,147,260,0.5653846153846154,Midday,Weekday,0.6693403855637368,0.6,0.7921842169757026,0.8,0.8766806023770798,0.95
3,2025-03-03,12,Monday,global_popularity,500,192,260,0.7384615384615385,Midday,Weekday,0.7082247546718221,0.8,0.73231178681328,0.8,0.806739913994611,0.85
3,2025-03-03,12,Monday,zone_hour_profile,500,192,260,0.7384615384615385,Midday,Weekday,0.623202923004386,0.8,0.7685934376141434,0.8,0.8126934352728961,0.9
3,2025-03-03,12,Monday,same_hour_last_week,500,192,260,0.7384615384615385,Midday,Weekday,0.6740923875616708,0.8,0.7853596305091379,0.8,0.8273633886630433,0.95
3,2025-03-03,12,Monday,trailing_4_week_profile,500,192,260,0.7384615384615385,Midday,Weekday,0.623202923004386,0.8,0.7667708835190278,0.8,0.8129139857051471,0.95
3,2025-03-03,12,Monday,global_popularity,1000,147,260,0.5653846153846154,Midday,Weekday,0.7082247546718221,0.8,0.73231178681328,0.8,0.806739913994611,0.85
3,2025-03-03,12,Monday,zone_hour_profile,1000,147,260,0.5653846153846154,Midday,Weekday,0.623202923004386,0.8,0.7685934376141434,0.8,0.8126934352728961,0.9
3,2025-03-03,12,Monday,same_hour_last_week,1000,147,260,0.5653846153846154,Midday,Weekday,0.6740923875616708,0.8,0.7853596305091379,0.8,0.8273633886630433,0.95
3,2025-03-03,12,Monday,trailing_4_week_profile,1000,147,260,0.5653846153846154,Midday,Weekday,0.623202923004386,0.8,0.7667708835190278,0.8,0.8129139857051471,0.95
3,2025-03-03,13,Monday,global_popularity,500,192,260,0.7384615384615385,Midday,Weekday,0.7006603233864994,0.8,0.7283123624420056,0.6,0.7998382176524171,0.85
3,2025-03-03,13,Monday,zone_hour_profile,500,192,260,0.7384615384615385,Midday,Weekday,0.6652655102485783,0.8,0.7540043961711344,0.8,0.8040097261990692,0.95
3,2025-03-03,13,Monday,same_hour_last_week,500,192,260,0.7384615384615385,Midday,Weekday,0.6754779767305242,0.8,0.787068339563052,0.8,0.8107508013863653,0.85
3,2025-03-03,13,Monday,trailing_4_week_profile,500,192,260,0.7384615384615385,Midday,Weekday,0.6809995898690427,0.8,0.7070821876027148,0.7,0.7966161142421095,0.9
3,2025-03-03,13,Monday,global_popularity,1000,147,260,0.5653846153846154,Midday,Weekday,0.7006603233864994,0.8,0.7283123624420056,0.6,0.7998382176524171,0.85
3,2025-03-03,13,Monday,zone_hour_profile,1000,147,260,0.5653846153846154,Midday,Weekday,0.6652655102485783,0.8,0.7540043961711344,0.8,0.8040097261990692,0.95
3,2025-03-03,13,Monday,same_hour_last_week,1000,147,260,0.5653846153846154,Midday,Weekday,0.6754779767305242,0.8,0.787068339563052,0.8,0.8107508013863653,0.85
3,2025-03-03,13,Monday,trailing_4_week_profile,1000,147,260,0.5653846153846154,Midday,Weekday,0.6809995898690427,0.8,0.7070821876027148,0.7,0.7966161142421095,0.9
3,2025-03-03,14,Monday,global_popularity,500,192,260,0.7384615384615385,Midday,Weekday,0.6291986992108781,0.8,0.656542201709907,0.6,0.7593521399667511,0.85
3,2025-03-03,14,Monday,zone_hour_profile,500,192,260,0.7384615384615385,Midday,Weekday,0.7632017183188837,1.0,0.7809746250022599,0.8,0.8201264640828146,0.95
3,2025-03-03,14,Monday,same_hour_last_week,500,192,260,0.7384615384615385,Midday,Weekday,0.7632017183188837,1.0,0.7778831733957258,0.7,0.8023731469659078,0.9
3,2025-03-03,14,Monday,trailing_4_week_profile,500,192,260,0.7384615384615385,Midday,Weekday,0.7632017183188837,1.0,0.7809746250022599,0.8,0.8201683468239523,0.95
3,2025-03-03,14,Monday,global_popularity,1000,147,260,0.5653846153846154,Midday,Weekday,0.6291986992108781,0.8,0.656542201709907,0.6,0.7593521399667511,0.85
3,2025-03-03,14,Monday,zone_hour_profile,1000,147,260,0.5653846153846154,Midday,Weekday,0.7632017183188837,1.0,0.7809746250022599,0.8,0.8201264640828146,0.95
3,2025-03-03,14,Monday,same_hour_last_week,1000,147,260,0.5653846153846154,Midday,Weekday,0.7632017183188837,1.0,0.7778831733957258,0.7,0.8023731469659078,0.9
3,2025-03-03,14,Monday,trailing_4_week_profile,1000,147,260,0.5653846153846154,Midday,Weekday,0.7632017183188837,1.0,0.7809746250022599,0.8,0.8201683468239523,0.95
3,2025-03-03,15,Monday,global_popularity,500,192,260,0.7384615384615385,Midday,Weekday,0.6912937388904823,0.8,0.7193095094153041,0.6,0.7820125303589516,0.85
3,2025-03-03,15,Monday,zone_hour_profile,500,192,260,0.7384615384615385,Midday,Weekday,0.8092298735341258,1.0,0.8196566179087107,0.7,0.8571147139746645,0.95
3,2025-03-03,15,Monday,same_hour_last_week,500,192,260,0.7384615384615385,Midday,Weekday,0.7036940774449589,0.8,0.7947870380322645,0.7,0.8256856513501243,0.95
3,2025-03-03,15,Monday,trailing_4_week_profile,500,192,260,0.7384615384615385,Midday,Weekday,0.8092298735341258,1.0,0.8217440026952054,0.8,0.8615944279129701,1.0
3,2025-03-03,15,Monday,global_popularity,1000,147,260,0.5653846153846154,Midday,Weekday,0.6912937388904823,0.8,0.7193095094153041,0.6,0.7820125303589516,0.85
3,2025-03-03,15,Monday,zone_hour_profile,1000,147,260,0.5653846153846154,Midday,Weekday,0.8092298735341258,1.0,0.8196566179087107,0.7,0.8571147139746645,0.95
3,2025-03-03,15,Monday,same_hour_last_week,1000,147,260,0.5653846153846154,Midday,Weekday,0.7036940774449589,0.8,0.7947870380322645,0.7,0.8256856513501243,0.95
3,2025-03-03,15,Monday,trailing_4_week_profile,1000,147,260,0.5653846153846154,Midday,Weekday,0.8092298735341258,1.0,0.8217440026952054,0.8,0.8615944279129701,1.0
3,2025-03-03,16,Monday,global_popularity,500,192,260,0.7384615384615385,Evening,Weekday,0.5994388125376438,0.8,0.621596389365116,0.6,0.6990298367655758,0.8
3,2025-03-03,16,Monday,zone_hour_profile,500,192,260,0.7384615384615385,Evening,Weekday,0.8714359736038843,0.8,0.9475251898260575,0.9,0.9573354547001033,0.95
3,2025-03-03,16,Monday,same_hour_last_week,500,192,260,0.7384615384615385,Evening,Weekday,0.8764811714854998,0.8,0.9395789601350462,0.8,0.9447175239854466,0.9
3,2025-03-03,16,Monday,trailing_4_week_profile,500,192,260,0.7384615384615385,Evening,Weekday,0.872828837978499,0.8,0.9296971152438585,0.8,0.9538978875621313,0.95
3,2025-03-03,16,Monday,global_popularity,1000,147,260,0.5653846153846154,Evening,Weekday,0.5994388125376438,0.8,0.621596389365116,0.6,0.6990298367655758,0.8
3,2025-03-03,16,Monday,zone_hour_profile,1000,147,260,0.5653846153846154,Evening,Weekday,0.8714359736038843,0.8,0.9475251898260575,0.9,0.9573354547001033,0.95
3,2025-03-03,16,Monday,same_hour_last_week,1000,147,260,0.5653846153846154,Evening,Weekday,0.8764811714854998,0.8,0.9395789601350462,0.8,0.9447175239854466,0.9
3,2025-03-03,16,Monday,trailing_4_week_profile,1000,147,260,0.5653846153846154,Evening,Weekday,0.872828837978499,0.8,0.9296971152438585,0.8,0.9538978875621313,0.95
3,2025-03-03,17,Monday,global_popularity,500,192,260,0.7384615384615385,Evening,Weekday,0.6966713067341795,0.6,0.7157692750912272,0.7,0.7742521213822435,0.85
3,2025-03-03,17,Monday,zone_hour_profile,500,192,260,0.7384615384615385,Evening,Weekday,0.6952677306036452,0.8,0.7621048306234529,0.8,0.8013949118838819,0.95
3,2025-03-03,17,Monday,same_hour_last_week,500,192,260,0.7384615384615385,Evening,Weekday,0.6952677306036452,0.8,0.7570057331769658,0.8,0.7953230322764563,0.95
3,2025-03-03,17,Monday,trailing_4_week_profile,500,192,260,0.7384615384615385,Evening,Weekday,0.7138167964116294,0.8,0.7804150202769496,0.8,0.8153550864171699,0.95
3,2025-03-03,17,Monday,global_popularity,1000,147,260,0.5653846153846154,Evening,Weekday,0.6966713067341795,0.6,0.7157692750912272,0.7,0.7742521213822435,0.85
3,2025-03-03,17,Monday,zone_hour_profile,1000,147,260,0.5653846153846154,Evening,Weekday,0.6952677306036452,0.8,0.7621048306234529,0.8,0.8013949118838819,0.95
3,2025-03-03,17,Monday,same_hour_last_week,1000,147,260,0.5653846153846154,Evening,Weekday,0.6952677306036452,0.8,0.7570057331769658,0.8,0.7953230322764563,0.95
3,2025-03-03,17,Monday,trailing_4_week_profile,1000,147,260,0.5653846153846154,Evening,Weekday,0.7138167964116294,0.8,0.7804150202769496,0.8,0.8153550864171699,0.95
3,2025-03-03,18,Monday,global_popularity,500,192,260,0.7384615384615385,Evening,Weekday,0.8127645299495467,0.6,0.8205099832243197,0.7,0.856999663388454,0.9
3,2025-03-03,18,Monday,zone_hour_profile,500,192,260,0.7384615384615385,Evening,Weekday,0.815167967550167,0.8,0.8160694788643574,0.7,0.8806031239975669,1.0
3,2025-03-03,18,Monday,same_hour_last_week,500,192,260,0.7384615384615385,Evening,Weekday,0.8136705639879324,0.8,0.8417027917605427,0.8,0.8808509333632121,1.0
3,2025-03-03,18,Monday,trailing_4_week_profile,500,192,260,0.7384615384615385,Evening,Weekday,0.8136705639879324,0.8,0.8150006522171593,0.7,0.8789740698675664,0.95
3,2025-03-03,18,Monday,global_popularity,1000,147,260,0.5653846153846154,Evening,Weekday,0.8127645299495467,0.6,0.8205099832243197,0.7,0.856999663388454,0.9
3,2025-03-03,18,Monday,zone_hour_profile,1000,147,260,0.5653846153846154,Evening,Weekday,0.815167967550167,0.8,0.8160694788643574,0.7,0.8806031239975669,1.0
3,2025-03-03,18,Monday,same_hour_last_week,1000,147,260,0.5653846153846154,Evening,Weekday,0.8136705639879324,0.8,0.8417027917605427,0.8,0.8808509333632121,1.0
3,2025-03-03,18,Monday,trailing_4_week_profile,1000,147,260,0.5653846153846154,Evening,Weekday,0.8136705639879324,0.8,0.8150006522171593,0.7,0.8789740698675664,0.95
3,2025-03-03,19,Monday,global_popularity,500,192,260,0.7384615384615385,Evening,Weekday,0.6485571217517322,0.6,0.6904885601085364,0.8,0.7596204118170585,0.85
3,2025-03-03,19,Monday,zone_hour_profile,500,192,260,0.7384615384615385,Evening,Weekday,0.8265081537141673,1.0,0.8487690170412958,0.9,0.8639850386095672,0.9
3,2025-03-03,19,Monday,same_hour_last_week,500,192,260,0.7384615384615385,Evening,Weekday,0.8265081537141673,1.0,0.8501055092821483,1.0,0.8665889624435901,0.95
3,2025-03-03,19,Monday,trailing_4_week_profile,500,192,260,0.7384615384615385,Evening,Weekday,0.8265081537141673,1.0,0.8482926321788046,0.9,0.8634617857619235,0.9
3,2025-03-03,19,Monday,global_popularity,1000,147,260,0.5653846153846154,Evening,Weekday,0.6485571217517322,0.6,0.6904885601085364,0.8,0.7596204118170585,0.85
3,2025-03-03,19,Monday,zone_hour_profile,1000,147,260,0.5653846153846154,Evening,Weekday,0.8265081537141673,1.0,0.8487690170412958,0.9,0.8639850386095672,0.9
3,2025-03-03,19,Monday,same_hour_last_week,1000,147,260,0.5653846153846154,Evening,Weekday,0.8265081537141673,1.0,0.8501055092821483,1.0,0.8665889624435901,0.95
3,2025-03-03,19,Monday,trailing_4_week_profile,1000,147,260,0.5653846153846154,Evening,Weekday,0.8265081537141673,1.0,0.8482926321788046,0.9,0.8634617857619235,0.9
3,2025-03-03,20,Monday,global_popularity,500,192,260,0.7384615384615385,Evening,Weekday,0.6640424931312054,0.6,0.711926611005123,0.8,0.8013226434781988,0.95
3,2025-03-03,20,Monday,zone_hour_profile,500,192,260,0.7384615384615385,Evening,Weekday,0.8629180520745128,0.8,0.8765381137332384,0.8,0.8991401319509583,0.95
3,2025-03-03,20,Monday,same_hour_last_week,500,192,260,0.7384615384615385,Evening,Weekday,0.8103128395479778,0.8,0.8335717883231194,0.9,0.8575913927254972,0.95
3,2025-03-03,20,Monday,trailing_4_week_profile,500,192,260,0.7384615384615385,Evening,Weekday,0.8617812750935785,0.8,0.8816217626780493,0.9,0.8984378631426868,0.95
3,2025-03-03,20,Monday,global_popularity,1000,147,260,0.5653846153846154,Evening,Weekday,0.6640424931312054,0.6,0.711926611005123,0.8,0.8013226434781988,0.95
3,2025-03-03,20,Monday,zone_hour_profile,1000,147,260,0.5653846153846154,Evening,Weekday,0.8629180520745128,0.8,0.8765381137332384,0.8,0.8991401319509583,0.95
3,2025-03-03,20,Monday,same_hour_last_week,1000,147,260,0.5653846153846154,Evening,Weekday,0.8103128395479778,0.8,0.8335717883231194,0.9,0.8575913927254972,0.95
3,2025-03-03,20,Monday,trailing_4_week_profile,1000,147,260,0.5653846153846154,Evening,Weekday,0.8617812750935785,0.8,0.8816217626780493,0.9,0.8984378631426868,0.95
3,2025-03-03,21,Monday,global_popularity,500,192,260,0.7384615384615385,Late evening,Weekday,0.67648430645625,0.6,0.7342230250550709,0.7,0.8045327209785956,0.85
3,2025-03-03,21,Monday,zone_hour_profile,500,192,260,0.7384615384615385,Late evening,Weekday,0.9850854786805134,1.0,0.9705186852938517,0.8,0.9841724749609944,0.95
3,2025-03-03,21,Monday,same_hour_last_week,500,192,260,0.7384615384615385,Late evening,Weekday,0.7887769734695611,0.6,0.8477971722114047,0.8,0.8925384801120507,0.9
3,2025-03-03,21,Monday,trailing_4_week_profile,500,192,260,0.7384615384615385,Late evening,Weekday,0.8514980993711253,0.8,0.8781848413782564,0.8,0.9043225057813623,0.95
3,2025-03-03,21,Monday,global_popularity,1000,147,260,0.5653846153846154,Late evening,Weekday,0.67648430645625,0.6,0.7342230250550709,0.7,0.8045327209785956,0.85
3,2025-03-03,21,Monday,zone_hour_profile,1000,147,260,0.5653846153846154,Late evening,Weekday,0.9850854786805134,1.0,0.9705186852938517,0.8,0.9841724749609944,0.95
3,2025-03-03,21,Monday,same_hour_last_week,1000,147,260,0.5653846153846154,Late evening,Weekday,0.7887769734695611,0.6,0.8477971722114047,0.8,0.8925384801120507,0.9
3,2025-03-03,21,Monday,trailing_4_week_profile,1000,147,260,0.5653846153846154,Late evening,Weekday,0.8514980993711253,0.8,0.8781848413782564,0.8,0.9043225057813623,0.95
3,2025-03-03,22,Monday,global_popularity,500,192,260,0.7384615384615385,Late evening,Weekday,0.5685407217117215,0.6,0.6188175527783536,0.7,0.6911158397727815,0.85
3,2025-03-03,22,Monday,zone_hour_profile,500,192,260,0.7384615384615385,Late evening,Weekday,0.9728198300706067,1.0,0.958335553001845,0.8,0.9663203215035405,0.85
3,2025-03-03,22,Monday,same_hour_last_week,500,192,260,0.7384615384615385,Late evening,Weekday,0.9811678540352267,0.8,0.9826824457452593,0.9,0.987971116826359,0.9
3,2025-03-03,22,Monday,trailing_4_week_profile,500,192,260,0.7384615384615385,Late evening,Weekday,0.9715944888944515,1.0,0.970532545405154,0.9,0.9659328761907505,0.85
3,2025-03-03,22,Monday,global_popularity,1000,147,260,0.5653846153846154,Late evening,Weekday,0.5685407217117215,0.6,0.6188175527783536,0.7,0.6911158397727815,0.85
3,2025-03-03,22,Monday,zone_hour_profile,1000,147,260,0.5653846153846154,Late evening,Weekday,0.9728198300706067,1.0,0.958335553001845,0.8,0.9663203215035405,0.85
3,2025-03-03,22,Monday,same_hour_last_week,1000,147,260,0.5653846153846154,Late evening,Weekday,0.9811678540352267,0.8,0.9826824457452593,0.9,0.987971116826359,0.9
3,2025-03-03,22,Monday,trailing_4_week_profile,1000,147,260,0.5653846153846154,Late evening,Weekday,0.9715944888944515,1.0,0.970532545405154,0.9,0.9659328761907505,0.85
3,2025-03-03,23,Monday,global_popularity,500,192,260,0.7384615384615385,Late evening,Weekday,0.3622744840293502,0.4,0.42675548783936595,0.6,0.558679645032894,0.8
3,2025-03-03,23,Monday,zone_hour_profile,500,192,260,0.7384615384615385,Late evening,Weekday,0.9502986009682304,0.6,0.9685370740963211,0.8,0.9740125661753837,0.95
3,2025-03-03,23,Monday,same_hour_last_week,500,192,260,0.7384615384615385,Late evening,Weekday,0.9525087996751281,0.6,0.936813017558141,0.6,0.9735717829904965,0.85
3,2025-03-03,23,Monday,trailing_4_week_profile,500,192,260,0.7384615384615385,Late evening,Weekday,0.9502986009682304,0.6,0.9759671104125682,0.8,0.979819166968871,0.9
3,2025-03-03,23,Monday,global_popularity,1000,147,260,0.5653846153846154,Late evening,Weekday,0.3622744840293502,0.4,0.42675548783936595,0.6,0.558679645032894,0.8
3,2025-03-03,23,Monday,zone_hour_profile,1000,147,260,0.5653846153846154,Late evening,Weekday,0.9502986009682304,0.6,0.9685370740963211,0.8,0.9740125661753837,0.95
3,2025-03-03,23,Monday,same_hour_last_week,1000,147,260,0.5653846153846154,Late evening,Weekday,0.9525087996751281,0.6,0.936813017558141,0.6,0.9735717829904965,0.85
3,2025-03-03,23,Monday,trailing_4_week_profile,1000,147,260,0.5653846153846154,Late evening,Weekday,0.9502986009682304,0.6,0.9759671104125682,0.8,0.979819166968871,0.9
3,2025-03-04,0,Tuesday,global_popularity,500,192,260,0.7384615384615385,Overnight,Weekday,0.4442933689464859,0.4,0.4745769942159674,0.6,0.5343789737627676,0.75
3,2025-03-04,0,Tuesday,zone_hour_profile,500,192,260,0.7384615384615385,Overnight,Weekday,0.9808044382421632,0.8,0.9693603898775726,0.5,0.9826074811089597,0.85
3,2025-03-04,0,Tuesday,same_hour_last_week,500,192,260,0.7384615384615385,Overnight,Weekday,0.9691603776174224,0.6,0.9729698543032943,0.6,0.9767732475118139,0.85
3,2025-03-04,0,Tuesday,trailing_4_week_profile,500,192,260,0.7384615384615385,Overnight,Weekday,0.9621112130924837,0.6,0.9721436101916664,0.6,0.9823878219383931,0.9
3,2025-03-04,0,Tuesday,global_popularity,1000,147,260,0.5653846153846154,Overnight,Weekday,0.4442933689464859,0.4,0.4745769942159674,0.6,0.5343789737627676,0.75
3,2025-03-04,0,Tuesday,zone_hour_profile,1000,147,260,0.5653846153846154,Overnight,Weekday,0.9808044382421632,0.8,0.9693603898775726,0.5,0.9826074811089597,0.85
3,2025-03-04,0,Tuesday,same_hour_last_week,1000,147,260,0.5653846153846154,Overnight,Weekday,0.9691603776174224,0.6,0.9729698543032943,0.6,0.9767732475118139,0.85
3,2025-03-04,0,Tuesday,trailing_4_week_profile,1000,147,260,0.5653846153846154,Overnight,Weekday,0.9621112130924837,0.6,0.9721436101916664,0.6,0.9823878219383931,0.9
3,2025-03-04,1,Tuesday,global_popularity,500,192,260,0.7384615384615385,Overnight,Weekday,0.44732050722828276,0.4,0.5024655982829831,0.6,0.5850278312701149,0.75
3,2025-03-04,1,Tuesday,zone_hour_profile,500,192,260,0.7384615384615385,Overnight,Weekday,0.9398032035312571,0.6,0.9751912611415062,0.8,0.9637179719214962,0.85
3,2025-03-04,1,Tuesday,same_hour_last_week,500,192,260,0.7384615384615385,Overnight,Weekday,0.8964057539434298,0.6,0.9306011392857336,0.8,0.9364364357230334,0.9
3,2025-03-04,1,Tuesday,trailing_4_week_profile,500,192,260,0.7384615384615385,Overnight,Weekday,0.9430234274741962,0.6,0.9780732932693569,0.8,0.9639643194547979,0.8
3,2025-03-04,1,Tuesday,global_popularity,1000,147,260,0.5653846153846154,Overnight,Weekday,0.44732050722828276,0.4,0.5024655982829831,0.6,0.5850278312701149,0.75
3,2025-03-04,1,Tuesday,zone_hour_profile,1000,147,260,0.5653846153846154,Overnight,Weekday,0.9398032035312571,0.6,0.9751912611415062,0.8,0.9637179719214962,0.85
3,2025-03-04,1,Tuesday,same_hour_last_week,1000,147,260,0.5653846153846154,Overnight,Weekday,0.8964057539434298,0.6,0.9306011392857336,0.8,0.9364364357230334,0.9
3,2025-03-04,1,Tuesday,trailing_4_week_profile,1000,147,260,0.5653846153846154,Overnight,Weekday,0.9430234274741962,0.6,0.9780732932693569,0.8,0.9639643194547979,0.8
3,2025-03-04,2,Tuesday,global_popularity,500,192,260,0.7384615384615385,Overnight,Weekday,0.4951196341596167,0.6,0.5276897123193147,0.5,0.6094879128356256,0.6
3,2025-03-04,2,Tuesday,zone_hour_profile,500,192,260,0.7384615384615385,Overnight,Weekday,0.7971455811057356,0.4,0.8543510431513237,0.7,0.8789511651128488,0.65
3,2025-03-04,2,Tuesday,same_hour_last_week,500,192,260,0.7384615384615385,Overnight,Weekday,0.2283971085063412,0.2,0.47538158934808156,0.6,0.569832973659621,0.65
3,2025-03-04,2,Tuesday,trailing_4_week_profile,500,192,260,0.7384615384615385,Overnight,Weekday,0.5449626781871507,0.4,0.655521363338035,0.7,0.6730825090568546,0.65
3,2025-03-04,2,Tuesday,global_popularity,1000,147,260,0.5653846153846154,Overnight,Weekday,0.4951196341596167,0.6,0.5276897123193147,0.5,0.6094879128356256,0.6
3,2025-03-04,2,Tuesday,zone_hour_profile,1000,147,260,0.5653846153846154,Overnight,Weekday,0.7971455811057356,0.4,0.8543510431513237,0.7,0.8789511651128488,0.65
3,2025-03-04,2,Tuesday,same_hour_last_week,1000,147,260,0.5653846153846154,Overnight,Weekday,0.2283971085063412,0.2,0.47538158934808156,0.6,0.569832973659621,0.65
3,2025-03-04,2,Tuesday,trailing_4_week_profile,1000,147,260,0.5653846153846154,Overnight,Weekday,0.5449626781871507,0.4,0.655521363338035,0.7,0.6730825090568546,0.65
3,2025-03-04,3,Tuesday,global_popularity,500,192,260,0.7384615384615385,Overnight,Weekday,0.5346395380748623,0.6,0.5503500148063752,0.4,0.6088075830768922,0.55
3,2025-03-04,3,Tuesday,zone_hour_profile,500,192,260,0.7384615384615385,Overnight,Weekday,0.4801951740338197,0.4,0.524048897650716,0.4,0.5517423826112838,0.45
3,2025-03-04,3,Tuesday,same_hour_last_week,500,192,260,0.7384615384615385,Overnight,Weekday,0.9162509679638627,0.4,0.8970296939450088,0.6,0.9219289257565894,0.65
3,2025-03-04,3,Tuesday,trailing_4_week_profile,500,192,260,0.7384615384615385,Overnight,Weekday,0.8368246711188289,0.4,0.831972485563101,0.5,0.8283207566782963,0.6
3,2025-03-04,3,Tuesday,global_popularity,1000,147,260,0.5653846153846154,Overnight,Weekday,0.5346395380748623,0.6,0.5503500148063752,0.4,0.6088075830768922,0.55
3,2025-03-04,3,Tuesday,zone_hour_profile,1000,147,260,0.5653846153846154,Overnight,Weekday,0.4801951740338197,0.4,0.524048897650716,0.4,0.5517423826112838,0.45
3,2025-03-04,3,Tuesday,same_hour_last_week,1000,147,260,0.5653846153846154,Overnight,Weekday,0.9162509679638627,0.4,0.8970296939450088,0.6,0.9219289257565894,0.65
3,2025-03-04,3,Tuesday,trailing_4_week_profile,1000,147,260,0.5653846153846154,Overnight,Weekday,0.8368246711188289,0.4,0.831972485563101,0.5,0.8283207566782963,0.6
3,2025-03-04,4,Tuesday,global_popularity,500,192,260,0.7384615384615385,Overnight,Weekday,0.5681546882591253,0.6,0.6271024760990886,0.5,0.653728244739978,0.65
3,2025-03-04,4,Tuesday,zone_hour_profile,500,192,260,0.7384615384615385,Overnight,Weekday,0.9031060267822548,0.6,0.8826053850141273,0.6,0.8581878042883041,0.65
3,2025-03-04,4,Tuesday,same_hour_last_week,500,192,260,0.7384615384615385,Overnight,Weekday,0.8961030990408808,0.6,0.8868082203617368,0.5,0.8153479220854635,0.5
3,2025-03-04,4,Tuesday,trailing_4_week_profile,500,192,260,0.7384615384615385,Overnight,Weekday,0.8926505792131005,0.6,0.8808716916315756,0.6,0.8631953649652407,0.7
3,2025-03-04,4,Tuesday,global_popularity,1000,147,260,0.5653846153846154,Overnight,Weekday,0.5681546882591253,0.6,0.6271024760990886,0.5,0.653728244739978,0.65
3,2025-03-04,4,Tuesday,zone_hour_profile,1000,147,260,0.5653846153846154,Overnight,Weekday,0.9031060267822548,0.6,0.8826053850141273,0.6,0.8581878042883041,0.65
3,2025-03-04,4,Tuesday,same_hour_last_week,1000,147,260,0.5653846153846154,Overnight,Weekday,0.8961030990408808,0.6,0.8868082203617368,0.5,0.8153479220854635,0.5
3,2025-03-04,4,Tuesday,trailing_4_week_profile,1000,147,260,0.5653846153846154,Overnight,Weekday,0.8926505792131005,0.6,0.8808716916315756,0.6,0.8631953649652407,0.7
3,2025-03-04,5,Tuesday,global_popularity,500,192,260,0.7384615384615385,Overnight,Weekday,0.4897433139555811,0.4,0.5353638739640822,0.5,0.554444044132403,0.6
3,2025-03-04,5,Tuesday,zone_hour_profile,500,192,260,0.7384615384615385,Overnight,Weekday,0.979929646234033,0.8,0.9762272795530521,0.9,0.9749484918936652,0.75
3,2025-03-04,5,Tuesday,same_hour_last_week,500,192,260,0.7384615384615385,Overnight,Weekday,0.9755668481247377,0.8,0.9664791134517708,0.8,0.9524879921834469,0.7
3,2025-03-04,5,Tuesday,trailing_4_week_profile,500,192,260,0.7384615384615385,Overnight,Weekday,0.979929646234033,0.8,0.976408882051134,0.9,0.9705285614314073,0.75
3,2025-03-04,5,Tuesday,global_popularity,1000,147,260,0.5653846153846154,Overnight,Weekday,0.4897433139555811,0.4,0.5353638739640822,0.5,0.554444044132403,0.6
3,2025-03-04,5,Tuesday,zone_hour_profile,1000,147,260,0.5653846153846154,Overnight,Weekday,0.979929646234033,0.8,0.9762272795530521,0.9,0.9749484918936652,0.75
3,2025-03-04,5,Tuesday,same_hour_last_week,1000,147,260,0.5653846153846154,Overnight,Weekday,0.9755668481247377,0.8,0.9664791134517708,0.8,0.9524879921834469,0.7
3,2025-03-04,5,Tuesday,trailing_4_week_profile,1000,147,260,0.5653846153846154,Overnight,Weekday,0.979929646234033,0.8,0.976408882051134,0.9,0.9705285614314073,0.75
3,2025-03-04,6,Tuesday,global_popularity,500,192,260,0.7384615384615385,Morning,Weekday,0.5931278815544325,0.4,0.634264012135008,0.6,0.6594468440888361,0.65
3,2025-03-04,6,Tuesday,zone_hour_profile,500,192,260,0.7384615384615385,Morning,Weekday,0.7882317253903669,0.8,0.8160269183747849,0.8,0.8430747927914615,0.9
3,2025-03-04,6,Tuesday,same_hour_last_week,500,192,260,0.7384615384615385,Morning,Weekday,0.9882901884251941,0.8,0.9878340745006264,0.8,0.976900300333701,0.9
3,2025-03-04,6,Tuesday,trailing_4_week_profile,500,192,260,0.7384615384615385,Morning,Weekday,0.7836102323094045,0.8,0.8112138885345672,0.8,0.83861118662473,0.9
3,2025-03-04,6,Tuesday,global_popularity,1000,147,260,0.5653846153846154,Morning,Weekday,0.5931278815544325,0.4,0.634264012135008,0.6,0.6594468440888361,0.65
3,2025-03-04,6,Tuesday,zone_hour_profile,1000,147,260,0.5653846153846154,Morning,Weekday,0.7882317253903669,0.8,0.8160269183747849,0.8,0.8430747927914615,0.9
3,2025-03-04,6,Tuesday,same_hour_last_week,1000,147,260,0.5653846153846154,Morning,Weekday,0.9882901884251941,0.8,0.9878340745006264,0.8,0.976900300333701,0.9
3,2025-03-04,6,Tuesday,trailing_4_week_profile,1000,147,260,0.5653846153846154,Morning,Weekday,0.7836102323094045,0.8,0.8112138885345672,0.8,0.83861118662473,0.9
3,2025-03-04,7,Tuesday,global_popularity,500,192,260,0.7384615384615385,Morning,Weekday,0.6871845123130889,0.6,0.7156921260523299,0.6,0.7689086690886155,0.7
3,2025-03-04,7,Tuesday,zone_hour_profile,500,192,260,0.7384615384615385,Morning,Weekday,0.6909537717330347,0.6,0.8177287129191243,0.8,0.8674844602290905,0.95
3,2025-03-04,7,Tuesday,same_hour_last_week,500,192,260,0.7384615384615385,Morning,Weekday,0.8272217418276071,0.8,0.8420075540390713,0.8,0.8626973630491324,0.9
3,2025-03-04,7,Tuesday,trailing_4_week_profile,500,192,260,0.7384615384615385,Morning,Weekday,0.6805202676805738,0.6,0.8162898802722628,0.8,0.8664460979760582,0.95
3,2025-03-04,7,Tuesday,global_popularity,1000,147,260,0.5653846153846154,Morning,Weekday,0.6871845123130889,0.6,0.7156921260523299,0.6,0.7689086690886155,0.7
3,2025-03-04,7,Tuesday,zone_hour_profile,1000,147,260,0.5653846153846154,Morning,Weekday,0.6909537717330347,0.6,0.8177287129191243,0.8,0.8674844602290905,0.95
3,2025-03-04,7,Tuesday,same_hour_last_week,1000,147,260,0.5653846153846154,Morning,Weekday,0.8272217418276071,0.8,0.8420075540390713,0.8,0.8626973630491324,0.9
3,2025-03-04,7,Tuesday,trailing_4_week_profile,1000,147,260,0.5653846153846154,Morning,Weekday,0.6805202676805738,0.6,0.8162898802722628,0.8,0.8664460979760582,0.95
3,2025-03-04,8,Tuesday,global_popularity,500,192,260,0.7384615384615385,Morning,Weekday,0.714108684928507,0.6,0.7553815238461993,0.6,0.8291697081909062,0.75
3,2025-03-04,8,Tuesday,zone_hour_profile,500,192,260,0.7384615384615385,Morning,Weekday,0.9311420987539031,0.6,0.9102885432079096,0.7,0.9229097473640501,0.9
3,2025-03-04,8,Tuesday,same_hour_last_week,500,192,260,0.7384615384615385,Morning,Weekday,0.9056353759705664,0.6,0.9105866029327899,0.7,0.9545203031579838,0.95
3,2025-03-04,8,Tuesday,trailing_4_week_profile,500,192,260,0.7384615384615385,Morning,Weekday,0.9311420987539031,0.6,0.9103518525949684,0.7,0.9553453532904304,0.95
3,2025-03-04,8,Tuesday,global_popularity,1000,147,260,0.5653846153846154,Morning,Weekday,0.714108684928507,0.6,0.7553815238461993,0.6,0.8291697081909062,0.75
3,2025-03-04,8,Tuesday,zone_hour_profile,1000,147,260,0.5653846153846154,Morning,Weekday,0.9311420987539031,0.6,0.9102885432079096,0.7,0.9229097473640501,0.9
3,2025-03-04,8,Tuesday,same_hour_last_week,1000,147,260,0.5653846153846154,Morning,Weekday,0.9056353759705664,0.6,0.9105866029327899,0.7,0.9545203031579838,0.95
3,2025-03-04,8,Tuesday,trailing_4_week_profile,1000,147,260,0.5653846153846154,Morning,Weekday,0.9311420987539031,0.6,0.9103518525949684,0.7,0.9553453532904304,0.95
3,2025-03-04,9,Tuesday,global_popularity,500,192,260,0.7384615384615385,Morning,Weekday,0.675301791615496,0.4,0.735321438033995,0.7,0.8207098143394738,0.8
3,2025-03-04,9,Tuesday,zone_hour_profile,500,192,260,0.7384615384615385,Morning,Weekday,0.7773924809983465,0.8,0.7925562707555296,0.7,0.8770102601065572,0.9
3,2025-03-04,9,Tuesday,same_hour_last_week,500,192,260,0.7384615384615385,Morning,Weekday,0.7665981899723593,0.8,0.7902669415235163,0.7,0.8814596797220902,0.9
3,2025-03-04,9,Tuesday,trailing_4_week_profile,500,192,260,0.7384615384615385,Morning,Weekday,0.7773924809983465,0.8,0.7938370716209727,0.7,0.8695944114654116,0.85
3,2025-03-04,9,Tuesday,global_popularity,1000,147,260,0.5653846153846154,Morning,Weekday,0.675301791615496,0.4,0.735321438033995,0.7,0.8207098143394738,0.8
3,2025-03-04,9,Tuesday,zone_hour_profile,1000,147,260,0.5653846153846154,Morning,Weekday,0.7773924809983465,0.8,0.7925562707555296,0.7,0.8770102601065572,0.9
3,2025-03-04,9,Tuesday,same_hour_last_week,1000,147,260,0.5653846153846154,Morning,Weekday,0.7665981899723593,0.8,0.7902669415235163,0.7,0.8814596797220902,0.9
3,2025-03-04,9,Tuesday,trailing_4_week_profile,1000,147,260,0.5653846153846154,Morning,Weekday,0.7773924809983465,0.8,0.7938370716209727,0.7,0.8695944114654116,0.85
3,2025-03-04,10,Tuesday,global_popularity,500,192,260,0.7384615384615385,Midday,Weekday,0.6682763759117853,0.6,0.7206961684849176,0.7,0.821171965778047,0.85
3,2025-03-04,10,Tuesday,zone_hour_profile,500,192,260,0.7384615384615385,Midday,Weekday,0.7863098864747554,0.8,0.8070087652756777,0.9,0.8619967916027533,0.9
3,2025-03-04,10,Tuesday,same_hour_last_week,500,192,260,0.7384615384615385,Midday,Weekday,0.8185638356567135,0.8,0.8267117482358458,0.8,0.8833703086211607,0.9
3,2025-03-04,10,Tuesday,trailing_4_week_profile,500,192,260,0.7384615384615385,Midday,Weekday,0.7863098864747554,0.8,0.8073482041108364,0.9,0.859704763375692,0.85
3,2025-03-04,10,Tuesday,global_popularity,1000,147,260,0.5653846153846154,Midday,Weekday,0.6682763759117853,0.6,0.7206961684849176,0.7,0.821171965778047,0.85
3,2025-03-04,10,Tuesday,zone_hour_profile,1000,147,260,0.5653846153846154,Midday,Weekday,0.7863098864747554,0.8,0.8070087652756777,0.9,0.8619967916027533,0.9
3,2025-03-04,10,Tuesday,same_hour_last_week,1000,147,260,0.5653846153846154,Midday,Weekday,0.8185638356567135,0.8,0.8267117482358458,0.8,0.8833703086211607,0.9
3,2025-03-04,10,Tuesday,trailing_4_week_profile,1000,147,260,0.5653846153846154,Midday,Weekday,0.7863098864747554,0.8,0.8073482041108364,0.9,0.859704763375692,0.85
3,2025-03-04,11,Tuesday,global_popularity,500,192,260,0.7384615384615385,Midday,Weekday,0.8394397477940287,0.8,0.843017934138524,0.7,0.9014173917612643,0.85
3,2025-03-04,11,Tuesday,zone_hour_profile,500,192,260,0.7384615384615385,Midday,Weekday,0.837482644957684,0.6,0.8316288724508466,0.7,0.9245298526723056,0.95
3,2025-03-04,11,Tuesday,same_hour_last_week,500,192,260,0.7384615384615385,Midday,Weekday,0.8289957805216107,0.6,0.8913152542639923,0.8,0.9259035708370479,0.9
3,2025-03-04,11,Tuesday,trailing_4_week_profile,500,192,260,0.7384615384615385,Midday,Weekday,0.8310615011103557,0.6,0.8951182682702935,0.8,0.9280185654385735,0.9
3,2025-03-04,11,Tuesday,global_popularity,1000,147,260,0.5653846153846154,Midday,Weekday,0.8394397477940287,0.8,0.843017934138524,0.7,0.9014173917612643,0.85
3,2025-03-04,11,Tuesday,zone_hour_profile,1000,147,260,0.5653846153846154,Midday,Weekday,0.837482644957684,0.6,0.8316288724508466,0.7,0.9245298526723056,0.95
3,2025-03-04,11,Tuesday,same_hour_last_week,1000,147,260,0.5653846153846154,Midday,Weekday,0.8289957805216107,0.6,0.8913152542639923,0.8,0.9259035708370479,0.9
3,2025-03-04,11,Tuesday,trailing_4_week_profile,1000,147,260,0.5653846153846154,Midday,Weekday,0.8310615011103557,0.6,0.8951182682702935,0.8,0.9280185654385735,0.9
3,2025-03-04,12,Tuesday,global_popularity,500,192,260,0.7384615384615385,Midday,Weekday,0.779635364051151,0.8,0.8101990373429209,0.8,0.8744280276740505,0.85
3,2025-03-04,12,Tuesday,zone_hour_profile,500,192,260,0.7384615384615385,Midday,Weekday,0.7613111828474398,0.6,0.8369353583698109,0.7,0.9069241072663479,1.0
3,2025-03-04,12,Tuesday,same_hour_last_week,500,192,260,0.7384615384615385,Midday,Weekday,0.7256208339673297,0.6,0.7787593318065411,0.7,0.89404996369126,0.95
3,2025-03-04,12,Tuesday,trailing_4_week_profile,500,192,260,0.7384615384615385,Midday,Weekday,0.7254117369206836,0.6,0.7785986862092231,0.7,0.8895153285906916,0.95
3,2025-03-04,12,Tuesday,global_popularity,1000,147,260,0.5653846153846154,Midday,Weekday,0.779635364051151,0.8,0.8101990373429209,0.8,0.8744280276740505,0.85
3,2025-03-04,12,Tuesday,zone_hour_profile,1000,147,260,0.5653846153846154,Midday,Weekday,0.7613111828474398,0.6,0.8369353583698109,0.7,0.9069241072663479,1.0
3,2025-03-04,12,Tuesday,same_hour_last_week,1000,147,260,0.5653846153846154,Midday,Weekday,0.7256208339673297,0.6,0.7787593318065411,0.7,0.89404996369126,0.95
3,2025-03-04,12,Tuesday,trailing_4_week_profile,1000,147,260,0.5653846153846154,Midday,Weekday,0.7254117369206836,0.6,0.7785986862092231,0.7,0.8895153285906916,0.95
3,2025-03-04,13,Tuesday,global_popularity,500,192,260,0.7384615384615385,Midday,Weekday,0.7159825365206304,0.6,0.7462540509956175,0.7,0.8255226784474909,0.9
3,2025-03-04,13,Tuesday,zone_hour_profile,500,192,260,0.7384615384615385,Midday,Weekday,0.5700411037023024,0.4,0.6295111783308622,0.6,0.8104334859449923,0.95
3,2025-03-04,13,Tuesday,same_hour_last_week,500,192,260,0.7384615384615385,Midday,Weekday,0.5700411037023024,0.4,0.6921109237649653,0.6,0.796184663888556,0.85
3,2025-03-04,13,Tuesday,trailing_4_week_profile,500,192,260,0.7384615384615385,Midday,Weekday,0.5700411037023024,0.4,0.6333557003975079,0.6,0.8107947569687471,0.95
3,2025-03-04,13,Tuesday,global_popularity,1000,147,260,0.5653846153846154,Midday,Weekday,0.7159825365206304,0.6,0.7462540509956175,0.7,0.8255226784474909,0.9
3,2025-03-04,13,Tuesday,zone_hour_profile,1000,147,260,0.5653846153846154,Midday,Weekday,0.5700411037023024,0.4,0.6295111783308622,0.6,0.8104334859449923,0.95
3,2025-03-04,13,Tuesday,same_hour_last_week,1000,147,260,0.5653846153846154,Midday,Weekday,0.5700411037023024,0.4,0.6921109237649653,0.6,0.796184663888556,0.85
3,2025-03-04,13,Tuesday,trailing_4_week_profile,1000,147,260,0.5653846153846154,Midday,Weekday,0.5700411037023024,0.4,0.6333557003975079,0.6,0.8107947569687471,0.95
3,2025-03-04,14,Tuesday,global_popularity,500,192,260,0.7384615384615385,Midday,Weekday,0.7289183560242133,0.8,0.7395344559676983,0.7,0.8184872667191322,0.85
3,2025-03-04,14,Tuesday,zone_hour_profile,500,192,260,0.7384615384615385,Midday,Weekday,0.5826063825815566,0.6,0.800162542936672,0.8,0.844766736068399,1.0
3,2025-03-04,14,Tuesday,same_hour_last_week,500,192,260,0.7384615384615385,Midday,Weekday,0.7166833851344641,0.8,0.8045003478212913,0.7,0.8385035686382868,0.95
3,2025-03-04,14,Tuesday,trailing_4_week_profile,500,192,260,0.7384615384615385,Midday,Weekday,0.693890202544383,0.8,0.8109398834019,0.8,0.853631885550946,1.0
3,2025-03-04,14,Tuesday,global_popularity,1000,147,260,0.5653846153846154,Midday,Weekday,0.7289183560242133,0.8,0.7395344559676983,0.7,0.8184872667191322,0.85
3,2025-03-04,14,Tuesday,zone_hour_profile,1000,147,260,0.5653846153846154,Midday,Weekday,0.5826063825815566,0.6,0.800162542936672,0.8,0.844766736068399,1.0
3,2025-03-04,14,Tuesday,same_hour_last_week,1000,147,260,0.5653846153846154,Midday,Weekday,0.7166833851344641,0.8,0.8045003478212913,0.7,0.8385035686382868,0.95
3,2025-03-04,14,Tuesday,trailing_4_week_profile,1000,147,260,0.5653846153846154,Midday,Weekday,0.693890202544383,0.8,0.8109398834019,0.8,0.853631885550946,1.0
3,2025-03-04,15,Tuesday,global_popularity,500,192,260,0.7384615384615385,Midday,Weekday,0.7724857510111798,0.8,0.7781979109183845,0.7,0.8302716918591828,0.85
3,2025-03-04,15,Tuesday,zone_hour_profile,500,192,260,0.7384615384615385,Midday,Weekday,0.7541270534816088,0.8,0.8188581324039541,0.8,0.8664960260103206,1.0
3,2025-03-04,15,Tuesday,same_hour_last_week,500,192,260,0.7384615384615385,Midday,Weekday,0.7414212342988706,0.8,0.7962154620029954,0.7,0.8399604093822682,0.95
3,2025-03-04,15,Tuesday,trailing_4_week_profile,500,192,260,0.7384615384615385,Midday,Weekday,0.7541270534816088,0.8,0.8155426040561244,0.8,0.8644912296678096,1.0
3,2025-03-04,15,Tuesday,global_popularity,1000,147,260,0.5653846153846154,Midday,Weekday,0.7724857510111798,0.8,0.7781979109183845,0.7,0.8302716918591828,0.85
3,2025-03-04,15,Tuesday,zone_hour_profile,1000,147,260,0.5653846153846154,Midday,Weekday,0.7541270534816088,0.8,0.8188581324039541,0.8,0.8664960260103206,1.0
3,2025-03-04,15,Tuesday,same_hour_last_week,1000,147,260,0.5653846153846154,Midday,Weekday,0.7414212342988706,0.8,0.7962154620029954,0.7,0.8399604093822682,0.95
3,2025-03-04,15,Tuesday,trailing_4_week_profile,1000,147,260,0.5653846153846154,Midday,Weekday,0.7541270534816088,0.8,0.8155426040561244,0.8,0.8644912296678096,1.0
3,2025-03-04,16,Tuesday,global_popularity,500,192,260,0.7384615384615385,Evening,Weekday,0.74996578290268,0.8,0.7554593378892946,0.7,0.807317578579551,0.85
3,2025-03-04,16,Tuesday,zone_hour_profile,500,192,260,0.7384615384615385,Evening,Weekday,0.7490164739042916,0.8,0.7682647872929064,0.8,0.8399805386875785,0.9
3,2025-03-04,16,Tuesday,same_hour_last_week,500,192,260,0.7384615384615385,Evening,Weekday,0.7490164739042916,0.8,0.758406959734834,0.7,0.8227697177162429,0.85
3,2025-03-04,16,Tuesday,trailing_4_week_profile,500,192,260,0.7384615384615385,Evening,Weekday,0.7490164739042916,0.8,0.7678559969173051,0.8,0.8382802436301533,0.9
3,2025-03-04,16,Tuesday,global_popularity,1000,147,260,0.5653846153846154,Evening,Weekday,0.74996578290268,0.8,0.7554593378892946,0.7,0.807317578579551,0.85
3,2025-03-04,16,Tuesday,zone_hour_profile,1000,147,260,0.5653846153846154,Evening,Weekday,0.7490164739042916,0.8,0.7682647872929064,0.8,0.8399805386875785,0.9
3,2025-03-04,16,Tuesday,same_hour_last_week,1000,147,260,0.5653846153846154,Evening,Weekday,0.7490164739042916,0.8,0.758406959734834,0.7,0.8227697177162429,0.85
3,2025-03-04,16,Tuesday,trailing_4_week_profile,1000,147,260,0.5653846153846154,Evening,Weekday,0.7490164739042916,0.8,0.7678559969173051,0.8,0.8382802436301533,0.9
3,2025-03-04,17,Tuesday,global_popularity,500,192,260,0.7384615384615385,Evening,Weekday,0.9058954285317414,0.6,0.9115454810560425,0.8,0.9254309517225955,0.85
3,2025-03-04,17,Tuesday,zone_hour_profile,500,192,260,0.7384615384615385,Evening,Weekday,0.8687718596000057,0.6,0.9195270403914196,0.8,0.952268957705381,0.85
3,2025-03-04,17,Tuesday,same_hour_last_week,500,192,260,0.7384615384615385,Evening,Weekday,0.9504228407642192,0.8,0.9246744707885015,0.7,0.9614387278592008,0.85
3,2025-03-04,17,Tuesday,trailing_4_week_profile,500,192,260,0.7384615384615385,Evening,Weekday,0.8629260916414887,0.6,0.9145135575658767,0.8,0.9489403325225311,0.85
3,2025-03-04,17,Tuesday,global_popularity,1000,147,260,0.5653846153846154,Evening,Weekday,0.9058954285317414,0.6,0.9115454810560425,0.8,0.9254309517225955,0.85
3,2025-03-04,17,Tuesday,zone_hour_profile,1000,147,260,0.5653846153846154,Evening,Weekday,0.8687718596000057,0.6,0.9195270403914196,0.8,0.952268957705381,0.85
3,2025-03-04,17,Tuesday,same_hour_last_week,1000,147,260,0.5653846153846154,Evening,Weekday,0.9504228407642192,0.8,0.9246744707885015,0.7,0.9614387278592008,0.85
3,2025-03-04,17,Tuesday,trailing_4_week_profile,1000,147,260,0.5653846153846154,Evening,Weekday,0.8629260916414887,0.6,0.9145135575658767,0.8,0.9489403325225311,0.85
3,2025-03-04,18,Tuesday,global_popularity,500,192,260,0.7384615384615385,Evening,Weekday,0.8761359936116775,0.6,0.8708152839218061,0.8,0.9185713548433168,0.85
3,2025-03-04,18,Tuesday,zone_hour_profile,500,192,260,0.7384615384615385,Evening,Weekday,0.7898559981386492,0.6,0.8007015436169496,0.8,0.9128814177486183,0.9
3,2025-03-04,18,Tuesday,same_hour_last_week,500,192,260,0.7384615384615385,Evening,Weekday,0.8073638477807024,0.6,0.8015866726876523,0.8,0.8772630498108763,0.9
3,2025-03-04,18,Tuesday,trailing_4_week_profile,500,192,260,0.7384615384615385,Evening,Weekday,0.8073638477807024,0.6,0.8095108067477026,0.8,0.914519980286161,0.9
3,2025-03-04,18,Tuesday,global_popularity,1000,147,260,0.5653846153846154,Evening,Weekday,0.8761359936116775,0.6,0.8708152839218061,0.8,0.9185713548433168,0.85
3,2025-03-04,18,Tuesday,zone_hour_profile,1000,147,260,0.5653846153846154,Evening,Weekday,0.7898559981386492,0.6,0.8007015436169496,0.8,0.9128814177486183,0.9
3,2025-03-04,18,Tuesday,same_hour_last_week,1000,147,260,0.5653846153846154,Evening,Weekday,0.8073638477807024,0.6,0.8015866726876523,0.8,0.8772630498108763,0.9
3,2025-03-04,18,Tuesday,trailing_4_week_profile,1000,147,260,0.5653846153846154,Evening,Weekday,0.8073638477807024,0.6,0.8095108067477026,0.8,0.914519980286161,0.9
3,2025-03-04,19,Tuesday,global_popularity,500,192,260,0.7384615384615385,Evening,Weekday,0.7768340554933502,0.6,0.8172698513315663,0.7,0.863865452242916,0.9
3,2025-03-04,19,Tuesday,zone_hour_profile,500,192,260,0.7384615384615385,Evening,Weekday,0.8219436775882452,0.8,0.8439994479232479,0.8,0.8935105653905738,1.0
3,2025-03-04,19,Tuesday,same_hour_last_week,500,192,260,0.7384615384615385,Evening,Weekday,0.8079464094293998,0.8,0.8765666689645204,0.9,0.8933299326853484,0.9
3,2025-03-04,19,Tuesday,trailing_4_week_profile,500,192,260,0.7384615384615385,Evening,Weekday,0.8219436775882452,0.8,0.8437534456713918,0.8,0.8931357199416817,1.0
3,2025-03-04,19,Tuesday,global_popularity,1000,147,260,0.5653846153846154,Evening,Weekday,0.7768340554933502,0.6,0.8172698513315663,0.7,0.863865452242916,0.9
3,2025-03-04,19,Tuesday,zone_hour_profile,1000,147,260,0.5653846153846154,Evening,Weekday,0.8219436775882452,0.8,0.8439994479232479,0.8,0.8935105653905738,1.0
3,2025-03-04,19,Tuesday,same_hour_last_week,1000,147,260,0.5653846153846154,Evening,Weekday,0.8079464094293998,0.8,0.8765666689645204,0.9,0.8933299326853484,0.9
3,2025-03-04,19,Tuesday,trailing_4_week_profile,1000,147,260,0.5653846153846154,Evening,Weekday,0.8219436775882452,0.8,0.8437534456713918,0.8,0.8931357199416817,1.0
3,2025-03-04,20,Tuesday,global_popularity,500,192,260,0.7384615384615385,Evening,Weekday,0.8113894926431515,0.6,0.8348543995185124,0.7,0.8801341646388555,0.85
3,2025-03-04,20,Tuesday,zone_hour_profile,500,192,260,0.7384615384615385,Evening,Weekday,0.7516190585040596,0.6,0.8485073602829369,0.8,0.9039418000294563,0.9
3,2025-03-04,20,Tuesday,same_hour_last_week,500,192,260,0.7384615384615385,Evening,Weekday,0.7300386305984019,0.6,0.8811598131086655,0.8,0.9109798336379026,0.95
3,2025-03-04,20,Tuesday,trailing_4_week_profile,500,192,260,0.7384615384615385,Evening,Weekday,0.7516190585040596,0.6,0.8492057536265767,0.8,0.9051821136183755,0.9
3,2025-03-04,20,Tuesday,global_popularity,1000,147,260,0.5653846153846154,Evening,Weekday,0.8113894926431515,0.6,0.8348543995185124,0.7,0.8801341646388555,0.85
3,2025-03-04,20,Tuesday,zone_hour_profile,1000,147,260,0.5653846153846154,Evening,Weekday,0.7516190585040596,0.6,0.8485073602829369,0.8,0.9039418000294563,0.9
3,2025-03-04,20,Tuesday,same_hour_last_week,1000,147,260,0.5653846153846154,Evening,Weekday,0.7300386305984019,0.6,0.8811598131086655,0.8,0.9109798336379026,0.95
3,2025-03-04,20,Tuesday,trailing_4_week_profile,1000,147,260,0.5653846153846154,Evening,Weekday,0.7516190585040596,0.6,0.8492057536265767,0.8,0.9051821136183755,0.9
3,2025-03-04,21,Tuesday,global_popularity,500,192,260,0.7384615384615385,Late evening,Weekday,0.7762623568225567,0.6,0.8294256799309319,0.8,0.8846751167113625,0.85
3,2025-03-04,21,Tuesday,zone_hour_profile,500,192,260,0.7384615384615385,Late evening,Weekday,0.7366926609897708,0.6,0.8503697474623324,0.8,0.9107460253422092,0.95
3,2025-03-04,21,Tuesday,same_hour_last_week,500,192,260,0.7384615384615385,Late evening,Weekday,0.7591997460212547,0.6,0.8617748799749273,0.8,0.91783515638888,0.9
3,2025-03-04,21,Tuesday,trailing_4_week_profile,500,192,260,0.7384615384615385,Late evening,Weekday,0.7366926609897708,0.6,0.7802087507052918,0.8,0.9039115707059777,0.95
3,2025-03-04,21,Tuesday,global_popularity,1000,147,260,0.5653846153846154,Late evening,Weekday,0.7762623568225567,0.6,0.8294256799309319,0.8,0.8846751167113625,0.85
3,2025-03-04,21,Tuesday,zone_hour_profile,1000,147,260,0.5653846153846154,Late evening,Weekday,0.7366926609897708,0.6,0.8503697474623324,0.8,0.9107460253422092,0.95
3,2025-03-04,21,Tuesday,same_hour_last_week,1000,147,260,0.5653846153846154,Late evening,Weekday,0.7591997460212547,0.6,0.8617748799749273,0.8,0.91783515638888,0.9
3,2025-03-04,21,Tuesday,trailing_4_week_profile,1000,147,260,0.5653846153846154,Late evening,Weekday,0.7366926609897708,0.6,0.7802087507052918,0.8,0.9039115707059777,0.95
3,2025-03-04,22,Tuesday,global_popularity,500,192,260,0.7384615384615385,Late evening,Weekday,0.7040679596515989,0.6,0.7754923005288042,0.7,0.8317459688787784,0.8
3,2025-03-04,22,Tuesday,zone_hour_profile,500,192,260,0.7384615384615385,Late evening,Weekday,0.8315756961384291,0.8,0.8337557803201209,0.7,0.9006135347730829,0.95
3,2025-03-04,22,Tuesday,same_hour_last_week,500,192,260,0.7384615384615385,Late evening,Weekday,0.8486969678732709,0.8,0.8673182373414418,0.7,0.9078057963703867,0.9
3,2025-03-04,22,Tuesday,trailing_4_week_profile,500,192,260,0.7384615384615385,Late evening,Weekday,0.7202596070112927,0.6,0.8223642192889571,0.7,0.8910453002350525,0.95
3,2025-03-04,22,Tuesday,global_popularity,1000,147,260,0.5653846153846154,Late evening,Weekday,0.7040679596515989,0.6,0.7754923005288042,0.7,0.8317459688787784,0.8
3,2025-03-04,22,Tuesday,zone_hour_profile,1000,147,260,0.5653846153846154,Late evening,Weekday,0.8315756961384291,0.8,0.8337557803201209,0.7,0.9006135347730829,0.95
3,2025-03-04,22,Tuesday,same_hour_last_week,1000,147,260,0.5653846153846154,Late evening,Weekday,0.8486969678732709,0.8,0.8673182373414418,0.7,0.9078057963703867,0.9
3,2025-03-04,22,Tuesday,trailing_4_week_profile,1000,147,260,0.5653846153846154,Late evening,Weekday,0.7202596070112927,0.6,0.8223642192889571,0.7,0.8910453002350525,0.95
3,2025-03-04,23,Tuesday,global_popularity,500,192,260,0.7384615384615385,Late evening,Weekday,0.4867457238301421,0.6,0.5342927783211375,0.6,0.6474638511977049,0.8
3,2025-03-04,23,Tuesday,zone_hour_profile,500,192,260,0.7384615384615385,Late evening,Weekday,0.9947648662468475,0.8,0.995444252651616,0.9,0.9935563936426155,0.9
3,2025-03-04,23,Tuesday,same_hour_last_week,500,192,260,0.7384615384615385,Late evening,Weekday,0.811666535714453,0.8,0.8202548289516906,0.8,0.8414450139148852,0.9
3,2025-03-04,23,Tuesday,trailing_4_week_profile,500,192,260,0.7384615384615385,Late evening,Weekday,0.9624887945092965,0.8,0.9603844693628504,0.9,0.9683372396367131,0.95
3,2025-03-04,23,Tuesday,global_popularity,1000,147,260,0.5653846153846154,Late evening,Weekday,0.4867457238301421,0.6,0.5342927783211375,0.6,0.6474638511977049,0.8
3,2025-03-04,23,Tuesday,zone_hour_profile,1000,147,260,0.5653846153846154,Late evening,Weekday,0.9947648662468475,0.8,0.995444252651616,0.9,0.9935563936426155,0.9
3,2025-03-04,23,Tuesday,same_hour_last_week,1000,147,260,0.5653846153846154,Late evening,Weekday,0.811666535714453,0.8,0.8202548289516906,0.8,0.8414450139148852,0.9
3,2025-03-04,23,Tuesday,trailing_4_week_profile,1000,147,260,0.5653846153846154,Late evening,Weekday,0.9624887945092965,0.8,0.9603844693628504,0.9,0.9683372396367131,0.95
3,2025-03-05,0,Wednesday,global_popularity,500,192,260,0.7384615384615385,Overnight,Weekday,0.460390556566642,0.4,0.5105679844386547,0.5,0.6159565651096479,0.75
3,2025-03-05,0,Wednesday,zone_hour_profile,500,192,260,0.7384615384615385,Overnight,Weekday,0.8280868334106096,0.4,0.8398339952609507,0.7,0.9103352919441563,0.85
3,2025-03-05,0,Wednesday,same_hour_last_week,500,192,260,0.7384615384615385,Overnight,Weekday,0.6603584212068636,0.6,0.6885597694038993,0.7,0.7288753992700282,0.85
3,2025-03-05,0,Wednesday,trailing_4_week_profile,500,192,260,0.7384615384615385,Overnight,Weekday,0.8496457776400063,0.6,0.8686137420392864,0.8,0.9258106690975176,0.9
3,2025-03-05,0,Wednesday,global_popularity,1000,147,260,0.5653846153846154,Overnight,Weekday,0.460390556566642,0.4,0.5105679844386547,0.5,0.6159565651096479,0.75
3,2025-03-05,0,Wednesday,zone_hour_profile,1000,147,260,0.5653846153846154,Overnight,Weekday,0.8280868334106096,0.4,0.8398339952609507,0.7,0.9103352919441563,0.85
3,2025-03-05,0,Wednesday,same_hour_last_week,1000,147,260,0.5653846153846154,Overnight,Weekday,0.6603584212068636,0.6,0.6885597694038993,0.7,0.7288753992700282,0.85
3,2025-03-05,0,Wednesday,trailing_4_week_profile,1000,147,260,0.5653846153846154,Overnight,Weekday,0.8496457776400063,0.6,0.8686137420392864,0.8,0.9258106690975176,0.9
3,2025-03-05,1,Wednesday,global_popularity,500,192,260,0.7384615384615385,Overnight,Weekday,0.5186553199160401,0.4,0.5263078067335086,0.3,0.6297559527002297,0.75
3,2025-03-05,1,Wednesday,zone_hour_profile,500,192,260,0.7384615384615385,Overnight,Weekday,0.34472648902363556,0.2,0.5729544611668885,0.6,0.6245219646903024,0.8
3,2025-03-05,1,Wednesday,same_hour_last_week,500,192,260,0.7384615384615385,Overnight,Weekday,0.7734613047823118,0.6,0.7746690194457827,0.7,0.7890763162798732,0.75
3,2025-03-05,1,Wednesday,trailing_4_week_profile,500,192,260,0.7384615384615385,Overnight,Weekday,0.7089496340507054,0.4,0.7747052513694886,0.7,0.8223386962566072,0.95
3,2025-03-05,1,Wednesday,global_popularity,1000,147,260,0.5653846153846154,Overnight,Weekday,0.5186553199160401,0.4,0.5263078067335086,0.3,0.6297559527002297,0.75
3,2025-03-05,1,Wednesday,zone_hour_profile,1000,147,260,0.5653846153846154,Overnight,Weekday,0.34472648902363556,0.2,0.5729544611668885,0.6,0.6245219646903024,0.8
3,2025-03-05,1,Wednesday,same_hour_last_week,1000,147,260,0.5653846153846154,Overnight,Weekday,0.7734613047823118,0.6,0.7746690194457827,0.7,0.7890763162798732,0.75
3,2025-03-05,1,Wednesday,trailing_4_week_profile,1000,147,260,0.5653846153846154,Overnight,Weekday,0.7089496340507054,0.4,0.7747052513694886,0.7,0.8223386962566072,0.95
3,2025-03-05,2,Wednesday,global_popularity,500,192,260,0.7384615384615385,Overnight,Weekday,0.43086210786498336,0.4,0.47280989953763075,0.4,0.6453049437951298,0.7
3,2025-03-05,2,Wednesday,zone_hour_profile,500,192,260,0.7384615384615385,Overnight,Weekday,0.7677206619378402,0.6,0.7632710170659126,0.5,0.8640475604190876,0.8
3,2025-03-05,2,Wednesday,same_hour_last_week,500,192,260,0.7384615384615385,Overnight,Weekday,0.6581278775527569,0.6,0.7931597553518276,0.7,0.8501168246650475,0.75
3,2025-03-05,2,Wednesday,trailing_4_week_profile,500,192,260,0.7384615384615385,Overnight,Weekday,0.861794468627867,0.8,0.7806169927607159,0.7,0.8719782109401512,0.8
3,2025-03-05,2,Wednesday,global_popularity,1000,147,260,0.5653846153846154,Overnight,Weekday,0.43086210786498336,0.4,0.47280989953763075,0.4,0.6453049437951298,0.7
3,2025-03-05,2,Wednesday,zone_hour_profile,1000,147,260,0.5653846153846154,Overnight,Weekday,0.7677206619378402,0.6,0.7632710170659126,0.5,0.8640475604190876,0.8
3,2025-03-05,2,Wednesday,same_hour_last_week,1000,147,260,0.5653846153846154,Overnight,Weekday,0.6581278775527569,0.6,0.7931597553518276,0.7,0.8501168246650475,0.75
3,2025-03-05,2,Wednesday,trailing_4_week_profile,1000,147,260,0.5653846153846154,Overnight,Weekday,0.861794468627867,0.8,0.7806169927607159,0.7,0.8719782109401512,0.8
3,2025-03-05,3,Wednesday,global_popularity,500,192,260,0.7384615384615385,Overnight,Weekday,0.4517606639708062,0.4,0.4834930027009692,0.3,0.5913172169746814,0.6
3,2025-03-05,3,Wednesday,zone_hour_profile,500,192,260,0.7384615384615385,Overnight,Weekday,0.4700828706621434,0.6,0.5945937031748321,0.7,0.6867966365243255,0.7
3,2025-03-05,3,Wednesday,same_hour_last_week,500,192,260,0.7384615384615385,Overnight,Weekday,0.798703214261124,0.8,0.8038017619219416,0.7,0.7727809762933258,0.6
3,2025-03-05,3,Wednesday,trailing_4_week_profile,500,192,260,0.7384615384615385,Overnight,Weekday,0.8270173297256298,1.0,0.7635062828135121,0.6,0.7880508429787901,0.7
3,2025-03-05,3,Wednesday,global_popularity,1000,147,260,0.5653846153846154,Overnight,Weekday,0.4517606639708062,0.4,0.4834930027009692,0.3,0.5913172169746814,0.6
3,2025-03-05,3,Wednesday,zone_hour_profile,1000,147,260,0.5653846153846154,Overnight,Weekday,0.4700828706621434,0.6,0.5945937031748321,0.7,0.6867966365243255,0.7
3,2025-03-05,3,Wednesday,same_hour_last_week,1000,147,260,0.5653846153846154,Overnight,Weekday,0.798703214261124,0.8,0.8038017619219416,0.7,0.7727809762933258,0.6
3,2025-03-05,3,Wednesday,trailing_4_week_profile,1000,147,260,0.5653846153846154,Overnight,Weekday,0.8270173297256298,1.0,0.7635062828135121,0.6,0.7880508429787901,0.7
3,2025-03-05,4,Wednesday,global_popularity,500,192,260,0.7384615384615385,Overnight,Weekday,0.6654179676432692,0.6,0.6760420449103164,0.5,0.7386423362533648,0.75
3,2025-03-05,4,Wednesday,zone_hour_profile,500,192,260,0.7384615384615385,Overnight,Weekday,0.6842771598805075,0.6,0.6758268055228288,0.5,0.7212976776071309,0.6
3,2025-03-05,4,Wednesday,same_hour_last_week,500,192,260,0.7384615384615385,Overnight,Weekday,0.9288696591263681,0.6,0.8571133506746421,0.4,0.8300817977778023,0.45
3,2025-03-05,4,Wednesday,trailing_4_week_profile,500,192,260,0.7384615384615385,Overnight,Weekday,0.8902689677629988,0.6,0.8189378368492268,0.4,0.8338698658749913,0.5
3,2025-03-05,4,Wednesday,global_popularity,1000,147,260,0.5653846153846154,Overnight,Weekday,0.6654179676432692,0.6,0.6760420449103164,0.5,0.7386423362533648,0.75
3,2025-03-05,4,Wednesday,zone_hour_profile,1000,147,260,0.5653846153846154,Overnight,Weekday,0.6842771598805075,0.6,0.6758268055228288,0.5,0.7212976776071309,0.6
3,2025-03-05,4,Wednesday,same_hour_last_week,1000,147,260,0.5653846153846154,Overnight,Weekday,0.9288696591263681,0.6,0.8571133506746421,0.4,0.8300817977778023,0.45
3,2025-03-05,4,Wednesday,trailing_4_week_profile,1000,147,260,0.5653846153846154,Overnight,Weekday,0.8902689677629988,0.6,0.8189378368492268,0.4,0.8338698658749913,0.5
3,2025-03-05,5,Wednesday,global_popularity,500,192,260,0.7384615384615385,Overnight,Weekday,0.49567789154533,0.4,0.5164719314690144,0.3,0.5711212579269948,0.6
3,2025-03-05,5,Wednesday,zone_hour_profile,500,192,260,0.7384615384615385,Overnight,Weekday,0.9745010021663583,0.8,0.9657016309895391,0.7,0.9679127948434035,0.8
3,2025-03-05,5,Wednesday,same_hour_last_week,500,192,260,0.7384615384615385,Overnight,Weekday,0.9784303160365968,0.8,0.9706608906846715,0.7,0.9710711397606204,0.75
3,2025-03-05,5,Wednesday,trailing_4_week_profile,500,192,260,0.7384615384615385,Overnight,Weekday,0.9734413144000033,0.8,0.9664695889221426,0.7,0.9672959423529068,0.8
3,2025-03-05,5,Wednesday,global_popularity,1000,147,260,0.5653846153846154,Overnight,Weekday,0.49567789154533,0.4,0.5164719314690144,0.3,0.5711212579269948,0.6
3,2025-03-05,5,Wednesday,zone_hour_profile,1000,147,260,0.5653846153846154,Overnight,Weekday,0.9745010021663583,0.8,0.9657016309895391,0.7,0.9679127948434035,0.8
3,2025-03-05,5,Wednesday,same_hour_last_week,1000,147,260,0.5653846153846154,Overnight,Weekday,0.9784303160365968,0.8,0.9706608906846715,0.7,0.9710711397606204,0.75
3,2025-03-05,5,Wednesday,trailing_4_week_profile,1000,147,260,0.5653846153846154,Overnight,Weekday,0.9734413144000033,0.8,0.9664695889221426,0.7,0.9672959423529068,0.8
3,2025-03-05,6,Wednesday,global_popularity,500,192,260,0.7384615384615385,Morning,Weekday,0.6177570354263036,0.6,0.6533379891769198,0.6,0.6888889756195147,0.75
3,2025-03-05,6,Wednesday,zone_hour_profile,500,192,260,0.7384615384615385,Morning,Weekday,0.8138398626409754,0.6,0.835237815420633,0.8,0.8759166861059443,0.95
3,2025-03-05,6,Wednesday,same_hour_last_week,500,192,260,0.7384615384615385,Morning,Weekday,0.8089549308900033,0.4,0.8308741060527151,0.7,0.8531588173675367,0.85
3,2025-03-05,6,Wednesday,trailing_4_week_profile,500,192,260,0.7384615384615385,Morning,Weekday,0.807572113056783,0.4,0.8339691873616984,0.8,0.8729043659254031,0.9
3,2025-03-05,6,Wednesday,global_popularity,1000,147,260,0.5653846153846154,Morning,Weekday,0.6177570354263036,0.6,0.6533379891769198,0.6,0.6888889756195147,0.75
3,2025-03-05,6,Wednesday,zone_hour_profile,1000,147,260,0.5653846153846154,Morning,Weekday,0.8138398626409754,0.6,0.835237815420633,0.8,0.8759166861059443,0.95
3,2025-03-05,6,Wednesday,same_hour_last_week,1000,147,260,0.5653846153846154,Morning,Weekday,0.8089549308900033,0.4,0.8308741060527151,0.7,0.8531588173675367,0.85
3,2025-03-05,6,Wednesday,trailing_4_week_profile,1000,147,260,0.5653846153846154,Morning,Weekday,0.807572113056783,0.4,0.8339691873616984,0.8,0.8729043659254031,0.9
3,2025-03-05,7,Wednesday,global_popularity,500,192,260,0.7384615384615385,Morning,Weekday,0.701884683442128,0.6,0.7063061632124853,0.5,0.7519918871217599,0.7
3,2025-03-05,7,Wednesday,zone_hour_profile,500,192,260,0.7384615384615385,Morning,Weekday,0.7150344116883682,0.6,0.8351032314936523,0.8,0.8422264239918854,0.85
3,2025-03-05,7,Wednesday,same_hour_last_week,500,192,260,0.7384615384615385,Morning,Weekday,0.6704194298097528,0.6,0.8285740850438564,0.7,0.8465591677277476,0.85
3,2025-03-05,7,Wednesday,trailing_4_week_profile,500,192,260,0.7384615384615385,Morning,Weekday,0.7134107146671481,0.6,0.7420190979284237,0.7,0.8412266436015724,0.85
3,2025-03-05,7,Wednesday,global_popularity,1000,147,260,0.5653846153846154,Morning,Weekday,0.701884683442128,0.6,0.7063061632124853,0.5,0.7519918871217599,0.7
3,2025-03-05,7,Wednesday,zone_hour_profile,1000,147,260,0.5653846153846154,Morning,Weekday,0.7150344116883682,0.6,0.8351032314936523,0.8,0.8422264239918854,0.85
3,2025-03-05,7,Wednesday,same_hour_last_week,1000,147,260,0.5653846153846154,Morning,Weekday,0.6704194298097528,0.6,0.8285740850438564,0.7,0.8465591677277476,0.85
3,2025-03-05,7,Wednesday,trailing_4_week_profile,1000,147,260,0.5653846153846154,Morning,Weekday,0.7134107146671481,0.6,0.7420190979284237,0.7,0.8412266436015724,0.85
3,2025-03-05,8,Wednesday,global_popularity,500,192,260,0.7384615384615385,Morning,Weekday,0.8250249509854798,0.6,0.8225340839971739,0.7,0.8700798410211212,0.75
3,2025-03-05,8,Wednesday,zone_hour_profile,500,192,260,0.7384615384615385,Morning,Weekday,0.9433709710171556,0.6,0.9163737979175529,0.6,0.907150656593567,0.85
3,2025-03-05,8,Wednesday,same_hour_last_week,500,192,260,0.7384615384615385,Morning,Weekday,0.8978854503414166,0.4,0.9128552374004595,0.7,0.911258754830613,0.85
3,2025-03-05,8,Wednesday,trailing_4_week_profile,500,192,260,0.7384615384615385,Morning,Weekday,0.9305737945974647,0.6,0.9127008809591103,0.6,0.9057866117661677,0.85
3,2025-03-05,8,Wednesday,global_popularity,1000,147,260,0.5653846153846154,Morning,Weekday,0.8250249509854798,0.6,0.8225340839971739,0.7,0.8700798410211212,0.75
3,2025-03-05,8,Wednesday,zone_hour_profile,1000,147,260,0.5653846153846154,Morning,Weekday,0.9433709710171556,0.6,0.9163737979175529,0.6,0.907150656593567,0.85
3,2025-03-05,8,Wednesday,same_hour_last_week,1000,147,260,0.5653846153846154,Morning,Weekday,0.8978854503414166,0.4,0.9128552374004595,0.7,0.911258754830613,0.85
3,2025-03-05,8,Wednesday,trailing_4_week_profile,1000,147,260,0.5653846153846154,Morning,Weekday,0.9305737945974647,0.6,0.9127008809591103,0.6,0.9057866117661677,0.85
3,2025-03-05,9,Wednesday,global_popularity,500,192,260,0.7384615384615385,Morning,Weekday,0.6660121716665391,0.6,0.7077771330511642,0.7,0.8037236448192439,0.75
3,2025-03-05,9,Wednesday,zone_hour_profile,500,192,260,0.7384615384615385,Morning,Weekday,0.6996131489495141,0.6,0.7410998471258962,0.7,0.8394339014126057,0.9
3,2025-03-05,9,Wednesday,same_hour_last_week,500,192,260,0.7384615384615385,Morning,Weekday,0.6996131489495141,0.6,0.732103389154557,0.6,0.8451745212366502,0.9
3,2025-03-05,9,Wednesday,trailing_4_week_profile,500,192,260,0.7384615384615385,Morning,Weekday,0.6996131489495141,0.6,0.7412597337951286,0.7,0.8396253146892975,0.9
3,2025-03-05,9,Wednesday,global_popularity,1000,147,260,0.5653846153846154,Morning,Weekday,0.6660121716665391,0.6,0.7077771330511642,0.7,0.8037236448192439,0.75
3,2025-03-05,9,Wednesday,zone_hour_profile,1000,147,260,0.5653846153846154,Morning,Weekday,0.6996131489495141,0.6,0.7410998471258962,0.7,0.8394339014126057,0.9
3,2025-03-05,9,Wednesday,same_hour_last_week,1000,147,260,0.5653846153846154,Morning,Weekday,0.6996131489495141,0.6,0.732103389154557,0.6,0.8451745212366502,0.9
3,2025-03-05,9,Wednesday,trailing_4_week_profile,1000,147,260,0.5653846153846154,Morning,Weekday,0.6996131489495141,0.6,0.7412597337951286,0.7,0.8396253146892975,0.9
3,2025-03-05,10,Wednesday,global_popularity,500,192,260,0.7384615384615385,Midday,Weekday,0.7438560923040559,0.6,0.7686417079251724,0.6,0.8476148834647308,0.8
3,2025-03-05,10,Wednesday,zone_hour_profile,500,192,260,0.7384615384615385,Midday,Weekday,0.7436853268188877,0.8,0.838344446072017,0.8,0.8944286746534912,1.0
3,2025-03-05,10,Wednesday,same_hour_last_week,500,192,260,0.7384615384615385,Midday,Weekday,0.7461108404082658,0.8,0.8384919848684534,0.8,0.8680017245806129,0.9
3,2025-03-05,10,Wednesday,trailing_4_week_profile,500,192,260,0.7384615384615385,Midday,Weekday,0.7436853268188877,0.8,0.7616127465345807,0.7,0.86662974110661,0.95
3,2025-03-05,10,Wednesday,global_popularity,1000,147,260,0.5653846153846154,Midday,Weekday,0.7438560923040559,0.6,0.7686417079251724,0.6,0.8476148834647308,0.8
3,2025-03-05,10,Wednesday,zone_hour_profile,1000,147,260,0.5653846153846154,Midday,Weekday,0.7436853268188877,0.8,0.838344446072017,0.8,0.8944286746534912,1.0
3,2025-03-05,10,Wednesday,same_hour_last_week,1000,147,260,0.5653846153846154,Midday,Weekday,0.7461108404082658,0.8,0.8384919848684534,0.8,0.8680017245806129,0.9
3,2025-03-05,10,Wednesday,trailing_4_week_profile,1000,147,260,0.5653846153846154,Midday,Weekday,0.7436853268188877,0.8,0.7616127465345807,0.7,0.86662974110661,0.95
3,2025-03-05,11,Wednesday,global_popularity,500,192,260,0.7384615384615385,Midday,Weekday,0.8989253317956898,0.8,0.8665316152627427,0.7,0.9230625181263552,0.9
3,2025-03-05,11,Wednesday,zone_hour_profile,500,192,260,0.7384615384615385,Midday,Weekday,0.8603275368136539,0.4,0.8363411179894508,0.6,0.9420019674384077,0.9
3,2025-03-05,11,Wednesday,same_hour_last_week,500,192,260,0.7384615384615385,Midday,Weekday,0.8501457211486394,0.4,0.8406174227597416,0.7,0.9174223476847589,0.9
3,2025-03-05,11,Wednesday,trailing_4_week_profile,500,192,260,0.7384615384615385,Midday,Weekday,0.8603275368136539,0.4,0.836268526365438,0.6,0.9428497256958341,0.95
3,2025-03-05,11,Wednesday,global_popularity,1000,147,260,0.5653846153846154,Midday,Weekday,0.8989253317956898,0.8,0.8665316152627427,0.7,0.9230625181263552,0.9
3,2025-03-05,11,Wednesday,zone_hour_profile,1000,147,260,0.5653846153846154,Midday,Weekday,0.8603275368136539,0.4,0.8363411179894508,0.6,0.9420019674384077,0.9
3,2025-03-05,11,Wednesday,same_hour_last_week,1000,147,260,0.5653846153846154,Midday,Weekday,0.8501457211486394,0.4,0.8406174227597416,0.7,0.9174223476847589,0.9
3,2025-03-05,11,Wednesday,trailing_4_week_profile,1000,147,260,0.5653846153846154,Midday,Weekday,0.8603275368136539,0.4,0.836268526365438,0.6,0.9428497256958341,0.95
3,2025-03-05,12,Wednesday,global_popularity,500,192,260,0.7384615384615385,Midday,Weekday,0.9324007148392053,0.8,0.9063744691598319,0.7,0.9366388782538378,0.85
3,2025-03-05,12,Wednesday,zone_hour_profile,500,192,260,0.7384615384615385,Midday,Weekday,0.7913454307332787,0.6,0.8007914756632452,0.7,0.9139320366138995,1.0
3,2025-03-05,12,Wednesday,same_hour_last_week,500,192,260,0.7384615384615385,Midday,Weekday,0.7947427811583967,0.6,0.7870480215835592,0.6,0.9093163473718936,0.95
3,2025-03-05,12,Wednesday,trailing_4_week_profile,500,192,260,0.7384615384615385,Midday,Weekday,0.7913454307332787,0.6,0.8006027509183432,0.7,0.9095812628730031,1.0
3,2025-03-05,12,Wednesday,global_popularity,1000,147,260,0.5653846153846154,Midday,Weekday,0.9324007148392053,0.8,0.9063744691598319,0.7,0.9366388782538378,0.85
3,2025-03-05,12,Wednesday,zone_hour_profile,1000,147,260,0.5653846153846154,Midday,Weekday,0.7913454307332787,0.6,0.8007914756632452,0.7,0.9139320366138995,1.0
3,2025-03-05,12,Wednesday,same_hour_last_week,1000,147,260,0.5653846153846154,Midday,Weekday,0.7947427811583967,0.6,0.7870480215835592,0.6,0.9093163473718936,0.95
3,2025-03-05,12,Wednesday,trailing_4_week_profile,1000,147,260,0.5653846153846154,Midday,Weekday,0.7913454307332787,0.6,0.8006027509183432,0.7,0.9095812628730031,1.0
3,2025-03-05,13,Wednesday,global_popularity,500,192,260,0.7384615384615385,Midday,Weekday,0.8114081684447657,0.6,0.8184239604118444,0.8,0.8844987948849882,0.85
3,2025-03-05,13,Wednesday,zone_hour_profile,500,192,260,0.7384615384615385,Midday,Weekday,0.6805793417080125,0.6,0.7248889181018406,0.8,0.8575312473448774,0.95
3,2025-03-05,13,Wednesday,same_hour_last_week,500,192,260,0.7384615384615385,Midday,Weekday,0.6779287336142479,0.6,0.7862461719839374,0.9,0.8664522778852437,0.9
3,2025-03-05,13,Wednesday,trailing_4_week_profile,500,192,260,0.7384615384615385,Midday,Weekday,0.6868534288403834,0.6,0.7120056173809474,0.7,0.8558587760245729,0.95
3,2025-03-05,13,Wednesday,global_popularity,1000,147,260,0.5653846153846154,Midday,Weekday,0.8114081684447657,0.6,0.8184239604118444,0.8,0.8844987948849882,0.85
3,2025-03-05,13,Wednesday,zone_hour_profile,1000,147,260,0.5653846153846154,Midday,Weekday,0.6805793417080125,0.6,0.7248889181018406,0.8,0.8575312473448774,0.95
3,2025-03-05,13,Wednesday,same_hour_last_week,1000,147,260,0.5653846153846154,Midday,Weekday,0.6779287336142479,0.6,0.7862461719839374,0.9,0.8664522778852437,0.9
3,2025-03-05,13,Wednesday,trailing_4_week_profile,1000,147,260,0.5653846153846154,Midday,Weekday,0.6868534288403834,0.6,0.7120056173809474,0.7,0.8558587760245729,0.95
3,2025-03-05,14,Wednesday,global_popularity,500,192,260,0.7384615384615385,Midday,Weekday,0.7775645945439777,0.8,0.7970576000959008,0.7,0.863468093227804,0.85
3,2025-03-05,14,Wednesday,zone_hour_profile,500,192,260,0.7384615384615385,Midday,Weekday,0.759666599172699,0.8,0.850453037175779,0.9,0.884386826114137,0.9
3,2025-03-05,14,Wednesday,same_hour_last_week,500,192,260,0.7384615384615385,Midday,Weekday,0.8512667631865563,1.0,0.8650029887896621,0.9,0.899240216514673,0.95
3,2025-03-05,14,Wednesday,trailing_4_week_profile,500,192,260,0.7384615384615385,Midday,Weekday,0.6579709318976301,0.6,0.8403140968434852,0.9,0.876383957602351,0.95
3,2025-03-05,14,Wednesday,global_popularity,1000,147,260,0.5653846153846154,Midday,Weekday,0.7775645945439777,0.8,0.7970576000959008,0.7,0.863468093227804,0.85
3,2025-03-05,14,Wednesday,zone_hour_profile,1000,147,260,0.5653846153846154,Midday,Weekday,0.759666599172699,0.8,0.850453037175779,0.9,0.884386826114137,0.9
3,2025-03-05,14,Wednesday,same_hour_last_week,1000,147,260,0.5653846153846154,Midday,Weekday,0.8512667631865563,1.0,0.8650029887896621,0.9,0.899240216514673,0.95
3,2025-03-05,14,Wednesday,trailing_4_week_profile,1000,147,260,0.5653846153846154,Midday,Weekday,0.6579709318976301,0.6,0.8403140968434852,0.9,0.876383957602351,0.95
3,2025-03-05,15,Wednesday,global_popularity,500,192,260,0.7384615384615385,Midday,Weekday,0.8788013964142855,0.8,0.8708526801066004,0.6,0.9182725596848464,0.85
3,2025-03-05,15,Wednesday,zone_hour_profile,500,192,260,0.7384615384615385,Midday,Weekday,0.8980928439294206,0.8,0.889981231451431,0.8,0.9416064906171064,0.9
3,2025-03-05,15,Wednesday,same_hour_last_week,500,192,260,0.7384615384615385,Midday,Weekday,0.8945368249157499,0.8,0.9253228888652612,0.7,0.9494643416140112,1.0
3,2025-03-05,15,Wednesday,trailing_4_week_profile,500,192,260,0.7384615384615385,Midday,Weekday,0.795896180331928,0.6,0.9202869253902075,0.8,0.9357713235441532,0.9
3,2025-03-05,15,Wednesday,global_popularity,1000,147,260,0.5653846153846154,Midday,Weekday,0.8788013964142855,0.8,0.8708526801066004,0.6,0.9182725596848464,0.85
3,2025-03-05,15,Wednesday,zone_hour_profile,1000,147,260,0.5653846153846154,Midday,Weekday,0.8980928439294206,0.8,0.889981231451431,0.8,0.9416064906171064,0.9
3,2025-03-05,15,Wednesday,same_hour_last_week,1000,147,260,0.5653846153846154,Midday,Weekday,0.8945368249157499,0.8,0.9253228888652612,0.7,0.9494643416140112,1.0
3,2025-03-05,15,Wednesday,trailing_4_week_profile,1000,147,260,0.5653846153846154,Midday,Weekday,0.795896180331928,0.6,0.9202869253902075,0.8,0.9357713235441532,0.9
3,2025-03-05,16,Wednesday,global_popularity,500,192,260,0.7384615384615385,Evening,Weekday,0.8566031311325832,0.8,0.8749829677371164,0.8,0.8883993011589668,0.85
3,2025-03-05,16,Wednesday,zone_hour_profile,500,192,260,0.7384615384615385,Evening,Weekday,0.869050062902493,1.0,0.8806945689713485,0.8,0.9086609235188681,0.95
3,2025-03-05,16,Wednesday,same_hour_last_week,500,192,260,0.7384615384615385,Evening,Weekday,0.8759462559286029,0.8,0.895389269570754,0.8,0.9218880129582903,0.95
3,2025-03-05,16,Wednesday,trailing_4_week_profile,500,192,260,0.7384615384615385,Evening,Weekday,0.869050062902493,1.0,0.8808893980214788,0.8,0.9084409418911767,0.95
3,2025-03-05,16,Wednesday,global_popularity,1000,147,260,0.5653846153846154,Evening,Weekday,0.8566031311325832,0.8,0.8749829677371164,0.8,0.8883993011589668,0.85
3,2025-03-05,16,Wednesday,zone_hour_profile,1000,147,260,0.5653846153846154,Evening,Weekday,0.869050062902493,1.0,0.8806945689713485,0.8,0.9086609235188681,0.95
3,2025-03-05,16,Wednesday,same_hour_last_week,1000,147,260,0.5653846153846154,Evening,Weekday,0.8759462559286029,0.8,0.895389269570754,0.8,0.9218880129582903,0.95
3,2025-03-05,16,Wednesday,trailing_4_week_profile,1000,147,260,0.5653846153846154,Evening,Weekday,0.869050062902493,1.0,0.8808893980214788,0.8,0.9084409418911767,0.95
3,2025-03-05,17,Wednesday,global_popularity,500,192,260,0.7384615384615385,Evening,Weekday,0.9659648800383617,0.8,0.9636019330980369,0.8,0.9622350696988285,0.9
3,2025-03-05,17,Wednesday,zone_hour_profile,500,192,260,0.7384615384615385,Evening,Weekday,0.9067958664230793,0.8,0.9614952261420155,1.0,0.9686183454527042,0.95
3,2025-03-05,17,Wednesday,same_hour_last_week,500,192,260,0.7384615384615385,Evening,Weekday,0.9067958664230793,0.8,0.9601928931324812,1.0,0.9665896271570193,0.9
3,2025-03-05,17,Wednesday,trailing_4_week_profile,500,192,260,0.7384615384615385,Evening,Weekday,0.9067958664230793,0.8,0.9563767142889353,1.0,0.9633595205799743,0.9
3,2025-03-05,17,Wednesday,global_popularity,1000,147,260,0.5653846153846154,Evening,Weekday,0.9659648800383617,0.8,0.9636019330980369,0.8,0.9622350696988285,0.9
3,2025-03-05,17,Wednesday,zone_hour_profile,1000,147,260,0.5653846153846154,Evening,Weekday,0.9067958664230793,0.8,0.9614952261420155,1.0,0.9686183454527042,0.95
3,2025-03-05,17,Wednesday,same_hour_last_week,1000,147,260,0.5653846153846154,Evening,Weekday,0.9067958664230793,0.8,0.9601928931324812,1.0,0.9665896271570193,0.9
3,2025-03-05,17,Wednesday,trailing_4_week_profile,1000,147,260,0.5653846153846154,Evening,Weekday,0.9067958664230793,0.8,0.9563767142889353,1.0,0.9633595205799743,0.9
3,2025-03-05,18,Wednesday,global_popularity,500,192,260,0.7384615384615385,Evening,Weekday,0.8057353347253836,0.8,0.8511029803247033,0.7,0.8756073874657647,0.85
3,2025-03-05,18,Wednesday,zone_hour_profile,500,192,260,0.7384615384615385,Evening,Weekday,0.6270804125637248,0.6,0.729671929391472,0.8,0.8459717843092153,0.95
3,2025-03-05,18,Wednesday,same_hour_last_week,500,192,260,0.7384615384615385,Evening,Weekday,0.6463125627253312,0.6,0.8137453505553917,0.8,0.8564001517130756,0.9
3,2025-03-05,18,Wednesday,trailing_4_week_profile,500,192,260,0.7384615384615385,Evening,Weekday,0.6270804125637248,0.6,0.7306173110720652,0.8,0.8416494209004364,0.95
3,2025-03-05,18,Wednesday,global_popularity,1000,147,260,0.5653846153846154,Evening,Weekday,0.8057353347253836,0.8,0.8511029803247033,0.7,0.8756073874657647,0.85
3,2025-03-05,18,Wednesday,zone_hour_profile,1000,147,260,0.5653846153846154,Evening,Weekday,0.6270804125637248,0.6,0.729671929391472,0.8,0.8459717843092153,0.95
3,2025-03-05,18,Wednesday,same_hour_last_week,1000,147,260,0.5653846153846154,Evening,Weekday,0.6463125627253312,0.6,0.8137453505553917,0.8,0.8564001517130756,0.9
3,2025-03-05,18,Wednesday,trailing_4_week_profile,1000,147,260,0.5653846153846154,Evening,Weekday,0.6270804125637248,0.6,0.7306173110720652,0.8,0.8416494209004364,0.95
3,2025-03-05,19,Wednesday,global_popularity,500,192,260,0.7384615384615385,Evening,Weekday,0.8610295830420771,0.4,0.8970185327775912,0.8,0.9389134299522326,0.9
3,2025-03-05,19,Wednesday,zone_hour_profile,500,192,260,0.7384615384615385,Evening,Weekday,0.8918473082444611,0.6,0.9136601669976656,0.8,0.9526768891423116,0.9
3,2025-03-05,19,Wednesday,same_hour_last_week,500,192,260,0.7384615384615385,Evening,Weekday,0.8843517219823777,0.6,0.9493387856945061,0.9,0.958297102571624,0.9
3,2025-03-05,19,Wednesday,trailing_4_week_profile,500,192,260,0.7384615384615385,Evening,Weekday,0.8409452961109908,0.6,0.9065906545558416,0.8,0.95215584445219,0.95
3,2025-03-05,19,Wednesday,global_popularity,1000,147,260,0.5653846153846154,Evening,Weekday,0.8610295830420771,0.4,0.8970185327775912,0.8,0.9389134299522326,0.9
3,2025-03-05,19,Wednesday,zone_hour_profile,1000,147,260,0.5653846153846154,Evening,Weekday,0.8918473082444611,0.6,0.9136601669976656,0.8,0.9526768891423116,0.9
3,2025-03-05,19,Wednesday,same_hour_last_week,1000,147,260,0.5653846153846154,Evening,Weekday,0.8843517219823777,0.6,0.9493387856945061,0.9,0.958297102571624,0.9
3,2025-03-05,19,Wednesday,trailing_4_week_profile,1000,147,260,0.5653846153846154,Evening,Weekday,0.8409452961109908,0.6,0.9065906545558416,0.8,0.95215584445219,0.95
3,2025-03-05,20,Wednesday,global_popularity,500,192,260,0.7384615384615385,Evening,Weekday,0.8066380711274113,0.4,0.8502286750719371,0.7,0.8895106566999149,0.9
3,2025-03-05,20,Wednesday,zone_hour_profile,500,192,260,0.7384615384615385,Evening,Weekday,0.865216371836091,0.6,0.8902494129751753,0.9,0.9215473464249658,1.0
3,2025-03-05,20,Wednesday,same_hour_last_week,500,192,260,0.7384615384615385,Evening,Weekday,0.8905413501976668,0.6,0.902296136351679,0.7,0.9352914201730206,0.95
3,2025-03-05,20,Wednesday,trailing_4_week_profile,500,192,260,0.7384615384615385,Evening,Weekday,0.7645061041052714,0.6,0.8787211646183372,0.8,0.9103486044518608,0.95
3,2025-03-05,20,Wednesday,global_popularity,1000,147,260,0.5653846153846154,Evening,Weekday,0.8066380711274113,0.4,0.8502286750719371,0.7,0.8895106566999149,0.9
3,2025-03-05,20,Wednesday,zone_hour_profile,1000,147,260,0.5653846153846154,Evening,Weekday,0.865216371836091,0.6,0.8902494129751753,0.9,0.9215473464249658,1.0
3,2025-03-05,20,Wednesday,same_hour_last_week,1000,147,260,0.5653846153846154,Evening,Weekday,0.8905413501976668,0.6,0.902296136351679,0.7,0.9352914201730206,0.95
3,2025-03-05,20,Wednesday,trailing_4_week_profile,1000,147,260,0.5653846153846154,Evening,Weekday,0.7645061041052714,0.6,0.8787211646183372,0.8,0.9103486044518608,0.95
3,2025-03-05,21,Wednesday,global_popularity,500,192,260,0.7384615384615385,Late evening,Weekday,0.7887258363925513,0.6,0.8282221666947291,0.8,0.8828904578037498,0.9
3,2025-03-05,21,Wednesday,zone_hour_profile,500,192,260,0.7384615384615385,Late evening,Weekday,0.7128688701331448,0.6,0.8317148286406097,0.8,0.8924373339417252,0.95
3,2025-03-05,21,Wednesday,same_hour_last_week,500,192,260,0.7384615384615385,Late evening,Weekday,0.7153172247168681,0.6,0.8775743216923729,0.9,0.9005475811924359,0.95
3,2025-03-05,21,Wednesday,trailing_4_week_profile,500,192,260,0.7384615384615385,Late evening,Weekday,0.7123105430036338,0.6,0.7514142497595779,0.7,0.8805428857278289,0.95
3,2025-03-05,21,Wednesday,global_popularity,1000,147,260,0.5653846153846154,Late evening,Weekday,0.7887258363925513,0.6,0.8282221666947291,0.8,0.8828904578037498,0.9
3,2025-03-05,21,Wednesday,zone_hour_profile,1000,147,260,0.5653846153846154,Late evening,Weekday,0.7128688701331448,0.6,0.8317148286406097,0.8,0.8924373339417252,0.95
3,2025-03-05,21,Wednesday,same_hour_last_week,1000,147,260,0.5653846153846154,Late evening,Weekday,0.7153172247168681,0.6,0.8775743216923729,0.9,0.9005475811924359,0.95
3,2025-03-05,21,Wednesday,trailing_4_week_profile,1000,147,260,0.5653846153846154,Late evening,Weekday,0.7123105430036338,0.6,0.7514142497595779,0.7,0.8805428857278289,0.95
3,2025-03-05,22,Wednesday,global_popularity,500,192,260,0.7384615384615385,Late evening,Weekday,0.7166406898676939,0.6,0.7916912684180205,0.6,0.8584876077103548,0.8
3,2025-03-05,22,Wednesday,zone_hour_profile,500,192,260,0.7384615384615385,Late evening,Weekday,0.8239854695085018,0.6,0.8980424008984587,0.7,0.9457374376347576,0.95
3,2025-03-05,22,Wednesday,same_hour_last_week,500,192,260,0.7384615384615385,Late evening,Weekday,0.8016765918674745,0.6,0.8699161595957678,0.7,0.9286206817473669,0.9
3,2025-03-05,22,Wednesday,trailing_4_week_profile,500,192,260,0.7384615384615385,Late evening,Weekday,0.8162869078844541,0.6,0.8455456724216671,0.7,0.9328095001355735,0.9
3,2025-03-05,22,Wednesday,global_popularity,1000,147,260,0.5653846153846154,Late evening,Weekday,0.7166406898676939,0.6,0.7916912684180205,0.6,0.8584876077103548,0.8
3,2025-03-05,22,Wednesday,zone_hour_profile,1000,147,260,0.5653846153846154,Late evening,Weekday,0.8239854695085018,0.6,0.8980424008984587,0.7,0.9457374376347576,0.95
3,2025-03-05,22,Wednesday,same_hour_last_week,1000,147,260,0.5653846153846154,Late evening,Weekday,0.8016765918674745,0.6,0.8699161595957678,0.7,0.9286206817473669,0.9
3,2025-03-05,22,Wednesday,trailing_4_week_profile,1000,147,260,0.5653846153846154,Late evening,Weekday,0.8162869078844541,0.6,0.8455456724216671,0.7,0.9328095001355735,0.9
3,2025-03-05,23,Wednesday,global_popularity,500,192,260,0.7384615384615385,Late evening,Weekday,0.4792219573267152,0.6,0.5329163667822516,0.6,0.6686175745326218,0.8
3,2025-03-05,23,Wednesday,zone_hour_profile,500,192,260,0.7384615384615385,Late evening,Weekday,0.9527752421981311,0.8,0.9457047477674241,0.6,0.966144880493849,0.95
3,2025-03-05,23,Wednesday,same_hour_last_week,500,192,260,0.7384615384615385,Late evening,Weekday,0.777064500506526,0.8,0.9060861273451348,0.7,0.9242916320337687,0.9
3,2025-03-05,23,Wednesday,trailing_4_week_profile,500,192,260,0.7384615384615385,Late evening,Weekday,0.8277995979023715,0.8,0.8411937017340574,0.7,0.8708733960261882,0.95
3,2025-03-05,23,Wednesday,global_popularity,1000,147,260,0.5653846153846154,Late evening,Weekday,0.4792219573267152,0.6,0.5329163667822516,0.6,0.6686175745326218,0.8
3,2025-03-05,23,Wednesday,zone_hour_profile,1000,147,260,0.5653846153846154,Late evening,Weekday,0.9527752421981311,0.8,0.9457047477674241,0.6,0.966144880493849,0.95
3,2025-03-05,23,Wednesday,same_hour_last_week,1000,147,260,0.5653846153846154,Late evening,Weekday,0.777064500506526,0.8,0.9060861273451348,0.7,0.9242916320337687,0.9
3,2025-03-05,23,Wednesday,trailing_4_week_profile,1000,147,260,0.5653846153846154,Late evening,Weekday,0.8277995979023715,0.8,0.8411937017340574,0.7,0.8708733960261882,0.95
3,2025-03-06,0,Thursday,global_popularity,500,192,260,0.7384615384615385,Overnight,Weekday,0.3464147931392544,0.4,0.37882262160295194,0.4,0.5289009191976224,0.75
3,2025-03-06,0,Thursday,zone_hour_profile,500,192,260,0.7384615384615385,Overnight,Weekday,0.6935741555744472,0.4,0.858661197418627,0.7,0.8731389467414582,0.9
3,2025-03-06,0,Thursday,same_hour_last_week,500,192,260,0.7384615384615385,Overnight,Weekday,0.6894634049167249,0.4,0.7031219197367506,0.6,0.8180495129025388,0.8
3,2025-03-06,0,Thursday,trailing_4_week_profile,500,192,260,0.7384615384615385,Overnight,Weekday,0.6883181860794595,0.4,0.7068578461729593,0.6,0.8399046213393231,0.85
3,2025-03-06,0,Thursday,global_popularity,1000,147,260,0.5653846153846154,Overnight,Weekday,0.3464147931392544,0.4,0.37882262160295194,0.4,0.5289009191976224,0.75
3,2025-03-06,0,Thursday,zone_hour_profile,1000,147,260,0.5653846153846154,Overnight,Weekday,0.6935741555744472,0.4,0.858661197418627,0.7,0.8731389467414582,0.9
3,2025-03-06,0,Thursday,same_hour_last_week,1000,147,260,0.5653846153846154,Overnight,Weekday,0.6894634049167249,0.4,0.7031219197367506,0.6,0.8180495129025388,0.8
3,2025-03-06,0,Thursday,trailing_4_week_profile,1000,147,260,0.5653846153846154,Overnight,Weekday,0.6883181860794595,0.4,0.7068578461729593,0.6,0.8399046213393231,0.85
3,2025-03-06,1,Thursday,global_popularity,500,192,260,0.7384615384615385,Overnight,Weekday,0.34438174349146783,0.2,0.36577181669124004,0.3,0.4996372338206712,0.65
3,2025-03-06,1,Thursday,zone_hour_profile,500,192,260,0.7384615384615385,Overnight,Weekday,0.7547253069959455,0.6,0.7637765776792618,0.7,0.7673617469868819,0.8
3,2025-03-06,1,Thursday,same_hour_last_week,500,192,260,0.7384615384615385,Overnight,Weekday,0.7477942399288211,0.4,0.7603350177489278,0.7,0.7642015118156142,0.8
3,2025-03-06,1,Thursday,trailing_4_week_profile,500,192,260,0.7384615384615385,Overnight,Weekday,0.14442710002813788,0.4,0.3896742287540553,0.7,0.5156126444701944,0.85
3,2025-03-06,1,Thursday,global_popularity,1000,147,260,0.5653846153846154,Overnight,Weekday,0.34438174349146783,0.2,0.36577181669124004,0.3,0.4996372338206712,0.65
3,2025-03-06,1,Thursday,zone_hour_profile,1000,147,260,0.5653846153846154,Overnight,Weekday,0.7547253069959455,0.6,0.7637765776792618,0.7,0.7673617469868819,0.8
3,2025-03-06,1,Thursday,same_hour_last_week,1000,147,260,0.5653846153846154,Overnight,Weekday,0.7477942399288211,0.4,0.7603350177489278,0.7,0.7642015118156142,0.8
3,2025-03-06,1,Thursday,trailing_4_week_profile,1000,147,260,0.5653846153846154,Overnight,Weekday,0.14442710002813788,0.4,0.3896742287540553,0.7,0.5156126444701944,0.85
3,2025-03-06,2,Thursday,global_popularity,500,192,260,0.7384615384615385,Overnight,Weekday,0.2630626005576404,0.2,0.3206978175822211,0.4,0.5088214399698365,0.6
3,2025-03-06,2,Thursday,zone_hour_profile,500,192,260,0.7384615384615385,Overnight,Weekday,0.38341985320697713,0.4,0.44718838394188704,0.4,0.5390059930391586,0.75
3,2025-03-06,2,Thursday,same_hour_last_week,500,192,260,0.7384615384615385,Overnight,Weekday,0.3033724269953605,0.4,0.3875885650312704,0.5,0.4664425885841029,0.7
3,2025-03-06,2,Thursday,trailing_4_week_profile,500,192,260,0.7384615384615385,Overnight,Weekday,0.4044635379671192,0.6,0.44954212517973363,0.4,0.6460099863987655,0.8
3,2025-03-06,2,Thursday,global_popularity,1000,147,260,0.5653846153846154,Overnight,Weekday,0.2630626005576404,0.2,0.3206978175822211,0.4,0.5088214399698365,0.6
3,2025-03-06,2,Thursday,zone_hour_profile,1000,147,260,0.5653846153846154,Overnight,Weekday,0.38341985320697713,0.4,0.44718838394188704,0.4,0.5390059930391586,0.75
3,2025-03-06,2,Thursday,same_hour_last_week,1000,147,260,0.5653846153846154,Overnight,Weekday,0.3033724269953605,0.4,0.3875885650312704,0.5,0.4664425885841029,0.7
3,2025-03-06,2,Thursday,trailing_4_week_profile,1000,147,260,0.5653846153846154,Overnight,Weekday,0.4044635379671192,0.6,0.44954212517973363,0.4,0.6460099863987655,0.8
3,2025-03-06,3,Thursday,global_popularity,500,192,260,0.7384615384615385,Overnight,Weekday,0.4185886066083517,0.4,0.42513431576791794,0.3,0.5298808758980118,0.45
3,2025-03-06,3,Thursday,zone_hour_profile,500,192,260,0.7384615384615385,Overnight,Weekday,0.8109261598094845,0.8,0.7972600261082735,0.7,0.7872239703609364,0.6
3,2025-03-06,3,Thursday,same_hour_last_week,500,192,260,0.7384615384615385,Overnight,Weekday,0.7479205739919389,0.6,0.7887841214853282,0.7,0.7774725685626572,0.6
3,2025-03-06,3,Thursday,trailing_4_week_profile,500,192,260,0.7384615384615385,Overnight,Weekday,0.6080985527018862,0.6,0.7428746502676258,0.7,0.7629041840450062,0.65
3,2025-03-06,3,Thursday,global_popularity,1000,147,260,0.5653846153846154,Overnight,Weekday,0.4185886066083517,0.4,0.42513431576791794,0.3,0.5298808758980118,0.45
3,2025-03-06,3,Thursday,zone_hour_profile,1000,147,260,0.5653846153846154,Overnight,Weekday,0.8109261598094845,0.8,0.7972600261082735,0.7,0.7872239703609364,0.6
3,2025-03-06,3,Thursday,same_hour_last_week,1000,147,260,0.5653846153846154,Overnight,Weekday,0.7479205739919389,0.6,0.7887841214853282,0.7,0.7774725685626572,0.6
3,2025-03-06,3,Thursday,trailing_4_week_profile,1000,147,260,0.5653846153846154,Overnight,Weekday,0.6080985527018862,0.6,0.7428746502676258,0.7,0.7629041840450062,0.65
3,2025-03-06,4,Thursday,global_popularity,500,192,260,0.7384615384615385,Overnight,Weekday,0.5824558673462698,0.4,0.6287612631127505,0.5,0.7106096100602322,0.7
3,2025-03-06,4,Thursday,zone_hour_profile,500,192,260,0.7384615384615385,Overnight,Weekday,0.8658340192204893,0.4,0.8789153557000859,0.5,0.8920075362173917,0.75
3,2025-03-06,4,Thursday,same_hour_last_week,500,192,260,0.7384615384615385,Overnight,Weekday,0.8289937882876591,0.4,0.8484354357975705,0.5,0.8548368355591567,0.7
3,2025-03-06,4,Thursday,trailing_4_week_profile,500,192,260,0.7384615384615385,Overnight,Weekday,0.8658340192204893,0.4,0.8457063252481051,0.4,0.899886053103501,0.75
3,2025-03-06,4,Thursday,global_popularity,1000,147,260,0.5653846153846154,Overnight,Weekday,0.5824558673462698,0.4,0.6287612631127505,0.5,0.7106096100602322,0.7
3,2025-03-06,4,Thursday,zone_hour_profile,1000,147,260,0.5653846153846154,Overnight,Weekday,0.8658340192204893,0.4,0.8789153557000859,0.5,0.8920075362173917,0.75
3,2025-03-06,4,Thursday,same_hour_last_week,1000,147,260,0.5653846153846154,Overnight,Weekday,0.8289937882876591,0.4,0.8484354357975705,0.5,0.8548368355591567,0.7
3,2025-03-06,4,Thursday,trailing_4_week_profile,1000,147,260,0.5653846153846154,Overnight,Weekday,0.8658340192204893,0.4,0.8457063252481051,0.4,0.899886053103501,0.75
3,2025-03-06,5,Thursday,global_popularity,500,192,260,0.7384615384615385,Overnight,Weekday,0.5950517005961364,0.4,0.6373858305364274,0.6,0.6537168749696786,0.65
3,2025-03-06,5,Thursday,zone_hour_profile,500,192,260,0.7384615384615385,Overnight,Weekday,0.9054922532724637,0.6,0.903122216329987,0.6,0.9172400340538274,0.7
3,2025-03-06,5,Thursday,same_hour_last_week,500,192,260,0.7384615384615385,Overnight,Weekday,0.9043511759794487,0.6,0.9335376985888446,0.7,0.932184955445984,0.8
3,2025-03-06,5,Thursday,trailing_4_week_profile,500,192,260,0.7384615384615385,Overnight,Weekday,0.9043511759794487,0.6,0.8763842925084095,0.6,0.9246644926447731,0.75
3,2025-03-06,5,Thursday,global_popularity,1000,147,260,0.5653846153846154,Overnight,Weekday,0.5950517005961364,0.4,0.6373858305364274,0.6,0.6537168749696786,0.65
3,2025-03-06,5,Thursday,zone_hour_profile,1000,147,260,0.5653846153846154,Overnight,Weekday,0.9054922532724637,0.6,0.903122216329987,0.6,0.9172400340538274,0.7
3,2025-03-06,5,Thursday,same_hour_last_week,1000,147,260,0.5653846153846154,Overnight,Weekday,0.9043511759794487,0.6,0.9335376985888446,0.7,0.932184955445984,0.8
3,2025-03-06,5,Thursday,trailing_4_week_profile,1000,147,260,0.5653846153846154,Overnight,Weekday,0.9043511759794487,0.6,0.8763842925084095,0.6,0.9246644926447731,0.75
3,2025-03-06,6,Thursday,global_popularity,500,192,260,0.7384615384615385,Morning,Weekday,0.562068203876926,0.4,0.6104175913315705,0.6,0.6548081955632222,0.7
3,2025-03-06,6,Thursday,zone_hour_profile,500,192,260,0.7384615384615385,Morning,Weekday,0.9525348211226591,0.6,0.9668612963788886,0.8,0.9775539120197628,0.85
3,2025-03-06,6,Thursday,same_hour_last_week,500,192,260,0.7384615384615385,Morning,Weekday,0.7567099010308043,0.6,0.8023710911493939,0.8,0.8356435279758833,0.85
3,2025-03-06,6,Thursday,trailing_4_week_profile,500,192,260,0.7384615384615385,Morning,Weekday,0.7570175636404423,0.6,0.8035359209058787,0.8,0.8412818607463316,0.9
3,2025-03-06,6,Thursday,global_popularity,1000,147,260,0.5653846153846154,Morning,Weekday,0.562068203876926,0.4,0.6104175913315705,0.6,0.6548081955632222,0.7
3,2025-03-06,6,Thursday,zone_hour_profile,1000,147,260,0.5653846153846154,Morning,Weekday,0.9525348211226591,0.6,0.9668612963788886,0.8,0.9775539120197628,0.85
3,2025-03-06,6,Thursday,same_hour_last_week,1000,147,260,0.5653846153846154,Morning,Weekday,0.7567099010308043,0.6,0.8023710911493939,0.8,0.8356435279758833,0.85
3,2025-03-06,6,Thursday,trailing_4_week_profile,1000,147,260,0.5653846153846154,Morning,Weekday,0.7570175636404423,0.6,0.8035359209058787,0.8,0.8412818607463316,0.9
3,2025-03-06,7,Thursday,global_popularity,500,192,260,0.7384615384615385,Morning,Weekday,0.6277104563779518,0.4,0.6649013331053703,0.6,0.7172707736838346,0.7
3,2025-03-06,7,Thursday,zone_hour_profile,500,192,260,0.7384615384615385,Morning,Weekday,0.5785203708926238,0.6,0.7812782507415016,0.9,0.8088580829060581,0.95
3,2025-03-06,7,Thursday,same_hour_last_week,500,192,260,0.7384615384615385,Morning,Weekday,0.5802217767226934,0.6,0.7708005849911289,0.8,0.7953905192588957,0.9
3,2025-03-06,7,Thursday,trailing_4_week_profile,500,192,260,0.7384615384615385,Morning,Weekday,0.5785203708926238,0.6,0.6487117933801525,0.8,0.7857078568769738,0.9
3,2025-03-06,7,Thursday,global_popularity,1000,147,260,0.5653846153846154,Morning,Weekday,0.6277104563779518,0.4,0.6649013331053703,0.6,0.7172707736838346,0.7
3,2025-03-06,7,Thursday,zone_hour_profile,1000,147,260,0.5653846153846154,Morning,Weekday,0.5785203708926238,0.6,0.7812782507415016,0.9,0.8088580829060581,0.95
3,2025-03-06,7,Thursday,same_hour_last_week,1000,147,260,0.5653846153846154,Morning,Weekday,0.5802217767226934,0.6,0.7708005849911289,0.8,0.7953905192588957,0.9
3,2025-03-06,7,Thursday,trailing_4_week_profile,1000,147,260,0.5653846153846154,Morning,Weekday,0.5785203708926238,0.6,0.6487117933801525,0.8,0.7857078568769738,0.9
3,2025-03-06,8,Thursday,global_popularity,500,192,260,0.7384615384615385,Morning,Weekday,0.753570096055801,0.6,0.7803005156191813,0.6,0.835882992533446,0.75
3,2025-03-06,8,Thursday,zone_hour_profile,500,192,260,0.7384615384615385,Morning,Weekday,0.8676496205380491,0.6,0.8677810838750442,0.7,0.8890955569591926,0.9
3,2025-03-06,8,Thursday,same_hour_last_week,500,192,260,0.7384615384615385,Morning,Weekday,0.8536987292921774,0.6,0.8645048313921768,0.7,0.8854684119041405,0.85
3,2025-03-06,8,Thursday,trailing_4_week_profile,500,192,260,0.7384615384615385,Morning,Weekday,0.8669537175634464,0.6,0.8675934803640212,0.7,0.8889572772343302,0.9
3,2025-03-06,8,Thursday,global_popularity,1000,147,260,0.5653846153846154,Morning,Weekday,0.753570096055801,0.6,0.7803005156191813,0.6,0.835882992533446,0.75
3,2025-03-06,8,Thursday,zone_hour_profile,1000,147,260,0.5653846153846154,Morning,Weekday,0.8676496205380491,0.6,0.8677810838750442,0.7,0.8890955569591926,0.9
3,2025-03-06,8,Thursday,same_hour_last_week,1000,147,260,0.5653846153846154,Morning,Weekday,0.8536987292921774,0.6,0.8645048313921768,0.7,0.8854684119041405,0.85
3,2025-03-06,8,Thursday,trailing_4_week_profile,1000,147,260,0.5653846153846154,Morning,Weekday,0.8669537175634464,0.6,0.8675934803640212,0.7,0.8889572772343302,0.9
3,2025-03-06,9,Thursday,global_popularity,500,192,260,0.7384615384615385,Morning,Weekday,0.7506682041929751,0.6,0.7740988416962792,0.7,0.8572851281375388,0.75
3,2025-03-06,9,Thursday,zone_hour_profile,500,192,260,0.7384615384615385,Morning,Weekday,0.8051394406171551,0.6,0.828177845233868,0.6,0.8541014271852957,0.85
3,2025-03-06,9,Thursday,same_hour_last_week,500,192,260,0.7384615384615385,Morning,Weekday,0.7942140359935963,0.6,0.8249948149680314,0.6,0.8963513373309876,0.9
3,2025-03-06,9,Thursday,trailing_4_week_profile,500,192,260,0.7384615384615385,Morning,Weekday,0.8051394406171551,0.6,0.8258191093402132,0.6,0.8516268909227285,0.85
3,2025-03-06,9,Thursday,global_popularity,1000,147,260,0.5653846153846154,Morning,Weekday,0.7506682041929751,0.6,0.7740988416962792,0.7,0.8572851281375388,0.75
3,2025-03-06,9,Thursday,zone_hour_profile,1000,147,260,0.5653846153846154,Morning,Weekday,0.8051394406171551,0.6,0.828177845233868,0.6,0.8541014271852957,0.85
3,2025-03-06,9,Thursday,same_hour_last_week,1000,147,260,0.5653846153846154,Morning,Weekday,0.7942140359935963,0.6,0.8249948149680314,0.6,0.8963513373309876,0.9
3,2025-03-06,9,Thursday,trailing_4_week_profile,1000,147,260,0.5653846153846154,Morning,Weekday,0.8051394406171551,0.6,0.8258191093402132,0.6,0.8516268909227285,0.85
3,2025-03-06,10,Thursday,global_popularity,500,192,260,0.7384615384615385,Midday,Weekday,0.7262458056997547,0.8,0.741407811170229,0.7,0.844007142374476,0.9
3,2025-03-06,10,Thursday,zone_hour_profile,500,192,260,0.7384615384615385,Midday,Weekday,0.6978708253410066,0.6,0.8000642742511729,0.8,0.8638721454042387,0.9
3,2025-03-06,10,Thursday,same_hour_last_week,500,192,260,0.7384615384615385,Midday,Weekday,0.814411052978262,0.8,0.8203767683107485,0.8,0.8758548511301347,0.85
3,2025-03-06,10,Thursday,trailing_4_week_profile,500,192,260,0.7384615384615385,Midday,Weekday,0.6932866540528685,0.6,0.7062802171574103,0.7,0.8325472479026719,0.85
3,2025-03-06,10,Thursday,global_popularity,1000,147,260,0.5653846153846154,Midday,Weekday,0.7262458056997547,0.8,0.741407811170229,0.7,0.844007142374476,0.9
3,2025-03-06,10,Thursday,zone_hour_profile,1000,147,260,0.5653846153846154,Midday,Weekday,0.6978708253410066,0.6,0.8000642742511729,0.8,0.8638721454042387,0.9
3,2025-03-06,10,Thursday,same_hour_last_week,1000,147,260,0.5653846153846154,Midday,Weekday,0.814411052978262,0.8,0.8203767683107485,0.8,0.8758548511301347,0.85
3,2025-03-06,10,Thursday,trailing_4_week_profile,1000,147,260,0.5653846153846154,Midday,Weekday,0.6932866540528685,0.6,0.7062802171574103,0.7,0.8325472479026719,0.85
3,2025-03-06,11,Thursday,global_popularity,500,192,260,0.7384615384615385,Midday,Weekday,0.8022198404438442,0.8,0.812085872425519,0.7,0.8815543934280728,0.85
3,2025-03-06,11,Thursday,zone_hour_profile,500,192,260,0.7384615384615385,Midday,Weekday,0.7691759919776524,0.6,0.7843743467917574,0.7,0.8963223167118932,1.0
3,2025-03-06,11,Thursday,same_hour_last_week,500,192,260,0.7384615384615385,Midday,Weekday,0.7629305710959435,0.6,0.844305060264338,0.7,0.8761451169803355,0.9
3,2025-03-06,11,Thursday,trailing_4_week_profile,500,192,260,0.7384615384615385,Midday,Weekday,0.7691759919776524,0.6,0.7692711746152057,0.6,0.8701328263856849,0.95
3,2025-03-06,11,Thursday,global_popularity,1000,147,260,0.5653846153846154,Midday,Weekday,0.8022198404438442,0.8,0.812085872425519,0.7,0.8815543934280728,0.85
3,2025-03-06,11,Thursday,zone_hour_profile,1000,147,260,0.5653846153846154,Midday,Weekday,0.7691759919776524,0.6,0.7843743467917574,0.7,0.8963223167118932,1.0
3,2025-03-06,11,Thursday,same_hour_last_week,1000,147,260,0.5653846153846154,Midday,Weekday,0.7629305710959435,0.6,0.844305060264338,0.7,0.8761451169803355,0.9
3,2025-03-06,11,Thursday,trailing_4_week_profile,1000,147,260,0.5653846153846154,Midday,Weekday,0.7691759919776524,0.6,0.7692711746152057,0.6,0.8701328263856849,0.95
3,2025-03-06,12,Thursday,global_popularity,500,192,260,0.7384615384615385,Midday,Weekday,0.8181348392886398,0.8,0.8303009748121475,0.8,0.8822506214614368,0.85
3,2025-03-06,12,Thursday,zone_hour_profile,500,192,260,0.7384615384615385,Midday,Weekday,0.6990502157392452,0.6,0.719526180312418,0.7,0.8679463308597276,0.95
3,2025-03-06,12,Thursday,same_hour_last_week,500,192,260,0.7384615384615385,Midday,Weekday,0.6990502157392452,0.6,0.7924870969385016,0.8,0.8694798897731837,0.95
3,2025-03-06,12,Thursday,trailing_4_week_profile,500,192,260,0.7384615384615385,Midday,Weekday,0.6863077641470738,0.6,0.7175161863892832,0.7,0.8576574093243398,0.9
3,2025-03-06,12,Thursday,global_popularity,1000,147,260,0.5653846153846154,Midday,Weekday,0.8181348392886398,0.8,0.8303009748121475,0.8,0.8822506214614368,0.85
3,2025-03-06,12,Thursday,zone_hour_profile,1000,147,260,0.5653846153846154,Midday,Weekday,0.6990502157392452,0.6,0.719526180312418,0.7,0.8679463308597276,0.95
3,2025-03-06,12,Thursday,same_hour_last_week,1000,147,260,0.5653846153846154,Midday,Weekday,0.6990502157392452,0.6,0.7924870969385016,0.8,0.8694798897731837,0.95
3,2025-03-06,12,Thursday,trailing_4_week_profile,1000,147,260,0.5653846153846154,Midday,Weekday,0.6863077641470738,0.6,0.7175161863892832,0.7,0.8576574093243398,0.9
3,2025-03-06,13,Thursday,global_popularity,500,192,260,0.7384615384615385,Midday,Weekday,0.7592265980729697,0.8,0.7969163000238251,0.8,0.871671091191066,0.85
3,2025-03-06,13,Thursday,zone_hour_profile,500,192,260,0.7384615384615385,Midday,Weekday,0.6973796375708512,0.6,0.7997382458496242,0.8,0.8668029118398689,0.85
3,2025-03-06,13,Thursday,same_hour_last_week,500,192,260,0.7384615384615385,Midday,Weekday,0.8143668929382726,0.8,0.8351333118012069,0.8,0.8948134391156931,0.85
3,2025-03-06,13,Thursday,trailing_4_week_profile,500,192,260,0.7384615384615385,Midday,Weekday,0.6973796375708512,0.6,0.7954874060018396,0.8,0.8635656204763782,0.85
3,2025-03-06,13,Thursday,global_popularity,1000,147,260,0.5653846153846154,Midday,Weekday,0.7592265980729697,0.8,0.7969163000238251,0.8,0.871671091191066,0.85
3,2025-03-06,13,Thursday,zone_hour_profile,1000,147,260,0.5653846153846154,Midday,Weekday,0.6973796375708512,0.6,0.7997382458496242,0.8,0.8668029118398689,0.85
3,2025-03-06,13,Thursday,same_hour_last_week,1000,147,260,0.5653846153846154,Midday,Weekday,0.8143668929382726,0.8,0.8351333118012069,0.8,0.8948134391156931,0.85
3,2025-03-06,13,Thursday,trailing_4_week_profile,1000,147,260,0.5653846153846154,Midday,Weekday,0.6973796375708512,0.6,0.7954874060018396,0.8,0.8635656204763782,0.85
3,2025-03-06,14,Thursday,global_popularity,500,192,260,0.7384615384615385,Midday,Weekday,0.8007923103489306,0.8,0.8160810770207056,0.8,0.8715298857862681,0.85
3,2025-03-06,14,Thursday,zone_hour_profile,500,192,260,0.7384615384615385,Midday,Weekday,0.7237905453276393,0.8,0.8371181407889694,0.7,0.8766869359366094,0.95
3,2025-03-06,14,Thursday,same_hour_last_week,500,192,260,0.7384615384615385,Midday,Weekday,0.7237905453276393,0.8,0.7448874459246615,0.7,0.8613293664388822,0.95
3,2025-03-06,14,Thursday,trailing_4_week_profile,500,192,260,0.7384615384615385,Midday,Weekday,0.6378405316959516,0.6,0.8248300008718625,0.8,0.8639141416622957,0.95
3,2025-03-06,14,Thursday,global_popularity,1000,147,260,0.5653846153846154,Midday,Weekday,0.8007923103489306,0.8,0.8160810770207056,0.8,0.8715298857862681,0.85
3,2025-03-06,14,Thursday,zone_hour_profile,1000,147,260,0.5653846153846154,Midday,Weekday,0.7237905453276393,0.8,0.8371181407889694,0.7,0.8766869359366094,0.95
3,2025-03-06,14,Thursday,same_hour_last_week,1000,147,260,0.5653846153846154,Midday,Weekday,0.7237905453276393,0.8,0.7448874459246615,0.7,0.8613293664388822,0.95
3,2025-03-06,14,Thursday,trailing_4_week_profile,1000,147,260,0.5653846153846154,Midday,Weekday,0.6378405316959516,0.6,0.8248300008718625,0.8,0.8639141416622957,0.95
3,2025-03-06,15,Thursday,global_popularity,500,192,260,0.7384615384615385,Midday,Weekday,0.7545711891578705,0.8,0.782891261062891,0.8,0.8426448477057067,0.85
3,2025-03-06,15,Thursday,zone_hour_profile,500,192,260,0.7384615384615385,Midday,Weekday,0.7581125677603777,0.8,0.8459321630264027,0.8,0.8801677946447963,1.0
3,2025-03-06,15,Thursday,same_hour_last_week,500,192,260,0.7384615384615385,Midday,Weekday,0.7396431504379475,0.8,0.8316402832702716,0.9,0.867776731259904,1.0
3,2025-03-06,15,Thursday,trailing_4_week_profile,500,192,260,0.7384615384615385,Midday,Weekday,0.745297833561552,0.8,0.831106215088039,0.8,0.8749695029919812,1.0
3,2025-03-06,15,Thursday,global_popularity,1000,147,260,0.5653846153846154,Midday,Weekday,0.7545711891578705,0.8,0.782891261062891,0.8,0.8426448477057067,0.85
3,2025-03-06,15,Thursday,zone_hour_profile,1000,147,260,0.5653846153846154,Midday,Weekday,0.7581125677603777,0.8,0.8459321630264027,0.8,0.8801677946447963,1.0
3,2025-03-06,15,Thursday,same_hour_last_week,1000,147,260,0.5653846153846154,Midday,Weekday,0.7396431504379475,0.8,0.8316402832702716,0.9,0.867776731259904,1.0
3,2025-03-06,15,Thursday,trailing_4_week_profile,1000,147,260,0.5653846153846154,Midday,Weekday,0.745297833561552,0.8,0.831106215088039,0.8,0.8749695029919812,1.0
3,2025-03-06,16,Thursday,global_popularity,500,192,260,0.7384615384615385,Evening,Weekday,0.7397494002990888,0.8,0.7642051752877953,0.7,0.829514502623502,0.8
3,2025-03-06,16,Thursday,zone_hour_profile,500,192,260,0.7384615384615385,Evening,Weekday,0.7272176104187255,0.8,0.8253775689600269,0.9,0.8509614189937948,0.95
3,2025-03-06,16,Thursday,same_hour_last_week,500,192,260,0.7384615384615385,Evening,Weekday,0.741566035963187,0.8,0.8409143865367246,0.9,0.8659624956565191,0.95
3,2025-03-06,16,Thursday,trailing_4_week_profile,500,192,260,0.7384615384615385,Evening,Weekday,0.7272176104187255,0.8,0.7570356953521219,0.8,0.8467624220769072,0.95
3,2025-03-06,16,Thursday,global_popularity,1000,147,260,0.5653846153846154,Evening,Weekday,0.7397494002990888,0.8,0.7642051752877953,0.7,0.829514502623502,0.8
3,2025-03-06,16,Thursday,zone_hour_profile,1000,147,260,0.5653846153846154,Evening,Weekday,0.7272176104187255,0.8,0.8253775689600269,0.9,0.8509614189937948,0.95
3,2025-03-06,16,Thursday,same_hour_last_week,1000,147,260,0.5653846153846154,Evening,Weekday,0.741566035963187,0.8,0.8409143865367246,0.9,0.8659624956565191,0.95
3,2025-03-06,16,Thursday,trailing_4_week_profile,1000,147,260,0.5653846153846154,Evening,Weekday,0.7272176104187255,0.8,0.7570356953521219,0.8,0.8467624220769072,0.95
3,2025-03-06,17,Thursday,global_popularity,500,192,260,0.7384615384615385,Evening,Weekday,0.8320727050069316,0.6,0.8574591800770036,0.7,0.8927214127518481,0.85
3,2025-03-06,17,Thursday,zone_hour_profile,500,192,260,0.7384615384615385,Evening,Weekday,0.7488284306576215,0.6,0.8602688678042242,0.9,0.8954222476306911,0.9
3,2025-03-06,17,Thursday,same_hour_last_week,500,192,260,0.7384615384615385,Evening,Weekday,0.8698522729833686,0.8,0.871435595365443,0.8,0.9152752214737474,0.9
3,2025-03-06,17,Thursday,trailing_4_week_profile,500,192,260,0.7384615384615385,Evening,Weekday,0.7567713497357201,0.6,0.8600095084199613,0.9,0.8961014617150295,0.9
3,2025-03-06,17,Thursday,global_popularity,1000,147,260,0.5653846153846154,Evening,Weekday,0.8320727050069316,0.6,0.8574591800770036,0.7,0.8927214127518481,0.85
3,2025-03-06,17,Thursday,zone_hour_profile,1000,147,260,0.5653846153846154,Evening,Weekday,0.7488284306576215,0.6,0.8602688678042242,0.9,0.8954222476306911,0.9
3,2025-03-06,17,Thursday,same_hour_last_week,1000,147,260,0.5653846153846154,Evening,Weekday,0.8698522729833686,0.8,0.871435595365443,0.8,0.9152752214737474,0.9
3,2025-03-06,17,Thursday,trailing_4_week_profile,1000,147,260,0.5653846153846154,Evening,Weekday,0.7567713497357201,0.6,0.8600095084199613,0.9,0.8961014617150295,0.9
3,2025-03-06,18,Thursday,global_popularity,500,192,260,0.7384615384615385,Evening,Weekday,0.8935445912635323,0.6,0.8973496843850457,0.8,0.9384106364023168,0.9
3,2025-03-06,18,Thursday,zone_hour_profile,500,192,260,0.7384615384615385,Evening,Weekday,0.8491442822359493,0.6,0.8592625126202926,0.8,0.9412146585235217,0.95
3,2025-03-06,18,Thursday,same_hour_last_week,500,192,260,0.7384615384615385,Evening,Weekday,0.8412713302663772,0.6,0.8570705421582179,0.8,0.9411092501145772,0.95
3,2025-03-06,18,Thursday,trailing_4_week_profile,500,192,260,0.7384615384615385,Evening,Weekday,0.8417028729221816,0.6,0.8583975370335911,0.8,0.9362163368655558,0.9
3,2025-03-06,18,Thursday,global_popularity,1000,147,260,0.5653846153846154,Evening,Weekday,0.8935445912635323,0.6,0.8973496843850457,0.8,0.9384106364023168,0.9
3,2025-03-06,18,Thursday,zone_hour_profile,1000,147,260,0.5653846153846154,Evening,Weekday,0.8491442822359493,0.6,0.8592625126202926,0.8,0.9412146585235217,0.95
3,2025-03-06,18,Thursday,same_hour_last_week,1000,147,260,0.5653846153846154,Evening,Weekday,0.8412713302663772,0.6,0.8570705421582179,0.8,0.9411092501145772,0.95
3,2025-03-06,18,Thursday,trailing_4_week_profile,1000,147,260,0.5653846153846154,Evening,Weekday,0.8417028729221816,0.6,0.8583975370335911,0.8,0.9362163368655558,0.9
3,2025-03-06,19,Thursday,global_popularity,500,192,260,0.7384615384615385,Evening,Weekday,0.7819366303226519,0.6,0.8146194008522262,0.8,0.8641661792783817,0.85
3,2025-03-06,19,Thursday,zone_hour_profile,500,192,260,0.7384615384615385,Evening,Weekday,0.651000065137105,0.6,0.7963835059250725,0.9,0.8448847625568432,0.85
3,2025-03-06,19,Thursday,same_hour_last_week,500,192,260,0.7384615384615385,Evening,Weekday,0.6502386955543442,0.6,0.8048940283061933,0.9,0.8519026927018811,0.85
3,2025-03-06,19,Thursday,trailing_4_week_profile,500,192,260,0.7384615384615385,Evening,Weekday,0.6502386955543442,0.6,0.7971592170981355,0.9,0.8471570991119158,0.9
3,2025-03-06,19,Thursday,global_popularity,1000,147,260,0.5653846153846154,Evening,Weekday,0.7819366303226519,0.6,0.8146194008522262,0.8,0.8641661792783817,0.85
3,2025-03-06,19,Thursday,zone_hour_profile,1000,147,260,0.5653846153846154,Evening,Weekday,0.651000065137105,0.6,0.7963835059250725,0.9,0.8448847625568432,0.85
3,2025-03-06,19,Thursday,same_hour_last_week,1000,147,260,0.5653846153846154,Evening,Weekday,0.6502386955543442,0.6,0.8048940283061933,0.9,0.8519026927018811,0.85
3,2025-03-06,19,Thursday,trailing_4_week_profile,1000,147,260,0.5653846153846154,Evening,Weekday,0.6502386955543442,0.6,0.7971592170981355,0.9,0.8471570991119158,0.9
3,2025-03-06,20,Thursday,global_popularity,500,192,260,0.7384615384615385,Evening,Weekday,0.8489195308480488,0.4,0.8602581903179026,0.7,0.904921141352034,0.9
3,2025-03-06,20,Thursday,zone_hour_profile,500,192,260,0.7384615384615385,Evening,Weekday,0.7905911109419511,0.6,0.8882265051354976,0.9,0.9284862961690136,0.95
3,2025-03-06,20,Thursday,same_hour_last_week,500,192,260,0.7384615384615385,Evening,Weekday,0.7853019942289718,0.6,0.9171805073699283,1.0,0.9276003675896024,0.9
3,2025-03-06,20,Thursday,trailing_4_week_profile,500,192,260,0.7384615384615385,Evening,Weekday,0.79322621841528,0.6,0.8781983230787506,0.9,0.9194655669424555,0.95
3,2025-03-06,20,Thursday,global_popularity,1000,147,260,0.5653846153846154,Evening,Weekday,0.8489195308480488,0.4,0.8602581903179026,0.7,0.904921141352034,0.9
3,2025-03-06,20,Thursday,zone_hour_profile,1000,147,260,0.5653846153846154,Evening,Weekday,0.7905911109419511,0.6,0.8882265051354976,0.9,0.9284862961690136,0.95
3,2025-03-06,20,Thursday,same_hour_last_week,1000,147,260,0.5653846153846154,Evening,Weekday,0.7853019942289718,0.6,0.9171805073699283,1.0,0.9276003675896024,0.9
3,2025-03-06,20,Thursday,trailing_4_week_profile,1000,147,260,0.5653846153846154,Evening,Weekday,0.79322621841528,0.6,0.8781983230787506,0.9,0.9194655669424555,0.95
3,2025-03-06,21,Thursday,global_popularity,500,192,260,0.7384615384615385,Late evening,Weekday,0.8284845964943557,0.6,0.8581259242191054,0.8,0.899958152969446,0.8
3,2025-03-06,21,Thursday,zone_hour_profile,500,192,260,0.7384615384615385,Late evening,Weekday,0.7802420997929592,0.6,0.8907073229748408,0.8,0.9280033788479456,0.95
3,2025-03-06,21,Thursday,same_hour_last_week,500,192,260,0.7384615384615385,Late evening,Weekday,0.773553171705077,0.6,0.8761281670076366,0.8,0.918669434269435,0.9
3,2025-03-06,21,Thursday,trailing_4_week_profile,500,192,260,0.7384615384615385,Late evening,Weekday,0.7802420997929592,0.6,0.8791487055833893,0.8,0.9189854966869189,0.95
3,2025-03-06,21,Thursday,global_popularity,1000,147,260,0.5653846153846154,Late evening,Weekday,0.8284845964943557,0.6,0.8581259242191054,0.8,0.899958152969446,0.8
3,2025-03-06,21,Thursday,zone_hour_profile,1000,147,260,0.5653846153846154,Late evening,Weekday,0.7802420997929592,0.6,0.8907073229748408,0.8,0.9280033788479456,0.95
3,2025-03-06,21,Thursday,same_hour_last_week,1000,147,260,0.5653846153846154,Late evening,Weekday,0.773553171705077,0.6,0.8761281670076366,0.8,0.918669434269435,0.9
3,2025-03-06,21,Thursday,trailing_4_week_profile,1000,147,260,0.5653846153846154,Late evening,Weekday,0.7802420997929592,0.6,0.8791487055833893,0.8,0.9189854966869189,0.95
3,2025-03-06,22,Thursday,global_popularity,500,192,260,0.7384615384615385,Late evening,Weekday,0.7356255876732827,0.6,0.7550402390507255,0.6,0.8354469225234893,0.8
3,2025-03-06,22,Thursday,zone_hour_profile,500,192,260,0.7384615384615385,Late evening,Weekday,0.7162277427540042,0.4,0.8486941142657488,0.9,0.890032884202833,0.9
3,2025-03-06,22,Thursday,same_hour_last_week,500,192,260,0.7384615384615385,Late evening,Weekday,0.6428392390348048,0.6,0.7998059637808401,0.9,0.8509339427100732,0.9
3,2025-03-06,22,Thursday,trailing_4_week_profile,500,192,260,0.7384615384615385,Late evening,Weekday,0.7149329654357139,0.4,0.8422683215890616,0.9,0.8853934660654095,0.9
3,2025-03-06,22,Thursday,global_popularity,1000,147,260,0.5653846153846154,Late evening,Weekday,0.7356255876732827,0.6,0.7550402390507255,0.6,0.8354469225234893,0.8
3,2025-03-06,22,Thursday,zone_hour_profile,1000,147,260,0.5653846153846154,Late evening,Weekday,0.7162277427540042,0.4,0.8486941142657488,0.9,0.890032884202833,0.9
3,2025-03-06,22,Thursday,same_hour_last_week,1000,147,260,0.5653846153846154,Late evening,Weekday,0.6428392390348048,0.6,0.7998059637808401,0.9,0.8509339427100732,0.9
3,2025-03-06,22,Thursday,trailing_4_week_profile,1000,147,260,0.5653846153846154,Late evening,Weekday,0.7149329654357139,0.4,0.8422683215890616,0.9,0.8853934660654095,0.9
3,2025-03-06,23,Thursday,global_popularity,500,192,260,0.7384615384615385,Late evening,Weekday,0.4857070268765098,0.6,0.5276238922276497,0.5,0.6905411558990051,0.8
3,2025-03-06,23,Thursday,zone_hour_profile,500,192,260,0.7384615384615385,Late evening,Weekday,0.7939380697028507,0.8,0.827068373754828,0.9,0.849604398143476,0.9
3,2025-03-06,23,Thursday,same_hour_last_week,500,192,260,0.7384615384615385,Late evening,Weekday,0.7774419819712153,1.0,0.8038058161114705,0.9,0.8341474398866728,0.9
3,2025-03-06,23,Thursday,trailing_4_week_profile,500,192,260,0.7384615384615385,Late evening,Weekday,0.5337805282412925,0.6,0.7781278573313344,0.9,0.8095994548535244,0.95
3,2025-03-06,23,Thursday,global_popularity,1000,147,260,0.5653846153846154,Late evening,Weekday,0.4857070268765098,0.6,0.5276238922276497,0.5,0.6905411558990051,0.8
3,2025-03-06,23,Thursday,zone_hour_profile,1000,147,260,0.5653846153846154,Late evening,Weekday,0.7939380697028507,0.8,0.827068373754828,0.9,0.849604398143476,0.9
3,2025-03-06,23,Thursday,same_hour_last_week,1000,147,260,0.5653846153846154,Late evening,Weekday,0.7774419819712153,1.0,0.8038058161114705,0.9,0.8341474398866728,0.9
3,2025-03-06,23,Thursday,trailing_4_week_profile,1000,147,260,0.5653846153846154,Late evening,Weekday,0.5337805282412925,0.6,0.7781278573313344,0.9,0.8095994548535244,0.95
3,2025-03-07,0,Friday,global_popularity,500,192,260,0.7384615384615385,Overnight,Weekday,0.4535702470135961,0.4,0.47840019207161305,0.4,0.6444502745876372,0.7
3,2025-03-07,0,Friday,zone_hour_profile,500,192,260,0.7384615384615385,Overnight,Weekday,0.7931771306027131,0.6,0.9021958638456792,0.8,0.9069153334712929,0.9
3,2025-03-07,0,Friday,same_hour_last_week,500,192,260,0.7384615384615385,Overnight,Weekday,0.4146464633608229,0.6,0.5813302688653359,0.7,0.6919494431203372,0.8
3,2025-03-07,0,Friday,trailing_4_week_profile,500,192,260,0.7384615384615385,Overnight,Weekday,0.7073996304386818,0.8,0.7325712026300775,0.8,0.7592883586547279,0.9
3,2025-03-07,0,Friday,global_popularity,1000,147,260,0.5653846153846154,Overnight,Weekday,0.4535702470135961,0.4,0.47840019207161305,0.4,0.6444502745876372,0.7
3,2025-03-07,0,Friday,zone_hour_profile,1000,147,260,0.5653846153846154,Overnight,Weekday,0.7931771306027131,0.6,0.9021958638456792,0.8,0.9069153334712929,0.9
3,2025-03-07,0,Friday,same_hour_last_week,1000,147,260,0.5653846153846154,Overnight,Weekday,0.4146464633608229,0.6,0.5813302688653359,0.7,0.6919494431203372,0.8
3,2025-03-07,0,Friday,trailing_4_week_profile,1000,147,260,0.5653846153846154,Overnight,Weekday,0.7073996304386818,0.8,0.7325712026300775,0.8,0.7592883586547279,0.9
3,2025-03-07,1,Friday,global_popularity,500,192,260,0.7384615384615385,Overnight,Weekday,0.4032049442341951,0.2,0.40502610502608055,0.2,0.543739763329015,0.6
3,2025-03-07,1,Friday,zone_hour_profile,500,192,260,0.7384615384615385,Overnight,Weekday,0.8136828101427838,1.0,0.8339127834992988,0.9,0.8491895418304956,0.85
3,2025-03-07,1,Friday,same_hour_last_week,500,192,260,0.7384615384615385,Overnight,Weekday,0.9980625674270599,1.0,0.9638619394711249,0.8,0.9807175434163895,0.85
3,2025-03-07,1,Friday,trailing_4_week_profile,500,192,260,0.7384615384615385,Overnight,Weekday,0.7824505324004102,1.0,0.7916963039511707,0.8,0.8289226292650668,0.85
3,2025-03-07,1,Friday,global_popularity,1000,147,260,0.5653846153846154,Overnight,Weekday,0.4032049442341951,0.2,0.40502610502608055,0.2,0.543739763329015,0.6
3,2025-03-07,1,Friday,zone_hour_profile,1000,147,260,0.5653846153846154,Overnight,Weekday,0.8136828101427838,1.0,0.8339127834992988,0.9,0.8491895418304956,0.85
3,2025-03-07,1,Friday,same_hour_last_week,1000,147,260,0.5653846153846154,Overnight,Weekday,0.9980625674270599,1.0,0.9638619394711249,0.8,0.9807175434163895,0.85
3,2025-03-07,1,Friday,trailing_4_week_profile,1000,147,260,0.5653846153846154,Overnight,Weekday,0.7824505324004102,1.0,0.7916963039511707,0.8,0.8289226292650668,0.85
3,2025-03-07,2,Friday,global_popularity,500,192,260,0.7384615384615385,Overnight,Weekday,0.305795529592929,0.2,0.34132558383787687,0.3,0.5104113243775551,0.6
3,2025-03-07,2,Friday,zone_hour_profile,500,192,260,0.7384615384615385,Overnight,Weekday,0.8291570895822491,0.8,0.8023554496755749,0.7,0.8890122271334273,0.85
3,2025-03-07,2,Friday,same_hour_last_week,500,192,260,0.7384615384615385,Overnight,Weekday,0.7202475465696911,0.4,0.789634627381266,0.7,0.8137616243800634,0.8
3,2025-03-07,2,Friday,trailing_4_week_profile,500,192,260,0.7384615384615385,Overnight,Weekday,0.8038601039072326,0.6,0.7947173312313468,0.7,0.8248925070615624,0.8
3,2025-03-07,2,Friday,global_popularity,1000,147,260,0.5653846153846154,Overnight,Weekday,0.305795529592929,0.2,0.34132558383787687,0.3,0.5104113243775551,0.6
3,2025-03-07,2,Friday,zone_hour_profile,1000,147,260,0.5653846153846154,Overnight,Weekday,0.8291570895822491,0.8,0.8023554496755749,0.7,0.8890122271334273,0.85
3,2025-03-07,2,Friday,same_hour_last_week,1000,147,260,0.5653846153846154,Overnight,Weekday,0.7202475465696911,0.4,0.789634627381266,0.7,0.8137616243800634,0.8
3,2025-03-07,2,Friday,trailing_4_week_profile,1000,147,260,0.5653846153846154,Overnight,Weekday,0.8038601039072326,0.6,0.7947173312313468,0.7,0.8248925070615624,0.8
3,2025-03-07,3,Friday,global_popularity,500,192,260,0.7384615384615385,Overnight,Weekday,0.31371808622014363,0.2,0.3177731077343722,0.3,0.4865223270901862,0.45
3,2025-03-07,3,Friday,zone_hour_profile,500,192,260,0.7384615384615385,Overnight,Weekday,0.7882959685883495,0.8,0.8917249572359046,0.8,0.8994226975767545,0.9
3,2025-03-07,3,Friday,same_hour_last_week,500,192,260,0.7384615384615385,Overnight,Weekday,0.782343318366398,0.8,0.883201664401076,0.8,0.8839268237037481,0.85
3,2025-03-07,3,Friday,trailing_4_week_profile,500,192,260,0.7384615384615385,Overnight,Weekday,0.7837793633818718,0.8,0.767471425302772,0.7,0.8639328238031411,0.85
3,2025-03-07,3,Friday,global_popularity,1000,147,260,0.5653846153846154,Overnight,Weekday,0.31371808622014363,0.2,0.3177731077343722,0.3,0.4865223270901862,0.45
3,2025-03-07,3,Friday,zone_hour_profile,1000,147,260,0.5653846153846154,Overnight,Weekday,0.7882959685883495,0.8,0.8917249572359046,0.8,0.8994226975767545,0.9
3,2025-03-07,3,Friday,same_hour_last_week,1000,147,260,0.5653846153846154,Overnight,Weekday,0.782343318366398,0.8,0.883201664401076,0.8,0.8839268237037481,0.85
3,2025-03-07,3,Friday,trailing_4_week_profile,1000,147,260,0.5653846153846154,Overnight,Weekday,0.7837793633818718,0.8,0.767471425302772,0.7,0.8639328238031411,0.85
3,2025-03-07,4,Friday,global_popularity,500,192,260,0.7384615384615385,Overnight,Weekday,0.5634226599905611,0.4,0.5803325454895107,0.4,0.6890608768625027,0.55
3,2025-03-07,4,Friday,zone_hour_profile,500,192,260,0.7384615384615385,Overnight,Weekday,0.8238515760603027,0.8,0.8107908358689838,0.5,0.8125462441563139,0.65
3,2025-03-07,4,Friday,same_hour_last_week,500,192,260,0.7384615384615385,Overnight,Weekday,0.6096174895184837,0.4,0.7817888258491494,0.5,0.7640013392935688,0.55
3,2025-03-07,4,Friday,trailing_4_week_profile,500,192,260,0.7384615384615385,Overnight,Weekday,0.6658386013380838,0.6,0.7784662057096274,0.5,0.7672415087159603,0.6
3,2025-03-07,4,Friday,global_popularity,1000,147,260,0.5653846153846154,Overnight,Weekday,0.5634226599905611,0.4,0.5803325454895107,0.4,0.6890608768625027,0.55
3,2025-03-07,4,Friday,zone_hour_profile,1000,147,260,0.5653846153846154,Overnight,Weekday,0.8238515760603027,0.8,0.8107908358689838,0.5,0.8125462441563139,0.65
3,2025-03-07,4,Friday,same_hour_last_week,1000,147,260,0.5653846153846154,Overnight,Weekday,0.6096174895184837,0.4,0.7817888258491494,0.5,0.7640013392935688,0.55
3,2025-03-07,4,Friday,trailing_4_week_profile,1000,147,260,0.5653846153846154,Overnight,Weekday,0.6658386013380838,0.6,0.7784662057096274,0.5,0.7672415087159603,0.6
3,2025-03-07,5,Friday,global_popularity,500,192,260,0.7384615384615385,Overnight,Weekday,0.5364296886492411,0.4,0.5637429517874368,0.4,0.6177394275458523,0.65
3,2025-03-07,5,Friday,zone_hour_profile,500,192,260,0.7384615384615385,Overnight,Weekday,0.9583269152121857,0.6,0.9704390813271726,0.7,0.9654978999065557,0.8
3,2025-03-07,5,Friday,same_hour_last_week,500,192,260,0.7384615384615385,Overnight,Weekday,0.9902333166784161,0.8,0.965017260193621,0.6,0.97205144241375,0.8
3,2025-03-07,5,Friday,trailing_4_week_profile,500,192,260,0.7384615384615385,Overnight,Weekday,0.9633785676573816,0.6,0.9686593753133133,0.7,0.9621999433758333,0.8
3,2025-03-07,5,Friday,global_popularity,1000,147,260,0.5653846153846154,Overnight,Weekday,0.5364296886492411,0.4,0.5637429517874368,0.4,0.6177394275458523,0.65
3,2025-03-07,5,Friday,zone_hour_profile,1000,147,260,0.5653846153846154,Overnight,Weekday,0.9583269152121857,0.6,0.9704390813271726,0.7,0.9654978999065557,0.8
3,2025-03-07,5,Friday,same_hour_last_week,1000,147,260,0.5653846153846154,Overnight,Weekday,0.9902333166784161,0.8,0.965017260193621,0.6,0.97205144241375,0.8
3,2025-03-07,5,Friday,trailing_4_week_profile,1000,147,260,0.5653846153846154,Overnight,Weekday,0.9633785676573816,0.6,0.9686593753133133,0.7,0.9621999433758333,0.8
3,2025-03-07,6,Friday,global_popularity,500,192,260,0.7384615384615385,Morning,Weekday,0.5627998266271488,0.4,0.6077496301478157,0.4,0.6530888458970403,0.7
3,2025-03-07,6,Friday,zone_hour_profile,500,192,260,0.7384615384615385,Morning,Weekday,0.9891256201312383,0.8,0.9907891885340826,0.9,0.9877218951428645,0.9
3,2025-03-07,6,Friday,same_hour_last_week,500,192,260,0.7384615384615385,Morning,Weekday,0.9640750840476645,0.8,0.9771834683267234,0.9,0.9683284104803798,0.85
3,2025-03-07,6,Friday,trailing_4_week_profile,500,192,260,0.7384615384615385,Morning,Weekday,0.9777653297866097,0.6,0.9879393534815257,0.9,0.9756422432807835,0.85
3,2025-03-07,6,Friday,global_popularity,1000,147,260,0.5653846153846154,Morning,Weekday,0.5627998266271488,0.4,0.6077496301478157,0.4,0.6530888458970403,0.7
3,2025-03-07,6,Friday,zone_hour_profile,1000,147,260,0.5653846153846154,Morning,Weekday,0.9891256201312383,0.8,0.9907891885340826,0.9,0.9877218951428645,0.9
3,2025-03-07,6,Friday,same_hour_last_week,1000,147,260,0.5653846153846154,Morning,Weekday,0.9640750840476645,0.8,0.9771834683267234,0.9,0.9683284104803798,0.85
3,2025-03-07,6,Friday,trailing_4_week_profile,1000,147,260,0.5653846153846154,Morning,Weekday,0.9777653297866097,0.6,0.9879393534815257,0.9,0.9756422432807835,0.85
3,2025-03-07,7,Friday,global_popularity,500,192,260,0.7384615384615385,Morning,Weekday,0.6086682719972498,0.6,0.6329032447123826,0.5,0.6811765177051186,0.7
3,2025-03-07,7,Friday,zone_hour_profile,500,192,260,0.7384615384615385,Morning,Weekday,0.7752117587017332,0.8,0.8146379818552857,0.9,0.8309588717357178,0.9
3,2025-03-07,7,Friday,same_hour_last_week,500,192,260,0.7384615384615385,Morning,Weekday,0.7752117587017332,0.8,0.8082038570775156,0.8,0.8301089571270143,0.9
3,2025-03-07,7,Friday,trailing_4_week_profile,500,192,260,0.7384615384615385,Morning,Weekday,0.7862007296679765,1.0,0.8091769667848857,0.8,0.8313931433075235,0.9
3,2025-03-07,7,Friday,global_popularity,1000,147,260,0.5653846153846154,Morning,Weekday,0.6086682719972498,0.6,0.6329032447123826,0.5,0.6811765177051186,0.7
3,2025-03-07,7,Friday,zone_hour_profile,1000,147,260,0.5653846153846154,Morning,Weekday,0.7752117587017332,0.8,0.8146379818552857,0.9,0.8309588717357178,0.9
3,2025-03-07,7,Friday,same_hour_last_week,1000,147,260,0.5653846153846154,Morning,Weekday,0.7752117587017332,0.8,0.8082038570775156,0.8,0.8301089571270143,0.9
3,2025-03-07,7,Friday,trailing_4_week_profile,1000,147,260,0.5653846153846154,Morning,Weekday,0.7862007296679765,1.0,0.8091769667848857,0.8,0.8313931433075235,0.9
3,2025-03-07,8,Friday,global_popularity,500,192,260,0.7384615384615385,Morning,Weekday,0.7615606644904516,0.6,0.7602255529187172,0.4,0.8174490531055972,0.75
3,2025-03-07,8,Friday,zone_hour_profile,500,192,260,0.7384615384615385,Morning,Weekday,0.8941843194604251,0.6,0.8979339956011776,0.8,0.9367942437068011,0.85
3,2025-03-07,8,Friday,same_hour_last_week,500,192,260,0.7384615384615385,Morning,Weekday,0.8941843194604251,0.6,0.9404655446830598,0.8,0.9453268086934702,0.85
3,2025-03-07,8,Friday,trailing_4_week_profile,500,192,260,0.7384615384615385,Morning,Weekday,0.8963276186637628,0.6,0.8978964416603402,0.8,0.9364527744587682,0.85
3,2025-03-07,8,Friday,global_popularity,1000,147,260,0.5653846153846154,Morning,Weekday,0.7615606644904516,0.6,0.7602255529187172,0.4,0.8174490531055972,0.75
3,2025-03-07,8,Friday,zone_hour_profile,1000,147,260,0.5653846153846154,Morning,Weekday,0.8941843194604251,0.6,0.8979339956011776,0.8,0.9367942437068011,0.85
3,2025-03-07,8,Friday,same_hour_last_week,1000,147,260,0.5653846153846154,Morning,Weekday,0.8941843194604251,0.6,0.9404655446830598,0.8,0.9453268086934702,0.85
3,2025-03-07,8,Friday,trailing_4_week_profile,1000,147,260,0.5653846153846154,Morning,Weekday,0.8963276186637628,0.6,0.8978964416603402,0.8,0.9364527744587682,0.85
3,2025-03-07,9,Friday,global_popularity,500,192,260,0.7384615384615385,Morning,Weekday,0.7525602130016465,0.6,0.7835180520175207,0.7,0.8470232518270083,0.8
3,2025-03-07,9,Friday,zone_hour_profile,500,192,260,0.7384615384615385,Morning,Weekday,0.7270222137356532,0.4,0.7787704917103199,0.7,0.9028681601103656,0.95
3,2025-03-07,9,Friday,same_hour_last_week,500,192,260,0.7384615384615385,Morning,Weekday,0.7296119188615494,0.4,0.8435354327410187,0.8,0.9138646153773672,1.0
3,2025-03-07,9,Friday,trailing_4_week_profile,500,192,260,0.7384615384615385,Morning,Weekday,0.7296119188615494,0.4,0.7849090133850503,0.7,0.8667553166563992,0.95
3,2025-03-07,9,Friday,global_popularity,1000,147,260,0.5653846153846154,Morning,Weekday,0.7525602130016465,0.6,0.7835180520175207,0.7,0.8470232518270083,0.8
3,2025-03-07,9,Friday,zone_hour_profile,1000,147,260,0.5653846153846154,Morning,Weekday,0.7270222137356532,0.4,0.7787704917103199,0.7,0.9028681601103656,0.95
3,2025-03-07,9,Friday,same_hour_last_week,1000,147,260,0.5653846153846154,Morning,Weekday,0.7296119188615494,0.4,0.8435354327410187,0.8,0.9138646153773672,1.0
3,2025-03-07,9,Friday,trailing_4_week_profile,1000,147,260,0.5653846153846154,Morning,Weekday,0.7296119188615494,0.4,0.7849090133850503,0.7,0.8667553166563992,0.95
3,2025-03-07,10,Friday,global_popularity,500,192,260,0.7384615384615385,Midday,Weekday,0.7888286434481231,0.8,0.8041627904296846,0.8,0.8718811823940914,0.8
3,2025-03-07,10,Friday,zone_hour_profile,500,192,260,0.7384615384615385,Midday,Weekday,0.8327884525984183,0.8,0.8231181775946085,0.7,0.9028830455731872,0.95
3,2025-03-07,10,Friday,same_hour_last_week,500,192,260,0.7384615384615385,Midday,Weekday,0.8243736151353476,0.8,0.8437061215538058,0.7,0.9126596877931337,0.9
3,2025-03-07,10,Friday,trailing_4_week_profile,500,192,260,0.7384615384615385,Midday,Weekday,0.8414863120579857,0.8,0.8290710788739195,0.7,0.8634060627329694,0.9
3,2025-03-07,10,Friday,global_popularity,1000,147,260,0.5653846153846154,Midday,Weekday,0.7888286434481231,0.8,0.8041627904296846,0.8,0.8718811823940914,0.8
3,2025-03-07,10,Friday,zone_hour_profile,1000,147,260,0.5653846153846154,Midday,Weekday,0.8327884525984183,0.8,0.8231181775946085,0.7,0.9028830455731872,0.95
3,2025-03-07,10,Friday,same_hour_last_week,1000,147,260,0.5653846153846154,Midday,Weekday,0.8243736151353476,0.8,0.8437061215538058,0.7,0.9126596877931337,0.9
3,2025-03-07,10,Friday,trailing_4_week_profile,1000,147,260,0.5653846153846154,Midday,Weekday,0.8414863120579857,0.8,0.8290710788739195,0.7,0.8634060627329694,0.9
3,2025-03-07,11,Friday,global_popularity,500,192,260,0.7384615384615385,Midday,Weekday,0.7339382884464224,0.6,0.7648461973443684,0.7,0.8493164184384732,0.8
3,2025-03-07,11,Friday,zone_hour_profile,500,192,260,0.7384615384615385,Midday,Weekday,0.6720153381907781,0.6,0.7767222967287682,0.8,0.8623900562381093,0.95
3,2025-03-07,11,Friday,same_hour_last_week,500,192,260,0.7384615384615385,Midday,Weekday,0.7567814389535131,0.6,0.7939453213686981,0.8,0.8765714912065194,0.9
3,2025-03-07,11,Friday,trailing_4_week_profile,500,192,260,0.7384615384615385,Midday,Weekday,0.664540742900553,0.4,0.7809209821874122,0.8,0.8654230864344233,0.95
3,2025-03-07,11,Friday,global_popularity,1000,147,260,0.5653846153846154,Midday,Weekday,0.7339382884464224,0.6,0.7648461973443684,0.7,0.8493164184384732,0.8
3,2025-03-07,11,Friday,zone_hour_profile,1000,147,260,0.5653846153846154,Midday,Weekday,0.6720153381907781,0.6,0.7767222967287682,0.8,0.8623900562381093,0.95
3,2025-03-07,11,Friday,same_hour_last_week,1000,147,260,0.5653846153846154,Midday,Weekday,0.7567814389535131,0.6,0.7939453213686981,0.8,0.8765714912065194,0.9
3,2025-03-07,11,Friday,trailing_4_week_profile,1000,147,260,0.5653846153846154,Midday,Weekday,0.664540742900553,0.4,0.7809209821874122,0.8,0.8654230864344233,0.95
3,2025-03-07,12,Friday,global_popularity,500,192,260,0.7384615384615385,Midday,Weekday,0.7320741203673014,0.8,0.7755153558022885,0.8,0.8338297805767337,0.85
3,2025-03-07,12,Friday,zone_hour_profile,500,192,260,0.7384615384615385,Midday,Weekday,0.6119030592609755,0.6,0.7199368262328439,0.8,0.8333313432021147,0.95
3,2025-03-07,12,Friday,same_hour_last_week,500,192,260,0.7384615384615385,Midday,Weekday,0.764814148434793,0.8,0.8447753695163382,0.8,0.8781644804042267,0.95
3,2025-03-07,12,Friday,trailing_4_week_profile,500,192,260,0.7384615384615385,Midday,Weekday,0.6119030592609755,0.6,0.7233871991997257,0.8,0.8435290894156356,1.0
3,2025-03-07,12,Friday,global_popularity,1000,147,260,0.5653846153846154,Midday,Weekday,0.7320741203673014,0.8,0.7755153558022885,0.8,0.8338297805767337,0.85
3,2025-03-07,12,Friday,zone_hour_profile,1000,147,260,0.5653846153846154,Midday,Weekday,0.6119030592609755,0.6,0.7199368262328439,0.8,0.8333313432021147,0.95
3,2025-03-07,12,Friday,same_hour_last_week,1000,147,260,0.5653846153846154,Midday,Weekday,0.764814148434793,0.8,0.8447753695163382,0.8,0.8781644804042267,0.95
3,2025-03-07,12,Friday,trailing_4_week_profile,1000,147,260,0.5653846153846154,Midday,Weekday,0.6119030592609755,0.6,0.7233871991997257,0.8,0.8435290894156356,1.0
3,2025-03-07,13,Friday,global_popularity,500,192,260,0.7384615384615385,Midday,Weekday,0.724618697506769,0.8,0.7669834590921681,0.8,0.8486022953155176,0.85
3,2025-03-07,13,Friday,zone_hour_profile,500,192,260,0.7384615384615385,Midday,Weekday,0.7032485528341422,0.8,0.8047908076565069,0.8,0.8443387645150674,0.95
3,2025-03-07,13,Friday,same_hour_last_week,500,192,260,0.7384615384615385,Midday,Weekday,0.7139223830741366,0.8,0.8268860500820061,0.8,0.8586424115938193,0.9
3,2025-03-07,13,Friday,trailing_4_week_profile,500,192,260,0.7384615384615385,Midday,Weekday,0.5938915538680107,0.6,0.7845273283928577,0.8,0.8275937629065315,0.95
3,2025-03-07,13,Friday,global_popularity,1000,147,260,0.5653846153846154,Midday,Weekday,0.724618697506769,0.8,0.7669834590921681,0.8,0.8486022953155176,0.85
3,2025-03-07,13,Friday,zone_hour_profile,1000,147,260,0.5653846153846154,Midday,Weekday,0.7032485528341422,0.8,0.8047908076565069,0.8,0.8443387645150674,0.95
3,2025-03-07,13,Friday,same_hour_last_week,1000,147,260,0.5653846153846154,Midday,Weekday,0.7139223830741366,0.8,0.8268860500820061,0.8,0.8586424115938193,0.9
3,2025-03-07,13,Friday,trailing_4_week_profile,1000,147,260,0.5653846153846154,Midday,Weekday,0.5938915538680107,0.6,0.7845273283928577,0.8,0.8275937629065315,0.95
3,2025-03-07,14,Friday,global_popularity,500,192,260,0.7384615384615385,Midday,Weekday,0.7215960995730138,0.8,0.7536103287126537,0.8,0.8140603222474011,0.85
3,2025-03-07,14,Friday,zone_hour_profile,500,192,260,0.7384615384615385,Midday,Weekday,0.7808758308869148,1.0,0.802969017232062,0.7,0.8409897422106228,0.95
3,2025-03-07,14,Friday,same_hour_last_week,500,192,260,0.7384615384615385,Midday,Weekday,0.7808758308869148,1.0,0.8051244738856558,0.8,0.8424049993839772,1.0
3,2025-03-07,14,Friday,trailing_4_week_profile,500,192,260,0.7384615384615385,Midday,Weekday,0.7808758308869148,1.0,0.8031235856352028,0.8,0.8407609914870874,0.95
3,2025-03-07,14,Friday,global_popularity,1000,147,260,0.5653846153846154,Midday,Weekday,0.7215960995730138,0.8,0.7536103287126537,0.8,0.8140603222474011,0.85
3,2025-03-07,14,Friday,zone_hour_profile,1000,147,260,0.5653846153846154,Midday,Weekday,0.7808758308869148,1.0,0.802969017232062,0.7,0.8409897422106228,0.95
3,2025-03-07,14,Friday,same_hour_last_week,1000,147,260,0.5653846153846154,Midday,Weekday,0.7808758308869148,1.0,0.8051244738856558,0.8,0.8424049993839772,1.0
3,2025-03-07,14,Friday,trailing_4_week_profile,1000,147,260,0.5653846153846154,Midday,Weekday,0.7808758308869148,1.0,0.8031235856352028,0.8,0.8407609914870874,0.95
3,2025-03-07,15,Friday,global_popularity,500,192,260,0.7384615384615385,Midday,Weekday,0.6430889963893893,0.8,0.6833532545902636,0.8,0.7628285340182721,0.85
3,2025-03-07,15,Friday,zone_hour_profile,500,192,260,0.7384615384615385,Midday,Weekday,0.6652923291313876,0.8,0.766637240120348,0.7,0.8087503680267525,0.95
3,2025-03-07,15,Friday,same_hour_last_week,500,192,260,0.7384615384615385,Midday,Weekday,0.7479637419189324,1.0,0.7668158357886524,0.6,0.8124827353383222,0.95
3,2025-03-07,15,Friday,trailing_4_week_profile,500,192,260,0.7384615384615385,Midday,Weekday,0.7479637419189324,1.0,0.7718169689720422,0.7,0.8128458863524336,0.95
3,2025-03-07,15,Friday,global_popularity,1000,147,260,0.5653846153846154,Midday,Weekday,0.6430889963893893,0.8,0.6833532545902636,0.8,0.7628285340182721,0.85
3,2025-03-07,15,Friday,zone_hour_profile,1000,147,260,0.5653846153846154,Midday,Weekday,0.6652923291313876,0.8,0.766637240120348,0.7,0.8087503680267525,0.95
3,2025-03-07,15,Friday,same_hour_last_week,1000,147,260,0.5653846153846154,Midday,Weekday,0.7479637419189324,1.0,0.7668158357886524,0.6,0.8124827353383222,0.95
3,2025-03-07,15,Friday,trailing_4_week_profile,1000,147,260,0.5653846153846154,Midday,Weekday,0.7479637419189324,1.0,0.7718169689720422,0.7,0.8128458863524336,0.95
3,2025-03-07,16,Friday,global_popularity,500,192,260,0.7384615384615385,Evening,Weekday,0.7097418144744797,0.8,0.7413623773111724,0.8,0.8076369992094506,0.85
3,2025-03-07,16,Friday,zone_hour_profile,500,192,260,0.7384615384615385,Evening,Weekday,0.7213603110864424,0.8,0.8111389562308648,1.0,0.8385400786613928,1.0
3,2025-03-07,16,Friday,same_hour_last_week,500,192,260,0.7384615384615385,Evening,Weekday,0.7845865603366659,1.0,0.811196510553011,0.9,0.844332891622959,1.0
3,2025-03-07,16,Friday,trailing_4_week_profile,500,192,260,0.7384615384615385,Evening,Weekday,0.7213603110864424,0.8,0.8080216969329403,0.9,0.8408289807195714,1.0
3,2025-03-07,16,Friday,global_popularity,1000,147,260,0.5653846153846154,Evening,Weekday,0.7097418144744797,0.8,0.7413623773111724,0.8,0.8076369992094506,0.85
3,2025-03-07,16,Friday,zone_hour_profile,1000,147,260,0.5653846153846154,Evening,Weekday,0.7213603110864424,0.8,0.8111389562308648,1.0,0.8385400786613928,1.0
3,2025-03-07,16,Friday,same_hour_last_week,1000,147,260,0.5653846153846154,Evening,Weekday,0.7845865603366659,1.0,0.811196510553011,0.9,0.844332891622959,1.0
3,2025-03-07,16,Friday,trailing_4_week_profile,1000,147,260,0.5653846153846154,Evening,Weekday,0.7213603110864424,0.8,0.8080216969329403,0.9,0.8408289807195714,1.0
3,2025-03-07,17,Friday,global_popularity,500,192,260,0.7384615384615385,Evening,Weekday,0.7411420952538109,0.6,0.7816864237762919,0.6,0.846493834956684,0.8
3,2025-03-07,17,Friday,zone_hour_profile,500,192,260,0.7384615384615385,Evening,Weekday,0.7732854089849,0.8,0.7919586951527139,0.8,0.8638838203276904,0.95
3,2025-03-07,17,Friday,same_hour_last_week,500,192,260,0.7384615384615385,Evening,Weekday,0.7732854089849,0.8,0.789576641468909,0.8,0.8605758041953847,0.9
3,2025-03-07,17,Friday,trailing_4_week_profile,500,192,260,0.7384615384615385,Evening,Weekday,0.6344337391189121,0.6,0.7757511830353745,0.8,0.8507899325146854,0.95
3,2025-03-07,17,Friday,global_popularity,1000,147,260,0.5653846153846154,Evening,Weekday,0.7411420952538109,0.6,0.7816864237762919,0.6,0.846493834956684,0.8
3,2025-03-07,17,Friday,zone_hour_profile,1000,147,260,0.5653846153846154,Evening,Weekday,0.7732854089849,0.8,0.7919586951527139,0.8,0.8638838203276904,0.95
3,2025-03-07,17,Friday,same_hour_last_week,1000,147,260,0.5653846153846154,Evening,Weekday,0.7732854089849,0.8,0.789576641468909,0.8,0.8605758041953847,0.9
3,2025-03-07,17,Friday,trailing_4_week_profile,1000,147,260,0.5653846153846154,Evening,Weekday,0.6344337391189121,0.6,0.7757511830353745,0.8,0.8507899325146854,0.95
3,2025-03-07,18,Friday,global_popularity,500,192,260,0.7384615384615385,Evening,Weekday,0.7626785651728392,0.8,0.8086693318051804,0.8,0.8675228966537785,0.8
3,2025-03-07,18,Friday,zone_hour_profile,500,192,260,0.7384615384615385,Evening,Weekday,0.6515681697671184,0.6,0.695333151085201,0.8,0.8411341118127023,0.95
3,2025-03-07,18,Friday,same_hour_last_week,500,192,260,0.7384615384615385,Evening,Weekday,0.6495382015410402,0.6,0.6952999195412272,0.7,0.8412881486723583,0.9
3,2025-03-07,18,Friday,trailing_4_week_profile,500,192,260,0.7384615384615385,Evening,Weekday,0.6535434830356364,0.6,0.69709446149152,0.8,0.8418806296822918,0.95
3,2025-03-07,18,Friday,global_popularity,1000,147,260,0.5653846153846154,Evening,Weekday,0.7626785651728392,0.8,0.8086693318051804,0.8,0.8675228966537785,0.8
3,2025-03-07,18,Friday,zone_hour_profile,1000,147,260,0.5653846153846154,Evening,Weekday,0.6515681697671184,0.6,0.695333151085201,0.8,0.8411341118127023,0.95
3,2025-03-07,18,Friday,same_hour_last_week,1000,147,260,0.5653846153846154,Evening,Weekday,0.6495382015410402,0.6,0.6952999195412272,0.7,0.8412881486723583,0.9
3,2025-03-07,18,Friday,trailing_4_week_profile,1000,147,260,0.5653846153846154,Evening,Weekday,0.6535434830356364,0.6,0.69709446149152,0.8,0.8418806296822918,0.95
3,2025-03-07,19,Friday,global_popularity,500,192,260,0.7384615384615385,Evening,Weekday,0.6771988177142417,0.6,0.7233024761292689,0.7,0.8021238700584744,0.9
3,2025-03-07,19,Friday,zone_hour_profile,500,192,260,0.7384615384615385,Evening,Weekday,0.6795156771661677,0.8,0.7285993586309737,0.9,0.798398164021323,0.95
3,2025-03-07,19,Friday,same_hour_last_week,500,192,260,0.7384615384615385,Evening,Weekday,0.5072793161887023,0.6,0.7446215513520766,1.0,0.7819394101072974,0.85
3,2025-03-07,19,Friday,trailing_4_week_profile,500,192,260,0.7384615384615385,Evening,Weekday,0.5103956190684049,0.6,0.6940344196049488,0.9,0.7706519579643007,0.9
3,2025-03-07,19,Friday,global_popularity,1000,147,260,0.5653846153846154,Evening,Weekday,0.6771988177142417,0.6,0.7233024761292689,0.7,0.8021238700584744,0.9
3,2025-03-07,19,Friday,zone_hour_profile,1000,147,260,0.5653846153846154,Evening,Weekday,0.6795156771661677,0.8,0.7285993586309737,0.9,0.798398164021323,0.95
3,2025-03-07,19,Friday,same_hour_last_week,1000,147,260,0.5653846153846154,Evening,Weekday,0.5072793161887023,0.6,0.7446215513520766,1.0,0.7819394101072974,0.85
3,2025-03-07,19,Friday,trailing_4_week_profile,1000,147,260,0.5653846153846154,Evening,Weekday,0.5103956190684049,0.6,0.6940344196049488,0.9,0.7706519579643007,0.9
3,2025-03-07,20,Friday,global_popularity,500,192,260,0.7384615384615385,Evening,Weekday,0.6731573980601421,0.6,0.7267619925996098,0.8,0.8091128608906065,0.9
3,2025-03-07,20,Friday,zone_hour_profile,500,192,260,0.7384615384615385,Evening,Weekday,0.7530431882439221,0.6,0.7918944448935018,0.8,0.8674701887819694,0.95
3,2025-03-07,20,Friday,same_hour_last_week,500,192,260,0.7384615384615385,Evening,Weekday,0.8913845177938607,0.6,0.9040945283070785,0.8,0.956998815444677,0.95
3,2025-03-07,20,Friday,trailing_4_week_profile,500,192,260,0.7384615384615385,Evening,Weekday,0.6575005857004054,0.6,0.7121784369903141,0.8,0.7988063220548426,0.95
3,2025-03-07,20,Friday,global_popularity,1000,147,260,0.5653846153846154,Evening,Weekday,0.6731573980601421,0.6,0.7267619925996098,0.8,0.8091128608906065,0.9
3,2025-03-07,20,Friday,zone_hour_profile,1000,147,260,0.5653846153846154,Evening,Weekday,0.7530431882439221,0.6,0.7918944448935018,0.8,0.8674701887819694,0.95
3,2025-03-07,20,Friday,same_hour_last_week,1000,147,260,0.5653846153846154,Evening,Weekday,0.8913845177938607,0.6,0.9040945283070785,0.8,0.956998815444677,0.95
3,2025-03-07,20,Friday,trailing_4_week_profile,1000,147,260,0.5653846153846154,Evening,Weekday,0.6575005857004054,0.6,0.7121784369903141,0.8,0.7988063220548426,0.95
3,2025-03-07,21,Friday,global_popularity,500,192,260,0.7384615384615385,Late evening,Weekday,0.6481636816701124,0.6,0.7041061517270625,0.5,0.7894915551994164,0.9
3,2025-03-07,21,Friday,zone_hour_profile,500,192,260,0.7384615384615385,Late evening,Weekday,0.7802080152270017,0.8,0.8007494918484283,0.8,0.8574618074933128,1.0
3,2025-03-07,21,Friday,same_hour_last_week,500,192,260,0.7384615384615385,Late evening,Weekday,0.7573237477371476,0.6,0.8012747924977884,0.8,0.8828540956491634,1.0
3,2025-03-07,21,Friday,trailing_4_week_profile,500,192,260,0.7384615384615385,Late evening,Weekday,0.6280691531788312,0.6,0.7797340222136893,0.8,0.8388230209539428,1.0
3,2025-03-07,21,Friday,global_popularity,1000,147,260,0.5653846153846154,Late evening,Weekday,0.6481636816701124,0.6,0.7041061517270625,0.5,0.7894915551994164,0.9
3,2025-03-07,21,Friday,zone_hour_profile,1000,147,260,0.5653846153846154,Late evening,Weekday,0.7802080152270017,0.8,0.8007494918484283,0.8,0.8574618074933128,1.0
3,2025-03-07,21,Friday,same_hour_last_week,1000,147,260,0.5653846153846154,Late evening,Weekday,0.7573237477371476,0.6,0.8012747924977884,0.8,0.8828540956491634,1.0
3,2025-03-07,21,Friday,trailing_4_week_profile,1000,147,260,0.5653846153846154,Late evening,Weekday,0.6280691531788312,0.6,0.7797340222136893,0.8,0.8388230209539428,1.0
3,2025-03-07,22,Friday,global_popularity,500,192,260,0.7384615384615385,Late evening,Weekday,0.6012466171413368,0.4,0.6282132785899319,0.5,0.7581929147397498,0.85
3,2025-03-07,22,Friday,zone_hour_profile,500,192,260,0.7384615384615385,Late evening,Weekday,0.5992383112495068,0.6,0.7453320316108624,0.9,0.7733047019265952,0.85
3,2025-03-07,22,Friday,same_hour_last_week,500,192,260,0.7384615384615385,Late evening,Weekday,0.5648977336714409,0.6,0.6228424765356291,0.8,0.7355549260982698,0.85
3,2025-03-07,22,Friday,trailing_4_week_profile,500,192,260,0.7384615384615385,Late evening,Weekday,0.6042870531054647,0.6,0.6539342231828665,0.8,0.764745273814755,0.85
3,2025-03-07,22,Friday,global_popularity,1000,147,260,0.5653846153846154,Late evening,Weekday,0.6012466171413368,0.4,0.6282132785899319,0.5,0.7581929147397498,0.85
3,2025-03-07,22,Friday,zone_hour_profile,1000,147,260,0.5653846153846154,Late evening,Weekday,0.5992383112495068,0.6,0.7453320316108624,0.9,0.7733047019265952,0.85
3,2025-03-07,22,Friday,same_hour_last_week,1000,147,260,0.5653846153846154,Late evening,Weekday,0.5648977336714409,0.6,0.6228424765356291,0.8,0.7355549260982698,0.85
3,2025-03-07,22,Friday,trailing_4_week_profile,1000,147,260,0.5653846153846154,Late evening,Weekday,0.6042870531054647,0.6,0.6539342231828665,0.8,0.764745273814755,0.85
3,2025-03-07,23,Friday,global_popularity,500,192,260,0.7384615384615385,Late evening,Weekday,0.52519258895118,0.4,0.5537545578411147,0.4,0.7032382975612194,0.6
3,2025-03-07,23,Friday,zone_hour_profile,500,192,260,0.7384615384615385,Late evening,Weekday,0.8131537042754475,0.6,0.8770315500869786,0.8,0.8966670028859254,0.85
3,2025-03-07,23,Friday,same_hour_last_week,500,192,260,0.7384615384615385,Late evening,Weekday,0.8185695979063293,0.6,0.8237561356696201,0.8,0.9208818486246063,0.9
3,2025-03-07,23,Friday,trailing_4_week_profile,500,192,260,0.7384615384615385,Late evening,Weekday,0.8131537042754475,0.6,0.8865101960394789,0.9,0.8858703200251132,0.85
3,2025-03-07,23,Friday,global_popularity,1000,147,260,0.5653846153846154,Late evening,Weekday,0.52519258895118,0.4,0.5537545578411147,0.4,0.7032382975612194,0.6
3,2025-03-07,23,Friday,zone_hour_profile,1000,147,260,0.5653846153846154,Late evening,Weekday,0.8131537042754475,0.6,0.8770315500869786,0.8,0.8966670028859254,0.85
3,2025-03-07,23,Friday,same_hour_last_week,1000,147,260,0.5653846153846154,Late evening,Weekday,0.8185695979063293,0.6,0.8237561356696201,0.8,0.9208818486246063,0.9
3,2025-03-07,23,Friday,trailing_4_week_profile,1000,147,260,0.5653846153846154,Late evening,Weekday,0.8131537042754475,0.6,0.8865101960394789,0.9,0.8858703200251132,0.85
3,2025-03-08,0,Saturday,global_popularity,500,192,260,0.7384615384615385,Overnight,Weekend,0.2369265015024698,0.0,0.3194821573869569,0.3,0.5314088891918043,0.55
3,2025-03-08,0,Saturday,zone_hour_profile,500,192,260,0.7384615384615385,Overnight,Weekend,0.9924300382361744,0.8,0.9308636053342524,0.6,0.9625329000016513,0.9
3,2025-03-08,0,Saturday,same_hour_last_week,500,192,260,0.7384615384615385,Overnight,Weekend,0.9924300382361744,0.8,0.9299399846894135,0.6,0.956704044222041,0.85
3,2025-03-08,0,Saturday,trailing_4_week_profile,500,192,260,0.7384615384615385,Overnight,Weekend,0.9924300382361744,0.8,0.9292607778219393,0.6,0.9605896998746815,0.9
3,2025-03-08,0,Saturday,global_popularity,1000,147,260,0.5653846153846154,Overnight,Weekend,0.2369265015024698,0.0,0.3194821573869569,0.3,0.5314088891918043,0.55
3,2025-03-08,0,Saturday,zone_hour_profile,1000,147,260,0.5653846153846154,Overnight,Weekend,0.9924300382361744,0.8,0.9308636053342524,0.6,0.9625329000016513,0.9
3,2025-03-08,0,Saturday,same_hour_last_week,1000,147,260,0.5653846153846154,Overnight,Weekend,0.9924300382361744,0.8,0.9299399846894135,0.6,0.956704044222041,0.85
3,2025-03-08,0,Saturday,trailing_4_week_profile,1000,147,260,0.5653846153846154,Overnight,Weekend,0.9924300382361744,0.8,0.9292607778219393,0.6,0.9605896998746815,0.9
3,2025-03-08,1,Saturday,global_popularity,500,192,260,0.7384615384615385,Overnight,Weekend,0.09228970746409551,0.0,0.14181265913136382,0.0,0.3458406094482781,0.5
3,2025-03-08,1,Saturday,zone_hour_profile,500,192,260,0.7384615384615385,Overnight,Weekend,0.9978585451859713,1.0,0.9961776654604089,0.9,0.9919173533045946,0.95
3,2025-03-08,1,Saturday,same_hour_last_week,500,192,260,0.7384615384615385,Overnight,Weekend,1.0,1.0,0.9980140662051654,0.9,0.9904600696195713,0.9
3,2025-03-08,1,Saturday,trailing_4_week_profile,500,192,260,0.7384615384615385,Overnight,Weekend,1.0,1.0,0.9980140662051654,0.9,0.9938852422368644,0.95
3,2025-03-08,1,Saturday,global_popularity,1000,147,260,0.5653846153846154,Overnight,Weekend,0.09228970746409551,0.0,0.14181265913136382,0.0,0.3458406094482781,0.5
3,2025-03-08,1,Saturday,zone_hour_profile,1000,147,260,0.5653846153846154,Overnight,Weekend,0.9978585451859713,1.0,0.9961776654604089,0.9,0.9919173533045946,0.95
3,2025-03-08,1,Saturday,same_hour_last_week,1000,147,260,0.5653846153846154,Overnight,Weekend,1.0,1.0,0.9980140662051654,0.9,0.9904600696195713,0.9
3,2025-03-08,1,Saturday,trailing_4_week_profile,1000,147,260,0.5653846153846154,Overnight,Weekend,1.0,1.0,0.9980140662051654,0.9,0.9938852422368644,0.95
3,2025-03-08,2,Saturday,global_popularity,500,192,260,0.7384615384615385,Overnight,Weekend,0.04779581125545558,0.0,0.07568366897416431,0.0,0.27078438429453355,0.4
3,2025-03-08,2,Saturday,zone_hour_profile,500,192,260,0.7384615384615385,Overnight,Weekend,1.0,1.0,0.9995259279337142,0.9,0.9971300543646066,0.9
3,2025-03-08,2,Saturday,same_hour_last_week,500,192,260,0.7384615384615385,Overnight,Weekend,0.9941301164657557,1.0,0.9849488319777273,0.8,0.9903802850595953,0.9
3,2025-03-08,2,Saturday,trailing_4_week_profile,500,192,260,0.7384615384615385,Overnight,Weekend,1.0,1.0,0.9866071802905173,0.8,0.9960122478112639,0.9
3,2025-03-08,2,Saturday,global_popularity,1000,147,260,0.5653846153846154,Overnight,Weekend,0.04779581125545558,0.0,0.07568366897416431,0.0,0.27078438429453355,0.4
3,2025-03-08,2,Saturday,zone_hour_profile,1000,147,260,0.5653846153846154,Overnight,Weekend,1.0,1.0,0.9995259279337142,0.9,0.9971300543646066,0.9
3,2025-03-08,2,Saturday,same_hour_last_week,1000,147,260,0.5653846153846154,Overnight,Weekend,0.9941301164657557,1.0,0.9849488319777273,0.8,0.9903802850595953,0.9
3,2025-03-08,2,Saturday,trailing_4_week_profile,1000,147,260,0.5653846153846154,Overnight,Weekend,1.0,1.0,0.9866071802905173,0.8,0.9960122478112639,0.9
3,2025-03-08,3,Saturday,global_popularity,500,192,260,0.7384615384615385,Overnight,Weekend,0.0711112911804761,0.0,0.10937687200582666,0.0,0.29806832669967526,0.35
3,2025-03-08,3,Saturday,zone_hour_profile,500,192,260,0.7384615384615385,Overnight,Weekend,1.0,1.0,0.9920679477128652,0.7,0.988191083516446,0.85
3,2025-03-08,3,Saturday,same_hour_last_week,500,192,260,0.7384615384615385,Overnight,Weekend,1.0,1.0,0.9933571181712293,0.7,0.9867608581670703,0.85
3,2025-03-08,3,Saturday,trailing_4_week_profile,500,192,260,0.7384615384615385,Overnight,Weekend,1.0,1.0,0.9941031770031084,0.7,0.991092579953245,0.9
3,2025-03-08,3,Saturday,global_popularity,1000,147,260,0.5653846153846154,Overnight,Weekend,0.0711112911804761,0.0,0.10937687200582666,0.0,0.29806832669967526,0.35
3,2025-03-08,3,Saturday,zone_hour_profile,1000,147,260,0.5653846153846154,Overnight,Weekend,1.0,1.0,0.9920679477128652,0.7,0.988191083516446,0.85
3,2025-03-08,3,Saturday,same_hour_last_week,1000,147,260,0.5653846153846154,Overnight,Weekend,1.0,1.0,0.9933571181712293,0.7,0.9867608581670703,0.85
3,2025-03-08,3,Saturday,trailing_4_week_profile,1000,147,260,0.5653846153846154,Overnight,Weekend,1.0,1.0,0.9941031770031084,0.7,0.991092579953245,0.9
3,2025-03-08,4,Saturday,global_popularity,500,192,260,0.7384615384615385,Overnight,Weekend,0.23163203257219628,0.0,0.2860694690491214,0.2,0.4769333343001128,0.5
3,2025-03-08,4,Saturday,zone_hour_profile,500,192,260,0.7384615384615385,Overnight,Weekend,0.9903464654109194,0.8,0.9900719183337009,0.8,0.9794978393399516,0.85
3,2025-03-08,4,Saturday,same_hour_last_week,500,192,260,0.7384615384615385,Overnight,Weekend,0.986687957528784,0.8,0.9705449062244059,0.7,0.9555534722183354,0.8
3,2025-03-08,4,Saturday,trailing_4_week_profile,500,192,260,0.7384615384615385,Overnight,Weekend,0.9949382888282,0.8,0.993691929531497,0.8,0.9581709783282654,0.8
3,2025-03-08,4,Saturday,global_popularity,1000,147,260,0.5653846153846154,Overnight,Weekend,0.23163203257219628,0.0,0.2860694690491214,0.2,0.4769333343001128,0.5
3,2025-03-08,4,Saturday,zone_hour_profile,1000,147,260,0.5653846153846154,Overnight,Weekend,0.9903464654109194,0.8,0.9900719183337009,0.8,0.9794978393399516,0.85
3,2025-03-08,4,Saturday,same_hour_last_week,1000,147,260,0.5653846153846154,Overnight,Weekend,0.986687957528784,0.8,0.9705449062244059,0.7,0.9730622822576528,0.85
3,2025-03-08,4,Saturday,trailing_4_week_profile,1000,147,260,0.5653846153846154,Overnight,Weekend,0.9949382888282,0.8,0.993691929531497,0.8,0.9801070421029603,0.85
3,2025-03-08,5,Saturday,global_popularity,500,192,260,0.7384615384615385,Overnight,Weekend,0.5037522458272673,0.4,0.5365702934257759,0.4,0.5859291797373315,0.7
3,2025-03-08,5,Saturday,zone_hour_profile,500,192,260,0.7384615384615385,Overnight,Weekend,0.9663551520628756,0.8,0.9674468224670091,0.8,0.9462379614203749,0.75
3,2025-03-08,5,Saturday,same_hour_last_week,500,192,260,0.7384615384615385,Overnight,Weekend,0.9950229383368772,1.0,0.9158785334916447,0.6,0.9266056581234757,0.7
3,2025-03-08,5,Saturday,trailing_4_week_profile,500,192,260,0.7384615384615385,Overnight,Weekend,0.96678455634393,0.8,0.9318908856144253,0.8,0.9206654926790104,0.65
3,2025-03-08,5,Saturday,global_popularity,1000,147,260,0.5653846153846154,Overnight,Weekend,0.5037522458272673,0.4,0.5365702934257759,0.4,0.5859291797373315,0.7
3,2025-03-08,5,Saturday,zone_hour_profile,1000,147,260,0.5653846153846154,Overnight,Weekend,0.9663551520628756,0.8,0.9674468224670091,0.8,0.9462379614203749,0.75
3,2025-03-08,5,Saturday,same_hour_last_week,1000,147,260,0.5653846153846154,Overnight,Weekend,0.9950229383368772,1.0,0.9322178837629442,0.6,0.9346763854214166,0.7
3,2025-03-08,5,Saturday,trailing_4_week_profile,1000,147,260,0.5653846153846154,Overnight,Weekend,0.96678455634393,0.8,0.9732644901547353,0.9,0.9334878139464187,0.65
3,2025-03-08,6,Saturday,global_popularity,500,192,260,0.7384615384615385,Morning,Weekend,0.4656884187605437,0.2,0.5148017707086053,0.4,0.5609108647456609,0.6
3,2025-03-08,6,Saturday,zone_hour_profile,500,192,260,0.7384615384615385,Morning,Weekend,0.9784814036259843,0.6,0.9523050501210677,0.6,0.9708809452432684,0.8
3,2025-03-08,6,Saturday,same_hour_last_week,500,192,260,0.7384615384615385,Morning,Weekend,0.9769064399118785,0.6,0.9457333966764158,0.6,0.958189732612496,0.75
3,2025-03-08,6,Saturday,trailing_4_week_profile,500,192,260,0.7384615384615385,Morning,Weekend,0.9491230192520606,0.4,0.952946333635407,0.6,0.9650047206590513,0.8
3,2025-03-08,6,Saturday,global_popularity,1000,147,260,0.5653846153846154,Morning,Weekend,0.4656884187605437,0.2,0.5148017707086053,0.4,0.5609108647456609,0.6
3,2025-03-08,6,Saturday,zone_hour_profile,1000,147,260,0.5653846153846154,Morning,Weekend,0.9784814036259843,0.6,0.9523050501210677,0.6,0.9708809452432684,0.8
3,2025-03-08,6,Saturday,same_hour_last_week,1000,147,260,0.5653846153846154,Morning,Weekend,0.9769064399118785,0.6,0.9457333966764158,0.6,0.958189732612496,0.75
3,2025-03-08,6,Saturday,trailing_4_week_profile,1000,147,260,0.5653846153846154,Morning,Weekend,0.9491230192520606,0.4,0.952946333635407,0.6,0.9650047206590513,0.8
3,2025-03-08,7,Saturday,global_popularity,500,192,260,0.7384615384615385,Morning,Weekend,0.5775752410874033,0.6,0.6023622722610155,0.6,0.6375947687286336,0.7
3,2025-03-08,7,Saturday,zone_hour_profile,500,192,260,0.7384615384615385,Morning,Weekend,0.981914893702971,0.6,0.9723885867576084,0.5,0.9777295560455049,0.8
3,2025-03-08,7,Saturday,same_hour_last_week,500,192,260,0.7384615384615385,Morning,Weekend,0.9655161578901575,0.6,0.9531906429350093,0.5,0.9729291337847439,0.8
3,2025-03-08,7,Saturday,trailing_4_week_profile,500,192,260,0.7384615384615385,Morning,Weekend,0.981914893702971,0.6,0.9753787449274187,0.6,0.9793535746616612,0.8
3,2025-03-08,7,Saturday,global_popularity,1000,147,260,0.5653846153846154,Morning,Weekend,0.5775752410874033,0.6,0.6023622722610155,0.6,0.6375947687286336,0.7
3,2025-03-08,7,Saturday,zone_hour_profile,1000,147,260,0.5653846153846154,Morning,Weekend,0.981914893702971,0.6,0.9723885867576084,0.5,0.9777295560455049,0.8
3,2025-03-08,7,Saturday,same_hour_last_week,1000,147,260,0.5653846153846154,Morning,Weekend,0.9655161578901575,0.6,0.9531906429350093,0.5,0.9729291337847439,0.8
3,2025-03-08,7,Saturday,trailing_4_week_profile,1000,147,260,0.5653846153846154,Morning,Weekend,0.981914893702971,0.6,0.9753787449274187,0.6,0.9793535746616612,0.8
3,2025-03-08,8,Saturday,global_popularity,500,192,260,0.7384615384615385,Morning,Weekend,0.6925525098839815,0.6,0.7058738461677432,0.4,0.761178787563387,0.75
3,2025-03-08,8,Saturday,zone_hour_profile,500,192,260,0.7384615384615385,Morning,Weekend,0.9556074357201889,0.6,0.9655169162490291,0.8,0.9644603953506486,0.9
3,2025-03-08,8,Saturday,same_hour_last_week,500,192,260,0.7384615384615385,Morning,Weekend,0.9552592929273713,0.6,0.9572785452627772,0.7,0.9519998641021616,0.8
3,2025-03-08,8,Saturday,trailing_4_week_profile,500,192,260,0.7384615384615385,Morning,Weekend,0.9567424128335503,0.6,0.9685828960782099,0.8,0.9652353113564424,0.9
3,2025-03-08,8,Saturday,global_popularity,1000,147,260,0.5653846153846154,Morning,Weekend,0.6925525098839815,0.6,0.7058738461677432,0.4,0.761178787563387,0.75
3,2025-03-08,8,Saturday,zone_hour_profile,1000,147,260,0.5653846153846154,Morning,Weekend,0.9556074357201889,0.6,0.9655169162490291,0.8,0.9644603953506486,0.9
3,2025-03-08,8,Saturday,same_hour_last_week,1000,147,260,0.5653846153846154,Morning,Weekend,0.9552592929273713,0.6,0.9572785452627772,0.7,0.9519998641021616,0.8
3,2025-03-08,8,Saturday,trailing_4_week_profile,1000,147,260,0.5653846153846154,Morning,Weekend,0.9567424128335503,0.6,0.9685828960782099,0.8,0.9652353113564424,0.9
3,2025-03-08,9,Saturday,global_popularity,500,192,260,0.7384615384615385,Morning,Weekend,0.7108282274797421,0.6,0.7338964759645747,0.6,0.8141244749933629,0.8
3,2025-03-08,9,Saturday,zone_hour_profile,500,192,260,0.7384615384615385,Morning,Weekend,0.641650357769733,0.2,0.7992307425053097,0.7,0.8425642309783296,0.95
3,2025-03-08,9,Saturday,same_hour_last_week,500,192,260,0.7384615384615385,Morning,Weekend,0.6421048208891863,0.4,0.7069544398075753,0.6,0.8496912022837263,0.95
3,2025-03-08,9,Saturday,trailing_4_week_profile,500,192,260,0.7384615384615385,Morning,Weekend,0.78653008920594,0.4,0.8250580023642354,0.7,0.8623362348431408,0.95
3,2025-03-08,9,Saturday,global_popularity,1000,147,260,0.5653846153846154,Morning,Weekend,0.7108282274797421,0.6,0.7338964759645747,0.6,0.8141244749933629,0.8
3,2025-03-08,9,Saturday,zone_hour_profile,1000,147,260,0.5653846153846154,Morning,Weekend,0.641650357769733,0.2,0.7992307425053097,0.7,0.8425642309783296,0.95
3,2025-03-08,9,Saturday,same_hour_last_week,1000,147,260,0.5653846153846154,Morning,Weekend,0.6421048208891863,0.4,0.7069544398075753,0.6,0.8496912022837263,0.95
3,2025-03-08,9,Saturday,trailing_4_week_profile,1000,147,260,0.5653846153846154,Morning,Weekend,0.78653008920594,0.4,0.8250580023642354,0.7,0.8623362348431408,0.95
3,2025-03-08,10,Saturday,global_popularity,500,192,260,0.7384615384615385,Midday,Weekend,0.6666449281170946,0.6,0.710332610938439,0.7,0.8036491547416362,0.8
3,2025-03-08,10,Saturday,zone_hour_profile,500,192,260,0.7384615384615385,Midday,Weekend,0.629131554925363,0.6,0.691264615854608,0.8,0.8398251466750558,1.0
3,2025-03-08,10,Saturday,same_hour_last_week,500,192,260,0.7384615384615385,Midday,Weekend,0.625129970571733,0.6,0.7399779298038426,0.7,0.7915186481155903,0.9
3,2025-03-08,10,Saturday,trailing_4_week_profile,500,192,260,0.7384615384615385,Midday,Weekend,0.6359006725078007,0.6,0.6919919947331294,0.8,0.8339086299311221,0.9
3,2025-03-08,10,Saturday,global_popularity,1000,147,260,0.5653846153846154,Midday,Weekend,0.6666449281170946,0.6,0.710332610938439,0.7,0.8036491547416362,0.8
3,2025-03-08,10,Saturday,zone_hour_profile,1000,147,260,0.5653846153846154,Midday,Weekend,0.629131554925363,0.6,0.691264615854608,0.8,0.8398251466750558,1.0
3,2025-03-08,10,Saturday,same_hour_last_week,1000,147,260,0.5653846153846154,Midday,Weekend,0.625129970571733,0.6,0.7399779298038426,0.7,0.7915186481155903,0.9
3,2025-03-08,10,Saturday,trailing_4_week_profile,1000,147,260,0.5653846153846154,Midday,Weekend,0.6359006725078007,0.6,0.6919919947331294,0.8,0.8339086299311221,0.9
3,2025-03-08,11,Saturday,global_popularity,500,192,260,0.7384615384615385,Midday,Weekend,0.830566736491931,0.6,0.8633896551705769,0.7,0.8957457365838274,0.8
3,2025-03-08,11,Saturday,zone_hour_profile,500,192,260,0.7384615384615385,Midday,Weekend,0.8406263180218438,0.6,0.8487871030588482,0.7,0.9005777175432564,0.95
3,2025-03-08,11,Saturday,same_hour_last_week,500,192,260,0.7384615384615385,Midday,Weekend,0.841036426656753,0.6,0.8445638514466834,0.7,0.9028656708749916,0.9
3,2025-03-08,11,Saturday,trailing_4_week_profile,500,192,260,0.7384615384615385,Midday,Weekend,0.8412145353044386,0.6,0.8468893988985142,0.7,0.9339061092630941,0.95
3,2025-03-08,11,Saturday,global_popularity,1000,147,260,0.5653846153846154,Midday,Weekend,0.830566736491931,0.6,0.8633896551705769,0.7,0.8957457365838274,0.8
3,2025-03-08,11,Saturday,zone_hour_profile,1000,147,260,0.5653846153846154,Midday,Weekend,0.8406263180218438,0.6,0.8487871030588482,0.7,0.9005777175432564,0.95
3,2025-03-08,11,Saturday,same_hour_last_week,1000,147,260,0.5653846153846154,Midday,Weekend,0.841036426656753,0.6,0.8445638514466834,0.7,0.9028656708749916,0.9
3,2025-03-08,11,Saturday,trailing_4_week_profile,1000,147,260,0.5653846153846154,Midday,Weekend,0.8412145353044386,0.6,0.8468893988985142,0.7,0.9339061092630941,0.95
3,2025-03-08,12,Saturday,global_popularity,500,192,260,0.7384615384615385,Midday,Weekend,0.8066609892813142,0.6,0.8515941047028129,0.8,0.8712745807437255,0.75
3,2025-03-08,12,Saturday,zone_hour_profile,500,192,260,0.7384615384615385,Midday,Weekend,0.7453597773204188,0.6,0.7868582739081301,0.8,0.8630186004930973,0.85
3,2025-03-08,12,Saturday,same_hour_last_week,500,192,260,0.7384615384615385,Midday,Weekend,0.7448823339267077,0.6,0.7856036990125583,0.8,0.8058237465232393,0.85
3,2025-03-08,12,Saturday,trailing_4_week_profile,500,192,260,0.7384615384615385,Midday,Weekend,0.7453597773204188,0.6,0.7796336796368206,0.7,0.8597743253452766,0.85
3,2025-03-08,12,Saturday,global_popularity,1000,147,260,0.5653846153846154,Midday,Weekend,0.8066609892813142,0.6,0.8515941047028129,0.8,0.8712745807437255,0.75
3,2025-03-08,12,Saturday,zone_hour_profile,1000,147,260,0.5653846153846154,Midday,Weekend,0.7453597773204188,0.6,0.7868582739081301,0.8,0.8630186004930973,0.85
3,2025-03-08,12,Saturday,same_hour_last_week,1000,147,260,0.5653846153846154,Midday,Weekend,0.7448823339267077,0.6,0.7856036990125583,0.8,0.8058237465232393,0.85
3,2025-03-08,12,Saturday,trailing_4_week_profile,1000,147,260,0.5653846153846154,Midday,Weekend,0.7453597773204188,0.6,0.7796336796368206,0.7,0.8597743253452766,0.85
3,2025-03-08,13,Saturday,global_popularity,500,192,260,0.7384615384615385,Midday,Weekend,0.7423252294821336,0.6,0.7931284819029132,0.8,0.8427384685973861,0.9
3,2025-03-08,13,Saturday,zone_hour_profile,500,192,260,0.7384615384615385,Midday,Weekend,0.6276054062616135,0.6,0.6832657828263691,0.6,0.8170082973391167,0.85
3,2025-03-08,13,Saturday,same_hour_last_week,500,192,260,0.7384615384615385,Midday,Weekend,0.6300060236757692,0.6,0.7822198645342537,0.7,0.838532691331448,0.85
3,2025-03-08,13,Saturday,trailing_4_week_profile,500,192,260,0.7384615384615385,Midday,Weekend,0.6276054062616135,0.6,0.6832657828263691,0.6,0.8204901364483638,0.85
3,2025-03-08,13,Saturday,global_popularity,1000,147,260,0.5653846153846154,Midday,Weekend,0.7423252294821336,0.6,0.7931284819029132,0.8,0.8427384685973861,0.9
3,2025-03-08,13,Saturday,zone_hour_profile,1000,147,260,0.5653846153846154,Midday,Weekend,0.6276054062616135,0.6,0.6832657828263691,0.6,0.8170082973391167,0.85
3,2025-03-08,13,Saturday,same_hour_last_week,1000,147,260,0.5653846153846154,Midday,Weekend,0.6300060236757692,0.6,0.7822198645342537,0.7,0.838532691331448,0.85
3,2025-03-08,13,Saturday,trailing_4_week_profile,1000,147,260,0.5653846153846154,Midday,Weekend,0.6276054062616135,0.6,0.6832657828263691,0.6,0.8204901364483638,0.85
3,2025-03-08,14,Saturday,global_popularity,500,192,260,0.7384615384615385,Midday,Weekend,0.6261483088741228,0.6,0.676944252081845,0.7,0.7575391303589122,0.85
3,2025-03-08,14,Saturday,zone_hour_profile,500,192,260,0.7384615384615385,Midday,Weekend,0.4381378831366855,0.6,0.6561379391005435,0.7,0.7513404885070175,0.9
3,2025-03-08,14,Saturday,same_hour_last_week,500,192,260,0.7384615384615385,Midday,Weekend,0.4227070098294916,0.4,0.6894268643908419,0.7,0.750497207708517,0.9
3,2025-03-08,14,Saturday,trailing_4_week_profile,500,192,260,0.7384615384615385,Midday,Weekend,0.43652643224910925,0.6,0.6496951244071335,0.7,0.7468830901899076,0.85
3,2025-03-08,14,Saturday,global_popularity,1000,147,260,0.5653846153846154,Midday,Weekend,0.6261483088741228,0.6,0.676944252081845,0.7,0.7575391303589122,0.85
3,2025-03-08,14,Saturday,zone_hour_profile,1000,147,260,0.5653846153846154,Midday,Weekend,0.4381378831366855,0.6,0.6561379391005435,0.7,0.7513404885070175,0.9
3,2025-03-08,14,Saturday,same_hour_last_week,1000,147,260,0.5653846153846154,Midday,Weekend,0.4227070098294916,0.4,0.6894268643908419,0.7,0.750497207708517,0.9
3,2025-03-08,14,Saturday,trailing_4_week_profile,1000,147,260,0.5653846153846154,Midday,Weekend,0.43652643224910925,0.6,0.6496951244071335,0.7,0.7468830901899076,0.85
3,2025-03-08,15,Saturday,global_popularity,500,192,260,0.7384615384615385,Midday,Weekend,0.6188432040293239,0.8,0.6698829744106705,0.8,0.7471229734197318,0.85
3,2025-03-08,15,Saturday,zone_hour_profile,500,192,260,0.7384615384615385,Midday,Weekend,0.6484145669761021,0.8,0.688429433292674,0.8,0.770674176721576,0.95
3,2025-03-08,15,Saturday,same_hour_last_week,500,192,260,0.7384615384615385,Midday,Weekend,0.7407629523725409,0.8,0.7580505406758529,0.7,0.8273980102904768,0.85
3,2025-03-08,15,Saturday,trailing_4_week_profile,500,192,260,0.7384615384615385,Midday,Weekend,0.6408906927963964,0.8,0.6823053267065721,0.7,0.7337365303823653,0.9
3,2025-03-08,15,Saturday,global_popularity,1000,147,260,0.5653846153846154,Midday,Weekend,0.6188432040293239,0.8,0.6698829744106705,0.8,0.7471229734197318,0.85
3,2025-03-08,15,Saturday,zone_hour_profile,1000,147,260,0.5653846153846154,Midday,Weekend,0.6484145669761021,0.8,0.688429433292674,0.8,0.770674176721576,0.95
3,2025-03-08,15,Saturday,same_hour_last_week,1000,147,260,0.5653846153846154,Midday,Weekend,0.7407629523725409,0.8,0.7580505406758529,0.7,0.8273980102904768,0.85
3,2025-03-08,15,Saturday,trailing_4_week_profile,1000,147,260,0.5653846153846154,Midday,Weekend,0.6408906927963964,0.8,0.6823053267065721,0.7,0.7337365303823653,0.9
3,2025-03-08,16,Saturday,global_popularity,500,192,260,0.7384615384615385,Evening,Weekend,0.7584918861240335,0.8,0.7891493310976339,0.8,0.8237125107527096,0.9
3,2025-03-08,16,Saturday,zone_hour_profile,500,192,260,0.7384615384615385,Evening,Weekend,0.5930076802663041,0.6,0.7735440231080704,0.8,0.8037829379736064,0.9
3,2025-03-08,16,Saturday,same_hour_last_week,500,192,260,0.7384615384615385,Evening,Weekend,0.7524853771717592,0.8,0.7728893520484428,0.7,0.8083541478779558,0.85
3,2025-03-08,16,Saturday,trailing_4_week_profile,500,192,260,0.7384615384615385,Evening,Weekend,0.5960024479379916,0.6,0.7702629546102039,0.7,0.8046862177087117,0.9
3,2025-03-08,16,Saturday,global_popularity,1000,147,260,0.5653846153846154,Evening,Weekend,0.7584918861240335,0.8,0.7891493310976339,0.8,0.8237125107527096,0.9
3,2025-03-08,16,Saturday,zone_hour_profile,1000,147,260,0.5653846153846154,Evening,Weekend,0.5930076802663041,0.6,0.7735440231080704,0.8,0.8037829379736064,0.9
3,2025-03-08,16,Saturday,same_hour_last_week,1000,147,260,0.5653846153846154,Evening,Weekend,0.7524853771717592,0.8,0.7728893520484428,0.7,0.8083541478779558,0.85
3,2025-03-08,16,Saturday,trailing_4_week_profile,1000,147,260,0.5653846153846154,Evening,Weekend,0.5960024479379916,0.6,0.7702629546102039,0.7,0.8046862177087117,0.9
3,2025-03-08,17,Saturday,global_popularity,500,192,260,0.7384615384615385,Evening,Weekend,0.7312948190704859,0.8,0.7660844027471995,0.8,0.8327078207161761,0.9
3,2025-03-08,17,Saturday,zone_hour_profile,500,192,260,0.7384615384615385,Evening,Weekend,0.5713884042638857,0.6,0.7417268165479255,0.9,0.7810615335951085,0.9
3,2025-03-08,17,Saturday,same_hour_last_week,500,192,260,0.7384615384615385,Evening,Weekend,0.563005302541742,0.6,0.7233371790469747,0.8,0.7684036461932428,0.9
3,2025-03-08,17,Saturday,trailing_4_week_profile,500,192,260,0.7384615384615385,Evening,Weekend,0.5648552604500234,0.6,0.734583413060993,0.8,0.7766784528600115,0.9
3,2025-03-08,17,Saturday,global_popularity,1000,147,260,0.5653846153846154,Evening,Weekend,0.7312948190704859,0.8,0.7660844027471995,0.8,0.8327078207161761,0.9
3,2025-03-08,17,Saturday,zone_hour_profile,1000,147,260,0.5653846153846154,Evening,Weekend,0.5713884042638857,0.6,0.7417268165479255,0.9,0.7810615335951085,0.9
3,2025-03-08,17,Saturday,same_hour_last_week,1000,147,260,0.5653846153846154,Evening,Weekend,0.563005302541742,0.6,0.7233371790469747,0.8,0.7684036461932428,0.9
3,2025-03-08,17,Saturday,trailing_4_week_profile,1000,147,260,0.5653846153846154,Evening,Weekend,0.5648552604500234,0.6,0.734583413060993,0.8,0.7766784528600115,0.9
3,2025-03-08,18,Saturday,global_popularity,500,192,260,0.7384615384615385,Evening,Weekend,0.7292133134131393,0.6,0.7647188640909367,0.5,0.8335853211969845,0.9
3,2025-03-08,18,Saturday,zone_hour_profile,500,192,260,0.7384615384615385,Evening,Weekend,0.6088267304129538,0.6,0.6832899036226233,0.7,0.8199660996658888,0.95
3,2025-03-08,18,Saturday,same_hour_last_week,500,192,260,0.7384615384615385,Evening,Weekend,0.5838501431030614,0.6,0.6421950371714882,0.7,0.7910051540152423,0.9
3,2025-03-08,18,Saturday,trailing_4_week_profile,500,192,260,0.7384615384615385,Evening,Weekend,0.6120967204777554,0.6,0.6851891639594303,0.8,0.8090164749771162,0.95
3,2025-03-08,18,Saturday,global_popularity,1000,147,260,0.5653846153846154,Evening,Weekend,0.7292133134131393,0.6,0.7647188640909367,0.5,0.8335853211969845,0.9
3,2025-03-08,18,Saturday,zone_hour_profile,1000,147,260,0.5653846153846154,Evening,Weekend,0.6088267304129538,0.6,0.6832899036226233,0.7,0.8199660996658888,0.95
3,2025-03-08,18,Saturday,same_hour_last_week,1000,147,260,0.5653846153846154,Evening,Weekend,0.5838501431030614,0.6,0.6421950371714882,0.7,0.7910051540152423,0.9
3,2025-03-08,18,Saturday,trailing_4_week_profile,1000,147,260,0.5653846153846154,Evening,Weekend,0.6120967204777554,0.6,0.6851891639594303,0.8,0.8090164749771162,0.95
3,2025-03-08,19,Saturday,global_popularity,500,192,260,0.7384615384615385,Evening,Weekend,0.6299039019742494,0.4,0.6729080164399722,0.4,0.7726556837937479,0.9
3,2025-03-08,19,Saturday,zone_hour_profile,500,192,260,0.7384615384615385,Evening,Weekend,0.49644554332278046,0.6,0.7136261258540902,0.6,0.772324379569154,0.95
3,2025-03-08,19,Saturday,same_hour_last_week,500,192,260,0.7384615384615385,Evening,Weekend,0.505814605810447,0.6,0.5854717614446985,0.7,0.7381298407691088,0.95
3,2025-03-08,19,Saturday,trailing_4_week_profile,500,192,260,0.7384615384615385,Evening,Weekend,0.5053223213759364,0.6,0.5853388807559788,0.7,0.7533443818873897,0.95
3,2025-03-08,19,Saturday,global_popularity,1000,147,260,0.5653846153846154,Evening,Weekend,0.6299039019742494,0.4,0.6729080164399722,0.4,0.7726556837937479,0.9
3,2025-03-08,19,Saturday,zone_hour_profile,1000,147,260,0.5653846153846154,Evening,Weekend,0.49644554332278046,0.6,0.7136261258540902,0.6,0.772324379569154,0.95
3,2025-03-08,19,Saturday,same_hour_last_week,1000,147,260,0.5653846153846154,Evening,Weekend,0.505814605810447,0.6,0.5854717614446985,0.7,0.7381298407691088,0.95
3,2025-03-08,19,Saturday,trailing_4_week_profile,1000,147,260,0.5653846153846154,Evening,Weekend,0.5053223213759364,0.6,0.5853388807559788,0.7,0.7533443818873897,0.95
3,2025-03-08,20,Saturday,global_popularity,500,192,260,0.7384615384615385,Evening,Weekend,0.599254374452865,0.2,0.6470144181353751,0.5,0.7623245818543288,0.85
3,2025-03-08,20,Saturday,zone_hour_profile,500,192,260,0.7384615384615385,Evening,Weekend,0.8432533031608501,0.8,0.8570434827673442,0.7,0.8866356346167011,0.85
3,2025-03-08,20,Saturday,same_hour_last_week,500,192,260,0.7384615384615385,Evening,Weekend,0.8206801160874635,0.8,0.8478455560793566,0.6,0.8753837786822957,0.85
3,2025-03-08,20,Saturday,trailing_4_week_profile,500,192,260,0.7384615384615385,Evening,Weekend,0.7857902908921709,0.8,0.8239167713741664,0.6,0.8558255121854599,0.85
3,2025-03-08,20,Saturday,global_popularity,1000,147,260,0.5653846153846154,Evening,Weekend,0.599254374452865,0.2,0.6470144181353751,0.5,0.7623245818543288,0.85
3,2025-03-08,20,Saturday,zone_hour_profile,1000,147,260,0.5653846153846154,Evening,Weekend,0.8432533031608501,0.8,0.8570434827673442,0.7,0.8866356346167011,0.85
3,2025-03-08,20,Saturday,same_hour_last_week,1000,147,260,0.5653846153846154,Evening,Weekend,0.8206801160874635,0.8,0.8478455560793566,0.6,0.8753837786822957,0.85
3,2025-03-08,20,Saturday,trailing_4_week_profile,1000,147,260,0.5653846153846154,Evening,Weekend,0.7857902908921709,0.8,0.8239167713741664,0.6,0.8558255121854599,0.85
3,2025-03-08,21,Saturday,global_popularity,500,192,260,0.7384615384615385,Late evening,Weekend,0.5383210631398873,0.2,0.6033809780017033,0.5,0.7046168388579224,0.75
3,2025-03-08,21,Saturday,zone_hour_profile,500,192,260,0.7384615384615385,Late evening,Weekend,0.7462233336151386,0.8,0.7947116692135551,0.9,0.8281944999093703,0.85
3,2025-03-08,21,Saturday,same_hour_last_week,500,192,260,0.7384615384615385,Late evening,Weekend,0.6022466435039459,0.8,0.7856655722057171,0.9,0.813121492766733,0.9
3,2025-03-08,21,Saturday,trailing_4_week_profile,500,192,260,0.7384615384615385,Late evening,Weekend,0.577319293393525,0.6,0.7782832524911195,0.9,0.8053798525671165,0.85
3,2025-03-08,21,Saturday,global_popularity,1000,147,260,0.5653846153846154,Late evening,Weekend,0.5383210631398873,0.2,0.6033809780017033,0.5,0.7046168388579224,0.75
3,2025-03-08,21,Saturday,zone_hour_profile,1000,147,260,0.5653846153846154,Late evening,Weekend,0.7462233336151386,0.8,0.7947116692135551,0.9,0.8281944999093703,0.85
3,2025-03-08,21,Saturday,same_hour_last_week,1000,147,260,0.5653846153846154,Late evening,Weekend,0.6022466435039459,0.8,0.7856655722057171,0.9,0.813121492766733,0.9
3,2025-03-08,21,Saturday,trailing_4_week_profile,1000,147,260,0.5653846153846154,Late evening,Weekend,0.577319293393525,0.6,0.7782832524911195,0.9,0.8053798525671165,0.85
3,2025-03-08,22,Saturday,global_popularity,500,192,260,0.7384615384615385,Late evening,Weekend,0.5504504180924062,0.4,0.5879841133254922,0.5,0.704036359013097,0.7
3,2025-03-08,22,Saturday,zone_hour_profile,500,192,260,0.7384615384615385,Late evening,Weekend,0.7102808531210874,0.8,0.8476857917892424,0.8,0.8723895431962887,0.85
3,2025-03-08,22,Saturday,same_hour_last_week,500,192,260,0.7384615384615385,Late evening,Weekend,0.6995613327991251,0.8,0.8492130658760358,0.8,0.8707421783089659,0.85
3,2025-03-08,22,Saturday,trailing_4_week_profile,500,192,260,0.7384615384615385,Late evening,Weekend,0.6995613327991251,0.8,0.8433857348605837,0.9,0.8637648145162528,0.85
3,2025-03-08,22,Saturday,global_popularity,1000,147,260,0.5653846153846154,Late evening,Weekend,0.5504504180924062,0.4,0.5879841133254922,0.5,0.704036359013097,0.7
3,2025-03-08,22,Saturday,zone_hour_profile,1000,147,260,0.5653846153846154,Late evening,Weekend,0.7102808531210874,0.8,0.8476857917892424,0.8,0.8723895431962887,0.85
3,2025-03-08,22,Saturday,same_hour_last_week,1000,147,260,0.5653846153846154,Late evening,Weekend,0.6995613327991251,0.8,0.8492130658760358,0.8,0.8707421783089659,0.85
3,2025-03-08,22,Saturday,trailing_4_week_profile,1000,147,260,0.5653846153846154,Late evening,Weekend,0.6995613327991251,0.8,0.8433857348605837,0.9,0.8637648145162528,0.85
3,2025-03-08,23,Saturday,global_popularity,500,192,260,0.7384615384615385,Late evening,Weekend,0.5251402454479807,0.4,0.564988761400626,0.5,0.6906871999811754,0.65
3,2025-03-08,23,Saturday,zone_hour_profile,500,192,260,0.7384615384615385,Late evening,Weekend,0.8031412769280409,0.6,0.8214520824335756,0.8,0.9073122789830431,0.9
3,2025-03-08,23,Saturday,same_hour_last_week,500,192,260,0.7384615384615385,Late evening,Weekend,0.8067305470933634,0.6,0.8224521340029551,0.8,0.8949779726453932,0.9
3,2025-03-08,23,Saturday,trailing_4_week_profile,500,192,260,0.7384615384615385,Late evening,Weekend,0.8067305470933634,0.6,0.8292482139803643,0.8,0.8436051980989747,0.85
3,2025-03-08,23,Saturday,global_popularity,1000,147,260,0.5653846153846154,Late evening,Weekend,0.5251402454479807,0.4,0.564988761400626,0.5,0.6906871999811754,0.65
3,2025-03-08,23,Saturday,zone_hour_profile,1000,147,260,0.5653846153846154,Late evening,Weekend,0.8031412769280409,0.6,0.8214520824335756,0.8,0.9073122789830431,0.9
3,2025-03-08,23,Saturday,same_hour_last_week,1000,147,260,0.5653846153846154,Late evening,Weekend,0.8067305470933634,0.6,0.8224521340029551,0.8,0.8949779726453932,0.9
3,2025-03-08,23,Saturday,trailing_4_week_profile,1000,147,260,0.5653846153846154,Late evening,Weekend,0.8067305470933634,0.6,0.8292482139803643,0.8,0.8436051980989747,0.85
3,2025-03-09,0,Sunday,global_popularity,500,192,260,0.7384615384615385,Overnight,Weekend,0.2654425950530971,0.0,0.3506052781697418,0.3,0.5499697085584052,0.6
3,2025-03-09,0,Sunday,zone_hour_profile,500,192,260,0.7384615384615385,Overnight,Weekend,0.9968709106633696,1.0,0.9597798043267722,0.6,0.9856799332134002,0.95
3,2025-03-09,0,Sunday,same_hour_last_week,500,192,260,0.7384615384615385,Overnight,Weekend,0.9968709106633696,1.0,0.9586119593914804,0.6,0.9459932461541048,0.8
3,2025-03-09,0,Sunday,trailing_4_week_profile,500,192,260,0.7384615384615385,Overnight,Weekend,0.9968709106633696,1.0,0.9604781427918887,0.6,0.9788607956498427,0.9
3,2025-03-09,0,Sunday,global_popularity,1000,147,260,0.5653846153846154,Overnight,Weekend,0.2654425950530971,0.0,0.3506052781697418,0.3,0.5499697085584052,0.6
3,2025-03-09,0,Sunday,zone_hour_profile,1000,147,260,0.5653846153846154,Overnight,Weekend,0.9968709106633696,1.0,0.9597798043267722,0.6,0.9856799332134002,0.95
3,2025-03-09,0,Sunday,same_hour_last_week,1000,147,260,0.5653846153846154,Overnight,Weekend,0.9968709106633696,1.0,0.9586119593914804,0.6,0.9459932461541048,0.8
3,2025-03-09,0,Sunday,trailing_4_week_profile,1000,147,260,0.5653846153846154,Overnight,Weekend,0.9968709106633696,1.0,0.9604781427918887,0.6,0.9788607956498427,0.9
3,2025-03-09,1,Sunday,global_popularity,500,192,260,0.7384615384615385,Overnight,Weekend,0.12569738929849375,0.0,0.19280328708408356,0.1,0.3970600638647497,0.45
3,2025-03-09,1,Sunday,zone_hour_profile,500,192,260,0.7384615384615385,Overnight,Weekend,0.9908306751137439,0.8,0.992324999110628,0.8,0.9860952737006516,0.9
3,2025-03-09,1,Sunday,same_hour_last_week,500,192,260,0.7384615384615385,Overnight,Weekend,1.0,1.0,0.9933761975170099,0.8,0.9859270934761294,0.9
3,2025-03-09,1,Sunday,trailing_4_week_profile,500,192,260,0.7384615384615385,Overnight,Weekend,1.0,1.0,0.9933761975170099,0.8,0.9868545137322492,0.9
3,2025-03-09,1,Sunday,global_popularity,1000,147,260,0.5653846153846154,Overnight,Weekend,0.12569738929849375,0.0,0.19280328708408356,0.1,0.3970600638647497,0.45
3,2025-03-09,1,Sunday,zone_hour_profile,1000,147,260,0.5653846153846154,Overnight,Weekend,0.9908306751137439,0.8,0.992324999110628,0.8,0.9860952737006516,0.9
3,2025-03-09,1,Sunday,same_hour_last_week,1000,147,260,0.5653846153846154,Overnight,Weekend,1.0,1.0,0.9933761975170099,0.8,0.9859270934761294,0.9
3,2025-03-09,1,Sunday,trailing_4_week_profile,1000,147,260,0.5653846153846154,Overnight,Weekend,1.0,1.0,0.9933761975170099,0.8,0.9868545137322492,0.9
3,2025-03-09,3,Sunday,global_popularity,500,192,260,0.7384615384615385,Overnight,Weekend,0.08460357118389555,0.0,0.12798761531075603,0.0,0.33100674023440896,0.4
3,2025-03-09,3,Sunday,zone_hour_profile,500,192,260,0.7384615384615385,Overnight,Weekend,1.0,1.0,0.986909241990757,0.8,0.9919156968763121,0.95
3,2025-03-09,3,Sunday,same_hour_last_week,500,192,260,0.7384615384615385,Overnight,Weekend,0.9955898130880876,1.0,0.9851168271179996,0.8,0.9895369211839169,0.95
3,2025-03-09,3,Sunday,trailing_4_week_profile,500,192,260,0.7384615384615385,Overnight,Weekend,1.0,1.0,0.9854323362613691,0.7,0.9910305142709039,0.95
3,2025-03-09,3,Sunday,global_popularity,1000,147,260,0.5653846153846154,Overnight,Weekend,0.08460357118389555,0.0,0.12798761531075603,0.0,0.33100674023440896,0.4
3,2025-03-09,3,Sunday,zone_hour_profile,1000,147,260,0.5653846153846154,Overnight,Weekend,1.0,1.0,0.986909241990757,0.8,0.9919156968763121,0.95
3,2025-03-09,3,Sunday,same_hour_last_week,1000,147,260,0.5653846153846154,Overnight,Weekend,0.9955898130880876,1.0,0.9851168271179996,0.8,0.9895369211839169,0.95
3,2025-03-09,3,Sunday,trailing_4_week_profile,1000,147,260,0.5653846153846154,Overnight,Weekend,1.0,1.0,0.9854323362613691,0.7,0.9910305142709039,0.95
3,2025-03-09,4,Sunday,global_popularity,500,192,260,0.7384615384615385,Overnight,Weekend,0.14495887898136706,0.0,0.1892123049224561,0.0,0.3993189962052322,0.45
3,2025-03-09,4,Sunday,zone_hour_profile,500,192,260,0.7384615384615385,Overnight,Weekend,0.9815323319602788,0.8,0.9901826674281161,0.9,0.9811926318235527,0.85
3,2025-03-09,4,Sunday,same_hour_last_week,500,192,260,0.7384615384615385,Overnight,Weekend,0.9575640730800784,0.8,0.9558374354549587,0.8,0.9660604760218919,0.7
3,2025-03-09,4,Sunday,trailing_4_week_profile,500,192,260,0.7384615384615385,Overnight,Weekend,0.9815323319602788,0.8,0.9806803407978274,0.8,0.9750303450802773,0.75
3,2025-03-09,4,Sunday,global_popularity,1000,147,260,0.5653846153846154,Overnight,Weekend,0.14495887898136706,0.0,0.1892123049224561,0.0,0.3993189962052322,0.45
3,2025-03-09,4,Sunday,zone_hour_profile,1000,147,260,0.5653846153846154,Overnight,Weekend,0.9815323319602788,0.8,0.9901826674281161,0.9,0.9811926318235527,0.85
3,2025-03-09,4,Sunday,same_hour_last_week,1000,147,260,0.5653846153846154,Overnight,Weekend,0.9575640730800784,0.8,0.9558374354549587,0.8,0.9743106704820285,0.75
3,2025-03-09,4,Sunday,trailing_4_week_profile,1000,147,260,0.5653846153846154,Overnight,Weekend,0.9815323319602788,0.8,0.9806803407978274,0.8,0.9750303450802773,0.75
3,2025-03-09,5,Sunday,global_popularity,500,192,260,0.7384615384615385,Overnight,Weekend,0.4472300212666801,0.4,0.44953224885211523,0.2,0.5924366378083672,0.55
3,2025-03-09,5,Sunday,zone_hour_profile,500,192,260,0.7384615384615385,Overnight,Weekend,0.8229497718784782,0.8,0.8487998269032558,0.7,0.8715126128829571,0.75
3,2025-03-09,5,Sunday,same_hour_last_week,500,192,260,0.7384615384615385,Overnight,Weekend,0.8197408298374472,0.8,0.8097915839762657,0.7,0.7762280482044664,0.65
3,2025-03-09,5,Sunday,trailing_4_week_profile,500,192,260,0.7384615384615385,Overnight,Weekend,0.8267255646217905,0.8,0.8145983966640008,0.7,0.8954864202797798,0.8
3,2025-03-09,5,Sunday,global_popularity,1000,147,260,0.5653846153846154,Overnight,Weekend,0.4472300212666801,0.4,0.44953224885211523,0.2,0.5924366378083672,0.55
3,2025-03-09,5,Sunday,zone_hour_profile,1000,147,260,0.5653846153846154,Overnight,Weekend,0.8229497718784782,0.8,0.8487998269032558,0.7,0.8715126128829571,0.75
3,2025-03-09,5,Sunday,same_hour_last_week,1000,147,260,0.5653846153846154,Overnight,Weekend,0.8353262233612312,0.8,0.7888988586171727,0.6,0.7550750260331621,0.6
3,2025-03-09,5,Sunday,trailing_4_week_profile,1000,147,260,0.5653846153846154,Overnight,Weekend,0.8368668506378341,0.8,0.8197440672852908,0.7,0.8866272836696499,0.8
3,2025-03-09,6,Sunday,global_popularity,500,192,260,0.7384615384615385,Morning,Weekend,0.550666267139097,0.6,0.5880748880655909,0.5,0.6288502595853077,0.65
3,2025-03-09,6,Sunday,zone_hour_profile,500,192,260,0.7384615384615385,Morning,Weekend,0.9787167117823066,0.6,0.9383980154341053,0.5,0.9432429422428193,0.65
3,2025-03-09,6,Sunday,same_hour_last_week,500,192,260,0.7384615384615385,Morning,Weekend,0.9562380392639797,0.6,0.9123879222833892,0.4,0.9112220206632058,0.6
3,2025-03-09,6,Sunday,trailing_4_week_profile,500,192,260,0.7384615384615385,Morning,Weekend,0.9787167117823066,0.6,0.9523605106978339,0.6,0.933448678720382,0.6
3,2025-03-09,6,Sunday,global_popularity,1000,147,260,0.5653846153846154,Morning,Weekend,0.550666267139097,0.6,0.5880748880655909,0.5,0.6288502595853077,0.65
3,2025-03-09,6,Sunday,zone_hour_profile,1000,147,260,0.5653846153846154,Morning,Weekend,0.9787167117823066,0.6,0.9383980154341053,0.5,0.9432429422428193,0.65
3,2025-03-09,6,Sunday,same_hour_last_week,1000,147,260,0.5653846153846154,Morning,Weekend,0.9562380392639797,0.6,0.9123879222833892,0.4,0.9112220206632058,0.6
3,2025-03-09,6,Sunday,trailing_4_week_profile,1000,147,260,0.5653846153846154,Morning,Weekend,0.9787167117823066,0.6,0.9523605106978339,0.6,0.933448678720382,0.6
3,2025-03-09,7,Sunday,global_popularity,500,192,260,0.7384615384615385,Morning,Weekend,0.579668176779104,0.6,0.5910446051680144,0.5,0.6281274420155446,0.7
3,2025-03-09,7,Sunday,zone_hour_profile,500,192,260,0.7384615384615385,Morning,Weekend,0.9696489266316615,0.4,0.9624210708939652,0.6,0.9696432326241093,0.8
3,2025-03-09,7,Sunday,same_hour_last_week,500,192,260,0.7384615384615385,Morning,Weekend,0.9668000317250438,0.4,0.9725752373407556,0.7,0.9603157277717984,0.8
3,2025-03-09,7,Sunday,trailing_4_week_profile,500,192,260,0.7384615384615385,Morning,Weekend,0.9703019580595871,0.4,0.9791356310968207,0.8,0.9693001948041483,0.8
3,2025-03-09,7,Sunday,global_popularity,1000,147,260,0.5653846153846154,Morning,Weekend,0.579668176779104,0.6,0.5910446051680144,0.5,0.6281274420155446,0.7
3,2025-03-09,7,Sunday,zone_hour_profile,1000,147,260,0.5653846153846154,Morning,Weekend,0.9696489266316615,0.4,0.9624210708939652,0.6,0.9696432326241093,0.8
3,2025-03-09,7,Sunday,same_hour_last_week,1000,147,260,0.5653846153846154,Morning,Weekend,0.9668000317250438,0.4,0.9725752373407556,0.7,0.9603157277717984,0.8
3,2025-03-09,7,Sunday,trailing_4_week_profile,1000,147,260,0.5653846153846154,Morning,Weekend,0.9703019580595871,0.4,0.9791356310968207,0.8,0.9693001948041483,0.8
3,2025-03-09,8,Sunday,global_popularity,500,192,260,0.7384615384615385,Morning,Weekend,0.6264594750713621,0.8,0.6348221015916706,0.6,0.7080899777123972,0.7
3,2025-03-09,8,Sunday,zone_hour_profile,500,192,260,0.7384615384615385,Morning,Weekend,0.9037462630169102,0.6,0.9084417273132895,0.8,0.9126510769139193,0.8
3,2025-03-09,8,Sunday,same_hour_last_week,500,192,260,0.7384615384615385,Morning,Weekend,0.7116432797654051,0.4,0.7481609760562783,0.8,0.8002476572501475,0.8
3,2025-03-09,8,Sunday,trailing_4_week_profile,500,192,260,0.7384615384615385,Morning,Weekend,0.89717950627454,0.4,0.9085333958385283,0.8,0.9166955453046505,0.85
3,2025-03-09,8,Sunday,global_popularity,1000,147,260,0.5653846153846154,Morning,Weekend,0.6264594750713621,0.8,0.6348221015916706,0.6,0.7080899777123972,0.7
3,2025-03-09,8,Sunday,zone_hour_profile,1000,147,260,0.5653846153846154,Morning,Weekend,0.9037462630169102,0.6,0.9084417273132895,0.8,0.9126510769139193,0.8
3,2025-03-09,8,Sunday,same_hour_last_week,1000,147,260,0.5653846153846154,Morning,Weekend,0.7116432797654051,0.4,0.7481609760562783,0.8,0.8002476572501475,0.8
3,2025-03-09,8,Sunday,trailing_4_week_profile,1000,147,260,0.5653846153846154,Morning,Weekend,0.89717950627454,0.4,0.9085333958385283,0.8,0.9166955453046505,0.85
3,2025-03-09,9,Sunday,global_popularity,500,192,260,0.7384615384615385,Morning,Weekend,0.6397088889331141,0.8,0.6625562040489058,0.7,0.7404828863635117,0.8
3,2025-03-09,9,Sunday,zone_hour_profile,500,192,260,0.7384615384615385,Morning,Weekend,0.6615654070916807,0.8,0.7045350986339185,0.8,0.786451296561678,0.9
3,2025-03-09,9,Sunday,same_hour_last_week,500,192,260,0.7384615384615385,Morning,Weekend,0.48722245969776556,0.6,0.695998957892562,0.8,0.7781352072618964,0.95
3,2025-03-09,9,Sunday,trailing_4_week_profile,500,192,260,0.7384615384615385,Morning,Weekend,0.6660177041356191,0.8,0.7188441718689075,0.9,0.79553134590837,0.95
3,2025-03-09,9,Sunday,global_popularity,1000,147,260,0.5653846153846154,Morning,Weekend,0.6397088889331141,0.8,0.6625562040489058,0.7,0.7404828863635117,0.8
3,2025-03-09,9,Sunday,zone_hour_profile,1000,147,260,0.5653846153846154,Morning,Weekend,0.6615654070916807,0.8,0.7045350986339185,0.8,0.786451296561678,0.9
3,2025-03-09,9,Sunday,same_hour_last_week,1000,147,260,0.5653846153846154,Morning,Weekend,0.48722245969776556,0.6,0.695998957892562,0.8,0.7781352072618964,0.95
3,2025-03-09,9,Sunday,trailing_4_week_profile,1000,147,260,0.5653846153846154,Morning,Weekend,0.6660177041356191,0.8,0.7188441718689075,0.9,0.79553134590837,0.95
3,2025-03-09,10,Sunday,global_popularity,500,192,260,0.7384615384615385,Midday,Weekend,0.6067853225887134,0.6,0.6267443052310693,0.6,0.7595640097457401,0.85
3,2025-03-09,10,Sunday,zone_hour_profile,500,192,260,0.7384615384615385,Midday,Weekend,0.5139926731666516,0.4,0.7281634726174491,0.8,0.7873807073361997,0.9
3,2025-03-09,10,Sunday,same_hour_last_week,500,192,260,0.7384615384615385,Midday,Weekend,0.5109544824658692,0.4,0.6806131374404121,0.8,0.7894603274966627,0.85
3,2025-03-09,10,Sunday,trailing_4_week_profile,500,192,260,0.7384615384615385,Midday,Weekend,0.5131811694372125,0.4,0.6751644929159054,0.8,0.7881438919592622,0.9
3,2025-03-09,10,Sunday,global_popularity,1000,147,260,0.5653846153846154,Midday,Weekend,0.6067853225887134,0.6,0.6267443052310693,0.6,0.7595640097457401,0.85
3,2025-03-09,10,Sunday,zone_hour_profile,1000,147,260,0.5653846153846154,Midday,Weekend,0.5139926731666516,0.4,0.7281634726174491,0.8,0.7873807073361997,0.9
3,2025-03-09,10,Sunday,same_hour_last_week,1000,147,260,0.5653846153846154,Midday,Weekend,0.5109544824658692,0.4,0.6806131374404121,0.8,0.7894603274966627,0.85
3,2025-03-09,10,Sunday,trailing_4_week_profile,1000,147,260,0.5653846153846154,Midday,Weekend,0.5131811694372125,0.4,0.6751644929159054,0.8,0.7881438919592622,0.9
3,2025-03-09,11,Sunday,global_popularity,500,192,260,0.7384615384615385,Midday,Weekend,0.7464478695215134,0.8,0.7782296493257338,0.8,0.8504158740858249,0.8
3,2025-03-09,11,Sunday,zone_hour_profile,500,192,260,0.7384615384615385,Midday,Weekend,0.6432926985088047,0.6,0.6951246215161933,0.8,0.8345703836129862,0.9
3,2025-03-09,11,Sunday,same_hour_last_week,500,192,260,0.7384615384615385,Midday,Weekend,0.6441208603144574,0.6,0.6689703153526642,0.6,0.7784911931259976,0.85
3,2025-03-09,11,Sunday,trailing_4_week_profile,500,192,260,0.7384615384615385,Midday,Weekend,0.6164938751849078,0.4,0.6810304447734299,0.7,0.8344175420101433,0.9
3,2025-03-09,11,Sunday,global_popularity,1000,147,260,0.5653846153846154,Midday,Weekend,0.7464478695215134,0.8,0.7782296493257338,0.8,0.8504158740858249,0.8
3,2025-03-09,11,Sunday,zone_hour_profile,1000,147,260,0.5653846153846154,Midday,Weekend,0.6432926985088047,0.6,0.6951246215161933,0.8,0.8345703836129862,0.9
3,2025-03-09,11,Sunday,same_hour_last_week,1000,147,260,0.5653846153846154,Midday,Weekend,0.6441208603144574,0.6,0.6689703153526642,0.6,0.7784911931259976,0.85
3,2025-03-09,11,Sunday,trailing_4_week_profile,1000,147,260,0.5653846153846154,Midday,Weekend,0.6164938751849078,0.4,0.6810304447734299,0.7,0.8344175420101433,0.9
3,2025-03-09,12,Sunday,global_popularity,500,192,260,0.7384615384615385,Midday,Weekend,0.631016427822993,0.6,0.6734424156343104,0.8,0.7673021908222941,0.8
3,2025-03-09,12,Sunday,zone_hour_profile,500,192,260,0.7384615384615385,Midday,Weekend,0.49696325545716835,0.6,0.5681457610732474,0.8,0.7598564077929946,0.9
3,2025-03-09,12,Sunday,same_hour_last_week,500,192,260,0.7384615384615385,Midday,Weekend,0.49605027568852644,0.6,0.6750774588388804,0.8,0.7679732137276115,0.9
3,2025-03-09,12,Sunday,trailing_4_week_profile,500,192,260,0.7384615384615385,Midday,Weekend,0.49605027568852644,0.6,0.561740902779628,0.8,0.7512549962730688,0.9
3,2025-03-09,12,Sunday,global_popularity,1000,147,260,0.5653846153846154,Midday,Weekend,0.631016427822993,0.6,0.6734424156343104,0.8,0.7673021908222941,0.8
3,2025-03-09,12,Sunday,zone_hour_profile,1000,147,260,0.5653846153846154,Midday,Weekend,0.49696325545716835,0.6,0.5681457610732474,0.8,0.7598564077929946,0.9
3,2025-03-09,12,Sunday,same_hour_last_week,1000,147,260,0.5653846153846154,Midday,Weekend,0.49605027568852644,0.6,0.6750774588388804,0.8,0.7679732137276115,0.9
3,2025-03-09,12,Sunday,trailing_4_week_profile,1000,147,260,0.5653846153846154,Midday,Weekend,0.49605027568852644,0.6,0.561740902779628,0.8,0.7512549962730688,0.9
3,2025-03-09,13,Sunday,global_popularity,500,192,260,0.7384615384615385,Midday,Weekend,0.582489020904752,0.6,0.6548651406978117,0.8,0.7571843727527783,0.85
3,2025-03-09,13,Sunday,zone_hour_profile,500,192,260,0.7384615384615385,Midday,Weekend,0.4673629260664549,0.6,0.7362925200898002,1.0,0.7716225165759969,0.9
3,2025-03-09,13,Sunday,same_hour_last_week,500,192,260,0.7384615384615385,Midday,Weekend,0.48482513289464885,0.6,0.74662828470301,0.8,0.7906250293102468,0.9
3,2025-03-09,13,Sunday,trailing_4_week_profile,500,192,260,0.7384615384615385,Midday,Weekend,0.4673629260664549,0.6,0.6609253520201036,0.9,0.7600861070596494,0.9
3,2025-03-09,13,Sunday,global_popularity,1000,147,260,0.5653846153846154,Midday,Weekend,0.582489020904752,0.6,0.6548651406978117,0.8,0.7571843727527783,0.85
3,2025-03-09,13,Sunday,zone_hour_profile,1000,147,260,0.5653846153846154,Midday,Weekend,0.4673629260664549,0.6,0.7362925200898002,1.0,0.7716225165759969,0.9
3,2025-03-09,13,Sunday,same_hour_last_week,1000,147,260,0.5653846153846154,Midday,Weekend,0.48482513289464885,0.6,0.74662828470301,0.8,0.7906250293102468,0.9
3,2025-03-09,13,Sunday,trailing_4_week_profile,1000,147,260,0.5653846153846154,Midday,Weekend,0.4673629260664549,0.6,0.6609253520201036,0.9,0.7600861070596494,0.9
3,2025-03-09,14,Sunday,global_popularity,500,192,260,0.7384615384615385,Midday,Weekend,0.5152498498164502,0.6,0.5749159400051579,0.8,0.6915627070668027,0.85
3,2025-03-09,14,Sunday,zone_hour_profile,500,192,260,0.7384615384615385,Midday,Weekend,0.5687628115644665,0.8,0.7151224816788994,0.8,0.7488014617031697,0.9
3,2025-03-09,14,Sunday,same_hour_last_week,500,192,260,0.7384615384615385,Midday,Weekend,0.9892845604031983,0.8,0.9744675255518699,0.7,0.9885191227777271,0.9
3,2025-03-09,14,Sunday,trailing_4_week_profile,500,192,260,0.7384615384615385,Midday,Weekend,0.7511170389982653,1.0,0.7771238344430484,0.8,0.8022448738633537,0.85
3,2025-03-09,14,Sunday,global_popularity,1000,147,260,0.5653846153846154,Midday,Weekend,0.5152498498164502,0.6,0.5749159400051579,0.8,0.6915627070668027,0.85
3,2025-03-09,14,Sunday,zone_hour_profile,1000,147,260,0.5653846153846154,Midday,Weekend,0.5687628115644665,0.8,0.7151224816788994,0.8,0.7488014617031697,0.9
3,2025-03-09,14,Sunday,same_hour_last_week,1000,147,260,0.5653846153846154,Midday,Weekend,0.9892845604031983,0.8,0.9744675255518699,0.7,0.9885191227777271,0.9
3,2025-03-09,14,Sunday,trailing_4_week_profile,1000,147,260,0.5653846153846154,Midday,Weekend,0.7511170389982653,1.0,0.7771238344430484,0.8,0.8022448738633537,0.85
3,2025-03-09,15,Sunday,global_popularity,500,192,260,0.7384615384615385,Midday,Weekend,0.5857678962841134,0.8,0.6241227931295011,0.8,0.6942483434389473,0.75
3,2025-03-09,15,Sunday,zone_hour_profile,500,192,260,0.7384615384615385,Midday,Weekend,0.8976782791027205,0.8,0.9432371027530357,0.8,0.9543973890717213,0.85
3,2025-03-09,15,Sunday,same_hour_last_week,500,192,260,0.7384615384615385,Midday,Weekend,0.9719199974500461,1.0,0.9588008183544388,0.8,0.9652847654892327,0.8
3,2025-03-09,15,Sunday,trailing_4_week_profile,500,192,260,0.7384615384615385,Midday,Weekend,0.9655574088355702,1.0,0.9679854285975354,0.9,0.9680656194738566,0.85
3,2025-03-09,15,Sunday,global_popularity,1000,147,260,0.5653846153846154,Midday,Weekend,0.5857678962841134,0.8,0.6241227931295011,0.8,0.6942483434389473,0.75
3,2025-03-09,15,Sunday,zone_hour_profile,1000,147,260,0.5653846153846154,Midday,Weekend,0.8976782791027205,0.8,0.9432371027530357,0.8,0.9543973890717213,0.85
3,2025-03-09,15,Sunday,same_hour_last_week,1000,147,260,0.5653846153846154,Midday,Weekend,0.9719199974500461,1.0,0.9588008183544388,0.8,0.9652847654892327,0.8
3,2025-03-09,15,Sunday,trailing_4_week_profile,1000,147,260,0.5653846153846154,Midday,Weekend,0.9655574088355702,1.0,0.9679854285975354,0.9,0.9680656194738566,0.85
3,2025-03-09,16,Sunday,global_popularity,500,192,260,0.7384615384615385,Evening,Weekend,0.5172491435477818,0.8,0.559898854671267,0.7,0.6665646650973232,0.8
3,2025-03-09,16,Sunday,zone_hour_profile,500,192,260,0.7384615384615385,Evening,Weekend,0.8166559772714856,0.8,0.9125146060311312,0.9,0.921791144546818,0.85
3,2025-03-09,16,Sunday,same_hour_last_week,500,192,260,0.7384615384615385,Evening,Weekend,0.9430249433403395,1.0,0.9326294060138034,0.8,0.9492019527631025,0.85
3,2025-03-09,16,Sunday,trailing_4_week_profile,500,192,260,0.7384615384615385,Evening,Weekend,0.8151161980809736,0.8,0.9079846219885952,0.9,0.9170505008054589,0.85
3,2025-03-09,16,Sunday,global_popularity,1000,147,260,0.5653846153846154,Evening,Weekend,0.5172491435477818,0.8,0.559898854671267,0.7,0.6665646650973232,0.8
3,2025-03-09,16,Sunday,zone_hour_profile,1000,147,260,0.5653846153846154,Evening,Weekend,0.8166559772714856,0.8,0.9125146060311312,0.9,0.921791144546818,0.85
3,2025-03-09,16,Sunday,same_hour_last_week,1000,147,260,0.5653846153846154,Evening,Weekend,0.9430249433403395,1.0,0.9326294060138034,0.8,0.9492019527631025,0.85
3,2025-03-09,16,Sunday,trailing_4_week_profile,1000,147,260,0.5653846153846154,Evening,Weekend,0.8151161980809736,0.8,0.9079846219885952,0.9,0.9170505008054589,0.85
3,2025-03-09,17,Sunday,global_popularity,500,192,260,0.7384615384615385,Evening,Weekend,0.526042599444888,0.6,0.586526531214429,0.8,0.6808538316289199,0.8
3,2025-03-09,17,Sunday,zone_hour_profile,500,192,260,0.7384615384615385,Evening,Weekend,0.8381907321809242,0.6,0.9261883760694183,0.9,0.9305973866036661,0.85
3,2025-03-09,17,Sunday,same_hour_last_week,500,192,260,0.7384615384615385,Evening,Weekend,0.8067757001530831,0.4,0.9097130512232122,0.9,0.9186063985479146,0.85
3,2025-03-09,17,Sunday,trailing_4_week_profile,500,192,260,0.7384615384615385,Evening,Weekend,0.8047332701541015,0.4,0.8346174245518898,0.8,0.9107285784599687,0.8
3,2025-03-09,17,Sunday,global_popularity,1000,147,260,0.5653846153846154,Evening,Weekend,0.526042599444888,0.6,0.586526531214429,0.8,0.6808538316289199,0.8
3,2025-03-09,17,Sunday,zone_hour_profile,1000,147,260,0.5653846153846154,Evening,Weekend,0.8381907321809242,0.6,0.9261883760694183,0.9,0.9305973866036661,0.85
3,2025-03-09,17,Sunday,same_hour_last_week,1000,147,260,0.5653846153846154,Evening,Weekend,0.8067757001530831,0.4,0.9097130512232122,0.9,0.9186063985479146,0.85
3,2025-03-09,17,Sunday,trailing_4_week_profile,1000,147,260,0.5653846153846154,Evening,Weekend,0.8047332701541015,0.4,0.8346174245518898,0.8,0.9107285784599687,0.8
3,2025-03-09,18,Sunday,global_popularity,500,192,260,0.7384615384615385,Evening,Weekend,0.49536494109382845,0.6,0.5449238983386502,0.8,0.6460967990764284,0.85
3,2025-03-09,18,Sunday,zone_hour_profile,500,192,260,0.7384615384615385,Evening,Weekend,0.8257506985163584,0.6,0.9099495182258356,0.9,0.9166815694332612,0.8
3,2025-03-09,18,Sunday,same_hour_last_week,500,192,260,0.7384615384615385,Evening,Weekend,0.24367824283359596,0.2,0.4831413200766479,0.8,0.5964131266679429,0.8
3,2025-03-09,18,Sunday,trailing_4_week_profile,500,192,260,0.7384615384615385,Evening,Weekend,0.8151347865752908,0.2,0.9089976082646205,0.8,0.9147751488644202,0.8
3,2025-03-09,18,Sunday,global_popularity,1000,147,260,0.5653846153846154,Evening,Weekend,0.49536494109382845,0.6,0.5449238983386502,0.8,0.6460967990764284,0.85
3,2025-03-09,18,Sunday,zone_hour_profile,1000,147,260,0.5653846153846154,Evening,Weekend,0.8257506985163584,0.6,0.9099495182258356,0.9,0.9166815694332612,0.8
3,2025-03-09,18,Sunday,same_hour_last_week,1000,147,260,0.5653846153846154,Evening,Weekend,0.24367824283359596,0.2,0.4831413200766479,0.8,0.5964131266679429,0.8
3,2025-03-09,18,Sunday,trailing_4_week_profile,1000,147,260,0.5653846153846154,Evening,Weekend,0.8151347865752908,0.2,0.9089976082646205,0.8,0.9147751488644202,0.8
3,2025-03-09,19,Sunday,global_popularity,500,192,260,0.7384615384615385,Evening,Weekend,0.4328289142194568,0.2,0.5095566864075182,0.8,0.646911846092264,0.95
3,2025-03-09,19,Sunday,zone_hour_profile,500,192,260,0.7384615384615385,Evening,Weekend,0.9922149439008694,0.8,0.9967017997253559,0.9,0.9979067759636765,1.0
3,2025-03-09,19,Sunday,same_hour_last_week,500,192,260,0.7384615384615385,Evening,Weekend,0.9731534735104359,0.6,0.9869158853143485,0.9,0.985236256816133,0.9
3,2025-03-09,19,Sunday,trailing_4_week_profile,500,192,260,0.7384615384615385,Evening,Weekend,1.0,1.0,0.9971322032146689,0.9,0.9981442836153691,1.0
3,2025-03-09,19,Sunday,global_popularity,1000,147,260,0.5653846153846154,Evening,Weekend,0.4328289142194568,0.2,0.5095566864075182,0.8,0.646911846092264,0.95
3,2025-03-09,19,Sunday,zone_hour_profile,1000,147,260,0.5653846153846154,Evening,Weekend,0.9922149439008694,0.8,0.9967017997253559,0.9,0.9979067759636765,1.0
3,2025-03-09,19,Sunday,same_hour_last_week,1000,147,260,0.5653846153846154,Evening,Weekend,0.9731534735104359,0.6,0.9869158853143485,0.9,0.985236256816133,0.9
3,2025-03-09,19,Sunday,trailing_4_week_profile,1000,147,260,0.5653846153846154,Evening,Weekend,1.0,1.0,0.9971322032146689,0.9,0.9981442836153691,1.0
3,2025-03-09,20,Sunday,global_popularity,500,192,260,0.7384615384615385,Evening,Weekend,0.3815280039154242,0.2,0.4751500823904735,0.5,0.6052696336173012,0.95
3,2025-03-09,20,Sunday,zone_hour_profile,500,192,260,0.7384615384615385,Evening,Weekend,0.993449595387981,0.6,0.9947933010298581,0.9,0.9976357194974911,1.0
3,2025-03-09,20,Sunday,same_hour_last_week,500,192,260,0.7384615384615385,Evening,Weekend,0.9936697013356072,0.8,0.9940662373998668,0.8,0.9960635132169569,0.9
3,2025-03-09,20,Sunday,trailing_4_week_profile,500,192,260,0.7384615384615385,Evening,Weekend,0.9998575130630462,0.8,0.992661556922942,0.8,0.9947354281550104,0.95
3,2025-03-09,20,Sunday,global_popularity,1000,147,260,0.5653846153846154,Evening,Weekend,0.3815280039154242,0.2,0.4751500823904735,0.5,0.6052696336173012,0.95
3,2025-03-09,20,Sunday,zone_hour_profile,1000,147,260,0.5653846153846154,Evening,Weekend,0.993449595387981,0.6,0.9947933010298581,0.9,0.9976357194974911,1.0
3,2025-03-09,20,Sunday,same_hour_last_week,1000,147,260,0.5653846153846154,Evening,Weekend,0.9936697013356072,0.8,0.9940662373998668,0.8,0.9960635132169569,0.9
3,2025-03-09,20,Sunday,trailing_4_week_profile,1000,147,260,0.5653846153846154,Evening,Weekend,0.9998575130630462,0.8,0.992661556922942,0.8,0.9947354281550104,0.95
3,2025-03-09,21,Sunday,global_popularity,500,192,260,0.7384615384615385,Late evening,Weekend,0.392999225055352,0.2,0.44590287180510746,0.5,0.5640066364191026,0.8
3,2025-03-09,21,Sunday,zone_hour_profile,500,192,260,0.7384615384615385,Late evening,Weekend,0.9927098827090376,0.8,0.990725623635385,0.8,0.9883803233899235,0.9
3,2025-03-09,21,Sunday,same_hour_last_week,500,192,260,0.7384615384615385,Late evening,Weekend,0.956126027374105,0.6,0.959094163103203,0.8,0.9583509584578178,0.9
3,2025-03-09,21,Sunday,trailing_4_week_profile,500,192,260,0.7384615384615385,Late evening,Weekend,0.9942053503284219,0.8,0.9931618010529277,0.8,0.9899303893724576,0.9
3,2025-03-09,21,Sunday,global_popularity,1000,147,260,0.5653846153846154,Late evening,Weekend,0.392999225055352,0.2,0.44590287180510746,0.5,0.5640066364191026,0.8
3,2025-03-09,21,Sunday,zone_hour_profile,1000,147,260,0.5653846153846154,Late evening,Weekend,0.9927098827090376,0.8,0.990725623635385,0.8,0.9883803233899235,0.9
3,2025-03-09,21,Sunday,same_hour_last_week,1000,147,260,0.5653846153846154,Late evening,Weekend,0.956126027374105,0.6,0.959094163103203,0.8,0.9583509584578178,0.9
3,2025-03-09,21,Sunday,trailing_4_week_profile,1000,147,260,0.5653846153846154,Late evening,Weekend,0.9942053503284219,0.8,0.9931618010529277,0.8,0.9899303893724576,0.9
3,2025-03-09,22,Sunday,global_popularity,500,192,260,0.7384615384615385,Late evening,Weekend,0.39956782380153527,0.4,0.43605514909573234,0.5,0.527858775964902,0.85
3,2025-03-09,22,Sunday,zone_hour_profile,500,192,260,0.7384615384615385,Late evening,Weekend,0.9822252231150336,0.6,0.9915612144108251,0.8,0.9884498695210547,0.95
3,2025-03-09,22,Sunday,same_hour_last_week,500,192,260,0.7384615384615385,Late evening,Weekend,0.9917421733589904,0.6,0.9944897188870998,0.8,0.9911410866309596,0.9
3,2025-03-09,22,Sunday,trailing_4_week_profile,500,192,260,0.7384615384615385,Late evening,Weekend,0.9822520678048694,0.6,0.9871038145572466,0.8,0.9843711037663598,0.85
3,2025-03-09,22,Sunday,global_popularity,1000,147,260,0.5653846153846154,Late evening,Weekend,0.39956782380153527,0.4,0.43605514909573234,0.5,0.527858775964902,0.85
3,2025-03-09,22,Sunday,zone_hour_profile,1000,147,260,0.5653846153846154,Late evening,Weekend,0.9822252231150336,0.6,0.9915612144108251,0.8,0.9884498695210547,0.95
3,2025-03-09,22,Sunday,same_hour_last_week,1000,147,260,0.5653846153846154,Late evening,Weekend,0.9917421733589904,0.6,0.9944897188870998,0.8,0.9911410866309596,0.9
3,2025-03-09,22,Sunday,trailing_4_week_profile,1000,147,260,0.5653846153846154,Late evening,Weekend,0.9822520678048694,0.6,0.9871038145572466,0.8,0.9843711037663598,0.85
3,2025-03-09,23,Sunday,global_popularity,500,192,260,0.7384615384615385,Late evening,Weekend,0.4188400641065976,0.6,0.43895333338821735,0.4,0.537466005466127,0.8
3,2025-03-09,23,Sunday,zone_hour_profile,500,192,260,0.7384615384615385,Late evening,Weekend,0.9645477533137586,0.6,0.9729618037286878,0.8,0.974883431432782,0.75
3,2025-03-09,23,Sunday,same_hour_last_week,500,192,260,0.7384615384615385,Late evening,Weekend,0.960915885180574,0.6,0.9709629278674002,0.8,0.9598238343581992,0.75
3,2025-03-09,23,Sunday,trailing_4_week_profile,500,192,260,0.7384615384615385,Late evening,Weekend,0.9629504018230274,0.6,0.9708831053209824,0.8,0.971692235445387,0.7
3,2025-03-09,23,Sunday,global_popularity,1000,147,260,0.5653846153846154,Late evening,Weekend,0.4188400641065976,0.6,0.43895333338821735,0.4,0.537466005466127,0.8
3,2025-03-09,23,Sunday,zone_hour_profile,1000,147,260,0.5653846153846154,Late evening,Weekend,0.9645477533137586,0.6,0.9729618037286878,0.8,0.974883431432782,0.75
3,2025-03-09,23,Sunday,same_hour_last_week,1000,147,260,0.5653846153846154,Late evening,Weekend,0.960915885180574,0.6,0.9709629278674002,0.8,0.9598238343581992,0.75
3,2025-03-09,23,Sunday,trailing_4_week_profile,1000,147,260,0.5653846153846154,Late evening,Weekend,0.9629504018230274,0.6,0.9708831053209824,0.8,0.971692235445387,0.7
4,2025-03-17,0,Monday,global_popularity,500,203,260,0.7807692307692308,Overnight,Weekday,0.30739102693140974,0.2,0.3261667543575943,0.3,0.4571700157028313,0.7
4,2025-03-17,0,Monday,zone_hour_profile,500,203,260,0.7807692307692308,Overnight,Weekday,0.9646452655450606,0.4,0.9773981715325656,0.9,0.976183902351856,0.85
4,2025-03-17,0,Monday,same_hour_last_week,500,203,260,0.7807692307692308,Overnight,Weekday,0.9806614444683054,0.8,0.9919772129172757,1.0,0.9896906348003947,0.8
4,2025-03-17,0,Monday,trailing_4_week_profile,500,203,260,0.7807692307692308,Overnight,Weekday,0.9647482189727813,0.4,0.9774682578042745,0.9,0.9846856736718389,0.8
4,2025-03-17,0,Monday,global_popularity,1000,171,260,0.6576923076923077,Overnight,Weekday,0.30739102693140974,0.2,0.3261667543575943,0.3,0.4571700157028313,0.7
4,2025-03-17,0,Monday,zone_hour_profile,1000,171,260,0.6576923076923077,Overnight,Weekday,0.9646452655450606,0.4,0.9773981715325656,0.9,0.976183902351856,0.85
4,2025-03-17,0,Monday,same_hour_last_week,1000,171,260,0.6576923076923077,Overnight,Weekday,0.9806614444683054,0.8,0.9919772129172757,1.0,0.9896906348003947,0.8
4,2025-03-17,0,Monday,trailing_4_week_profile,1000,171,260,0.6576923076923077,Overnight,Weekday,0.9647482189727813,0.4,0.9774682578042745,0.9,0.9846856736718389,0.8
4,2025-03-17,1,Monday,global_popularity,500,203,260,0.7807692307692308,Overnight,Weekday,0.34581998511121465,0.2,0.35382845172699245,0.3,0.4403910774982908,0.6
4,2025-03-17,1,Monday,zone_hour_profile,500,203,260,0.7807692307692308,Overnight,Weekday,0.9818149115330371,0.6,0.981367988347081,0.8,0.9754263293742726,0.75
4,2025-03-17,1,Monday,same_hour_last_week,500,203,260,0.7807692307692308,Overnight,Weekday,0.9794356811002518,0.6,0.9774622096750991,0.7,0.9753025721019349,0.75
4,2025-03-17,1,Monday,trailing_4_week_profile,500,203,260,0.7807692307692308,Overnight,Weekday,0.9818149115330371,0.6,0.9813711352793002,0.8,0.9729356964787591,0.7
4,2025-03-17,1,Monday,global_popularity,1000,171,260,0.6576923076923077,Overnight,Weekday,0.34581998511121465,0.2,0.35382845172699245,0.3,0.4403910774982908,0.6
4,2025-03-17,1,Monday,zone_hour_profile,1000,171,260,0.6576923076923077,Overnight,Weekday,0.9818149115330371,0.6,0.981367988347081,0.8,0.9754263293742726,0.75
4,2025-03-17,1,Monday,same_hour_last_week,1000,171,260,0.6576923076923077,Overnight,Weekday,0.9794356811002518,0.6,0.9774622096750991,0.7,0.9753025721019349,0.75
4,2025-03-17,1,Monday,trailing_4_week_profile,1000,171,260,0.6576923076923077,Overnight,Weekday,0.9818149115330371,0.6,0.9813711352793002,0.8,0.9729356964787591,0.7
4,2025-03-17,2,Monday,global_popularity,500,203,260,0.7807692307692308,Overnight,Weekday,0.3969839612592211,0.2,0.40067761349511893,0.3,0.44784146964480426,0.45
4,2025-03-17,2,Monday,zone_hour_profile,500,203,260,0.7807692307692308,Overnight,Weekday,0.9515605737671506,0.6,0.9763283482423935,0.9,0.9664175220940031,0.7
4,2025-03-17,2,Monday,same_hour_last_week,500,203,260,0.7807692307692308,Overnight,Weekday,0.9485822740415069,0.6,0.9445254449297866,0.8,0.9593277379319044,0.7
4,2025-03-17,2,Monday,trailing_4_week_profile,500,203,260,0.7807692307692308,Overnight,Weekday,0.975212041020144,0.6,0.9797358329200696,0.9,0.9732800919422603,0.75
4,2025-03-17,2,Monday,global_popularity,1000,171,260,0.6576923076923077,Overnight,Weekday,0.3969839612592211,0.2,0.40067761349511893,0.3,0.44784146964480426,0.45
4,2025-03-17,2,Monday,zone_hour_profile,1000,171,260,0.6576923076923077,Overnight,Weekday,0.9515605737671506,0.6,0.9763283482423935,0.9,0.9664175220940031,0.7
4,2025-03-17,2,Monday,same_hour_last_week,1000,171,260,0.6576923076923077,Overnight,Weekday,0.9485822740415069,0.6,0.9445254449297866,0.8,0.9593277379319044,0.7
4,2025-03-17,2,Monday,trailing_4_week_profile,1000,171,260,0.6576923076923077,Overnight,Weekday,0.975212041020144,0.6,0.9797358329200696,0.9,0.9732800919422603,0.75
4,2025-03-17,3,Monday,global_popularity,500,203,260,0.7807692307692308,Overnight,Weekday,0.42724099186410586,0.4,0.4279089376174466,0.3,0.44817443434150656,0.45
4,2025-03-17,3,Monday,zone_hour_profile,500,203,260,0.7807692307692308,Overnight,Weekday,0.9733996585821131,0.4,0.9774569078779811,0.7,0.9707617559530061,0.65
4,2025-03-17,3,Monday,same_hour_last_week,500,203,260,0.7807692307692308,Overnight,Weekday,0.9823765469727602,0.6,0.9694343307235747,0.6,0.963684721762453,0.6
4,2025-03-17,3,Monday,trailing_4_week_profile,500,203,260,0.7807692307692308,Overnight,Weekday,0.9727615836998758,0.4,0.9833465210094373,0.8,0.9724687700123226,0.65
4,2025-03-17,3,Monday,global_popularity,1000,171,260,0.6576923076923077,Overnight,Weekday,0.42724099186410586,0.4,0.4279089376174466,0.3,0.44817443434150656,0.45
4,2025-03-17,3,Monday,zone_hour_profile,1000,171,260,0.6576923076923077,Overnight,Weekday,0.9733996585821131,0.4,0.9774569078779811,0.7,0.9707617559530061,0.65
4,2025-03-17,3,Monday,same_hour_last_week,1000,171,260,0.6576923076923077,Overnight,Weekday,0.9823765469727602,0.6,0.9694343307235747,0.6,0.963684721762453,0.6
4,2025-03-17,3,Monday,trailing_4_week_profile,1000,171,260,0.6576923076923077,Overnight,Weekday,0.9727615836998758,0.4,0.9833465210094373,0.8,0.9724687700123226,0.65
4,2025-03-17,4,Monday,global_popularity,500,203,260,0.7807692307692308,Overnight,Weekday,0.45278284491201615,0.2,0.46214683857984684,0.3,0.5454366133657023,0.7
4,2025-03-17,4,Monday,zone_hour_profile,500,203,260,0.7807692307692308,Overnight,Weekday,0.9523996780928541,0.6,0.9451326626186072,0.5,0.931185239288469,0.7
4,2025-03-17,4,Monday,same_hour_last_week,500,203,260,0.7807692307692308,Overnight,Weekday,0.9233816002464758,0.4,0.8932235770207928,0.3,0.8886526016628622,0.5
4,2025-03-17,4,Monday,trailing_4_week_profile,500,203,260,0.7807692307692308,Overnight,Weekday,0.9455351409758088,0.6,0.9312207331436628,0.5,0.9235252344948977,0.6
4,2025-03-17,4,Monday,global_popularity,1000,171,260,0.6576923076923077,Overnight,Weekday,0.45278284491201615,0.2,0.46214683857984684,0.3,0.5454366133657023,0.7
4,2025-03-17,4,Monday,zone_hour_profile,1000,171,260,0.6576923076923077,Overnight,Weekday,0.9523996780928541,0.6,0.9451326626186072,0.5,0.931185239288469,0.7
4,2025-03-17,4,Monday,same_hour_last_week,1000,171,260,0.6576923076923077,Overnight,Weekday,0.9233816002464758,0.4,0.8932235770207928,0.3,0.8886526016628622,0.5
4,2025-03-17,4,Monday,trailing_4_week_profile,1000,171,260,0.6576923076923077,Overnight,Weekday,0.9455351409758088,0.6,0.9312207331436628,0.5,0.9235252344948977,0.6
4,2025-03-17,5,Monday,global_popularity,500,203,260,0.7807692307692308,Overnight,Weekday,0.45701769618223564,0.2,0.5126481852415499,0.4,0.589350834095862,0.6
4,2025-03-17,5,Monday,zone_hour_profile,500,203,260,0.7807692307692308,Overnight,Weekday,0.9998019989841881,1.0,0.9708178154365043,0.7,0.9767491144591958,0.8
4,2025-03-17,5,Monday,same_hour_last_week,500,203,260,0.7807692307692308,Overnight,Weekday,0.9800845420467013,0.8,0.9506909413982625,0.7,0.9599880833925187,0.75
4,2025-03-17,5,Monday,trailing_4_week_profile,500,203,260,0.7807692307692308,Overnight,Weekday,0.992005674220509,1.0,0.9778236058306132,0.8,0.9759936872130055,0.85
4,2025-03-17,5,Monday,global_popularity,1000,171,260,0.6576923076923077,Overnight,Weekday,0.45701769618223564,0.2,0.5126481852415499,0.4,0.589350834095862,0.6
4,2025-03-17,5,Monday,zone_hour_profile,1000,171,260,0.6576923076923077,Overnight,Weekday,0.9998019989841881,1.0,0.9708178154365043,0.7,0.9767491144591958,0.8
4,2025-03-17,5,Monday,same_hour_last_week,1000,171,260,0.6576923076923077,Overnight,Weekday,0.9800845420467013,0.8,0.9506909413982625,0.7,0.9599880833925187,0.75
4,2025-03-17,5,Monday,trailing_4_week_profile,1000,171,260,0.6576923076923077,Overnight,Weekday,0.992005674220509,1.0,0.9778236058306132,0.8,0.9759936872130055,0.85
4,2025-03-17,6,Monday,global_popularity,500,203,260,0.7807692307692308,Morning,Weekday,0.5042556436809685,0.4,0.5759799005341206,0.5,0.6193967491596853,0.7
4,2025-03-17,6,Monday,zone_hour_profile,500,203,260,0.7807692307692308,Morning,Weekday,0.9776269928457073,0.8,0.9864477795250629,0.8,0.9822819572772915,0.85
4,2025-03-17,6,Monday,same_hour_last_week,500,203,260,0.7807692307692308,Morning,Weekday,0.945611580148099,0.6,0.9799542350419493,0.9,0.9688027873180314,0.8
4,2025-03-17,6,Monday,trailing_4_week_profile,500,203,260,0.7807692307692308,Morning,Weekday,0.9644882979905987,0.6,0.9851178120990207,0.8,0.9811647543366049,0.85
4,2025-03-17,6,Monday,global_popularity,1000,171,260,0.6576923076923077,Morning,Weekday,0.5042556436809685,0.4,0.5759799005341206,0.5,0.6193967491596853,0.7
4,2025-03-17,6,Monday,zone_hour_profile,1000,171,260,0.6576923076923077,Morning,Weekday,0.9776269928457073,0.8,0.9864477795250629,0.8,0.9822819572772915,0.85
4,2025-03-17,6,Monday,same_hour_last_week,1000,171,260,0.6576923076923077,Morning,Weekday,0.945611580148099,0.6,0.9799542350419493,0.9,0.9688027873180314,0.8
4,2025-03-17,6,Monday,trailing_4_week_profile,1000,171,260,0.6576923076923077,Morning,Weekday,0.9644882979905987,0.6,0.9851178120990207,0.8,0.9811647543366049,0.85
4,2025-03-17,7,Monday,global_popularity,500,203,260,0.7807692307692308,Morning,Weekday,0.6117849413064589,0.4,0.6590393807694822,0.6,0.7069913582780704,0.7
4,2025-03-17,7,Monday,zone_hour_profile,500,203,260,0.7807692307692308,Morning,Weekday,0.7644333850772959,0.6,0.8055384112532146,0.8,0.8299856200170483,0.9
4,2025-03-17,7,Monday,same_hour_last_week,500,203,260,0.7807692307692308,Morning,Weekday,0.7333338345528659,0.6,0.7773078589322157,0.8,0.8179148488508639,0.9
4,2025-03-17,7,Monday,trailing_4_week_profile,500,203,260,0.7807692307692308,Morning,Weekday,0.8330553011667796,0.6,0.8620883219604681,0.8,0.8864180499135922,0.9
4,2025-03-17,7,Monday,global_popularity,1000,171,260,0.6576923076923077,Morning,Weekday,0.6117849413064589,0.4,0.6590393807694822,0.6,0.7069913582780704,0.7
4,2025-03-17,7,Monday,zone_hour_profile,1000,171,260,0.6576923076923077,Morning,Weekday,0.7644333850772959,0.6,0.8055384112532146,0.8,0.8299856200170483,0.9
4,2025-03-17,7,Monday,same_hour_last_week,1000,171,260,0.6576923076923077,Morning,Weekday,0.7333338345528659,0.6,0.7773078589322157,0.8,0.8179148488508639,0.9
4,2025-03-17,7,Monday,trailing_4_week_profile,1000,171,260,0.6576923076923077,Morning,Weekday,0.8330553011667796,0.6,0.8620883219604681,0.8,0.8864180499135922,0.9
4,2025-03-17,8,Monday,global_popularity,500,203,260,0.7807692307692308,Morning,Weekday,0.6654680204308219,0.6,0.7108517323258638,0.6,0.7774080229415327,0.75
4,2025-03-17,8,Monday,zone_hour_profile,500,203,260,0.7807692307692308,Morning,Weekday,0.6015520497137924,0.6,0.6672399370735805,0.6,0.8130174764731692,0.9
4,2025-03-17,8,Monday,same_hour_last_week,500,203,260,0.7807692307692308,Morning,Weekday,0.6050949088977831,0.6,0.6688505129809719,0.6,0.8094663772160005,0.9
4,2025-03-17,8,Monday,trailing_4_week_profile,500,203,260,0.7807692307692308,Morning,Weekday,0.6015520497137924,0.6,0.6677578545069793,0.6,0.8237276252459205,0.95
4,2025-03-17,8,Monday,global_popularity,1000,171,260,0.6576923076923077,Morning,Weekday,0.6654680204308219,0.6,0.7108517323258638,0.6,0.7774080229415327,0.75
4,2025-03-17,8,Monday,zone_hour_profile,1000,171,260,0.6576923076923077,Morning,Weekday,0.6015520497137924,0.6,0.6672399370735805,0.6,0.8130174764731692,0.9
4,2025-03-17,8,Monday,same_hour_last_week,1000,171,260,0.6576923076923077,Morning,Weekday,0.6050949088977831,0.6,0.6688505129809719,0.6,0.8094663772160005,0.9
4,2025-03-17,8,Monday,trailing_4_week_profile,1000,171,260,0.6576923076923077,Morning,Weekday,0.6015520497137924,0.6,0.6677578545069793,0.6,0.8237276252459205,0.95
4,2025-03-17,9,Monday,global_popularity,500,203,260,0.7807692307692308,Morning,Weekday,0.48918498173202796,0.6,0.5616744277572553,0.6,0.6981724678518061,0.85
4,2025-03-17,9,Monday,zone_hour_profile,500,203,260,0.7807692307692308,Morning,Weekday,0.47107658323448137,0.6,0.6410992955968712,0.6,0.7601056427551857,0.9
4,2025-03-17,9,Monday,same_hour_last_week,500,203,260,0.7807692307692308,Morning,Weekday,0.6308863200417967,0.8,0.6614729000362245,0.6,0.767281427877025,0.9
4,2025-03-17,9,Monday,trailing_4_week_profile,500,203,260,0.7807692307692308,Morning,Weekday,0.47107658323448137,0.6,0.6520696841102825,0.6,0.7708386558502555,0.95
4,2025-03-17,9,Monday,global_popularity,1000,171,260,0.6576923076923077,Morning,Weekday,0.48918498173202796,0.6,0.5616744277572553,0.6,0.6981724678518061,0.85
4,2025-03-17,9,Monday,zone_hour_profile,1000,171,260,0.6576923076923077,Morning,Weekday,0.47107658323448137,0.6,0.6410992955968712,0.6,0.7601056427551857,0.9
4,2025-03-17,9,Monday,same_hour_last_week,1000,171,260,0.6576923076923077,Morning,Weekday,0.6308863200417967,0.8,0.6614729000362245,0.6,0.767281427877025,0.9
4,2025-03-17,9,Monday,trailing_4_week_profile,1000,171,260,0.6576923076923077,Morning,Weekday,0.47107658323448137,0.6,0.6520696841102825,0.6,0.7708386558502555,0.95
4,2025-03-17,10,Monday,global_popularity,500,203,260,0.7807692307692308,Midday,Weekday,0.49553571161522525,0.6,0.5695871814664683,0.7,0.7002539181390044,0.8
4,2025-03-17,10,Monday,zone_hour_profile,500,203,260,0.7807692307692308,Midday,Weekday,0.6689079532371337,0.6,0.7138523432668105,0.8,0.8157693504471077,0.95
4,2025-03-17,10,Monday,same_hour_last_week,500,203,260,0.7807692307692308,Midday,Weekday,0.6648894389026041,0.6,0.7085250805100959,0.7,0.806856171822813,0.95
4,2025-03-17,10,Monday,trailing_4_week_profile,500,203,260,0.7807692307692308,Midday,Weekday,0.6648894389026041,0.6,0.7734929961161205,0.8,0.818450032642134,0.95
4,2025-03-17,10,Monday,global_popularity,1000,171,260,0.6576923076923077,Midday,Weekday,0.49553571161522525,0.6,0.5695871814664683,0.7,0.7002539181390044,0.8
4,2025-03-17,10,Monday,zone_hour_profile,1000,171,260,0.6576923076923077,Midday,Weekday,0.6689079532371337,0.6,0.7138523432668105,0.8,0.8157693504471077,0.95
4,2025-03-17,10,Monday,same_hour_last_week,1000,171,260,0.6576923076923077,Midday,Weekday,0.6648894389026041,0.6,0.7085250805100959,0.7,0.806856171822813,0.95
4,2025-03-17,10,Monday,trailing_4_week_profile,1000,171,260,0.6576923076923077,Midday,Weekday,0.6648894389026041,0.6,0.7734929961161205,0.8,0.818450032642134,0.95
4,2025-03-17,11,Monday,global_popularity,500,203,260,0.7807692307692308,Midday,Weekday,0.54937261237486,0.8,0.6159211477533212,0.7,0.7334074621068618,0.8
4,2025-03-17,11,Monday,zone_hour_profile,500,203,260,0.7807692307692308,Midday,Weekday,0.6466893061395421,0.6,0.7086758965852005,0.7,0.8118114472374681,0.9
4,2025-03-17,11,Monday,same_hour_last_week,500,203,260,0.7807692307692308,Midday,Weekday,0.6715102973680528,0.6,0.7085548957540885,0.6,0.8173636829769776,0.9
4,2025-03-17,11,Monday,trailing_4_week_profile,500,203,260,0.7807692307692308,Midday,Weekday,0.6466893061395421,0.6,0.700292049669695,0.7,0.809719279179471,0.9
4,2025-03-17,11,Monday,global_popularity,1000,171,260,0.6576923076923077,Midday,Weekday,0.54937261237486,0.8,0.6159211477533212,0.7,0.7334074621068618,0.8
4,2025-03-17,11,Monday,zone_hour_profile,1000,171,260,0.6576923076923077,Midday,Weekday,0.6466893061395421,0.6,0.7086758965852005,0.7,0.8118114472374681,0.9
4,2025-03-17,11,Monday,same_hour_last_week,1000,171,260,0.6576923076923077,Midday,Weekday,0.6715102973680528,0.6,0.7085548957540885,0.6,0.8173636829769776,0.9
4,2025-03-17,11,Monday,trailing_4_week_profile,1000,171,260,0.6576923076923077,Midday,Weekday,0.6466893061395421,0.6,0.700292049669695,0.7,0.809719279179471,0.9
4,2025-03-17,12,Monday,global_popularity,500,203,260,0.7807692307692308,Midday,Weekday,0.5672035283207371,0.8,0.6218118670454518,0.7,0.7254927413975033,0.85
4,2025-03-17,12,Monday,zone_hour_profile,500,203,260,0.7807692307692308,Midday,Weekday,0.5543468435665525,0.6,0.733479131730406,0.8,0.7858083018442815,0.9
4,2025-03-17,12,Monday,same_hour_last_week,500,203,260,0.7807692307692308,Midday,Weekday,0.5913806835381888,0.6,0.7284583282187412,0.9,0.7790117950062263,0.9
4,2025-03-17,12,Monday,trailing_4_week_profile,500,203,260,0.7807692307692308,Midday,Weekday,0.45154918764060803,0.4,0.7171237948673366,0.8,0.7764826658498984,0.9
4,2025-03-17,12,Monday,global_popularity,1000,171,260,0.6576923076923077,Midday,Weekday,0.5672035283207371,0.8,0.6218118670454518,0.7,0.7254927413975033,0.85
4,2025-03-17,12,Monday,zone_hour_profile,1000,171,260,0.6576923076923077,Midday,Weekday,0.5543468435665525,0.6,0.733479131730406,0.8,0.7858083018442815,0.9
4,2025-03-17,12,Monday,same_hour_last_week,1000,171,260,0.6576923076923077,Midday,Weekday,0.5913806835381888,0.6,0.7284583282187412,0.9,0.7790117950062263,0.9
4,2025-03-17,12,Monday,trailing_4_week_profile,1000,171,260,0.6576923076923077,Midday,Weekday,0.45154918764060803,0.4,0.7171237948673366,0.8,0.7764826658498984,0.9
4,2025-03-17,13,Monday,global_popularity,500,203,260,0.7807692307692308,Midday,Weekday,0.5532741482234868,0.6,0.6105916267396613,0.8,0.7318603373153929,0.85
4,2025-03-17,13,Monday,zone_hour_profile,500,203,260,0.7807692307692308,Midday,Weekday,0.5858980632815949,0.6,0.7506696229695761,0.7,0.7849465424580936,0.85
4,2025-03-17,13,Monday,same_hour_last_week,500,203,260,0.7807692307692308,Midday,Weekday,0.6218198932585288,0.6,0.7487065000101447,0.8,0.7839327359122181,0.85
4,2025-03-17,13,Monday,trailing_4_week_profile,500,203,260,0.7807692307692308,Midday,Weekday,0.6057396368646695,0.6,0.7572915042232325,0.7,0.7937595195866541,0.85
4,2025-03-17,13,Monday,global_popularity,1000,171,260,0.6576923076923077,Midday,Weekday,0.5532741482234868,0.6,0.6105916267396613,0.8,0.7318603373153929,0.85
4,2025-03-17,13,Monday,zone_hour_profile,1000,171,260,0.6576923076923077,Midday,Weekday,0.5858980632815949,0.6,0.7506696229695761,0.7,0.7849465424580936,0.85
4,2025-03-17,13,Monday,same_hour_last_week,1000,171,260,0.6576923076923077,Midday,Weekday,0.6218198932585288,0.6,0.7487065000101447,0.8,0.7839327359122181,0.85
4,2025-03-17,13,Monday,trailing_4_week_profile,1000,171,260,0.6576923076923077,Midday,Weekday,0.6057396368646695,0.6,0.7572915042232325,0.7,0.7937595195866541,0.85
4,2025-03-17,14,Monday,global_popularity,500,203,260,0.7807692307692308,Midday,Weekday,0.5316749415329585,0.6,0.579513868430949,0.7,0.70007122610584,0.9
4,2025-03-17,14,Monday,zone_hour_profile,500,203,260,0.7807692307692308,Midday,Weekday,0.7132732964196874,0.8,0.7517365998858615,0.9,0.7800624283150669,0.85
4,2025-03-17,14,Monday,same_hour_last_week,500,203,260,0.7807692307692308,Midday,Weekday,0.7728306926473976,0.8,0.7989975059422733,0.8,0.825408026202527,0.9
4,2025-03-17,14,Monday,trailing_4_week_profile,500,203,260,0.7807692307692308,Midday,Weekday,0.7132732964196874,0.8,0.751659757746665,0.9,0.7805218513290021,0.9
4,2025-03-17,14,Monday,global_popularity,1000,171,260,0.6576923076923077,Midday,Weekday,0.5316749415329585,0.6,0.579513868430949,0.7,0.70007122610584,0.9
4,2025-03-17,14,Monday,zone_hour_profile,1000,171,260,0.6576923076923077,Midday,Weekday,0.7132732964196874,0.8,0.7517365998858615,0.9,0.7800624283150669,0.85
4,2025-03-17,14,Monday,same_hour_last_week,1000,171,260,0.6576923076923077,Midday,Weekday,0.7728306926473976,0.8,0.7989975059422733,0.8,0.825408026202527,0.9
4,2025-03-17,14,Monday,trailing_4_week_profile,1000,171,260,0.6576923076923077,Midday,Weekday,0.7132732964196874,0.8,0.751659757746665,0.9,0.7805218513290021,0.9
4,2025-03-17,15,Monday,global_popularity,500,203,260,0.7807692307692308,Midday,Weekday,0.5685213233554255,0.8,0.6043995726475082,0.7,0.7035095084428056,0.85
4,2025-03-17,15,Monday,zone_hour_profile,500,203,260,0.7807692307692308,Midday,Weekday,0.7372695309075363,1.0,0.7633251568538917,0.8,0.7895432846110566,0.9
4,2025-03-17,15,Monday,same_hour_last_week,500,203,260,0.7807692307692308,Midday,Weekday,0.7372695309075363,1.0,0.7640511074503336,0.8,0.7909096572197728,0.95
4,2025-03-17,15,Monday,trailing_4_week_profile,500,203,260,0.7807692307692308,Midday,Weekday,0.7043843908178788,1.0,0.7375718581895677,0.9,0.7648437993843421,0.9
4,2025-03-17,15,Monday,global_popularity,1000,171,260,0.6576923076923077,Midday,Weekday,0.5685213233554255,0.8,0.6043995726475082,0.7,0.7035095084428056,0.85
4,2025-03-17,15,Monday,zone_hour_profile,1000,171,260,0.6576923076923077,Midday,Weekday,0.7372695309075363,1.0,0.7633251568538917,0.8,0.7895432846110566,0.9
4,2025-03-17,15,Monday,same_hour_last_week,1000,171,260,0.6576923076923077,Midday,Weekday,0.7372695309075363,1.0,0.7640511074503336,0.8,0.7909096572197728,0.95
4,2025-03-17,15,Monday,trailing_4_week_profile,1000,171,260,0.6576923076923077,Midday,Weekday,0.7043843908178788,1.0,0.7375718581895677,0.9,0.7648437993843421,0.9
4,2025-03-17,16,Monday,global_popularity,500,203,260,0.7807692307692308,Evening,Weekday,0.5804017678312786,0.8,0.605302223259486,0.7,0.6997872304101255,0.9
4,2025-03-17,16,Monday,zone_hour_profile,500,203,260,0.7807692307692308,Evening,Weekday,0.9545394477537974,1.0,0.9467486655545561,0.8,0.9555223767977309,0.85
4,2025-03-17,16,Monday,same_hour_last_week,500,203,260,0.7807692307692308,Evening,Weekday,0.9494770705534421,1.0,0.951135941012227,0.9,0.9548631436765836,0.9
4,2025-03-17,16,Monday,trailing_4_week_profile,500,203,260,0.7807692307692308,Evening,Weekday,0.9508960556377294,1.0,0.9507695914657392,0.9,0.9533038155218577,0.85
4,2025-03-17,16,Monday,global_popularity,1000,171,260,0.6576923076923077,Evening,Weekday,0.5804017678312786,0.8,0.605302223259486,0.7,0.6997872304101255,0.9
4,2025-03-17,16,Monday,zone_hour_profile,1000,171,260,0.6576923076923077,Evening,Weekday,0.9545394477537974,1.0,0.9467486655545561,0.8,0.9555223767977309,0.85
4,2025-03-17,16,Monday,same_hour_last_week,1000,171,260,0.6576923076923077,Evening,Weekday,0.9494770705534421,1.0,0.951135941012227,0.9,0.9548631436765836,0.9
4,2025-03-17,16,Monday,trailing_4_week_profile,1000,171,260,0.6576923076923077,Evening,Weekday,0.9508960556377294,1.0,0.9507695914657392,0.9,0.9533038155218577,0.85
4,2025-03-17,17,Monday,global_popularity,500,203,260,0.7807692307692308,Evening,Weekday,0.6551300372055683,0.6,0.6819705642687649,0.7,0.7517347918280116,0.8
4,2025-03-17,17,Monday,zone_hour_profile,500,203,260,0.7807692307692308,Evening,Weekday,0.6647038687074981,0.8,0.7369368935430763,0.9,0.7754398167364606,0.9
4,2025-03-17,17,Monday,same_hour_last_week,500,203,260,0.7807692307692308,Evening,Weekday,0.7676632028508872,0.8,0.7760218976233786,0.7,0.838693976177358,0.8
4,2025-03-17,17,Monday,trailing_4_week_profile,500,203,260,0.7807692307692308,Evening,Weekday,0.6991894190135528,0.8,0.7669709474494361,0.9,0.7988369550789024,0.85
4,2025-03-17,17,Monday,global_popularity,1000,171,260,0.6576923076923077,Evening,Weekday,0.6551300372055683,0.6,0.6819705642687649,0.7,0.7517347918280116,0.8
4,2025-03-17,17,Monday,zone_hour_profile,1000,171,260,0.6576923076923077,Evening,Weekday,0.6647038687074981,0.8,0.7369368935430763,0.9,0.7754398167364606,0.9
4,2025-03-17,17,Monday,same_hour_last_week,1000,171,260,0.6576923076923077,Evening,Weekday,0.7676632028508872,0.8,0.7760218976233786,0.7,0.838693976177358,0.8
4,2025-03-17,17,Monday,trailing_4_week_profile,1000,171,260,0.6576923076923077,Evening,Weekday,0.6991894190135528,0.8,0.7669709474494361,0.9,0.7988369550789024,0.85
4,2025-03-17,18,Monday,global_popularity,500,203,260,0.7807692307692308,Evening,Weekday,0.6434498980515676,0.6,0.6856786595333573,0.8,0.7917579406169363,0.9
4,2025-03-17,18,Monday,zone_hour_profile,500,203,260,0.7807692307692308,Evening,Weekday,0.6498055485660695,0.6,0.6926614142615801,0.9,0.8005287375292329,0.95
4,2025-03-17,18,Monday,same_hour_last_week,500,203,260,0.7807692307692308,Evening,Weekday,0.5075185579317961,0.4,0.7811890621553998,1.0,0.8051042929790919,0.95
4,2025-03-17,18,Monday,trailing_4_week_profile,500,203,260,0.7807692307692308,Evening,Weekday,0.6498055485660695,0.6,0.693122342722597,0.8,0.8029120617922129,0.95
4,2025-03-17,18,Monday,global_popularity,1000,171,260,0.6576923076923077,Evening,Weekday,0.6434498980515676,0.6,0.6856786595333573,0.8,0.7917579406169363,0.9
4,2025-03-17,18,Monday,zone_hour_profile,1000,171,260,0.6576923076923077,Evening,Weekday,0.6498055485660695,0.6,0.6926614142615801,0.9,0.8005287375292329,0.95
4,2025-03-17,18,Monday,same_hour_last_week,1000,171,260,0.6576923076923077,Evening,Weekday,0.5075185579317961,0.4,0.7811890621553998,1.0,0.8051042929790919,0.95
4,2025-03-17,18,Monday,trailing_4_week_profile,1000,171,260,0.6576923076923077,Evening,Weekday,0.6498055485660695,0.6,0.693122342722597,0.8,0.8029120617922129,0.95
4,2025-03-17,19,Monday,global_popularity,500,203,260,0.7807692307692308,Evening,Weekday,0.6518677020512968,0.6,0.7005525157857653,0.7,0.7772858818306947,0.95
4,2025-03-17,19,Monday,zone_hour_profile,500,203,260,0.7807692307692308,Evening,Weekday,0.8215767740919216,0.8,0.85222631702787,0.8,0.8744939352297131,0.95
4,2025-03-17,19,Monday,same_hour_last_week,500,203,260,0.7807692307692308,Evening,Weekday,0.8215767740919216,0.8,0.8389132637522366,0.7,0.8683966370233748,0.9
4,2025-03-17,19,Monday,trailing_4_week_profile,500,203,260,0.7807692307692308,Evening,Weekday,0.8259251609178726,0.8,0.850648096896767,0.8,0.8742255065555216,0.95
4,2025-03-17,19,Monday,global_popularity,1000,171,260,0.6576923076923077,Evening,Weekday,0.6518677020512968,0.6,0.7005525157857653,0.7,0.7772858818306947,0.95
4,2025-03-17,19,Monday,zone_hour_profile,1000,171,260,0.6576923076923077,Evening,Weekday,0.8215767740919216,0.8,0.85222631702787,0.8,0.8744939352297131,0.95
4,2025-03-17,19,Monday,same_hour_last_week,1000,171,260,0.6576923076923077,Evening,Weekday,0.8215767740919216,0.8,0.8389132637522366,0.7,0.8683966370233748,0.9
4,2025-03-17,19,Monday,trailing_4_week_profile,1000,171,260,0.6576923076923077,Evening,Weekday,0.8259251609178726,0.8,0.850648096896767,0.8,0.8742255065555216,0.95
4,2025-03-17,20,Monday,global_popularity,500,203,260,0.7807692307692308,Evening,Weekday,0.6156880508218288,0.6,0.6716878678747155,0.8,0.759565085618041,0.9
4,2025-03-17,20,Monday,zone_hour_profile,500,203,260,0.7807692307692308,Evening,Weekday,0.8230895786658348,0.8,0.8424226223434108,0.9,0.863352264894936,0.9
4,2025-03-17,20,Monday,same_hour_last_week,500,203,260,0.7807692307692308,Evening,Weekday,0.8230895786658348,0.8,0.8425162985778689,0.9,0.863181430813355,0.9
4,2025-03-17,20,Monday,trailing_4_week_profile,500,203,260,0.7807692307692308,Evening,Weekday,0.8230895786658348,0.8,0.8331792625957842,0.7,0.862306147642998,0.9
4,2025-03-17,20,Monday,global_popularity,1000,171,260,0.6576923076923077,Evening,Weekday,0.6156880508218288,0.6,0.6716878678747155,0.8,0.759565085618041,0.9
4,2025-03-17,20,Monday,zone_hour_profile,1000,171,260,0.6576923076923077,Evening,Weekday,0.8230895786658348,0.8,0.8424226223434108,0.9,0.863352264894936,0.9
4,2025-03-17,20,Monday,same_hour_last_week,1000,171,260,0.6576923076923077,Evening,Weekday,0.8230895786658348,0.8,0.8425162985778689,0.9,0.863181430813355,0.9
4,2025-03-17,20,Monday,trailing_4_week_profile,1000,171,260,0.6576923076923077,Evening,Weekday,0.8230895786658348,0.8,0.8331792625957842,0.7,0.862306147642998,0.9
4,2025-03-17,21,Monday,global_popularity,500,203,260,0.7807692307692308,Late evening,Weekday,0.6269717720298039,0.6,0.6761715004256772,0.7,0.7668687022198859,0.9
4,2025-03-17,21,Monday,zone_hour_profile,500,203,260,0.7807692307692308,Late evening,Weekday,0.8338832796470672,0.8,0.8639718124263334,0.9,0.8848923028580997,0.95
4,2025-03-17,21,Monday,same_hour_last_week,500,203,260,0.7807692307692308,Late evening,Weekday,0.7761404882416095,0.8,0.7945162918153204,0.8,0.8397106075277101,0.95
4,2025-03-17,21,Monday,trailing_4_week_profile,500,203,260,0.7807692307692308,Late evening,Weekday,0.76471897212151,0.8,0.8596262707682328,1.0,0.87517859259668,0.95
4,2025-03-17,21,Monday,global_popularity,1000,171,260,0.6576923076923077,Late evening,Weekday,0.6269717720298039,0.6,0.6761715004256772,0.7,0.7668687022198859,0.9
4,2025-03-17,21,Monday,zone_hour_profile,1000,171,260,0.6576923076923077,Late evening,Weekday,0.8338832796470672,0.8,0.8639718124263334,0.9,0.8848923028580997,0.95
4,2025-03-17,21,Monday,same_hour_last_week,1000,171,260,0.6576923076923077,Late evening,Weekday,0.7761404882416095,0.8,0.7945162918153204,0.8,0.8397106075277101,0.95
4,2025-03-17,21,Monday,trailing_4_week_profile,1000,171,260,0.6576923076923077,Late evening,Weekday,0.76471897212151,0.8,0.8596262707682328,1.0,0.87517859259668,0.95
4,2025-03-17,22,Monday,global_popularity,500,203,260,0.7807692307692308,Late evening,Weekday,0.5584095313282083,0.6,0.6240973784739251,0.6,0.726789538293904,0.8
4,2025-03-17,22,Monday,zone_hour_profile,500,203,260,0.7807692307692308,Late evening,Weekday,0.9782369774668207,1.0,0.9572739539614747,0.8,0.9781336412505479,0.95
4,2025-03-17,22,Monday,same_hour_last_week,500,203,260,0.7807692307692308,Late evening,Weekday,0.7208423034016087,0.8,0.7994237563493638,0.8,0.8390435626442344,0.95
4,2025-03-17,22,Monday,trailing_4_week_profile,500,203,260,0.7807692307692308,Late evening,Weekday,0.9728306143704739,0.8,0.9659533666397573,0.8,0.9833151713963106,0.95
4,2025-03-17,22,Monday,global_popularity,1000,171,260,0.6576923076923077,Late evening,Weekday,0.5584095313282083,0.6,0.6240973784739251,0.6,0.726789538293904,0.8
4,2025-03-17,22,Monday,zone_hour_profile,1000,171,260,0.6576923076923077,Late evening,Weekday,0.9782369774668207,1.0,0.9572739539614747,0.8,0.9781336412505479,0.95
4,2025-03-17,22,Monday,same_hour_last_week,1000,171,260,0.6576923076923077,Late evening,Weekday,0.7208423034016087,0.8,0.7994237563493638,0.8,0.8390435626442344,0.95
4,2025-03-17,22,Monday,trailing_4_week_profile,1000,171,260,0.6576923076923077,Late evening,Weekday,0.9728306143704739,0.8,0.9659533666397573,0.8,0.9833151713963106,0.95
4,2025-03-17,23,Monday,global_popularity,500,203,260,0.7807692307692308,Late evening,Weekday,0.4590871408562122,0.6,0.48418056684828936,0.4,0.5851909769933412,0.75
4,2025-03-17,23,Monday,zone_hour_profile,500,203,260,0.7807692307692308,Late evening,Weekday,0.972522452072941,0.6,0.9918431317486537,0.8,0.9932907730704698,0.9
4,2025-03-17,23,Monday,same_hour_last_week,500,203,260,0.7807692307692308,Late evening,Weekday,0.9890296418843483,0.8,0.9943752668659374,0.8,0.9950964494714476,0.9
4,2025-03-17,23,Monday,trailing_4_week_profile,500,203,260,0.7807692307692308,Late evening,Weekday,0.9801716474531355,0.8,0.986817694274027,0.8,0.987816194982183,0.9
4,2025-03-17,23,Monday,global_popularity,1000,171,260,0.6576923076923077,Late evening,Weekday,0.4590871408562122,0.6,0.48418056684828936,0.4,0.5851909769933412,0.75
4,2025-03-17,23,Monday,zone_hour_profile,1000,171,260,0.6576923076923077,Late evening,Weekday,0.972522452072941,0.6,0.9918431317486537,0.8,0.9932907730704698,0.9
4,2025-03-17,23,Monday,same_hour_last_week,1000,171,260,0.6576923076923077,Late evening,Weekday,0.9890296418843483,0.8,0.9943752668659374,0.8,0.9950964494714476,0.9
4,2025-03-17,23,Monday,trailing_4_week_profile,1000,171,260,0.6576923076923077,Late evening,Weekday,0.9801716474531355,0.8,0.986817694274027,0.8,0.987816194982183,0.9
4,2025-03-18,0,Tuesday,global_popularity,500,203,260,0.7807692307692308,Overnight,Weekday,0.31660582282503813,0.4,0.34325565230757066,0.4,0.510817412809361,0.8
4,2025-03-18,0,Tuesday,zone_hour_profile,500,203,260,0.7807692307692308,Overnight,Weekday,0.9878189887051748,0.8,0.9842693039969144,0.8,0.9835068745571462,0.85
4,2025-03-18,0,Tuesday,same_hour_last_week,500,203,260,0.7807692307692308,Overnight,Weekday,0.9892544872378674,0.8,0.9824548721223639,0.7,0.9811013330574915,0.8
4,2025-03-18,0,Tuesday,trailing_4_week_profile,500,203,260,0.7807692307692308,Overnight,Weekday,0.9892544872378674,0.8,0.987403096999399,0.8,0.9846430204085383,0.85
4,2025-03-18,0,Tuesday,global_popularity,1000,171,260,0.6576923076923077,Overnight,Weekday,0.31660582282503813,0.4,0.34325565230757066,0.4,0.510817412809361,0.8
4,2025-03-18,0,Tuesday,zone_hour_profile,1000,171,260,0.6576923076923077,Overnight,Weekday,0.9878189887051748,0.8,0.9842693039969144,0.8,0.9835068745571462,0.85
4,2025-03-18,0,Tuesday,same_hour_last_week,1000,171,260,0.6576923076923077,Overnight,Weekday,0.9892544872378674,0.8,0.9824548721223639,0.7,0.9811013330574915,0.8
4,2025-03-18,0,Tuesday,trailing_4_week_profile,1000,171,260,0.6576923076923077,Overnight,Weekday,0.9892544872378674,0.8,0.987403096999399,0.8,0.9846430204085383,0.85
4,2025-03-18,1,Tuesday,global_popularity,500,203,260,0.7807692307692308,Overnight,Weekday,0.46455532582998116,0.4,0.4602717109067089,0.3,0.5382173570763211,0.65
4,2025-03-18,1,Tuesday,zone_hour_profile,500,203,260,0.7807692307692308,Overnight,Weekday,0.9286716963569244,0.6,0.9594714467999088,0.8,0.944872924885304,0.7
4,2025-03-18,1,Tuesday,same_hour_last_week,500,203,260,0.7807692307692308,Overnight,Weekday,0.9689960895205435,0.6,0.9706962201139522,0.8,0.9756144553583421,0.75
4,2025-03-18,1,Tuesday,trailing_4_week_profile,500,203,260,0.7807692307692308,Overnight,Weekday,0.9506587645231555,0.6,0.963254484194441,0.8,0.9555388617711903,0.8
4,2025-03-18,1,Tuesday,global_popularity,1000,171,260,0.6576923076923077,Overnight,Weekday,0.46455532582998116,0.4,0.4602717109067089,0.3,0.5382173570763211,0.65
4,2025-03-18,1,Tuesday,zone_hour_profile,1000,171,260,0.6576923076923077,Overnight,Weekday,0.9286716963569244,0.6,0.9594714467999088,0.8,0.944872924885304,0.7
4,2025-03-18,1,Tuesday,same_hour_last_week,1000,171,260,0.6576923076923077,Overnight,Weekday,0.9689960895205435,0.6,0.9706962201139522,0.8,0.9756144553583421,0.75
4,2025-03-18,1,Tuesday,trailing_4_week_profile,1000,171,260,0.6576923076923077,Overnight,Weekday,0.9506587645231555,0.6,0.963254484194441,0.8,0.9555388617711903,0.8
4,2025-03-18,2,Tuesday,global_popularity,500,203,260,0.7807692307692308,Overnight,Weekday,0.48915610147393646,0.4,0.49780825573088405,0.3,0.595268361285376,0.6
4,2025-03-18,2,Tuesday,zone_hour_profile,500,203,260,0.7807692307692308,Overnight,Weekday,0.8526294836907833,0.4,0.9287135259743562,0.8,0.9228681221084416,0.8
4,2025-03-18,2,Tuesday,same_hour_last_week,500,203,260,0.7807692307692308,Overnight,Weekday,0.9441313968638543,0.6,0.920929877015161,0.7,0.9253024335183977,0.75
4,2025-03-18,2,Tuesday,trailing_4_week_profile,500,203,260,0.7807692307692308,Overnight,Weekday,0.6246259618977851,0.4,0.7155060774019824,0.7,0.7450537480766386,0.75
4,2025-03-18,2,Tuesday,global_popularity,1000,171,260,0.6576923076923077,Overnight,Weekday,0.48915610147393646,0.4,0.49780825573088405,0.3,0.595268361285376,0.6
4,2025-03-18,2,Tuesday,zone_hour_profile,1000,171,260,0.6576923076923077,Overnight,Weekday,0.8526294836907833,0.4,0.9287135259743562,0.8,0.9228681221084416,0.8
4,2025-03-18,2,Tuesday,same_hour_last_week,1000,171,260,0.6576923076923077,Overnight,Weekday,0.9441313968638543,0.6,0.920929877015161,0.7,0.9253024335183977,0.75
4,2025-03-18,2,Tuesday,trailing_4_week_profile,1000,171,260,0.6576923076923077,Overnight,Weekday,0.6246259618977851,0.4,0.7155060774019824,0.7,0.7450537480766386,0.75
4,2025-03-18,3,Tuesday,global_popularity,500,203,260,0.7807692307692308,Overnight,Weekday,0.2623455730808118,0.4,0.29321415028628145,0.3,0.5339186809093923,0.65
4,2025-03-18,3,Tuesday,zone_hour_profile,500,203,260,0.7807692307692308,Overnight,Weekday,0.3966264125993539,0.4,0.46870225701652163,0.6,0.488621968345227,0.5
4,2025-03-18,3,Tuesday,same_hour_last_week,500,203,260,0.7807692307692308,Overnight,Weekday,0.6383071507164774,0.6,0.6332508659677818,0.5,0.6624723721919403,0.6
4,2025-03-18,3,Tuesday,trailing_4_week_profile,500,203,260,0.7807692307692308,Overnight,Weekday,0.8803637188923485,0.8,0.8491768387749902,0.6,0.8654800120060534,0.65
4,2025-03-18,3,Tuesday,global_popularity,1000,171,260,0.6576923076923077,Overnight,Weekday,0.2623455730808118,0.4,0.29321415028628145,0.3,0.5339186809093923,0.65
4,2025-03-18,3,Tuesday,zone_hour_profile,1000,171,260,0.6576923076923077,Overnight,Weekday,0.3966264125993539,0.4,0.46870225701652163,0.6,0.488621968345227,0.5
4,2025-03-18,3,Tuesday,same_hour_last_week,1000,171,260,0.6576923076923077,Overnight,Weekday,0.6383071507164774,0.6,0.6332508659677818,0.5,0.6624723721919403,0.6
4,2025-03-18,3,Tuesday,trailing_4_week_profile,1000,171,260,0.6576923076923077,Overnight,Weekday,0.8803637188923485,0.8,0.8491768387749902,0.6,0.8654800120060534,0.65
4,2025-03-18,4,Tuesday,global_popularity,500,203,260,0.7807692307692308,Overnight,Weekday,0.48825836480952994,0.4,0.4913771800027759,0.4,0.588626048384141,0.5
4,2025-03-18,4,Tuesday,zone_hour_profile,500,203,260,0.7807692307692308,Overnight,Weekday,0.9783135646959943,0.6,0.9703536808180034,0.7,0.9472704344444606,0.65
4,2025-03-18,4,Tuesday,same_hour_last_week,500,203,260,0.7807692307692308,Overnight,Weekday,0.9022933294441515,0.6,0.9309944424295784,0.7,0.9064547044891161,0.6
4,2025-03-18,4,Tuesday,trailing_4_week_profile,500,203,260,0.7807692307692308,Overnight,Weekday,0.9783135646959943,0.6,0.9735907249863719,0.7,0.9321605720176748,0.6
4,2025-03-18,4,Tuesday,global_popularity,1000,171,260,0.6576923076923077,Overnight,Weekday,0.48825836480952994,0.4,0.4913771800027759,0.4,0.588626048384141,0.5
4,2025-03-18,4,Tuesday,zone_hour_profile,1000,171,260,0.6576923076923077,Overnight,Weekday,0.9783135646959943,0.6,0.9703536808180034,0.7,0.9472704344444606,0.65
4,2025-03-18,4,Tuesday,same_hour_last_week,1000,171,260,0.6576923076923077,Overnight,Weekday,0.9022933294441515,0.6,0.9309944424295784,0.7,0.9064547044891161,0.6
4,2025-03-18,4,Tuesday,trailing_4_week_profile,1000,171,260,0.6576923076923077,Overnight,Weekday,0.9783135646959943,0.6,0.9735907249863719,0.7,0.9321605720176748,0.6
4,2025-03-18,5,Tuesday,global_popularity,500,203,260,0.7807692307692308,Overnight,Weekday,0.5121456665980078,0.4,0.5556863257177457,0.4,0.6060366531613738,0.65
4,2025-03-18,5,Tuesday,zone_hour_profile,500,203,260,0.7807692307692308,Overnight,Weekday,0.9509969810117755,0.6,0.9492196165045621,0.7,0.9726466716654196,0.85
4,2025-03-18,5,Tuesday,same_hour_last_week,500,203,260,0.7807692307692308,Overnight,Weekday,0.9569990191022257,0.6,0.9677199696580516,0.8,0.9654590615152819,0.85
4,2025-03-18,5,Tuesday,trailing_4_week_profile,500,203,260,0.7807692307692308,Overnight,Weekday,0.9480610060256687,0.6,0.9458480524340382,0.7,0.957124356240538,0.8
4,2025-03-18,5,Tuesday,global_popularity,1000,171,260,0.6576923076923077,Overnight,Weekday,0.5121456665980078,0.4,0.5556863257177457,0.4,0.6060366531613738,0.65
4,2025-03-18,5,Tuesday,zone_hour_profile,1000,171,260,0.6576923076923077,Overnight,Weekday,0.9509969810117755,0.6,0.9492196165045621,0.7,0.9726466716654196,0.85
4,2025-03-18,5,Tuesday,same_hour_last_week,1000,171,260,0.6576923076923077,Overnight,Weekday,0.9569990191022257,0.6,0.9677199696580516,0.8,0.9654590615152819,0.85
4,2025-03-18,5,Tuesday,trailing_4_week_profile,1000,171,260,0.6576923076923077,Overnight,Weekday,0.9480610060256687,0.6,0.9458480524340382,0.7,0.957124356240538,0.8
4,2025-03-18,6,Tuesday,global_popularity,500,203,260,0.7807692307692308,Morning,Weekday,0.5065729992920478,0.4,0.5538049105163558,0.3,0.5973656947359127,0.75
4,2025-03-18,6,Tuesday,zone_hour_profile,500,203,260,0.7807692307692308,Morning,Weekday,0.7785058895172049,0.6,0.8120826663836818,0.9,0.8332508816030844,0.9
4,2025-03-18,6,Tuesday,same_hour_last_week,500,203,260,0.7807692307692308,Morning,Weekday,0.9877569988986754,0.6,0.9947847942632118,0.9,0.9891742831712382,0.85
4,2025-03-18,6,Tuesday,trailing_4_week_profile,500,203,260,0.7807692307692308,Morning,Weekday,0.9873956899892729,0.6,0.9957558412078243,0.9,0.990071616362414,0.85
4,2025-03-18,6,Tuesday,global_popularity,1000,171,260,0.6576923076923077,Morning,Weekday,0.5065729992920478,0.4,0.5538049105163558,0.3,0.5973656947359127,0.75
4,2025-03-18,6,Tuesday,zone_hour_profile,1000,171,260,0.6576923076923077,Morning,Weekday,0.7785058895172049,0.6,0.8120826663836818,0.9,0.8332508816030844,0.9
4,2025-03-18,6,Tuesday,same_hour_last_week,1000,171,260,0.6576923076923077,Morning,Weekday,0.9877569988986754,0.6,0.9947847942632118,0.9,0.9891742831712382,0.85
4,2025-03-18,6,Tuesday,trailing_4_week_profile,1000,171,260,0.6576923076923077,Morning,Weekday,0.9873956899892729,0.6,0.9957558412078243,0.9,0.990071616362414,0.85
4,2025-03-18,7,Tuesday,global_popularity,500,203,260,0.7807692307692308,Morning,Weekday,0.5926885420362188,0.4,0.6548310519743407,0.4,0.7247051123639328,0.75
4,2025-03-18,7,Tuesday,zone_hour_profile,500,203,260,0.7807692307692308,Morning,Weekday,0.5755758433161926,0.6,0.757337019073458,0.9,0.8107188210739626,0.9
4,2025-03-18,7,Tuesday,same_hour_last_week,500,203,260,0.7807692307692308,Morning,Weekday,0.5479155892976343,0.4,0.7411737953408443,0.9,0.7787908095764253,0.9
4,2025-03-18,7,Tuesday,trailing_4_week_profile,500,203,260,0.7807692307692308,Morning,Weekday,0.5695147608358878,0.6,0.7763840953087751,0.9,0.8261711542957015,0.9
4,2025-03-18,7,Tuesday,global_popularity,1000,171,260,0.6576923076923077,Morning,Weekday,0.5926885420362188,0.4,0.6548310519743407,0.4,0.7247051123639328,0.75
4,2025-03-18,7,Tuesday,zone_hour_profile,1000,171,260,0.6576923076923077,Morning,Weekday,0.5755758433161926,0.6,0.757337019073458,0.9,0.8107188210739626,0.9
4,2025-03-18,7,Tuesday,same_hour_last_week,1000,171,260,0.6576923076923077,Morning,Weekday,0.5479155892976343,0.4,0.7411737953408443,0.9,0.7787908095764253,0.9
4,2025-03-18,7,Tuesday,trailing_4_week_profile,1000,171,260,0.6576923076923077,Morning,Weekday,0.5695147608358878,0.6,0.7763840953087751,0.9,0.8261711542957015,0.9
4,2025-03-18,8,Tuesday,global_popularity,500,203,260,0.7807692307692308,Morning,Weekday,0.6522561224670145,0.4,0.7406227932078395,0.5,0.8107797289772362,0.75
4,2025-03-18,8,Tuesday,zone_hour_profile,500,203,260,0.7807692307692308,Morning,Weekday,0.7715872866795971,0.6,0.7922669162004331,0.7,0.8673092193306736,0.9
4,2025-03-18,8,Tuesday,same_hour_last_week,500,203,260,0.7807692307692308,Morning,Weekday,0.7558863739215321,0.6,0.7811360536954561,0.7,0.8471645581070281,0.95
4,2025-03-18,8,Tuesday,trailing_4_week_profile,500,203,260,0.7807692307692308,Morning,Weekday,0.7715872866795971,0.6,0.800186196398254,0.8,0.8975821629805286,0.95
4,2025-03-18,8,Tuesday,global_popularity,1000,171,260,0.6576923076923077,Morning,Weekday,0.6522561224670145,0.4,0.7406227932078395,0.5,0.8107797289772362,0.75
4,2025-03-18,8,Tuesday,zone_hour_profile,1000,171,260,0.6576923076923077,Morning,Weekday,0.7715872866795971,0.6,0.7922669162004331,0.7,0.8673092193306736,0.9
4,2025-03-18,8,Tuesday,same_hour_last_week,1000,171,260,0.6576923076923077,Morning,Weekday,0.7558863739215321,0.6,0.7811360536954561,0.7,0.8471645581070281,0.95
4,2025-03-18,8,Tuesday,trailing_4_week_profile,1000,171,260,0.6576923076923077,Morning,Weekday,0.7715872866795971,0.6,0.800186196398254,0.8,0.8975821629805286,0.95
4,2025-03-18,9,Tuesday,global_popularity,500,203,260,0.7807692307692308,Morning,Weekday,0.5400732514871297,0.4,0.6467098827381724,0.7,0.767059385562078,0.8
4,2025-03-18,9,Tuesday,zone_hour_profile,500,203,260,0.7807692307692308,Morning,Weekday,0.6064604682938975,0.6,0.6651408567527369,0.8,0.7937682856210487,0.9
4,2025-03-18,9,Tuesday,same_hour_last_week,500,203,260,0.7807692307692308,Morning,Weekday,0.6199659802962161,0.6,0.6735886609055791,0.7,0.8016614446000899,0.85
4,2025-03-18,9,Tuesday,trailing_4_week_profile,500,203,260,0.7807692307692308,Morning,Weekday,0.6199659802962161,0.6,0.6732097968660278,0.7,0.8027097521225522,0.9
4,2025-03-18,9,Tuesday,global_popularity,1000,171,260,0.6576923076923077,Morning,Weekday,0.5400732514871297,0.4,0.6467098827381724,0.7,0.767059385562078,0.8
4,2025-03-18,9,Tuesday,zone_hour_profile,1000,171,260,0.6576923076923077,Morning,Weekday,0.6064604682938975,0.6,0.6651408567527369,0.8,0.7937682856210487,0.9
4,2025-03-18,9,Tuesday,same_hour_last_week,1000,171,260,0.6576923076923077,Morning,Weekday,0.6199659802962161,0.6,0.6735886609055791,0.7,0.8016614446000899,0.85
4,2025-03-18,9,Tuesday,trailing_4_week_profile,1000,171,260,0.6576923076923077,Morning,Weekday,0.6199659802962161,0.6,0.6732097968660278,0.7,0.8027097521225522,0.9
4,2025-03-18,10,Tuesday,global_popularity,500,203,260,0.7807692307692308,Midday,Weekday,0.5425810195572192,0.6,0.6317870909451117,0.8,0.7588790605076163,0.8
4,2025-03-18,10,Tuesday,zone_hour_profile,500,203,260,0.7807692307692308,Midday,Weekday,0.7172535413854352,0.8,0.7462633445489018,0.7,0.8169559188179709,0.9
4,2025-03-18,10,Tuesday,same_hour_last_week,500,203,260,0.7807692307692308,Midday,Weekday,0.7172535413854352,0.8,0.7409936124432492,0.7,0.7801599302411268,0.8
4,2025-03-18,10,Tuesday,trailing_4_week_profile,500,203,260,0.7807692307692308,Midday,Weekday,0.7172535413854352,0.8,0.7465067853036905,0.7,0.8170174139499882,0.85
4,2025-03-18,10,Tuesday,global_popularity,1000,171,260,0.6576923076923077,Midday,Weekday,0.5425810195572192,0.6,0.6317870909451117,0.8,0.7588790605076163,0.8
4,2025-03-18,10,Tuesday,zone_hour_profile,1000,171,260,0.6576923076923077,Midday,Weekday,0.7172535413854352,0.8,0.7462633445489018,0.7,0.8169559188179709,0.9
4,2025-03-18,10,Tuesday,same_hour_last_week,1000,171,260,0.6576923076923077,Midday,Weekday,0.7172535413854352,0.8,0.7409936124432492,0.7,0.7801599302411268,0.8
4,2025-03-18,10,Tuesday,trailing_4_week_profile,1000,171,260,0.6576923076923077,Midday,Weekday,0.7172535413854352,0.8,0.7465067853036905,0.7,0.8170174139499882,0.85
4,2025-03-18,11,Tuesday,global_popularity,500,203,260,0.7807692307692308,Midday,Weekday,0.6206713679915618,0.8,0.6615573676697903,0.7,0.7846379905003379,0.85
4,2025-03-18,11,Tuesday,zone_hour_profile,500,203,260,0.7807692307692308,Midday,Weekday,0.5482870953425691,0.4,0.6002341093169984,0.7,0.7845941360543669,0.95
4,2025-03-18,11,Tuesday,same_hour_last_week,500,203,260,0.7807692307692308,Midday,Weekday,0.5482870953425691,0.4,0.7275737701672111,0.8,0.7685468946419883,0.85
4,2025-03-18,11,Tuesday,trailing_4_week_profile,500,203,260,0.7807692307692308,Midday,Weekday,0.5457503653474687,0.4,0.7015023925734261,0.7,0.7906422527021472,0.95
4,2025-03-18,11,Tuesday,global_popularity,1000,171,260,0.6576923076923077,Midday,Weekday,0.6206713679915618,0.8,0.6615573676697903,0.7,0.7846379905003379,0.85
4,2025-03-18,11,Tuesday,zone_hour_profile,1000,171,260,0.6576923076923077,Midday,Weekday,0.5482870953425691,0.4,0.6002341093169984,0.7,0.7845941360543669,0.95
4,2025-03-18,11,Tuesday,same_hour_last_week,1000,171,260,0.6576923076923077,Midday,Weekday,0.5482870953425691,0.4,0.7275737701672111,0.8,0.7685468946419883,0.85
4,2025-03-18,11,Tuesday,trailing_4_week_profile,1000,171,260,0.6576923076923077,Midday,Weekday,0.5457503653474687,0.4,0.7015023925734261,0.7,0.7906422527021472,0.95
4,2025-03-18,12,Tuesday,global_popularity,500,203,260,0.7807692307692308,Midday,Weekday,0.7799795797754404,0.8,0.8105732575548105,0.7,0.8701779463559132,0.85
4,2025-03-18,12,Tuesday,zone_hour_profile,500,203,260,0.7807692307692308,Midday,Weekday,0.646095431624336,0.6,0.7425280710245502,0.7,0.843840478721446,0.9
4,2025-03-18,12,Tuesday,same_hour_last_week,500,203,260,0.7807692307692308,Midday,Weekday,0.6565349167990141,0.6,0.754223117283349,0.7,0.85550769218636,0.9
4,2025-03-18,12,Tuesday,trailing_4_week_profile,500,203,260,0.7807692307692308,Midday,Weekday,0.646095431624336,0.6,0.6901155956826094,0.7,0.8405944798659509,0.9
4,2025-03-18,12,Tuesday,global_popularity,1000,171,260,0.6576923076923077,Midday,Weekday,0.7799795797754404,0.8,0.8105732575548105,0.7,0.8701779463559132,0.85
4,2025-03-18,12,Tuesday,zone_hour_profile,1000,171,260,0.6576923076923077,Midday,Weekday,0.646095431624336,0.6,0.7425280710245502,0.7,0.843840478721446,0.9
4,2025-03-18,12,Tuesday,same_hour_last_week,1000,171,260,0.6576923076923077,Midday,Weekday,0.6565349167990141,0.6,0.754223117283349,0.7,0.85550769218636,0.9
4,2025-03-18,12,Tuesday,trailing_4_week_profile,1000,171,260,0.6576923076923077,Midday,Weekday,0.646095431624336,0.6,0.6901155956826094,0.7,0.8405944798659509,0.9
4,2025-03-18,13,Tuesday,global_popularity,500,203,260,0.7807692307692308,Midday,Weekday,0.7325384645700533,0.8,0.7749608107966813,0.8,0.8566305615154163,0.85
4,2025-03-18,13,Tuesday,zone_hour_profile,500,203,260,0.7807692307692308,Midday,Weekday,0.6484695214958403,0.6,0.753167477426484,0.8,0.8401138213428042,0.95
4,2025-03-18,13,Tuesday,same_hour_last_week,500,203,260,0.7807692307692308,Midday,Weekday,0.7893286098316749,0.8,0.8007738477278727,0.8,0.8802669009470824,0.95
4,2025-03-18,13,Tuesday,trailing_4_week_profile,500,203,260,0.7807692307692308,Midday,Weekday,0.6551945737412891,0.6,0.7751116687004175,0.8,0.8627040575623722,0.95
4,2025-03-18,13,Tuesday,global_popularity,1000,171,260,0.6576923076923077,Midday,Weekday,0.7325384645700533,0.8,0.7749608107966813,0.8,0.8566305615154163,0.85
4,2025-03-18,13,Tuesday,zone_hour_profile,1000,171,260,0.6576923076923077,Midday,Weekday,0.6484695214958403,0.6,0.753167477426484,0.8,0.8401138213428042,0.95
4,2025-03-18,13,Tuesday,same_hour_last_week,1000,171,260,0.6576923076923077,Midday,Weekday,0.7893286098316749,0.8,0.8007738477278727,0.8,0.8802669009470824,0.95
4,2025-03-18,13,Tuesday,trailing_4_week_profile,1000,171,260,0.6576923076923077,Midday,Weekday,0.6551945737412891,0.6,0.7751116687004175,0.8,0.8627040575623722,0.95
4,2025-03-18,14,Tuesday,global_popularity,500,203,260,0.7807692307692308,Midday,Weekday,0.6706493877247117,0.8,0.6952274885985656,0.7,0.79384301210538,0.9
4,2025-03-18,14,Tuesday,zone_hour_profile,500,203,260,0.7807692307692308,Midday,Weekday,0.6293242308414344,0.8,0.7625612464063359,0.9,0.7998719649512667,0.95
4,2025-03-18,14,Tuesday,same_hour_last_week,500,203,260,0.7807692307692308,Midday,Weekday,0.7616381326761275,1.0,0.7882712139688305,0.9,0.8184516890929773,0.9
4,2025-03-18,14,Tuesday,trailing_4_week_profile,500,203,260,0.7807692307692308,Midday,Weekday,0.6209304364718673,0.8,0.7794837133384616,0.9,0.8141780128010588,0.95
4,2025-03-18,14,Tuesday,global_popularity,1000,171,260,0.6576923076923077,Midday,Weekday,0.6706493877247117,0.8,0.6952274885985656,0.7,0.79384301210538,0.9
4,2025-03-18,14,Tuesday,zone_hour_profile,1000,171,260,0.6576923076923077,Midday,Weekday,0.6293242308414344,0.8,0.7625612464063359,0.9,0.7998719649512667,0.95
4,2025-03-18,14,Tuesday,same_hour_last_week,1000,171,260,0.6576923076923077,Midday,Weekday,0.7616381326761275,1.0,0.7882712139688305,0.9,0.8184516890929773,0.9
4,2025-03-18,14,Tuesday,trailing_4_week_profile,1000,171,260,0.6576923076923077,Midday,Weekday,0.6209304364718673,0.8,0.7794837133384616,0.9,0.8141780128010588,0.95
4,2025-03-18,15,Tuesday,global_popularity,500,203,260,0.7807692307692308,Midday,Weekday,0.7030653481667599,0.8,0.73374383988274,0.7,0.8038697240838955,0.9
4,2025-03-18,15,Tuesday,zone_hour_profile,500,203,260,0.7807692307692308,Midday,Weekday,0.6894931239036198,0.8,0.7799883668849626,0.9,0.8157068194615704,0.95
4,2025-03-18,15,Tuesday,same_hour_last_week,500,203,260,0.7807692307692308,Midday,Weekday,0.6894931239036198,0.8,0.7874669292158403,0.9,0.8136794627549699,0.9
4,2025-03-18,15,Tuesday,trailing_4_week_profile,500,203,260,0.7807692307692308,Midday,Weekday,0.6894931239036198,0.8,0.7823478172112109,0.9,0.8161144263140201,0.95
4,2025-03-18,15,Tuesday,global_popularity,1000,171,260,0.6576923076923077,Midday,Weekday,0.7030653481667599,0.8,0.73374383988274,0.7,0.8038697240838955,0.9
4,2025-03-18,15,Tuesday,zone_hour_profile,1000,171,260,0.6576923076923077,Midday,Weekday,0.6894931239036198,0.8,0.7799883668849626,0.9,0.8157068194615704,0.95
4,2025-03-18,15,Tuesday,same_hour_last_week,1000,171,260,0.6576923076923077,Midday,Weekday,0.6894931239036198,0.8,0.7874669292158403,0.9,0.8136794627549699,0.9
4,2025-03-18,15,Tuesday,trailing_4_week_profile,1000,171,260,0.6576923076923077,Midday,Weekday,0.6894931239036198,0.8,0.7823478172112109,0.9,0.8161144263140201,0.95
4,2025-03-18,16,Tuesday,global_popularity,500,203,260,0.7807692307692308,Evening,Weekday,0.7457402910596423,0.6,0.768923732986658,0.7,0.8445295021653442,0.85
4,2025-03-18,16,Tuesday,zone_hour_profile,500,203,260,0.7807692307692308,Evening,Weekday,0.7534888536976588,0.8,0.7799848438891505,0.8,0.8640519591873831,0.9
4,2025-03-18,16,Tuesday,same_hour_last_week,500,203,260,0.7807692307692308,Evening,Weekday,0.7534888536976588,0.8,0.8610176577259581,0.9,0.8808175278366938,0.9
4,2025-03-18,16,Tuesday,trailing_4_week_profile,500,203,260,0.7807692307692308,Evening,Weekday,0.7534888536976588,0.8,0.8471146729683061,0.8,0.8707685741135172,0.9
4,2025-03-18,16,Tuesday,global_popularity,1000,171,260,0.6576923076923077,Evening,Weekday,0.7457402910596423,0.6,0.768923732986658,0.7,0.8445295021653442,0.85
4,2025-03-18,16,Tuesday,zone_hour_profile,1000,171,260,0.6576923076923077,Evening,Weekday,0.7534888536976588,0.8,0.7799848438891505,0.8,0.8640519591873831,0.9
4,2025-03-18,16,Tuesday,same_hour_last_week,1000,171,260,0.6576923076923077,Evening,Weekday,0.7534888536976588,0.8,0.8610176577259581,0.9,0.8808175278366938,0.9
4,2025-03-18,16,Tuesday,trailing_4_week_profile,1000,171,260,0.6576923076923077,Evening,Weekday,0.7534888536976588,0.8,0.8471146729683061,0.8,0.8707685741135172,0.9
4,2025-03-18,17,Tuesday,global_popularity,500,203,260,0.7807692307692308,Evening,Weekday,0.7617144983069549,0.6,0.8012822033737872,0.8,0.8401649702405043,0.8
4,2025-03-18,17,Tuesday,zone_hour_profile,500,203,260,0.7807692307692308,Evening,Weekday,0.6336181296465626,0.6,0.7860060263968226,0.9,0.8366762768078195,0.9
4,2025-03-18,17,Tuesday,same_hour_last_week,500,203,260,0.7807692307692308,Evening,Weekday,0.7839880199351034,0.8,0.8139221112145334,0.9,0.8565905438815853,0.85
4,2025-03-18,17,Tuesday,trailing_4_week_profile,500,203,260,0.7807692307692308,Evening,Weekday,0.6336181296465626,0.6,0.790722305289514,0.9,0.8406361004219015,0.9
4,2025-03-18,17,Tuesday,global_popularity,1000,171,260,0.6576923076923077,Evening,Weekday,0.7617144983069549,0.6,0.8012822033737872,0.8,0.8401649702405043,0.8
4,2025-03-18,17,Tuesday,zone_hour_profile,1000,171,260,0.6576923076923077,Evening,Weekday,0.6336181296465626,0.6,0.7860060263968226,0.9,0.8366762768078195,0.9
4,2025-03-18,17,Tuesday,same_hour_last_week,1000,171,260,0.6576923076923077,Evening,Weekday,0.7839880199351034,0.8,0.8139221112145334,0.9,0.8565905438815853,0.85
4,2025-03-18,17,Tuesday,trailing_4_week_profile,1000,171,260,0.6576923076923077,Evening,Weekday,0.6336181296465626,0.6,0.790722305289514,0.9,0.8406361004219015,0.9
4,2025-03-18,18,Tuesday,global_popularity,500,203,260,0.7807692307692308,Evening,Weekday,0.8073615905666528,0.6,0.8355379715385115,0.8,0.8845189967066667,0.85
4,2025-03-18,18,Tuesday,zone_hour_profile,500,203,260,0.7807692307692308,Evening,Weekday,0.741646496526069,0.6,0.7651401435523828,0.8,0.891089743270671,0.9
4,2025-03-18,18,Tuesday,same_hour_last_week,500,203,260,0.7807692307692308,Evening,Weekday,0.7392257943402132,0.6,0.8450326164506278,0.9,0.8957170023541198,0.9
4,2025-03-18,18,Tuesday,trailing_4_week_profile,500,203,260,0.7807692307692308,Evening,Weekday,0.741646496526069,0.6,0.8490211498098905,0.9,0.8968509454082846,0.9
4,2025-03-18,18,Tuesday,global_popularity,1000,171,260,0.6576923076923077,Evening,Weekday,0.8073615905666528,0.6,0.8355379715385115,0.8,0.8845189967066667,0.85
4,2025-03-18,18,Tuesday,zone_hour_profile,1000,171,260,0.6576923076923077,Evening,Weekday,0.741646496526069,0.6,0.7651401435523828,0.8,0.891089743270671,0.9
4,2025-03-18,18,Tuesday,same_hour_last_week,1000,171,260,0.6576923076923077,Evening,Weekday,0.7392257943402132,0.6,0.8450326164506278,0.9,0.8957170023541198,0.9
4,2025-03-18,18,Tuesday,trailing_4_week_profile,1000,171,260,0.6576923076923077,Evening,Weekday,0.741646496526069,0.6,0.8490211498098905,0.9,0.8968509454082846,0.9
4,2025-03-18,19,Tuesday,global_popularity,500,203,260,0.7807692307692308,Evening,Weekday,0.7458004631959336,0.6,0.7808366701716429,0.7,0.8473858044461694,0.85
4,2025-03-18,19,Tuesday,zone_hour_profile,500,203,260,0.7807692307692308,Evening,Weekday,0.7905915007981421,0.8,0.8089110289033431,0.7,0.8778141912736405,0.95
4,2025-03-18,19,Tuesday,same_hour_last_week,500,203,260,0.7807692307692308,Evening,Weekday,0.7905915007981421,0.8,0.8513330229581072,0.8,0.8702798943323147,0.9
4,2025-03-18,19,Tuesday,trailing_4_week_profile,500,203,260,0.7807692307692308,Evening,Weekday,0.7905915007981421,0.8,0.8081618864556309,0.7,0.8807744917151746,0.95
4,2025-03-18,19,Tuesday,global_popularity,1000,171,260,0.6576923076923077,Evening,Weekday,0.7458004631959336,0.6,0.7808366701716429,0.7,0.8473858044461694,0.85
4,2025-03-18,19,Tuesday,zone_hour_profile,1000,171,260,0.6576923076923077,Evening,Weekday,0.7905915007981421,0.8,0.8089110289033431,0.7,0.8778141912736405,0.95
4,2025-03-18,19,Tuesday,same_hour_last_week,1000,171,260,0.6576923076923077,Evening,Weekday,0.7905915007981421,0.8,0.8513330229581072,0.8,0.8702798943323147,0.9
4,2025-03-18,19,Tuesday,trailing_4_week_profile,1000,171,260,0.6576923076923077,Evening,Weekday,0.7905915007981421,0.8,0.8081618864556309,0.7,0.8807744917151746,0.95
4,2025-03-18,20,Tuesday,global_popularity,500,203,260,0.7807692307692308,Evening,Weekday,0.7970346075141581,0.6,0.8199484935433634,0.6,0.8883237805851422,0.85
4,2025-03-18,20,Tuesday,zone_hour_profile,500,203,260,0.7807692307692308,Evening,Weekday,0.7675485487737618,0.6,0.8399411554579839,0.7,0.9137109441270841,0.9
4,2025-03-18,20,Tuesday,same_hour_last_week,500,203,260,0.7807692307692308,Evening,Weekday,0.7651233770782978,0.6,0.8680533739526931,0.9,0.9106544403418895,0.9
4,2025-03-18,20,Tuesday,trailing_4_week_profile,500,203,260,0.7807692307692308,Evening,Weekday,0.7651233770782978,0.6,0.8565067487275487,0.8,0.9153130926577077,0.9
4,2025-03-18,20,Tuesday,global_popularity,1000,171,260,0.6576923076923077,Evening,Weekday,0.7970346075141581,0.6,0.8199484935433634,0.6,0.8883237805851422,0.85
4,2025-03-18,20,Tuesday,zone_hour_profile,1000,171,260,0.6576923076923077,Evening,Weekday,0.7675485487737618,0.6,0.8399411554579839,0.7,0.9137109441270841,0.9
4,2025-03-18,20,Tuesday,same_hour_last_week,1000,171,260,0.6576923076923077,Evening,Weekday,0.7651233770782978,0.6,0.8680533739526931,0.9,0.9106544403418895,0.9
4,2025-03-18,20,Tuesday,trailing_4_week_profile,1000,171,260,0.6576923076923077,Evening,Weekday,0.7651233770782978,0.6,0.8565067487275487,0.8,0.9153130926577077,0.9
4,2025-03-18,21,Tuesday,global_popularity,500,203,260,0.7807692307692308,Late evening,Weekday,0.7336239192625422,0.6,0.7773470193541866,0.7,0.8534382315013636,0.85
4,2025-03-18,21,Tuesday,zone_hour_profile,500,203,260,0.7807692307692308,Late evening,Weekday,0.6690001928648103,0.4,0.8031385781072109,0.8,0.8758483896664013,0.9
4,2025-03-18,21,Tuesday,same_hour_last_week,500,203,260,0.7807692307692308,Late evening,Weekday,0.6885478670663603,0.6,0.7278006217652824,0.7,0.8656526482256509,0.9
4,2025-03-18,21,Tuesday,trailing_4_week_profile,500,203,260,0.7807692307692308,Late evening,Weekday,0.6904840493892602,0.6,0.8095646399504097,0.8,0.8785530308683948,0.9
4,2025-03-18,21,Tuesday,global_popularity,1000,171,260,0.6576923076923077,Late evening,Weekday,0.7336239192625422,0.6,0.7773470193541866,0.7,0.8534382315013636,0.85
4,2025-03-18,21,Tuesday,zone_hour_profile,1000,171,260,0.6576923076923077,Late evening,Weekday,0.6690001928648103,0.4,0.8031385781072109,0.8,0.8758483896664013,0.9
4,2025-03-18,21,Tuesday,same_hour_last_week,1000,171,260,0.6576923076923077,Late evening,Weekday,0.6885478670663603,0.6,0.7278006217652824,0.7,0.8656526482256509,0.9
4,2025-03-18,21,Tuesday,trailing_4_week_profile,1000,171,260,0.6576923076923077,Late evening,Weekday,0.6904840493892602,0.6,0.8095646399504097,0.8,0.8785530308683948,0.9
4,2025-03-18,22,Tuesday,global_popularity,500,203,260,0.7807692307692308,Late evening,Weekday,0.6846508703022361,0.6,0.7255088107501779,0.6,0.804851340898667,0.8
4,2025-03-18,22,Tuesday,zone_hour_profile,500,203,260,0.7807692307692308,Late evening,Weekday,0.6668792375555275,0.6,0.8192749015704367,0.8,0.872018629764613,0.95
4,2025-03-18,22,Tuesday,same_hour_last_week,500,203,260,0.7807692307692308,Late evening,Weekday,0.6499771596218886,0.6,0.7963168718884689,0.7,0.85496513263944,0.9
4,2025-03-18,22,Tuesday,trailing_4_week_profile,500,203,260,0.7807692307692308,Late evening,Weekday,0.8138092112620539,0.8,0.8282745945670735,0.7,0.8850407628345349,0.95
4,2025-03-18,22,Tuesday,global_popularity,1000,171,260,0.6576923076923077,Late evening,Weekday,0.6846508703022361,0.6,0.7255088107501779,0.6,0.804851340898667,0.8
4,2025-03-18,22,Tuesday,zone_hour_profile,1000,171,260,0.6576923076923077,Late evening,Weekday,0.6668792375555275,0.6,0.8192749015704367,0.8,0.872018629764613,0.95
4,2025-03-18,22,Tuesday,same_hour_last_week,1000,171,260,0.6576923076923077,Late evening,Weekday,0.6499771596218886,0.6,0.7963168718884689,0.7,0.85496513263944,0.9
4,2025-03-18,22,Tuesday,trailing_4_week_profile,1000,171,260,0.6576923076923077,Late evening,Weekday,0.8138092112620539,0.8,0.8282745945670735,0.7,0.8850407628345349,0.95
4,2025-03-18,23,Tuesday,global_popularity,500,203,260,0.7807692307692308,Late evening,Weekday,0.496916073280582,0.6,0.5351221750762162,0.4,0.6781792714276561,0.8
4,2025-03-18,23,Tuesday,zone_hour_profile,500,203,260,0.7807692307692308,Late evening,Weekday,0.9400946636867469,0.8,0.9508661118460218,0.8,0.9693076265644178,1.0
4,2025-03-18,23,Tuesday,same_hour_last_week,500,203,260,0.7807692307692308,Late evening,Weekday,0.7674968349167332,0.8,0.7949591012818101,0.9,0.8290844250373298,1.0
4,2025-03-18,23,Tuesday,trailing_4_week_profile,500,203,260,0.7807692307692308,Late evening,Weekday,0.8486991630749835,0.8,0.8637764518166575,0.8,0.887995165864541,1.0
4,2025-03-18,23,Tuesday,global_popularity,1000,171,260,0.6576923076923077,Late evening,Weekday,0.496916073280582,0.6,0.5351221750762162,0.4,0.6781792714276561,0.8
4,2025-03-18,23,Tuesday,zone_hour_profile,1000,171,260,0.6576923076923077,Late evening,Weekday,0.9400946636867469,0.8,0.9508661118460218,0.8,0.9693076265644178,1.0
4,2025-03-18,23,Tuesday,same_hour_last_week,1000,171,260,0.6576923076923077,Late evening,Weekday,0.7674968349167332,0.8,0.7949591012818101,0.9,0.8290844250373298,1.0
4,2025-03-18,23,Tuesday,trailing_4_week_profile,1000,171,260,0.6576923076923077,Late evening,Weekday,0.8486991630749835,0.8,0.8637764518166575,0.8,0.887995165864541,1.0
4,2025-03-19,0,Wednesday,global_popularity,500,203,260,0.7807692307692308,Overnight,Weekday,0.45143305311289,0.4,0.4809321472816842,0.4,0.5743576752031602,0.7
4,2025-03-19,0,Wednesday,zone_hour_profile,500,203,260,0.7807692307692308,Overnight,Weekday,0.8570464129193633,0.4,0.884874176753037,0.8,0.9278512729687461,0.85
4,2025-03-19,0,Wednesday,same_hour_last_week,500,203,260,0.7807692307692308,Overnight,Weekday,0.9045153972152975,0.6,0.9075141500200106,0.8,0.9453975855316763,0.85
4,2025-03-19,0,Wednesday,trailing_4_week_profile,500,203,260,0.7807692307692308,Overnight,Weekday,0.9031375173668331,0.6,0.9610706140205405,0.9,0.9570659206114593,0.85
4,2025-03-19,0,Wednesday,global_popularity,1000,171,260,0.6576923076923077,Overnight,Weekday,0.45143305311289,0.4,0.4809321472816842,0.4,0.5743576752031602,0.7
4,2025-03-19,0,Wednesday,zone_hour_profile,1000,171,260,0.6576923076923077,Overnight,Weekday,0.8570464129193633,0.4,0.884874176753037,0.8,0.9278512729687461,0.85
4,2025-03-19,0,Wednesday,same_hour_last_week,1000,171,260,0.6576923076923077,Overnight,Weekday,0.9045153972152975,0.6,0.9075141500200106,0.8,0.9453975855316763,0.85
4,2025-03-19,0,Wednesday,trailing_4_week_profile,1000,171,260,0.6576923076923077,Overnight,Weekday,0.9031375173668331,0.6,0.9610706140205405,0.9,0.9570659206114593,0.85
4,2025-03-19,1,Wednesday,global_popularity,500,203,260,0.7807692307692308,Overnight,Weekday,0.48824588655094286,0.4,0.5644974362786842,0.4,0.6546409463562717,0.7
4,2025-03-19,1,Wednesday,zone_hour_profile,500,203,260,0.7807692307692308,Overnight,Weekday,0.6565731978789875,0.6,0.7178154931769001,0.7,0.7222434460142183,0.7
4,2025-03-19,1,Wednesday,same_hour_last_week,500,203,260,0.7807692307692308,Overnight,Weekday,0.7587793570990402,0.6,0.8610715412192986,0.8,0.8722924106740845,0.85
4,2025-03-19,1,Wednesday,trailing_4_week_profile,500,203,260,0.7807692307692308,Overnight,Weekday,0.9189384332820295,0.8,0.9623794211780331,0.8,0.9466088036555795,0.8
4,2025-03-19,1,Wednesday,global_popularity,1000,171,260,0.6576923076923077,Overnight,Weekday,0.48824588655094286,0.4,0.5644974362786842,0.4,0.6546409463562717,0.7
4,2025-03-19,1,Wednesday,zone_hour_profile,1000,171,260,0.6576923076923077,Overnight,Weekday,0.6565731978789875,0.6,0.7178154931769001,0.7,0.7222434460142183,0.7
4,2025-03-19,1,Wednesday,same_hour_last_week,1000,171,260,0.6576923076923077,Overnight,Weekday,0.7587793570990402,0.6,0.8610715412192986,0.8,0.8722924106740845,0.85
4,2025-03-19,1,Wednesday,trailing_4_week_profile,1000,171,260,0.6576923076923077,Overnight,Weekday,0.9189384332820295,0.8,0.9623794211780331,0.8,0.9466088036555795,0.8
4,2025-03-19,2,Wednesday,global_popularity,500,203,260,0.7807692307692308,Overnight,Weekday,0.3816469614775979,0.4,0.3925556435043159,0.3,0.5137685186948143,0.6
4,2025-03-19,2,Wednesday,zone_hour_profile,500,203,260,0.7807692307692308,Overnight,Weekday,0.4694891807302047,0.4,0.5336197286398265,0.7,0.7054501348493685,0.85
4,2025-03-19,2,Wednesday,same_hour_last_week,500,203,260,0.7807692307692308,Overnight,Weekday,0.7701531534835071,0.8,0.7292838270289878,0.6,0.7859642720672425,0.8
4,2025-03-19,2,Wednesday,trailing_4_week_profile,500,203,260,0.7807692307692308,Overnight,Weekday,0.5382774772890275,0.6,0.6589826868905974,0.7,0.7412433068982037,0.85
4,2025-03-19,2,Wednesday,global_popularity,1000,171,260,0.6576923076923077,Overnight,Weekday,0.3816469614775979,0.4,0.3925556435043159,0.3,0.5137685186948143,0.6
4,2025-03-19,2,Wednesday,zone_hour_profile,1000,171,260,0.6576923076923077,Overnight,Weekday,0.4694891807302047,0.4,0.5336197286398265,0.7,0.7054501348493685,0.85
4,2025-03-19,2,Wednesday,same_hour_last_week,1000,171,260,0.6576923076923077,Overnight,Weekday,0.7701531534835071,0.8,0.7292838270289878,0.6,0.7859642720672425,0.8
4,2025-03-19,2,Wednesday,trailing_4_week_profile,1000,171,260,0.6576923076923077,Overnight,Weekday,0.5382774772890275,0.6,0.6589826868905974,0.7,0.7412433068982037,0.85
4,2025-03-19,3,Wednesday,global_popularity,500,203,260,0.7807692307692308,Overnight,Weekday,0.2837438455479017,0.2,0.26407272246136665,0.2,0.512074764645205,0.65
4,2025-03-19,3,Wednesday,zone_hour_profile,500,203,260,0.7807692307692308,Overnight,Weekday,0.7952375828979216,0.6,0.8359286025870735,0.7,0.7875207300680649,0.6
4,2025-03-19,3,Wednesday,same_hour_last_week,500,203,260,0.7807692307692308,Overnight,Weekday,0.7880695182231232,0.6,0.7429067314178773,0.6,0.7255916942266051,0.6
4,2025-03-19,3,Wednesday,trailing_4_week_profile,500,203,260,0.7807692307692308,Overnight,Weekday,0.7888384835263118,0.6,0.7775615432702911,0.7,0.7738146057660934,0.7
4,2025-03-19,3,Wednesday,global_popularity,1000,171,260,0.6576923076923077,Overnight,Weekday,0.2837438455479017,0.2,0.26407272246136665,0.2,0.512074764645205,0.65
4,2025-03-19,3,Wednesday,zone_hour_profile,1000,171,260,0.6576923076923077,Overnight,Weekday,0.7952375828979216,0.6,0.8359286025870735,0.7,0.7875207300680649,0.6
4,2025-03-19,3,Wednesday,same_hour_last_week,1000,171,260,0.6576923076923077,Overnight,Weekday,0.7880695182231232,0.6,0.7429067314178773,0.6,0.7255916942266051,0.6
4,2025-03-19,3,Wednesday,trailing_4_week_profile,1000,171,260,0.6576923076923077,Overnight,Weekday,0.7888384835263118,0.6,0.7775615432702911,0.7,0.7738146057660934,0.7
4,2025-03-19,4,Wednesday,global_popularity,500,203,260,0.7807692307692308,Overnight,Weekday,0.455913835219956,0.2,0.4628388539777076,0.3,0.6271038296895383,0.6
4,2025-03-19,4,Wednesday,zone_hour_profile,500,203,260,0.7807692307692308,Overnight,Weekday,0.828490513685942,0.6,0.7671966749860097,0.5,0.8136730756397257,0.7
4,2025-03-19,4,Wednesday,same_hour_last_week,500,203,260,0.7807692307692308,Overnight,Weekday,0.8192666406230973,0.6,0.738911801259936,0.4,0.7728224890747357,0.65
4,2025-03-19,4,Wednesday,trailing_4_week_profile,500,203,260,0.7807692307692308,Overnight,Weekday,0.8061300556803157,0.6,0.7517570938715948,0.5,0.760979773136903,0.65
4,2025-03-19,4,Wednesday,global_popularity,1000,171,260,0.6576923076923077,Overnight,Weekday,0.455913835219956,0.2,0.4628388539777076,0.3,0.6271038296895383,0.6
4,2025-03-19,4,Wednesday,zone_hour_profile,1000,171,260,0.6576923076923077,Overnight,Weekday,0.828490513685942,0.6,0.7671966749860097,0.5,0.8136730756397257,0.7
4,2025-03-19,4,Wednesday,same_hour_last_week,1000,171,260,0.6576923076923077,Overnight,Weekday,0.8192666406230973,0.6,0.738911801259936,0.4,0.7728224890747357,0.65
4,2025-03-19,4,Wednesday,trailing_4_week_profile,1000,171,260,0.6576923076923077,Overnight,Weekday,0.8061300556803157,0.6,0.7517570938715948,0.5,0.760979773136903,0.65
4,2025-03-19,5,Wednesday,global_popularity,500,203,260,0.7807692307692308,Overnight,Weekday,0.49104742103228843,0.4,0.5531382574040685,0.6,0.5630027990668935,0.6
4,2025-03-19,5,Wednesday,zone_hour_profile,500,203,260,0.7807692307692308,Overnight,Weekday,0.9723812561895744,0.6,0.9855793591904629,0.9,0.9658878520575012,0.7
4,2025-03-19,5,Wednesday,same_hour_last_week,500,203,260,0.7807692307692308,Overnight,Weekday,0.7029724731854455,1.0,0.7365097820337664,0.9,0.7571599966277306,0.8
4,2025-03-19,5,Wednesday,trailing_4_week_profile,500,203,260,0.7807692307692308,Overnight,Weekday,0.9617133597877019,0.6,0.9761853537805476,0.9,0.9730915711352388,0.8
4,2025-03-19,5,Wednesday,global_popularity,1000,171,260,0.6576923076923077,Overnight,Weekday,0.49104742103228843,0.4,0.5531382574040685,0.6,0.5630027990668935,0.6
4,2025-03-19,5,Wednesday,zone_hour_profile,1000,171,260,0.6576923076923077,Overnight,Weekday,0.9723812561895744,0.6,0.9855793591904629,0.9,0.9658878520575012,0.7
4,2025-03-19,5,Wednesday,same_hour_last_week,1000,171,260,0.6576923076923077,Overnight,Weekday,0.7029724731854455,1.0,0.7365097820337664,0.9,0.7571599966277306,0.8
4,2025-03-19,5,Wednesday,trailing_4_week_profile,1000,171,260,0.6576923076923077,Overnight,Weekday,0.9617133597877019,0.6,0.9761853537805476,0.9,0.9730915711352388,0.8
4,2025-03-19,6,Wednesday,global_popularity,500,203,260,0.7807692307692308,Morning,Weekday,0.519114677595015,0.6,0.5629783571010248,0.4,0.6210512372705386,0.7
4,2025-03-19,6,Wednesday,zone_hour_profile,500,203,260,0.7807692307692308,Morning,Weekday,0.7888388297060951,0.8,0.8045583380223907,0.8,0.8385895458756059,0.9
4,2025-03-19,6,Wednesday,same_hour_last_week,500,203,260,0.7807692307692308,Morning,Weekday,0.9860096205383952,0.8,0.9838035378085748,0.9,0.9705813989053638,0.85
4,2025-03-19,6,Wednesday,trailing_4_week_profile,500,203,260,0.7807692307692308,Morning,Weekday,0.7730747398652473,0.6,0.815200968632101,0.9,0.836576040797432,0.9
4,2025-03-19,6,Wednesday,global_popularity,1000,171,260,0.6576923076923077,Morning,Weekday,0.519114677595015,0.6,0.5629783571010248,0.4,0.6210512372705386,0.7
4,2025-03-19,6,Wednesday,zone_hour_profile,1000,171,260,0.6576923076923077,Morning,Weekday,0.7888388297060951,0.8,0.8045583380223907,0.8,0.8385895458756059,0.9
4,2025-03-19,6,Wednesday,same_hour_last_week,1000,171,260,0.6576923076923077,Morning,Weekday,0.9860096205383952,0.8,0.9838035378085748,0.9,0.9705813989053638,0.85
4,2025-03-19,6,Wednesday,trailing_4_week_profile,1000,171,260,0.6576923076923077,Morning,Weekday,0.7730747398652473,0.6,0.815200968632101,0.9,0.836576040797432,0.9
4,2025-03-19,7,Wednesday,global_popularity,500,203,260,0.7807692307692308,Morning,Weekday,0.5906691929427864,0.4,0.6526827386010462,0.5,0.7164746430230061,0.7
4,2025-03-19,7,Wednesday,zone_hour_profile,500,203,260,0.7807692307692308,Morning,Weekday,0.6162128319471813,0.6,0.7772878993077279,0.7,0.7978598304556669,0.85
4,2025-03-19,7,Wednesday,same_hour_last_week,500,203,260,0.7807692307692308,Morning,Weekday,0.6162128319471813,0.6,0.7778316711851709,0.7,0.7995180447266873,0.9
4,2025-03-19,7,Wednesday,trailing_4_week_profile,500,203,260,0.7807692307692308,Morning,Weekday,0.6162128319471813,0.6,0.7772878993077279,0.7,0.7985385365949198,0.85
4,2025-03-19,7,Wednesday,global_popularity,1000,171,260,0.6576923076923077,Morning,Weekday,0.5906691929427864,0.4,0.6526827386010462,0.5,0.7164746430230061,0.7
4,2025-03-19,7,Wednesday,zone_hour_profile,1000,171,260,0.6576923076923077,Morning,Weekday,0.6162128319471813,0.6,0.7772878993077279,0.7,0.7978598304556669,0.85
4,2025-03-19,7,Wednesday,same_hour_last_week,1000,171,260,0.6576923076923077,Morning,Weekday,0.6162128319471813,0.6,0.7778316711851709,0.7,0.7995180447266873,0.9
4,2025-03-19,7,Wednesday,trailing_4_week_profile,1000,171,260,0.6576923076923077,Morning,Weekday,0.6162128319471813,0.6,0.7772878993077279,0.7,0.7985385365949198,0.85
4,2025-03-19,8,Wednesday,global_popularity,500,203,260,0.7807692307692308,Morning,Weekday,0.7418490470363563,0.4,0.8248548571182459,0.6,0.8616106811554511,0.7
4,2025-03-19,8,Wednesday,zone_hour_profile,500,203,260,0.7807692307692308,Morning,Weekday,0.959813567972259,0.8,0.9294226728024623,0.6,0.9347989466393799,0.9
4,2025-03-19,8,Wednesday,same_hour_last_week,500,203,260,0.7807692307692308,Morning,Weekday,0.9635598366501762,0.8,0.9408750165023104,0.7,0.9378790275945343,0.9
4,2025-03-19,8,Wednesday,trailing_4_week_profile,500,203,260,0.7807692307692308,Morning,Weekday,0.959813567972259,0.8,0.9309642432244446,0.7,0.9344006458179902,0.9
4,2025-03-19,8,Wednesday,global_popularity,1000,171,260,0.6576923076923077,Morning,Weekday,0.7418490470363563,0.4,0.8248548571182459,0.6,0.8616106811554511,0.7
4,2025-03-19,8,Wednesday,zone_hour_profile,1000,171,260,0.6576923076923077,Morning,Weekday,0.959813567972259,0.8,0.9294226728024623,0.6,0.9347989466393799,0.9
4,2025-03-19,8,Wednesday,same_hour_last_week,1000,171,260,0.6576923076923077,Morning,Weekday,0.9635598366501762,0.8,0.9408750165023104,0.7,0.9378790275945343,0.9
4,2025-03-19,8,Wednesday,trailing_4_week_profile,1000,171,260,0.6576923076923077,Morning,Weekday,0.959813567972259,0.8,0.9309642432244446,0.7,0.9344006458179902,0.9
4,2025-03-19,9,Wednesday,global_popularity,500,203,260,0.7807692307692308,Morning,Weekday,0.6497414755346599,0.4,0.7487172135645304,0.8,0.8259768856947453,0.85
4,2025-03-19,9,Wednesday,zone_hour_profile,500,203,260,0.7807692307692308,Morning,Weekday,0.7634512128034583,0.6,0.7805137175296074,0.6,0.8654018685734958,0.85
4,2025-03-19,9,Wednesday,same_hour_last_week,500,203,260,0.7807692307692308,Morning,Weekday,0.7578722756666477,0.6,0.7829161744838512,0.6,0.8771610843018923,0.9
4,2025-03-19,9,Wednesday,trailing_4_week_profile,500,203,260,0.7807692307692308,Morning,Weekday,0.7516203029771293,0.6,0.7781323575767054,0.6,0.8715939623671012,0.9
4,2025-03-19,9,Wednesday,global_popularity,1000,171,260,0.6576923076923077,Morning,Weekday,0.6497414755346599,0.4,0.7487172135645304,0.8,0.8259768856947453,0.85
4,2025-03-19,9,Wednesday,zone_hour_profile,1000,171,260,0.6576923076923077,Morning,Weekday,0.7634512128034583,0.6,0.7805137175296074,0.6,0.8654018685734958,0.85
4,2025-03-19,9,Wednesday,same_hour_last_week,1000,171,260,0.6576923076923077,Morning,Weekday,0.7578722756666477,0.6,0.7829161744838512,0.6,0.8771610843018923,0.9
4,2025-03-19,9,Wednesday,trailing_4_week_profile,1000,171,260,0.6576923076923077,Morning,Weekday,0.7516203029771293,0.6,0.7781323575767054,0.6,0.8715939623671012,0.9
4,2025-03-19,10,Wednesday,global_popularity,500,203,260,0.7807692307692308,Midday,Weekday,0.6256491927638143,0.6,0.6795292086705226,0.8,0.7965987001601347,0.85
4,2025-03-19,10,Wednesday,zone_hour_profile,500,203,260,0.7807692307692308,Midday,Weekday,0.5999114119218997,0.6,0.7300597967426271,0.7,0.7805668764591851,0.9
4,2025-03-19,10,Wednesday,same_hour_last_week,500,203,260,0.7807692307692308,Midday,Weekday,0.7686128431152676,0.8,0.7682833740019159,0.7,0.811546232209346,0.85
4,2025-03-19,10,Wednesday,trailing_4_week_profile,500,203,260,0.7807692307692308,Midday,Weekday,0.5999114119218997,0.6,0.7495457195444506,0.7,0.7922239866807738,0.85
4,2025-03-19,10,Wednesday,global_popularity,1000,171,260,0.6576923076923077,Midday,Weekday,0.6256491927638143,0.6,0.6795292086705226,0.8,0.7965987001601347,0.85
4,2025-03-19,10,Wednesday,zone_hour_profile,1000,171,260,0.6576923076923077,Midday,Weekday,0.5999114119218997,0.6,0.7300597967426271,0.7,0.7805668764591851,0.9
4,2025-03-19,10,Wednesday,same_hour_last_week,1000,171,260,0.6576923076923077,Midday,Weekday,0.7686128431152676,0.8,0.7682833740019159,0.7,0.811546232209346,0.85
4,2025-03-19,10,Wednesday,trailing_4_week_profile,1000,171,260,0.6576923076923077,Midday,Weekday,0.5999114119218997,0.6,0.7495457195444506,0.7,0.7922239866807738,0.85
4,2025-03-19,11,Wednesday,global_popularity,500,203,260,0.7807692307692308,Midday,Weekday,0.7187671526127953,0.8,0.7522248717775001,0.8,0.8478252348244988,0.85
4,2025-03-19,11,Wednesday,zone_hour_profile,500,203,260,0.7807692307692308,Midday,Weekday,0.6777202170390568,0.4,0.6924292530556615,0.7,0.822986382134204,0.9
4,2025-03-19,11,Wednesday,same_hour_last_week,500,203,260,0.7807692307692308,Midday,Weekday,0.6692942860305997,0.4,0.7654311304968635,0.7,0.824250585999319,0.85
4,2025-03-19,11,Wednesday,trailing_4_week_profile,500,203,260,0.7807692307692308,Midday,Weekday,0.6748582439129864,0.4,0.703937542580197,0.7,0.8494389008751085,0.95
4,2025-03-19,11,Wednesday,global_popularity,1000,171,260,0.6576923076923077,Midday,Weekday,0.7187671526127953,0.8,0.7522248717775001,0.8,0.8478252348244988,0.85
4,2025-03-19,11,Wednesday,zone_hour_profile,1000,171,260,0.6576923076923077,Midday,Weekday,0.6777202170390568,0.4,0.6924292530556615,0.7,0.822986382134204,0.9
4,2025-03-19,11,Wednesday,same_hour_last_week,1000,171,260,0.6576923076923077,Midday,Weekday,0.6692942860305997,0.4,0.7654311304968635,0.7,0.824250585999319,0.85
4,2025-03-19,11,Wednesday,trailing_4_week_profile,1000,171,260,0.6576923076923077,Midday,Weekday,0.6748582439129864,0.4,0.703937542580197,0.7,0.8494389008751085,0.95
4,2025-03-19,12,Wednesday,global_popularity,500,203,260,0.7807692307692308,Midday,Weekday,0.7656234669138491,0.6,0.7892164389085944,0.8,0.8627803888692374,0.85
4,2025-03-19,12,Wednesday,zone_hour_profile,500,203,260,0.7807692307692308,Midday,Weekday,0.6543896667087544,0.6,0.6840671980693452,0.7,0.8394813237104399,0.9
4,2025-03-19,12,Wednesday,same_hour_last_week,500,203,260,0.7807692307692308,Midday,Weekday,0.6543896667087544,0.6,0.7593584089870704,0.8,0.8544085667783136,0.95
4,2025-03-19,12,Wednesday,trailing_4_week_profile,500,203,260,0.7807692307692308,Midday,Weekday,0.6543896667087544,0.6,0.6847551751391325,0.7,0.8371467483936955,0.9
4,2025-03-19,12,Wednesday,global_popularity,1000,171,260,0.6576923076923077,Midday,Weekday,0.7656234669138491,0.6,0.7892164389085944,0.8,0.8627803888692374,0.85
4,2025-03-19,12,Wednesday,zone_hour_profile,1000,171,260,0.6576923076923077,Midday,Weekday,0.6543896667087544,0.6,0.6840671980693452,0.7,0.8394813237104399,0.9
4,2025-03-19,12,Wednesday,same_hour_last_week,1000,171,260,0.6576923076923077,Midday,Weekday,0.6543896667087544,0.6,0.7593584089870704,0.8,0.8544085667783136,0.95
4,2025-03-19,12,Wednesday,trailing_4_week_profile,1000,171,260,0.6576923076923077,Midday,Weekday,0.6543896667087544,0.6,0.6847551751391325,0.7,0.8371467483936955,0.9
4,2025-03-19,13,Wednesday,global_popularity,500,203,260,0.7807692307692308,Midday,Weekday,0.8091945862750876,0.6,0.8213391344146524,0.8,0.8955376911996917,0.85
4,2025-03-19,13,Wednesday,zone_hour_profile,500,203,260,0.7807692307692308,Midday,Weekday,0.6829080291934245,0.4,0.7156352622370696,0.7,0.8606691378789922,0.9
4,2025-03-19,13,Wednesday,same_hour_last_week,500,203,260,0.7807692307692308,Midday,Weekday,0.7702742123497689,0.6,0.79992541377041,0.8,0.8814096639617776,0.95
4,2025-03-19,13,Wednesday,trailing_4_week_profile,500,203,260,0.7807692307692308,Midday,Weekday,0.6829080291934245,0.4,0.7869955794255034,0.8,0.8720771085644935,0.95
4,2025-03-19,13,Wednesday,global_popularity,1000,171,260,0.6576923076923077,Midday,Weekday,0.8091945862750876,0.6,0.8213391344146524,0.8,0.8955376911996917,0.85
4,2025-03-19,13,Wednesday,zone_hour_profile,1000,171,260,0.6576923076923077,Midday,Weekday,0.6829080291934245,0.4,0.7156352622370696,0.7,0.8606691378789922,0.9
4,2025-03-19,13,Wednesday,same_hour_last_week,1000,171,260,0.6576923076923077,Midday,Weekday,0.7702742123497689,0.6,0.79992541377041,0.8,0.8814096639617776,0.95
4,2025-03-19,13,Wednesday,trailing_4_week_profile,1000,171,260,0.6576923076923077,Midday,Weekday,0.6829080291934245,0.4,0.7869955794255034,0.8,0.8720771085644935,0.95
4,2025-03-19,14,Wednesday,global_popularity,500,203,260,0.7807692307692308,Midday,Weekday,0.7155208987862349,0.8,0.7399798041170396,0.7,0.829682259079725,0.9
4,2025-03-19,14,Wednesday,zone_hour_profile,500,203,260,0.7807692307692308,Midday,Weekday,0.6670480772323607,0.6,0.7880025532985555,0.8,0.8298198968446922,0.9
4,2025-03-19,14,Wednesday,same_hour_last_week,500,203,260,0.7807692307692308,Midday,Weekday,0.6656427907593864,0.6,0.7837491940022134,0.8,0.8329687906172927,0.9
4,2025-03-19,14,Wednesday,trailing_4_week_profile,500,203,260,0.7807692307692308,Midday,Weekday,0.6541381922072945,0.6,0.7874347710428697,0.8,0.8333955051996427,0.95
4,2025-03-19,14,Wednesday,global_popularity,1000,171,260,0.6576923076923077,Midday,Weekday,0.7155208987862349,0.8,0.7399798041170396,0.7,0.829682259079725,0.9
4,2025-03-19,14,Wednesday,zone_hour_profile,1000,171,260,0.6576923076923077,Midday,Weekday,0.6670480772323607,0.6,0.7880025532985555,0.8,0.8298198968446922,0.9
4,2025-03-19,14,Wednesday,same_hour_last_week,1000,171,260,0.6576923076923077,Midday,Weekday,0.6656427907593864,0.6,0.7837491940022134,0.8,0.8329687906172927,0.9
4,2025-03-19,14,Wednesday,trailing_4_week_profile,1000,171,260,0.6576923076923077,Midday,Weekday,0.6541381922072945,0.6,0.7874347710428697,0.8,0.8333955051996427,0.95
4,2025-03-19,15,Wednesday,global_popularity,500,203,260,0.7807692307692308,Midday,Weekday,0.7448888071504939,0.8,0.7710082291451392,0.8,0.834519850354507,0.85
4,2025-03-19,15,Wednesday,zone_hour_profile,500,203,260,0.7807692307692308,Midday,Weekday,0.6632094987499334,0.6,0.7121012100093643,0.8,0.7866498317786954,0.8
4,2025-03-19,15,Wednesday,same_hour_last_week,500,203,260,0.7807692307692308,Midday,Weekday,0.6633862360057805,0.6,0.6917748102210336,0.7,0.7865454758535858,0.85
4,2025-03-19,15,Wednesday,trailing_4_week_profile,500,203,260,0.7807692307692308,Midday,Weekday,0.6466542276062146,0.6,0.7331054216074449,0.8,0.7806152344747509,0.85
4,2025-03-19,15,Wednesday,global_popularity,1000,171,260,0.6576923076923077,Midday,Weekday,0.7448888071504939,0.8,0.7710082291451392,0.8,0.834519850354507,0.85
4,2025-03-19,15,Wednesday,zone_hour_profile,1000,171,260,0.6576923076923077,Midday,Weekday,0.6632094987499334,0.6,0.7121012100093643,0.8,0.7866498317786954,0.8
4,2025-03-19,15,Wednesday,same_hour_last_week,1000,171,260,0.6576923076923077,Midday,Weekday,0.6633862360057805,0.6,0.6917748102210336,0.7,0.7865454758535858,0.85
4,2025-03-19,15,Wednesday,trailing_4_week_profile,1000,171,260,0.6576923076923077,Midday,Weekday,0.6466542276062146,0.6,0.7331054216074449,0.8,0.7806152344747509,0.85
4,2025-03-19,16,Wednesday,global_popularity,500,203,260,0.7807692307692308,Evening,Weekday,0.7057110464038514,0.6,0.7400164038293404,0.7,0.8177734389217811,0.9
4,2025-03-19,16,Wednesday,zone_hour_profile,500,203,260,0.7807692307692308,Evening,Weekday,0.7020993444318799,0.6,0.7556890410729372,0.8,0.83433970591711,0.95
4,2025-03-19,16,Wednesday,same_hour_last_week,500,203,260,0.7807692307692308,Evening,Weekday,0.7020993444318799,0.6,0.8315636300763874,0.9,0.8507263228235715,0.95
4,2025-03-19,16,Wednesday,trailing_4_week_profile,500,203,260,0.7807692307692308,Evening,Weekday,0.7020993444318799,0.6,0.7554198004713208,0.8,0.8342071777138625,0.95
4,2025-03-19,16,Wednesday,global_popularity,1000,171,260,0.6576923076923077,Evening,Weekday,0.7057110464038514,0.6,0.7400164038293404,0.7,0.8177734389217811,0.9
4,2025-03-19,16,Wednesday,zone_hour_profile,1000,171,260,0.6576923076923077,Evening,Weekday,0.7020993444318799,0.6,0.7556890410729372,0.8,0.83433970591711,0.95
4,2025-03-19,16,Wednesday,same_hour_last_week,1000,171,260,0.6576923076923077,Evening,Weekday,0.7020993444318799,0.6,0.8315636300763874,0.9,0.8507263228235715,0.95
4,2025-03-19,16,Wednesday,trailing_4_week_profile,1000,171,260,0.6576923076923077,Evening,Weekday,0.7020993444318799,0.6,0.7554198004713208,0.8,0.8342071777138625,0.95
4,2025-03-19,17,Wednesday,global_popularity,500,203,260,0.7807692307692308,Evening,Weekday,0.7940378853839013,0.6,0.8201568495684859,0.8,0.8565166505705589,0.85
4,2025-03-19,17,Wednesday,zone_hour_profile,500,203,260,0.7807692307692308,Evening,Weekday,0.6590787257382905,0.6,0.8046935136495876,0.9,0.8437941437400183,0.9
4,2025-03-19,17,Wednesday,same_hour_last_week,500,203,260,0.7807692307692308,Evening,Weekday,0.6502922770345686,0.4,0.8011461064952363,0.9,0.841732676070792,0.85
4,2025-03-19,17,Wednesday,trailing_4_week_profile,500,203,260,0.7807692307692308,Evening,Weekday,0.6590787257382905,0.6,0.6943394597149436,0.8,0.8315920644050888,0.9
4,2025-03-19,17,Wednesday,global_popularity,1000,171,260,0.6576923076923077,Evening,Weekday,0.7940378853839013,0.6,0.8201568495684859,0.8,0.8565166505705589,0.85
4,2025-03-19,17,Wednesday,zone_hour_profile,1000,171,260,0.6576923076923077,Evening,Weekday,0.6590787257382905,0.6,0.8046935136495876,0.9,0.8437941437400183,0.9
4,2025-03-19,17,Wednesday,same_hour_last_week,1000,171,260,0.6576923076923077,Evening,Weekday,0.6502922770345686,0.4,0.8011461064952363,0.9,0.841732676070792,0.85
4,2025-03-19,17,Wednesday,trailing_4_week_profile,1000,171,260,0.6576923076923077,Evening,Weekday,0.6590787257382905,0.6,0.6943394597149436,0.8,0.8315920644050888,0.9
4,2025-03-19,18,Wednesday,global_popularity,500,203,260,0.7807692307692308,Evening,Weekday,0.7934373375332103,0.6,0.8167703031515955,0.7,0.8635661773947221,0.85
4,2025-03-19,18,Wednesday,zone_hour_profile,500,203,260,0.7807692307692308,Evening,Weekday,0.6547912262950794,0.6,0.7083268433136005,0.8,0.8460760824357517,0.9
4,2025-03-19,18,Wednesday,same_hour_last_week,500,203,260,0.7807692307692308,Evening,Weekday,0.6547912262950794,0.6,0.7072007894559149,0.8,0.8454094147798216,0.9
4,2025-03-19,18,Wednesday,trailing_4_week_profile,500,203,260,0.7807692307692308,Evening,Weekday,0.6515365260273438,0.6,0.703337650742621,0.8,0.8093386279555707,0.85
4,2025-03-19,18,Wednesday,global_popularity,1000,171,260,0.6576923076923077,Evening,Weekday,0.7934373375332103,0.6,0.8167703031515955,0.7,0.8635661773947221,0.85
4,2025-03-19,18,Wednesday,zone_hour_profile,1000,171,260,0.6576923076923077,Evening,Weekday,0.6547912262950794,0.6,0.7083268433136005,0.8,0.8460760824357517,0.9
4,2025-03-19,18,Wednesday,same_hour_last_week,1000,171,260,0.6576923076923077,Evening,Weekday,0.6547912262950794,0.6,0.7072007894559149,0.8,0.8454094147798216,0.9
4,2025-03-19,18,Wednesday,trailing_4_week_profile,1000,171,260,0.6576923076923077,Evening,Weekday,0.6515365260273438,0.6,0.703337650742621,0.8,0.8093386279555707,0.85
4,2025-03-19,19,Wednesday,global_popularity,500,203,260,0.7807692307692308,Evening,Weekday,0.7846925462679637,0.6,0.816720198272759,0.7,0.8843671643887425,0.9
4,2025-03-19,19,Wednesday,zone_hour_profile,500,203,260,0.7807692307692308,Evening,Weekday,0.833125032737779,0.8,0.84843982318659,0.8,0.9037530373263379,0.85
4,2025-03-19,19,Wednesday,same_hour_last_week,500,203,260,0.7807692307692308,Evening,Weekday,0.6838708525413172,0.6,0.8196063046562402,0.8,0.8820297325348326,0.85
4,2025-03-19,19,Wednesday,trailing_4_week_profile,500,203,260,0.7807692307692308,Evening,Weekday,0.6958138241431605,0.6,0.8128302862445979,0.8,0.877080347068463,0.9
4,2025-03-19,19,Wednesday,global_popularity,1000,171,260,0.6576923076923077,Evening,Weekday,0.7846925462679637,0.6,0.816720198272759,0.7,0.8843671643887425,0.9
4,2025-03-19,19,Wednesday,zone_hour_profile,1000,171,260,0.6576923076923077,Evening,Weekday,0.833125032737779,0.8,0.84843982318659,0.8,0.9037530373263379,0.85
4,2025-03-19,19,Wednesday,same_hour_last_week,1000,171,260,0.6576923076923077,Evening,Weekday,0.6838708525413172,0.6,0.8196063046562402,0.8,0.8820297325348326,0.85
4,2025-03-19,19,Wednesday,trailing_4_week_profile,1000,171,260,0.6576923076923077,Evening,Weekday,0.6958138241431605,0.6,0.8128302862445979,0.8,0.877080347068463,0.9
4,2025-03-19,20,Wednesday,global_popularity,500,203,260,0.7807692307692308,Evening,Weekday,0.7334389349923055,0.4,0.7873551223790797,0.7,0.8496199697980328,0.85
4,2025-03-19,20,Wednesday,zone_hour_profile,500,203,260,0.7807692307692308,Evening,Weekday,0.7981154703563129,0.6,0.8269523931502267,0.8,0.884653527518135,0.95
4,2025-03-19,20,Wednesday,same_hour_last_week,500,203,260,0.7807692307692308,Evening,Weekday,0.6721677321476336,0.6,0.7895091681530991,0.8,0.8534503520340572,0.9
4,2025-03-19,20,Wednesday,trailing_4_week_profile,500,203,260,0.7807692307692308,Evening,Weekday,0.6736560881211733,0.6,0.8190508550586459,0.8,0.8772652615828976,0.95
4,2025-03-19,20,Wednesday,global_popularity,1000,171,260,0.6576923076923077,Evening,Weekday,0.7334389349923055,0.4,0.7873551223790797,0.7,0.8496199697980328,0.85
4,2025-03-19,20,Wednesday,zone_hour_profile,1000,171,260,0.6576923076923077,Evening,Weekday,0.7981154703563129,0.6,0.8269523931502267,0.8,0.884653527518135,0.95
4,2025-03-19,20,Wednesday,same_hour_last_week,1000,171,260,0.6576923076923077,Evening,Weekday,0.6721677321476336,0.6,0.7895091681530991,0.8,0.8534503520340572,0.9
4,2025-03-19,20,Wednesday,trailing_4_week_profile,1000,171,260,0.6576923076923077,Evening,Weekday,0.6736560881211733,0.6,0.8190508550586459,0.8,0.8772652615828976,0.95
4,2025-03-19,21,Wednesday,global_popularity,500,203,260,0.7807692307692308,Late evening,Weekday,0.8448281259985863,0.6,0.8598733468194787,0.6,0.9029031585648283,0.85
4,2025-03-19,21,Wednesday,zone_hour_profile,500,203,260,0.7807692307692308,Late evening,Weekday,0.8639469137572943,0.6,0.9368476910140371,0.8,0.958423059977098,0.95
4,2025-03-19,21,Wednesday,same_hour_last_week,500,203,260,0.7807692307692308,Late evening,Weekday,0.8318027716485077,0.4,0.8464571671290977,0.7,0.930015019880013,0.95
4,2025-03-19,21,Wednesday,trailing_4_week_profile,500,203,260,0.7807692307692308,Late evening,Weekday,0.8749931327501324,0.6,0.9464869207283877,0.8,0.965964751697065,1.0
4,2025-03-19,21,Wednesday,global_popularity,1000,171,260,0.6576923076923077,Late evening,Weekday,0.8448281259985863,0.6,0.8598733468194787,0.6,0.9029031585648283,0.85
4,2025-03-19,21,Wednesday,zone_hour_profile,1000,171,260,0.6576923076923077,Late evening,Weekday,0.8639469137572943,0.6,0.9368476910140371,0.8,0.958423059977098,0.95
4,2025-03-19,21,Wednesday,same_hour_last_week,1000,171,260,0.6576923076923077,Late evening,Weekday,0.8318027716485077,0.4,0.8464571671290977,0.7,0.930015019880013,0.95
4,2025-03-19,21,Wednesday,trailing_4_week_profile,1000,171,260,0.6576923076923077,Late evening,Weekday,0.8749931327501324,0.6,0.9464869207283877,0.8,0.965964751697065,1.0
4,2025-03-19,22,Wednesday,global_popularity,500,203,260,0.7807692307692308,Late evening,Weekday,0.627667784338253,0.6,0.6781368979111886,0.5,0.7765773844254684,0.8
4,2025-03-19,22,Wednesday,zone_hour_profile,500,203,260,0.7807692307692308,Late evening,Weekday,0.6516121090056133,0.6,0.7821566080689232,0.8,0.843322377983533,0.9
4,2025-03-19,22,Wednesday,same_hour_last_week,500,203,260,0.7807692307692308,Late evening,Weekday,0.6275802048409858,0.6,0.6705179713394254,0.7,0.8234781074190302,0.9
4,2025-03-19,22,Wednesday,trailing_4_week_profile,500,203,260,0.7807692307692308,Late evening,Weekday,0.6604087050410863,0.6,0.689264646834085,0.7,0.8394804619866194,0.95
4,2025-03-19,22,Wednesday,global_popularity,1000,171,260,0.6576923076923077,Late evening,Weekday,0.627667784338253,0.6,0.6781368979111886,0.5,0.7765773844254684,0.8
4,2025-03-19,22,Wednesday,zone_hour_profile,1000,171,260,0.6576923076923077,Late evening,Weekday,0.6516121090056133,0.6,0.7821566080689232,0.8,0.843322377983533,0.9
4,2025-03-19,22,Wednesday,same_hour_last_week,1000,171,260,0.6576923076923077,Late evening,Weekday,0.6275802048409858,0.6,0.6705179713394254,0.7,0.8234781074190302,0.9
4,2025-03-19,22,Wednesday,trailing_4_week_profile,1000,171,260,0.6576923076923077,Late evening,Weekday,0.6604087050410863,0.6,0.689264646834085,0.7,0.8394804619866194,0.95
4,2025-03-19,23,Wednesday,global_popularity,500,203,260,0.7807692307692308,Late evening,Weekday,0.5207131358622554,0.6,0.55328470028752,0.4,0.6644808543122368,0.75
4,2025-03-19,23,Wednesday,zone_hour_profile,500,203,260,0.7807692307692308,Late evening,Weekday,0.8347931709945553,1.0,0.8495164513757986,0.8,0.8730843883409015,0.9
4,2025-03-19,23,Wednesday,same_hour_last_week,500,203,260,0.7807692307692308,Late evening,Weekday,0.4918475430600711,0.8,0.6996473485205509,0.8,0.7432450115446877,0.95
4,2025-03-19,23,Wednesday,trailing_4_week_profile,500,203,260,0.7807692307692308,Late evening,Weekday,0.8347931709945553,1.0,0.8500964948526204,0.8,0.8732670769705994,0.9
4,2025-03-19,23,Wednesday,global_popularity,1000,171,260,0.6576923076923077,Late evening,Weekday,0.5207131358622554,0.6,0.55328470028752,0.4,0.6644808543122368,0.75
4,2025-03-19,23,Wednesday,zone_hour_profile,1000,171,260,0.6576923076923077,Late evening,Weekday,0.8347931709945553,1.0,0.8495164513757986,0.8,0.8730843883409015,0.9
4,2025-03-19,23,Wednesday,same_hour_last_week,1000,171,260,0.6576923076923077,Late evening,Weekday,0.4918475430600711,0.8,0.6996473485205509,0.8,0.7432450115446877,0.95
4,2025-03-19,23,Wednesday,trailing_4_week_profile,1000,171,260,0.6576923076923077,Late evening,Weekday,0.8347931709945553,1.0,0.8500964948526204,0.8,0.8732670769705994,0.9
4,2025-03-20,0,Thursday,global_popularity,500,203,260,0.7807692307692308,Overnight,Weekday,0.4469735271791124,0.4,0.46900737483094407,0.4,0.5892881071155168,0.65
4,2025-03-20,0,Thursday,zone_hour_profile,500,203,260,0.7807692307692308,Overnight,Weekday,0.9523217834312123,0.6,0.9693759257072888,0.9,0.9605427102807634,0.75
4,2025-03-20,0,Thursday,same_hour_last_week,500,203,260,0.7807692307692308,Overnight,Weekday,0.8599272584159017,0.6,0.8717692230893738,0.8,0.9192770414037885,0.75
4,2025-03-20,0,Thursday,trailing_4_week_profile,500,203,260,0.7807692307692308,Overnight,Weekday,0.9627407105556722,0.6,0.9861102295801771,0.9,0.9793840255066381,0.8
4,2025-03-20,0,Thursday,global_popularity,1000,171,260,0.6576923076923077,Overnight,Weekday,0.4469735271791124,0.4,0.46900737483094407,0.4,0.5892881071155168,0.65
4,2025-03-20,0,Thursday,zone_hour_profile,1000,171,260,0.6576923076923077,Overnight,Weekday,0.9523217834312123,0.6,0.9693759257072888,0.9,0.9605427102807634,0.75
4,2025-03-20,0,Thursday,same_hour_last_week,1000,171,260,0.6576923076923077,Overnight,Weekday,0.8599272584159017,0.6,0.8717692230893738,0.8,0.9192770414037885,0.75
4,2025-03-20,0,Thursday,trailing_4_week_profile,1000,171,260,0.6576923076923077,Overnight,Weekday,0.9627407105556722,0.6,0.9861102295801771,0.9,0.9793840255066381,0.8
4,2025-03-20,1,Thursday,global_popularity,500,203,260,0.7807692307692308,Overnight,Weekday,0.422760050807887,0.2,0.4376540599115221,0.2,0.5336228014866979,0.65
4,2025-03-20,1,Thursday,zone_hour_profile,500,203,260,0.7807692307692308,Overnight,Weekday,0.9690849402065519,0.8,0.9533438179255331,0.7,0.984701904524614,0.95
4,2025-03-20,1,Thursday,same_hour_last_week,500,203,260,0.7807692307692308,Overnight,Weekday,0.7092672401177467,0.8,0.7169412922195408,0.7,0.7459258441136443,0.9
4,2025-03-20,1,Thursday,trailing_4_week_profile,500,203,260,0.7807692307692308,Overnight,Weekday,0.9747897159817908,0.8,0.9688222698387357,0.7,0.9767419099515925,0.9
4,2025-03-20,1,Thursday,global_popularity,1000,171,260,0.6576923076923077,Overnight,Weekday,0.422760050807887,0.2,0.4376540599115221,0.2,0.5336228014866979,0.65
4,2025-03-20,1,Thursday,zone_hour_profile,1000,171,260,0.6576923076923077,Overnight,Weekday,0.9690849402065519,0.8,0.9533438179255331,0.7,0.984701904524614,0.95
4,2025-03-20,1,Thursday,same_hour_last_week,1000,171,260,0.6576923076923077,Overnight,Weekday,0.7092672401177467,0.8,0.7169412922195408,0.7,0.7459258441136443,0.9
4,2025-03-20,1,Thursday,trailing_4_week_profile,1000,171,260,0.6576923076923077,Overnight,Weekday,0.9747897159817908,0.8,0.9688222698387357,0.7,0.9767419099515925,0.9
4,2025-03-20,2,Thursday,global_popularity,500,203,260,0.7807692307692308,Overnight,Weekday,0.34191827008706244,0.2,0.36983596681649095,0.3,0.5217923744604307,0.5
4,2025-03-20,2,Thursday,zone_hour_profile,500,203,260,0.7807692307692308,Overnight,Weekday,0.621085380188562,0.4,0.6348672870699961,0.7,0.7377391917095452,0.8
4,2025-03-20,2,Thursday,same_hour_last_week,500,203,260,0.7807692307692308,Overnight,Weekday,0.7223384170430442,0.6,0.7144710793726752,0.7,0.7298030914552024,0.7
4,2025-03-20,2,Thursday,trailing_4_week_profile,500,203,260,0.7807692307692308,Overnight,Weekday,0.6684071794095354,0.6,0.6989120513947464,0.8,0.8008459156229447,0.85
4,2025-03-20,2,Thursday,global_popularity,1000,171,260,0.6576923076923077,Overnight,Weekday,0.34191827008706244,0.2,0.36983596681649095,0.3,0.5217923744604307,0.5
4,2025-03-20,2,Thursday,zone_hour_profile,1000,171,260,0.6576923076923077,Overnight,Weekday,0.621085380188562,0.4,0.6348672870699961,0.7,0.7377391917095452,0.8
4,2025-03-20,2,Thursday,same_hour_last_week,1000,171,260,0.6576923076923077,Overnight,Weekday,0.7223384170430442,0.6,0.7144710793726752,0.7,0.7298030914552024,0.7
4,2025-03-20,2,Thursday,trailing_4_week_profile,1000,171,260,0.6576923076923077,Overnight,Weekday,0.6684071794095354,0.6,0.6989120513947464,0.8,0.8008459156229447,0.85
4,2025-03-20,3,Thursday,global_popularity,500,203,260,0.7807692307692308,Overnight,Weekday,0.47753215795385706,0.4,0.43663890092003826,0.3,0.5787538500383851,0.5
4,2025-03-20,3,Thursday,zone_hour_profile,500,203,260,0.7807692307692308,Overnight,Weekday,0.9051178430881028,0.8,0.8977835731811187,0.7,0.8754271047266816,0.65
4,2025-03-20,3,Thursday,same_hour_last_week,500,203,260,0.7807692307692308,Overnight,Weekday,0.8334120059273854,0.6,0.8876567831322275,0.7,0.8639567010951127,0.7
4,2025-03-20,3,Thursday,trailing_4_week_profile,500,203,260,0.7807692307692308,Overnight,Weekday,0.9051178430881028,0.8,0.9087562702467137,0.7,0.889102514788077,0.7
4,2025-03-20,3,Thursday,global_popularity,1000,171,260,0.6576923076923077,Overnight,Weekday,0.47753215795385706,0.4,0.43663890092003826,0.3,0.5787538500383851,0.5
4,2025-03-20,3,Thursday,zone_hour_profile,1000,171,260,0.6576923076923077,Overnight,Weekday,0.9051178430881028,0.8,0.8977835731811187,0.7,0.8754271047266816,0.65
4,2025-03-20,3,Thursday,same_hour_last_week,1000,171,260,0.6576923076923077,Overnight,Weekday,0.8334120059273854,0.6,0.8876567831322275,0.7,0.8639567010951127,0.7
4,2025-03-20,3,Thursday,trailing_4_week_profile,1000,171,260,0.6576923076923077,Overnight,Weekday,0.9051178430881028,0.8,0.9087562702467137,0.7,0.889102514788077,0.7
4,2025-03-20,4,Thursday,global_popularity,500,203,260,0.7807692307692308,Overnight,Weekday,0.4856671982876945,0.4,0.5171832558411932,0.3,0.5789529855741843,0.6
4,2025-03-20,4,Thursday,zone_hour_profile,500,203,260,0.7807692307692308,Overnight,Weekday,0.6943625478343232,0.6,0.7313239793737834,0.4,0.7695611909557817,0.65
4,2025-03-20,4,Thursday,same_hour_last_week,500,203,260,0.7807692307692308,Overnight,Weekday,0.7489639819527699,0.6,0.7529086188249176,0.5,0.8031824357742803,0.65
4,2025-03-20,4,Thursday,trailing_4_week_profile,500,203,260,0.7807692307692308,Overnight,Weekday,0.7143917854243877,0.6,0.7420587393335744,0.5,0.7623162688149485,0.65
4,2025-03-20,4,Thursday,global_popularity,1000,171,260,0.6576923076923077,Overnight,Weekday,0.4856671982876945,0.4,0.5171832558411932,0.3,0.5789529855741843,0.6
4,2025-03-20,4,Thursday,zone_hour_profile,1000,171,260,0.6576923076923077,Overnight,Weekday,0.6943625478343232,0.6,0.7313239793737834,0.4,0.7695611909557817,0.65
4,2025-03-20,4,Thursday,same_hour_last_week,1000,171,260,0.6576923076923077,Overnight,Weekday,0.7489639819527699,0.6,0.7529086188249176,0.5,0.8031824357742803,0.65
4,2025-03-20,4,Thursday,trailing_4_week_profile,1000,171,260,0.6576923076923077,Overnight,Weekday,0.7143917854243877,0.6,0.7420587393335744,0.5,0.7623162688149485,0.65
4,2025-03-20,5,Thursday,global_popularity,500,203,260,0.7807692307692308,Overnight,Weekday,0.6232467079508908,0.4,0.6193668983433566,0.5,0.6632782941210474,0.7
4,2025-03-20,5,Thursday,zone_hour_profile,500,203,260,0.7807692307692308,Overnight,Weekday,0.8864798769825519,0.6,0.9366237179959244,0.8,0.9408914521708294,0.85
4,2025-03-20,5,Thursday,same_hour_last_week,500,203,260,0.7807692307692308,Overnight,Weekday,0.9184025074450879,0.8,0.8791205697391684,0.6,0.9382523784512233,0.8
4,2025-03-20,5,Thursday,trailing_4_week_profile,500,203,260,0.7807692307692308,Overnight,Weekday,0.9217772612574378,0.8,0.9221959023504833,0.6,0.9297916747302946,0.75
4,2025-03-20,5,Thursday,global_popularity,1000,171,260,0.6576923076923077,Overnight,Weekday,0.6232467079508908,0.4,0.6193668983433566,0.5,0.6632782941210474,0.7
4,2025-03-20,5,Thursday,zone_hour_profile,1000,171,260,0.6576923076923077,Overnight,Weekday,0.8864798769825519,0.6,0.9366237179959244,0.8,0.9408914521708294,0.85
4,2025-03-20,5,Thursday,same_hour_last_week,1000,171,260,0.6576923076923077,Overnight,Weekday,0.9184025074450879,0.8,0.8791205697391684,0.6,0.9382523784512233,0.8
4,2025-03-20,5,Thursday,trailing_4_week_profile,1000,171,260,0.6576923076923077,Overnight,Weekday,0.9217772612574378,0.8,0.9221959023504833,0.6,0.9297916747302946,0.75
4,2025-03-20,6,Thursday,global_popularity,500,203,260,0.7807692307692308,Morning,Weekday,0.5397751110235145,0.4,0.587186789377236,0.5,0.6367008615663582,0.7
4,2025-03-20,6,Thursday,zone_hour_profile,500,203,260,0.7807692307692308,Morning,Weekday,0.9748088552776316,0.6,0.9579799925280292,0.7,0.9773281368136684,0.9
4,2025-03-20,6,Thursday,same_hour_last_week,500,203,260,0.7807692307692308,Morning,Weekday,0.7823217732105405,0.6,0.8029785243871311,0.8,0.8310093965614196,0.9
4,2025-03-20,6,Thursday,trailing_4_week_profile,500,203,260,0.7807692307692308,Morning,Weekday,0.7744184739419046,0.6,0.7989436134891179,0.8,0.828696015414849,0.9
4,2025-03-20,6,Thursday,global_popularity,1000,171,260,0.6576923076923077,Morning,Weekday,0.5397751110235145,0.4,0.587186789377236,0.5,0.6367008615663582,0.7
4,2025-03-20,6,Thursday,zone_hour_profile,1000,171,260,0.6576923076923077,Morning,Weekday,0.9748088552776316,0.6,0.9579799925280292,0.7,0.9773281368136684,0.9
4,2025-03-20,6,Thursday,same_hour_last_week,1000,171,260,0.6576923076923077,Morning,Weekday,0.7823217732105405,0.6,0.8029785243871311,0.8,0.8310093965614196,0.9
4,2025-03-20,6,Thursday,trailing_4_week_profile,1000,171,260,0.6576923076923077,Morning,Weekday,0.7744184739419046,0.6,0.7989436134891179,0.8,0.828696015414849,0.9
4,2025-03-20,7,Thursday,global_popularity,500,203,260,0.7807692307692308,Morning,Weekday,0.7078984134437775,0.6,0.7503912477733221,0.6,0.7790906957094305,0.7
4,2025-03-20,7,Thursday,zone_hour_profile,500,203,260,0.7807692307692308,Morning,Weekday,0.6278506532947677,0.4,0.8007576157032035,0.7,0.8320030707403767,0.9
4,2025-03-20,7,Thursday,same_hour_last_week,500,203,260,0.7807692307692308,Morning,Weekday,0.6437570017542996,0.6,0.8040966047601066,0.6,0.8483658967561236,0.9
4,2025-03-20,7,Thursday,trailing_4_week_profile,500,203,260,0.7807692307692308,Morning,Weekday,0.6437570017542996,0.6,0.8111396243866388,0.7,0.8377441728243782,0.9
4,2025-03-20,7,Thursday,global_popularity,1000,171,260,0.6576923076923077,Morning,Weekday,0.7078984134437775,0.6,0.7503912477733221,0.6,0.7790906957094305,0.7
4,2025-03-20,7,Thursday,zone_hour_profile,1000,171,260,0.6576923076923077,Morning,Weekday,0.6278506532947677,0.4,0.8007576157032035,0.7,0.8320030707403767,0.9
4,2025-03-20,7,Thursday,same_hour_last_week,1000,171,260,0.6576923076923077,Morning,Weekday,0.6437570017542996,0.6,0.8040966047601066,0.6,0.8483658967561236,0.9
4,2025-03-20,7,Thursday,trailing_4_week_profile,1000,171,260,0.6576923076923077,Morning,Weekday,0.6437570017542996,0.6,0.8111396243866388,0.7,0.8377441728243782,0.9
4,2025-03-20,8,Thursday,global_popularity,500,203,260,0.7807692307692308,Morning,Weekday,0.7499940880247558,0.4,0.7996053654362169,0.6,0.8466514482310619,0.75
4,2025-03-20,8,Thursday,zone_hour_profile,500,203,260,0.7807692307692308,Morning,Weekday,0.7575969748023392,0.6,0.7696110082462458,0.5,0.8233033372561206,0.9
4,2025-03-20,8,Thursday,same_hour_last_week,500,203,260,0.7807692307692308,Morning,Weekday,0.7299421391418508,0.6,0.7654022569743293,0.5,0.8216696511321303,0.9
4,2025-03-20,8,Thursday,trailing_4_week_profile,500,203,260,0.7807692307692308,Morning,Weekday,0.7569817564041568,0.6,0.7649918541065414,0.4,0.8246857818825886,0.9
4,2025-03-20,8,Thursday,global_popularity,1000,171,260,0.6576923076923077,Morning,Weekday,0.7499940880247558,0.4,0.7996053654362169,0.6,0.8466514482310619,0.75
4,2025-03-20,8,Thursday,zone_hour_profile,1000,171,260,0.6576923076923077,Morning,Weekday,0.7575969748023392,0.6,0.7696110082462458,0.5,0.8233033372561206,0.9
4,2025-03-20,8,Thursday,same_hour_last_week,1000,171,260,0.6576923076923077,Morning,Weekday,0.7299421391418508,0.6,0.7654022569743293,0.5,0.8216696511321303,0.9
4,2025-03-20,8,Thursday,trailing_4_week_profile,1000,171,260,0.6576923076923077,Morning,Weekday,0.7569817564041568,0.6,0.7649918541065414,0.4,0.8246857818825886,0.9
4,2025-03-20,9,Thursday,global_popularity,500,203,260,0.7807692307692308,Morning,Weekday,0.8126647094191402,0.6,0.8377749077158286,0.8,0.8895587848885796,0.75
4,2025-03-20,9,Thursday,zone_hour_profile,500,203,260,0.7807692307692308,Morning,Weekday,0.7979770619275306,0.6,0.801969008028333,0.7,0.8688963688544279,0.9
4,2025-03-20,9,Thursday,same_hour_last_week,500,203,260,0.7807692307692308,Morning,Weekday,0.7986294701025346,0.6,0.8214321782506945,0.8,0.8767513173673335,0.9
4,2025-03-20,9,Thursday,trailing_4_week_profile,500,203,260,0.7807692307692308,Morning,Weekday,0.7979770619275306,0.6,0.8093257101007593,0.7,0.871565602987684,0.9
4,2025-03-20,9,Thursday,global_popularity,1000,171,260,0.6576923076923077,Morning,Weekday,0.8126647094191402,0.6,0.8377749077158286,0.8,0.8895587848885796,0.75
4,2025-03-20,9,Thursday,zone_hour_profile,1000,171,260,0.6576923076923077,Morning,Weekday,0.7979770619275306,0.6,0.801969008028333,0.7,0.8688963688544279,0.9
4,2025-03-20,9,Thursday,same_hour_last_week,1000,171,260,0.6576923076923077,Morning,Weekday,0.7986294701025346,0.6,0.8214321782506945,0.8,0.8767513173673335,0.9
4,2025-03-20,9,Thursday,trailing_4_week_profile,1000,171,260,0.6576923076923077,Morning,Weekday,0.7979770619275306,0.6,0.8093257101007593,0.7,0.871565602987684,0.9
4,2025-03-20,10,Thursday,global_popularity,500,203,260,0.7807692307692308,Midday,Weekday,0.6375784702335211,0.8,0.6813653371564387,0.8,0.7931383515832917,0.85
4,2025-03-20,10,Thursday,zone_hour_profile,500,203,260,0.7807692307692308,Midday,Weekday,0.5560507795090843,0.6,0.7074581694445716,0.7,0.7967792172799328,0.95
4,2025-03-20,10,Thursday,same_hour_last_week,500,203,260,0.7807692307692308,Midday,Weekday,0.6937715043902717,0.8,0.7305454948319092,0.8,0.7725833001436236,0.9
4,2025-03-20,10,Thursday,trailing_4_week_profile,500,203,260,0.7807692307692308,Midday,Weekday,0.7144661129572969,0.8,0.7317142644300043,0.7,0.7801349212818937,0.9
4,2025-03-20,10,Thursday,global_popularity,1000,171,260,0.6576923076923077,Midday,Weekday,0.6375784702335211,0.8,0.6813653371564387,0.8,0.7931383515832917,0.85
4,2025-03-20,10,Thursday,zone_hour_profile,1000,171,260,0.6576923076923077,Midday,Weekday,0.5560507795090843,0.6,0.7074581694445716,0.7,0.7967792172799328,0.95
4,2025-03-20,10,Thursday,same_hour_last_week,1000,171,260,0.6576923076923077,Midday,Weekday,0.6937715043902717,0.8,0.7305454948319092,0.8,0.7725833001436236,0.9
4,2025-03-20,10,Thursday,trailing_4_week_profile,1000,171,260,0.6576923076923077,Midday,Weekday,0.7144661129572969,0.8,0.7317142644300043,0.7,0.7801349212818937,0.9
4,2025-03-20,11,Thursday,global_popularity,500,203,260,0.7807692307692308,Midday,Weekday,0.798762429957268,0.8,0.8190205830277804,0.8,0.8924333319849138,0.9
4,2025-03-20,11,Thursday,zone_hour_profile,500,203,260,0.7807692307692308,Midday,Weekday,0.7521264683917784,0.6,0.7738650899435322,0.7,0.8584663248320764,0.85
4,2025-03-20,11,Thursday,same_hour_last_week,500,203,260,0.7807692307692308,Midday,Weekday,0.7402472353309039,0.6,0.8532490854083007,0.9,0.8665670515560301,0.85
4,2025-03-20,11,Thursday,trailing_4_week_profile,500,203,260,0.7807692307692308,Midday,Weekday,0.7534417079925602,0.6,0.775519291950544,0.8,0.8814725874805796,0.9
4,2025-03-20,11,Thursday,global_popularity,1000,171,260,0.6576923076923077,Midday,Weekday,0.798762429957268,0.8,0.8190205830277804,0.8,0.8924333319849138,0.9
4,2025-03-20,11,Thursday,zone_hour_profile,1000,171,260,0.6576923076923077,Midday,Weekday,0.7521264683917784,0.6,0.7738650899435322,0.7,0.8584663248320764,0.85
4,2025-03-20,11,Thursday,same_hour_last_week,1000,171,260,0.6576923076923077,Midday,Weekday,0.7402472353309039,0.6,0.8532490854083007,0.9,0.8665670515560301,0.85
4,2025-03-20,11,Thursday,trailing_4_week_profile,1000,171,260,0.6576923076923077,Midday,Weekday,0.7534417079925602,0.6,0.775519291950544,0.8,0.8814725874805796,0.9
4,2025-03-20,12,Thursday,global_popularity,500,203,260,0.7807692307692308,Midday,Weekday,0.7444087220690625,0.6,0.7665663672137082,0.7,0.8457984672419545,0.9
4,2025-03-20,12,Thursday,zone_hour_profile,500,203,260,0.7807692307692308,Midday,Weekday,0.6279677523908769,0.6,0.6526496387840968,0.7,0.8312954224633001,0.95
4,2025-03-20,12,Thursday,same_hour_last_week,500,203,260,0.7807692307692308,Midday,Weekday,0.6155783224945771,0.6,0.738241770667687,0.7,0.8498821070969546,0.95
4,2025-03-20,12,Thursday,trailing_4_week_profile,500,203,260,0.7807692307692308,Midday,Weekday,0.617921398206048,0.6,0.651637987771947,0.7,0.8303209273352508,0.95
4,2025-03-20,12,Thursday,global_popularity,1000,171,260,0.6576923076923077,Midday,Weekday,0.7444087220690625,0.6,0.7665663672137082,0.7,0.8457984672419545,0.9
4,2025-03-20,12,Thursday,zone_hour_profile,1000,171,260,0.6576923076923077,Midday,Weekday,0.6279677523908769,0.6,0.6526496387840968,0.7,0.8312954224633001,0.95
4,2025-03-20,12,Thursday,same_hour_last_week,1000,171,260,0.6576923076923077,Midday,Weekday,0.6155783224945771,0.6,0.738241770667687,0.7,0.8498821070969546,0.95
4,2025-03-20,12,Thursday,trailing_4_week_profile,1000,171,260,0.6576923076923077,Midday,Weekday,0.617921398206048,0.6,0.651637987771947,0.7,0.8303209273352508,0.95
4,2025-03-20,13,Thursday,global_popularity,500,203,260,0.7807692307692308,Midday,Weekday,0.7414722679253825,0.8,0.772545188527664,0.8,0.8568253606547833,0.85
4,2025-03-20,13,Thursday,zone_hour_profile,500,203,260,0.7807692307692308,Midday,Weekday,0.6244342744340832,0.6,0.748288541591845,0.8,0.8390251747143519,0.95
4,2025-03-20,13,Thursday,same_hour_last_week,500,203,260,0.7807692307692308,Midday,Weekday,0.6620373815680054,0.6,0.7881636411927622,0.8,0.8634408602320767,0.95
4,2025-03-20,13,Thursday,trailing_4_week_profile,500,203,260,0.7807692307692308,Midday,Weekday,0.662699041647472,0.6,0.7893606014930321,0.8,0.8722550686612894,0.95
4,2025-03-20,13,Thursday,global_popularity,1000,171,260,0.6576923076923077,Midday,Weekday,0.7414722679253825,0.8,0.772545188527664,0.8,0.8568253606547833,0.85
4,2025-03-20,13,Thursday,zone_hour_profile,1000,171,260,0.6576923076923077,Midday,Weekday,0.6244342744340832,0.6,0.748288541591845,0.8,0.8390251747143519,0.95
4,2025-03-20,13,Thursday,same_hour_last_week,1000,171,260,0.6576923076923077,Midday,Weekday,0.6620373815680054,0.6,0.7881636411927622,0.8,0.8634408602320767,0.95
4,2025-03-20,13,Thursday,trailing_4_week_profile,1000,171,260,0.6576923076923077,Midday,Weekday,0.662699041647472,0.6,0.7893606014930321,0.8,0.8722550686612894,0.95
4,2025-03-20,14,Thursday,global_popularity,500,203,260,0.7807692307692308,Midday,Weekday,0.7250481619030538,0.6,0.7625293732927578,0.8,0.8425787569553426,0.9
4,2025-03-20,14,Thursday,zone_hour_profile,500,203,260,0.7807692307692308,Midday,Weekday,0.683822442588787,0.8,0.7977518981663493,0.8,0.8305616188694669,0.9
4,2025-03-20,14,Thursday,same_hour_last_week,500,203,260,0.7807692307692308,Midday,Weekday,0.6953152160926684,0.8,0.8127905328329186,0.9,0.8428904711916217,0.9
4,2025-03-20,14,Thursday,trailing_4_week_profile,500,203,260,0.7807692307692308,Midday,Weekday,0.683822442588787,0.8,0.8004685983187677,0.8,0.8308174817052557,0.9
4,2025-03-20,14,Thursday,global_popularity,1000,171,260,0.6576923076923077,Midday,Weekday,0.7250481619030538,0.6,0.7625293732927578,0.8,0.8425787569553426,0.9
4,2025-03-20,14,Thursday,zone_hour_profile,1000,171,260,0.6576923076923077,Midday,Weekday,0.683822442588787,0.8,0.7977518981663493,0.8,0.8305616188694669,0.9
4,2025-03-20,14,Thursday,same_hour_last_week,1000,171,260,0.6576923076923077,Midday,Weekday,0.6953152160926684,0.8,0.8127905328329186,0.9,0.8428904711916217,0.9
4,2025-03-20,14,Thursday,trailing_4_week_profile,1000,171,260,0.6576923076923077,Midday,Weekday,0.683822442588787,0.8,0.8004685983187677,0.8,0.8308174817052557,0.9
4,2025-03-20,15,Thursday,global_popularity,500,203,260,0.7807692307692308,Midday,Weekday,0.6985989990949433,0.6,0.7450944629662891,0.8,0.8035769410647354,0.85
4,2025-03-20,15,Thursday,zone_hour_profile,500,203,260,0.7807692307692308,Midday,Weekday,0.6596018986047824,0.8,0.7479120787156859,0.8,0.7934585188887797,0.95
4,2025-03-20,15,Thursday,same_hour_last_week,500,203,260,0.7807692307692308,Midday,Weekday,0.6596018986047824,0.8,0.6629950301448516,0.7,0.7733585102123286,0.9
4,2025-03-20,15,Thursday,trailing_4_week_profile,500,203,260,0.7807692307692308,Midday,Weekday,0.6446230145318155,0.8,0.7363224771526005,0.8,0.783364227605002,0.95
4,2025-03-20,15,Thursday,global_popularity,1000,171,260,0.6576923076923077,Midday,Weekday,0.6985989990949433,0.6,0.7450944629662891,0.8,0.8035769410647354,0.85
4,2025-03-20,15,Thursday,zone_hour_profile,1000,171,260,0.6576923076923077,Midday,Weekday,0.6596018986047824,0.8,0.7479120787156859,0.8,0.7934585188887797,0.95
4,2025-03-20,15,Thursday,same_hour_last_week,1000,171,260,0.6576923076923077,Midday,Weekday,0.6596018986047824,0.8,0.6629950301448516,0.7,0.7733585102123286,0.9
4,2025-03-20,15,Thursday,trailing_4_week_profile,1000,171,260,0.6576923076923077,Midday,Weekday,0.6446230145318155,0.8,0.7363224771526005,0.8,0.783364227605002,0.95
4,2025-03-20,16,Thursday,global_popularity,500,203,260,0.7807692307692308,Evening,Weekday,0.7166134746770697,0.6,0.746352450663156,0.8,0.8187229064706881,0.8
4,2025-03-20,16,Thursday,zone_hour_profile,500,203,260,0.7807692307692308,Evening,Weekday,0.7115728978374645,0.8,0.815597424289784,0.9,0.8409314766752823,0.9
4,2025-03-20,16,Thursday,same_hour_last_week,500,203,260,0.7807692307692308,Evening,Weekday,0.5594402392934327,0.6,0.8028164740910645,0.9,0.8304914686798541,0.9
4,2025-03-20,16,Thursday,trailing_4_week_profile,500,203,260,0.7807692307692308,Evening,Weekday,0.7115728978374645,0.8,0.8155361921137299,0.9,0.8415855805122616,0.9
4,2025-03-20,16,Thursday,global_popularity,1000,171,260,0.6576923076923077,Evening,Weekday,0.7166134746770697,0.6,0.746352450663156,0.8,0.8187229064706881,0.8
4,2025-03-20,16,Thursday,zone_hour_profile,1000,171,260,0.6576923076923077,Evening,Weekday,0.7115728978374645,0.8,0.815597424289784,0.9,0.8409314766752823,0.9
4,2025-03-20,16,Thursday,same_hour_last_week,1000,171,260,0.6576923076923077,Evening,Weekday,0.5594402392934327,0.6,0.8028164740910645,0.9,0.8304914686798541,0.9
4,2025-03-20,16,Thursday,trailing_4_week_profile,1000,171,260,0.6576923076923077,Evening,Weekday,0.7115728978374645,0.8,0.8155361921137299,0.9,0.8415855805122616,0.9
4,2025-03-20,17,Thursday,global_popularity,500,203,260,0.7807692307692308,Evening,Weekday,0.7681638918875751,0.6,0.8298676695781599,0.8,0.8815068863695287,0.8
4,2025-03-20,17,Thursday,zone_hour_profile,500,203,260,0.7807692307692308,Evening,Weekday,0.7119146935919966,0.6,0.8336345254357849,0.9,0.890699944215344,0.9
4,2025-03-20,17,Thursday,same_hour_last_week,500,203,260,0.7807692307692308,Evening,Weekday,0.8205663454469926,0.8,0.8421192530240713,0.8,0.8621231557307371,0.9
4,2025-03-20,17,Thursday,trailing_4_week_profile,500,203,260,0.7807692307692308,Evening,Weekday,0.7241939153028505,0.6,0.843785772234672,0.9,0.9003654779689451,0.95
4,2025-03-20,17,Thursday,global_popularity,1000,171,260,0.6576923076923077,Evening,Weekday,0.7681638918875751,0.6,0.8298676695781599,0.8,0.8815068863695287,0.8
4,2025-03-20,17,Thursday,zone_hour_profile,1000,171,260,0.6576923076923077,Evening,Weekday,0.7119146935919966,0.6,0.8336345254357849,0.9,0.890699944215344,0.9
4,2025-03-20,17,Thursday,same_hour_last_week,1000,171,260,0.6576923076923077,Evening,Weekday,0.8205663454469926,0.8,0.8421192530240713,0.8,0.8621231557307371,0.9
4,2025-03-20,17,Thursday,trailing_4_week_profile,1000,171,260,0.6576923076923077,Evening,Weekday,0.7241939153028505,0.6,0.843785772234672,0.9,0.9003654779689451,0.95
4,2025-03-20,18,Thursday,global_popularity,500,203,260,0.7807692307692308,Evening,Weekday,0.7904250038121822,0.6,0.8285603822007747,0.7,0.8757903027306905,0.8
4,2025-03-20,18,Thursday,zone_hour_profile,500,203,260,0.7807692307692308,Evening,Weekday,0.697368842652824,0.6,0.7396208941687842,0.8,0.860704009811864,0.85
4,2025-03-20,18,Thursday,same_hour_last_week,500,203,260,0.7807692307692308,Evening,Weekday,0.6830669882502584,0.6,0.7429986649037142,0.8,0.8592197799502153,0.9
4,2025-03-20,18,Thursday,trailing_4_week_profile,500,203,260,0.7807692307692308,Evening,Weekday,0.6830669882502584,0.6,0.7334620255096562,0.8,0.8555317753491416,0.85
4,2025-03-20,18,Thursday,global_popularity,1000,171,260,0.6576923076923077,Evening,Weekday,0.7904250038121822,0.6,0.8285603822007747,0.7,0.8757903027306905,0.8
4,2025-03-20,18,Thursday,zone_hour_profile,1000,171,260,0.6576923076923077,Evening,Weekday,0.697368842652824,0.6,0.7396208941687842,0.8,0.860704009811864,0.85
4,2025-03-20,18,Thursday,same_hour_last_week,1000,171,260,0.6576923076923077,Evening,Weekday,0.6830669882502584,0.6,0.7429986649037142,0.8,0.8592197799502153,0.9
4,2025-03-20,18,Thursday,trailing_4_week_profile,1000,171,260,0.6576923076923077,Evening,Weekday,0.6830669882502584,0.6,0.7334620255096562,0.8,0.8555317753491416,0.85
4,2025-03-20,19,Thursday,global_popularity,500,203,260,0.7807692307692308,Evening,Weekday,0.6738529156289349,0.4,0.7373841186897452,0.8,0.8076481085771535,0.75
4,2025-03-20,19,Thursday,zone_hour_profile,500,203,260,0.7807692307692308,Evening,Weekday,0.5670791925054458,0.6,0.7217772922275087,0.8,0.7943533069009753,0.8
4,2025-03-20,19,Thursday,same_hour_last_week,500,203,260,0.7807692307692308,Evening,Weekday,0.538763789446183,0.6,0.7113579674639373,0.8,0.7818717178490884,0.8
4,2025-03-20,19,Thursday,trailing_4_week_profile,500,203,260,0.7807692307692308,Evening,Weekday,0.5418232346217581,0.6,0.7139327598870945,0.8,0.7853312214754632,0.8
4,2025-03-20,19,Thursday,global_popularity,1000,171,260,0.6576923076923077,Evening,Weekday,0.6738529156289349,0.4,0.7373841186897452,0.8,0.8076481085771535,0.75
4,2025-03-20,19,Thursday,zone_hour_profile,1000,171,260,0.6576923076923077,Evening,Weekday,0.5670791925054458,0.6,0.7217772922275087,0.8,0.7943533069009753,0.8
4,2025-03-20,19,Thursday,same_hour_last_week,1000,171,260,0.6576923076923077,Evening,Weekday,0.538763789446183,0.6,0.7113579674639373,0.8,0.7818717178490884,0.8
4,2025-03-20,19,Thursday,trailing_4_week_profile,1000,171,260,0.6576923076923077,Evening,Weekday,0.5418232346217581,0.6,0.7139327598870945,0.8,0.7853312214754632,0.8
4,2025-03-20,20,Thursday,global_popularity,500,203,260,0.7807692307692308,Evening,Weekday,0.7382907237087576,0.4,0.7966274751737015,0.7,0.8478231462329104,0.8
4,2025-03-20,20,Thursday,zone_hour_profile,500,203,260,0.7807692307692308,Evening,Weekday,0.655593757390341,0.6,0.8139012602823944,0.7,0.8677902088017112,0.9
4,2025-03-20,20,Thursday,same_hour_last_week,500,203,260,0.7807692307692308,Evening,Weekday,0.6475360225226791,0.6,0.7040487776873491,0.7,0.8177345846139622,0.85
4,2025-03-20,20,Thursday,trailing_4_week_profile,500,203,260,0.7807692307692308,Evening,Weekday,0.653708055112904,0.6,0.8053999818335447,0.8,0.8504045680353808,0.9
4,2025-03-20,20,Thursday,global_popularity,1000,171,260,0.6576923076923077,Evening,Weekday,0.7382907237087576,0.4,0.7966274751737015,0.7,0.8478231462329104,0.8
4,2025-03-20,20,Thursday,zone_hour_profile,1000,171,260,0.6576923076923077,Evening,Weekday,0.655593757390341,0.6,0.8139012602823944,0.7,0.8677902088017112,0.9
4,2025-03-20,20,Thursday,same_hour_last_week,1000,171,260,0.6576923076923077,Evening,Weekday,0.6475360225226791,0.6,0.7040487776873491,0.7,0.8177345846139622,0.85
4,2025-03-20,20,Thursday,trailing_4_week_profile,1000,171,260,0.6576923076923077,Evening,Weekday,0.653708055112904,0.6,0.8053999818335447,0.8,0.8504045680353808,0.9
4,2025-03-20,21,Thursday,global_popularity,500,203,260,0.7807692307692308,Late evening,Weekday,0.7208313980632735,0.6,0.7742107323687788,0.7,0.8624611743852073,0.85
4,2025-03-20,21,Thursday,zone_hour_profile,500,203,260,0.7807692307692308,Late evening,Weekday,0.6508365481489791,0.4,0.7842138478004793,0.6,0.8685357591827494,0.9
4,2025-03-20,21,Thursday,same_hour_last_week,500,203,260,0.7807692307692308,Late evening,Weekday,0.6408085461296339,0.4,0.728651689555987,0.7,0.8549426347645316,0.9
4,2025-03-20,21,Thursday,trailing_4_week_profile,500,203,260,0.7807692307692308,Late evening,Weekday,0.6508365481489791,0.4,0.733167337182489,0.6,0.8594550068129827,0.9
4,2025-03-20,21,Thursday,global_popularity,1000,171,260,0.6576923076923077,Late evening,Weekday,0.7208313980632735,0.6,0.7742107323687788,0.7,0.8624611743852073,0.85
4,2025-03-20,21,Thursday,zone_hour_profile,1000,171,260,0.6576923076923077,Late evening,Weekday,0.6508365481489791,0.4,0.7842138478004793,0.6,0.8685357591827494,0.9
4,2025-03-20,21,Thursday,same_hour_last_week,1000,171,260,0.6576923076923077,Late evening,Weekday,0.6408085461296339,0.4,0.728651689555987,0.7,0.8549426347645316,0.9
4,2025-03-20,21,Thursday,trailing_4_week_profile,1000,171,260,0.6576923076923077,Late evening,Weekday,0.6508365481489791,0.4,0.733167337182489,0.6,0.8594550068129827,0.9
4,2025-03-20,22,Thursday,global_popularity,500,203,260,0.7807692307692308,Late evening,Weekday,0.727354134445708,0.4,0.7595391554460543,0.5,0.8450969186766493,0.8
4,2025-03-20,22,Thursday,zone_hour_profile,500,203,260,0.7807692307692308,Late evening,Weekday,0.7818435907874023,0.4,0.8786606048261272,0.8,0.9103779378227681,0.9
4,2025-03-20,22,Thursday,same_hour_last_week,500,203,260,0.7807692307692308,Late evening,Weekday,0.7332163585012229,0.2,0.8553722510088568,0.8,0.8952960749908282,0.95
4,2025-03-20,22,Thursday,trailing_4_week_profile,500,203,260,0.7807692307692308,Late evening,Weekday,0.7589161153252045,0.2,0.8739208545333579,0.8,0.9110201672137991,0.95
4,2025-03-20,22,Thursday,global_popularity,1000,171,260,0.6576923076923077,Late evening,Weekday,0.727354134445708,0.4,0.7595391554460543,0.5,0.8450969186766493,0.8
4,2025-03-20,22,Thursday,zone_hour_profile,1000,171,260,0.6576923076923077,Late evening,Weekday,0.7818435907874023,0.4,0.8786606048261272,0.8,0.9103779378227681,0.9
4,2025-03-20,22,Thursday,same_hour_last_week,1000,171,260,0.6576923076923077,Late evening,Weekday,0.7332163585012229,0.2,0.8553722510088568,0.8,0.8952960749908282,0.95
4,2025-03-20,22,Thursday,trailing_4_week_profile,1000,171,260,0.6576923076923077,Late evening,Weekday,0.7589161153252045,0.2,0.8739208545333579,0.8,0.9110201672137991,0.95
4,2025-03-20,23,Thursday,global_popularity,500,203,260,0.7807692307692308,Late evening,Weekday,0.5682202523507942,0.6,0.5928552722691793,0.5,0.7386212309110937,0.75
4,2025-03-20,23,Thursday,zone_hour_profile,500,203,260,0.7807692307692308,Late evening,Weekday,0.7648517272069073,0.8,0.8693067043409495,0.9,0.889141674965771,0.95
4,2025-03-20,23,Thursday,same_hour_last_week,500,203,260,0.7807692307692308,Late evening,Weekday,0.6214890412963174,0.4,0.7791714025210069,0.9,0.8580443390062514,0.95
4,2025-03-20,23,Thursday,trailing_4_week_profile,500,203,260,0.7807692307692308,Late evening,Weekday,0.6381623377378811,0.6,0.8392014261313852,0.9,0.868697990612276,0.95
4,2025-03-20,23,Thursday,global_popularity,1000,171,260,0.6576923076923077,Late evening,Weekday,0.5682202523507942,0.6,0.5928552722691793,0.5,0.7386212309110937,0.75
4,2025-03-20,23,Thursday,zone_hour_profile,1000,171,260,0.6576923076923077,Late evening,Weekday,0.7648517272069073,0.8,0.8693067043409495,0.9,0.889141674965771,0.95
4,2025-03-20,23,Thursday,same_hour_last_week,1000,171,260,0.6576923076923077,Late evening,Weekday,0.6214890412963174,0.4,0.7791714025210069,0.9,0.8580443390062514,0.95
4,2025-03-20,23,Thursday,trailing_4_week_profile,1000,171,260,0.6576923076923077,Late evening,Weekday,0.6381623377378811,0.6,0.8392014261313852,0.9,0.868697990612276,0.95
4,2025-03-21,0,Friday,global_popularity,500,203,260,0.7807692307692308,Overnight,Weekday,0.43834851635180894,0.4,0.47618471836795395,0.4,0.581286608636065,0.65
4,2025-03-21,0,Friday,zone_hour_profile,500,203,260,0.7807692307692308,Overnight,Weekday,0.9078962463052938,0.8,0.961638219403138,0.9,0.9611475918416094,0.9
4,2025-03-21,0,Friday,same_hour_last_week,500,203,260,0.7807692307692308,Overnight,Weekday,0.2887396107279984,0.2,0.5797964966750022,0.9,0.6532507552942478,0.85
4,2025-03-21,0,Friday,trailing_4_week_profile,500,203,260,0.7807692307692308,Overnight,Weekday,0.6345013484807677,0.8,0.6841128282889083,0.9,0.7215510914504668,0.95
4,2025-03-21,0,Friday,global_popularity,1000,171,260,0.6576923076923077,Overnight,Weekday,0.43834851635180894,0.4,0.47618471836795395,0.4,0.581286608636065,0.65
4,2025-03-21,0,Friday,zone_hour_profile,1000,171,260,0.6576923076923077,Overnight,Weekday,0.9078962463052938,0.8,0.961638219403138,0.9,0.9611475918416094,0.9
4,2025-03-21,0,Friday,same_hour_last_week,1000,171,260,0.6576923076923077,Overnight,Weekday,0.2887396107279984,0.2,0.5797964966750022,0.9,0.6532507552942478,0.85
4,2025-03-21,0,Friday,trailing_4_week_profile,1000,171,260,0.6576923076923077,Overnight,Weekday,0.6345013484807677,0.8,0.6841128282889083,0.9,0.7215510914504668,0.95
4,2025-03-21,1,Friday,global_popularity,500,203,260,0.7807692307692308,Overnight,Weekday,0.40290706361419804,0.2,0.4146905630668084,0.1,0.46585813428512,0.6
4,2025-03-21,1,Friday,zone_hour_profile,500,203,260,0.7807692307692308,Overnight,Weekday,0.6088694148405871,1.0,0.6258625128607965,0.8,0.6447224714032236,0.85
4,2025-03-21,1,Friday,same_hour_last_week,500,203,260,0.7807692307692308,Overnight,Weekday,0.20272858770359536,0.8,0.49031089407262746,0.8,0.515604027569839,0.85
4,2025-03-21,1,Friday,trailing_4_week_profile,500,203,260,0.7807692307692308,Overnight,Weekday,0.7100786739103732,1.0,0.7208487070469163,0.7,0.734177588029933,0.85
4,2025-03-21,1,Friday,global_popularity,1000,171,260,0.6576923076923077,Overnight,Weekday,0.40290706361419804,0.2,0.4146905630668084,0.1,0.46585813428512,0.6
4,2025-03-21,1,Friday,zone_hour_profile,1000,171,260,0.6576923076923077,Overnight,Weekday,0.6088694148405871,1.0,0.6258625128607965,0.8,0.6447224714032236,0.85
4,2025-03-21,1,Friday,same_hour_last_week,1000,171,260,0.6576923076923077,Overnight,Weekday,0.20272858770359536,0.8,0.49031089407262746,0.8,0.515604027569839,0.85
4,2025-03-21,1,Friday,trailing_4_week_profile,1000,171,260,0.6576923076923077,Overnight,Weekday,0.7100786739103732,1.0,0.7208487070469163,0.7,0.734177588029933,0.85
4,2025-03-21,2,Friday,global_popularity,500,203,260,0.7807692307692308,Overnight,Weekday,0.4121437722456092,0.2,0.4102467406385326,0.1,0.44059725080617956,0.5
4,2025-03-21,2,Friday,zone_hour_profile,500,203,260,0.7807692307692308,Overnight,Weekday,0.12030932371676785,0.6,0.14875625878835397,0.7,0.3773577217250648,0.85
4,2025-03-21,2,Friday,same_hour_last_week,500,203,260,0.7807692307692308,Overnight,Weekday,0.12520671439182224,0.8,0.15460254291844058,0.8,0.17777118884928508,0.8
4,2025-03-21,2,Friday,trailing_4_week_profile,500,203,260,0.7807692307692308,Overnight,Weekday,0.1226119198152071,0.8,0.15141859059712445,0.8,0.36782591336860493,0.8
4,2025-03-21,2,Friday,global_popularity,1000,171,260,0.6576923076923077,Overnight,Weekday,0.4121437722456092,0.2,0.4102467406385326,0.1,0.44059725080617956,0.5
4,2025-03-21,2,Friday,zone_hour_profile,1000,171,260,0.6576923076923077,Overnight,Weekday,0.12030932371676785,0.6,0.14875625878835397,0.7,0.3773577217250648,0.85
4,2025-03-21,2,Friday,same_hour_last_week,1000,171,260,0.6576923076923077,Overnight,Weekday,0.12520671439182224,0.8,0.15460254291844058,0.8,0.17777118884928508,0.8
4,2025-03-21,2,Friday,trailing_4_week_profile,1000,171,260,0.6576923076923077,Overnight,Weekday,0.1226119198152071,0.8,0.15141859059712445,0.8,0.36782591336860493,0.8
4,2025-03-21,3,Friday,global_popularity,500,203,260,0.7807692307692308,Overnight,Weekday,0.43656689674506444,0.4,0.43482453539843896,0.3,0.5112533471628347,0.7
4,2025-03-21,3,Friday,zone_hour_profile,500,203,260,0.7807692307692308,Overnight,Weekday,0.2728321773185718,0.6,0.5490341340297147,0.7,0.5869517240894688,0.75
4,2025-03-21,3,Friday,same_hour_last_week,500,203,260,0.7807692307692308,Overnight,Weekday,0.27054964926473457,0.6,0.29084282870837247,0.5,0.5160265278430558,0.8
4,2025-03-21,3,Friday,trailing_4_week_profile,500,203,260,0.7807692307692308,Overnight,Weekday,0.2779137108815778,0.6,0.5533601903837079,0.7,0.5823897507185509,0.7
4,2025-03-21,3,Friday,global_popularity,1000,171,260,0.6576923076923077,Overnight,Weekday,0.43656689674506444,0.4,0.43482453539843896,0.3,0.5112533471628347,0.7
4,2025-03-21,3,Friday,zone_hour_profile,1000,171,260,0.6576923076923077,Overnight,Weekday,0.2728321773185718,0.6,0.5490341340297147,0.7,0.5869517240894688,0.75
4,2025-03-21,3,Friday,same_hour_last_week,1000,171,260,0.6576923076923077,Overnight,Weekday,0.27054964926473457,0.6,0.29084282870837247,0.5,0.5160265278430558,0.8
4,2025-03-21,3,Friday,trailing_4_week_profile,1000,171,260,0.6576923076923077,Overnight,Weekday,0.2779137108815778,0.6,0.5533601903837079,0.7,0.5823897507185509,0.7
4,2025-03-21,4,Friday,global_popularity,500,203,260,0.7807692307692308,Overnight,Weekday,0.5104946899775761,0.2,0.580015169501311,0.4,0.6917537939260265,0.65
4,2025-03-21,4,Friday,zone_hour_profile,500,203,260,0.7807692307692308,Overnight,Weekday,0.6930010029460307,0.4,0.8307309967496734,0.7,0.8606686698839329,0.85
4,2025-03-21,4,Friday,same_hour_last_week,500,203,260,0.7807692307692308,Overnight,Weekday,0.6446842017512594,0.4,0.7039601555717281,0.5,0.7462292720178413,0.75
4,2025-03-21,4,Friday,trailing_4_week_profile,500,203,260,0.7807692307692308,Overnight,Weekday,0.6921599395518597,0.4,0.8208421137975029,0.7,0.8487206812632316,0.85
4,2025-03-21,4,Friday,global_popularity,1000,171,260,0.6576923076923077,Overnight,Weekday,0.5104946899775761,0.2,0.580015169501311,0.4,0.6917537939260265,0.65
4,2025-03-21,4,Friday,zone_hour_profile,1000,171,260,0.6576923076923077,Overnight,Weekday,0.6930010029460307,0.4,0.8307309967496734,0.7,0.8606686698839329,0.85
4,2025-03-21,4,Friday,same_hour_last_week,1000,171,260,0.6576923076923077,Overnight,Weekday,0.6446842017512594,0.4,0.7039601555717281,0.5,0.7462292720178413,0.75
4,2025-03-21,4,Friday,trailing_4_week_profile,1000,171,260,0.6576923076923077,Overnight,Weekday,0.6921599395518597,0.4,0.8208421137975029,0.7,0.8487206812632316,0.85
4,2025-03-21,5,Friday,global_popularity,500,203,260,0.7807692307692308,Overnight,Weekday,0.5754272344910852,0.6,0.6051382470079213,0.4,0.6584602751928098,0.75
4,2025-03-21,5,Friday,zone_hour_profile,500,203,260,0.7807692307692308,Overnight,Weekday,0.9652137810754152,0.6,0.9612516658531498,0.8,0.9462600737208735,0.75
4,2025-03-21,5,Friday,same_hour_last_week,500,203,260,0.7807692307692308,Overnight,Weekday,0.9392578019029891,0.4,0.9192121536882527,0.7,0.9223744813889109,0.65
4,2025-03-21,5,Friday,trailing_4_week_profile,500,203,260,0.7807692307692308,Overnight,Weekday,0.9824442939406427,0.6,0.9626694292845427,0.8,0.9446474198834965,0.75
4,2025-03-21,5,Friday,global_popularity,1000,171,260,0.6576923076923077,Overnight,Weekday,0.5754272344910852,0.6,0.6051382470079213,0.4,0.6584602751928098,0.75
4,2025-03-21,5,Friday,zone_hour_profile,1000,171,260,0.6576923076923077,Overnight,Weekday,0.9652137810754152,0.6,0.9612516658531498,0.8,0.9462600737208735,0.75
4,2025-03-21,5,Friday,same_hour_last_week,1000,171,260,0.6576923076923077,Overnight,Weekday,0.9392578019029891,0.4,0.9192121536882527,0.7,0.9223744813889109,0.65
4,2025-03-21,5,Friday,trailing_4_week_profile,1000,171,260,0.6576923076923077,Overnight,Weekday,0.9824442939406427,0.6,0.9626694292845427,0.8,0.9446474198834965,0.75
4,2025-03-21,6,Friday,global_popularity,500,203,260,0.7807692307692308,Morning,Weekday,0.547658065924245,0.4,0.6007890698770779,0.7,0.6413655292935664,0.75
4,2025-03-21,6,Friday,zone_hour_profile,500,203,260,0.7807692307692308,Morning,Weekday,0.9464488635243253,0.6,0.9595853228650567,0.7,0.9724638785295422,0.9
4,2025-03-21,6,Friday,same_hour_last_week,500,203,260,0.7807692307692308,Morning,Weekday,0.9558290654076825,0.6,0.9592154366001118,0.7,0.9792317163962637,0.95
4,2025-03-21,6,Friday,trailing_4_week_profile,500,203,260,0.7807692307692308,Morning,Weekday,0.9412204341919648,0.6,0.9526770255960548,0.7,0.9748572976913873,0.95
4,2025-03-21,6,Friday,global_popularity,1000,171,260,0.6576923076923077,Morning,Weekday,0.547658065924245,0.4,0.6007890698770779,0.7,0.6413655292935664,0.75
4,2025-03-21,6,Friday,zone_hour_profile,1000,171,260,0.6576923076923077,Morning,Weekday,0.9464488635243253,0.6,0.9595853228650567,0.7,0.9724638785295422,0.9
4,2025-03-21,6,Friday,same_hour_last_week,1000,171,260,0.6576923076923077,Morning,Weekday,0.9558290654076825,0.6,0.9592154366001118,0.7,0.9792317163962637,0.95
4,2025-03-21,6,Friday,trailing_4_week_profile,1000,171,260,0.6576923076923077,Morning,Weekday,0.9412204341919648,0.6,0.9526770255960548,0.7,0.9748572976913873,0.95
4,2025-03-21,7,Friday,global_popularity,500,203,260,0.7807692307692308,Morning,Weekday,0.5873610959303788,0.4,0.6235988095204871,0.6,0.6682862392542848,0.8
4,2025-03-21,7,Friday,zone_hour_profile,500,203,260,0.7807692307692308,Morning,Weekday,0.6833334263784766,0.8,0.7235711275203018,0.6,0.7599347456779361,0.85
4,2025-03-21,7,Friday,same_hour_last_week,500,203,260,0.7807692307692308,Morning,Weekday,0.6396560938060001,0.8,0.6857147699554453,0.6,0.7304853041933412,0.9
4,2025-03-21,7,Friday,trailing_4_week_profile,500,203,260,0.7807692307692308,Morning,Weekday,0.6833334263784766,0.8,0.7230764895016014,0.6,0.7568396646128028,0.85
4,2025-03-21,7,Friday,global_popularity,1000,171,260,0.6576923076923077,Morning,Weekday,0.5873610959303788,0.4,0.6235988095204871,0.6,0.6682862392542848,0.8
4,2025-03-21,7,Friday,zone_hour_profile,1000,171,260,0.6576923076923077,Morning,Weekday,0.6833334263784766,0.8,0.7235711275203018,0.6,0.7599347456779361,0.85
4,2025-03-21,7,Friday,same_hour_last_week,1000,171,260,0.6576923076923077,Morning,Weekday,0.6396560938060001,0.8,0.6857147699554453,0.6,0.7304853041933412,0.9
4,2025-03-21,7,Friday,trailing_4_week_profile,1000,171,260,0.6576923076923077,Morning,Weekday,0.6833334263784766,0.8,0.7230764895016014,0.6,0.7568396646128028,0.85
4,2025-03-21,8,Friday,global_popularity,500,203,260,0.7807692307692308,Morning,Weekday,0.7923675907766373,0.8,0.8087449207318647,0.6,0.8408732812638603,0.8
4,2025-03-21,8,Friday,zone_hour_profile,500,203,260,0.7807692307692308,Morning,Weekday,0.678803636127691,0.6,0.7167915414850721,0.6,0.8350699638089663,0.9
4,2025-03-21,8,Friday,same_hour_last_week,500,203,260,0.7807692307692308,Morning,Weekday,0.6640106272087629,0.4,0.726410772608634,0.7,0.8374932779914875,0.85
4,2025-03-21,8,Friday,trailing_4_week_profile,500,203,260,0.7807692307692308,Morning,Weekday,0.6640106272087629,0.4,0.7152666053210204,0.6,0.8409907143469425,0.9
4,2025-03-21,8,Friday,global_popularity,1000,171,260,0.6576923076923077,Morning,Weekday,0.7923675907766373,0.8,0.8087449207318647,0.6,0.8408732812638603,0.8
4,2025-03-21,8,Friday,zone_hour_profile,1000,171,260,0.6576923076923077,Morning,Weekday,0.678803636127691,0.6,0.7167915414850721,0.6,0.8350699638089663,0.9
4,2025-03-21,8,Friday,same_hour_last_week,1000,171,260,0.6576923076923077,Morning,Weekday,0.6640106272087629,0.4,0.726410772608634,0.7,0.8374932779914875,0.85
4,2025-03-21,8,Friday,trailing_4_week_profile,1000,171,260,0.6576923076923077,Morning,Weekday,0.6640106272087629,0.4,0.7152666053210204,0.6,0.8409907143469425,0.9
4,2025-03-21,9,Friday,global_popularity,500,203,260,0.7807692307692308,Morning,Weekday,0.6965673219777853,0.8,0.7234640406120482,0.8,0.8056381663088965,0.8
4,2025-03-21,9,Friday,zone_hour_profile,500,203,260,0.7807692307692308,Morning,Weekday,0.5153873405403875,0.2,0.6047986523525114,0.7,0.7891096053452843,0.95
4,2025-03-21,9,Friday,same_hour_last_week,500,203,260,0.7807692307692308,Morning,Weekday,0.5339598744805093,0.2,0.6057085630940003,0.7,0.7890905390199952,0.9
4,2025-03-21,9,Friday,trailing_4_week_profile,500,203,260,0.7807692307692308,Morning,Weekday,0.5153959827059066,0.2,0.5976786788259748,0.6,0.7869712036934268,0.9
4,2025-03-21,9,Friday,global_popularity,1000,171,260,0.6576923076923077,Morning,Weekday,0.6965673219777853,0.8,0.7234640406120482,0.8,0.8056381663088965,0.8
4,2025-03-21,9,Friday,zone_hour_profile,1000,171,260,0.6576923076923077,Morning,Weekday,0.5153873405403875,0.2,0.6047986523525114,0.7,0.7891096053452843,0.95
4,2025-03-21,9,Friday,same_hour_last_week,1000,171,260,0.6576923076923077,Morning,Weekday,0.5339598744805093,0.2,0.6057085630940003,0.7,0.7890905390199952,0.9
4,2025-03-21,9,Friday,trailing_4_week_profile,1000,171,260,0.6576923076923077,Morning,Weekday,0.5153959827059066,0.2,0.5976786788259748,0.6,0.7869712036934268,0.9
4,2025-03-21,10,Friday,global_popularity,500,203,260,0.7807692307692308,Midday,Weekday,0.7348747366625633,0.8,0.7596370379955265,0.8,0.8545107824940873,0.85
4,2025-03-21,10,Friday,zone_hour_profile,500,203,260,0.7807692307692308,Midday,Weekday,0.7327175975579642,0.6,0.7378367907538931,0.6,0.8396013929195384,0.85
4,2025-03-21,10,Friday,same_hour_last_week,500,203,260,0.7807692307692308,Midday,Weekday,0.719798235389286,0.4,0.7633787472890554,0.7,0.8227671689434595,0.85
4,2025-03-21,10,Friday,trailing_4_week_profile,500,203,260,0.7807692307692308,Midday,Weekday,0.7327175975579642,0.6,0.7464322720171347,0.7,0.8398990549707873,0.85
4,2025-03-21,10,Friday,global_popularity,1000,171,260,0.6576923076923077,Midday,Weekday,0.7348747366625633,0.8,0.7596370379955265,0.8,0.8545107824940873,0.85
4,2025-03-21,10,Friday,zone_hour_profile,1000,171,260,0.6576923076923077,Midday,Weekday,0.7327175975579642,0.6,0.7378367907538931,0.6,0.8396013929195384,0.85
4,2025-03-21,10,Friday,same_hour_last_week,1000,171,260,0.6576923076923077,Midday,Weekday,0.719798235389286,0.4,0.7633787472890554,0.7,0.8227671689434595,0.85
4,2025-03-21,10,Friday,trailing_4_week_profile,1000,171,260,0.6576923076923077,Midday,Weekday,0.7327175975579642,0.6,0.7464322720171347,0.7,0.8398990549707873,0.85
4,2025-03-21,11,Friday,global_popularity,500,203,260,0.7807692307692308,Midday,Weekday,0.7381304893176254,0.8,0.7577565264539934,0.8,0.8485936088920912,0.9
4,2025-03-21,11,Friday,zone_hour_profile,500,203,260,0.7807692307692308,Midday,Weekday,0.5802914894623257,0.6,0.7130138748981828,0.8,0.8171282560370574,0.95
4,2025-03-21,11,Friday,same_hour_last_week,500,203,260,0.7807692307692308,Midday,Weekday,0.6207230330109992,0.6,0.7251686725903562,0.8,0.7739219099996703,0.95
4,2025-03-21,11,Friday,trailing_4_week_profile,500,203,260,0.7807692307692308,Midday,Weekday,0.6039245487998456,0.6,0.7201492740229647,0.8,0.8234557738833833,0.95
4,2025-03-21,11,Friday,global_popularity,1000,171,260,0.6576923076923077,Midday,Weekday,0.7381304893176254,0.8,0.7577565264539934,0.8,0.8485936088920912,0.9
4,2025-03-21,11,Friday,zone_hour_profile,1000,171,260,0.6576923076923077,Midday,Weekday,0.5802914894623257,0.6,0.7130138748981828,0.8,0.8171282560370574,0.95
4,2025-03-21,11,Friday,same_hour_last_week,1000,171,260,0.6576923076923077,Midday,Weekday,0.6207230330109992,0.6,0.7251686725903562,0.8,0.7739219099996703,0.95
4,2025-03-21,11,Friday,trailing_4_week_profile,1000,171,260,0.6576923076923077,Midday,Weekday,0.6039245487998456,0.6,0.7201492740229647,0.8,0.8234557738833833,0.95
4,2025-03-21,12,Friday,global_popularity,500,203,260,0.7807692307692308,Midday,Weekday,0.7546012729285316,0.8,0.7662982593447717,0.6,0.8516827656166633,0.85
4,2025-03-21,12,Friday,zone_hour_profile,500,203,260,0.7807692307692308,Midday,Weekday,0.629323489561146,0.6,0.7417744599689652,0.7,0.8507855702564316,0.95
4,2025-03-21,12,Friday,same_hour_last_week,500,203,260,0.7807692307692308,Midday,Weekday,0.6199613558338865,0.6,0.8253629531850166,0.8,0.8604484285882019,0.95
4,2025-03-21,12,Friday,trailing_4_week_profile,500,203,260,0.7807692307692308,Midday,Weekday,0.629323489561146,0.6,0.8065641928763286,0.8,0.8555254002327852,0.95
4,2025-03-21,12,Friday,global_popularity,1000,171,260,0.6576923076923077,Midday,Weekday,0.7546012729285316,0.8,0.7662982593447717,0.6,0.8516827656166633,0.85
4,2025-03-21,12,Friday,zone_hour_profile,1000,171,260,0.6576923076923077,Midday,Weekday,0.629323489561146,0.6,0.7417744599689652,0.7,0.8507855702564316,0.95
4,2025-03-21,12,Friday,same_hour_last_week,1000,171,260,0.6576923076923077,Midday,Weekday,0.6199613558338865,0.6,0.8253629531850166,0.8,0.8604484285882019,0.95
4,2025-03-21,12,Friday,trailing_4_week_profile,1000,171,260,0.6576923076923077,Midday,Weekday,0.629323489561146,0.6,0.8065641928763286,0.8,0.8555254002327852,0.95
4,2025-03-21,13,Friday,global_popularity,500,203,260,0.7807692307692308,Midday,Weekday,0.7253403608137909,0.6,0.7711314691305204,0.8,0.8545722506956187,0.85
4,2025-03-21,13,Friday,zone_hour_profile,500,203,260,0.7807692307692308,Midday,Weekday,0.6086978102969595,0.6,0.7333143202304753,0.7,0.838149460395616,0.95
4,2025-03-21,13,Friday,same_hour_last_week,500,203,260,0.7807692307692308,Midday,Weekday,0.6086978102969595,0.6,0.7390658005682741,0.8,0.8363374024114947,0.95
4,2025-03-21,13,Friday,trailing_4_week_profile,500,203,260,0.7807692307692308,Midday,Weekday,0.6058452087341215,0.6,0.7994193200617559,0.8,0.840535007957284,0.95
4,2025-03-21,13,Friday,global_popularity,1000,171,260,0.6576923076923077,Midday,Weekday,0.7253403608137909,0.6,0.7711314691305204,0.8,0.8545722506956187,0.85
4,2025-03-21,13,Friday,zone_hour_profile,1000,171,260,0.6576923076923077,Midday,Weekday,0.6086978102969595,0.6,0.7333143202304753,0.7,0.838149460395616,0.95
4,2025-03-21,13,Friday,same_hour_last_week,1000,171,260,0.6576923076923077,Midday,Weekday,0.6086978102969595,0.6,0.7390658005682741,0.8,0.8363374024114947,0.95
4,2025-03-21,13,Friday,trailing_4_week_profile,1000,171,260,0.6576923076923077,Midday,Weekday,0.6058452087341215,0.6,0.7994193200617559,0.8,0.840535007957284,0.95
4,2025-03-21,14,Friday,global_popularity,500,203,260,0.7807692307692308,Midday,Weekday,0.6831878936506647,0.8,0.7248905410216148,0.8,0.7949263072756232,0.9
4,2025-03-21,14,Friday,zone_hour_profile,500,203,260,0.7807692307692308,Midday,Weekday,0.7420069448213524,1.0,0.7625545857544879,0.7,0.8094797435561363,0.9
4,2025-03-21,14,Friday,same_hour_last_week,500,203,260,0.7807692307692308,Midday,Weekday,0.7394115983471929,1.0,0.7464077772783582,0.6,0.8068279033553897,0.9
4,2025-03-21,14,Friday,trailing_4_week_profile,500,203,260,0.7807692307692308,Midday,Weekday,0.7420069448213524,1.0,0.7648364467386435,0.7,0.8109098690350183,0.9
4,2025-03-21,14,Friday,global_popularity,1000,171,260,0.6576923076923077,Midday,Weekday,0.6831878936506647,0.8,0.7248905410216148,0.8,0.7949263072756232,0.9
4,2025-03-21,14,Friday,zone_hour_profile,1000,171,260,0.6576923076923077,Midday,Weekday,0.7420069448213524,1.0,0.7625545857544879,0.7,0.8094797435561363,0.9
4,2025-03-21,14,Friday,same_hour_last_week,1000,171,260,0.6576923076923077,Midday,Weekday,0.7394115983471929,1.0,0.7464077772783582,0.6,0.8068279033553897,0.9
4,2025-03-21,14,Friday,trailing_4_week_profile,1000,171,260,0.6576923076923077,Midday,Weekday,0.7420069448213524,1.0,0.7648364467386435,0.7,0.8109098690350183,0.9
4,2025-03-21,15,Friday,global_popularity,500,203,260,0.7807692307692308,Midday,Weekday,0.6271438629520092,0.8,0.6687267262183088,0.8,0.7619529123211503,0.85
4,2025-03-21,15,Friday,zone_hour_profile,500,203,260,0.7807692307692308,Midday,Weekday,0.6144795794744866,0.8,0.7295311280482782,0.7,0.7777362327322037,0.9
4,2025-03-21,15,Friday,same_hour_last_week,500,203,260,0.7807692307692308,Midday,Weekday,0.6313047758464001,0.8,0.741382771824854,0.8,0.781691651403323,0.9
4,2025-03-21,15,Friday,trailing_4_week_profile,500,203,260,0.7807692307692308,Midday,Weekday,0.6144795794744866,0.8,0.7194152078535083,0.7,0.7770811533272931,0.9
4,2025-03-21,15,Friday,global_popularity,1000,171,260,0.6576923076923077,Midday,Weekday,0.6271438629520092,0.8,0.6687267262183088,0.8,0.7619529123211503,0.85
4,2025-03-21,15,Friday,zone_hour_profile,1000,171,260,0.6576923076923077,Midday,Weekday,0.6144795794744866,0.8,0.7295311280482782,0.7,0.7777362327322037,0.9
4,2025-03-21,15,Friday,same_hour_last_week,1000,171,260,0.6576923076923077,Midday,Weekday,0.6313047758464001,0.8,0.741382771824854,0.8,0.781691651403323,0.9
4,2025-03-21,15,Friday,trailing_4_week_profile,1000,171,260,0.6576923076923077,Midday,Weekday,0.6144795794744866,0.8,0.7194152078535083,0.7,0.7770811533272931,0.9
4,2025-03-21,16,Friday,global_popularity,500,203,260,0.7807692307692308,Evening,Weekday,0.678140449165821,0.6,0.7106606722562726,0.7,0.7878038559971389,0.85
4,2025-03-21,16,Friday,zone_hour_profile,500,203,260,0.7807692307692308,Evening,Weekday,0.6884291050395843,0.8,0.7763563040513509,0.8,0.8154134459734284,0.95
4,2025-03-21,16,Friday,same_hour_last_week,500,203,260,0.7807692307692308,Evening,Weekday,0.7537079848536266,0.8,0.7783622718369951,0.8,0.8203727930789779,0.95
4,2025-03-21,16,Friday,trailing_4_week_profile,500,203,260,0.7807692307692308,Evening,Weekday,0.6884291050395843,0.8,0.7823752241024775,0.8,0.8188388983010323,0.95
4,2025-03-21,16,Friday,global_popularity,1000,171,260,0.6576923076923077,Evening,Weekday,0.678140449165821,0.6,0.7106606722562726,0.7,0.7878038559971389,0.85
4,2025-03-21,16,Friday,zone_hour_profile,1000,171,260,0.6576923076923077,Evening,Weekday,0.6884291050395843,0.8,0.7763563040513509,0.8,0.8154134459734284,0.95
4,2025-03-21,16,Friday,same_hour_last_week,1000,171,260,0.6576923076923077,Evening,Weekday,0.7537079848536266,0.8,0.7783622718369951,0.8,0.8203727930789779,0.95
4,2025-03-21,16,Friday,trailing_4_week_profile,1000,171,260,0.6576923076923077,Evening,Weekday,0.6884291050395843,0.8,0.7823752241024775,0.8,0.8188388983010323,0.95
4,2025-03-21,17,Friday,global_popularity,500,203,260,0.7807692307692308,Evening,Weekday,0.7313457037369026,0.6,0.7693052601112957,0.8,0.8260906286051954,0.85
4,2025-03-21,17,Friday,zone_hour_profile,500,203,260,0.7807692307692308,Evening,Weekday,0.7262857649776536,0.8,0.7588035401177047,0.7,0.8249653178972167,0.9
4,2025-03-21,17,Friday,same_hour_last_week,500,203,260,0.7807692307692308,Evening,Weekday,0.746742444837453,0.8,0.7773944197130327,0.8,0.8377440694504863,0.9
4,2025-03-21,17,Friday,trailing_4_week_profile,500,203,260,0.7807692307692308,Evening,Weekday,0.7276827252440204,0.8,0.7576145644916935,0.7,0.824720784629944,0.9
4,2025-03-21,17,Friday,global_popularity,1000,171,260,0.6576923076923077,Evening,Weekday,0.7313457037369026,0.6,0.7693052601112957,0.8,0.8260906286051954,0.85
4,2025-03-21,17,Friday,zone_hour_profile,1000,171,260,0.6576923076923077,Evening,Weekday,0.7262857649776536,0.8,0.7588035401177047,0.7,0.8249653178972167,0.9
4,2025-03-21,17,Friday,same_hour_last_week,1000,171,260,0.6576923076923077,Evening,Weekday,0.746742444837453,0.8,0.7773944197130327,0.8,0.8377440694504863,0.9
4,2025-03-21,17,Friday,trailing_4_week_profile,1000,171,260,0.6576923076923077,Evening,Weekday,0.7276827252440204,0.8,0.7576145644916935,0.7,0.824720784629944,0.9
4,2025-03-21,18,Friday,global_popularity,500,203,260,0.7807692307692308,Evening,Weekday,0.6556002998732395,0.6,0.7110948903709595,0.7,0.8137578353579367,0.85
4,2025-03-21,18,Friday,zone_hour_profile,500,203,260,0.7807692307692308,Evening,Weekday,0.5333553779416058,0.6,0.6049400723528052,0.8,0.7824912238930589,0.9
4,2025-03-21,18,Friday,same_hour_last_week,500,203,260,0.7807692307692308,Evening,Weekday,0.665503014758014,0.8,0.7203853882209886,0.9,0.8114648904840647,0.9
4,2025-03-21,18,Friday,trailing_4_week_profile,500,203,260,0.7807692307692308,Evening,Weekday,0.5333553779416058,0.6,0.6849569354467466,0.8,0.7872898285035264,0.9
4,2025-03-21,18,Friday,global_popularity,1000,171,260,0.6576923076923077,Evening,Weekday,0.6556002998732395,0.6,0.7110948903709595,0.7,0.8137578353579367,0.85
4,2025-03-21,18,Friday,zone_hour_profile,1000,171,260,0.6576923076923077,Evening,Weekday,0.5333553779416058,0.6,0.6049400723528052,0.8,0.7824912238930589,0.9
4,2025-03-21,18,Friday,same_hour_last_week,1000,171,260,0.6576923076923077,Evening,Weekday,0.665503014758014,0.8,0.7203853882209886,0.9,0.8114648904840647,0.9
4,2025-03-21,18,Friday,trailing_4_week_profile,1000,171,260,0.6576923076923077,Evening,Weekday,0.5333553779416058,0.6,0.6849569354467466,0.8,0.7872898285035264,0.9
4,2025-03-21,19,Friday,global_popularity,500,203,260,0.7807692307692308,Evening,Weekday,0.6113213966910758,0.6,0.6800457737795269,0.8,0.7813644075758783,0.9
4,2025-03-21,19,Friday,zone_hour_profile,500,203,260,0.7807692307692308,Evening,Weekday,0.6012232995813094,0.6,0.6678162920159009,0.9,0.7680414498491239,0.95
4,2025-03-21,19,Friday,same_hour_last_week,500,203,260,0.7807692307692308,Evening,Weekday,0.4440753065472351,0.4,0.6586739428615429,0.9,0.7613628348821375,0.95
4,2025-03-21,19,Friday,trailing_4_week_profile,500,203,260,0.7807692307692308,Evening,Weekday,0.4513614520694567,0.4,0.6506780261947523,0.9,0.7574692611720714,0.95
4,2025-03-21,19,Friday,global_popularity,1000,171,260,0.6576923076923077,Evening,Weekday,0.6113213966910758,0.6,0.6800457737795269,0.8,0.7813644075758783,0.9
4,2025-03-21,19,Friday,zone_hour_profile,1000,171,260,0.6576923076923077,Evening,Weekday,0.6012232995813094,0.6,0.6678162920159009,0.9,0.7680414498491239,0.95
4,2025-03-21,19,Friday,same_hour_last_week,1000,171,260,0.6576923076923077,Evening,Weekday,0.4440753065472351,0.4,0.6586739428615429,0.9,0.7613628348821375,0.95
4,2025-03-21,19,Friday,trailing_4_week_profile,1000,171,260,0.6576923076923077,Evening,Weekday,0.4513614520694567,0.4,0.6506780261947523,0.9,0.7574692611720714,0.95
4,2025-03-21,20,Friday,global_popularity,500,203,260,0.7807692307692308,Evening,Weekday,0.5617194579781606,0.4,0.6270752800168458,0.7,0.7236420582226023,0.85
4,2025-03-21,20,Friday,zone_hour_profile,500,203,260,0.7807692307692308,Evening,Weekday,0.5979207230119086,0.4,0.6568081523933955,0.7,0.7582734133432576,0.9
4,2025-03-21,20,Friday,same_hour_last_week,500,203,260,0.7807692307692308,Evening,Weekday,0.5996216739030495,0.4,0.6528337811682974,0.7,0.7554987639565313,0.85
4,2025-03-21,20,Friday,trailing_4_week_profile,500,203,260,0.7807692307692308,Evening,Weekday,0.6033039021307774,0.6,0.6594970174089742,0.8,0.7580597894177795,0.9
4,2025-03-21,20,Friday,global_popularity,1000,171,260,0.6576923076923077,Evening,Weekday,0.5617194579781606,0.4,0.6270752800168458,0.7,0.7236420582226023,0.85
4,2025-03-21,20,Friday,zone_hour_profile,1000,171,260,0.6576923076923077,Evening,Weekday,0.5979207230119086,0.4,0.6568081523933955,0.7,0.7582734133432576,0.9
4,2025-03-21,20,Friday,same_hour_last_week,1000,171,260,0.6576923076923077,Evening,Weekday,0.5996216739030495,0.4,0.6528337811682974,0.7,0.7554987639565313,0.85
4,2025-03-21,20,Friday,trailing_4_week_profile,1000,171,260,0.6576923076923077,Evening,Weekday,0.6033039021307774,0.6,0.6594970174089742,0.8,0.7580597894177795,0.9
4,2025-03-21,21,Friday,global_popularity,500,203,260,0.7807692307692308,Late evening,Weekday,0.6089030318794062,0.6,0.633458814617448,0.6,0.7410250707268077,0.85
4,2025-03-21,21,Friday,zone_hour_profile,500,203,260,0.7807692307692308,Late evening,Weekday,0.6835056448152623,0.6,0.7431216347414149,0.9,0.8078126044719064,0.95
4,2025-03-21,21,Friday,same_hour_last_week,500,203,260,0.7807692307692308,Late evening,Weekday,0.720794234623268,0.6,0.7619385936480895,0.9,0.8224358159697417,0.9
4,2025-03-21,21,Friday,trailing_4_week_profile,500,203,260,0.7807692307692308,Late evening,Weekday,0.7025591388311005,0.6,0.7591205150191209,0.9,0.8179992886176763,0.9
4,2025-03-21,21,Friday,global_popularity,1000,171,260,0.6576923076923077,Late evening,Weekday,0.6089030318794062,0.6,0.633458814617448,0.6,0.7410250707268077,0.85
4,2025-03-21,21,Friday,zone_hour_profile,1000,171,260,0.6576923076923077,Late evening,Weekday,0.6835056448152623,0.6,0.7431216347414149,0.9,0.8078126044719064,0.95
4,2025-03-21,21,Friday,same_hour_last_week,1000,171,260,0.6576923076923077,Late evening,Weekday,0.720794234623268,0.6,0.7619385936480895,0.9,0.8224358159697417,0.9
4,2025-03-21,21,Friday,trailing_4_week_profile,1000,171,260,0.6576923076923077,Late evening,Weekday,0.7025591388311005,0.6,0.7591205150191209,0.9,0.8179992886176763,0.9
4,2025-03-21,22,Friday,global_popularity,500,203,260,0.7807692307692308,Late evening,Weekday,0.5943867566351645,0.6,0.6364986970689366,0.6,0.7680446613859919,0.75
4,2025-03-21,22,Friday,zone_hour_profile,500,203,260,0.7807692307692308,Late evening,Weekday,0.6784328974379958,0.4,0.7880696412863636,0.8,0.8153395461148171,0.8
4,2025-03-21,22,Friday,same_hour_last_week,500,203,260,0.7807692307692308,Late evening,Weekday,0.6165906169275748,0.2,0.7501995794702058,0.8,0.8037258957820758,0.85
4,2025-03-21,22,Friday,trailing_4_week_profile,500,203,260,0.7807692307692308,Late evening,Weekday,0.6700862602826211,0.4,0.7772311958672745,0.8,0.8071201213057891,0.85
4,2025-03-21,22,Friday,global_popularity,1000,171,260,0.6576923076923077,Late evening,Weekday,0.5943867566351645,0.6,0.6364986970689366,0.6,0.7680446613859919,0.75
4,2025-03-21,22,Friday,zone_hour_profile,1000,171,260,0.6576923076923077,Late evening,Weekday,0.6784328974379958,0.4,0.7880696412863636,0.8,0.8153395461148171,0.8
4,2025-03-21,22,Friday,same_hour_last_week,1000,171,260,0.6576923076923077,Late evening,Weekday,0.6165906169275748,0.2,0.7501995794702058,0.8,0.8037258957820758,0.85
4,2025-03-21,22,Friday,trailing_4_week_profile,1000,171,260,0.6576923076923077,Late evening,Weekday,0.6700862602826211,0.4,0.7772311958672745,0.8,0.8071201213057891,0.85
4,2025-03-21,23,Friday,global_popularity,500,203,260,0.7807692307692308,Late evening,Weekday,0.42631712238814673,0.4,0.4678947094686366,0.3,0.649575529661366,0.6
4,2025-03-21,23,Friday,zone_hour_profile,500,203,260,0.7807692307692308,Late evening,Weekday,0.7797545726900874,0.6,0.8591820182602036,0.8,0.8785897320616057,0.9
4,2025-03-21,23,Friday,same_hour_last_week,500,203,260,0.7807692307692308,Late evening,Weekday,0.7326623592141247,0.4,0.8388153841992786,0.8,0.8646548029778355,0.95
4,2025-03-21,23,Friday,trailing_4_week_profile,500,203,260,0.7807692307692308,Late evening,Weekday,0.7806455272815381,0.6,0.8577787078646459,0.8,0.919964794575902,0.95
4,2025-03-21,23,Friday,global_popularity,1000,171,260,0.6576923076923077,Late evening,Weekday,0.42631712238814673,0.4,0.4678947094686366,0.3,0.649575529661366,0.6
4,2025-03-21,23,Friday,zone_hour_profile,1000,171,260,0.6576923076923077,Late evening,Weekday,0.7797545726900874,0.6,0.8591820182602036,0.8,0.8785897320616057,0.9
4,2025-03-21,23,Friday,same_hour_last_week,1000,171,260,0.6576923076923077,Late evening,Weekday,0.7326623592141247,0.4,0.8388153841992786,0.8,0.8646548029778355,0.95
4,2025-03-21,23,Friday,trailing_4_week_profile,1000,171,260,0.6576923076923077,Late evening,Weekday,0.7806455272815381,0.6,0.8577787078646459,0.8,0.919964794575902,0.95
4,2025-03-22,0,Saturday,global_popularity,500,203,260,0.7807692307692308,Overnight,Weekend,0.24439517578380485,0.2,0.29580268735689125,0.2,0.5088560540766992,0.55
4,2025-03-22,0,Saturday,zone_hour_profile,500,203,260,0.7807692307692308,Overnight,Weekend,0.8931660136063915,0.6,0.8735620366532415,0.8,0.914346103980025,0.95
4,2025-03-22,0,Saturday,same_hour_last_week,500,203,260,0.7807692307692308,Overnight,Weekend,0.8979186205311179,0.6,0.8625264205186742,0.6,0.9112869180663834,0.95
4,2025-03-22,0,Saturday,trailing_4_week_profile,500,203,260,0.7807692307692308,Overnight,Weekend,0.8931660136063915,0.6,0.8700094322350729,0.7,0.9147566425574676,0.95
4,2025-03-22,0,Saturday,global_popularity,1000,171,260,0.6576923076923077,Overnight,Weekend,0.24439517578380485,0.2,0.29580268735689125,0.2,0.5088560540766992,0.55
4,2025-03-22,0,Saturday,zone_hour_profile,1000,171,260,0.6576923076923077,Overnight,Weekend,0.8931660136063915,0.6,0.8735620366532415,0.8,0.914346103980025,0.95
4,2025-03-22,0,Saturday,same_hour_last_week,1000,171,260,0.6576923076923077,Overnight,Weekend,0.8979186205311179,0.6,0.8625264205186742,0.6,0.9112869180663834,0.95
4,2025-03-22,0,Saturday,trailing_4_week_profile,1000,171,260,0.6576923076923077,Overnight,Weekend,0.8931660136063915,0.6,0.8700094322350729,0.7,0.9147566425574676,0.95
4,2025-03-22,1,Saturday,global_popularity,500,203,260,0.7807692307692308,Overnight,Weekend,0.1445027286028735,0.2,0.18233633004515154,0.2,0.3822705911524663,0.45
4,2025-03-22,1,Saturday,zone_hour_profile,500,203,260,0.7807692307692308,Overnight,Weekend,0.9810720414752468,0.8,0.9706164915795931,0.9,0.9583490999325432,0.85
4,2025-03-22,1,Saturday,same_hour_last_week,500,203,260,0.7807692307692308,Overnight,Weekend,0.9810720414752468,0.8,0.9683205889723663,0.8,0.9827973862891778,0.9
4,2025-03-22,1,Saturday,trailing_4_week_profile,500,203,260,0.7807692307692308,Overnight,Weekend,0.9831730948489609,0.8,0.9718113411743675,0.9,0.9596142082426111,0.85
4,2025-03-22,1,Saturday,global_popularity,1000,171,260,0.6576923076923077,Overnight,Weekend,0.1445027286028735,0.2,0.18233633004515154,0.2,0.3822705911524663,0.45
4,2025-03-22,1,Saturday,zone_hour_profile,1000,171,260,0.6576923076923077,Overnight,Weekend,0.9810720414752468,0.8,0.9706164915795931,0.9,0.9583490999325432,0.85
4,2025-03-22,1,Saturday,same_hour_last_week,1000,171,260,0.6576923076923077,Overnight,Weekend,0.9810720414752468,0.8,0.9683205889723663,0.8,0.9827973862891778,0.9
4,2025-03-22,1,Saturday,trailing_4_week_profile,1000,171,260,0.6576923076923077,Overnight,Weekend,0.9831730948489609,0.8,0.9718113411743675,0.9,0.9596142082426111,0.85
4,2025-03-22,2,Saturday,global_popularity,500,203,260,0.7807692307692308,Overnight,Weekend,0.06984216474204331,0.0,0.10646658550083724,0.0,0.2913707362365182,0.35
4,2025-03-22,2,Saturday,zone_hour_profile,500,203,260,0.7807692307692308,Overnight,Weekend,1.0,1.0,0.9962813033313102,0.9,0.9853256600959646,0.85
4,2025-03-22,2,Saturday,same_hour_last_week,500,203,260,0.7807692307692308,Overnight,Weekend,0.9561912243584929,1.0,0.9555632186830647,0.9,0.9592806960145381,0.9
4,2025-03-22,2,Saturday,trailing_4_week_profile,500,203,260,0.7807692307692308,Overnight,Weekend,1.0,1.0,0.9956907897394512,0.9,0.9913058351220163,0.9
4,2025-03-22,2,Saturday,global_popularity,1000,171,260,0.6576923076923077,Overnight,Weekend,0.06984216474204331,0.0,0.10646658550083724,0.0,0.2913707362365182,0.35
4,2025-03-22,2,Saturday,zone_hour_profile,1000,171,260,0.6576923076923077,Overnight,Weekend,1.0,1.0,0.9962813033313102,0.9,0.9853256600959646,0.85
4,2025-03-22,2,Saturday,same_hour_last_week,1000,171,260,0.6576923076923077,Overnight,Weekend,0.9561912243584929,1.0,0.9555632186830647,0.9,0.9592806960145381,0.9
4,2025-03-22,2,Saturday,trailing_4_week_profile,1000,171,260,0.6576923076923077,Overnight,Weekend,1.0,1.0,0.9956907897394512,0.9,0.9913058351220163,0.9
4,2025-03-22,3,Saturday,global_popularity,500,203,260,0.7807692307692308,Overnight,Weekend,0.12060612423502,0.0,0.1421359181761225,0.0,0.3169313018640949,0.3
4,2025-03-22,3,Saturday,zone_hour_profile,500,203,260,0.7807692307692308,Overnight,Weekend,0.9882689069007071,0.8,0.9730055623892051,0.9,0.9474892961270909,0.75
4,2025-03-22,3,Saturday,same_hour_last_week,500,203,260,0.7807692307692308,Overnight,Weekend,0.9603394901575952,0.8,0.9323688632392507,0.8,0.9540991103551489,0.85
4,2025-03-22,3,Saturday,trailing_4_week_profile,500,203,260,0.7807692307692308,Overnight,Weekend,0.9882689069007071,0.8,0.9706345497724661,0.9,0.9786620546741802,0.85
4,2025-03-22,3,Saturday,global_popularity,1000,171,260,0.6576923076923077,Overnight,Weekend,0.12060612423502,0.0,0.1421359181761225,0.0,0.3169313018640949,0.3
4,2025-03-22,3,Saturday,zone_hour_profile,1000,171,260,0.6576923076923077,Overnight,Weekend,0.9882689069007071,0.8,0.9730055623892051,0.9,0.9474892961270909,0.75
4,2025-03-22,3,Saturday,same_hour_last_week,1000,171,260,0.6576923076923077,Overnight,Weekend,0.9603394901575952,0.8,0.9323688632392507,0.8,0.9540991103551489,0.85
4,2025-03-22,3,Saturday,trailing_4_week_profile,1000,171,260,0.6576923076923077,Overnight,Weekend,0.9882689069007071,0.8,0.9706345497724661,0.9,0.9786620546741802,0.85
4,2025-03-22,4,Saturday,global_popularity,500,203,260,0.7807692307692308,Overnight,Weekend,0.23370098340793452,0.0,0.26775764223162685,0.1,0.46978120521945027,0.55
4,2025-03-22,4,Saturday,zone_hour_profile,500,203,260,0.7807692307692308,Overnight,Weekend,0.9882666076350494,1.0,0.9576219973937926,0.8,0.9327848170637132,0.75
4,2025-03-22,4,Saturday,same_hour_last_week,500,203,260,0.7807692307692308,Overnight,Weekend,0.9488719695856466,0.8,0.914411674964997,0.7,0.906369934388797,0.65
4,2025-03-22,4,Saturday,trailing_4_week_profile,500,203,260,0.7807692307692308,Overnight,Weekend,0.9943669096965341,1.0,0.937615959716229,0.7,0.9423661842190376,0.75
4,2025-03-22,4,Saturday,global_popularity,1000,171,260,0.6576923076923077,Overnight,Weekend,0.23370098340793452,0.0,0.26775764223162685,0.1,0.46978120521945027,0.55
4,2025-03-22,4,Saturday,zone_hour_profile,1000,171,260,0.6576923076923077,Overnight,Weekend,0.9882666076350494,1.0,0.9576219973937926,0.8,0.9327848170637132,0.75
4,2025-03-22,4,Saturday,same_hour_last_week,1000,171,260,0.6576923076923077,Overnight,Weekend,0.9488719695856466,0.8,0.914411674964997,0.7,0.906369934388797,0.65
4,2025-03-22,4,Saturday,trailing_4_week_profile,1000,171,260,0.6576923076923077,Overnight,Weekend,0.9943669096965341,1.0,0.937615959716229,0.7,0.9423661842190376,0.75
4,2025-03-22,5,Saturday,global_popularity,500,203,260,0.7807692307692308,Overnight,Weekend,0.5141195580488028,0.4,0.5195825362579762,0.3,0.5953443955891502,0.55
4,2025-03-22,5,Saturday,zone_hour_profile,500,203,260,0.7807692307692308,Overnight,Weekend,0.858987030992916,0.6,0.8812714638783109,0.7,0.8599001912730329,0.6
4,2025-03-22,5,Saturday,same_hour_last_week,500,203,260,0.7807692307692308,Overnight,Weekend,0.8323068408998323,0.6,0.8539519026242085,0.7,0.8591049375510518,0.65
4,2025-03-22,5,Saturday,trailing_4_week_profile,500,203,260,0.7807692307692308,Overnight,Weekend,0.8628475365434373,0.6,0.917416234501604,0.7,0.9307040437804072,0.75
4,2025-03-22,5,Saturday,global_popularity,1000,171,260,0.6576923076923077,Overnight,Weekend,0.5141195580488028,0.4,0.5195825362579762,0.3,0.5953443955891502,0.55
4,2025-03-22,5,Saturday,zone_hour_profile,1000,171,260,0.6576923076923077,Overnight,Weekend,0.858987030992916,0.6,0.8812714638783109,0.7,0.8599001912730329,0.6
4,2025-03-22,5,Saturday,same_hour_last_week,1000,171,260,0.6576923076923077,Overnight,Weekend,0.8323068408998323,0.6,0.8539519026242085,0.7,0.8591049375510518,0.65
4,2025-03-22,5,Saturday,trailing_4_week_profile,1000,171,260,0.6576923076923077,Overnight,Weekend,0.8628475365434373,0.6,0.8690580978873927,0.6,0.8841423066619858,0.7
4,2025-03-22,6,Saturday,global_popularity,500,203,260,0.7807692307692308,Morning,Weekend,0.5697767393154131,0.6,0.60022307847271,0.6,0.6551400034923704,0.8
4,2025-03-22,6,Saturday,zone_hour_profile,500,203,260,0.7807692307692308,Morning,Weekend,0.9179372762382083,0.4,0.8930902076794311,0.4,0.9225231361026531,0.75
4,2025-03-22,6,Saturday,same_hour_last_week,500,203,260,0.7807692307692308,Morning,Weekend,0.9287191938101883,0.4,0.9221076004168023,0.6,0.9148463831416734,0.75
4,2025-03-22,6,Saturday,trailing_4_week_profile,500,203,260,0.7807692307692308,Morning,Weekend,0.9179372762382083,0.4,0.900174475296544,0.5,0.9293479313030955,0.8
4,2025-03-22,6,Saturday,global_popularity,1000,171,260,0.6576923076923077,Morning,Weekend,0.5697767393154131,0.6,0.60022307847271,0.6,0.6551400034923704,0.8
4,2025-03-22,6,Saturday,zone_hour_profile,1000,171,260,0.6576923076923077,Morning,Weekend,0.9179372762382083,0.4,0.8930902076794311,0.4,0.9225231361026531,0.75
4,2025-03-22,6,Saturday,same_hour_last_week,1000,171,260,0.6576923076923077,Morning,Weekend,0.9287191938101883,0.4,0.9221076004168023,0.6,0.9148463831416734,0.75
4,2025-03-22,6,Saturday,trailing_4_week_profile,1000,171,260,0.6576923076923077,Morning,Weekend,0.9179372762382083,0.4,0.900174475296544,0.5,0.9293479313030955,0.8
4,2025-03-22,7,Saturday,global_popularity,500,203,260,0.7807692307692308,Morning,Weekend,0.5504890836486108,0.4,0.5976654834087818,0.6,0.6457324904060548,0.8
4,2025-03-22,7,Saturday,zone_hour_profile,500,203,260,0.7807692307692308,Morning,Weekend,0.9457446594420184,0.4,0.9432214510855286,0.7,0.963150927158277,0.85
4,2025-03-22,7,Saturday,same_hour_last_week,500,203,260,0.7807692307692308,Morning,Weekend,0.9670184447745133,0.6,0.9676663363079739,0.8,0.9669535819097334,0.85
4,2025-03-22,7,Saturday,trailing_4_week_profile,500,203,260,0.7807692307692308,Morning,Weekend,0.9698099435102835,0.6,0.9663324041063508,0.8,0.9696689093308484,0.85
4,2025-03-22,7,Saturday,global_popularity,1000,171,260,0.6576923076923077,Morning,Weekend,0.5504890836486108,0.4,0.5976654834087818,0.6,0.6457324904060548,0.8
4,2025-03-22,7,Saturday,zone_hour_profile,1000,171,260,0.6576923076923077,Morning,Weekend,0.9457446594420184,0.4,0.9432214510855286,0.7,0.963150927158277,0.85
4,2025-03-22,7,Saturday,same_hour_last_week,1000,171,260,0.6576923076923077,Morning,Weekend,0.9670184447745133,0.6,0.9676663363079739,0.8,0.9669535819097334,0.85
4,2025-03-22,7,Saturday,trailing_4_week_profile,1000,171,260,0.6576923076923077,Morning,Weekend,0.9698099435102835,0.6,0.9663324041063508,0.8,0.9696689093308484,0.85
4,2025-03-22,8,Saturday,global_popularity,500,203,260,0.7807692307692308,Morning,Weekend,0.716620984253751,0.6,0.7181496936682393,0.5,0.7776428897635855,0.8
4,2025-03-22,8,Saturday,zone_hour_profile,500,203,260,0.7807692307692308,Morning,Weekend,0.9035647786680807,0.6,0.9160726993519024,0.6,0.945568837779985,0.9
4,2025-03-22,8,Saturday,same_hour_last_week,500,203,260,0.7807692307692308,Morning,Weekend,0.7952796134292776,0.6,0.8039455811706737,0.6,0.8447693652269045,0.85
4,2025-03-22,8,Saturday,trailing_4_week_profile,500,203,260,0.7807692307692308,Morning,Weekend,0.9024576449142953,0.6,0.9276544508318599,0.7,0.9467126344211625,0.9
4,2025-03-22,8,Saturday,global_popularity,1000,171,260,0.6576923076923077,Morning,Weekend,0.716620984253751,0.6,0.7181496936682393,0.5,0.7776428897635855,0.8
4,2025-03-22,8,Saturday,zone_hour_profile,1000,171,260,0.6576923076923077,Morning,Weekend,0.9035647786680807,0.6,0.9160726993519024,0.6,0.945568837779985,0.9
4,2025-03-22,8,Saturday,same_hour_last_week,1000,171,260,0.6576923076923077,Morning,Weekend,0.7952796134292776,0.6,0.8039455811706737,0.6,0.8447693652269045,0.85
4,2025-03-22,8,Saturday,trailing_4_week_profile,1000,171,260,0.6576923076923077,Morning,Weekend,0.9024576449142953,0.6,0.9276544508318599,0.7,0.9467126344211625,0.9
4,2025-03-22,9,Saturday,global_popularity,500,203,260,0.7807692307692308,Morning,Weekend,0.7293848097378642,0.6,0.7414609900771902,0.6,0.8135155163591385,0.75
4,2025-03-22,9,Saturday,zone_hour_profile,500,203,260,0.7807692307692308,Morning,Weekend,0.5157162858509878,0.0,0.7113195439990599,0.7,0.777581887771015,0.9
4,2025-03-22,9,Saturday,same_hour_last_week,500,203,260,0.7807692307692308,Morning,Weekend,0.5178593132601688,0.2,0.6459371798387273,0.7,0.7605096303997616,0.9
4,2025-03-22,9,Saturday,trailing_4_week_profile,500,203,260,0.7807692307692308,Morning,Weekend,0.6817600915541144,0.2,0.7511479987813175,0.7,0.8085927948666247,0.9
4,2025-03-22,9,Saturday,global_popularity,1000,171,260,0.6576923076923077,Morning,Weekend,0.7293848097378642,0.6,0.7414609900771902,0.6,0.8135155163591385,0.75
4,2025-03-22,9,Saturday,zone_hour_profile,1000,171,260,0.6576923076923077,Morning,Weekend,0.5157162858509878,0.0,0.7113195439990599,0.7,0.777581887771015,0.9
4,2025-03-22,9,Saturday,same_hour_last_week,1000,171,260,0.6576923076923077,Morning,Weekend,0.5178593132601688,0.2,0.6459371798387273,0.7,0.7605096303997616,0.9
4,2025-03-22,9,Saturday,trailing_4_week_profile,1000,171,260,0.6576923076923077,Morning,Weekend,0.6817600915541144,0.2,0.7511479987813175,0.7,0.8085927948666247,0.9
4,2025-03-22,10,Saturday,global_popularity,500,203,260,0.7807692307692308,Midday,Weekend,0.6461743665877812,0.6,0.7144639686074025,0.7,0.8133066628845852,0.85
4,2025-03-22,10,Saturday,zone_hour_profile,500,203,260,0.7807692307692308,Midday,Weekend,0.5278292393765032,0.4,0.6112326102825484,0.5,0.7863899699924859,0.9
4,2025-03-22,10,Saturday,same_hour_last_week,500,203,260,0.7807692307692308,Midday,Weekend,0.527253666297272,0.4,0.6173468212848131,0.6,0.7467069495360964,0.85
4,2025-03-22,10,Saturday,trailing_4_week_profile,500,203,260,0.7807692307692308,Midday,Weekend,0.47552761289058604,0.2,0.6719739107958546,0.6,0.7914335019346265,0.9
4,2025-03-22,10,Saturday,global_popularity,1000,171,260,0.6576923076923077,Midday,Weekend,0.6461743665877812,0.6,0.7144639686074025,0.7,0.8133066628845852,0.85
4,2025-03-22,10,Saturday,zone_hour_profile,1000,171,260,0.6576923076923077,Midday,Weekend,0.5278292393765032,0.4,0.6112326102825484,0.5,0.7863899699924859,0.9
4,2025-03-22,10,Saturday,same_hour_last_week,1000,171,260,0.6576923076923077,Midday,Weekend,0.527253666297272,0.4,0.6173468212848131,0.6,0.7467069495360964,0.85
4,2025-03-22,10,Saturday,trailing_4_week_profile,1000,171,260,0.6576923076923077,Midday,Weekend,0.47552761289058604,0.2,0.6719739107958546,0.6,0.7914335019346265,0.9
4,2025-03-22,11,Saturday,global_popularity,500,203,260,0.7807692307692308,Midday,Weekend,0.7488512283920715,0.6,0.8053206732298643,0.8,0.8801394622296536,0.9
4,2025-03-22,11,Saturday,zone_hour_profile,500,203,260,0.7807692307692308,Midday,Weekend,0.6422651790350494,0.4,0.7148333080849554,0.7,0.7970591231319502,0.85
4,2025-03-22,11,Saturday,same_hour_last_week,500,203,260,0.7807692307692308,Midday,Weekend,0.6765479964720704,0.4,0.7414597224481732,0.7,0.8199629624776971,0.85
4,2025-03-22,11,Saturday,trailing_4_week_profile,500,203,260,0.7807692307692308,Midday,Weekend,0.635858707333637,0.4,0.7096120231072627,0.7,0.8351551173911199,0.9
4,2025-03-22,11,Saturday,global_popularity,1000,171,260,0.6576923076923077,Midday,Weekend,0.7488512283920715,0.6,0.8053206732298643,0.8,0.8801394622296536,0.9
4,2025-03-22,11,Saturday,zone_hour_profile,1000,171,260,0.6576923076923077,Midday,Weekend,0.6422651790350494,0.4,0.7148333080849554,0.7,0.7970591231319502,0.85
4,2025-03-22,11,Saturday,same_hour_last_week,1000,171,260,0.6576923076923077,Midday,Weekend,0.6765479964720704,0.4,0.7414597224481732,0.7,0.8199629624776971,0.85
4,2025-03-22,11,Saturday,trailing_4_week_profile,1000,171,260,0.6576923076923077,Midday,Weekend,0.635858707333637,0.4,0.7096120231072627,0.7,0.8351551173911199,0.9
4,2025-03-22,12,Saturday,global_popularity,500,203,260,0.7807692307692308,Midday,Weekend,0.7687316372498842,0.6,0.8116048378327896,0.8,0.8560401458907619,0.85
4,2025-03-22,12,Saturday,zone_hour_profile,500,203,260,0.7807692307692308,Midday,Weekend,0.5688043947739498,0.4,0.6433629482594859,0.7,0.7624717598954299,0.8
4,2025-03-22,12,Saturday,same_hour_last_week,500,203,260,0.7807692307692308,Midday,Weekend,0.5879404618624327,0.4,0.6409585262052447,0.6,0.7781547916881126,0.8
4,2025-03-22,12,Saturday,trailing_4_week_profile,500,203,260,0.7807692307692308,Midday,Weekend,0.5643353193034459,0.4,0.6244893394959502,0.6,0.7542267155039026,0.75
4,2025-03-22,12,Saturday,global_popularity,1000,171,260,0.6576923076923077,Midday,Weekend,0.7687316372498842,0.6,0.8116048378327896,0.8,0.8560401458907619,0.85
4,2025-03-22,12,Saturday,zone_hour_profile,1000,171,260,0.6576923076923077,Midday,Weekend,0.5688043947739498,0.4,0.6433629482594859,0.7,0.7624717598954299,0.8
4,2025-03-22,12,Saturday,same_hour_last_week,1000,171,260,0.6576923076923077,Midday,Weekend,0.5879404618624327,0.4,0.6409585262052447,0.6,0.7781547916881126,0.8
4,2025-03-22,12,Saturday,trailing_4_week_profile,1000,171,260,0.6576923076923077,Midday,Weekend,0.5643353193034459,0.4,0.6244893394959502,0.6,0.7542267155039026,0.75
4,2025-03-22,13,Saturday,global_popularity,500,203,260,0.7807692307692308,Midday,Weekend,0.8168066699873329,0.6,0.8487874937488137,0.7,0.9000541069631461,0.8
4,2025-03-22,13,Saturday,zone_hour_profile,500,203,260,0.7807692307692308,Midday,Weekend,0.7141940375981013,0.6,0.7653734194262077,0.6,0.8526223798565711,0.85
4,2025-03-22,13,Saturday,same_hour_last_week,500,203,260,0.7807692307692308,Midday,Weekend,0.7112518797268095,0.6,0.7548026606224616,0.6,0.7876067105805061,0.8
4,2025-03-22,13,Saturday,trailing_4_week_profile,500,203,260,0.7807692307692308,Midday,Weekend,0.690304460134954,0.6,0.7495632896209192,0.7,0.8339730432701652,0.85
4,2025-03-22,13,Saturday,global_popularity,1000,171,260,0.6576923076923077,Midday,Weekend,0.8168066699873329,0.6,0.8487874937488137,0.7,0.9000541069631461,0.8
4,2025-03-22,13,Saturday,zone_hour_profile,1000,171,260,0.6576923076923077,Midday,Weekend,0.7141940375981013,0.6,0.7653734194262077,0.6,0.8526223798565711,0.85
4,2025-03-22,13,Saturday,same_hour_last_week,1000,171,260,0.6576923076923077,Midday,Weekend,0.7112518797268095,0.6,0.7548026606224616,0.6,0.7876067105805061,0.8
4,2025-03-22,13,Saturday,trailing_4_week_profile,1000,171,260,0.6576923076923077,Midday,Weekend,0.690304460134954,0.6,0.7495632896209192,0.7,0.8339730432701652,0.85
4,2025-03-22,14,Saturday,global_popularity,500,203,260,0.7807692307692308,Midday,Weekend,0.6354290372101218,0.8,0.6771798391941058,0.7,0.7539749553403242,0.85
4,2025-03-22,14,Saturday,zone_hour_profile,500,203,260,0.7807692307692308,Midday,Weekend,0.40774601961354273,0.4,0.6422128754337589,0.8,0.7397471197770619,0.95
4,2025-03-22,14,Saturday,same_hour_last_week,500,203,260,0.7807692307692308,Midday,Weekend,0.41537779488694604,0.4,0.6439035354814562,0.7,0.740195357785157,1.0
4,2025-03-22,14,Saturday,trailing_4_week_profile,500,203,260,0.7807692307692308,Midday,Weekend,0.6263503580984185,0.6,0.6726669895980393,0.8,0.7649548998927665,0.95
4,2025-03-22,14,Saturday,global_popularity,1000,171,260,0.6576923076923077,Midday,Weekend,0.6354290372101218,0.8,0.6771798391941058,0.7,0.7539749553403242,0.85
4,2025-03-22,14,Saturday,zone_hour_profile,1000,171,260,0.6576923076923077,Midday,Weekend,0.40774601961354273,0.4,0.6422128754337589,0.8,0.7397471197770619,0.95
4,2025-03-22,14,Saturday,same_hour_last_week,1000,171,260,0.6576923076923077,Midday,Weekend,0.41537779488694604,0.4,0.6439035354814562,0.7,0.740195357785157,1.0
4,2025-03-22,14,Saturday,trailing_4_week_profile,1000,171,260,0.6576923076923077,Midday,Weekend,0.6263503580984185,0.6,0.6726669895980393,0.8,0.7649548998927665,0.95
4,2025-03-22,15,Saturday,global_popularity,500,203,260,0.7807692307692308,Midday,Weekend,0.6092184238320939,0.6,0.6462977753246302,0.7,0.7284501825953361,0.75
4,2025-03-22,15,Saturday,zone_hour_profile,500,203,260,0.7807692307692308,Midday,Weekend,0.5952155668457841,0.6,0.6483042829357037,0.7,0.7353934882184647,0.85
4,2025-03-22,15,Saturday,same_hour_last_week,500,203,260,0.7807692307692308,Midday,Weekend,0.625644915826377,0.6,0.6831000542900857,0.7,0.7670386132620322,0.85
4,2025-03-22,15,Saturday,trailing_4_week_profile,500,203,260,0.7807692307692308,Midday,Weekend,0.6976738872773498,0.8,0.7309336153365248,0.7,0.808054319861827,0.85
4,2025-03-22,15,Saturday,global_popularity,1000,171,260,0.6576923076923077,Midday,Weekend,0.6092184238320939,0.6,0.6462977753246302,0.7,0.7284501825953361,0.75
4,2025-03-22,15,Saturday,zone_hour_profile,1000,171,260,0.6576923076923077,Midday,Weekend,0.5952155668457841,0.6,0.6483042829357037,0.7,0.7353934882184647,0.85
4,2025-03-22,15,Saturday,same_hour_last_week,1000,171,260,0.6576923076923077,Midday,Weekend,0.625644915826377,0.6,0.6831000542900857,0.7,0.7670386132620322,0.85
4,2025-03-22,15,Saturday,trailing_4_week_profile,1000,171,260,0.6576923076923077,Midday,Weekend,0.6976738872773498,0.8,0.7309336153365248,0.7,0.808054319861827,0.85
4,2025-03-22,16,Saturday,global_popularity,500,203,260,0.7807692307692308,Evening,Weekend,0.6368532474413013,0.6,0.6905537814284193,0.7,0.7574668980049093,0.8
4,2025-03-22,16,Saturday,zone_hour_profile,500,203,260,0.7807692307692308,Evening,Weekend,0.4007316390884022,0.4,0.6554478488209391,0.8,0.7054338684570096,0.85
4,2025-03-22,16,Saturday,same_hour_last_week,500,203,260,0.7807692307692308,Evening,Weekend,0.9085788624671047,0.6,0.9383745320589632,0.9,0.9621628345167185,0.9
4,2025-03-22,16,Saturday,trailing_4_week_profile,500,203,260,0.7807692307692308,Evening,Weekend,0.6188011187317509,0.6,0.6878615582318678,0.8,0.7291877557973286,0.85
4,2025-03-22,16,Saturday,global_popularity,1000,171,260,0.6576923076923077,Evening,Weekend,0.6368532474413013,0.6,0.6905537814284193,0.7,0.7574668980049093,0.8
4,2025-03-22,16,Saturday,zone_hour_profile,1000,171,260,0.6576923076923077,Evening,Weekend,0.4007316390884022,0.4,0.6554478488209391,0.8,0.7054338684570096,0.85
4,2025-03-22,16,Saturday,same_hour_last_week,1000,171,260,0.6576923076923077,Evening,Weekend,0.9085788624671047,0.6,0.9383745320589632,0.9,0.9621628345167185,0.9
4,2025-03-22,16,Saturday,trailing_4_week_profile,1000,171,260,0.6576923076923077,Evening,Weekend,0.6188011187317509,0.6,0.6878615582318678,0.8,0.7291877557973286,0.85
4,2025-03-22,17,Saturday,global_popularity,500,203,260,0.7807692307692308,Evening,Weekend,0.6606995778487142,0.6,0.7268434366346959,0.7,0.7926357793344087,0.9
4,2025-03-22,17,Saturday,zone_hour_profile,500,203,260,0.7807692307692308,Evening,Weekend,0.49607623311952825,0.6,0.7080528815007731,0.8,0.7565490307815873,0.9
4,2025-03-22,17,Saturday,same_hour_last_week,500,203,260,0.7807692307692308,Evening,Weekend,0.6963652211199639,0.6,0.7584780961667555,0.8,0.7919856287404485,0.85
4,2025-03-22,17,Saturday,trailing_4_week_profile,500,203,260,0.7807692307692308,Evening,Weekend,0.47528795067389784,0.6,0.6888591283529771,0.8,0.7366192457116842,0.85
4,2025-03-22,17,Saturday,global_popularity,1000,171,260,0.6576923076923077,Evening,Weekend,0.6606995778487142,0.6,0.7268434366346959,0.7,0.7926357793344087,0.9
4,2025-03-22,17,Saturday,zone_hour_profile,1000,171,260,0.6576923076923077,Evening,Weekend,0.49607623311952825,0.6,0.7080528815007731,0.8,0.7565490307815873,0.9
4,2025-03-22,17,Saturday,same_hour_last_week,1000,171,260,0.6576923076923077,Evening,Weekend,0.6963652211199639,0.6,0.7584780961667555,0.8,0.7919856287404485,0.85
4,2025-03-22,17,Saturday,trailing_4_week_profile,1000,171,260,0.6576923076923077,Evening,Weekend,0.47528795067389784,0.6,0.6888591283529771,0.8,0.7366192457116842,0.85
4,2025-03-22,18,Saturday,global_popularity,500,203,260,0.7807692307692308,Evening,Weekend,0.6794897255142334,0.6,0.7308890876115083,0.7,0.792358894463367,0.8
4,2025-03-22,18,Saturday,zone_hour_profile,500,203,260,0.7807692307692308,Evening,Weekend,0.4341246744055577,0.4,0.6412926313919488,0.7,0.7073260153063986,0.85
4,2025-03-22,18,Saturday,same_hour_last_week,500,203,260,0.7807692307692308,Evening,Weekend,0.4313534958921608,0.4,0.6480463707127054,0.5,0.7307680190785022,0.9
4,2025-03-22,18,Saturday,trailing_4_week_profile,500,203,260,0.7807692307692308,Evening,Weekend,0.442065533354933,0.4,0.6483763238401978,0.6,0.7225628208981986,0.9
4,2025-03-22,18,Saturday,global_popularity,1000,171,260,0.6576923076923077,Evening,Weekend,0.6794897255142334,0.6,0.7308890876115083,0.7,0.792358894463367,0.8
4,2025-03-22,18,Saturday,zone_hour_profile,1000,171,260,0.6576923076923077,Evening,Weekend,0.4341246744055577,0.4,0.6412926313919488,0.7,0.7073260153063986,0.85
4,2025-03-22,18,Saturday,same_hour_last_week,1000,171,260,0.6576923076923077,Evening,Weekend,0.4313534958921608,0.4,0.6480463707127054,0.5,0.7307680190785022,0.9
4,2025-03-22,18,Saturday,trailing_4_week_profile,1000,171,260,0.6576923076923077,Evening,Weekend,0.442065533354933,0.4,0.6483763238401978,0.6,0.7225628208981986,0.9
4,2025-03-22,19,Saturday,global_popularity,500,203,260,0.7807692307692308,Evening,Weekend,0.6610234139245759,0.2,0.7120086329693316,0.6,0.7882489242185658,0.9
4,2025-03-22,19,Saturday,zone_hour_profile,500,203,260,0.7807692307692308,Evening,Weekend,0.4715529001990384,0.2,0.7058071886994507,0.7,0.7725749824903283,0.85
4,2025-03-22,19,Saturday,same_hour_last_week,500,203,260,0.7807692307692308,Evening,Weekend,0.4595338910785375,0.2,0.710880374263924,0.8,0.7723226361219391,0.85
4,2025-03-22,19,Saturday,trailing_4_week_profile,500,203,260,0.7807692307692308,Evening,Weekend,0.4666877458340828,0.2,0.7004248379273478,0.7,0.7666693039375698,0.85
4,2025-03-22,19,Saturday,global_popularity,1000,171,260,0.6576923076923077,Evening,Weekend,0.6610234139245759,0.2,0.7120086329693316,0.6,0.7882489242185658,0.9
4,2025-03-22,19,Saturday,zone_hour_profile,1000,171,260,0.6576923076923077,Evening,Weekend,0.4715529001990384,0.2,0.7058071886994507,0.7,0.7725749824903283,0.85
4,2025-03-22,19,Saturday,same_hour_last_week,1000,171,260,0.6576923076923077,Evening,Weekend,0.4595338910785375,0.2,0.710880374263924,0.8,0.7723226361219391,0.85
4,2025-03-22,19,Saturday,trailing_4_week_profile,1000,171,260,0.6576923076923077,Evening,Weekend,0.4666877458340828,0.2,0.7004248379273478,0.7,0.7666693039375698,0.85
4,2025-03-22,20,Saturday,global_popularity,500,203,260,0.7807692307692308,Evening,Weekend,0.5630141730000924,0.2,0.6262322053920265,0.4,0.7365038040670362,0.75
4,2025-03-22,20,Saturday,zone_hour_profile,500,203,260,0.7807692307692308,Evening,Weekend,0.7924372866240306,0.8,0.8186831053435097,0.7,0.8502724566282505,0.8
4,2025-03-22,20,Saturday,same_hour_last_week,500,203,260,0.7807692307692308,Evening,Weekend,0.730409260974049,0.6,0.7736464290621174,0.7,0.8122137119814914,0.75
4,2025-03-22,20,Saturday,trailing_4_week_profile,500,203,260,0.7807692307692308,Evening,Weekend,0.7938076133340741,0.8,0.821710008065274,0.7,0.8534684375481147,0.8
4,2025-03-22,20,Saturday,global_popularity,1000,171,260,0.6576923076923077,Evening,Weekend,0.5630141730000924,0.2,0.6262322053920265,0.4,0.7365038040670362,0.75
4,2025-03-22,20,Saturday,zone_hour_profile,1000,171,260,0.6576923076923077,Evening,Weekend,0.7924372866240306,0.8,0.8186831053435097,0.7,0.8502724566282505,0.8
4,2025-03-22,20,Saturday,same_hour_last_week,1000,171,260,0.6576923076923077,Evening,Weekend,0.730409260974049,0.6,0.7736464290621174,0.7,0.8122137119814914,0.75
4,2025-03-22,20,Saturday,trailing_4_week_profile,1000,171,260,0.6576923076923077,Evening,Weekend,0.7938076133340741,0.8,0.821710008065274,0.7,0.8534684375481147,0.8
4,2025-03-22,21,Saturday,global_popularity,500,203,260,0.7807692307692308,Late evening,Weekend,0.5184892328168396,0.4,0.5718273076551157,0.4,0.7029320367955939,0.8
4,2025-03-22,21,Saturday,zone_hour_profile,500,203,260,0.7807692307692308,Late evening,Weekend,0.689252628269094,0.8,0.7254209440192372,0.7,0.76430778096785,0.75
4,2025-03-22,21,Saturday,same_hour_last_week,500,203,260,0.7807692307692308,Late evening,Weekend,0.5330324814894059,0.4,0.7345671597378419,0.7,0.7767887099037972,0.75
4,2025-03-22,21,Saturday,trailing_4_week_profile,500,203,260,0.7807692307692308,Late evening,Weekend,0.728972310908373,0.6,0.770999914672686,0.7,0.8035322627046634,0.8
4,2025-03-22,21,Saturday,global_popularity,1000,171,260,0.6576923076923077,Late evening,Weekend,0.5184892328168396,0.4,0.5718273076551157,0.4,0.7029320367955939,0.8
4,2025-03-22,21,Saturday,zone_hour_profile,1000,171,260,0.6576923076923077,Late evening,Weekend,0.689252628269094,0.8,0.7254209440192372,0.7,0.76430778096785,0.75
4,2025-03-22,21,Saturday,same_hour_last_week,1000,171,260,0.6576923076923077,Late evening,Weekend,0.5330324814894059,0.4,0.7345671597378419,0.7,0.7767887099037972,0.75
4,2025-03-22,21,Saturday,trailing_4_week_profile,1000,171,260,0.6576923076923077,Late evening,Weekend,0.728972310908373,0.6,0.770999914672686,0.7,0.8035322627046634,0.8
4,2025-03-22,22,Saturday,global_popularity,500,203,260,0.7807692307692308,Late evening,Weekend,0.5234639093447093,0.4,0.5662959589163108,0.4,0.6834496147143053,0.75
4,2025-03-22,22,Saturday,zone_hour_profile,500,203,260,0.7807692307692308,Late evening,Weekend,0.573185532401394,0.8,0.7573911911387092,0.8,0.784021601477256,0.9
4,2025-03-22,22,Saturday,same_hour_last_week,500,203,260,0.7807692307692308,Late evening,Weekend,0.549051493075988,0.8,0.7433717189284416,0.8,0.7777961949259642,0.9
4,2025-03-22,22,Saturday,trailing_4_week_profile,500,203,260,0.7807692307692308,Late evening,Weekend,0.5689715136170804,0.8,0.7544894839153374,0.8,0.7872450113829964,0.9
4,2025-03-22,22,Saturday,global_popularity,1000,171,260,0.6576923076923077,Late evening,Weekend,0.5234639093447093,0.4,0.5662959589163108,0.4,0.6834496147143053,0.75
4,2025-03-22,22,Saturday,zone_hour_profile,1000,171,260,0.6576923076923077,Late evening,Weekend,0.573185532401394,0.8,0.7573911911387092,0.8,0.784021601477256,0.9
4,2025-03-22,22,Saturday,same_hour_last_week,1000,171,260,0.6576923076923077,Late evening,Weekend,0.549051493075988,0.8,0.7433717189284416,0.8,0.7777961949259642,0.9
4,2025-03-22,22,Saturday,trailing_4_week_profile,1000,171,260,0.6576923076923077,Late evening,Weekend,0.5689715136170804,0.8,0.7544894839153374,0.8,0.7872450113829964,0.9
4,2025-03-22,23,Saturday,global_popularity,500,203,260,0.7807692307692308,Late evening,Weekend,0.46255674476871167,0.2,0.5208790244701246,0.4,0.6624877331954049,0.7
4,2025-03-22,23,Saturday,zone_hour_profile,500,203,260,0.7807692307692308,Late evening,Weekend,0.7634153987176651,0.6,0.7987597933169351,0.8,0.8871009501716334,0.85
4,2025-03-22,23,Saturday,same_hour_last_week,500,203,260,0.7807692307692308,Late evening,Weekend,0.7736128229913682,0.6,0.8841325321461073,0.9,0.8937676055312694,0.9
4,2025-03-22,23,Saturday,trailing_4_week_profile,500,203,260,0.7807692307692308,Late evening,Weekend,0.7696469433962658,0.6,0.8064196168327362,0.8,0.8887714838051329,0.85
4,2025-03-22,23,Saturday,global_popularity,1000,171,260,0.6576923076923077,Late evening,Weekend,0.46255674476871167,0.2,0.5208790244701246,0.4,0.6624877331954049,0.7
4,2025-03-22,23,Saturday,zone_hour_profile,1000,171,260,0.6576923076923077,Late evening,Weekend,0.7634153987176651,0.6,0.7987597933169351,0.8,0.8871009501716334,0.85
4,2025-03-22,23,Saturday,same_hour_last_week,1000,171,260,0.6576923076923077,Late evening,Weekend,0.7736128229913682,0.6,0.8841325321461073,0.9,0.8937676055312694,0.9
4,2025-03-22,23,Saturday,trailing_4_week_profile,1000,171,260,0.6576923076923077,Late evening,Weekend,0.7696469433962658,0.6,0.8064196168327362,0.8,0.8887714838051329,0.85
4,2025-03-23,0,Sunday,global_popularity,500,203,260,0.7807692307692308,Overnight,Weekend,0.26939542208286094,0.2,0.3284578047607672,0.2,0.5091383848256693,0.55
4,2025-03-23,0,Sunday,zone_hour_profile,500,203,260,0.7807692307692308,Overnight,Weekend,0.9234252428248557,0.8,0.9254009659450222,0.9,0.9658034029936621,0.95
4,2025-03-23,0,Sunday,same_hour_last_week,500,203,260,0.7807692307692308,Overnight,Weekend,0.9234252428248557,0.8,0.9250877697798454,0.9,0.9683386717016265,0.95
4,2025-03-23,0,Sunday,trailing_4_week_profile,500,203,260,0.7807692307692308,Overnight,Weekend,0.9234252428248557,0.8,0.9201067277111556,0.8,0.9634381059897782,0.9
4,2025-03-23,0,Sunday,global_popularity,1000,171,260,0.6576923076923077,Overnight,Weekend,0.26939542208286094,0.2,0.3284578047607672,0.2,0.5091383848256693,0.55
4,2025-03-23,0,Sunday,zone_hour_profile,1000,171,260,0.6576923076923077,Overnight,Weekend,0.9234252428248557,0.8,0.9254009659450222,0.9,0.9658034029936621,0.95
4,2025-03-23,0,Sunday,same_hour_last_week,1000,171,260,0.6576923076923077,Overnight,Weekend,0.9234252428248557,0.8,0.9250877697798454,0.9,0.9683386717016265,0.95
4,2025-03-23,0,Sunday,trailing_4_week_profile,1000,171,260,0.6576923076923077,Overnight,Weekend,0.9234252428248557,0.8,0.9201067277111556,0.8,0.9634381059897782,0.9
4,2025-03-23,1,Sunday,global_popularity,500,203,260,0.7807692307692308,Overnight,Weekend,0.1265220490412412,0.0,0.17175051190912738,0.2,0.35296220458695765,0.45
4,2025-03-23,1,Sunday,zone_hour_profile,500,203,260,0.7807692307692308,Overnight,Weekend,0.9801421715002718,0.8,0.9813679894512889,0.9,0.9786635206422104,0.9
4,2025-03-23,1,Sunday,same_hour_last_week,500,203,260,0.7807692307692308,Overnight,Weekend,0.9801421715002718,0.8,0.9820941871899956,0.8,0.9934108705800603,0.95
4,2025-03-23,1,Sunday,trailing_4_week_profile,500,203,260,0.7807692307692308,Overnight,Weekend,0.9801421715002718,0.8,0.981689717176469,0.9,0.9789463594287451,0.9
4,2025-03-23,1,Sunday,global_popularity,1000,171,260,0.6576923076923077,Overnight,Weekend,0.1265220490412412,0.0,0.17175051190912738,0.2,0.35296220458695765,0.45
4,2025-03-23,1,Sunday,zone_hour_profile,1000,171,260,0.6576923076923077,Overnight,Weekend,0.9801421715002718,0.8,0.9813679894512889,0.9,0.9786635206422104,0.9
4,2025-03-23,1,Sunday,same_hour_last_week,1000,171,260,0.6576923076923077,Overnight,Weekend,0.9801421715002718,0.8,0.9820941871899956,0.8,0.9934108705800603,0.95
4,2025-03-23,1,Sunday,trailing_4_week_profile,1000,171,260,0.6576923076923077,Overnight,Weekend,0.9801421715002718,0.8,0.981689717176469,0.9,0.9789463594287451,0.9
4,2025-03-23,2,Sunday,global_popularity,500,203,260,0.7807692307692308,Overnight,Weekend,0.060867025281674786,0.0,0.097928699641025,0.0,0.2784015020109232,0.35
4,2025-03-23,2,Sunday,zone_hour_profile,500,203,260,0.7807692307692308,Overnight,Weekend,1.0,1.0,0.9888882466962678,0.8,0.9872874382618214,0.85
4,2025-03-23,2,Sunday,same_hour_last_week,500,203,260,0.7807692307692308,Overnight,Weekend,1.0,1.0,0.9952161084320368,0.9,0.9933774604404161,0.9
4,2025-03-23,2,Sunday,trailing_4_week_profile,500,203,260,0.7807692307692308,Overnight,Weekend,1.0,1.0,0.9888882466962678,0.8,0.9893046064688732,0.85
4,2025-03-23,2,Sunday,global_popularity,1000,171,260,0.6576923076923077,Overnight,Weekend,0.060867025281674786,0.0,0.097928699641025,0.0,0.2784015020109232,0.35
4,2025-03-23,2,Sunday,zone_hour_profile,1000,171,260,0.6576923076923077,Overnight,Weekend,1.0,1.0,0.9888882466962678,0.8,0.9872874382618214,0.85
4,2025-03-23,2,Sunday,same_hour_last_week,1000,171,260,0.6576923076923077,Overnight,Weekend,1.0,1.0,0.9952161084320368,0.9,0.9933774604404161,0.9
4,2025-03-23,2,Sunday,trailing_4_week_profile,1000,171,260,0.6576923076923077,Overnight,Weekend,1.0,1.0,0.9888882466962678,0.8,0.9893046064688732,0.85
4,2025-03-23,3,Sunday,global_popularity,500,203,260,0.7807692307692308,Overnight,Weekend,0.07789540495290163,0.0,0.11351613016208069,0.0,0.3084220447084856,0.4
4,2025-03-23,3,Sunday,zone_hour_profile,500,203,260,0.7807692307692308,Overnight,Weekend,1.0,1.0,0.9872920112421981,0.9,0.9759205758379402,0.85
4,2025-03-23,3,Sunday,same_hour_last_week,500,203,260,0.7807692307692308,Overnight,Weekend,1.0,1.0,0.9679600385238831,0.8,0.9834594399623294,0.85
4,2025-03-23,3,Sunday,trailing_4_week_profile,500,203,260,0.7807692307692308,Overnight,Weekend,1.0,1.0,0.9653223425419698,0.8,0.9740501271327277,0.85
4,2025-03-23,3,Sunday,global_popularity,1000,171,260,0.6576923076923077,Overnight,Weekend,0.07789540495290163,0.0,0.11351613016208069,0.0,0.3084220447084856,0.4
4,2025-03-23,3,Sunday,zone_hour_profile,1000,171,260,0.6576923076923077,Overnight,Weekend,1.0,1.0,0.9872920112421981,0.9,0.9759205758379402,0.85
4,2025-03-23,3,Sunday,same_hour_last_week,1000,171,260,0.6576923076923077,Overnight,Weekend,1.0,1.0,0.9679600385238831,0.8,0.9834594399623294,0.85
4,2025-03-23,3,Sunday,trailing_4_week_profile,1000,171,260,0.6576923076923077,Overnight,Weekend,1.0,1.0,0.9653223425419698,0.8,0.9740501271327277,0.85
4,2025-03-23,4,Sunday,global_popularity,500,203,260,0.7807692307692308,Overnight,Weekend,0.19839398631569458,0.2,0.24992687963785676,0.1,0.4432886185174712,0.4
4,2025-03-23,4,Sunday,zone_hour_profile,500,203,260,0.7807692307692308,Overnight,Weekend,0.9523645119746726,0.8,0.9383075955728323,0.9,0.9492175273669224,0.7
4,2025-03-23,4,Sunday,same_hour_last_week,500,203,260,0.7807692307692308,Overnight,Weekend,0.9523645119746726,0.8,0.967542067480294,0.9,0.9551083990134145,0.75
4,2025-03-23,4,Sunday,trailing_4_week_profile,500,203,260,0.7807692307692308,Overnight,Weekend,0.949206016380745,0.8,0.9366907548363926,0.9,0.9432173772409137,0.65
4,2025-03-23,4,Sunday,global_popularity,1000,171,260,0.6576923076923077,Overnight,Weekend,0.19839398631569458,0.2,0.24992687963785676,0.1,0.4432886185174712,0.4
4,2025-03-23,4,Sunday,zone_hour_profile,1000,171,260,0.6576923076923077,Overnight,Weekend,0.9523645119746726,0.8,0.9383075955728323,0.9,0.9492175273669224,0.7
4,2025-03-23,4,Sunday,same_hour_last_week,1000,171,260,0.6576923076923077,Overnight,Weekend,0.9523645119746726,0.8,0.967542067480294,0.9,0.9551083990134145,0.75
4,2025-03-23,4,Sunday,trailing_4_week_profile,1000,171,260,0.6576923076923077,Overnight,Weekend,0.949206016380745,0.8,0.9366907548363926,0.9,0.9432173772409137,0.65
4,2025-03-23,5,Sunday,global_popularity,500,203,260,0.7807692307692308,Overnight,Weekend,0.5948797406090882,0.4,0.593924262269209,0.4,0.6503852004227925,0.5
4,2025-03-23,5,Sunday,zone_hour_profile,500,203,260,0.7807692307692308,Overnight,Weekend,0.9167643011433324,0.8,0.8578591344965643,0.4,0.8609195803979312,0.6
4,2025-03-23,5,Sunday,same_hour_last_week,500,203,260,0.7807692307692308,Overnight,Weekend,0.31573154214291654,0.2,0.5781498997995831,0.6,0.6408290719347591,0.7
4,2025-03-23,5,Sunday,trailing_4_week_profile,500,203,260,0.7807692307692308,Overnight,Weekend,0.785841688347356,0.6,0.8335684582447591,0.5,0.8368392249103067,0.6
4,2025-03-23,5,Sunday,global_popularity,1000,171,260,0.6576923076923077,Overnight,Weekend,0.5948797406090882,0.4,0.593924262269209,0.4,0.6503852004227925,0.5
4,2025-03-23,5,Sunday,zone_hour_profile,1000,171,260,0.6576923076923077,Overnight,Weekend,0.9167643011433324,0.8,0.8578591344965643,0.4,0.8609195803979312,0.6
4,2025-03-23,5,Sunday,same_hour_last_week,1000,171,260,0.6576923076923077,Overnight,Weekend,0.31573154214291654,0.2,0.5781498997995831,0.6,0.6408290719347591,0.7
4,2025-03-23,5,Sunday,trailing_4_week_profile,1000,171,260,0.6576923076923077,Overnight,Weekend,0.785841688347356,0.6,0.8335684582447591,0.5,0.8480523384217481,0.6
4,2025-03-23,6,Sunday,global_popularity,500,203,260,0.7807692307692308,Morning,Weekend,0.4832965273921761,0.4,0.5220631771985254,0.4,0.5807210799439948,0.7
4,2025-03-23,6,Sunday,zone_hour_profile,500,203,260,0.7807692307692308,Morning,Weekend,0.9801405746457855,0.8,0.9803086155565498,0.8,0.9685849325058506,0.75
4,2025-03-23,6,Sunday,same_hour_last_week,500,203,260,0.7807692307692308,Morning,Weekend,0.9897462391674996,0.8,0.9548471939507621,0.6,0.9357092043605701,0.55
4,2025-03-23,6,Sunday,trailing_4_week_profile,500,203,260,0.7807692307692308,Morning,Weekend,0.9937660633131546,0.8,0.9635409989876821,0.6,0.9639291242584187,0.7
4,2025-03-23,6,Sunday,global_popularity,1000,171,260,0.6576923076923077,Morning,Weekend,0.4832965273921761,0.4,0.5220631771985254,0.4,0.5807210799439948,0.7
4,2025-03-23,6,Sunday,zone_hour_profile,1000,171,260,0.6576923076923077,Morning,Weekend,0.9801405746457855,0.8,0.9803086155565498,0.8,0.9685849325058506,0.75
4,2025-03-23,6,Sunday,same_hour_last_week,1000,171,260,0.6576923076923077,Morning,Weekend,0.9897462391674996,0.8,0.9548471939507621,0.6,0.9357092043605701,0.55
4,2025-03-23,6,Sunday,trailing_4_week_profile,1000,171,260,0.6576923076923077,Morning,Weekend,0.9937660633131546,0.8,0.9635409989876821,0.6,0.9639291242584187,0.7
4,2025-03-23,7,Sunday,global_popularity,500,203,260,0.7807692307692308,Morning,Weekend,0.5491134909820482,0.6,0.5762084331711336,0.5,0.6203494958862518,0.7
4,2025-03-23,7,Sunday,zone_hour_profile,500,203,260,0.7807692307692308,Morning,Weekend,0.9471441692774513,0.4,0.9284958739587517,0.5,0.9466204621668493,0.8
4,2025-03-23,7,Sunday,same_hour_last_week,500,203,260,0.7807692307692308,Morning,Weekend,0.8818477726861799,0.2,0.8912622503093227,0.5,0.8916284602751802,0.75
4,2025-03-23,7,Sunday,trailing_4_week_profile,500,203,260,0.7807692307692308,Morning,Weekend,0.947122421634382,0.6,0.9363675198193536,0.7,0.9360711072623538,0.8
4,2025-03-23,7,Sunday,global_popularity,1000,171,260,0.6576923076923077,Morning,Weekend,0.5491134909820482,0.6,0.5762084331711336,0.5,0.6203494958862518,0.7
4,2025-03-23,7,Sunday,zone_hour_profile,1000,171,260,0.6576923076923077,Morning,Weekend,0.9471441692774513,0.4,0.9284958739587517,0.5,0.9466204621668493,0.8
4,2025-03-23,7,Sunday,same_hour_last_week,1000,171,260,0.6576923076923077,Morning,Weekend,0.8818477726861799,0.2,0.8912622503093227,0.5,0.8916284602751802,0.75
4,2025-03-23,7,Sunday,trailing_4_week_profile,1000,171,260,0.6576923076923077,Morning,Weekend,0.947122421634382,0.6,0.9363675198193536,0.7,0.9360711072623538,0.8
4,2025-03-23,8,Sunday,global_popularity,500,203,260,0.7807692307692308,Morning,Weekend,0.5621849393299514,0.4,0.5984221832735847,0.4,0.6749627182992991,0.7
4,2025-03-23,8,Sunday,zone_hour_profile,500,203,260,0.7807692307692308,Morning,Weekend,0.8872892532360369,0.4,0.8812870389429026,0.5,0.9104828149766226,0.85
4,2025-03-23,8,Sunday,same_hour_last_week,500,203,260,0.7807692307692308,Morning,Weekend,0.7955312087859003,0.2,0.8052620316924339,0.5,0.8521564383547783,0.8
4,2025-03-23,8,Sunday,trailing_4_week_profile,500,203,260,0.7807692307692308,Morning,Weekend,0.8777903085547819,0.4,0.882326576763033,0.6,0.9318150442747267,0.85
4,2025-03-23,8,Sunday,global_popularity,1000,171,260,0.6576923076923077,Morning,Weekend,0.5621849393299514,0.4,0.5984221832735847,0.4,0.6749627182992991,0.7
4,2025-03-23,8,Sunday,zone_hour_profile,1000,171,260,0.6576923076923077,Morning,Weekend,0.8872892532360369,0.4,0.8812870389429026,0.5,0.9104828149766226,0.85
4,2025-03-23,8,Sunday,same_hour_last_week,1000,171,260,0.6576923076923077,Morning,Weekend,0.7955312087859003,0.2,0.8052620316924339,0.5,0.8521564383547783,0.8
4,2025-03-23,8,Sunday,trailing_4_week_profile,1000,171,260,0.6576923076923077,Morning,Weekend,0.8777903085547819,0.4,0.882326576763033,0.6,0.9318150442747267,0.85
4,2025-03-23,9,Sunday,global_popularity,500,203,260,0.7807692307692308,Morning,Weekend,0.6050724381965447,0.6,0.6382516124758228,0.6,0.7525676442998785,0.75
4,2025-03-23,9,Sunday,zone_hour_profile,500,203,260,0.7807692307692308,Morning,Weekend,0.5705215758419877,0.4,0.6296086364479341,0.6,0.7561731410376585,0.8
4,2025-03-23,9,Sunday,same_hour_last_week,500,203,260,0.7807692307692308,Morning,Weekend,0.38522406789336944,0.4,0.5587836847212473,0.5,0.6893363336314536,0.75
4,2025-03-23,9,Sunday,trailing_4_week_profile,500,203,260,0.7807692307692308,Morning,Weekend,0.5332447021358361,0.2,0.6314490388733501,0.6,0.7631187282565124,0.85
4,2025-03-23,9,Sunday,global_popularity,1000,171,260,0.6576923076923077,Morning,Weekend,0.6050724381965447,0.6,0.6382516124758228,0.6,0.7525676442998785,0.75
4,2025-03-23,9,Sunday,zone_hour_profile,1000,171,260,0.6576923076923077,Morning,Weekend,0.5705215758419877,0.4,0.6296086364479341,0.6,0.7561731410376585,0.8
4,2025-03-23,9,Sunday,same_hour_last_week,1000,171,260,0.6576923076923077,Morning,Weekend,0.38522406789336944,0.4,0.5587836847212473,0.5,0.6893363336314536,0.75
4,2025-03-23,9,Sunday,trailing_4_week_profile,1000,171,260,0.6576923076923077,Morning,Weekend,0.5332447021358361,0.2,0.6314490388733501,0.6,0.7631187282565124,0.85
4,2025-03-23,10,Sunday,global_popularity,500,203,260,0.7807692307692308,Midday,Weekend,0.6226149653613284,0.6,0.6723176612146811,0.7,0.7709672611869782,0.85
4,2025-03-23,10,Sunday,zone_hour_profile,500,203,260,0.7807692307692308,Midday,Weekend,0.4400506975802804,0.4,0.6598277730236772,0.6,0.7451913662923154,0.9
4,2025-03-23,10,Sunday,same_hour_last_week,500,203,260,0.7807692307692308,Midday,Weekend,0.5441918992941105,0.4,0.6860325146725149,0.5,0.7426650376136097,0.8
4,2025-03-23,10,Sunday,trailing_4_week_profile,500,203,260,0.7807692307692308,Midday,Weekend,0.5438786067042249,0.4,0.6995116289942989,0.6,0.7784466694381562,0.9
4,2025-03-23,10,Sunday,global_popularity,1000,171,260,0.6576923076923077,Midday,Weekend,0.6226149653613284,0.6,0.6723176612146811,0.7,0.7709672611869782,0.85
4,2025-03-23,10,Sunday,zone_hour_profile,1000,171,260,0.6576923076923077,Midday,Weekend,0.4400506975802804,0.4,0.6598277730236772,0.6,0.7451913662923154,0.9
4,2025-03-23,10,Sunday,same_hour_last_week,1000,171,260,0.6576923076923077,Midday,Weekend,0.5441918992941105,0.4,0.6860325146725149,0.5,0.7426650376136097,0.8
4,2025-03-23,10,Sunday,trailing_4_week_profile,1000,171,260,0.6576923076923077,Midday,Weekend,0.5438786067042249,0.4,0.6995116289942989,0.6,0.7784466694381562,0.9
4,2025-03-23,11,Sunday,global_popularity,500,203,260,0.7807692307692308,Midday,Weekend,0.667424273977355,0.6,0.7106614172563188,0.7,0.8105568085291478,0.85
4,2025-03-23,11,Sunday,zone_hour_profile,500,203,260,0.7807692307692308,Midday,Weekend,0.478001924682625,0.4,0.5659739637469665,0.6,0.7566189825966975,0.9
4,2025-03-23,11,Sunday,same_hour_last_week,500,203,260,0.7807692307692308,Midday,Weekend,0.49218887548923335,0.4,0.6155936252758037,0.6,0.6765197470278049,0.85
4,2025-03-23,11,Sunday,trailing_4_week_profile,500,203,260,0.7807692307692308,Midday,Weekend,0.4793243268321575,0.4,0.5619912703263293,0.6,0.7537005683629158,0.85
4,2025-03-23,11,Sunday,global_popularity,1000,171,260,0.6576923076923077,Midday,Weekend,0.667424273977355,0.6,0.7106614172563188,0.7,0.8105568085291478,0.85
4,2025-03-23,11,Sunday,zone_hour_profile,1000,171,260,0.6576923076923077,Midday,Weekend,0.478001924682625,0.4,0.5659739637469665,0.6,0.7566189825966975,0.9
4,2025-03-23,11,Sunday,same_hour_last_week,1000,171,260,0.6576923076923077,Midday,Weekend,0.49218887548923335,0.4,0.6155936252758037,0.6,0.6765197470278049,0.85
4,2025-03-23,11,Sunday,trailing_4_week_profile,1000,171,260,0.6576923076923077,Midday,Weekend,0.4793243268321575,0.4,0.5619912703263293,0.6,0.7537005683629158,0.85
4,2025-03-23,12,Sunday,global_popularity,500,203,260,0.7807692307692308,Midday,Weekend,0.6257162455996375,0.6,0.6666614091410682,0.7,0.7627349378525576,0.85
4,2025-03-23,12,Sunday,zone_hour_profile,500,203,260,0.7807692307692308,Midday,Weekend,0.4199283903337138,0.4,0.6108042621792728,0.8,0.7206652458382106,0.85
4,2025-03-23,12,Sunday,same_hour_last_week,500,203,260,0.7807692307692308,Midday,Weekend,0.5703054056469556,0.4,0.6602010945474598,0.6,0.7270115351765399,0.85
4,2025-03-23,12,Sunday,trailing_4_week_profile,500,203,260,0.7807692307692308,Midday,Weekend,0.39895338188056967,0.2,0.6796797427469287,0.8,0.7345271686121967,0.85
4,2025-03-23,12,Sunday,global_popularity,1000,171,260,0.6576923076923077,Midday,Weekend,0.6257162455996375,0.6,0.6666614091410682,0.7,0.7627349378525576,0.85
4,2025-03-23,12,Sunday,zone_hour_profile,1000,171,260,0.6576923076923077,Midday,Weekend,0.4199283903337138,0.4,0.6108042621792728,0.8,0.7206652458382106,0.85
4,2025-03-23,12,Sunday,same_hour_last_week,1000,171,260,0.6576923076923077,Midday,Weekend,0.5703054056469556,0.4,0.6602010945474598,0.6,0.7270115351765399,0.85
4,2025-03-23,12,Sunday,trailing_4_week_profile,1000,171,260,0.6576923076923077,Midday,Weekend,0.39895338188056967,0.2,0.6796797427469287,0.8,0.7345271686121967,0.85
4,2025-03-23,13,Sunday,global_popularity,500,203,260,0.7807692307692308,Midday,Weekend,0.617241560123276,0.6,0.6633205410608998,0.6,0.7622130273234726,0.8
4,2025-03-23,13,Sunday,zone_hour_profile,500,203,260,0.7807692307692308,Midday,Weekend,0.43159857408219754,0.4,0.6883020289148971,0.8,0.7526457559667914,0.95
4,2025-03-23,13,Sunday,same_hour_last_week,500,203,260,0.7807692307692308,Midday,Weekend,0.39028969884955267,0.2,0.671764846804301,0.7,0.7110194083561971,0.8
4,2025-03-23,13,Sunday,trailing_4_week_profile,500,203,260,0.7807692307692308,Midday,Weekend,0.6186594982293886,0.6,0.7223879161839517,0.8,0.7732928379003113,0.95
4,2025-03-23,13,Sunday,global_popularity,1000,171,260,0.6576923076923077,Midday,Weekend,0.617241560123276,0.6,0.6633205410608998,0.6,0.7622130273234726,0.8
4,2025-03-23,13,Sunday,zone_hour_profile,1000,171,260,0.6576923076923077,Midday,Weekend,0.43159857408219754,0.4,0.6883020289148971,0.8,0.7526457559667914,0.95
4,2025-03-23,13,Sunday,same_hour_last_week,1000,171,260,0.6576923076923077,Midday,Weekend,0.39028969884955267,0.2,0.671764846804301,0.7,0.7110194083561971,0.8
4,2025-03-23,13,Sunday,trailing_4_week_profile,1000,171,260,0.6576923076923077,Midday,Weekend,0.6186594982293886,0.6,0.7223879161839517,0.8,0.7732928379003113,0.95
4,2025-03-23,14,Sunday,global_popularity,500,203,260,0.7807692307692308,Midday,Weekend,0.527793346445979,0.6,0.5769201944672513,0.7,0.6894735847476077,0.85
4,2025-03-23,14,Sunday,zone_hour_profile,500,203,260,0.7807692307692308,Midday,Weekend,0.6245681926223429,0.4,0.6837357438076693,0.7,0.7298270335316897,0.9
4,2025-03-23,14,Sunday,same_hour_last_week,500,203,260,0.7807692307692308,Midday,Weekend,0.762500210264909,0.4,0.8645932426058628,0.6,0.8853811400734745,0.85
4,2025-03-23,14,Sunday,trailing_4_week_profile,500,203,260,0.7807692307692308,Midday,Weekend,0.8982166802006515,0.6,0.9093296392526637,0.7,0.9330150641744838,0.95
4,2025-03-23,14,Sunday,global_popularity,1000,171,260,0.6576923076923077,Midday,Weekend,0.527793346445979,0.6,0.5769201944672513,0.7,0.6894735847476077,0.85
4,2025-03-23,14,Sunday,zone_hour_profile,1000,171,260,0.6576923076923077,Midday,Weekend,0.6245681926223429,0.4,0.6837357438076693,0.7,0.7298270335316897,0.9
4,2025-03-23,14,Sunday,same_hour_last_week,1000,171,260,0.6576923076923077,Midday,Weekend,0.762500210264909,0.4,0.8645932426058628,0.6,0.8853811400734745,0.85
4,2025-03-23,14,Sunday,trailing_4_week_profile,1000,171,260,0.6576923076923077,Midday,Weekend,0.8982166802006515,0.6,0.9093296392526637,0.7,0.9330150641744838,0.95
4,2025-03-23,15,Sunday,global_popularity,500,203,260,0.7807692307692308,Midday,Weekend,0.5042030964660245,0.6,0.5435639980811141,0.6,0.6432088114913761,0.8
4,2025-03-23,15,Sunday,zone_hour_profile,500,203,260,0.7807692307692308,Midday,Weekend,0.8052877776676838,0.4,0.9135814035474549,0.9,0.9213342438047476,0.8
4,2025-03-23,15,Sunday,same_hour_last_week,500,203,260,0.7807692307692308,Midday,Weekend,0.9302918432693716,0.6,0.9332698386744961,0.8,0.9446374416997276,0.85
4,2025-03-23,15,Sunday,trailing_4_week_profile,500,203,260,0.7807692307692308,Midday,Weekend,0.9260580692831465,0.6,0.9266070743279812,0.8,0.9433334543411993,0.85
4,2025-03-23,15,Sunday,global_popularity,1000,171,260,0.6576923076923077,Midday,Weekend,0.5042030964660245,0.6,0.5435639980811141,0.6,0.6432088114913761,0.8
4,2025-03-23,15,Sunday,zone_hour_profile,1000,171,260,0.6576923076923077,Midday,Weekend,0.8052877776676838,0.4,0.9135814035474549,0.9,0.9213342438047476,0.8
4,2025-03-23,15,Sunday,same_hour_last_week,1000,171,260,0.6576923076923077,Midday,Weekend,0.9302918432693716,0.6,0.9332698386744961,0.8,0.9446374416997276,0.85
4,2025-03-23,15,Sunday,trailing_4_week_profile,1000,171,260,0.6576923076923077,Midday,Weekend,0.9260580692831465,0.6,0.9266070743279812,0.8,0.9433334543411993,0.85
4,2025-03-23,16,Sunday,global_popularity,500,203,260,0.7807692307692308,Evening,Weekend,0.5510762538173335,0.6,0.5829447032276753,0.6,0.6842726767603772,0.85
4,2025-03-23,16,Sunday,zone_hour_profile,500,203,260,0.7807692307692308,Evening,Weekend,0.8427136226651484,0.6,0.9177594011155938,0.8,0.9272839444599481,0.85
4,2025-03-23,16,Sunday,same_hour_last_week,500,203,260,0.7807692307692308,Evening,Weekend,0.9322109252581418,0.6,0.9313409449079704,0.7,0.9524297516934417,0.9
4,2025-03-23,16,Sunday,trailing_4_week_profile,500,203,260,0.7807692307692308,Evening,Weekend,0.9769353072870477,0.6,0.9784132725307219,0.8,0.984239120241638,0.9
4,2025-03-23,16,Sunday,global_popularity,1000,171,260,0.6576923076923077,Evening,Weekend,0.5510762538173335,0.6,0.5829447032276753,0.6,0.6842726767603772,0.85
4,2025-03-23,16,Sunday,zone_hour_profile,1000,171,260,0.6576923076923077,Evening,Weekend,0.8427136226651484,0.6,0.9177594011155938,0.8,0.9272839444599481,0.85
4,2025-03-23,16,Sunday,same_hour_last_week,1000,171,260,0.6576923076923077,Evening,Weekend,0.9322109252581418,0.6,0.9313409449079704,0.7,0.9524297516934417,0.9
4,2025-03-23,16,Sunday,trailing_4_week_profile,1000,171,260,0.6576923076923077,Evening,Weekend,0.9769353072870477,0.6,0.9784132725307219,0.8,0.984239120241638,0.9
4,2025-03-23,17,Sunday,global_popularity,500,203,260,0.7807692307692308,Evening,Weekend,0.5029154785916558,0.4,0.5490990834185544,0.7,0.638339966597436,0.85
4,2025-03-23,17,Sunday,zone_hour_profile,500,203,260,0.7807692307692308,Evening,Weekend,0.8810919376558486,0.6,0.9392870627494158,0.9,0.9475301924190839,0.85
4,2025-03-23,17,Sunday,same_hour_last_week,500,203,260,0.7807692307692308,Evening,Weekend,0.9970490166132342,0.8,0.9879885986644049,0.9,0.9919070166874597,0.85
4,2025-03-23,17,Sunday,trailing_4_week_profile,500,203,260,0.7807692307692308,Evening,Weekend,0.973912363896649,0.8,0.9673900171696045,0.9,0.9723134788414112,0.8
4,2025-03-23,17,Sunday,global_popularity,1000,171,260,0.6576923076923077,Evening,Weekend,0.5029154785916558,0.4,0.5490990834185544,0.7,0.638339966597436,0.85
4,2025-03-23,17,Sunday,zone_hour_profile,1000,171,260,0.6576923076923077,Evening,Weekend,0.8810919376558486,0.6,0.9392870627494158,0.9,0.9475301924190839,0.85
4,2025-03-23,17,Sunday,same_hour_last_week,1000,171,260,0.6576923076923077,Evening,Weekend,0.9970490166132342,0.8,0.9879885986644049,0.9,0.9919070166874597,0.85
4,2025-03-23,17,Sunday,trailing_4_week_profile,1000,171,260,0.6576923076923077,Evening,Weekend,0.973912363896649,0.8,0.9673900171696045,0.9,0.9723134788414112,0.8
4,2025-03-23,18,Sunday,global_popularity,500,203,260,0.7807692307692308,Evening,Weekend,0.500144552614046,0.6,0.5558409972105864,0.6,0.6764878023864197,0.9
4,2025-03-23,18,Sunday,zone_hour_profile,500,203,260,0.7807692307692308,Evening,Weekend,0.7950079116243495,0.6,0.9125526308761447,0.9,0.9210718920445797,0.95
4,2025-03-23,18,Sunday,same_hour_last_week,500,203,260,0.7807692307692308,Evening,Weekend,0.916037960421768,0.8,0.9249532539502842,0.8,0.9357377700353157,0.9
4,2025-03-23,18,Sunday,trailing_4_week_profile,500,203,260,0.7807692307692308,Evening,Weekend,0.7896076452561347,0.6,0.9136991796660472,0.8,0.927147054809082,0.95
4,2025-03-23,18,Sunday,global_popularity,1000,171,260,0.6576923076923077,Evening,Weekend,0.500144552614046,0.6,0.5558409972105864,0.6,0.6764878023864197,0.9
4,2025-03-23,18,Sunday,zone_hour_profile,1000,171,260,0.6576923076923077,Evening,Weekend,0.7950079116243495,0.6,0.9125526308761447,0.9,0.9210718920445797,0.95
4,2025-03-23,18,Sunday,same_hour_last_week,1000,171,260,0.6576923076923077,Evening,Weekend,0.916037960421768,0.8,0.9249532539502842,0.8,0.9357377700353157,0.9
4,2025-03-23,18,Sunday,trailing_4_week_profile,1000,171,260,0.6576923076923077,Evening,Weekend,0.7896076452561347,0.6,0.9136991796660472,0.8,0.927147054809082,0.95
4,2025-03-23,19,Sunday,global_popularity,500,203,260,0.7807692307692308,Evening,Weekend,0.4388398016497224,0.4,0.5007708898108172,0.7,0.6077494792196074,0.95
4,2025-03-23,19,Sunday,zone_hour_profile,500,203,260,0.7807692307692308,Evening,Weekend,0.9923034456126005,0.6,0.9956993867080441,0.8,0.9975658391596799,1.0
4,2025-03-23,19,Sunday,same_hour_last_week,500,203,260,0.7807692307692308,Evening,Weekend,0.9616796870124118,0.6,0.959899793266899,0.7,0.9711670589014074,1.0
4,2025-03-23,19,Sunday,trailing_4_week_profile,500,203,260,0.7807692307692308,Evening,Weekend,0.9923034456126005,0.6,0.9955764608334753,0.8,0.9975071471514351,1.0
4,2025-03-23,19,Sunday,global_popularity,1000,171,260,0.6576923076923077,Evening,Weekend,0.4388398016497224,0.4,0.5007708898108172,0.7,0.6077494792196074,0.95
4,2025-03-23,19,Sunday,zone_hour_profile,1000,171,260,0.6576923076923077,Evening,Weekend,0.9923034456126005,0.6,0.9956993867080441,0.8,0.9975658391596799,1.0
4,2025-03-23,19,Sunday,same_hour_last_week,1000,171,260,0.6576923076923077,Evening,Weekend,0.9616796870124118,0.6,0.959899793266899,0.7,0.9711670589014074,1.0
4,2025-03-23,19,Sunday,trailing_4_week_profile,1000,171,260,0.6576923076923077,Evening,Weekend,0.9923034456126005,0.6,0.9955764608334753,0.8,0.9975071471514351,1.0
4,2025-03-23,20,Sunday,global_popularity,500,203,260,0.7807692307692308,Evening,Weekend,0.4097704506812992,0.4,0.4782415610087276,0.5,0.595723105645155,0.85
4,2025-03-23,20,Sunday,zone_hour_profile,500,203,260,0.7807692307692308,Evening,Weekend,0.9690644977578862,0.8,0.9694531966544395,0.9,0.9725286534448296,0.85
4,2025-03-23,20,Sunday,same_hour_last_week,500,203,260,0.7807692307692308,Evening,Weekend,0.7259078576260826,0.8,0.7481338419601111,0.9,0.773242770376872,0.85
4,2025-03-23,20,Sunday,trailing_4_week_profile,500,203,260,0.7807692307692308,Evening,Weekend,0.9699539387362315,0.8,0.9627870902266521,0.8,0.9726967555040835,0.85
4,2025-03-23,20,Sunday,global_popularity,1000,171,260,0.6576923076923077,Evening,Weekend,0.4097704506812992,0.4,0.4782415610087276,0.5,0.595723105645155,0.85
4,2025-03-23,20,Sunday,zone_hour_profile,1000,171,260,0.6576923076923077,Evening,Weekend,0.9690644977578862,0.8,0.9694531966544395,0.9,0.9725286534448296,0.85
4,2025-03-23,20,Sunday,same_hour_last_week,1000,171,260,0.6576923076923077,Evening,Weekend,0.7259078576260826,0.8,0.7481338419601111,0.9,0.773242770376872,0.85
4,2025-03-23,20,Sunday,trailing_4_week_profile,1000,171,260,0.6576923076923077,Evening,Weekend,0.9699539387362315,0.8,0.9627870902266521,0.8,0.9726967555040835,0.85
4,2025-03-23,21,Sunday,global_popularity,500,203,260,0.7807692307692308,Late evening,Weekend,0.37554607302195514,0.4,0.4193907967473341,0.5,0.5518915568173883,0.85
4,2025-03-23,21,Sunday,zone_hour_profile,500,203,260,0.7807692307692308,Late evening,Weekend,0.9902884137151949,0.8,0.9964534983712987,0.9,0.9950326251924811,0.9
4,2025-03-23,21,Sunday,same_hour_last_week,500,203,260,0.7807692307692308,Late evening,Weekend,0.7263401453229648,0.8,0.7347614706447044,0.8,0.7621581579912362,0.85
4,2025-03-23,21,Sunday,trailing_4_week_profile,500,203,260,0.7807692307692308,Late evening,Weekend,0.9953001363247991,0.8,0.9916495295220333,0.8,0.9951596454015962,0.9
4,2025-03-23,21,Sunday,global_popularity,1000,171,260,0.6576923076923077,Late evening,Weekend,0.37554607302195514,0.4,0.4193907967473341,0.5,0.5518915568173883,0.85
4,2025-03-23,21,Sunday,zone_hour_profile,1000,171,260,0.6576923076923077,Late evening,Weekend,0.9902884137151949,0.8,0.9964534983712987,0.9,0.9950326251924811,0.9
4,2025-03-23,21,Sunday,same_hour_last_week,1000,171,260,0.6576923076923077,Late evening,Weekend,0.7263401453229648,0.8,0.7347614706447044,0.8,0.7621581579912362,0.85
4,2025-03-23,21,Sunday,trailing_4_week_profile,1000,171,260,0.6576923076923077,Late evening,Weekend,0.9953001363247991,0.8,0.9916495295220333,0.8,0.9951596454015962,0.9
4,2025-03-23,22,Sunday,global_popularity,500,203,260,0.7807692307692308,Late evening,Weekend,0.41245972880760623,0.4,0.43999406057737445,0.5,0.5580727914561575,0.7
4,2025-03-23,22,Sunday,zone_hour_profile,500,203,260,0.7807692307692308,Late evening,Weekend,0.9910112367190412,0.8,0.9909877296778213,0.9,0.9883359632378111,0.8
4,2025-03-23,22,Sunday,same_hour_last_week,500,203,260,0.7807692307692308,Late evening,Weekend,0.9729819240590004,0.8,0.9773317454663901,0.8,0.9804581896277746,0.75
4,2025-03-23,22,Sunday,trailing_4_week_profile,500,203,260,0.7807692307692308,Late evening,Weekend,0.99750029198167,1.0,0.9904333254175727,0.9,0.98910185848417,0.8
4,2025-03-23,22,Sunday,global_popularity,1000,171,260,0.6576923076923077,Late evening,Weekend,0.41245972880760623,0.4,0.43999406057737445,0.5,0.5580727914561575,0.7
4,2025-03-23,22,Sunday,zone_hour_profile,1000,171,260,0.6576923076923077,Late evening,Weekend,0.9910112367190412,0.8,0.9909877296778213,0.9,0.9883359632378111,0.8
4,2025-03-23,22,Sunday,same_hour_last_week,1000,171,260,0.6576923076923077,Late evening,Weekend,0.9729819240590004,0.8,0.9773317454663901,0.8,0.9804581896277746,0.75
4,2025-03-23,22,Sunday,trailing_4_week_profile,1000,171,260,0.6576923076923077,Late evening,Weekend,0.99750029198167,1.0,0.9904333254175727,0.9,0.98910185848417,0.8
4,2025-03-23,23,Sunday,global_popularity,500,203,260,0.7807692307692308,Late evening,Weekend,0.34184512472843775,0.4,0.35947471254755026,0.4,0.47428879860207557,0.6
4,2025-03-23,23,Sunday,zone_hour_profile,500,203,260,0.7807692307692308,Late evening,Weekend,0.9868630214127805,0.6,0.9874235261662091,0.7,0.9789819868381519,0.7
4,2025-03-23,23,Sunday,same_hour_last_week,500,203,260,0.7807692307692308,Late evening,Weekend,0.875360838499527,0.6,0.8784820965258603,0.7,0.8858796283468479,0.85
4,2025-03-23,23,Sunday,trailing_4_week_profile,500,203,260,0.7807692307692308,Late evening,Weekend,0.9929517941182269,0.6,0.9863564124435777,0.7,0.989907377172311,0.85
4,2025-03-23,23,Sunday,global_popularity,1000,171,260,0.6576923076923077,Late evening,Weekend,0.34184512472843775,0.4,0.35947471254755026,0.4,0.47428879860207557,0.6
4,2025-03-23,23,Sunday,zone_hour_profile,1000,171,260,0.6576923076923077,Late evening,Weekend,0.9868630214127805,0.6,0.9874235261662091,0.7,0.9789819868381519,0.7
4,2025-03-23,23,Sunday,same_hour_last_week,1000,171,260,0.6576923076923077,Late evening,Weekend,0.875360838499527,0.6,0.8784820965258603,0.7,0.8858796283468479,0.85
4,2025-03-23,23,Sunday,trailing_4_week_profile,1000,171,260,0.6576923076923077,Late evening,Weekend,0.9929517941182269,0.6,0.9863564124435777,0.7,0.989907377172311,0.85
