hour,day_type,PULocationID,pickup_zone,pickup_borough,avg_daily_trips
0,Weekday,132,JFK Airport,Queens,184.7
0,Weekday,138,LaGuardia Airport,Queens,109.89
0,Weekday,249,West Village,Manhattan,82.27
0,Weekday,114,Greenwich Village South,Manhattan,79.22
0,Weekday,230,Times Sq/Theatre District,Manhattan,76.48
0,Weekday,79,East Village,Manhattan,76.41
0,Weekday,48,Clinton East,Manhattan,69.58
0,Weekday,186,Penn Station/Madison Sq West,Manhattan,65.78
0,Weekday,161,Midtown Center,Manhattan,57.16
0,Weekday,234,Union Sq,Manhattan,55.5
0,Weekday,68,East Chelsea,Manhattan,52.72
0,Weekday,164,Midtown South,Manhattan,50.64
0,Weekday,148,Lower East Side,Manhattan,43.84
0,Weekday,163,Midtown North,Manhattan,37.89
0,Weekday,170,Murray Hill,Manhattan,36.48
0,Weekday,142,Lincoln Square East,Manhattan,35.81
0,Weekday,237,Upper East Side South,Manhattan,34.97
0,Weekday,107,Gramercy,Manhattan,33.98
0,Weekday,162,Midtown East,Manhattan,33.55
0,Weekday,158,Meatpacking/West Village West,Manhattan,32.42
0,Weekday,90,Flatiron,Manhattan,32.36
0,Weekday,100,Garment District,Manhattan,28.52
0,Weekday,144,Little Italy/NoLiTa,Manhattan,28.33
0,Weekday,113,Greenwich Village North,Manhattan,26.67
0,Weekday,246,West Chelsea/Hudson Yards,Manhattan,22.55
0,Weekday,239,Upper West Side South,Manhattan,22.52
0,Weekday,137,Kips Bay,Manhattan,22.48
0,Weekday,231,TriBeCa/Civic Center,Manhattan,22.42
0,Weekday,229,Sutton Place/Turtle Bay North,Manhattan,22.11
0,Weekday,141,Lenox Hill West,Manhattan,21.53
0,Weekday,263,Yorkville West,Manhattan,21.08
0,Weekday,211,SoHo,Manhattan,18.91
0,Weekday,140,Lenox Hill East,Manhattan,16.23
0,Weekday,70,East Elmhurst,Queens,13.73
0,Weekday,236,Upper East Side North,Manhattan,12.78
0,Weekday,238,Upper West Side North,Manhattan,11.34
0,Weekday,233,UN/Turtle Bay South,Manhattan,10.91
0,Weekday,50,Clinton West,Manhattan,8.88
0,Weekday,87,Financial District North,Manhattan,8.77
0,Weekday,125,Hudson Sq,Manhattan,7.94
0,Weekday,43,Central Park,Manhattan,7.88
0,Weekday,130,Jamaica,Queens,7.38
0,Weekday,4,Alphabet City,Manhattan,7.14
0,Weekday,166,Morningside Heights,Manhattan,7.02
0,Weekday,143,Lincoln Square West,Manhattan,6.8
0,Weekday,75,East Harlem South,Manhattan,6.06
0,Weekday,88,Financial District South,Manhattan,6.02
0,Weekday,7,Astoria,Queens,5.59
0,Weekday,261,World Trade Center,Manhattan,5.52
0,Weekday,151,Manhattan Valley,Manhattan,5.52
0,Weekday,255,Williamsburg (North Side),Brooklyn,5.44
0,Weekday,41,Central Harlem,Manhattan,5.33
0,Weekday,232,Two Bridges/Seward Park,Manhattan,4.17
0,Weekday,74,East Harlem North,Manhattan,4.14
0,Weekday,42,Central Harlem North,Manhattan,4.09
0,Weekday,209,Seaport,Manhattan,3.95
0,Weekday,262,Yorkville East,Manhattan,3.95
0,Weekday,226,Sunnyside,Queens,3.84
0,Weekday,145,Long Island City/Hunters Point,Queens,3.8
0,Weekday,129,Jackson Heights,Queens,3.61
0,Weekday,45,Chinatown,Manhattan,3.14
0,Weekday,76,East New York,Brooklyn,3.09
0,Weekday,216,South Ozone Park,Queens,3.03
0,Weekday,264,Unknown,Unknown,3.0
0,Weekday,256,Williamsburg (South Side),Brooklyn,2.94
0,Weekday,24,Bloomingdale,Manhattan,2.92
0,Weekday,197,Richmond Hill,Queens,2.73
0,Weekday,116,Hamilton Heights,Manhattan,2.63
0,Weekday,112,Greenpoint,Brooklyn,2.58
0,Weekday,181,Park Slope,Brooklyn,2.52
0,Weekday,95,Forest Hills,Queens,2.45
0,Weekday,82,Elmhurst,Queens,2.42
0,Weekday,260,Woodside,Queens,2.41
0,Weekday,61,Crown Heights North,Brooklyn,2.36
0,Weekday,13,Battery Park City,Manhattan,2.36
0,Weekday,244,Washington Heights South,Manhattan,2.2
0,Weekday,37,Bushwick South,Brooklyn,2.19
0,Weekday,25,Boerum Hill,Brooklyn,2.16
0,Weekday,224,Stuy Town/Peter Cooper Village,Manhattan,2.09
0,Weekday,146,Long Island City/Queens Plaza,Queens,2.08
0,Weekday,223,Steinway,Queens,1.95
0,Weekday,65,Downtown Brooklyn/MetroTech,Brooklyn,1.92
0,Weekday,80,East Williamsburg,Brooklyn,1.92
0,Weekday,168,Mott Haven/Port Morris,Bronx,1.89
0,Weekday,97,Fort Greene,Brooklyn,1.8
0,Weekday,36,Bushwick North,Brooklyn,1.75
0,Weekday,92,Flushing,Queens,1.72
0,Weekday,152,Manhattanville,Manhattan,1.61
0,Weekday,33,Brooklyn Heights,Brooklyn,1.47
0,Weekday,177,Ocean Hill,Brooklyn,1.38
0,Weekday,28,Briarwood/Jamaica Hills,Queens,1.36
0,Weekday,219,Springfield Gardens South,Queens,1.33
0,Weekday,179,Old Astoria,Queens,1.31
0,Weekday,215,South Jamaica,Queens,1.3
0,Weekday,17,Bedford,Brooklyn,1.28
0,Weekday,35,Brownsville,Brooklyn,1.28
0,Weekday,10,Baisley Park,Queens,1.27
0,Weekday,89,Flatbush/Ditmas Park,Brooklyn,1.23
0,Weekday,188,Prospect-Lefferts Gardens,Brooklyn,1.22
0,Weekday,228,Sunset Park West,Brooklyn,1.2
0,Weekday,225,Stuyvesant Heights,Brooklyn,1.19
0,Weekday,39,Canarsie,Brooklyn,1.17
0,Weekday,258,Woodhaven,Queens,1.08
0,Weekday,247,West Concourse,Bronx,1.08
0,Weekday,66,DUMBO/Vinegar Hill,Brooklyn,1.03
0,Weekday,134,Kew Gardens,Queens,0.97
0,Weekday,243,Washington Heights North,Manhattan,0.91
0,Weekday,63,Cypress Hills,Brooklyn,0.91
0,Weekday,101,Glen Oaks,Queens,0.89
0,Weekday,198,Ridgewood,Queens,0.89
0,Weekday,72,East Flatbush/Remsen Village,Brooklyn,0.88
0,Weekday,180,Ozone Park,Queens,0.83
0,Weekday,56,Corona,Queens,0.8
0,Weekday,77,East New York/Pennsylvania Avenue,Brooklyn,0.8
0,Weekday,127,Inwood,Manhattan,0.77
0,Weekday,196,Rego Park,Queens,0.77
0,Weekday,159,Melrose South,Bronx,0.73
0,Weekday,124,Howard Beach,Queens,0.72
0,Weekday,26,Borough Park,Brooklyn,0.72
0,Weekday,106,Gowanus,Brooklyn,0.7
0,Weekday,49,Clinton Hill,Brooklyn,0.69
0,Weekday,83,Elmhurst/Maspeth,Queens,0.64
0,Weekday,173,North Corona,Queens,0.64
0,Weekday,242,Van Nest/Morris Park,Bronx,0.64
0,Weekday,14,Bay Ridge,Brooklyn,0.64
0,Weekday,193,Queensbridge/Ravenswood,Queens,0.63
0,Weekday,71,East Flatbush/Farragut,Brooklyn,0.63
0,Weekday,169,Mount Hope,Bronx,0.61
0,Weekday,69,East Concourse/Concourse Village,Bronx,0.59
0,Weekday,53,College Point,Queens,0.58
0,Weekday,218,Springfield Gardens North,Queens,0.56
0,Weekday,121,Hillcrest/Pomonok,Queens,0.55
0,Weekday,205,Saint Albans,Queens,0.53
0,Weekday,123,Homecrest,Brooklyn,0.52
0,Weekday,157,Maspeth,Queens,0.52
0,Weekday,203,Rosedale,Queens,0.52
0,Weekday,191,Queens Village,Queens,0.52
0,Weekday,213,Soundview/Castle Hill,Bronx,0.5
0,Weekday,91,Flatlands,Brooklyn,0.5
0,Weekday,62,Crown Heights South,Brooklyn,0.47
0,Weekday,189,Prospect Heights,Brooklyn,0.45
0,Weekday,254,Williamsbridge/Olinville,Bronx,0.44
0,Weekday,102,Glendale,Queens,0.42
0,Weekday,131,Jamaica Estates,Queens,0.42
0,Weekday,126,Hunts Point,Bronx,0.42
0,Weekday,93,Flushing Meadows-Corona Park,Queens,0.41
0,Weekday,235,University Heights/Morris Heights,Bronx,0.41
0,Weekday,155,Marine Park/Mill Basin,Brooklyn,0.39
0,Weekday,217,South Williamsburg,Brooklyn,0.39
0,Weekday,85,Erasmus,Brooklyn,0.39
0,Weekday,40,Carroll Gardens,Brooklyn,0.38
0,Weekday,265,Outside NYC,Unknown,0.38
0,Weekday,220,Spuyten Duyvil/Kingsbridge,Bronx,0.36
0,Weekday,250,Westchester Village/Unionport,Bronx,0.36
0,Weekday,86,Far Rockaway,Queens,0.36
0,Weekday,160,Middle Village,Queens,0.36
0,Weekday,212,Soundview/Bruckner,Bronx,0.36
0,Weekday,135,Kew Gardens Hills,Queens,0.34
0,Weekday,16,Bayside,Queens,0.33
0,Weekday,19,Bellerose,Queens,0.33
0,Weekday,222,Starrett City,Brooklyn,0.31
0,Weekday,119,Highbridge,Bronx,0.31
0,Weekday,139,Laurelton,Queens,0.31
0,Weekday,171,Murray Hill-Queens,Queens,0.31
0,Weekday,241,Van Cortlandt Village,Bronx,0.31
0,Weekday,78,East Tremont,Bronx,0.31
0,Weekday,22,Bensonhurst West,Brooklyn,0.3
0,Weekday,167,Morrisania/Melrose,Bronx,0.3
0,Weekday,133,Kensington,Brooklyn,0.3
0,Weekday,21,Bensonhurst East,Brooklyn,0.3
0,Weekday,165,Midwood,Brooklyn,0.3
0,Weekday,136,Kingsbridge Heights,Bronx,0.3
0,Weekday,174,Norwood,Bronx,0.3
0,Weekday,210,Sheepshead Bay,Brooklyn,0.3
0,Weekday,29,Brighton Beach,Brooklyn,0.28
0,Weekday,195,Red Hook,Brooklyn,0.28
0,Weekday,175,Oakland Gardens,Queens,0.27
0,Weekday,20,Belmont,Bronx,0.27
0,Weekday,150,Manhattan Beach,Brooklyn,0.27
0,Weekday,227,Sunset Park East,Brooklyn,0.25
0,Weekday,182,Parkchester,Bronx,0.25
0,Weekday,94,Fordham South,Bronx,0.25
0,Weekday,192,Queensboro Hill,Queens,0.25
0,Weekday,259,Woodlawn/Wakefield,Bronx,0.25
0,Weekday,55,Coney Island,Brooklyn,0.25
0,Weekday,60,Crotona Park East,Bronx,0.25
0,Weekday,47,Claremont/Bathgate,Bronx,0.25
0,Weekday,257,Windsor Terrace,Brooklyn,0.25
0,Weekday,98,Fresh Meadows,Queens,0.23
0,Weekday,248,West Farms/Bronx River,Bronx,0.22
0,Weekday,18,Bedford Park,Bronx,0.22
0,Weekday,252,Whitestone,Queens,0.22
0,Weekday,122,Hollis,Queens,0.2
0,Weekday,52,Cobble Hill,Brooklyn,0.2
0,Weekday,208,Schuylerville/Edgewater Park,Bronx,0.2
0,Weekday,149,Madison,Brooklyn,0.19
0,Weekday,147,Longwood,Bronx,0.19
0,Weekday,38,Cambria Heights,Queens,0.19
0,Weekday,108,Gravesend,Brooklyn,0.19
0,Weekday,32,Bronxdale,Bronx,0.17
0,Weekday,202,Roosevelt Island,Manhattan,0.17
0,Weekday,73,East Flushing,Queens,0.17
0,Weekday,178,Ocean Parkway South,Brooklyn,0.17
0,Weekday,201,Rockaway Park,Queens,0.17
0,Weekday,64,Douglaston,Queens,0.16
0,Weekday,51,Co-Op City,Bronx,0.16
0,Weekday,96,Forest Park/Highland Park,Queens,0.14
0,Weekday,117,Hammels/Arverne,Queens,0.14
0,Weekday,34,Brooklyn Navy Yard,Brooklyn,0.14
0,Weekday,9,Auburndale,Queens,0.14
0,Weekday,3,Allerton/Pelham Gardens,Bronx,0.13
0,Weekday,190,Prospect Park,Brooklyn,0.13
0,Weekday,153,Marble Hill,Manhattan,0.11
0,Weekday,57,Corona,Queens,0.11
0,Weekday,183,Pelham Bay,Bronx,0.09
0,Weekday,11,Bath Beach,Brooklyn,0.09
0,Weekday,185,Pelham Parkway,Bronx,0.09
0,Weekday,15,Bay Terrace/Fort Totten,Queens,0.09
0,Weekday,81,Eastchester,Bronx,0.08
0,Weekday,12,Battery Park,Manhattan,0.06
0,Weekday,200,Riverdale/North Riverdale/Fieldston,Bronx,0.06
0,Weekday,54,Columbia Street,Brooklyn,0.06
0,Weekday,194,Randalls Island,Manhattan,0.06
0,Weekday,6,Arrochar/Fort Wadsworth,Staten Island,0.06
0,Weekday,240,Van Cortlandt Park,Bronx,0.06
0,Weekday,58,Country Club,Bronx,0.06
0,Weekday,154,Marine Park/Floyd Bennett Field,Brooklyn,0.06
0,Weekday,207,Saint Michaels Cemetery/Woodside,Queens,0.05
0,Weekday,67,Dyker Heights,Brooklyn,0.05
0,Weekday,23,Bloomfield/Emerson Hill,Staten Island,0.03
0,Weekday,30,Broad Channel,Queens,0.03
0,Weekday,172,New Dorp/Midland Beach,Staten Island,0.03
0,Weekday,120,Highbridge Park,Manhattan,0.03
0,Weekday,156,Mariners Harbor,Staten Island,0.02
0,Weekday,245,West Brighton,Staten Island,0.02
0,Weekday,59,Crotona Park,Bronx,0.02
0,Weekday,46,City Island,Bronx,0.02
0,Weekday,204,Rossville/Woodrow,Staten Island,0.02
0,Weekday,206,Saint George/New Brighton,Staten Island,0.02
0,Weekday,31,Bronx Park,Bronx,0.02
0,Weekday,214,South Beach/Dongan Hills,Staten Island,0.02
0,Weekday,115,Grymes Hill/Clifton,Staten Island,0.02
0,Weekday,8,Astoria Park,Queens,0.02
0,Weekday,128,Inwood Hill Park,Manhattan,0.02
1,Weekday,132,JFK Airport,Queens,89.64
1,Weekday,249,West Village,Manhattan,48.09
1,Weekday,79,East Village,Manhattan,47.33
1,Weekday,114,Greenwich Village South,Manhattan,43.47
1,Weekday,48,Clinton East,Manhattan,38.28
1,Weekday,138,LaGuardia Airport,Queens,31.09
1,Weekday,186,Penn Station/Madison Sq West,Manhattan,30.16
1,Weekday,230,Times Sq/Theatre District,Manhattan,29.66
1,Weekday,148,Lower East Side,Manhattan,27.88
1,Weekday,164,Midtown South,Manhattan,25.55
1,Weekday,68,East Chelsea,Manhattan,23.92
1,Weekday,234,Union Sq,Manhattan,21.42
1,Weekday,161,Midtown Center,Manhattan,20.08
1,Weekday,246,West Chelsea/Hudson Yards,Manhattan,19.31
1,Weekday,107,Gramercy,Manhattan,19.13
1,Weekday,144,Little Italy/NoLiTa,Manhattan,18.31
1,Weekday,90,Flatiron,Manhattan,17.98
1,Weekday,170,Murray Hill,Manhattan,17.41
1,Weekday,163,Midtown North,Manhattan,16.92
1,Weekday,158,Meatpacking/West Village West,Manhattan,16.72
1,Weekday,162,Midtown East,Manhattan,15.41
1,Weekday,237,Upper East Side South,Manhattan,14.3
1,Weekday,113,Greenwich Village North,Manhattan,14.16
1,Weekday,231,TriBeCa/Civic Center,Manhattan,14.0
1,Weekday,100,Garment District,Manhattan,13.28
1,Weekday,229,Sutton Place/Turtle Bay North,Manhattan,12.84
1,Weekday,141,Lenox Hill West,Manhattan,12.66
1,Weekday,263,Yorkville West,Manhattan,12.63
1,Weekday,142,Lincoln Square East,Manhattan,11.38
1,Weekday,137,Kips Bay,Manhattan,11.28
1,Weekday,239,Upper West Side South,Manhattan,10.41
1,Weekday,211,SoHo,Manhattan,10.31
1,Weekday,140,Lenox Hill East,Manhattan,8.25
1,Weekday,125,Hudson Sq,Manhattan,6.69
1,Weekday,4,Alphabet City,Manhattan,6.34
1,Weekday,238,Upper West Side North,Manhattan,6.33
1,Weekday,50,Clinton West,Manhattan,5.95
1,Weekday,236,Upper East Side North,Manhattan,5.61
1,Weekday,233,UN/Turtle Bay South,Manhattan,5.59
1,Weekday,87,Financial District North,Manhattan,5.11
1,Weekday,130,Jamaica,Queens,4.98
1,Weekday,70,East Elmhurst,Queens,4.67
1,Weekday,255,Williamsburg (North Side),Brooklyn,3.84
1,Weekday,75,East Harlem South,Manhattan,3.31
1,Weekday,43,Central Park,Manhattan,3.09
1,Weekday,166,Morningside Heights,Manhattan,2.97
1,Weekday,7,Astoria,Queens,2.91
1,Weekday,232,Two Bridges/Seward Park,Manhattan,2.86
1,Weekday,88,Financial District South,Manhattan,2.84
1,Weekday,143,Lincoln Square West,Manhattan,2.77
1,Weekday,261,World Trade Center,Manhattan,2.52
1,Weekday,151,Manhattan Valley,Manhattan,2.44
1,Weekday,256,Williamsburg (South Side),Brooklyn,2.33
1,Weekday,262,Yorkville East,Manhattan,2.3
1,Weekday,209,Seaport,Manhattan,2.23
1,Weekday,129,Jackson Heights,Queens,2.17
1,Weekday,74,East Harlem North,Manhattan,2.08
1,Weekday,145,Long Island City/Hunters Point,Queens,2.03
1,Weekday,216,South Ozone Park,Queens,2.0
1,Weekday,41,Central Harlem,Manhattan,1.92
1,Weekday,112,Greenpoint,Brooklyn,1.89
1,Weekday,226,Sunnyside,Queens,1.78
1,Weekday,42,Central Harlem North,Manhattan,1.77
1,Weekday,24,Bloomingdale,Manhattan,1.72
1,Weekday,80,East Williamsburg,Brooklyn,1.69
1,Weekday,264,Unknown,Unknown,1.63
1,Weekday,260,Woodside,Queens,1.61
1,Weekday,45,Chinatown,Manhattan,1.56
1,Weekday,82,Elmhurst,Queens,1.53
1,Weekday,224,Stuy Town/Peter Cooper Village,Manhattan,1.52
1,Weekday,76,East New York,Brooklyn,1.5
1,Weekday,61,Crown Heights North,Brooklyn,1.44
1,Weekday,25,Boerum Hill,Brooklyn,1.41
1,Weekday,116,Hamilton Heights,Manhattan,1.41
1,Weekday,37,Bushwick South,Brooklyn,1.28
1,Weekday,181,Park Slope,Brooklyn,1.2
1,Weekday,36,Bushwick North,Brooklyn,1.16
1,Weekday,146,Long Island City/Queens Plaza,Queens,1.11
1,Weekday,197,Richmond Hill,Queens,1.03
1,Weekday,223,Steinway,Queens,0.94
1,Weekday,95,Forest Hills,Queens,0.94
1,Weekday,152,Manhattanville,Manhattan,0.89
1,Weekday,168,Mott Haven/Port Morris,Bronx,0.88
1,Weekday,65,Downtown Brooklyn/MetroTech,Brooklyn,0.88
1,Weekday,28,Briarwood/Jamaica Hills,Queens,0.84
1,Weekday,179,Old Astoria,Queens,0.84
1,Weekday,17,Bedford,Brooklyn,0.8
1,Weekday,97,Fort Greene,Brooklyn,0.77
1,Weekday,13,Battery Park City,Manhattan,0.77
1,Weekday,92,Flushing,Queens,0.73
1,Weekday,180,Ozone Park,Queens,0.72
1,Weekday,66,DUMBO/Vinegar Hill,Brooklyn,0.72
1,Weekday,10,Baisley Park,Queens,0.7
1,Weekday,215,South Jamaica,Queens,0.63
1,Weekday,258,Woodhaven,Queens,0.61
1,Weekday,63,Cypress Hills,Brooklyn,0.61
1,Weekday,49,Clinton Hill,Brooklyn,0.59
1,Weekday,39,Canarsie,Brooklyn,0.59
1,Weekday,33,Brooklyn Heights,Brooklyn,0.58
1,Weekday,244,Washington Heights South,Manhattan,0.58
1,Weekday,225,Stuyvesant Heights,Brooklyn,0.58
1,Weekday,228,Sunset Park West,Brooklyn,0.56
1,Weekday,134,Kew Gardens,Queens,0.56
1,Weekday,198,Ridgewood,Queens,0.53
1,Weekday,188,Prospect-Lefferts Gardens,Brooklyn,0.53
1,Weekday,189,Prospect Heights,Brooklyn,0.52
1,Weekday,89,Flatbush/Ditmas Park,Brooklyn,0.52
1,Weekday,247,West Concourse,Bronx,0.52
1,Weekday,72,East Flatbush/Remsen Village,Brooklyn,0.5
1,Weekday,83,Elmhurst/Maspeth,Queens,0.48
1,Weekday,159,Melrose South,Bronx,0.47
1,Weekday,191,Queens Village,Queens,0.45
1,Weekday,69,East Concourse/Concourse Village,Bronx,0.45
1,Weekday,243,Washington Heights North,Manhattan,0.44
1,Weekday,93,Flushing Meadows-Corona Park,Queens,0.44
1,Weekday,26,Borough Park,Brooklyn,0.44
1,Weekday,62,Crown Heights South,Brooklyn,0.42
1,Weekday,35,Brownsville,Brooklyn,0.39
1,Weekday,91,Flatlands,Brooklyn,0.39
1,Weekday,173,North Corona,Queens,0.39
1,Weekday,205,Saint Albans,Queens,0.38
1,Weekday,77,East New York/Pennsylvania Avenue,Brooklyn,0.38
1,Weekday,56,Corona,Queens,0.36
1,Weekday,169,Mount Hope,Bronx,0.36
1,Weekday,219,Springfield Gardens South,Queens,0.36
1,Weekday,177,Ocean Hill,Brooklyn,0.34
1,Weekday,22,Bensonhurst West,Brooklyn,0.34
1,Weekday,106,Gowanus,Brooklyn,0.34
1,Weekday,157,Maspeth,Queens,0.33
1,Weekday,14,Bay Ridge,Brooklyn,0.33
1,Weekday,101,Glen Oaks,Queens,0.33
1,Weekday,193,Queensbridge/Ravenswood,Queens,0.33
1,Weekday,131,Jamaica Estates,Queens,0.33
1,Weekday,160,Middle Village,Queens,0.33
1,Weekday,265,Outside NYC,Unknown,0.33
1,Weekday,121,Hillcrest/Pomonok,Queens,0.31
1,Weekday,21,Bensonhurst East,Brooklyn,0.3
1,Weekday,235,University Heights/Morris Heights,Bronx,0.28
1,Weekday,210,Sheepshead Bay,Brooklyn,0.28
1,Weekday,124,Howard Beach,Queens,0.28
1,Weekday,40,Carroll Gardens,Brooklyn,0.27
1,Weekday,119,Highbridge,Bronx,0.27
1,Weekday,250,Westchester Village/Unionport,Bronx,0.27
1,Weekday,167,Morrisania/Melrose,Bronx,0.25
1,Weekday,227,Sunset Park East,Brooklyn,0.25
1,Weekday,126,Hunts Point,Bronx,0.25
1,Weekday,16,Bayside,Queens,0.23
1,Weekday,78,East Tremont,Bronx,0.23
1,Weekday,213,Soundview/Castle Hill,Bronx,0.22
1,Weekday,254,Williamsbridge/Olinville,Bronx,0.22
1,Weekday,242,Van Nest/Morris Park,Bronx,0.22
1,Weekday,71,East Flatbush/Farragut,Brooklyn,0.22
1,Weekday,139,Laurelton,Queens,0.19
1,Weekday,133,Kensington,Brooklyn,0.19
1,Weekday,123,Homecrest,Brooklyn,0.19
1,Weekday,217,South Williamsburg,Brooklyn,0.19
1,Weekday,212,Soundview/Bruckner,Bronx,0.19
1,Weekday,108,Gravesend,Brooklyn,0.19
1,Weekday,86,Far Rockaway,Queens,0.19
1,Weekday,259,Woodlawn/Wakefield,Bronx,0.17
1,Weekday,34,Brooklyn Navy Yard,Brooklyn,0.17
1,Weekday,60,Crotona Park East,Bronx,0.17
1,Weekday,174,Norwood,Bronx,0.17
1,Weekday,208,Schuylerville/Edgewater Park,Bronx,0.17
1,Weekday,127,Inwood,Manhattan,0.16
1,Weekday,171,Murray Hill-Queens,Queens,0.16
1,Weekday,182,Parkchester,Bronx,0.14
1,Weekday,64,Douglaston,Queens,0.14
1,Weekday,53,College Point,Queens,0.14
1,Weekday,135,Kew Gardens Hills,Queens,0.14
1,Weekday,220,Spuyten Duyvil/Kingsbridge,Bronx,0.14
1,Weekday,196,Rego Park,Queens,0.14
1,Weekday,201,Rockaway Park,Queens,0.14
1,Weekday,55,Coney Island,Brooklyn,0.14
1,Weekday,155,Marine Park/Mill Basin,Brooklyn,0.14
1,Weekday,202,Roosevelt Island,Manhattan,0.14
1,Weekday,165,Midwood,Brooklyn,0.14
1,Weekday,203,Rosedale,Queens,0.13
1,Weekday,102,Glendale,Queens,0.13
1,Weekday,19,Bellerose,Queens,0.13
1,Weekday,67,Dyker Heights,Brooklyn,0.13
1,Weekday,20,Belmont,Bronx,0.13
1,Weekday,218,Springfield Gardens North,Queens,0.13
1,Weekday,195,Red Hook,Brooklyn,0.13
1,Weekday,38,Cambria Heights,Queens,0.13
1,Weekday,73,East Flushing,Queens,0.11
1,Weekday,54,Columbia Street,Brooklyn,0.11
1,Weekday,29,Brighton Beach,Brooklyn,0.11
1,Weekday,241,Van Cortlandt Village,Bronx,0.11
1,Weekday,257,Windsor Terrace,Brooklyn,0.11
1,Weekday,248,West Farms/Bronx River,Bronx,0.11
1,Weekday,149,Madison,Brooklyn,0.11
1,Weekday,51,Co-Op City,Bronx,0.11
1,Weekday,18,Bedford Park,Bronx,0.11
1,Weekday,194,Randalls Island,Manhattan,0.09
1,Weekday,52,Cobble Hill,Brooklyn,0.09
1,Weekday,3,Allerton/Pelham Gardens,Bronx,0.09
1,Weekday,94,Fordham South,Bronx,0.09
1,Weekday,98,Fresh Meadows,Queens,0.09
1,Weekday,32,Bronxdale,Bronx,0.09
1,Weekday,85,Erasmus,Brooklyn,0.09
1,Weekday,81,Eastchester,Bronx,0.09
1,Weekday,150,Manhattan Beach,Brooklyn,0.09
1,Weekday,178,Ocean Parkway South,Brooklyn,0.09
1,Weekday,117,Hammels/Arverne,Queens,0.09
1,Weekday,57,Corona,Queens,0.08
1,Weekday,192,Queensboro Hill,Queens,0.08
1,Weekday,11,Bath Beach,Brooklyn,0.08
1,Weekday,222,Starrett City,Brooklyn,0.08
1,Weekday,252,Whitestone,Queens,0.08
1,Weekday,240,Van Cortlandt Park,Bronx,0.08
1,Weekday,190,Prospect Park,Brooklyn,0.08
1,Weekday,185,Pelham Parkway,Bronx,0.08
1,Weekday,172,New Dorp/Midland Beach,Staten Island,0.06
1,Weekday,47,Claremont/Bathgate,Bronx,0.06
1,Weekday,9,Auburndale,Queens,0.06
1,Weekday,122,Hollis,Queens,0.06
1,Weekday,136,Kingsbridge Heights,Bronx,0.06
1,Weekday,12,Battery Park,Manhattan,0.05
1,Weekday,183,Pelham Bay,Bronx,0.05
1,Weekday,58,Country Club,Bronx,0.05
1,Weekday,154,Marine Park/Floyd Bennett Field,Brooklyn,0.05
1,Weekday,200,Riverdale/North Riverdale/Fieldston,Bronx,0.03
1,Weekday,96,Forest Park/Highland Park,Queens,0.03
1,Weekday,15,Bay Terrace/Fort Totten,Queens,0.03
1,Weekday,46,City Island,Bronx,0.02
1,Weekday,207,Saint Michaels Cemetery/Woodside,Queens,0.02
1,Weekday,30,Broad Channel,Queens,0.02
1,Weekday,111,Green-Wood Cemetery,Brooklyn,0.02
1,Weekday,245,West Brighton,Staten Island,0.02
1,Weekday,221,Stapleton,Staten Island,0.02
1,Weekday,8,Astoria Park,Queens,0.02
1,Weekday,128,Inwood Hill Park,Manhattan,0.02
1,Weekday,251,Westerleigh,Staten Island,0.02
1,Weekday,120,Highbridge Park,Manhattan,0.02
1,Weekday,175,Oakland Gardens,Queens,0.02
1,Weekday,206,Saint George/New Brighton,Staten Island,0.02
1,Weekday,31,Bronx Park,Bronx,0.02
1,Weekday,153,Marble Hill,Manhattan,0.02
1,Weekday,147,Longwood,Bronx,0.02
2,Weekday,132,JFK Airport,Queens,33.42
2,Weekday,79,East Village,Manhattan,31.86
2,Weekday,249,West Village,Manhattan,30.22
2,Weekday,48,Clinton East,Manhattan,27.52
2,Weekday,148,Lower East Side,Manhattan,22.31
2,Weekday,114,Greenwich Village South,Manhattan,20.38
2,Weekday,186,Penn Station/Madison Sq West,Manhattan,18.25
2,Weekday,246,West Chelsea/Hudson Yards,Manhattan,18.03
2,Weekday,68,East Chelsea,Manhattan,17.84
2,Weekday,230,Times Sq/Theatre District,Manhattan,16.48
2,Weekday,144,Little Italy/NoLiTa,Manhattan,13.94
2,Weekday,164,Midtown South,Manhattan,13.8
2,Weekday,90,Flatiron,Manhattan,11.73
2,Weekday,107,Gramercy,Manhattan,11.59
2,Weekday,231,TriBeCa/Civic Center,Manhattan,10.11
2,Weekday,234,Union Sq,Manhattan,9.56
2,Weekday,158,Meatpacking/West Village West,Manhattan,9.47
2,Weekday,170,Murray Hill,Manhattan,8.95
2,Weekday,163,Midtown North,Manhattan,8.92
2,Weekday,138,LaGuardia Airport,Queens,8.77
2,Weekday,113,Greenwich Village North,Manhattan,8.67
2,Weekday,161,Midtown Center,Manhattan,8.52
2,Weekday,263,Yorkville West,Manhattan,8.16
2,Weekday,141,Lenox Hill West,Manhattan,8.06
2,Weekday,100,Garment District,Manhattan,7.47
2,Weekday,229,Sutton Place/Turtle Bay North,Manhattan,7.3
2,Weekday,162,Midtown East,Manhattan,6.89
2,Weekday,137,Kips Bay,Manhattan,6.47
2,Weekday,237,Upper East Side South,Manhattan,6.05
2,Weekday,125,Hudson Sq,Manhattan,5.92
2,Weekday,211,SoHo,Manhattan,5.45
2,Weekday,142,Lincoln Square East,Manhattan,4.59
2,Weekday,239,Upper West Side South,Manhattan,4.48
2,Weekday,140,Lenox Hill East,Manhattan,4.42
2,Weekday,4,Alphabet City,Manhattan,4.09
2,Weekday,50,Clinton West,Manhattan,3.69
2,Weekday,233,UN/Turtle Bay South,Manhattan,3.47
2,Weekday,236,Upper East Side North,Manhattan,3.14
2,Weekday,238,Upper West Side North,Manhattan,2.98
2,Weekday,130,Jamaica,Queens,2.72
2,Weekday,87,Financial District North,Manhattan,2.47
2,Weekday,75,East Harlem South,Manhattan,2.34
2,Weekday,7,Astoria,Queens,2.16
2,Weekday,255,Williamsburg (North Side),Brooklyn,2.06
2,Weekday,129,Jackson Heights,Queens,2.03
2,Weekday,166,Morningside Heights,Manhattan,1.88
2,Weekday,70,East Elmhurst,Queens,1.83
2,Weekday,262,Yorkville East,Manhattan,1.77
2,Weekday,232,Two Bridges/Seward Park,Manhattan,1.75
2,Weekday,88,Financial District South,Manhattan,1.61
2,Weekday,80,East Williamsburg,Brooklyn,1.47
2,Weekday,145,Long Island City/Hunters Point,Queens,1.47
2,Weekday,41,Central Harlem,Manhattan,1.44
2,Weekday,74,East Harlem North,Manhattan,1.38
2,Weekday,151,Manhattan Valley,Manhattan,1.38
2,Weekday,143,Lincoln Square West,Manhattan,1.3
2,Weekday,256,Williamsburg (South Side),Brooklyn,1.3
2,Weekday,42,Central Harlem North,Manhattan,1.27
2,Weekday,36,Bushwick North,Brooklyn,1.25
2,Weekday,82,Elmhurst,Queens,1.23
2,Weekday,226,Sunnyside,Queens,1.22
2,Weekday,216,South Ozone Park,Queens,1.16
2,Weekday,260,Woodside,Queens,1.14
2,Weekday,224,Stuy Town/Peter Cooper Village,Manhattan,1.13
2,Weekday,76,East New York,Brooklyn,1.13
2,Weekday,261,World Trade Center,Manhattan,1.03
2,Weekday,112,Greenpoint,Brooklyn,1.03
2,Weekday,37,Bushwick South,Brooklyn,1.0
2,Weekday,264,Unknown,Unknown,0.98
2,Weekday,43,Central Park,Manhattan,0.97
2,Weekday,25,Boerum Hill,Brooklyn,0.95
2,Weekday,24,Bloomingdale,Manhattan,0.94
2,Weekday,209,Seaport,Manhattan,0.91
2,Weekday,116,Hamilton Heights,Manhattan,0.75
2,Weekday,197,Richmond Hill,Queens,0.72
2,Weekday,146,Long Island City/Queens Plaza,Queens,0.7
2,Weekday,45,Chinatown,Manhattan,0.7
2,Weekday,61,Crown Heights North,Brooklyn,0.67
2,Weekday,181,Park Slope,Brooklyn,0.66
2,Weekday,168,Mott Haven/Port Morris,Bronx,0.63
2,Weekday,97,Fort Greene,Brooklyn,0.56
2,Weekday,223,Steinway,Queens,0.56
2,Weekday,33,Brooklyn Heights,Brooklyn,0.5
2,Weekday,95,Forest Hills,Queens,0.5
2,Weekday,188,Prospect-Lefferts Gardens,Brooklyn,0.5
2,Weekday,179,Old Astoria,Queens,0.48
2,Weekday,219,Springfield Gardens South,Queens,0.48
2,Weekday,258,Woodhaven,Queens,0.48
2,Weekday,39,Canarsie,Brooklyn,0.45
2,Weekday,198,Ridgewood,Queens,0.45
2,Weekday,28,Briarwood/Jamaica Hills,Queens,0.45
2,Weekday,244,Washington Heights South,Manhattan,0.45
2,Weekday,35,Brownsville,Brooklyn,0.44
2,Weekday,65,Downtown Brooklyn/MetroTech,Brooklyn,0.44
2,Weekday,225,Stuyvesant Heights,Brooklyn,0.44
2,Weekday,49,Clinton Hill,Brooklyn,0.44
2,Weekday,17,Bedford,Brooklyn,0.42
2,Weekday,66,DUMBO/Vinegar Hill,Brooklyn,0.42
2,Weekday,152,Manhattanville,Manhattan,0.39
2,Weekday,173,North Corona,Queens,0.39
2,Weekday,157,Maspeth,Queens,0.38
2,Weekday,63,Cypress Hills,Brooklyn,0.38
2,Weekday,92,Flushing,Queens,0.36
2,Weekday,13,Battery Park City,Manhattan,0.36
2,Weekday,26,Borough Park,Brooklyn,0.34
2,Weekday,215,South Jamaica,Queens,0.34
2,Weekday,180,Ozone Park,Queens,0.34
2,Weekday,89,Flatbush/Ditmas Park,Brooklyn,0.34
2,Weekday,83,Elmhurst/Maspeth,Queens,0.33
2,Weekday,177,Ocean Hill,Brooklyn,0.33
2,Weekday,10,Baisley Park,Queens,0.33
2,Weekday,34,Brooklyn Navy Yard,Brooklyn,0.31
2,Weekday,191,Queens Village,Queens,0.31
2,Weekday,91,Flatlands,Brooklyn,0.31
2,Weekday,72,East Flatbush/Remsen Village,Brooklyn,0.3
2,Weekday,193,Queensbridge/Ravenswood,Queens,0.3
2,Weekday,242,Van Nest/Morris Park,Bronx,0.3
2,Weekday,77,East New York/Pennsylvania Avenue,Brooklyn,0.28
2,Weekday,14,Bay Ridge,Brooklyn,0.28
2,Weekday,228,Sunset Park West,Brooklyn,0.27
2,Weekday,205,Saint Albans,Queens,0.27
2,Weekday,243,Washington Heights North,Manhattan,0.25
2,Weekday,189,Prospect Heights,Brooklyn,0.25
2,Weekday,160,Middle Village,Queens,0.25
2,Weekday,85,Erasmus,Brooklyn,0.25
2,Weekday,56,Corona,Queens,0.23
2,Weekday,126,Hunts Point,Bronx,0.23
2,Weekday,71,East Flatbush/Farragut,Brooklyn,0.23
2,Weekday,159,Melrose South,Bronx,0.22
2,Weekday,265,Outside NYC,Unknown,0.22
2,Weekday,131,Jamaica Estates,Queens,0.22
2,Weekday,227,Sunset Park East,Brooklyn,0.2
2,Weekday,213,Soundview/Castle Hill,Bronx,0.2
2,Weekday,196,Rego Park,Queens,0.2
2,Weekday,208,Schuylerville/Edgewater Park,Bronx,0.2
2,Weekday,16,Bayside,Queens,0.19
2,Weekday,119,Highbridge,Bronx,0.19
2,Weekday,133,Kensington,Brooklyn,0.19
2,Weekday,69,East Concourse/Concourse Village,Bronx,0.19
2,Weekday,218,Springfield Gardens North,Queens,0.19
2,Weekday,62,Crown Heights South,Brooklyn,0.19
2,Weekday,134,Kew Gardens,Queens,0.17
2,Weekday,106,Gowanus,Brooklyn,0.17
2,Weekday,127,Inwood,Manhattan,0.17
2,Weekday,121,Hillcrest/Pomonok,Queens,0.17
2,Weekday,235,University Heights/Morris Heights,Bronx,0.17
2,Weekday,210,Sheepshead Bay,Brooklyn,0.17
2,Weekday,165,Midwood,Brooklyn,0.16
2,Weekday,169,Mount Hope,Bronx,0.16
2,Weekday,217,South Williamsburg,Brooklyn,0.16
2,Weekday,135,Kew Gardens Hills,Queens,0.14
2,Weekday,93,Flushing Meadows-Corona Park,Queens,0.14
2,Weekday,53,College Point,Queens,0.14
2,Weekday,40,Carroll Gardens,Brooklyn,0.14
2,Weekday,259,Woodlawn/Wakefield,Bronx,0.14
2,Weekday,108,Gravesend,Brooklyn,0.14
2,Weekday,247,West Concourse,Bronx,0.14
2,Weekday,174,Norwood,Bronx,0.14
2,Weekday,60,Crotona Park East,Bronx,0.14
2,Weekday,212,Soundview/Bruckner,Bronx,0.14
2,Weekday,22,Bensonhurst West,Brooklyn,0.13
2,Weekday,101,Glen Oaks,Queens,0.13
2,Weekday,220,Spuyten Duyvil/Kingsbridge,Bronx,0.13
2,Weekday,123,Homecrest,Brooklyn,0.13
2,Weekday,102,Glendale,Queens,0.13
2,Weekday,147,Longwood,Bronx,0.13
2,Weekday,73,East Flushing,Queens,0.13
2,Weekday,18,Bedford Park,Bronx,0.13
2,Weekday,171,Murray Hill-Queens,Queens,0.13
2,Weekday,122,Hollis,Queens,0.11
2,Weekday,167,Morrisania/Melrose,Bronx,0.11
2,Weekday,21,Bensonhurst East,Brooklyn,0.11
2,Weekday,203,Rosedale,Queens,0.11
2,Weekday,155,Marine Park/Mill Basin,Brooklyn,0.11
2,Weekday,20,Belmont,Bronx,0.11
2,Weekday,149,Madison,Brooklyn,0.09
2,Weekday,124,Howard Beach,Queens,0.09
2,Weekday,250,Westchester Village/Unionport,Bronx,0.09
2,Weekday,254,Williamsbridge/Olinville,Bronx,0.09
2,Weekday,117,Hammels/Arverne,Queens,0.09
2,Weekday,139,Laurelton,Queens,0.09
2,Weekday,86,Far Rockaway,Queens,0.09
2,Weekday,51,Co-Op City,Bronx,0.09
2,Weekday,78,East Tremont,Bronx,0.09
2,Weekday,183,Pelham Bay,Bronx,0.08
2,Weekday,98,Fresh Meadows,Queens,0.08
2,Weekday,11,Bath Beach,Brooklyn,0.08
2,Weekday,182,Parkchester,Bronx,0.08
2,Weekday,3,Allerton/Pelham Gardens,Bronx,0.08
2,Weekday,52,Cobble Hill,Brooklyn,0.08
2,Weekday,195,Red Hook,Brooklyn,0.08
2,Weekday,47,Claremont/Bathgate,Bronx,0.08
2,Weekday,241,Van Cortlandt Village,Bronx,0.08
2,Weekday,222,Starrett City,Brooklyn,0.06
2,Weekday,248,West Farms/Bronx River,Bronx,0.06
2,Weekday,32,Bronxdale,Bronx,0.06
2,Weekday,192,Queensboro Hill,Queens,0.06
2,Weekday,64,Douglaston,Queens,0.06
2,Weekday,94,Fordham South,Bronx,0.06
2,Weekday,19,Bellerose,Queens,0.06
2,Weekday,200,Riverdale/North Riverdale/Fieldston,Bronx,0.06
2,Weekday,202,Roosevelt Island,Manhattan,0.06
2,Weekday,201,Rockaway Park,Queens,0.06
2,Weekday,67,Dyker Heights,Brooklyn,0.06
2,Weekday,81,Eastchester,Bronx,0.06
2,Weekday,257,Windsor Terrace,Brooklyn,0.06
2,Weekday,252,Whitestone,Queens,0.05
2,Weekday,175,Oakland Gardens,Queens,0.05
2,Weekday,8,Astoria Park,Queens,0.05
2,Weekday,150,Manhattan Beach,Brooklyn,0.05
2,Weekday,12,Battery Park,Manhattan,0.03
2,Weekday,29,Brighton Beach,Brooklyn,0.03
2,Weekday,57,Corona,Queens,0.03
2,Weekday,54,Columbia Street,Brooklyn,0.03
2,Weekday,15,Bay Terrace/Fort Totten,Queens,0.03
2,Weekday,55,Coney Island,Brooklyn,0.03
2,Weekday,38,Cambria Heights,Queens,0.03
2,Weekday,214,South Beach/Dongan Hills,Staten Island,0.03
2,Weekday,185,Pelham Parkway,Bronx,0.03
2,Weekday,240,Van Cortlandt Park,Bronx,0.03
2,Weekday,154,Marine Park/Floyd Bennett Field,Brooklyn,0.03
2,Weekday,128,Inwood Hill Park,Manhattan,0.03
2,Weekday,58,Country Club,Bronx,0.03
2,Weekday,118,Heartland Village/Todt Hill,Staten Island,0.02
2,Weekday,153,Marble Hill,Manhattan,0.02
2,Weekday,46,City Island,Bronx,0.02
2,Weekday,207,Saint Michaels Cemetery/Woodside,Queens,0.02
2,Weekday,136,Kingsbridge Heights,Bronx,0.02
2,Weekday,190,Prospect Park,Brooklyn,0.02
2,Weekday,178,Ocean Parkway South,Brooklyn,0.02
3,Weekday,79,East Village,Manhattan,23.61
3,Weekday,48,Clinton East,Manhattan,21.64
3,Weekday,132,JFK Airport,Queens,20.91
3,Weekday,249,West Village,Manhattan,18.56
3,Weekday,148,Lower East Side,Manhattan,16.03
3,Weekday,246,West Chelsea/Hudson Yards,Manhattan,15.55
3,Weekday,230,Times Sq/Theatre District,Manhattan,13.38
3,Weekday,68,East Chelsea,Manhattan,11.38
3,Weekday,186,Penn Station/Madison Sq West,Manhattan,9.88
3,Weekday,144,Little Italy/NoLiTa,Manhattan,9.75
3,Weekday,114,Greenwich Village South,Manhattan,9.64
3,Weekday,164,Midtown South,Manhattan,8.61
3,Weekday,90,Flatiron,Manhattan,7.69
3,Weekday,107,Gramercy,Manhattan,7.33
3,Weekday,231,TriBeCa/Civic Center,Manhattan,6.61
3,Weekday,141,Lenox Hill West,Manhattan,6.44
3,Weekday,100,Garment District,Manhattan,6.11
3,Weekday,158,Meatpacking/West Village West,Manhattan,5.92
3,Weekday,163,Midtown North,Manhattan,5.73
3,Weekday,263,Yorkville West,Manhattan,5.69
3,Weekday,125,Hudson Sq,Manhattan,5.23
3,Weekday,234,Union Sq,Manhattan,5.11
3,Weekday,137,Kips Bay,Manhattan,4.97
3,Weekday,161,Midtown Center,Manhattan,4.91
3,Weekday,170,Murray Hill,Manhattan,4.89
3,Weekday,229,Sutton Place/Turtle Bay North,Manhattan,4.27
3,Weekday,162,Midtown East,Manhattan,4.16
3,Weekday,140,Lenox Hill East,Manhattan,3.94
3,Weekday,237,Upper East Side South,Manhattan,3.72
3,Weekday,129,Jackson Heights,Queens,3.58
3,Weekday,113,Greenwich Village North,Manhattan,3.56
3,Weekday,142,Lincoln Square East,Manhattan,2.75
3,Weekday,211,SoHo,Manhattan,2.67
3,Weekday,239,Upper West Side South,Manhattan,2.61
3,Weekday,233,UN/Turtle Bay South,Manhattan,2.27
3,Weekday,130,Jamaica,Queens,2.09
3,Weekday,75,East Harlem South,Manhattan,2.02
3,Weekday,50,Clinton West,Manhattan,1.98
3,Weekday,138,LaGuardia Airport,Queens,1.92
3,Weekday,238,Upper West Side North,Manhattan,1.84
3,Weekday,236,Upper East Side North,Manhattan,1.72
3,Weekday,143,Lincoln Square West,Manhattan,1.72
3,Weekday,82,Elmhurst,Queens,1.66
3,Weekday,7,Astoria,Queens,1.63
3,Weekday,255,Williamsburg (North Side),Brooklyn,1.63
3,Weekday,226,Sunnyside,Queens,1.47
3,Weekday,4,Alphabet City,Manhattan,1.47
3,Weekday,151,Manhattan Valley,Manhattan,1.44
3,Weekday,260,Woodside,Queens,1.39
3,Weekday,76,East New York,Brooklyn,1.3
3,Weekday,262,Yorkville East,Manhattan,1.27
3,Weekday,216,South Ozone Park,Queens,1.27
3,Weekday,256,Williamsburg (South Side),Brooklyn,1.22
3,Weekday,42,Central Harlem North,Manhattan,1.16
3,Weekday,166,Morningside Heights,Manhattan,1.13
3,Weekday,145,Long Island City/Hunters Point,Queens,1.09
3,Weekday,41,Central Harlem,Manhattan,1.09
3,Weekday,36,Bushwick North,Brooklyn,1.03
3,Weekday,74,East Harlem North,Manhattan,1.03
3,Weekday,87,Financial District North,Manhattan,1.02
3,Weekday,80,East Williamsburg,Brooklyn,0.97
3,Weekday,37,Bushwick South,Brooklyn,0.97
3,Weekday,168,Mott Haven/Port Morris,Bronx,0.97
3,Weekday,232,Two Bridges/Seward Park,Manhattan,0.86
3,Weekday,197,Richmond Hill,Queens,0.84
3,Weekday,91,Flatlands,Brooklyn,0.83
3,Weekday,61,Crown Heights North,Brooklyn,0.78
3,Weekday,261,World Trade Center,Manhattan,0.78
3,Weekday,71,East Flatbush/Farragut,Brooklyn,0.73
3,Weekday,43,Central Park,Manhattan,0.72
3,Weekday,112,Greenpoint,Brooklyn,0.7
3,Weekday,264,Unknown,Unknown,0.66
3,Weekday,224,Stuy Town/Peter Cooper Village,Manhattan,0.63
3,Weekday,14,Bay Ridge,Brooklyn,0.61
3,Weekday,70,East Elmhurst,Queens,0.61
3,Weekday,205,Saint Albans,Queens,0.61
3,Weekday,146,Long Island City/Queens Plaza,Queens,0.59
3,Weekday,219,Springfield Gardens South,Queens,0.58
3,Weekday,25,Boerum Hill,Brooklyn,0.58
3,Weekday,35,Brownsville,Brooklyn,0.56
3,Weekday,24,Bloomingdale,Manhattan,0.56
3,Weekday,63,Cypress Hills,Brooklyn,0.55
3,Weekday,45,Chinatown,Manhattan,0.55
3,Weekday,116,Hamilton Heights,Manhattan,0.53
3,Weekday,10,Baisley Park,Queens,0.53
3,Weekday,188,Prospect-Lefferts Gardens,Brooklyn,0.53
3,Weekday,28,Briarwood/Jamaica Hills,Queens,0.53
3,Weekday,39,Canarsie,Brooklyn,0.52
3,Weekday,72,East Flatbush/Remsen Village,Brooklyn,0.52
3,Weekday,223,Steinway,Queens,0.5
3,Weekday,215,South Jamaica,Queens,0.48
3,Weekday,198,Ridgewood,Queens,0.48
3,Weekday,258,Woodhaven,Queens,0.47
3,Weekday,83,Elmhurst/Maspeth,Queens,0.45
3,Weekday,85,Erasmus,Brooklyn,0.42
3,Weekday,173,North Corona,Queens,0.41
3,Weekday,244,Washington Heights South,Manhattan,0.41
3,Weekday,209,Seaport,Manhattan,0.41
3,Weekday,89,Flatbush/Ditmas Park,Brooklyn,0.41
3,Weekday,88,Financial District South,Manhattan,0.41
3,Weekday,181,Park Slope,Brooklyn,0.39
3,Weekday,65,Downtown Brooklyn/MetroTech,Brooklyn,0.36
3,Weekday,179,Old Astoria,Queens,0.36
3,Weekday,193,Queensbridge/Ravenswood,Queens,0.36
3,Weekday,117,Hammels/Arverne,Queens,0.34
3,Weekday,152,Manhattanville,Manhattan,0.34
3,Weekday,17,Bedford,Brooklyn,0.34
3,Weekday,225,Stuyvesant Heights,Brooklyn,0.33
3,Weekday,13,Battery Park City,Manhattan,0.31
3,Weekday,95,Forest Hills,Queens,0.31
3,Weekday,213,Soundview/Castle Hill,Bronx,0.31
3,Weekday,51,Co-Op City,Bronx,0.31
3,Weekday,191,Queens Village,Queens,0.31
3,Weekday,177,Ocean Hill,Brooklyn,0.31
3,Weekday,56,Corona,Queens,0.31
3,Weekday,157,Maspeth,Queens,0.3
3,Weekday,92,Flushing,Queens,0.3
3,Weekday,180,Ozone Park,Queens,0.28
3,Weekday,77,East New York/Pennsylvania Avenue,Brooklyn,0.27
3,Weekday,134,Kew Gardens,Queens,0.27
3,Weekday,243,Washington Heights North,Manhattan,0.25
3,Weekday,218,Springfield Gardens North,Queens,0.25
3,Weekday,147,Longwood,Bronx,0.23
3,Weekday,159,Melrose South,Bronx,0.23
3,Weekday,121,Hillcrest/Pomonok,Queens,0.23
3,Weekday,34,Brooklyn Navy Yard,Brooklyn,0.23
3,Weekday,97,Fort Greene,Brooklyn,0.22
3,Weekday,62,Crown Heights South,Brooklyn,0.22
3,Weekday,69,East Concourse/Concourse Village,Bronx,0.22
3,Weekday,203,Rosedale,Queens,0.22
3,Weekday,18,Bedford Park,Bronx,0.2
3,Weekday,55,Coney Island,Brooklyn,0.2
3,Weekday,210,Sheepshead Bay,Brooklyn,0.2
3,Weekday,81,Eastchester,Bronx,0.2
3,Weekday,49,Clinton Hill,Brooklyn,0.2
3,Weekday,102,Glendale,Queens,0.2
3,Weekday,131,Jamaica Estates,Queens,0.2
3,Weekday,228,Sunset Park West,Brooklyn,0.2
3,Weekday,189,Prospect Heights,Brooklyn,0.2
3,Weekday,254,Williamsbridge/Olinville,Bronx,0.2
3,Weekday,133,Kensington,Brooklyn,0.2
3,Weekday,21,Bensonhurst East,Brooklyn,0.19
3,Weekday,66,DUMBO/Vinegar Hill,Brooklyn,0.17
3,Weekday,212,Soundview/Bruckner,Bronx,0.17
3,Weekday,247,West Concourse,Bronx,0.17
3,Weekday,167,Morrisania/Melrose,Bronx,0.17
3,Weekday,250,Westchester Village/Unionport,Bronx,0.17
3,Weekday,86,Far Rockaway,Queens,0.16
3,Weekday,169,Mount Hope,Bronx,0.16
3,Weekday,160,Middle Village,Queens,0.16
3,Weekday,26,Borough Park,Brooklyn,0.16
3,Weekday,135,Kew Gardens Hills,Queens,0.16
3,Weekday,265,Outside NYC,Unknown,0.14
3,Weekday,122,Hollis,Queens,0.14
3,Weekday,259,Woodlawn/Wakefield,Bronx,0.14
3,Weekday,33,Brooklyn Heights,Brooklyn,0.14
3,Weekday,217,South Williamsburg,Brooklyn,0.13
3,Weekday,182,Parkchester,Bronx,0.13
3,Weekday,126,Hunts Point,Bronx,0.13
3,Weekday,101,Glen Oaks,Queens,0.13
3,Weekday,222,Starrett City,Brooklyn,0.13
3,Weekday,127,Inwood,Manhattan,0.13
3,Weekday,235,University Heights/Morris Heights,Bronx,0.13
3,Weekday,195,Red Hook,Brooklyn,0.11
3,Weekday,47,Claremont/Bathgate,Bronx,0.11
3,Weekday,60,Crotona Park East,Bronx,0.11
3,Weekday,106,Gowanus,Brooklyn,0.11
3,Weekday,196,Rego Park,Queens,0.11
3,Weekday,93,Flushing Meadows-Corona Park,Queens,0.11
3,Weekday,123,Homecrest,Brooklyn,0.11
3,Weekday,242,Van Nest/Morris Park,Bronx,0.09
3,Weekday,241,Van Cortlandt Village,Bronx,0.09
3,Weekday,227,Sunset Park East,Brooklyn,0.09
3,Weekday,57,Corona,Queens,0.09
3,Weekday,98,Fresh Meadows,Queens,0.09
3,Weekday,185,Pelham Parkway,Bronx,0.08
3,Weekday,155,Marine Park/Mill Basin,Brooklyn,0.08
3,Weekday,38,Cambria Heights,Queens,0.08
3,Weekday,257,Windsor Terrace,Brooklyn,0.08
3,Weekday,78,East Tremont,Bronx,0.08
3,Weekday,165,Midwood,Brooklyn,0.08
3,Weekday,19,Bellerose,Queens,0.08
3,Weekday,3,Allerton/Pelham Gardens,Bronx,0.08
3,Weekday,175,Oakland Gardens,Queens,0.08
3,Weekday,171,Murray Hill-Queens,Queens,0.08
3,Weekday,149,Madison,Brooklyn,0.08
3,Weekday,124,Howard Beach,Queens,0.08
3,Weekday,139,Laurelton,Queens,0.08
3,Weekday,119,Highbridge,Bronx,0.08
3,Weekday,136,Kingsbridge Heights,Bronx,0.06
3,Weekday,252,Whitestone,Queens,0.06
3,Weekday,174,Norwood,Bronx,0.06
3,Weekday,220,Spuyten Duyvil/Kingsbridge,Bronx,0.06
3,Weekday,248,West Farms/Bronx River,Bronx,0.06
3,Weekday,46,City Island,Bronx,0.06
3,Weekday,9,Auburndale,Queens,0.05
3,Weekday,29,Brighton Beach,Brooklyn,0.05
3,Weekday,201,Rockaway Park,Queens,0.05
3,Weekday,22,Bensonhurst West,Brooklyn,0.05
3,Weekday,73,East Flushing,Queens,0.05
3,Weekday,32,Bronxdale,Bronx,0.05
3,Weekday,53,College Point,Queens,0.05
3,Weekday,202,Roosevelt Island,Manhattan,0.03
3,Weekday,64,Douglaston,Queens,0.03
3,Weekday,40,Carroll Gardens,Brooklyn,0.03
3,Weekday,192,Queensboro Hill,Queens,0.03
3,Weekday,208,Schuylerville/Edgewater Park,Bronx,0.03
3,Weekday,172,New Dorp/Midland Beach,Staten Island,0.03
3,Weekday,15,Bay Terrace/Fort Totten,Queens,0.02
3,Weekday,178,Ocean Parkway South,Brooklyn,0.02
3,Weekday,31,Bronx Park,Bronx,0.02
3,Weekday,190,Prospect Park,Brooklyn,0.02
3,Weekday,115,Grymes Hill/Clifton,Staten Island,0.02
3,Weekday,67,Dyker Heights,Brooklyn,0.02
3,Weekday,20,Belmont,Bronx,0.02
3,Weekday,128,Inwood Hill Park,Manhattan,0.02
3,Weekday,58,Country Club,Bronx,0.02
3,Weekday,150,Manhattan Beach,Brooklyn,0.02
3,Weekday,94,Fordham South,Bronx,0.02
3,Weekday,11,Bath Beach,Brooklyn,0.02
3,Weekday,52,Cobble Hill,Brooklyn,0.02
3,Weekday,23,Bloomfield/Emerson Hill,Staten Island,0.02
3,Weekday,183,Pelham Bay,Bronx,0.02
3,Weekday,16,Bayside,Queens,0.02
4,Weekday,132,JFK Airport,Queens,23.28
4,Weekday,48,Clinton East,Manhattan,22.72
4,Weekday,79,East Village,Manhattan,17.36
4,Weekday,230,Times Sq/Theatre District,Manhattan,16.42
4,Weekday,249,West Village,Manhattan,12.17
4,Weekday,186,Penn Station/Madison Sq West,Manhattan,11.36
4,Weekday,148,Lower East Side,Manhattan,10.58
4,Weekday,68,East Chelsea,Manhattan,10.22
4,Weekday,263,Yorkville West,Manhattan,9.3
4,Weekday,164,Midtown South,Manhattan,9.11
4,Weekday,107,Gramercy,Manhattan,8.5
4,Weekday,141,Lenox Hill West,Manhattan,8.3
4,Weekday,90,Flatiron,Manhattan,8.25
4,Weekday,163,Midtown North,Manhattan,7.41
4,Weekday,170,Murray Hill,Manhattan,7.39
4,Weekday,100,Garment District,Manhattan,6.77
4,Weekday,137,Kips Bay,Manhattan,6.7
4,Weekday,161,Midtown Center,Manhattan,6.56
4,Weekday,144,Little Italy/NoLiTa,Manhattan,6.55
4,Weekday,262,Yorkville East,Manhattan,6.34
4,Weekday,162,Midtown East,Manhattan,6.17
4,Weekday,238,Upper West Side North,Manhattan,5.95
4,Weekday,140,Lenox Hill East,Manhattan,5.75
4,Weekday,142,Lincoln Square East,Manhattan,5.5
4,Weekday,234,Union Sq,Manhattan,5.45
4,Weekday,239,Upper West Side South,Manhattan,5.44
4,Weekday,229,Sutton Place/Turtle Bay North,Manhattan,5.34
4,Weekday,246,West Chelsea/Hudson Yards,Manhattan,5.2
4,Weekday,114,Greenwich Village South,Manhattan,4.8
4,Weekday,236,Upper East Side North,Manhattan,4.7
4,Weekday,237,Upper East Side South,Manhattan,4.61
4,Weekday,233,UN/Turtle Bay South,Manhattan,4.59
4,Weekday,231,TriBeCa/Civic Center,Manhattan,4.58
4,Weekday,129,Jackson Heights,Queens,4.27
4,Weekday,75,East Harlem South,Manhattan,4.25
4,Weekday,50,Clinton West,Manhattan,3.92
4,Weekday,74,East Harlem North,Manhattan,3.83
4,Weekday,125,Hudson Sq,Manhattan,3.44
4,Weekday,41,Central Harlem,Manhattan,3.28
4,Weekday,7,Astoria,Queens,3.17
4,Weekday,151,Manhattan Valley,Manhattan,3.03
4,Weekday,226,Sunnyside,Queens,2.97
4,Weekday,82,Elmhurst,Queens,2.91
4,Weekday,143,Lincoln Square West,Manhattan,2.89
4,Weekday,113,Greenwich Village North,Manhattan,2.84
4,Weekday,158,Meatpacking/West Village West,Manhattan,2.84
4,Weekday,42,Central Harlem North,Manhattan,2.56
4,Weekday,76,East New York,Brooklyn,2.56
4,Weekday,145,Long Island City/Hunters Point,Queens,2.17
4,Weekday,61,Crown Heights North,Brooklyn,2.09
4,Weekday,87,Financial District North,Manhattan,2.0
4,Weekday,166,Morningside Heights,Manhattan,1.97
4,Weekday,72,East Flatbush/Remsen Village,Brooklyn,1.97
4,Weekday,232,Two Bridges/Seward Park,Manhattan,1.94
4,Weekday,188,Prospect-Lefferts Gardens,Brooklyn,1.84
4,Weekday,211,SoHo,Manhattan,1.8
4,Weekday,116,Hamilton Heights,Manhattan,1.8
4,Weekday,37,Bushwick South,Brooklyn,1.72
4,Weekday,4,Alphabet City,Manhattan,1.72
4,Weekday,71,East Flatbush/Farragut,Brooklyn,1.69
4,Weekday,168,Mott Haven/Port Morris,Bronx,1.67
4,Weekday,43,Central Park,Manhattan,1.5
4,Weekday,130,Jamaica,Queens,1.5
4,Weekday,216,South Ozone Park,Queens,1.47
4,Weekday,260,Woodside,Queens,1.47
4,Weekday,80,East Williamsburg,Brooklyn,1.44
4,Weekday,138,LaGuardia Airport,Queens,1.38
4,Weekday,17,Bedford,Brooklyn,1.36
4,Weekday,197,Richmond Hill,Queens,1.36
4,Weekday,256,Williamsburg (South Side),Brooklyn,1.31
4,Weekday,89,Flatbush/Ditmas Park,Brooklyn,1.19
4,Weekday,13,Battery Park City,Manhattan,1.17
4,Weekday,261,World Trade Center,Manhattan,1.13
4,Weekday,224,Stuy Town/Peter Cooper Village,Manhattan,1.09
4,Weekday,255,Williamsburg (North Side),Brooklyn,1.09
4,Weekday,36,Bushwick North,Brooklyn,1.09
4,Weekday,146,Long Island City/Queens Plaza,Queens,1.06
4,Weekday,85,Erasmus,Brooklyn,1.05
4,Weekday,225,Stuyvesant Heights,Brooklyn,1.03
4,Weekday,24,Bloomingdale,Manhattan,1.03
4,Weekday,35,Brownsville,Brooklyn,1.02
4,Weekday,39,Canarsie,Brooklyn,0.95
4,Weekday,14,Bay Ridge,Brooklyn,0.94
4,Weekday,91,Flatlands,Brooklyn,0.91
4,Weekday,215,South Jamaica,Queens,0.89
4,Weekday,244,Washington Heights South,Manhattan,0.88
4,Weekday,10,Baisley Park,Queens,0.88
4,Weekday,258,Woodhaven,Queens,0.88
4,Weekday,152,Manhattanville,Manhattan,0.86
4,Weekday,112,Greenpoint,Brooklyn,0.83
4,Weekday,213,Soundview/Castle Hill,Bronx,0.83
4,Weekday,209,Seaport,Manhattan,0.83
4,Weekday,18,Bedford Park,Bronx,0.8
4,Weekday,77,East New York/Pennsylvania Avenue,Brooklyn,0.78
4,Weekday,159,Melrose South,Bronx,0.77
4,Weekday,51,Co-Op City,Bronx,0.75
4,Weekday,223,Steinway,Queens,0.72
4,Weekday,62,Crown Heights South,Brooklyn,0.72
4,Weekday,177,Ocean Hill,Brooklyn,0.69
4,Weekday,193,Queensbridge/Ravenswood,Queens,0.63
4,Weekday,173,North Corona,Queens,0.63
4,Weekday,218,Springfield Gardens North,Queens,0.61
4,Weekday,182,Parkchester,Bronx,0.59
4,Weekday,49,Clinton Hill,Brooklyn,0.58
4,Weekday,198,Ridgewood,Queens,0.58
4,Weekday,83,Elmhurst/Maspeth,Queens,0.56
4,Weekday,28,Briarwood/Jamaica Hills,Queens,0.56
4,Weekday,131,Jamaica Estates,Queens,0.55
4,Weekday,56,Corona,Queens,0.55
4,Weekday,205,Saint Albans,Queens,0.55
4,Weekday,25,Boerum Hill,Brooklyn,0.55
4,Weekday,167,Morrisania/Melrose,Bronx,0.53
4,Weekday,219,Springfield Gardens South,Queens,0.52
4,Weekday,119,Highbridge,Bronx,0.52
4,Weekday,63,Cypress Hills,Brooklyn,0.52
4,Weekday,88,Financial District South,Manhattan,0.52
4,Weekday,70,East Elmhurst,Queens,0.48
4,Weekday,228,Sunset Park West,Brooklyn,0.48
4,Weekday,157,Maspeth,Queens,0.48
4,Weekday,201,Rockaway Park,Queens,0.47
4,Weekday,69,East Concourse/Concourse Village,Bronx,0.47
4,Weekday,259,Woodlawn/Wakefield,Bronx,0.47
4,Weekday,248,West Farms/Bronx River,Bronx,0.47
4,Weekday,264,Unknown,Unknown,0.47
4,Weekday,212,Soundview/Bruckner,Bronx,0.45
4,Weekday,45,Chinatown,Manhattan,0.45
4,Weekday,222,Starrett City,Brooklyn,0.45
4,Weekday,117,Hammels/Arverne,Queens,0.44
4,Weekday,181,Park Slope,Brooklyn,0.44
4,Weekday,55,Coney Island,Brooklyn,0.44
4,Weekday,191,Queens Village,Queens,0.42
4,Weekday,179,Old Astoria,Queens,0.42
4,Weekday,78,East Tremont,Bronx,0.42
4,Weekday,47,Claremont/Bathgate,Bronx,0.42
4,Weekday,86,Far Rockaway,Queens,0.41
4,Weekday,134,Kew Gardens,Queens,0.41
4,Weekday,81,Eastchester,Bronx,0.39
4,Weekday,92,Flushing,Queens,0.39
4,Weekday,254,Williamsbridge/Olinville,Bronx,0.39
4,Weekday,65,Downtown Brooklyn/MetroTech,Brooklyn,0.39
4,Weekday,235,University Heights/Morris Heights,Bronx,0.39
4,Weekday,95,Forest Hills,Queens,0.36
4,Weekday,3,Allerton/Pelham Gardens,Bronx,0.36
4,Weekday,126,Hunts Point,Bronx,0.34
4,Weekday,169,Mount Hope,Bronx,0.34
4,Weekday,60,Crotona Park East,Bronx,0.33
4,Weekday,180,Ozone Park,Queens,0.33
4,Weekday,122,Hollis,Queens,0.33
4,Weekday,243,Washington Heights North,Manhattan,0.33
4,Weekday,247,West Concourse,Bronx,0.28
4,Weekday,227,Sunset Park East,Brooklyn,0.28
4,Weekday,102,Glendale,Queens,0.28
4,Weekday,160,Middle Village,Queens,0.27
4,Weekday,38,Cambria Heights,Queens,0.27
4,Weekday,97,Fort Greene,Brooklyn,0.27
4,Weekday,250,Westchester Village/Unionport,Bronx,0.25
4,Weekday,195,Red Hook,Brooklyn,0.25
4,Weekday,189,Prospect Heights,Brooklyn,0.25
4,Weekday,94,Fordham South,Bronx,0.25
4,Weekday,174,Norwood,Bronx,0.23
4,Weekday,93,Flushing Meadows-Corona Park,Queens,0.23
4,Weekday,121,Hillcrest/Pomonok,Queens,0.23
4,Weekday,196,Rego Park,Queens,0.22
4,Weekday,147,Longwood,Bronx,0.22
4,Weekday,26,Borough Park,Brooklyn,0.22
4,Weekday,98,Fresh Meadows,Queens,0.2
4,Weekday,66,DUMBO/Vinegar Hill,Brooklyn,0.2
4,Weekday,203,Rosedale,Queens,0.2
4,Weekday,22,Bensonhurst West,Brooklyn,0.2
4,Weekday,242,Van Nest/Morris Park,Bronx,0.19
4,Weekday,127,Inwood,Manhattan,0.19
4,Weekday,210,Sheepshead Bay,Brooklyn,0.17
4,Weekday,33,Brooklyn Heights,Brooklyn,0.17
4,Weekday,136,Kingsbridge Heights,Bronx,0.17
4,Weekday,185,Pelham Parkway,Bronx,0.17
4,Weekday,101,Glen Oaks,Queens,0.17
4,Weekday,171,Murray Hill-Queens,Queens,0.16
4,Weekday,20,Belmont,Bronx,0.16
4,Weekday,67,Dyker Heights,Brooklyn,0.16
4,Weekday,135,Kew Gardens Hills,Queens,0.16
4,Weekday,265,Outside NYC,Unknown,0.16
4,Weekday,139,Laurelton,Queens,0.16
4,Weekday,106,Gowanus,Brooklyn,0.14
4,Weekday,165,Midwood,Brooklyn,0.14
4,Weekday,202,Roosevelt Island,Manhattan,0.13
4,Weekday,155,Marine Park/Mill Basin,Brooklyn,0.13
4,Weekday,208,Schuylerville/Edgewater Park,Bronx,0.11
4,Weekday,108,Gravesend,Brooklyn,0.11
4,Weekday,21,Bensonhurst East,Brooklyn,0.11
4,Weekday,257,Windsor Terrace,Brooklyn,0.11
4,Weekday,133,Kensington,Brooklyn,0.11
4,Weekday,32,Bronxdale,Bronx,0.11
4,Weekday,183,Pelham Bay,Bronx,0.11
4,Weekday,16,Bayside,Queens,0.11
4,Weekday,34,Brooklyn Navy Yard,Brooklyn,0.11
4,Weekday,149,Madison,Brooklyn,0.11
4,Weekday,220,Spuyten Duyvil/Kingsbridge,Bronx,0.11
4,Weekday,58,Country Club,Bronx,0.09
4,Weekday,23,Bloomfield/Emerson Hill,Staten Island,0.09
4,Weekday,40,Carroll Gardens,Brooklyn,0.09
4,Weekday,29,Brighton Beach,Brooklyn,0.09
4,Weekday,252,Whitestone,Queens,0.08
4,Weekday,53,College Point,Queens,0.08
4,Weekday,124,Howard Beach,Queens,0.08
4,Weekday,192,Queensboro Hill,Queens,0.08
4,Weekday,240,Van Cortlandt Park,Bronx,0.06
4,Weekday,175,Oakland Gardens,Queens,0.06
4,Weekday,241,Van Cortlandt Village,Bronx,0.06
4,Weekday,217,South Williamsburg,Brooklyn,0.06
4,Weekday,19,Bellerose,Queens,0.06
4,Weekday,200,Riverdale/North Riverdale/Fieldston,Bronx,0.06
4,Weekday,9,Auburndale,Queens,0.05
4,Weekday,178,Ocean Parkway South,Brooklyn,0.05
4,Weekday,194,Randalls Island,Manhattan,0.05
4,Weekday,52,Cobble Hill,Brooklyn,0.05
4,Weekday,73,East Flushing,Queens,0.05
4,Weekday,64,Douglaston,Queens,0.05
4,Weekday,156,Mariners Harbor,Staten Island,0.03
4,Weekday,123,Homecrest,Brooklyn,0.03
4,Weekday,190,Prospect Park,Brooklyn,0.03
4,Weekday,6,Arrochar/Fort Wadsworth,Staten Island,0.03
4,Weekday,54,Columbia Street,Brooklyn,0.03
4,Weekday,96,Forest Park/Highland Park,Queens,0.03
4,Weekday,109,Great Kills,Staten Island,0.02
4,Weekday,153,Marble Hill,Manhattan,0.02
4,Weekday,12,Battery Park,Manhattan,0.02
4,Weekday,184,Pelham Bay Park,Bronx,0.02
4,Weekday,15,Bay Terrace/Fort Totten,Queens,0.02
4,Weekday,31,Bronx Park,Bronx,0.02
4,Weekday,206,Saint George/New Brighton,Staten Island,0.02
4,Weekday,172,New Dorp/Midland Beach,Staten Island,0.02
4,Weekday,11,Bath Beach,Brooklyn,0.02
4,Weekday,118,Heartland Village/Todt Hill,Staten Island,0.02
5,Weekday,132,JFK Airport,Queens,73.95
5,Weekday,186,Penn Station/Madison Sq West,Manhattan,54.03
5,Weekday,100,Garment District,Manhattan,44.19
5,Weekday,48,Clinton East,Manhattan,42.27
5,Weekday,263,Yorkville West,Manhattan,23.95
5,Weekday,262,Yorkville East,Manhattan,21.77
5,Weekday,162,Midtown East,Manhattan,20.97
5,Weekday,239,Upper West Side South,Manhattan,18.91
5,Weekday,230,Times Sq/Theatre District,Manhattan,18.88
5,Weekday,236,Upper East Side North,Manhattan,17.97
5,Weekday,238,Upper West Side North,Manhattan,17.69
5,Weekday,141,Lenox Hill West,Manhattan,17.44
5,Weekday,107,Gramercy,Manhattan,15.55
5,Weekday,170,Murray Hill,Manhattan,14.7
5,Weekday,68,East Chelsea,Manhattan,13.75
5,Weekday,75,East Harlem South,Manhattan,13.69
5,Weekday,79,East Village,Manhattan,12.7
5,Weekday,142,Lincoln Square East,Manhattan,12.7
5,Weekday,140,Lenox Hill East,Manhattan,12.36
5,Weekday,237,Upper East Side South,Manhattan,12.33
5,Weekday,161,Midtown Center,Manhattan,11.17
5,Weekday,163,Midtown North,Manhattan,10.86
5,Weekday,229,Sutton Place/Turtle Bay North,Manhattan,10.55
5,Weekday,90,Flatiron,Manhattan,10.3
5,Weekday,143,Lincoln Square West,Manhattan,9.94
5,Weekday,233,UN/Turtle Bay South,Manhattan,9.45
5,Weekday,249,West Village,Manhattan,9.14
5,Weekday,164,Midtown South,Manhattan,8.8
5,Weekday,137,Kips Bay,Manhattan,8.22
5,Weekday,151,Manhattan Valley,Manhattan,7.72
5,Weekday,74,East Harlem North,Manhattan,7.61
5,Weekday,234,Union Sq,Manhattan,6.47
5,Weekday,41,Central Harlem,Manhattan,6.2
5,Weekday,50,Clinton West,Manhattan,5.88
5,Weekday,113,Greenwich Village North,Manhattan,5.2
5,Weekday,61,Crown Heights North,Brooklyn,4.91
5,Weekday,42,Central Harlem North,Manhattan,4.67
5,Weekday,76,East New York,Brooklyn,4.33
5,Weekday,231,TriBeCa/Civic Center,Manhattan,4.23
5,Weekday,166,Morningside Heights,Manhattan,4.16
5,Weekday,226,Sunnyside,Queens,4.16
5,Weekday,39,Canarsie,Brooklyn,3.98
5,Weekday,35,Brownsville,Brooklyn,3.94
5,Weekday,188,Prospect-Lefferts Gardens,Brooklyn,3.88
5,Weekday,24,Bloomingdale,Manhattan,3.73
5,Weekday,148,Lower East Side,Manhattan,3.69
5,Weekday,224,Stuy Town/Peter Cooper Village,Manhattan,3.48
5,Weekday,72,East Flatbush/Remsen Village,Brooklyn,3.39
5,Weekday,87,Financial District North,Manhattan,3.08
5,Weekday,43,Central Park,Manhattan,3.06
5,Weekday,158,Meatpacking/West Village West,Manhattan,3.05
5,Weekday,114,Greenwich Village South,Manhattan,2.95
5,Weekday,89,Flatbush/Ditmas Park,Brooklyn,2.75
5,Weekday,7,Astoria,Queens,2.69
5,Weekday,116,Hamilton Heights,Manhattan,2.58
5,Weekday,13,Battery Park City,Manhattan,2.56
5,Weekday,232,Two Bridges/Seward Park,Manhattan,2.56
5,Weekday,4,Alphabet City,Manhattan,2.55
5,Weekday,216,South Ozone Park,Queens,2.42
5,Weekday,71,East Flatbush/Farragut,Brooklyn,2.42
5,Weekday,211,SoHo,Manhattan,2.19
5,Weekday,145,Long Island City/Hunters Point,Queens,2.17
5,Weekday,225,Stuyvesant Heights,Brooklyn,2.11
5,Weekday,246,West Chelsea/Hudson Yards,Manhattan,2.08
5,Weekday,168,Mott Haven/Port Morris,Bronx,2.05
5,Weekday,37,Bushwick South,Brooklyn,2.02
5,Weekday,177,Ocean Hill,Brooklyn,1.97
5,Weekday,125,Hudson Sq,Manhattan,1.95
5,Weekday,191,Queens Village,Queens,1.94
5,Weekday,213,Soundview/Castle Hill,Bronx,1.92
5,Weekday,244,Washington Heights South,Manhattan,1.92
5,Weekday,197,Richmond Hill,Queens,1.89
5,Weekday,254,Williamsbridge/Olinville,Bronx,1.86
5,Weekday,205,Saint Albans,Queens,1.86
5,Weekday,10,Baisley Park,Queens,1.8
5,Weekday,218,Springfield Gardens North,Queens,1.8
5,Weekday,261,World Trade Center,Manhattan,1.73
5,Weekday,17,Bedford,Brooklyn,1.67
5,Weekday,179,Old Astoria,Queens,1.66
5,Weekday,129,Jackson Heights,Queens,1.64
5,Weekday,62,Crown Heights South,Brooklyn,1.59
5,Weekday,264,Unknown,Unknown,1.58
5,Weekday,203,Rosedale,Queens,1.55
5,Weekday,260,Woodside,Queens,1.53
5,Weekday,138,LaGuardia Airport,Queens,1.5
5,Weekday,91,Flatlands,Brooklyn,1.5
5,Weekday,144,Little Italy/NoLiTa,Manhattan,1.48
5,Weekday,219,Springfield Gardens South,Queens,1.45
5,Weekday,215,South Jamaica,Queens,1.44
5,Weekday,85,Erasmus,Brooklyn,1.44
5,Weekday,51,Co-Op City,Bronx,1.42
5,Weekday,146,Long Island City/Queens Plaza,Queens,1.38
5,Weekday,182,Parkchester,Bronx,1.34
5,Weekday,47,Claremont/Bathgate,Bronx,1.34
5,Weekday,258,Woodhaven,Queens,1.33
5,Weekday,56,Corona,Queens,1.31
5,Weekday,77,East New York/Pennsylvania Avenue,Brooklyn,1.27
5,Weekday,25,Boerum Hill,Brooklyn,1.27
5,Weekday,130,Jamaica,Queens,1.25
5,Weekday,86,Far Rockaway,Queens,1.23
5,Weekday,167,Morrisania/Melrose,Bronx,1.22
5,Weekday,112,Greenpoint,Brooklyn,1.17
5,Weekday,82,Elmhurst,Queens,1.16
5,Weekday,152,Manhattanville,Manhattan,1.16
5,Weekday,117,Hammels/Arverne,Queens,1.14
5,Weekday,228,Sunset Park West,Brooklyn,1.08
5,Weekday,70,East Elmhurst,Queens,1.05
5,Weekday,135,Kew Gardens Hills,Queens,0.98
5,Weekday,97,Fort Greene,Brooklyn,0.97
5,Weekday,256,Williamsburg (South Side),Brooklyn,0.97
5,Weekday,14,Bay Ridge,Brooklyn,0.95
5,Weekday,49,Clinton Hill,Brooklyn,0.94
5,Weekday,28,Briarwood/Jamaica Hills,Queens,0.94
5,Weekday,209,Seaport,Manhattan,0.92
5,Weekday,95,Forest Hills,Queens,0.92
5,Weekday,227,Sunset Park East,Brooklyn,0.91
5,Weekday,38,Cambria Heights,Queens,0.88
5,Weekday,36,Bushwick North,Brooklyn,0.88
5,Weekday,181,Park Slope,Brooklyn,0.86
5,Weekday,11,Bath Beach,Brooklyn,0.86
5,Weekday,193,Queensbridge/Ravenswood,Queens,0.84
5,Weekday,155,Marine Park/Mill Basin,Brooklyn,0.83
5,Weekday,80,East Williamsburg,Brooklyn,0.83
5,Weekday,65,Downtown Brooklyn/MetroTech,Brooklyn,0.81
5,Weekday,63,Cypress Hills,Brooklyn,0.8
5,Weekday,69,East Concourse/Concourse Village,Bronx,0.78
5,Weekday,189,Prospect Heights,Brooklyn,0.78
5,Weekday,20,Belmont,Bronx,0.77
5,Weekday,222,Starrett City,Brooklyn,0.73
5,Weekday,122,Hollis,Queens,0.72
5,Weekday,159,Melrose South,Bronx,0.72
5,Weekday,88,Financial District South,Manhattan,0.7
5,Weekday,33,Brooklyn Heights,Brooklyn,0.7
5,Weekday,198,Ridgewood,Queens,0.7
5,Weekday,235,University Heights/Morris Heights,Bronx,0.69
5,Weekday,119,Highbridge,Bronx,0.67
5,Weekday,255,Williamsburg (North Side),Brooklyn,0.67
5,Weekday,92,Flushing,Queens,0.67
5,Weekday,3,Allerton/Pelham Gardens,Bronx,0.67
5,Weekday,83,Elmhurst/Maspeth,Queens,0.67
5,Weekday,243,Washington Heights North,Manhattan,0.66
5,Weekday,169,Mount Hope,Bronx,0.66
5,Weekday,247,West Concourse,Bronx,0.64
5,Weekday,248,West Farms/Bronx River,Bronx,0.59
5,Weekday,93,Flushing Meadows-Corona Park,Queens,0.59
5,Weekday,55,Coney Island,Brooklyn,0.59
5,Weekday,126,Hunts Point,Bronx,0.59
5,Weekday,242,Van Nest/Morris Park,Bronx,0.59
5,Weekday,60,Crotona Park East,Bronx,0.59
5,Weekday,210,Sheepshead Bay,Brooklyn,0.59
5,Weekday,139,Laurelton,Queens,0.58
5,Weekday,131,Jamaica Estates,Queens,0.58
5,Weekday,196,Rego Park,Queens,0.56
5,Weekday,223,Steinway,Queens,0.56
5,Weekday,45,Chinatown,Manhattan,0.55
5,Weekday,94,Fordham South,Bronx,0.52
5,Weekday,78,East Tremont,Bronx,0.52
5,Weekday,212,Soundview/Bruckner,Bronx,0.48
5,Weekday,32,Bronxdale,Bronx,0.47
5,Weekday,174,Norwood,Bronx,0.47
5,Weekday,67,Dyker Heights,Brooklyn,0.47
5,Weekday,98,Fresh Meadows,Queens,0.45
5,Weekday,121,Hillcrest/Pomonok,Queens,0.45
5,Weekday,160,Middle Village,Queens,0.44
5,Weekday,250,Westchester Village/Unionport,Bronx,0.42
5,Weekday,157,Maspeth,Queens,0.41
5,Weekday,259,Woodlawn/Wakefield,Bronx,0.41
5,Weekday,123,Homecrest,Brooklyn,0.39
5,Weekday,18,Bedford Park,Bronx,0.39
5,Weekday,81,Eastchester,Bronx,0.39
5,Weekday,124,Howard Beach,Queens,0.38
5,Weekday,19,Bellerose,Queens,0.38
5,Weekday,178,Ocean Parkway South,Brooklyn,0.38
5,Weekday,173,North Corona,Queens,0.38
5,Weekday,208,Schuylerville/Edgewater Park,Bronx,0.38
5,Weekday,241,Van Cortlandt Village,Bronx,0.38
5,Weekday,101,Glen Oaks,Queens,0.34
5,Weekday,133,Kensington,Brooklyn,0.34
5,Weekday,147,Longwood,Bronx,0.33
5,Weekday,22,Bensonhurst West,Brooklyn,0.31
5,Weekday,185,Pelham Parkway,Bronx,0.31
5,Weekday,66,DUMBO/Vinegar Hill,Brooklyn,0.31
5,Weekday,149,Madison,Brooklyn,0.3
5,Weekday,195,Red Hook,Brooklyn,0.3
5,Weekday,265,Outside NYC,Unknown,0.3
5,Weekday,40,Carroll Gardens,Brooklyn,0.28
5,Weekday,102,Glendale,Queens,0.28
5,Weekday,106,Gowanus,Brooklyn,0.28
5,Weekday,201,Rockaway Park,Queens,0.28
5,Weekday,73,East Flushing,Queens,0.27
5,Weekday,220,Spuyten Duyvil/Kingsbridge,Bronx,0.25
5,Weekday,21,Bensonhurst East,Brooklyn,0.25
5,Weekday,134,Kew Gardens,Queens,0.23
5,Weekday,26,Borough Park,Brooklyn,0.23
5,Weekday,183,Pelham Bay,Bronx,0.22
5,Weekday,165,Midwood,Brooklyn,0.22
5,Weekday,108,Gravesend,Brooklyn,0.22
5,Weekday,16,Bayside,Queens,0.2
5,Weekday,127,Inwood,Manhattan,0.2
5,Weekday,175,Oakland Gardens,Queens,0.2
5,Weekday,180,Ozone Park,Queens,0.19
5,Weekday,136,Kingsbridge Heights,Bronx,0.19
5,Weekday,6,Arrochar/Fort Wadsworth,Staten Island,0.19
5,Weekday,217,South Williamsburg,Brooklyn,0.19
5,Weekday,52,Cobble Hill,Brooklyn,0.17
5,Weekday,200,Riverdale/North Riverdale/Fieldston,Bronx,0.16
5,Weekday,64,Douglaston,Queens,0.14
5,Weekday,257,Windsor Terrace,Brooklyn,0.14
5,Weekday,57,Corona,Queens,0.13
5,Weekday,150,Manhattan Beach,Brooklyn,0.13
5,Weekday,29,Brighton Beach,Brooklyn,0.11
5,Weekday,153,Marble Hill,Manhattan,0.11
5,Weekday,190,Prospect Park,Brooklyn,0.11
5,Weekday,58,Country Club,Bronx,0.11
5,Weekday,252,Whitestone,Queens,0.09
5,Weekday,53,College Point,Queens,0.08
5,Weekday,192,Queensboro Hill,Queens,0.08
5,Weekday,202,Roosevelt Island,Manhattan,0.08
5,Weekday,54,Columbia Street,Brooklyn,0.08
5,Weekday,194,Randalls Island,Manhattan,0.08
5,Weekday,115,Grymes Hill/Clifton,Staten Island,0.08
5,Weekday,171,Murray Hill-Queens,Queens,0.08
5,Weekday,9,Auburndale,Queens,0.08
5,Weekday,251,Westerleigh,Staten Island,0.08
5,Weekday,240,Van Cortlandt Park,Bronx,0.06
5,Weekday,1,Newark Airport,EWR,0.05
5,Weekday,172,New Dorp/Midland Beach,Staten Island,0.05
5,Weekday,221,Stapleton,Staten Island,0.03
5,Weekday,30,Broad Channel,Queens,0.03
5,Weekday,109,Great Kills,Staten Island,0.03
5,Weekday,12,Battery Park,Manhattan,0.02
5,Weekday,156,Mariners Harbor,Staten Island,0.02
5,Weekday,23,Bloomfield/Emerson Hill,Staten Island,0.02
5,Weekday,245,West Brighton,Staten Island,0.02
5,Weekday,118,Heartland Village/Todt Hill,Staten Island,0.02
5,Weekday,59,Crotona Park,Bronx,0.02
5,Weekday,207,Saint Michaels Cemetery/Woodside,Queens,0.02
5,Weekday,34,Brooklyn Navy Yard,Brooklyn,0.02
5,Weekday,15,Bay Terrace/Fort Totten,Queens,0.02
5,Weekday,214,South Beach/Dongan Hills,Staten Island,0.02
5,Weekday,154,Marine Park/Floyd Bennett Field,Brooklyn,0.02
5,Weekday,8,Astoria Park,Queens,0.02
6,Weekday,132,JFK Airport,Queens,130.55
6,Weekday,186,Penn Station/Madison Sq West,Manhattan,115.95
6,Weekday,48,Clinton East,Manhattan,83.25
6,Weekday,236,Upper East Side North,Manhattan,78.98
6,Weekday,100,Garment District,Manhattan,78.14
6,Weekday,262,Yorkville East,Manhattan,69.31
6,Weekday,162,Midtown East,Manhattan,68.77
6,Weekday,263,Yorkville West,Manhattan,65.36
6,Weekday,238,Upper West Side North,Manhattan,52.77
6,Weekday,239,Upper West Side South,Manhattan,51.22
6,Weekday,141,Lenox Hill West,Manhattan,50.5
6,Weekday,170,Murray Hill,Manhattan,45.06
6,Weekday,237,Upper East Side South,Manhattan,44.98
6,Weekday,107,Gramercy,Manhattan,43.55
6,Weekday,161,Midtown Center,Manhattan,39.08
6,Weekday,140,Lenox Hill East,Manhattan,37.42
6,Weekday,79,East Village,Manhattan,33.0
6,Weekday,230,Times Sq/Theatre District,Manhattan,31.61
6,Weekday,142,Lincoln Square East,Manhattan,30.31
6,Weekday,68,East Chelsea,Manhattan,27.7
6,Weekday,143,Lincoln Square West,Manhattan,27.23
6,Weekday,229,Sutton Place/Turtle Bay North,Manhattan,26.14
6,Weekday,249,West Village,Manhattan,25.69
6,Weekday,233,UN/Turtle Bay South,Manhattan,23.94
6,Weekday,234,Union Sq,Manhattan,22.36
6,Weekday,75,East Harlem South,Manhattan,22.31
6,Weekday,90,Flatiron,Manhattan,22.02
6,Weekday,151,Manhattan Valley,Manhattan,21.5
6,Weekday,137,Kips Bay,Manhattan,20.48
6,Weekday,163,Midtown North,Manhattan,19.86
6,Weekday,164,Midtown South,Manhattan,18.03
6,Weekday,113,Greenwich Village North,Manhattan,17.16
6,Weekday,41,Central Harlem,Manhattan,14.64
6,Weekday,74,East Harlem North,Manhattan,14.5
6,Weekday,231,TriBeCa/Civic Center,Manhattan,12.31
6,Weekday,42,Central Harlem North,Manhattan,12.06
6,Weekday,43,Central Park,Manhattan,11.0
6,Weekday,158,Meatpacking/West Village West,Manhattan,10.98
6,Weekday,50,Clinton West,Manhattan,10.86
6,Weekday,13,Battery Park City,Manhattan,9.59
6,Weekday,226,Sunnyside,Queens,8.59
6,Weekday,224,Stuy Town/Peter Cooper Village,Manhattan,8.55
6,Weekday,166,Morningside Heights,Manhattan,8.55
6,Weekday,76,East New York,Brooklyn,8.53
6,Weekday,87,Financial District North,Manhattan,8.39
6,Weekday,246,West Chelsea/Hudson Yards,Manhattan,7.97
6,Weekday,61,Crown Heights North,Brooklyn,7.91
6,Weekday,148,Lower East Side,Manhattan,7.45
6,Weekday,39,Canarsie,Brooklyn,7.41
6,Weekday,114,Greenwich Village South,Manhattan,7.27
6,Weekday,188,Prospect-Lefferts Gardens,Brooklyn,7.09
6,Weekday,4,Alphabet City,Manhattan,6.94
6,Weekday,116,Hamilton Heights,Manhattan,6.92
6,Weekday,232,Two Bridges/Seward Park,Manhattan,6.22
6,Weekday,24,Bloomingdale,Manhattan,5.89
6,Weekday,264,Unknown,Unknown,5.72
6,Weekday,7,Astoria,Queens,5.14
6,Weekday,72,East Flatbush/Remsen Village,Brooklyn,5.13
6,Weekday,225,Stuyvesant Heights,Brooklyn,4.94
6,Weekday,91,Flatlands,Brooklyn,4.8
6,Weekday,71,East Flatbush/Farragut,Brooklyn,4.72
6,Weekday,146,Long Island City/Queens Plaza,Queens,4.66
6,Weekday,125,Hudson Sq,Manhattan,4.48
6,Weekday,215,South Jamaica,Queens,4.31
6,Weekday,152,Manhattanville,Manhattan,4.13
6,Weekday,89,Flatbush/Ditmas Park,Brooklyn,4.08
6,Weekday,35,Brownsville,Brooklyn,4.02
6,Weekday,182,Parkchester,Bronx,3.97
6,Weekday,216,South Ozone Park,Queens,3.73
6,Weekday,179,Old Astoria,Queens,3.59
6,Weekday,197,Richmond Hill,Queens,3.53
6,Weekday,144,Little Italy/NoLiTa,Manhattan,3.48
6,Weekday,177,Ocean Hill,Brooklyn,3.48
6,Weekday,213,Soundview/Castle Hill,Bronx,3.31
6,Weekday,51,Co-Op City,Bronx,3.27
6,Weekday,205,Saint Albans,Queens,3.27
6,Weekday,211,SoHo,Manhattan,3.25
6,Weekday,261,World Trade Center,Manhattan,3.2
6,Weekday,129,Jackson Heights,Queens,3.19
6,Weekday,260,Woodside,Queens,3.16
6,Weekday,10,Baisley Park,Queens,3.13
6,Weekday,33,Brooklyn Heights,Brooklyn,3.11
6,Weekday,244,Washington Heights South,Manhattan,3.06
6,Weekday,130,Jamaica,Queens,2.88
6,Weekday,254,Williamsbridge/Olinville,Bronx,2.88
6,Weekday,167,Morrisania/Melrose,Bronx,2.86
6,Weekday,191,Queens Village,Queens,2.83
6,Weekday,25,Boerum Hill,Brooklyn,2.77
6,Weekday,37,Bushwick South,Brooklyn,2.73
6,Weekday,69,East Concourse/Concourse Village,Bronx,2.73
6,Weekday,258,Woodhaven,Queens,2.73
6,Weekday,17,Bedford,Brooklyn,2.72
6,Weekday,85,Erasmus,Brooklyn,2.61
6,Weekday,159,Melrose South,Bronx,2.56
6,Weekday,218,Springfield Gardens North,Queens,2.53
6,Weekday,97,Fort Greene,Brooklyn,2.45
6,Weekday,95,Forest Hills,Queens,2.38
6,Weekday,168,Mott Haven/Port Morris,Bronx,2.38
6,Weekday,82,Elmhurst,Queens,2.3
6,Weekday,62,Crown Heights South,Brooklyn,2.28
6,Weekday,145,Long Island City/Hunters Point,Queens,2.28
6,Weekday,40,Carroll Gardens,Brooklyn,2.27
6,Weekday,49,Clinton Hill,Brooklyn,2.17
6,Weekday,77,East New York/Pennsylvania Avenue,Brooklyn,2.14
6,Weekday,212,Soundview/Bruckner,Bronx,2.11
6,Weekday,138,LaGuardia Airport,Queens,2.08
6,Weekday,259,Woodlawn/Wakefield,Bronx,2.02
6,Weekday,193,Queensbridge/Ravenswood,Queens,1.97
6,Weekday,155,Marine Park/Mill Basin,Brooklyn,1.97
6,Weekday,28,Briarwood/Jamaica Hills,Queens,1.97
6,Weekday,55,Coney Island,Brooklyn,1.94
6,Weekday,63,Cypress Hills,Brooklyn,1.88
6,Weekday,131,Jamaica Estates,Queens,1.86
6,Weekday,45,Chinatown,Manhattan,1.86
6,Weekday,66,DUMBO/Vinegar Hill,Brooklyn,1.8
6,Weekday,88,Financial District South,Manhattan,1.8
6,Weekday,256,Williamsburg (South Side),Brooklyn,1.78
6,Weekday,209,Seaport,Manhattan,1.75
6,Weekday,65,Downtown Brooklyn/MetroTech,Brooklyn,1.73
6,Weekday,248,West Farms/Bronx River,Bronx,1.73
6,Weekday,121,Hillcrest/Pomonok,Queens,1.73
6,Weekday,198,Ridgewood,Queens,1.7
6,Weekday,117,Hammels/Arverne,Queens,1.69
6,Weekday,241,Van Cortlandt Village,Bronx,1.67
6,Weekday,14,Bay Ridge,Brooklyn,1.66
6,Weekday,169,Mount Hope,Bronx,1.59
6,Weekday,122,Hollis,Queens,1.59
6,Weekday,56,Corona,Queens,1.59
6,Weekday,112,Greenpoint,Brooklyn,1.59
6,Weekday,174,Norwood,Bronx,1.58
6,Weekday,235,University Heights/Morris Heights,Bronx,1.58
6,Weekday,139,Laurelton,Queens,1.58
6,Weekday,119,Highbridge,Bronx,1.56
6,Weekday,135,Kew Gardens Hills,Queens,1.55
6,Weekday,222,Starrett City,Brooklyn,1.53
6,Weekday,181,Park Slope,Brooklyn,1.53
6,Weekday,81,Eastchester,Bronx,1.52
6,Weekday,86,Far Rockaway,Queens,1.48
6,Weekday,219,Springfield Gardens South,Queens,1.47
6,Weekday,18,Bedford Park,Bronx,1.47
6,Weekday,134,Kew Gardens,Queens,1.44
6,Weekday,210,Sheepshead Bay,Brooklyn,1.44
6,Weekday,80,East Williamsburg,Brooklyn,1.39
6,Weekday,149,Madison,Brooklyn,1.36
6,Weekday,247,West Concourse,Bronx,1.34
6,Weekday,203,Rosedale,Queens,1.33
6,Weekday,36,Bushwick North,Brooklyn,1.31
6,Weekday,228,Sunset Park West,Brooklyn,1.31
6,Weekday,243,Washington Heights North,Manhattan,1.3
6,Weekday,196,Rego Park,Queens,1.28
6,Weekday,60,Crotona Park East,Bronx,1.28
6,Weekday,83,Elmhurst/Maspeth,Queens,1.27
6,Weekday,22,Bensonhurst West,Brooklyn,1.25
6,Weekday,47,Claremont/Bathgate,Bronx,1.22
6,Weekday,157,Maspeth,Queens,1.22
6,Weekday,165,Midwood,Brooklyn,1.2
6,Weekday,102,Glendale,Queens,1.2
6,Weekday,160,Middle Village,Queens,1.19
6,Weekday,78,East Tremont,Bronx,1.14
6,Weekday,250,Westchester Village/Unionport,Bronx,1.14
6,Weekday,185,Pelham Parkway,Bronx,1.09
6,Weekday,38,Cambria Heights,Queens,1.08
6,Weekday,223,Steinway,Queens,1.08
6,Weekday,195,Red Hook,Brooklyn,1.05
6,Weekday,189,Prospect Heights,Brooklyn,1.0
6,Weekday,70,East Elmhurst,Queens,0.97
6,Weekday,133,Kensington,Brooklyn,0.97
6,Weekday,108,Gravesend,Brooklyn,0.95
6,Weekday,52,Cobble Hill,Brooklyn,0.91
6,Weekday,173,North Corona,Queens,0.89
6,Weekday,3,Allerton/Pelham Gardens,Bronx,0.89
6,Weekday,183,Pelham Bay,Bronx,0.89
6,Weekday,32,Bronxdale,Bronx,0.78
6,Weekday,227,Sunset Park East,Brooklyn,0.72
6,Weekday,19,Bellerose,Queens,0.69
6,Weekday,208,Schuylerville/Edgewater Park,Bronx,0.67
6,Weekday,255,Williamsburg (North Side),Brooklyn,0.67
6,Weekday,124,Howard Beach,Queens,0.66
6,Weekday,126,Hunts Point,Bronx,0.63
6,Weekday,123,Homecrest,Brooklyn,0.63
6,Weekday,26,Borough Park,Brooklyn,0.59
6,Weekday,175,Oakland Gardens,Queens,0.58
6,Weekday,92,Flushing,Queens,0.58
6,Weekday,242,Van Nest/Morris Park,Bronx,0.56
6,Weekday,29,Brighton Beach,Brooklyn,0.56
6,Weekday,93,Flushing Meadows-Corona Park,Queens,0.55
6,Weekday,220,Spuyten Duyvil/Kingsbridge,Bronx,0.53
6,Weekday,21,Bensonhurst East,Brooklyn,0.52
6,Weekday,127,Inwood,Manhattan,0.52
6,Weekday,94,Fordham South,Bronx,0.5
6,Weekday,147,Longwood,Bronx,0.48
6,Weekday,200,Riverdale/North Riverdale/Fieldston,Bronx,0.48
6,Weekday,257,Windsor Terrace,Brooklyn,0.47
6,Weekday,20,Belmont,Bronx,0.47
6,Weekday,11,Bath Beach,Brooklyn,0.44
6,Weekday,180,Ozone Park,Queens,0.44
6,Weekday,106,Gowanus,Brooklyn,0.41
6,Weekday,73,East Flushing,Queens,0.39
6,Weekday,202,Roosevelt Island,Manhattan,0.38
6,Weekday,217,South Williamsburg,Brooklyn,0.38
6,Weekday,98,Fresh Meadows,Queens,0.38
6,Weekday,67,Dyker Heights,Brooklyn,0.36
6,Weekday,136,Kingsbridge Heights,Bronx,0.33
6,Weekday,265,Outside NYC,Unknown,0.33
6,Weekday,101,Glen Oaks,Queens,0.31
6,Weekday,190,Prospect Park,Brooklyn,0.3
6,Weekday,192,Queensboro Hill,Queens,0.28
6,Weekday,53,College Point,Queens,0.28
6,Weekday,252,Whitestone,Queens,0.27
6,Weekday,171,Murray Hill-Queens,Queens,0.25
6,Weekday,178,Ocean Parkway South,Brooklyn,0.23
6,Weekday,64,Douglaston,Queens,0.23
6,Weekday,16,Bayside,Queens,0.23
6,Weekday,54,Columbia Street,Brooklyn,0.22
6,Weekday,9,Auburndale,Queens,0.2
6,Weekday,201,Rockaway Park,Queens,0.16
6,Weekday,34,Brooklyn Navy Yard,Brooklyn,0.16
6,Weekday,150,Manhattan Beach,Brooklyn,0.14
6,Weekday,153,Marble Hill,Manhattan,0.11
6,Weekday,115,Grymes Hill/Clifton,Staten Island,0.11
6,Weekday,15,Bay Terrace/Fort Totten,Queens,0.11
6,Weekday,96,Forest Park/Highland Park,Queens,0.11
6,Weekday,31,Bronx Park,Bronx,0.09
6,Weekday,221,Stapleton,Staten Island,0.09
6,Weekday,194,Randalls Island,Manhattan,0.08
6,Weekday,59,Crotona Park,Bronx,0.06
6,Weekday,240,Van Cortlandt Park,Bronx,0.06
6,Weekday,206,Saint George/New Brighton,Staten Island,0.06
6,Weekday,6,Arrochar/Fort Wadsworth,Staten Island,0.06
6,Weekday,12,Battery Park,Manhattan,0.06
6,Weekday,57,Corona,Queens,0.06
6,Weekday,172,New Dorp/Midland Beach,Staten Island,0.06
6,Weekday,251,Westerleigh,Staten Island,0.05
6,Weekday,118,Heartland Village/Todt Hill,Staten Island,0.05
6,Weekday,128,Inwood Hill Park,Manhattan,0.03
6,Weekday,120,Highbridge Park,Manhattan,0.03
6,Weekday,8,Astoria Park,Queens,0.03
6,Weekday,30,Broad Channel,Queens,0.03
6,Weekday,245,West Brighton,Staten Island,0.03
6,Weekday,156,Mariners Harbor,Staten Island,0.03
6,Weekday,1,Newark Airport,EWR,0.03
6,Weekday,207,Saint Michaels Cemetery/Woodside,Queens,0.03
6,Weekday,214,South Beach/Dongan Hills,Staten Island,0.02
6,Weekday,58,Country Club,Bronx,0.02
6,Weekday,154,Marine Park/Floyd Bennett Field,Brooklyn,0.02
6,Weekday,184,Pelham Bay Park,Bronx,0.02
6,Weekday,111,Green-Wood Cemetery,Brooklyn,0.02
6,Weekday,84,Eltingville/Annadale/Prince's Bay,Staten Island,0.02
6,Weekday,23,Bloomfield/Emerson Hill,Staten Island,0.02
6,Weekday,46,City Island,Bronx,0.02
7,Weekday,236,Upper East Side North,Manhattan,272.66
7,Weekday,186,Penn Station/Madison Sq West,Manhattan,193.3
7,Weekday,237,Upper East Side South,Manhattan,178.42
7,Weekday,262,Yorkville East,Manhattan,143.89
7,Weekday,132,JFK Airport,Queens,143.83
7,Weekday,239,Upper West Side South,Manhattan,139.73
7,Weekday,141,Lenox Hill West,Manhattan,132.67
7,Weekday,162,Midtown East,Manhattan,125.3
7,Weekday,263,Yorkville West,Manhattan,121.66
7,Weekday,238,Upper West Side North,Manhattan,119.36
7,Weekday,140,Lenox Hill East,Manhattan,111.19
7,Weekday,142,Lincoln Square East,Manhattan,107.89
7,Weekday,48,Clinton East,Manhattan,97.42
7,Weekday,170,Murray Hill,Manhattan,96.23
7,Weekday,107,Gramercy,Manhattan,88.81
7,Weekday,161,Midtown Center,Manhattan,84.59
7,Weekday,229,Sutton Place/Turtle Bay North,Manhattan,83.09
7,Weekday,143,Lincoln Square West,Manhattan,82.11
7,Weekday,100,Garment District,Manhattan,77.59
7,Weekday,79,East Village,Manhattan,61.14
7,Weekday,230,Times Sq/Theatre District,Manhattan,60.58
7,Weekday,151,Manhattan Valley,Manhattan,57.98
7,Weekday,163,Midtown North,Manhattan,55.53
7,Weekday,249,West Village,Manhattan,55.11
7,Weekday,234,Union Sq,Manhattan,54.92
7,Weekday,68,East Chelsea,Manhattan,53.86
7,Weekday,75,East Harlem South,Manhattan,51.73
7,Weekday,138,LaGuardia Airport,Queens,47.16
7,Weekday,137,Kips Bay,Manhattan,46.64
7,Weekday,43,Central Park,Manhattan,44.52
7,Weekday,90,Flatiron,Manhattan,44.09
7,Weekday,231,TriBeCa/Civic Center,Manhattan,42.06
7,Weekday,164,Midtown South,Manhattan,41.78
7,Weekday,113,Greenwich Village North,Manhattan,41.36
7,Weekday,233,UN/Turtle Bay South,Manhattan,40.91
7,Weekday,41,Central Harlem,Manhattan,30.3
7,Weekday,74,East Harlem North,Manhattan,28.14
7,Weekday,50,Clinton West,Manhattan,26.63
7,Weekday,42,Central Harlem North,Manhattan,26.38
7,Weekday,246,West Chelsea/Hudson Yards,Manhattan,26.08
7,Weekday,166,Morningside Heights,Manhattan,24.84
7,Weekday,13,Battery Park City,Manhattan,24.53
7,Weekday,158,Meatpacking/West Village West,Manhattan,23.88
7,Weekday,24,Bloomingdale,Manhattan,18.95
7,Weekday,125,Hudson Sq,Manhattan,17.92
7,Weekday,148,Lower East Side,Manhattan,17.73
7,Weekday,116,Hamilton Heights,Manhattan,16.19
7,Weekday,114,Greenwich Village South,Manhattan,15.77
7,Weekday,224,Stuy Town/Peter Cooper Village,Manhattan,14.47
7,Weekday,87,Financial District North,Manhattan,14.06
7,Weekday,76,East New York,Brooklyn,12.88
7,Weekday,244,Washington Heights South,Manhattan,12.84
7,Weekday,4,Alphabet City,Manhattan,12.69
7,Weekday,226,Sunnyside,Queens,12.38
7,Weekday,264,Unknown,Unknown,11.55
7,Weekday,61,Crown Heights North,Brooklyn,11.45
7,Weekday,7,Astoria,Queens,10.59
7,Weekday,211,SoHo,Manhattan,10.3
7,Weekday,89,Flatbush/Ditmas Park,Brooklyn,10.11
7,Weekday,232,Two Bridges/Seward Park,Manhattan,10.09
7,Weekday,197,Richmond Hill,Queens,9.69
7,Weekday,144,Little Italy/NoLiTa,Manhattan,9.59
7,Weekday,39,Canarsie,Brooklyn,9.05
7,Weekday,216,South Ozone Park,Queens,7.97
7,Weekday,152,Manhattanville,Manhattan,7.83
7,Weekday,91,Flatlands,Brooklyn,7.66
7,Weekday,188,Prospect-Lefferts Gardens,Brooklyn,7.47
7,Weekday,35,Brownsville,Brooklyn,7.33
7,Weekday,33,Brooklyn Heights,Brooklyn,7.3
7,Weekday,129,Jackson Heights,Queens,6.94
7,Weekday,72,East Flatbush/Remsen Village,Brooklyn,6.31
7,Weekday,261,World Trade Center,Manhattan,6.28
7,Weekday,225,Stuyvesant Heights,Brooklyn,6.02
7,Weekday,71,East Flatbush/Farragut,Brooklyn,6.0
7,Weekday,215,South Jamaica,Queens,5.94
7,Weekday,179,Old Astoria,Queens,5.78
7,Weekday,14,Bay Ridge,Brooklyn,5.52
7,Weekday,17,Bedford,Brooklyn,5.48
7,Weekday,10,Baisley Park,Queens,5.25
7,Weekday,70,East Elmhurst,Queens,5.23
7,Weekday,182,Parkchester,Bronx,5.14
7,Weekday,177,Ocean Hill,Brooklyn,5.09
7,Weekday,95,Forest Hills,Queens,4.98
7,Weekday,65,Downtown Brooklyn/MetroTech,Brooklyn,4.88
7,Weekday,37,Bushwick South,Brooklyn,4.77
7,Weekday,260,Woodside,Queens,4.75
7,Weekday,69,East Concourse/Concourse Village,Bronx,4.73
7,Weekday,258,Woodhaven,Queens,4.7
7,Weekday,168,Mott Haven/Port Morris,Bronx,4.69
7,Weekday,97,Fort Greene,Brooklyn,4.63
7,Weekday,52,Cobble Hill,Brooklyn,4.59
7,Weekday,130,Jamaica,Queens,4.53
7,Weekday,243,Washington Heights North,Manhattan,4.45
7,Weekday,247,West Concourse,Bronx,4.28
7,Weekday,25,Boerum Hill,Brooklyn,4.13
7,Weekday,146,Long Island City/Queens Plaza,Queens,4.09
7,Weekday,63,Cypress Hills,Brooklyn,4.0
7,Weekday,205,Saint Albans,Queens,3.69
7,Weekday,62,Crown Heights South,Brooklyn,3.69
7,Weekday,49,Clinton Hill,Brooklyn,3.63
7,Weekday,82,Elmhurst,Queens,3.58
7,Weekday,85,Erasmus,Brooklyn,3.56
7,Weekday,213,Soundview/Castle Hill,Bronx,3.52
7,Weekday,66,DUMBO/Vinegar Hill,Brooklyn,3.45
7,Weekday,167,Morrisania/Melrose,Bronx,3.38
7,Weekday,45,Chinatown,Manhattan,3.34
7,Weekday,145,Long Island City/Hunters Point,Queens,3.28
7,Weekday,77,East New York/Pennsylvania Avenue,Brooklyn,3.25
7,Weekday,193,Queensbridge/Ravenswood,Queens,3.09
7,Weekday,28,Briarwood/Jamaica Hills,Queens,3.03
7,Weekday,88,Financial District South,Manhattan,3.0
7,Weekday,256,Williamsburg (South Side),Brooklyn,2.97
7,Weekday,181,Park Slope,Brooklyn,2.94
7,Weekday,209,Seaport,Manhattan,2.89
7,Weekday,56,Corona,Queens,2.88
7,Weekday,134,Kew Gardens,Queens,2.81
7,Weekday,55,Coney Island,Brooklyn,2.77
7,Weekday,40,Carroll Gardens,Brooklyn,2.75
7,Weekday,133,Kensington,Brooklyn,2.73
7,Weekday,223,Steinway,Queens,2.72
7,Weekday,80,East Williamsburg,Brooklyn,2.7
7,Weekday,119,Highbridge,Bronx,2.69
7,Weekday,228,Sunset Park West,Brooklyn,2.64
7,Weekday,169,Mount Hope,Bronx,2.55
7,Weekday,235,University Heights/Morris Heights,Bronx,2.53
7,Weekday,218,Springfield Gardens North,Queens,2.53
7,Weekday,159,Melrose South,Bronx,2.52
7,Weekday,117,Hammels/Arverne,Queens,2.52
7,Weekday,254,Williamsbridge/Olinville,Bronx,2.47
7,Weekday,165,Midwood,Brooklyn,2.44
7,Weekday,212,Soundview/Bruckner,Bronx,2.39
7,Weekday,157,Maspeth,Queens,2.34
7,Weekday,47,Claremont/Bathgate,Bronx,2.31
7,Weekday,196,Rego Park,Queens,2.31
7,Weekday,191,Queens Village,Queens,2.3
7,Weekday,248,West Farms/Bronx River,Bronx,2.28
7,Weekday,131,Jamaica Estates,Queens,2.27
7,Weekday,83,Elmhurst/Maspeth,Queens,2.25
7,Weekday,219,Springfield Gardens South,Queens,2.23
7,Weekday,250,Westchester Village/Unionport,Bronx,2.22
7,Weekday,198,Ridgewood,Queens,2.2
7,Weekday,22,Bensonhurst West,Brooklyn,2.19
7,Weekday,36,Bushwick North,Brooklyn,2.14
7,Weekday,112,Greenpoint,Brooklyn,2.11
7,Weekday,51,Co-Op City,Bronx,2.09
7,Weekday,121,Hillcrest/Pomonok,Queens,2.02
7,Weekday,78,East Tremont,Bronx,1.98
7,Weekday,210,Sheepshead Bay,Brooklyn,1.94
7,Weekday,18,Bedford Park,Bronx,1.89
7,Weekday,155,Marine Park/Mill Basin,Brooklyn,1.86
7,Weekday,135,Kew Gardens Hills,Queens,1.83
7,Weekday,189,Prospect Heights,Brooklyn,1.78
7,Weekday,259,Woodlawn/Wakefield,Bronx,1.78
7,Weekday,222,Starrett City,Brooklyn,1.78
7,Weekday,26,Borough Park,Brooklyn,1.77
7,Weekday,255,Williamsburg (North Side),Brooklyn,1.73
7,Weekday,86,Far Rockaway,Queens,1.7
7,Weekday,160,Middle Village,Queens,1.69
7,Weekday,67,Dyker Heights,Brooklyn,1.67
7,Weekday,127,Inwood,Manhattan,1.64
7,Weekday,208,Schuylerville/Edgewater Park,Bronx,1.63
7,Weekday,241,Van Cortlandt Village,Bronx,1.59
7,Weekday,123,Homecrest,Brooklyn,1.58
7,Weekday,195,Red Hook,Brooklyn,1.56
7,Weekday,60,Crotona Park East,Bronx,1.5
7,Weekday,126,Hunts Point,Bronx,1.48
7,Weekday,180,Ozone Park,Queens,1.47
7,Weekday,147,Longwood,Bronx,1.47
7,Weekday,257,Windsor Terrace,Brooklyn,1.47
7,Weekday,203,Rosedale,Queens,1.39
7,Weekday,122,Hollis,Queens,1.39
7,Weekday,21,Bensonhurst East,Brooklyn,1.34
7,Weekday,136,Kingsbridge Heights,Bronx,1.28
7,Weekday,139,Laurelton,Queens,1.27
7,Weekday,242,Van Nest/Morris Park,Bronx,1.25
7,Weekday,94,Fordham South,Bronx,1.22
7,Weekday,108,Gravesend,Brooklyn,1.2
7,Weekday,81,Eastchester,Bronx,1.17
7,Weekday,102,Glendale,Queens,1.16
7,Weekday,149,Madison,Brooklyn,1.16
7,Weekday,32,Bronxdale,Bronx,1.16
7,Weekday,227,Sunset Park East,Brooklyn,1.14
7,Weekday,173,North Corona,Queens,1.05
7,Weekday,92,Flushing,Queens,1.05
7,Weekday,29,Brighton Beach,Brooklyn,1.03
7,Weekday,178,Ocean Parkway South,Brooklyn,0.92
7,Weekday,174,Norwood,Bronx,0.89
7,Weekday,54,Columbia Street,Brooklyn,0.88
7,Weekday,220,Spuyten Duyvil/Kingsbridge,Bronx,0.88
7,Weekday,38,Cambria Heights,Queens,0.88
7,Weekday,185,Pelham Parkway,Bronx,0.86
7,Weekday,200,Riverdale/North Riverdale/Fieldston,Bronx,0.83
7,Weekday,171,Murray Hill-Queens,Queens,0.8
7,Weekday,221,Stapleton,Staten Island,0.75
7,Weekday,19,Bellerose,Queens,0.73
7,Weekday,11,Bath Beach,Brooklyn,0.72
7,Weekday,124,Howard Beach,Queens,0.72
7,Weekday,3,Allerton/Pelham Gardens,Bronx,0.7
7,Weekday,93,Flushing Meadows-Corona Park,Queens,0.66
7,Weekday,20,Belmont,Bronx,0.66
7,Weekday,201,Rockaway Park,Queens,0.63
7,Weekday,53,College Point,Queens,0.58
7,Weekday,217,South Williamsburg,Brooklyn,0.58
7,Weekday,106,Gowanus,Brooklyn,0.56
7,Weekday,183,Pelham Bay,Bronx,0.55
7,Weekday,150,Manhattan Beach,Brooklyn,0.5
7,Weekday,202,Roosevelt Island,Manhattan,0.48
7,Weekday,175,Oakland Gardens,Queens,0.45
7,Weekday,252,Whitestone,Queens,0.44
7,Weekday,16,Bayside,Queens,0.42
7,Weekday,73,East Flushing,Queens,0.39
7,Weekday,265,Outside NYC,Unknown,0.38
7,Weekday,98,Fresh Meadows,Queens,0.36
7,Weekday,192,Queensboro Hill,Queens,0.31
7,Weekday,9,Auburndale,Queens,0.28
7,Weekday,240,Van Cortlandt Park,Bronx,0.28
7,Weekday,15,Bay Terrace/Fort Totten,Queens,0.27
7,Weekday,190,Prospect Park,Brooklyn,0.27
7,Weekday,101,Glen Oaks,Queens,0.25
7,Weekday,153,Marble Hill,Manhattan,0.23
7,Weekday,6,Arrochar/Fort Wadsworth,Staten Island,0.22
7,Weekday,34,Brooklyn Navy Yard,Brooklyn,0.17
7,Weekday,194,Randalls Island,Manhattan,0.16
7,Weekday,12,Battery Park,Manhattan,0.16
7,Weekday,214,South Beach/Dongan Hills,Staten Island,0.14
7,Weekday,96,Forest Park/Highland Park,Queens,0.13
7,Weekday,115,Grymes Hill/Clifton,Staten Island,0.13
7,Weekday,58,Country Club,Bronx,0.13
7,Weekday,64,Douglaston,Queens,0.11
7,Weekday,57,Corona,Queens,0.11
7,Weekday,128,Inwood Hill Park,Manhattan,0.09
7,Weekday,31,Bronx Park,Bronx,0.08
7,Weekday,184,Pelham Bay Park,Bronx,0.08
7,Weekday,120,Highbridge Park,Manhattan,0.08
7,Weekday,46,City Island,Bronx,0.06
7,Weekday,206,Saint George/New Brighton,Staten Island,0.06
7,Weekday,154,Marine Park/Floyd Bennett Field,Brooklyn,0.06
7,Weekday,251,Westerleigh,Staten Island,0.06
7,Weekday,176,Oakwood,Staten Island,0.06
7,Weekday,8,Astoria Park,Queens,0.05
7,Weekday,109,Great Kills,Staten Island,0.05
7,Weekday,118,Heartland Village/Todt Hill,Staten Island,0.03
7,Weekday,172,New Dorp/Midland Beach,Staten Island,0.03
7,Weekday,2,Jamaica Bay,Queens,0.03
7,Weekday,245,West Brighton,Staten Island,0.03
7,Weekday,156,Mariners Harbor,Staten Island,0.03
7,Weekday,23,Bloomfield/Emerson Hill,Staten Island,0.03
7,Weekday,187,Port Richmond,Staten Island,0.03
7,Weekday,30,Broad Channel,Queens,0.02
7,Weekday,1,Newark Airport,EWR,0.02
8,Weekday,236,Upper East Side North,Manhattan,380.11
8,Weekday,237,Upper East Side South,Manhattan,263.83
8,Weekday,186,Penn Station/Madison Sq West,Manhattan,246.77
8,Weekday,239,Upper West Side South,Manhattan,193.69
8,Weekday,162,Midtown East,Manhattan,184.77
8,Weekday,140,Lenox Hill East,Manhattan,176.55
8,Weekday,238,Upper West Side North,Manhattan,174.88
8,Weekday,141,Lenox Hill West,Manhattan,170.08
8,Weekday,142,Lincoln Square East,Manhattan,167.0
8,Weekday,262,Yorkville East,Manhattan,164.52
8,Weekday,170,Murray Hill,Manhattan,156.05
8,Weekday,263,Yorkville West,Manhattan,148.13
8,Weekday,161,Midtown Center,Manhattan,136.22
8,Weekday,107,Gramercy,Manhattan,124.0
8,Weekday,143,Lincoln Square West,Manhattan,121.45
8,Weekday,229,Sutton Place/Turtle Bay North,Manhattan,120.55
8,Weekday,48,Clinton East,Manhattan,119.19
8,Weekday,68,East Chelsea,Manhattan,108.39
8,Weekday,132,JFK Airport,Queens,106.98
8,Weekday,230,Times Sq/Theatre District,Manhattan,99.16
8,Weekday,234,Union Sq,Manhattan,97.94
8,Weekday,163,Midtown North,Manhattan,89.61
8,Weekday,249,West Village,Manhattan,89.0
8,Weekday,79,East Village,Manhattan,88.2
8,Weekday,138,LaGuardia Airport,Queens,85.67
8,Weekday,164,Midtown South,Manhattan,81.72
8,Weekday,90,Flatiron,Manhattan,79.03
8,Weekday,113,Greenwich Village North,Manhattan,74.09
8,Weekday,151,Manhattan Valley,Manhattan,72.78
8,Weekday,100,Garment District,Manhattan,70.63
8,Weekday,233,UN/Turtle Bay South,Manhattan,68.47
8,Weekday,231,TriBeCa/Civic Center,Manhattan,66.83
8,Weekday,137,Kips Bay,Manhattan,63.14
8,Weekday,43,Central Park,Manhattan,62.97
8,Weekday,75,East Harlem South,Manhattan,53.59
8,Weekday,50,Clinton West,Manhattan,53.14
8,Weekday,246,West Chelsea/Hudson Yards,Manhattan,52.16
8,Weekday,158,Meatpacking/West Village West,Manhattan,42.48
8,Weekday,13,Battery Park City,Manhattan,36.39
8,Weekday,166,Morningside Heights,Manhattan,34.02
8,Weekday,41,Central Harlem,Manhattan,33.97
8,Weekday,74,East Harlem North,Manhattan,30.59
8,Weekday,114,Greenwich Village South,Manhattan,28.73
8,Weekday,125,Hudson Sq,Manhattan,28.0
8,Weekday,87,Financial District North,Manhattan,25.55
8,Weekday,148,Lower East Side,Manhattan,24.72
8,Weekday,42,Central Harlem North,Manhattan,24.33
8,Weekday,24,Bloomingdale,Manhattan,23.7
8,Weekday,211,SoHo,Manhattan,19.8
8,Weekday,144,Little Italy/NoLiTa,Manhattan,19.66
8,Weekday,116,Hamilton Heights,Manhattan,17.64
8,Weekday,4,Alphabet City,Manhattan,15.83
8,Weekday,224,Stuy Town/Peter Cooper Village,Manhattan,14.56
8,Weekday,61,Crown Heights North,Brooklyn,13.53
8,Weekday,232,Two Bridges/Seward Park,Manhattan,13.33
8,Weekday,264,Unknown,Unknown,13.14
8,Weekday,261,World Trade Center,Manhattan,12.47
8,Weekday,76,East New York,Brooklyn,12.34
8,Weekday,70,East Elmhurst,Queens,11.53
8,Weekday,244,Washington Heights South,Manhattan,10.81
8,Weekday,226,Sunnyside,Queens,10.81
8,Weekday,7,Astoria,Queens,10.64
8,Weekday,89,Flatbush/Ditmas Park,Brooklyn,10.23
8,Weekday,39,Canarsie,Brooklyn,9.53
8,Weekday,33,Brooklyn Heights,Brooklyn,9.44
8,Weekday,188,Prospect-Lefferts Gardens,Brooklyn,8.38
8,Weekday,216,South Ozone Park,Queens,8.33
8,Weekday,35,Brownsville,Brooklyn,7.88
8,Weekday,197,Richmond Hill,Queens,7.48
8,Weekday,225,Stuyvesant Heights,Brooklyn,7.28
8,Weekday,72,East Flatbush/Remsen Village,Brooklyn,7.13
8,Weekday,152,Manhattanville,Manhattan,7.06
8,Weekday,49,Clinton Hill,Brooklyn,6.45
8,Weekday,91,Flatlands,Brooklyn,6.27
8,Weekday,177,Ocean Hill,Brooklyn,6.22
8,Weekday,97,Fort Greene,Brooklyn,6.11
8,Weekday,17,Bedford,Brooklyn,6.09
8,Weekday,71,East Flatbush/Farragut,Brooklyn,5.78
8,Weekday,65,Downtown Brooklyn/MetroTech,Brooklyn,5.77
8,Weekday,88,Financial District South,Manhattan,5.42
8,Weekday,40,Carroll Gardens,Brooklyn,5.38
8,Weekday,243,Washington Heights North,Manhattan,5.31
8,Weekday,66,DUMBO/Vinegar Hill,Brooklyn,5.3
8,Weekday,25,Boerum Hill,Brooklyn,5.3
8,Weekday,52,Cobble Hill,Brooklyn,5.28
8,Weekday,37,Bushwick South,Brooklyn,5.22
8,Weekday,215,South Jamaica,Queens,4.98
8,Weekday,181,Park Slope,Brooklyn,4.86
8,Weekday,179,Old Astoria,Queens,4.81
8,Weekday,129,Jackson Heights,Queens,4.77
8,Weekday,209,Seaport,Manhattan,4.75
8,Weekday,62,Crown Heights South,Brooklyn,4.63
8,Weekday,145,Long Island City/Hunters Point,Queens,4.53
8,Weekday,10,Baisley Park,Queens,4.52
8,Weekday,260,Woodside,Queens,4.5
8,Weekday,112,Greenpoint,Brooklyn,4.31
8,Weekday,14,Bay Ridge,Brooklyn,4.14
8,Weekday,168,Mott Haven/Port Morris,Bronx,4.06
8,Weekday,256,Williamsburg (South Side),Brooklyn,4.06
8,Weekday,95,Forest Hills,Queens,4.03
8,Weekday,45,Chinatown,Manhattan,3.98
8,Weekday,205,Saint Albans,Queens,3.94
8,Weekday,182,Parkchester,Bronx,3.89
8,Weekday,80,East Williamsburg,Brooklyn,3.84
8,Weekday,213,Soundview/Castle Hill,Bronx,3.75
8,Weekday,258,Woodhaven,Queens,3.72
8,Weekday,130,Jamaica,Queens,3.61
8,Weekday,146,Long Island City/Queens Plaza,Queens,3.61
8,Weekday,69,East Concourse/Concourse Village,Bronx,3.5
8,Weekday,77,East New York/Pennsylvania Avenue,Brooklyn,3.41
8,Weekday,254,Williamsbridge/Olinville,Bronx,3.41
8,Weekday,85,Erasmus,Brooklyn,3.28
8,Weekday,133,Kensington,Brooklyn,3.23
8,Weekday,247,West Concourse,Bronx,3.05
8,Weekday,212,Soundview/Bruckner,Bronx,3.05
8,Weekday,63,Cypress Hills,Brooklyn,3.02
8,Weekday,193,Queensbridge/Ravenswood,Queens,2.94
8,Weekday,248,West Farms/Bronx River,Bronx,2.91
8,Weekday,222,Starrett City,Brooklyn,2.86
8,Weekday,255,Williamsburg (North Side),Brooklyn,2.84
8,Weekday,82,Elmhurst,Queens,2.77
8,Weekday,189,Prospect Heights,Brooklyn,2.64
8,Weekday,235,University Heights/Morris Heights,Bronx,2.63
8,Weekday,56,Corona,Queens,2.56
8,Weekday,198,Ridgewood,Queens,2.55
8,Weekday,167,Morrisania/Melrose,Bronx,2.53
8,Weekday,165,Midwood,Brooklyn,2.52
8,Weekday,55,Coney Island,Brooklyn,2.5
8,Weekday,169,Mount Hope,Bronx,2.44
8,Weekday,241,Van Cortlandt Village,Bronx,2.42
8,Weekday,228,Sunset Park West,Brooklyn,2.39
8,Weekday,157,Maspeth,Queens,2.31
8,Weekday,223,Steinway,Queens,2.28
8,Weekday,159,Melrose South,Bronx,2.28
8,Weekday,26,Borough Park,Brooklyn,2.27
8,Weekday,218,Springfield Gardens North,Queens,2.17
8,Weekday,191,Queens Village,Queens,2.16
8,Weekday,119,Highbridge,Bronx,2.11
8,Weekday,28,Briarwood/Jamaica Hills,Queens,2.08
8,Weekday,259,Woodlawn/Wakefield,Bronx,2.08
8,Weekday,36,Bushwick North,Brooklyn,2.0
8,Weekday,78,East Tremont,Bronx,1.95
8,Weekday,250,Westchester Village/Unionport,Bronx,1.95
8,Weekday,18,Bedford Park,Bronx,1.94
8,Weekday,51,Co-Op City,Bronx,1.88
8,Weekday,210,Sheepshead Bay,Brooklyn,1.88
8,Weekday,134,Kew Gardens,Queens,1.86
8,Weekday,117,Hammels/Arverne,Queens,1.84
8,Weekday,155,Marine Park/Mill Basin,Brooklyn,1.8
8,Weekday,126,Hunts Point,Bronx,1.78
8,Weekday,86,Far Rockaway,Queens,1.78
8,Weekday,196,Rego Park,Queens,1.75
8,Weekday,83,Elmhurst/Maspeth,Queens,1.75
8,Weekday,60,Crotona Park East,Bronx,1.73
8,Weekday,160,Middle Village,Queens,1.72
8,Weekday,195,Red Hook,Brooklyn,1.72
8,Weekday,22,Bensonhurst West,Brooklyn,1.72
8,Weekday,127,Inwood,Manhattan,1.69
8,Weekday,81,Eastchester,Bronx,1.61
8,Weekday,47,Claremont/Bathgate,Bronx,1.61
8,Weekday,54,Columbia Street,Brooklyn,1.58
8,Weekday,123,Homecrest,Brooklyn,1.53
8,Weekday,131,Jamaica Estates,Queens,1.52
8,Weekday,219,Springfield Gardens South,Queens,1.5
8,Weekday,227,Sunset Park East,Brooklyn,1.48
8,Weekday,102,Glendale,Queens,1.47
8,Weekday,208,Schuylerville/Edgewater Park,Bronx,1.45
8,Weekday,147,Longwood,Bronx,1.39
8,Weekday,149,Madison,Brooklyn,1.38
8,Weekday,108,Gravesend,Brooklyn,1.36
8,Weekday,136,Kingsbridge Heights,Bronx,1.36
8,Weekday,21,Bensonhurst East,Brooklyn,1.34
8,Weekday,257,Windsor Terrace,Brooklyn,1.3
8,Weekday,135,Kew Gardens Hills,Queens,1.3
8,Weekday,122,Hollis,Queens,1.25
8,Weekday,185,Pelham Parkway,Bronx,1.2
8,Weekday,217,South Williamsburg,Brooklyn,1.13
8,Weekday,32,Bronxdale,Bronx,1.13
8,Weekday,173,North Corona,Queens,1.13
8,Weekday,242,Van Nest/Morris Park,Bronx,1.09
8,Weekday,139,Laurelton,Queens,1.09
8,Weekday,3,Allerton/Pelham Gardens,Bronx,1.09
8,Weekday,174,Norwood,Bronx,1.06
8,Weekday,106,Gowanus,Brooklyn,1.06
8,Weekday,92,Flushing,Queens,1.05
8,Weekday,121,Hillcrest/Pomonok,Queens,1.03
8,Weekday,67,Dyker Heights,Brooklyn,1.0
8,Weekday,203,Rosedale,Queens,0.98
8,Weekday,180,Ozone Park,Queens,0.95
8,Weekday,178,Ocean Parkway South,Brooklyn,0.95
8,Weekday,220,Spuyten Duyvil/Kingsbridge,Bronx,0.88
8,Weekday,94,Fordham South,Bronx,0.86
8,Weekday,171,Murray Hill-Queens,Queens,0.83
8,Weekday,20,Belmont,Bronx,0.83
8,Weekday,38,Cambria Heights,Queens,0.8
8,Weekday,124,Howard Beach,Queens,0.8
8,Weekday,11,Bath Beach,Brooklyn,0.73
8,Weekday,29,Brighton Beach,Brooklyn,0.67
8,Weekday,252,Whitestone,Queens,0.63
8,Weekday,19,Bellerose,Queens,0.61
8,Weekday,200,Riverdale/North Riverdale/Fieldston,Bronx,0.55
8,Weekday,16,Bayside,Queens,0.52
8,Weekday,12,Battery Park,Manhattan,0.48
8,Weekday,150,Manhattan Beach,Brooklyn,0.44
8,Weekday,53,College Point,Queens,0.44
8,Weekday,175,Oakland Gardens,Queens,0.42
8,Weekday,101,Glen Oaks,Queens,0.42
8,Weekday,240,Van Cortlandt Park,Bronx,0.38
8,Weekday,93,Flushing Meadows-Corona Park,Queens,0.38
8,Weekday,73,East Flushing,Queens,0.38
8,Weekday,183,Pelham Bay,Bronx,0.36
8,Weekday,34,Brooklyn Navy Yard,Brooklyn,0.34
8,Weekday,202,Roosevelt Island,Manhattan,0.31
8,Weekday,9,Auburndale,Queens,0.31
8,Weekday,265,Outside NYC,Unknown,0.31
8,Weekday,192,Queensboro Hill,Queens,0.31
8,Weekday,201,Rockaway Park,Queens,0.3
8,Weekday,190,Prospect Park,Brooklyn,0.3
8,Weekday,6,Arrochar/Fort Wadsworth,Staten Island,0.28
8,Weekday,98,Fresh Meadows,Queens,0.27
8,Weekday,64,Douglaston,Queens,0.23
8,Weekday,115,Grymes Hill/Clifton,Staten Island,0.2
8,Weekday,194,Randalls Island,Manhattan,0.2
8,Weekday,153,Marble Hill,Manhattan,0.19
8,Weekday,31,Bronx Park,Bronx,0.19
8,Weekday,221,Stapleton,Staten Island,0.17
8,Weekday,15,Bay Terrace/Fort Totten,Queens,0.17
8,Weekday,172,New Dorp/Midland Beach,Staten Island,0.16
8,Weekday,214,South Beach/Dongan Hills,Staten Island,0.11
8,Weekday,58,Country Club,Bronx,0.09
8,Weekday,128,Inwood Hill Park,Manhattan,0.08
8,Weekday,120,Highbridge Park,Manhattan,0.08
8,Weekday,96,Forest Park/Highland Park,Queens,0.08
8,Weekday,8,Astoria Park,Queens,0.06
8,Weekday,57,Corona,Queens,0.06
8,Weekday,207,Saint Michaels Cemetery/Woodside,Queens,0.06
8,Weekday,156,Mariners Harbor,Staten Island,0.05
8,Weekday,184,Pelham Bay Park,Bronx,0.05
8,Weekday,206,Saint George/New Brighton,Staten Island,0.05
8,Weekday,253,Willets Point,Queens,0.05
8,Weekday,30,Broad Channel,Queens,0.05
8,Weekday,154,Marine Park/Floyd Bennett Field,Brooklyn,0.03
8,Weekday,251,Westerleigh,Staten Island,0.03
8,Weekday,118,Heartland Village/Todt Hill,Staten Island,0.03
8,Weekday,187,Port Richmond,Staten Island,0.02
8,Weekday,59,Crotona Park,Bronx,0.02
8,Weekday,84,Eltingville/Annadale/Prince's Bay,Staten Island,0.02
8,Weekday,245,West Brighton,Staten Island,0.02
8,Weekday,46,City Island,Bronx,0.02
9,Weekday,236,Upper East Side North,Manhattan,361.05
9,Weekday,237,Upper East Side South,Manhattan,291.78
9,Weekday,186,Penn Station/Madison Sq West,Manhattan,255.47
9,Weekday,162,Midtown East,Manhattan,201.33
9,Weekday,239,Upper West Side South,Manhattan,182.63
9,Weekday,161,Midtown Center,Manhattan,181.64
9,Weekday,170,Murray Hill,Manhattan,169.27
9,Weekday,238,Upper West Side North,Manhattan,164.67
9,Weekday,140,Lenox Hill East,Manhattan,161.63
9,Weekday,262,Yorkville East,Manhattan,155.61
9,Weekday,142,Lincoln Square East,Manhattan,154.98
9,Weekday,141,Lenox Hill West,Manhattan,152.75
9,Weekday,138,LaGuardia Airport,Queens,144.55
9,Weekday,263,Yorkville West,Manhattan,134.86
9,Weekday,68,East Chelsea,Manhattan,127.23
9,Weekday,230,Times Sq/Theatre District,Manhattan,124.17
9,Weekday,107,Gramercy,Manhattan,122.13
9,Weekday,229,Sutton Place/Turtle Bay North,Manhattan,114.33
9,Weekday,48,Clinton East,Manhattan,112.2
9,Weekday,143,Lincoln Square West,Manhattan,109.7
9,Weekday,163,Midtown North,Manhattan,106.47
9,Weekday,234,Union Sq,Manhattan,101.75
9,Weekday,132,JFK Airport,Queens,101.38
9,Weekday,164,Midtown South,Manhattan,87.08
9,Weekday,79,East Village,Manhattan,86.25
9,Weekday,90,Flatiron,Manhattan,79.58
9,Weekday,249,West Village,Manhattan,78.94
9,Weekday,100,Garment District,Manhattan,73.77
9,Weekday,43,Central Park,Manhattan,71.3
9,Weekday,113,Greenwich Village North,Manhattan,69.88
9,Weekday,233,UN/Turtle Bay South,Manhattan,67.72
9,Weekday,151,Manhattan Valley,Manhattan,62.94
9,Weekday,137,Kips Bay,Manhattan,57.17
9,Weekday,231,TriBeCa/Civic Center,Manhattan,56.14
9,Weekday,246,West Chelsea/Hudson Yards,Manhattan,54.48
9,Weekday,75,East Harlem South,Manhattan,45.56
9,Weekday,50,Clinton West,Manhattan,43.91
9,Weekday,158,Meatpacking/West Village West,Manhattan,29.25
9,Weekday,13,Battery Park City,Manhattan,29.25
9,Weekday,166,Morningside Heights,Manhattan,27.03
9,Weekday,114,Greenwich Village South,Manhattan,25.14
9,Weekday,125,Hudson Sq,Manhattan,23.59
9,Weekday,87,Financial District North,Manhattan,23.48
9,Weekday,148,Lower East Side,Manhattan,21.61
9,Weekday,24,Bloomingdale,Manhattan,19.63
9,Weekday,41,Central Harlem,Manhattan,18.84
9,Weekday,74,East Harlem North,Manhattan,18.0
9,Weekday,70,East Elmhurst,Queens,17.7
9,Weekday,211,SoHo,Manhattan,17.48
9,Weekday,144,Little Italy/NoLiTa,Manhattan,16.8
9,Weekday,224,Stuy Town/Peter Cooper Village,Manhattan,15.41
9,Weekday,4,Alphabet City,Manhattan,14.33
9,Weekday,261,World Trade Center,Manhattan,13.58
9,Weekday,264,Unknown,Unknown,12.14
9,Weekday,232,Two Bridges/Seward Park,Manhattan,11.69
9,Weekday,42,Central Harlem North,Manhattan,11.34
9,Weekday,61,Crown Heights North,Brooklyn,10.73
9,Weekday,76,East New York,Brooklyn,7.95
9,Weekday,116,Hamilton Heights,Manhattan,7.02
9,Weekday,39,Canarsie,Brooklyn,6.98
9,Weekday,188,Prospect-Lefferts Gardens,Brooklyn,6.28
9,Weekday,45,Chinatown,Manhattan,6.2
9,Weekday,88,Financial District South,Manhattan,6.19
9,Weekday,225,Stuyvesant Heights,Brooklyn,5.8
9,Weekday,244,Washington Heights South,Manhattan,5.78
9,Weekday,33,Brooklyn Heights,Brooklyn,5.66
9,Weekday,89,Flatbush/Ditmas Park,Brooklyn,5.58
9,Weekday,7,Astoria,Queens,5.52
9,Weekday,17,Bedford,Brooklyn,5.17
9,Weekday,226,Sunnyside,Queens,5.13
9,Weekday,91,Flatlands,Brooklyn,4.81
9,Weekday,152,Manhattanville,Manhattan,4.78
9,Weekday,72,East Flatbush/Remsen Village,Brooklyn,4.75
9,Weekday,209,Seaport,Manhattan,4.73
9,Weekday,35,Brownsville,Brooklyn,4.5
9,Weekday,37,Bushwick South,Brooklyn,4.47
9,Weekday,216,South Ozone Park,Queens,4.28
9,Weekday,65,Downtown Brooklyn/MetroTech,Brooklyn,4.27
9,Weekday,49,Clinton Hill,Brooklyn,4.25
9,Weekday,97,Fort Greene,Brooklyn,4.06
9,Weekday,177,Ocean Hill,Brooklyn,4.05
9,Weekday,145,Long Island City/Hunters Point,Queens,3.98
9,Weekday,71,East Flatbush/Farragut,Brooklyn,3.92
9,Weekday,62,Crown Heights South,Brooklyn,3.83
9,Weekday,179,Old Astoria,Queens,3.44
9,Weekday,181,Park Slope,Brooklyn,3.38
9,Weekday,197,Richmond Hill,Queens,3.28
9,Weekday,25,Boerum Hill,Brooklyn,3.28
9,Weekday,256,Williamsburg (South Side),Brooklyn,3.2
9,Weekday,213,Soundview/Castle Hill,Bronx,2.89
9,Weekday,146,Long Island City/Queens Plaza,Queens,2.83
9,Weekday,129,Jackson Heights,Queens,2.81
9,Weekday,112,Greenpoint,Brooklyn,2.67
9,Weekday,243,Washington Heights North,Manhattan,2.59
9,Weekday,80,East Williamsburg,Brooklyn,2.53
9,Weekday,77,East New York/Pennsylvania Avenue,Brooklyn,2.52
9,Weekday,26,Borough Park,Brooklyn,2.41
9,Weekday,168,Mott Haven/Port Morris,Bronx,2.39
9,Weekday,215,South Jamaica,Queens,2.36
9,Weekday,66,DUMBO/Vinegar Hill,Brooklyn,2.28
9,Weekday,40,Carroll Gardens,Brooklyn,2.25
9,Weekday,52,Cobble Hill,Brooklyn,2.23
9,Weekday,254,Williamsbridge/Olinville,Bronx,2.09
9,Weekday,10,Baisley Park,Queens,2.09
9,Weekday,55,Coney Island,Brooklyn,2.08
9,Weekday,85,Erasmus,Brooklyn,2.08
9,Weekday,165,Midwood,Brooklyn,2.05
9,Weekday,222,Starrett City,Brooklyn,2.02
9,Weekday,95,Forest Hills,Queens,2.02
9,Weekday,205,Saint Albans,Queens,1.98
9,Weekday,260,Woodside,Queens,1.95
9,Weekday,130,Jamaica,Queens,1.95
9,Weekday,182,Parkchester,Bronx,1.91
9,Weekday,69,East Concourse/Concourse Village,Bronx,1.81
9,Weekday,155,Marine Park/Mill Basin,Brooklyn,1.81
9,Weekday,63,Cypress Hills,Brooklyn,1.77
9,Weekday,255,Williamsburg (North Side),Brooklyn,1.75
9,Weekday,14,Bay Ridge,Brooklyn,1.75
9,Weekday,198,Ridgewood,Queens,1.72
9,Weekday,51,Co-Op City,Bronx,1.72
9,Weekday,235,University Heights/Morris Heights,Bronx,1.69
9,Weekday,223,Steinway,Queens,1.69
9,Weekday,212,Soundview/Bruckner,Bronx,1.66
9,Weekday,247,West Concourse,Bronx,1.64
9,Weekday,119,Highbridge,Bronx,1.58
9,Weekday,82,Elmhurst,Queens,1.58
9,Weekday,133,Kensington,Brooklyn,1.55
9,Weekday,218,Springfield Gardens North,Queens,1.55
9,Weekday,193,Queensbridge/Ravenswood,Queens,1.55
9,Weekday,248,West Farms/Bronx River,Bronx,1.53
9,Weekday,258,Woodhaven,Queens,1.53
9,Weekday,210,Sheepshead Bay,Brooklyn,1.52
9,Weekday,36,Bushwick North,Brooklyn,1.48
9,Weekday,123,Homecrest,Brooklyn,1.42
9,Weekday,159,Melrose South,Bronx,1.38
9,Weekday,78,East Tremont,Bronx,1.38
9,Weekday,22,Bensonhurst West,Brooklyn,1.34
9,Weekday,217,South Williamsburg,Brooklyn,1.34
9,Weekday,195,Red Hook,Brooklyn,1.33
9,Weekday,167,Morrisania/Melrose,Bronx,1.31
9,Weekday,189,Prospect Heights,Brooklyn,1.3
9,Weekday,81,Eastchester,Bronx,1.25
9,Weekday,56,Corona,Queens,1.23
9,Weekday,157,Maspeth,Queens,1.23
9,Weekday,21,Bensonhurst East,Brooklyn,1.23
9,Weekday,191,Queens Village,Queens,1.23
9,Weekday,117,Hammels/Arverne,Queens,1.2
9,Weekday,259,Woodlawn/Wakefield,Bronx,1.14
9,Weekday,241,Van Cortlandt Village,Bronx,1.14
9,Weekday,228,Sunset Park West,Brooklyn,1.13
9,Weekday,169,Mount Hope,Bronx,1.11
9,Weekday,106,Gowanus,Brooklyn,1.08
9,Weekday,18,Bedford Park,Bronx,1.08
9,Weekday,47,Claremont/Bathgate,Bronx,1.06
9,Weekday,86,Far Rockaway,Queens,1.03
9,Weekday,196,Rego Park,Queens,1.0
9,Weekday,250,Westchester Village/Unionport,Bronx,0.98
9,Weekday,127,Inwood,Manhattan,0.92
9,Weekday,178,Ocean Parkway South,Brooklyn,0.92
9,Weekday,28,Briarwood/Jamaica Hills,Queens,0.92
9,Weekday,136,Kingsbridge Heights,Bronx,0.86
9,Weekday,108,Gravesend,Brooklyn,0.81
9,Weekday,126,Hunts Point,Bronx,0.8
9,Weekday,60,Crotona Park East,Bronx,0.8
9,Weekday,227,Sunset Park East,Brooklyn,0.78
9,Weekday,160,Middle Village,Queens,0.75
9,Weekday,29,Brighton Beach,Brooklyn,0.72
9,Weekday,83,Elmhurst/Maspeth,Queens,0.72
9,Weekday,208,Schuylerville/Edgewater Park,Bronx,0.72
9,Weekday,19,Bellerose,Queens,0.7
9,Weekday,131,Jamaica Estates,Queens,0.7
9,Weekday,135,Kew Gardens Hills,Queens,0.69
9,Weekday,102,Glendale,Queens,0.69
9,Weekday,219,Springfield Gardens South,Queens,0.69
9,Weekday,173,North Corona,Queens,0.69
9,Weekday,174,Norwood,Bronx,0.67
9,Weekday,242,Van Nest/Morris Park,Bronx,0.67
9,Weekday,180,Ozone Park,Queens,0.64
9,Weekday,67,Dyker Heights,Brooklyn,0.64
9,Weekday,124,Howard Beach,Queens,0.63
9,Weekday,20,Belmont,Bronx,0.63
9,Weekday,32,Bronxdale,Bronx,0.61
9,Weekday,54,Columbia Street,Brooklyn,0.61
9,Weekday,121,Hillcrest/Pomonok,Queens,0.61
9,Weekday,220,Spuyten Duyvil/Kingsbridge,Bronx,0.58
9,Weekday,12,Battery Park,Manhattan,0.58
9,Weekday,149,Madison,Brooklyn,0.56
9,Weekday,134,Kew Gardens,Queens,0.55
9,Weekday,92,Flushing,Queens,0.55
9,Weekday,53,College Point,Queens,0.55
9,Weekday,257,Windsor Terrace,Brooklyn,0.55
9,Weekday,11,Bath Beach,Brooklyn,0.52
9,Weekday,147,Longwood,Bronx,0.52
9,Weekday,265,Outside NYC,Unknown,0.52
9,Weekday,38,Cambria Heights,Queens,0.5
9,Weekday,94,Fordham South,Bronx,0.48
9,Weekday,203,Rosedale,Queens,0.48
9,Weekday,139,Laurelton,Queens,0.48
9,Weekday,200,Riverdale/North Riverdale/Fieldston,Bronx,0.45
9,Weekday,3,Allerton/Pelham Gardens,Bronx,0.44
9,Weekday,122,Hollis,Queens,0.38
9,Weekday,201,Rockaway Park,Queens,0.38
9,Weekday,93,Flushing Meadows-Corona Park,Queens,0.36
9,Weekday,190,Prospect Park,Brooklyn,0.34
9,Weekday,185,Pelham Parkway,Bronx,0.33
9,Weekday,202,Roosevelt Island,Manhattan,0.31
9,Weekday,252,Whitestone,Queens,0.27
9,Weekday,98,Fresh Meadows,Queens,0.25
9,Weekday,9,Auburndale,Queens,0.25
9,Weekday,183,Pelham Bay,Bronx,0.23
9,Weekday,192,Queensboro Hill,Queens,0.23
9,Weekday,175,Oakland Gardens,Queens,0.23
9,Weekday,64,Douglaston,Queens,0.22
9,Weekday,171,Murray Hill-Queens,Queens,0.22
9,Weekday,153,Marble Hill,Manhattan,0.19
9,Weekday,101,Glen Oaks,Queens,0.17
9,Weekday,207,Saint Michaels Cemetery/Woodside,Queens,0.17
9,Weekday,16,Bayside,Queens,0.16
9,Weekday,150,Manhattan Beach,Brooklyn,0.16
9,Weekday,34,Brooklyn Navy Yard,Brooklyn,0.14
9,Weekday,73,East Flushing,Queens,0.13
9,Weekday,15,Bay Terrace/Fort Totten,Queens,0.13
9,Weekday,194,Randalls Island,Manhattan,0.11
9,Weekday,31,Bronx Park,Bronx,0.11
9,Weekday,6,Arrochar/Fort Wadsworth,Staten Island,0.09
9,Weekday,57,Corona,Queens,0.08
9,Weekday,46,City Island,Bronx,0.06
9,Weekday,240,Van Cortlandt Park,Bronx,0.06
9,Weekday,96,Forest Park/Highland Park,Queens,0.05
9,Weekday,184,Pelham Bay Park,Bronx,0.05
9,Weekday,128,Inwood Hill Park,Manhattan,0.05
9,Weekday,58,Country Club,Bronx,0.05
9,Weekday,120,Highbridge Park,Manhattan,0.05
9,Weekday,59,Crotona Park,Bronx,0.03
9,Weekday,8,Astoria Park,Queens,0.03
9,Weekday,253,Willets Point,Queens,0.02
9,Weekday,1,Newark Airport,EWR,0.02
9,Weekday,23,Bloomfield/Emerson Hill,Staten Island,0.02
9,Weekday,187,Port Richmond,Staten Island,0.02
9,Weekday,199,Rikers Island,Bronx,0.02
9,Weekday,115,Grymes Hill/Clifton,Staten Island,0.02
9,Weekday,214,South Beach/Dongan Hills,Staten Island,0.02
9,Weekday,109,Great Kills,Staten Island,0.02
9,Weekday,176,Oakwood,Staten Island,0.02
9,Weekday,154,Marine Park/Floyd Bennett Field,Brooklyn,0.02
10,Weekday,236,Upper East Side North,Manhattan,335.77
10,Weekday,237,Upper East Side South,Manhattan,309.08
10,Weekday,186,Penn Station/Madison Sq West,Manhattan,216.13
10,Weekday,161,Midtown Center,Manhattan,213.2
10,Weekday,138,LaGuardia Airport,Queens,190.11
10,Weekday,162,Midtown East,Manhattan,182.98
10,Weekday,239,Upper West Side South,Manhattan,172.11
10,Weekday,170,Murray Hill,Manhattan,169.25
10,Weekday,140,Lenox Hill East,Manhattan,159.84
10,Weekday,142,Lincoln Square East,Manhattan,158.3
10,Weekday,141,Lenox Hill West,Manhattan,148.14
10,Weekday,238,Upper West Side North,Manhattan,146.06
10,Weekday,230,Times Sq/Theatre District,Manhattan,140.47
10,Weekday,163,Midtown North,Manhattan,133.19
10,Weekday,68,East Chelsea,Manhattan,126.86
10,Weekday,262,Yorkville East,Manhattan,121.19
10,Weekday,132,JFK Airport,Queens,118.28
10,Weekday,263,Yorkville West,Manhattan,113.39
10,Weekday,234,Union Sq,Manhattan,110.72
10,Weekday,229,Sutton Place/Turtle Bay North,Manhattan,109.88
10,Weekday,48,Clinton East,Manhattan,102.03
10,Weekday,107,Gramercy,Manhattan,94.84
10,Weekday,164,Midtown South,Manhattan,94.78
10,Weekday,43,Central Park,Manhattan,85.3
10,Weekday,143,Lincoln Square West,Manhattan,84.16
10,Weekday,90,Flatiron,Manhattan,71.16
10,Weekday,100,Garment District,Manhattan,70.38
10,Weekday,233,UN/Turtle Bay South,Manhattan,69.41
10,Weekday,113,Greenwich Village North,Manhattan,61.88
10,Weekday,246,West Chelsea/Hudson Yards,Manhattan,61.53
10,Weekday,249,West Village,Manhattan,60.5
10,Weekday,231,TriBeCa/Civic Center,Manhattan,59.66
10,Weekday,137,Kips Bay,Manhattan,58.59
10,Weekday,151,Manhattan Valley,Manhattan,57.86
10,Weekday,79,East Village,Manhattan,57.84
10,Weekday,75,East Harlem South,Manhattan,41.91
10,Weekday,50,Clinton West,Manhattan,35.34
10,Weekday,114,Greenwich Village South,Manhattan,26.11
10,Weekday,13,Battery Park City,Manhattan,25.92
10,Weekday,158,Meatpacking/West Village West,Manhattan,25.47
10,Weekday,166,Morningside Heights,Manhattan,24.81
10,Weekday,125,Hudson Sq,Manhattan,22.05
10,Weekday,211,SoHo,Manhattan,19.91
10,Weekday,144,Little Italy/NoLiTa,Manhattan,18.63
10,Weekday,24,Bloomingdale,Manhattan,18.02
10,Weekday,87,Financial District North,Manhattan,17.53
10,Weekday,261,World Trade Center,Manhattan,17.3
10,Weekday,70,East Elmhurst,Queens,16.72
10,Weekday,148,Lower East Side,Manhattan,15.41
10,Weekday,41,Central Harlem,Manhattan,13.45
10,Weekday,74,East Harlem North,Manhattan,13.13
10,Weekday,264,Unknown,Unknown,11.42
10,Weekday,224,Stuy Town/Peter Cooper Village,Manhattan,11.08
10,Weekday,88,Financial District South,Manhattan,8.8
10,Weekday,42,Central Harlem North,Manhattan,8.2
10,Weekday,45,Chinatown,Manhattan,6.81
10,Weekday,4,Alphabet City,Manhattan,6.72
10,Weekday,61,Crown Heights North,Brooklyn,6.69
10,Weekday,76,East New York,Brooklyn,5.89
10,Weekday,209,Seaport,Manhattan,5.45
10,Weekday,232,Two Bridges/Seward Park,Manhattan,5.22
10,Weekday,244,Washington Heights South,Manhattan,5.06
10,Weekday,39,Canarsie,Brooklyn,5.02
10,Weekday,226,Sunnyside,Queens,4.86
10,Weekday,188,Prospect-Lefferts Gardens,Brooklyn,4.55
10,Weekday,7,Astoria,Queens,4.14
10,Weekday,116,Hamilton Heights,Manhattan,3.98
10,Weekday,72,East Flatbush/Remsen Village,Brooklyn,3.92
10,Weekday,89,Flatbush/Ditmas Park,Brooklyn,3.81
10,Weekday,35,Brownsville,Brooklyn,3.8
10,Weekday,33,Brooklyn Heights,Brooklyn,3.63
10,Weekday,225,Stuyvesant Heights,Brooklyn,3.31
10,Weekday,17,Bedford,Brooklyn,3.23
10,Weekday,146,Long Island City/Queens Plaza,Queens,3.23
10,Weekday,97,Fort Greene,Brooklyn,3.22
10,Weekday,179,Old Astoria,Queens,3.0
10,Weekday,91,Flatlands,Brooklyn,3.0
10,Weekday,65,Downtown Brooklyn/MetroTech,Brooklyn,2.95
10,Weekday,177,Ocean Hill,Brooklyn,2.92
10,Weekday,152,Manhattanville,Manhattan,2.89
10,Weekday,181,Park Slope,Brooklyn,2.83
10,Weekday,216,South Ozone Park,Queens,2.81
10,Weekday,37,Bushwick South,Brooklyn,2.73
10,Weekday,25,Boerum Hill,Brooklyn,2.61
10,Weekday,145,Long Island City/Hunters Point,Queens,2.42
10,Weekday,62,Crown Heights South,Brooklyn,2.41
10,Weekday,49,Clinton Hill,Brooklyn,2.36
10,Weekday,197,Richmond Hill,Queens,2.34
10,Weekday,26,Borough Park,Brooklyn,2.25
10,Weekday,129,Jackson Heights,Queens,2.22
10,Weekday,71,East Flatbush/Farragut,Brooklyn,2.19
10,Weekday,55,Coney Island,Brooklyn,2.09
10,Weekday,222,Starrett City,Brooklyn,1.86
10,Weekday,260,Woodside,Queens,1.8
10,Weekday,168,Mott Haven/Port Morris,Bronx,1.8
10,Weekday,85,Erasmus,Brooklyn,1.8
10,Weekday,77,East New York/Pennsylvania Avenue,Brooklyn,1.77
10,Weekday,14,Bay Ridge,Brooklyn,1.75
10,Weekday,63,Cypress Hills,Brooklyn,1.7
10,Weekday,193,Queensbridge/Ravenswood,Queens,1.7
10,Weekday,215,South Jamaica,Queens,1.67
10,Weekday,95,Forest Hills,Queens,1.63
10,Weekday,130,Jamaica,Queens,1.59
10,Weekday,69,East Concourse/Concourse Village,Bronx,1.59
10,Weekday,223,Steinway,Queens,1.59
10,Weekday,256,Williamsburg (South Side),Brooklyn,1.55
10,Weekday,10,Baisley Park,Queens,1.48
10,Weekday,165,Midwood,Brooklyn,1.47
10,Weekday,155,Marine Park/Mill Basin,Brooklyn,1.44
10,Weekday,243,Washington Heights North,Manhattan,1.41
10,Weekday,254,Williamsbridge/Olinville,Bronx,1.34
10,Weekday,66,DUMBO/Vinegar Hill,Brooklyn,1.33
10,Weekday,22,Bensonhurst West,Brooklyn,1.3
10,Weekday,52,Cobble Hill,Brooklyn,1.27
10,Weekday,210,Sheepshead Bay,Brooklyn,1.27
10,Weekday,235,University Heights/Morris Heights,Bronx,1.25
10,Weekday,51,Co-Op City,Bronx,1.25
10,Weekday,205,Saint Albans,Queens,1.23
10,Weekday,213,Soundview/Castle Hill,Bronx,1.23
10,Weekday,112,Greenpoint,Brooklyn,1.2
10,Weekday,247,West Concourse,Bronx,1.14
10,Weekday,117,Hammels/Arverne,Queens,1.05
10,Weekday,80,East Williamsburg,Brooklyn,1.05
10,Weekday,82,Elmhurst,Queens,1.03
10,Weekday,182,Parkchester,Bronx,1.03
10,Weekday,40,Carroll Gardens,Brooklyn,1.03
10,Weekday,212,Soundview/Bruckner,Bronx,1.02
10,Weekday,159,Melrose South,Bronx,1.0
10,Weekday,258,Woodhaven,Queens,1.0
10,Weekday,228,Sunset Park West,Brooklyn,0.98
10,Weekday,133,Kensington,Brooklyn,0.98
10,Weekday,36,Bushwick North,Brooklyn,0.98
10,Weekday,218,Springfield Gardens North,Queens,0.94
10,Weekday,134,Kew Gardens,Queens,0.92
10,Weekday,259,Woodlawn/Wakefield,Bronx,0.92
10,Weekday,108,Gravesend,Brooklyn,0.92
10,Weekday,167,Morrisania/Melrose,Bronx,0.91
10,Weekday,189,Prospect Heights,Brooklyn,0.91
10,Weekday,78,East Tremont,Bronx,0.91
10,Weekday,195,Red Hook,Brooklyn,0.89
10,Weekday,217,South Williamsburg,Brooklyn,0.86
10,Weekday,21,Bensonhurst East,Brooklyn,0.84
10,Weekday,191,Queens Village,Queens,0.84
10,Weekday,219,Springfield Gardens South,Queens,0.83
10,Weekday,28,Briarwood/Jamaica Hills,Queens,0.81
10,Weekday,83,Elmhurst/Maspeth,Queens,0.8
10,Weekday,86,Far Rockaway,Queens,0.8
10,Weekday,123,Homecrest,Brooklyn,0.77
10,Weekday,198,Ridgewood,Queens,0.77
10,Weekday,169,Mount Hope,Bronx,0.77
10,Weekday,157,Maspeth,Queens,0.75
10,Weekday,29,Brighton Beach,Brooklyn,0.73
10,Weekday,174,Norwood,Bronx,0.72
10,Weekday,119,Highbridge,Bronx,0.7
10,Weekday,124,Howard Beach,Queens,0.69
10,Weekday,12,Battery Park,Manhattan,0.69
10,Weekday,250,Westchester Village/Unionport,Bronx,0.69
10,Weekday,81,Eastchester,Bronx,0.69
10,Weekday,242,Van Nest/Morris Park,Bronx,0.69
10,Weekday,18,Bedford Park,Bronx,0.67
10,Weekday,196,Rego Park,Queens,0.66
10,Weekday,227,Sunset Park East,Brooklyn,0.64
10,Weekday,136,Kingsbridge Heights,Bronx,0.64
10,Weekday,241,Van Cortlandt Village,Bronx,0.64
10,Weekday,47,Claremont/Bathgate,Bronx,0.64
10,Weekday,67,Dyker Heights,Brooklyn,0.64
10,Weekday,149,Madison,Brooklyn,0.63
10,Weekday,92,Flushing,Queens,0.63
10,Weekday,127,Inwood,Manhattan,0.63
10,Weekday,131,Jamaica Estates,Queens,0.63
10,Weekday,255,Williamsburg (North Side),Brooklyn,0.61
10,Weekday,56,Corona,Queens,0.59
10,Weekday,220,Spuyten Duyvil/Kingsbridge,Bronx,0.56
10,Weekday,121,Hillcrest/Pomonok,Queens,0.56
10,Weekday,20,Belmont,Bronx,0.55
10,Weekday,126,Hunts Point,Bronx,0.52
10,Weekday,248,West Farms/Bronx River,Bronx,0.5
10,Weekday,208,Schuylerville/Edgewater Park,Bronx,0.5
10,Weekday,160,Middle Village,Queens,0.48
10,Weekday,32,Bronxdale,Bronx,0.47
10,Weekday,19,Bellerose,Queens,0.47
10,Weekday,106,Gowanus,Brooklyn,0.47
10,Weekday,139,Laurelton,Queens,0.47
10,Weekday,11,Bath Beach,Brooklyn,0.45
10,Weekday,60,Crotona Park East,Bronx,0.44
10,Weekday,147,Longwood,Bronx,0.42
10,Weekday,203,Rosedale,Queens,0.42
10,Weekday,98,Fresh Meadows,Queens,0.41
10,Weekday,178,Ocean Parkway South,Brooklyn,0.41
10,Weekday,200,Riverdale/North Riverdale/Fieldston,Bronx,0.39
10,Weekday,202,Roosevelt Island,Manhattan,0.39
10,Weekday,257,Windsor Terrace,Brooklyn,0.39
10,Weekday,122,Hollis,Queens,0.36
10,Weekday,135,Kew Gardens Hills,Queens,0.34
10,Weekday,38,Cambria Heights,Queens,0.34
10,Weekday,102,Glendale,Queens,0.33
10,Weekday,173,North Corona,Queens,0.33
10,Weekday,93,Flushing Meadows-Corona Park,Queens,0.31
10,Weekday,201,Rockaway Park,Queens,0.31
10,Weekday,53,College Point,Queens,0.3
10,Weekday,185,Pelham Parkway,Bronx,0.3
10,Weekday,3,Allerton/Pelham Gardens,Bronx,0.28
10,Weekday,265,Outside NYC,Unknown,0.28
10,Weekday,150,Manhattan Beach,Brooklyn,0.28
10,Weekday,180,Ozone Park,Queens,0.27
10,Weekday,15,Bay Terrace/Fort Totten,Queens,0.25
10,Weekday,54,Columbia Street,Brooklyn,0.23
10,Weekday,94,Fordham South,Bronx,0.22
10,Weekday,34,Brooklyn Navy Yard,Brooklyn,0.22
10,Weekday,194,Randalls Island,Manhattan,0.22
10,Weekday,192,Queensboro Hill,Queens,0.19
10,Weekday,252,Whitestone,Queens,0.19
10,Weekday,207,Saint Michaels Cemetery/Woodside,Queens,0.16
10,Weekday,190,Prospect Park,Brooklyn,0.16
10,Weekday,171,Murray Hill-Queens,Queens,0.16
10,Weekday,9,Auburndale,Queens,0.16
10,Weekday,101,Glen Oaks,Queens,0.13
10,Weekday,16,Bayside,Queens,0.11
10,Weekday,183,Pelham Bay,Bronx,0.11
10,Weekday,64,Douglaston,Queens,0.11
10,Weekday,153,Marble Hill,Manhattan,0.11
10,Weekday,175,Oakland Gardens,Queens,0.11
10,Weekday,46,City Island,Bronx,0.09
10,Weekday,253,Willets Point,Queens,0.08
10,Weekday,6,Arrochar/Fort Wadsworth,Staten Island,0.06
10,Weekday,31,Bronx Park,Bronx,0.06
10,Weekday,8,Astoria Park,Queens,0.06
10,Weekday,154,Marine Park/Floyd Bennett Field,Brooklyn,0.06
10,Weekday,2,Jamaica Bay,Queens,0.05
10,Weekday,118,Heartland Village/Todt Hill,Staten Island,0.05
10,Weekday,59,Crotona Park,Bronx,0.05
10,Weekday,73,East Flushing,Queens,0.05
10,Weekday,57,Corona,Queens,0.05
10,Weekday,120,Highbridge Park,Manhattan,0.05
10,Weekday,23,Bloomfield/Emerson Hill,Staten Island,0.03
10,Weekday,221,Stapleton,Staten Island,0.03
10,Weekday,1,Newark Airport,EWR,0.03
10,Weekday,27,Breezy Point/Fort Tilden/Riis Beach,Queens,0.03
10,Weekday,156,Mariners Harbor,Staten Island,0.03
10,Weekday,240,Van Cortlandt Park,Bronx,0.03
10,Weekday,58,Country Club,Bronx,0.03
10,Weekday,128,Inwood Hill Park,Manhattan,0.03
10,Weekday,96,Forest Park/Highland Park,Queens,0.02
10,Weekday,184,Pelham Bay Park,Bronx,0.02
10,Weekday,30,Broad Channel,Queens,0.02
10,Weekday,206,Saint George/New Brighton,Staten Island,0.02
10,Weekday,115,Grymes Hill/Clifton,Staten Island,0.02
11,Weekday,237,Upper East Side South,Manhattan,349.05
11,Weekday,236,Upper East Side North,Manhattan,338.94
11,Weekday,161,Midtown Center,Manhattan,263.14
11,Weekday,186,Penn Station/Madison Sq West,Manhattan,202.7
11,Weekday,162,Midtown East,Manhattan,198.73
11,Weekday,170,Murray Hill,Manhattan,174.86
11,Weekday,239,Upper West Side South,Manhattan,173.33
11,Weekday,140,Lenox Hill East,Manhattan,171.09
11,Weekday,142,Lincoln Square East,Manhattan,164.8
11,Weekday,138,LaGuardia Airport,Queens,163.31
11,Weekday,230,Times Sq/Theatre District,Manhattan,161.81
11,Weekday,163,Midtown North,Manhattan,160.17
11,Weekday,141,Lenox Hill West,Manhattan,148.19
11,Weekday,238,Upper West Side North,Manhattan,137.06
11,Weekday,68,East Chelsea,Manhattan,134.58
11,Weekday,234,Union Sq,Manhattan,128.39
11,Weekday,132,JFK Airport,Queens,114.14
11,Weekday,164,Midtown South,Manhattan,112.36
11,Weekday,263,Yorkville West,Manhattan,105.95
11,Weekday,229,Sutton Place/Turtle Bay North,Manhattan,103.03
11,Weekday,262,Yorkville East,Manhattan,101.98
11,Weekday,43,Central Park,Manhattan,94.39
11,Weekday,48,Clinton East,Manhattan,93.98
11,Weekday,107,Gramercy,Manhattan,89.91
11,Weekday,246,West Chelsea/Hudson Yards,Manhattan,76.55
11,Weekday,143,Lincoln Square West,Manhattan,75.59
11,Weekday,100,Garment District,Manhattan,74.94
11,Weekday,90,Flatiron,Manhattan,70.78
11,Weekday,233,UN/Turtle Bay South,Manhattan,69.47
11,Weekday,113,Greenwich Village North,Manhattan,66.34
11,Weekday,231,TriBeCa/Civic Center,Manhattan,63.59
11,Weekday,137,Kips Bay,Manhattan,61.13
11,Weekday,249,West Village,Manhattan,56.56
11,Weekday,151,Manhattan Valley,Manhattan,55.75
11,Weekday,79,East Village,Manhattan,52.89
11,Weekday,75,East Harlem South,Manhattan,47.44
11,Weekday,13,Battery Park City,Manhattan,32.08
11,Weekday,50,Clinton West,Manhattan,30.36
11,Weekday,114,Greenwich Village South,Manhattan,27.98
11,Weekday,166,Morningside Heights,Manhattan,27.33
11,Weekday,158,Meatpacking/West Village West,Manhattan,24.7
11,Weekday,211,SoHo,Manhattan,24.33
11,Weekday,261,World Trade Center,Manhattan,24.09
11,Weekday,144,Little Italy/NoLiTa,Manhattan,23.73
11,Weekday,125,Hudson Sq,Manhattan,21.36
11,Weekday,87,Financial District North,Manhattan,19.52
11,Weekday,70,East Elmhurst,Queens,17.94
11,Weekday,148,Lower East Side,Manhattan,16.64
11,Weekday,24,Bloomingdale,Manhattan,15.41
11,Weekday,41,Central Harlem,Manhattan,13.25
11,Weekday,74,East Harlem North,Manhattan,13.23
11,Weekday,264,Unknown,Unknown,11.8
11,Weekday,88,Financial District South,Manhattan,10.72
11,Weekday,45,Chinatown,Manhattan,8.27
11,Weekday,224,Stuy Town/Peter Cooper Village,Manhattan,7.83
11,Weekday,42,Central Harlem North,Manhattan,7.73
11,Weekday,61,Crown Heights North,Brooklyn,6.42
11,Weekday,76,East New York,Brooklyn,5.98
11,Weekday,209,Seaport,Manhattan,5.84
11,Weekday,244,Washington Heights South,Manhattan,5.73
11,Weekday,232,Two Bridges/Seward Park,Manhattan,5.13
11,Weekday,226,Sunnyside,Queens,4.91
11,Weekday,7,Astoria,Queens,4.61
11,Weekday,4,Alphabet City,Manhattan,4.42
11,Weekday,39,Canarsie,Brooklyn,4.05
11,Weekday,116,Hamilton Heights,Manhattan,3.69
11,Weekday,188,Prospect-Lefferts Gardens,Brooklyn,3.69
11,Weekday,89,Flatbush/Ditmas Park,Brooklyn,3.64
11,Weekday,33,Brooklyn Heights,Brooklyn,3.64
11,Weekday,72,East Flatbush/Remsen Village,Brooklyn,3.25
11,Weekday,35,Brownsville,Brooklyn,3.16
11,Weekday,97,Fort Greene,Brooklyn,3.06
11,Weekday,152,Manhattanville,Manhattan,3.03
11,Weekday,146,Long Island City/Queens Plaza,Queens,3.0
11,Weekday,25,Boerum Hill,Brooklyn,2.94
11,Weekday,65,Downtown Brooklyn/MetroTech,Brooklyn,2.92
11,Weekday,145,Long Island City/Hunters Point,Queens,2.81
11,Weekday,71,East Flatbush/Farragut,Brooklyn,2.67
11,Weekday,17,Bedford,Brooklyn,2.64
11,Weekday,216,South Ozone Park,Queens,2.61
11,Weekday,177,Ocean Hill,Brooklyn,2.59
11,Weekday,197,Richmond Hill,Queens,2.58
11,Weekday,181,Park Slope,Brooklyn,2.53
11,Weekday,91,Flatlands,Brooklyn,2.41
11,Weekday,179,Old Astoria,Queens,2.34
11,Weekday,225,Stuyvesant Heights,Brooklyn,2.31
11,Weekday,14,Bay Ridge,Brooklyn,2.23
11,Weekday,129,Jackson Heights,Queens,2.23
11,Weekday,49,Clinton Hill,Brooklyn,2.22
11,Weekday,26,Borough Park,Brooklyn,2.22
11,Weekday,37,Bushwick South,Brooklyn,2.16
11,Weekday,130,Jamaica,Queens,2.13
11,Weekday,95,Forest Hills,Queens,2.02
11,Weekday,165,Midwood,Brooklyn,1.89
11,Weekday,168,Mott Haven/Port Morris,Bronx,1.86
11,Weekday,155,Marine Park/Mill Basin,Brooklyn,1.66
11,Weekday,69,East Concourse/Concourse Village,Bronx,1.63
11,Weekday,62,Crown Heights South,Brooklyn,1.61
11,Weekday,210,Sheepshead Bay,Brooklyn,1.58
11,Weekday,222,Starrett City,Brooklyn,1.55
11,Weekday,260,Woodside,Queens,1.55
11,Weekday,10,Baisley Park,Queens,1.53
11,Weekday,223,Steinway,Queens,1.52
11,Weekday,193,Queensbridge/Ravenswood,Queens,1.48
11,Weekday,228,Sunset Park West,Brooklyn,1.48
11,Weekday,55,Coney Island,Brooklyn,1.45
11,Weekday,12,Battery Park,Manhattan,1.44
11,Weekday,123,Homecrest,Brooklyn,1.41
11,Weekday,52,Cobble Hill,Brooklyn,1.33
11,Weekday,66,DUMBO/Vinegar Hill,Brooklyn,1.31
11,Weekday,243,Washington Heights North,Manhattan,1.28
11,Weekday,51,Co-Op City,Bronx,1.27
11,Weekday,235,University Heights/Morris Heights,Bronx,1.27
11,Weekday,77,East New York/Pennsylvania Avenue,Brooklyn,1.25
11,Weekday,82,Elmhurst,Queens,1.25
11,Weekday,63,Cypress Hills,Brooklyn,1.22
11,Weekday,247,West Concourse,Bronx,1.22
11,Weekday,215,South Jamaica,Queens,1.17
11,Weekday,254,Williamsbridge/Olinville,Bronx,1.08
11,Weekday,242,Van Nest/Morris Park,Bronx,1.06
11,Weekday,182,Parkchester,Bronx,1.06
11,Weekday,205,Saint Albans,Queens,1.05
11,Weekday,134,Kew Gardens,Queens,1.0
11,Weekday,196,Rego Park,Queens,0.97
11,Weekday,22,Bensonhurst West,Brooklyn,0.97
11,Weekday,167,Morrisania/Melrose,Bronx,0.97
11,Weekday,256,Williamsburg (South Side),Brooklyn,0.95
11,Weekday,85,Erasmus,Brooklyn,0.95
11,Weekday,159,Melrose South,Bronx,0.95
11,Weekday,80,East Williamsburg,Brooklyn,0.94
11,Weekday,133,Kensington,Brooklyn,0.94
11,Weekday,258,Woodhaven,Queens,0.92
11,Weekday,213,Soundview/Castle Hill,Bronx,0.92
11,Weekday,36,Bushwick North,Brooklyn,0.91
11,Weekday,86,Far Rockaway,Queens,0.89
11,Weekday,112,Greenpoint,Brooklyn,0.89
11,Weekday,189,Prospect Heights,Brooklyn,0.88
11,Weekday,28,Briarwood/Jamaica Hills,Queens,0.84
11,Weekday,259,Woodlawn/Wakefield,Bronx,0.81
11,Weekday,227,Sunset Park East,Brooklyn,0.8
11,Weekday,157,Maspeth,Queens,0.77
11,Weekday,136,Kingsbridge Heights,Bronx,0.75
11,Weekday,218,Springfield Gardens North,Queens,0.75
11,Weekday,198,Ridgewood,Queens,0.73
11,Weekday,265,Outside NYC,Unknown,0.72
11,Weekday,106,Gowanus,Brooklyn,0.72
11,Weekday,78,East Tremont,Bronx,0.7
11,Weekday,217,South Williamsburg,Brooklyn,0.7
11,Weekday,149,Madison,Brooklyn,0.7
11,Weekday,56,Corona,Queens,0.69
11,Weekday,219,Springfield Gardens South,Queens,0.67
11,Weekday,117,Hammels/Arverne,Queens,0.67
11,Weekday,119,Highbridge,Bronx,0.67
11,Weekday,18,Bedford Park,Bronx,0.66
11,Weekday,169,Mount Hope,Bronx,0.66
11,Weekday,126,Hunts Point,Bronx,0.66
11,Weekday,135,Kew Gardens Hills,Queens,0.66
11,Weekday,131,Jamaica Estates,Queens,0.64
11,Weekday,255,Williamsburg (North Side),Brooklyn,0.64
11,Weekday,92,Flushing,Queens,0.64
11,Weekday,220,Spuyten Duyvil/Kingsbridge,Bronx,0.63
11,Weekday,127,Inwood,Manhattan,0.63
11,Weekday,195,Red Hook,Brooklyn,0.61
11,Weekday,174,Norwood,Bronx,0.61
11,Weekday,212,Soundview/Bruckner,Bronx,0.58
11,Weekday,29,Brighton Beach,Brooklyn,0.56
11,Weekday,40,Carroll Gardens,Brooklyn,0.56
11,Weekday,108,Gravesend,Brooklyn,0.56
11,Weekday,20,Belmont,Bronx,0.53
11,Weekday,248,West Farms/Bronx River,Bronx,0.53
11,Weekday,47,Claremont/Bathgate,Bronx,0.52
11,Weekday,19,Bellerose,Queens,0.5
11,Weekday,32,Bronxdale,Bronx,0.5
11,Weekday,241,Van Cortlandt Village,Bronx,0.48
11,Weekday,67,Dyker Heights,Brooklyn,0.48
11,Weekday,102,Glendale,Queens,0.48
11,Weekday,191,Queens Village,Queens,0.48
11,Weekday,139,Laurelton,Queens,0.47
11,Weekday,121,Hillcrest/Pomonok,Queens,0.47
11,Weekday,83,Elmhurst/Maspeth,Queens,0.45
11,Weekday,21,Bensonhurst East,Brooklyn,0.45
11,Weekday,200,Riverdale/North Riverdale/Fieldston,Bronx,0.45
11,Weekday,122,Hollis,Queens,0.45
11,Weekday,250,Westchester Village/Unionport,Bronx,0.45
11,Weekday,173,North Corona,Queens,0.44
11,Weekday,160,Middle Village,Queens,0.42
11,Weekday,257,Windsor Terrace,Brooklyn,0.41
11,Weekday,202,Roosevelt Island,Manhattan,0.39
11,Weekday,180,Ozone Park,Queens,0.39
11,Weekday,171,Murray Hill-Queens,Queens,0.38
11,Weekday,93,Flushing Meadows-Corona Park,Queens,0.38
11,Weekday,185,Pelham Parkway,Bronx,0.36
11,Weekday,98,Fresh Meadows,Queens,0.36
11,Weekday,11,Bath Beach,Brooklyn,0.34
11,Weekday,124,Howard Beach,Queens,0.34
11,Weekday,147,Longwood,Bronx,0.33
11,Weekday,81,Eastchester,Bronx,0.3
11,Weekday,38,Cambria Heights,Queens,0.28
11,Weekday,178,Ocean Parkway South,Brooklyn,0.28
11,Weekday,60,Crotona Park East,Bronx,0.28
11,Weekday,192,Queensboro Hill,Queens,0.28
11,Weekday,203,Rosedale,Queens,0.27
11,Weekday,3,Allerton/Pelham Gardens,Bronx,0.23
11,Weekday,207,Saint Michaels Cemetery/Woodside,Queens,0.23
11,Weekday,53,College Point,Queens,0.23
11,Weekday,208,Schuylerville/Edgewater Park,Bronx,0.22
11,Weekday,15,Bay Terrace/Fort Totten,Queens,0.2
11,Weekday,94,Fordham South,Bronx,0.2
11,Weekday,150,Manhattan Beach,Brooklyn,0.19
11,Weekday,16,Bayside,Queens,0.19
11,Weekday,9,Auburndale,Queens,0.17
11,Weekday,175,Oakland Gardens,Queens,0.16
11,Weekday,34,Brooklyn Navy Yard,Brooklyn,0.16
11,Weekday,64,Douglaston,Queens,0.14
11,Weekday,252,Whitestone,Queens,0.14
11,Weekday,54,Columbia Street,Brooklyn,0.14
11,Weekday,153,Marble Hill,Manhattan,0.13
11,Weekday,201,Rockaway Park,Queens,0.13
11,Weekday,101,Glen Oaks,Queens,0.13
11,Weekday,183,Pelham Bay,Bronx,0.13
11,Weekday,6,Arrochar/Fort Wadsworth,Staten Island,0.11
11,Weekday,190,Prospect Park,Brooklyn,0.11
11,Weekday,73,East Flushing,Queens,0.09
11,Weekday,253,Willets Point,Queens,0.06
11,Weekday,214,South Beach/Dongan Hills,Staten Island,0.05
11,Weekday,128,Inwood Hill Park,Manhattan,0.05
11,Weekday,96,Forest Park/Highland Park,Queens,0.05
11,Weekday,194,Randalls Island,Manhattan,0.05
11,Weekday,46,City Island,Bronx,0.05
11,Weekday,221,Stapleton,Staten Island,0.05
11,Weekday,206,Saint George/New Brighton,Staten Island,0.03
11,Weekday,31,Bronx Park,Bronx,0.03
11,Weekday,120,Highbridge Park,Manhattan,0.03
11,Weekday,30,Broad Channel,Queens,0.03
11,Weekday,118,Heartland Village/Todt Hill,Staten Island,0.03
11,Weekday,111,Green-Wood Cemetery,Brooklyn,0.03
11,Weekday,27,Breezy Point/Fort Tilden/Riis Beach,Queens,0.03
11,Weekday,184,Pelham Bay Park,Bronx,0.03
11,Weekday,154,Marine Park/Floyd Bennett Field,Brooklyn,0.02
11,Weekday,58,Country Club,Bronx,0.02
11,Weekday,44,Charleston/Tottenville,Staten Island,0.02
11,Weekday,57,Corona,Queens,0.02
11,Weekday,5,Arden Heights,Staten Island,0.02
11,Weekday,156,Mariners Harbor,Staten Island,0.02
11,Weekday,23,Bloomfield/Emerson Hill,Staten Island,0.02
12,Weekday,237,Upper East Side South,Manhattan,373.92
12,Weekday,236,Upper East Side North,Manhattan,361.13
12,Weekday,161,Midtown Center,Manhattan,296.89
12,Weekday,162,Midtown East,Manhattan,213.7
12,Weekday,239,Upper West Side South,Manhattan,188.64
12,Weekday,186,Penn Station/Madison Sq West,Manhattan,186.02
12,Weekday,170,Murray Hill,Manhattan,182.22
12,Weekday,142,Lincoln Square East,Manhattan,180.88
12,Weekday,140,Lenox Hill East,Manhattan,175.61
12,Weekday,138,LaGuardia Airport,Queens,174.91
12,Weekday,163,Midtown North,Manhattan,174.88
12,Weekday,230,Times Sq/Theatre District,Manhattan,159.47
12,Weekday,141,Lenox Hill West,Manhattan,156.31
12,Weekday,132,JFK Airport,Queens,155.81
12,Weekday,238,Upper West Side North,Manhattan,145.23
12,Weekday,234,Union Sq,Manhattan,141.63
12,Weekday,68,East Chelsea,Manhattan,135.36
12,Weekday,164,Midtown South,Manhattan,119.78
12,Weekday,263,Yorkville West,Manhattan,113.66
12,Weekday,229,Sutton Place/Turtle Bay North,Manhattan,110.73
12,Weekday,43,Central Park,Manhattan,110.14
12,Weekday,262,Yorkville East,Manhattan,102.09
12,Weekday,107,Gramercy,Manhattan,94.7
12,Weekday,48,Clinton East,Manhattan,92.98
12,Weekday,246,West Chelsea/Hudson Yards,Manhattan,88.0
12,Weekday,100,Garment District,Manhattan,78.77
12,Weekday,143,Lincoln Square West,Manhattan,76.17
12,Weekday,233,UN/Turtle Bay South,Manhattan,74.7
12,Weekday,90,Flatiron,Manhattan,74.33
12,Weekday,113,Greenwich Village North,Manhattan,68.61
12,Weekday,137,Kips Bay,Manhattan,67.42
12,Weekday,231,TriBeCa/Civic Center,Manhattan,67.11
12,Weekday,249,West Village,Manhattan,61.42
12,Weekday,79,East Village,Manhattan,57.72
12,Weekday,151,Manhattan Valley,Manhattan,56.83
12,Weekday,75,East Harlem South,Manhattan,51.11
12,Weekday,13,Battery Park City,Manhattan,35.56
12,Weekday,166,Morningside Heights,Manhattan,34.95
12,Weekday,114,Greenwich Village South,Manhattan,33.91
12,Weekday,144,Little Italy/NoLiTa,Manhattan,33.02
12,Weekday,211,SoHo,Manhattan,31.42
12,Weekday,261,World Trade Center,Manhattan,28.89
12,Weekday,50,Clinton West,Manhattan,28.78
12,Weekday,158,Meatpacking/West Village West,Manhattan,27.8
12,Weekday,125,Hudson Sq,Manhattan,23.63
12,Weekday,87,Financial District North,Manhattan,22.0
12,Weekday,70,East Elmhurst,Queens,20.55
12,Weekday,148,Lower East Side,Manhattan,19.91
12,Weekday,24,Bloomingdale,Manhattan,16.7
12,Weekday,41,Central Harlem,Manhattan,14.47
12,Weekday,74,East Harlem North,Manhattan,13.86
12,Weekday,264,Unknown,Unknown,13.06
12,Weekday,88,Financial District South,Manhattan,13.0
12,Weekday,45,Chinatown,Manhattan,9.53
12,Weekday,224,Stuy Town/Peter Cooper Village,Manhattan,8.58
12,Weekday,42,Central Harlem North,Manhattan,7.84
12,Weekday,209,Seaport,Manhattan,6.86
12,Weekday,244,Washington Heights South,Manhattan,6.63
12,Weekday,61,Crown Heights North,Brooklyn,6.39
12,Weekday,76,East New York,Brooklyn,5.83
12,Weekday,232,Two Bridges/Seward Park,Manhattan,5.67
12,Weekday,226,Sunnyside,Queens,5.63
12,Weekday,7,Astoria,Queens,4.56
12,Weekday,188,Prospect-Lefferts Gardens,Brooklyn,4.48
12,Weekday,33,Brooklyn Heights,Brooklyn,4.34
12,Weekday,4,Alphabet City,Manhattan,4.17
12,Weekday,39,Canarsie,Brooklyn,4.09
12,Weekday,116,Hamilton Heights,Manhattan,3.95
12,Weekday,65,Downtown Brooklyn/MetroTech,Brooklyn,3.86
12,Weekday,152,Manhattanville,Manhattan,3.53
12,Weekday,25,Boerum Hill,Brooklyn,3.5
12,Weekday,35,Brownsville,Brooklyn,3.48
12,Weekday,97,Fort Greene,Brooklyn,3.42
12,Weekday,89,Flatbush/Ditmas Park,Brooklyn,3.34
12,Weekday,72,East Flatbush/Remsen Village,Brooklyn,3.19
12,Weekday,130,Jamaica,Queens,3.17
12,Weekday,145,Long Island City/Hunters Point,Queens,3.14
12,Weekday,216,South Ozone Park,Queens,3.13
12,Weekday,181,Park Slope,Brooklyn,3.08
12,Weekday,146,Long Island City/Queens Plaza,Queens,2.95
12,Weekday,55,Coney Island,Brooklyn,2.8
12,Weekday,12,Battery Park,Manhattan,2.64
12,Weekday,197,Richmond Hill,Queens,2.61
12,Weekday,71,East Flatbush/Farragut,Brooklyn,2.55
12,Weekday,17,Bedford,Brooklyn,2.45
12,Weekday,179,Old Astoria,Queens,2.36
12,Weekday,225,Stuyvesant Heights,Brooklyn,2.33
12,Weekday,129,Jackson Heights,Queens,2.31
12,Weekday,37,Bushwick South,Brooklyn,2.28
12,Weekday,62,Crown Heights South,Brooklyn,2.11
12,Weekday,95,Forest Hills,Queens,2.09
12,Weekday,26,Borough Park,Brooklyn,2.08
12,Weekday,91,Flatlands,Brooklyn,2.06
12,Weekday,49,Clinton Hill,Brooklyn,2.03
12,Weekday,14,Bay Ridge,Brooklyn,2.0
12,Weekday,168,Mott Haven/Port Morris,Bronx,1.92
12,Weekday,66,DUMBO/Vinegar Hill,Brooklyn,1.91
12,Weekday,177,Ocean Hill,Brooklyn,1.86
12,Weekday,155,Marine Park/Mill Basin,Brooklyn,1.75
12,Weekday,215,South Jamaica,Queens,1.73
12,Weekday,165,Midwood,Brooklyn,1.72
12,Weekday,223,Steinway,Queens,1.63
12,Weekday,243,Washington Heights North,Manhattan,1.58
12,Weekday,134,Kew Gardens,Queens,1.53
12,Weekday,85,Erasmus,Brooklyn,1.52
12,Weekday,193,Queensbridge/Ravenswood,Queens,1.52
12,Weekday,82,Elmhurst,Queens,1.5
12,Weekday,123,Homecrest,Brooklyn,1.5
12,Weekday,69,East Concourse/Concourse Village,Bronx,1.48
12,Weekday,260,Woodside,Queens,1.44
12,Weekday,247,West Concourse,Bronx,1.34
12,Weekday,222,Starrett City,Brooklyn,1.31
12,Weekday,205,Saint Albans,Queens,1.31
12,Weekday,210,Sheepshead Bay,Brooklyn,1.28
12,Weekday,228,Sunset Park West,Brooklyn,1.27
12,Weekday,10,Baisley Park,Queens,1.25
12,Weekday,63,Cypress Hills,Brooklyn,1.23
12,Weekday,77,East New York/Pennsylvania Avenue,Brooklyn,1.22
12,Weekday,52,Cobble Hill,Brooklyn,1.2
12,Weekday,256,Williamsburg (South Side),Brooklyn,1.16
12,Weekday,254,Williamsbridge/Olinville,Bronx,1.09
12,Weekday,167,Morrisania/Melrose,Bronx,1.06
12,Weekday,112,Greenpoint,Brooklyn,1.03
12,Weekday,22,Bensonhurst West,Brooklyn,1.02
12,Weekday,80,East Williamsburg,Brooklyn,0.98
12,Weekday,133,Kensington,Brooklyn,0.98
12,Weekday,86,Far Rockaway,Queens,0.92
12,Weekday,182,Parkchester,Bronx,0.91
12,Weekday,174,Norwood,Bronx,0.91
12,Weekday,169,Mount Hope,Bronx,0.89
12,Weekday,242,Van Nest/Morris Park,Bronx,0.89
12,Weekday,157,Maspeth,Queens,0.89
12,Weekday,28,Briarwood/Jamaica Hills,Queens,0.88
12,Weekday,29,Brighton Beach,Brooklyn,0.88
12,Weekday,36,Bushwick North,Brooklyn,0.86
12,Weekday,227,Sunset Park East,Brooklyn,0.86
12,Weekday,189,Prospect Heights,Brooklyn,0.86
12,Weekday,255,Williamsburg (North Side),Brooklyn,0.86
12,Weekday,213,Soundview/Castle Hill,Bronx,0.84
12,Weekday,198,Ridgewood,Queens,0.84
12,Weekday,196,Rego Park,Queens,0.83
12,Weekday,51,Co-Op City,Bronx,0.83
12,Weekday,159,Melrose South,Bronx,0.81
12,Weekday,131,Jamaica Estates,Queens,0.81
12,Weekday,235,University Heights/Morris Heights,Bronx,0.8
12,Weekday,259,Woodlawn/Wakefield,Bronx,0.8
12,Weekday,218,Springfield Gardens North,Queens,0.78
12,Weekday,219,Springfield Gardens South,Queens,0.75
12,Weekday,40,Carroll Gardens,Brooklyn,0.75
12,Weekday,258,Woodhaven,Queens,0.73
12,Weekday,92,Flushing,Queens,0.73
12,Weekday,220,Spuyten Duyvil/Kingsbridge,Bronx,0.7
12,Weekday,217,South Williamsburg,Brooklyn,0.69
12,Weekday,83,Elmhurst/Maspeth,Queens,0.69
12,Weekday,149,Madison,Brooklyn,0.69
12,Weekday,265,Outside NYC,Unknown,0.67
12,Weekday,191,Queens Village,Queens,0.67
12,Weekday,121,Hillcrest/Pomonok,Queens,0.67
12,Weekday,119,Highbridge,Bronx,0.67
12,Weekday,81,Eastchester,Bronx,0.66
12,Weekday,21,Bensonhurst East,Brooklyn,0.66
12,Weekday,127,Inwood,Manhattan,0.66
12,Weekday,78,East Tremont,Bronx,0.64
12,Weekday,18,Bedford Park,Bronx,0.63
12,Weekday,136,Kingsbridge Heights,Bronx,0.59
12,Weekday,117,Hammels/Arverne,Queens,0.59
12,Weekday,195,Red Hook,Brooklyn,0.56
12,Weekday,60,Crotona Park East,Bronx,0.56
12,Weekday,47,Claremont/Bathgate,Bronx,0.56
12,Weekday,108,Gravesend,Brooklyn,0.56
12,Weekday,9,Auburndale,Queens,0.55
12,Weekday,124,Howard Beach,Queens,0.55
12,Weekday,98,Fresh Meadows,Queens,0.55
12,Weekday,135,Kew Gardens Hills,Queens,0.52
12,Weekday,93,Flushing Meadows-Corona Park,Queens,0.5
12,Weekday,20,Belmont,Bronx,0.48
12,Weekday,212,Soundview/Bruckner,Bronx,0.48
12,Weekday,248,West Farms/Bronx River,Bronx,0.48
12,Weekday,241,Van Cortlandt Village,Bronx,0.47
12,Weekday,147,Longwood,Bronx,0.47
12,Weekday,102,Glendale,Queens,0.47
12,Weekday,56,Corona,Queens,0.45
12,Weekday,180,Ozone Park,Queens,0.45
12,Weekday,160,Middle Village,Queens,0.44
12,Weekday,257,Windsor Terrace,Brooklyn,0.42
12,Weekday,200,Riverdale/North Riverdale/Fieldston,Bronx,0.42
12,Weekday,11,Bath Beach,Brooklyn,0.42
12,Weekday,67,Dyker Heights,Brooklyn,0.41
12,Weekday,208,Schuylerville/Edgewater Park,Bronx,0.41
12,Weekday,126,Hunts Point,Bronx,0.41
12,Weekday,106,Gowanus,Brooklyn,0.39
12,Weekday,139,Laurelton,Queens,0.39
12,Weekday,250,Westchester Village/Unionport,Bronx,0.39
12,Weekday,202,Roosevelt Island,Manhattan,0.38
12,Weekday,38,Cambria Heights,Queens,0.36
12,Weekday,122,Hollis,Queens,0.36
12,Weekday,178,Ocean Parkway South,Brooklyn,0.34
12,Weekday,3,Allerton/Pelham Gardens,Bronx,0.34
12,Weekday,32,Bronxdale,Bronx,0.34
12,Weekday,185,Pelham Parkway,Bronx,0.33
12,Weekday,101,Glen Oaks,Queens,0.31
12,Weekday,19,Bellerose,Queens,0.3
12,Weekday,192,Queensboro Hill,Queens,0.3
12,Weekday,252,Whitestone,Queens,0.28
12,Weekday,203,Rosedale,Queens,0.28
12,Weekday,150,Manhattan Beach,Brooklyn,0.27
12,Weekday,201,Rockaway Park,Queens,0.25
12,Weekday,34,Brooklyn Navy Yard,Brooklyn,0.25
12,Weekday,173,North Corona,Queens,0.23
12,Weekday,207,Saint Michaels Cemetery/Woodside,Queens,0.22
12,Weekday,53,College Point,Queens,0.22
12,Weekday,54,Columbia Street,Brooklyn,0.2
12,Weekday,16,Bayside,Queens,0.2
12,Weekday,183,Pelham Bay,Bronx,0.19
12,Weekday,94,Fordham South,Bronx,0.17
12,Weekday,171,Murray Hill-Queens,Queens,0.17
12,Weekday,6,Arrochar/Fort Wadsworth,Staten Island,0.14
12,Weekday,153,Marble Hill,Manhattan,0.14
12,Weekday,194,Randalls Island,Manhattan,0.14
12,Weekday,190,Prospect Park,Brooklyn,0.13
12,Weekday,15,Bay Terrace/Fort Totten,Queens,0.09
12,Weekday,128,Inwood Hill Park,Manhattan,0.09
12,Weekday,64,Douglaston,Queens,0.09
12,Weekday,175,Oakland Gardens,Queens,0.09
12,Weekday,73,East Flushing,Queens,0.09
12,Weekday,154,Marine Park/Floyd Bennett Field,Brooklyn,0.08
12,Weekday,1,Newark Airport,EWR,0.08
12,Weekday,120,Highbridge Park,Manhattan,0.06
12,Weekday,31,Bronx Park,Bronx,0.05
12,Weekday,240,Van Cortlandt Park,Bronx,0.05
12,Weekday,115,Grymes Hill/Clifton,Staten Island,0.03
12,Weekday,214,South Beach/Dongan Hills,Staten Island,0.03
12,Weekday,58,Country Club,Bronx,0.03
12,Weekday,118,Heartland Village/Todt Hill,Staten Island,0.03
12,Weekday,253,Willets Point,Queens,0.03
12,Weekday,46,City Island,Bronx,0.03
12,Weekday,221,Stapleton,Staten Island,0.03
12,Weekday,23,Bloomfield/Emerson Hill,Staten Island,0.03
12,Weekday,8,Astoria Park,Queens,0.02
12,Weekday,30,Broad Channel,Queens,0.02
12,Weekday,96,Forest Park/Highland Park,Queens,0.02
12,Weekday,184,Pelham Bay Park,Bronx,0.02
13,Weekday,237,Upper East Side South,Manhattan,373.97
13,Weekday,236,Upper East Side North,Manhattan,341.25
13,Weekday,161,Midtown Center,Manhattan,338.27
13,Weekday,186,Penn Station/Madison Sq West,Manhattan,224.98
13,Weekday,162,Midtown East,Manhattan,218.02
13,Weekday,138,LaGuardia Airport,Queens,196.48
13,Weekday,170,Murray Hill,Manhattan,191.08
13,Weekday,163,Midtown North,Manhattan,189.44
13,Weekday,239,Upper West Side South,Manhattan,183.95
13,Weekday,142,Lincoln Square East,Manhattan,182.05
13,Weekday,140,Lenox Hill East,Manhattan,172.3
13,Weekday,132,JFK Airport,Queens,170.56
13,Weekday,68,East Chelsea,Manhattan,161.94
13,Weekday,230,Times Sq/Theatre District,Manhattan,161.42
13,Weekday,234,Union Sq,Manhattan,160.41
13,Weekday,141,Lenox Hill West,Manhattan,156.3
13,Weekday,238,Upper West Side North,Manhattan,132.64
13,Weekday,164,Midtown South,Manhattan,127.2
13,Weekday,43,Central Park,Manhattan,112.16
13,Weekday,229,Sutton Place/Turtle Bay North,Manhattan,109.86
13,Weekday,263,Yorkville West,Manhattan,108.61
13,Weekday,246,West Chelsea/Hudson Yards,Manhattan,104.41
13,Weekday,107,Gramercy,Manhattan,99.22
13,Weekday,48,Clinton East,Manhattan,92.72
13,Weekday,262,Yorkville East,Manhattan,92.0
13,Weekday,100,Garment District,Manhattan,81.97
13,Weekday,233,UN/Turtle Bay South,Manhattan,76.97
13,Weekday,90,Flatiron,Manhattan,75.56
13,Weekday,143,Lincoln Square West,Manhattan,73.59
13,Weekday,113,Greenwich Village North,Manhattan,72.92
13,Weekday,231,TriBeCa/Civic Center,Manhattan,71.14
13,Weekday,137,Kips Bay,Manhattan,66.8
13,Weekday,249,West Village,Manhattan,65.78
13,Weekday,79,East Village,Manhattan,62.45
13,Weekday,151,Manhattan Valley,Manhattan,57.44
13,Weekday,75,East Harlem South,Manhattan,50.22
13,Weekday,144,Little Italy/NoLiTa,Manhattan,44.58
13,Weekday,13,Battery Park City,Manhattan,42.08
13,Weekday,114,Greenwich Village South,Manhattan,40.98
13,Weekday,211,SoHo,Manhattan,35.88
13,Weekday,166,Morningside Heights,Manhattan,35.48
13,Weekday,261,World Trade Center,Manhattan,35.3
13,Weekday,158,Meatpacking/West Village West,Manhattan,32.25
13,Weekday,50,Clinton West,Manhattan,30.05
13,Weekday,87,Financial District North,Manhattan,27.03
13,Weekday,125,Hudson Sq,Manhattan,25.63
13,Weekday,148,Lower East Side,Manhattan,23.34
13,Weekday,70,East Elmhurst,Queens,18.58
13,Weekday,88,Financial District South,Manhattan,17.58
13,Weekday,41,Central Harlem,Manhattan,17.58
13,Weekday,24,Bloomingdale,Manhattan,16.3
13,Weekday,74,East Harlem North,Manhattan,15.8
13,Weekday,264,Unknown,Unknown,13.56
13,Weekday,45,Chinatown,Manhattan,9.08
13,Weekday,42,Central Harlem North,Manhattan,8.84
13,Weekday,224,Stuy Town/Peter Cooper Village,Manhattan,7.75
13,Weekday,209,Seaport,Manhattan,7.55
13,Weekday,244,Washington Heights South,Manhattan,6.98
13,Weekday,61,Crown Heights North,Brooklyn,6.63
13,Weekday,232,Two Bridges/Seward Park,Manhattan,6.55
13,Weekday,226,Sunnyside,Queens,6.34
13,Weekday,76,East New York,Brooklyn,4.98
13,Weekday,130,Jamaica,Queens,4.97
13,Weekday,152,Manhattanville,Manhattan,4.77
13,Weekday,116,Hamilton Heights,Manhattan,4.73
13,Weekday,7,Astoria,Queens,4.69
13,Weekday,65,Downtown Brooklyn/MetroTech,Brooklyn,4.69
13,Weekday,4,Alphabet City,Manhattan,4.34
13,Weekday,188,Prospect-Lefferts Gardens,Brooklyn,4.14
13,Weekday,216,South Ozone Park,Queens,4.08
13,Weekday,89,Flatbush/Ditmas Park,Brooklyn,3.95
13,Weekday,33,Brooklyn Heights,Brooklyn,3.83
13,Weekday,145,Long Island City/Hunters Point,Queens,3.63
13,Weekday,97,Fort Greene,Brooklyn,3.52
13,Weekday,197,Richmond Hill,Queens,3.47
13,Weekday,39,Canarsie,Brooklyn,3.36
13,Weekday,12,Battery Park,Manhattan,3.23
13,Weekday,35,Brownsville,Brooklyn,3.22
13,Weekday,91,Flatlands,Brooklyn,3.14
13,Weekday,25,Boerum Hill,Brooklyn,3.06
13,Weekday,72,East Flatbush/Remsen Village,Brooklyn,2.98
13,Weekday,181,Park Slope,Brooklyn,2.86
13,Weekday,66,DUMBO/Vinegar Hill,Brooklyn,2.8
13,Weekday,146,Long Island City/Queens Plaza,Queens,2.67
13,Weekday,17,Bedford,Brooklyn,2.58
13,Weekday,62,Crown Heights South,Brooklyn,2.45
13,Weekday,95,Forest Hills,Queens,2.44
13,Weekday,71,East Flatbush/Farragut,Brooklyn,2.44
13,Weekday,225,Stuyvesant Heights,Brooklyn,2.33
13,Weekday,10,Baisley Park,Queens,2.33
13,Weekday,179,Old Astoria,Queens,2.3
13,Weekday,129,Jackson Heights,Queens,2.27
13,Weekday,168,Mott Haven/Port Morris,Bronx,2.14
13,Weekday,155,Marine Park/Mill Basin,Brooklyn,2.08
13,Weekday,260,Woodside,Queens,1.98
13,Weekday,37,Bushwick South,Brooklyn,1.97
13,Weekday,26,Borough Park,Brooklyn,1.97
13,Weekday,49,Clinton Hill,Brooklyn,1.89
13,Weekday,215,South Jamaica,Queens,1.84
13,Weekday,177,Ocean Hill,Brooklyn,1.69
13,Weekday,14,Bay Ridge,Brooklyn,1.67
13,Weekday,243,Washington Heights North,Manhattan,1.67
13,Weekday,55,Coney Island,Brooklyn,1.52
13,Weekday,165,Midwood,Brooklyn,1.5
13,Weekday,223,Steinway,Queens,1.48
13,Weekday,205,Saint Albans,Queens,1.47
13,Weekday,85,Erasmus,Brooklyn,1.44
13,Weekday,82,Elmhurst,Queens,1.44
13,Weekday,123,Homecrest,Brooklyn,1.44
13,Weekday,159,Melrose South,Bronx,1.42
13,Weekday,69,East Concourse/Concourse Village,Bronx,1.34
13,Weekday,193,Queensbridge/Ravenswood,Queens,1.31
13,Weekday,222,Starrett City,Brooklyn,1.28
13,Weekday,228,Sunset Park West,Brooklyn,1.28
13,Weekday,256,Williamsburg (South Side),Brooklyn,1.25
13,Weekday,77,East New York/Pennsylvania Avenue,Brooklyn,1.22
13,Weekday,28,Briarwood/Jamaica Hills,Queens,1.22
13,Weekday,157,Maspeth,Queens,1.22
13,Weekday,218,Springfield Gardens North,Queens,1.19
13,Weekday,80,East Williamsburg,Brooklyn,1.19
13,Weekday,133,Kensington,Brooklyn,1.17
13,Weekday,189,Prospect Heights,Brooklyn,1.17
13,Weekday,83,Elmhurst/Maspeth,Queens,1.14
13,Weekday,247,West Concourse,Bronx,1.14
13,Weekday,134,Kew Gardens,Queens,1.13
13,Weekday,86,Far Rockaway,Queens,1.11
13,Weekday,258,Woodhaven,Queens,1.11
13,Weekday,210,Sheepshead Bay,Brooklyn,1.08
13,Weekday,213,Soundview/Castle Hill,Bronx,1.08
13,Weekday,196,Rego Park,Queens,1.06
13,Weekday,63,Cypress Hills,Brooklyn,1.05
13,Weekday,167,Morrisania/Melrose,Bronx,1.05
13,Weekday,169,Mount Hope,Bronx,1.03
13,Weekday,22,Bensonhurst West,Brooklyn,1.0
13,Weekday,191,Queens Village,Queens,0.97
13,Weekday,219,Springfield Gardens South,Queens,0.95
13,Weekday,121,Hillcrest/Pomonok,Queens,0.95
13,Weekday,52,Cobble Hill,Brooklyn,0.95
13,Weekday,198,Ridgewood,Queens,0.95
13,Weekday,254,Williamsbridge/Olinville,Bronx,0.91
13,Weekday,56,Corona,Queens,0.89
13,Weekday,112,Greenpoint,Brooklyn,0.89
13,Weekday,131,Jamaica Estates,Queens,0.86
13,Weekday,255,Williamsburg (North Side),Brooklyn,0.86
13,Weekday,51,Co-Op City,Bronx,0.84
13,Weekday,149,Madison,Brooklyn,0.83
13,Weekday,242,Van Nest/Morris Park,Bronx,0.83
13,Weekday,78,East Tremont,Bronx,0.81
13,Weekday,160,Middle Village,Queens,0.8
13,Weekday,182,Parkchester,Bronx,0.8
13,Weekday,220,Spuyten Duyvil/Kingsbridge,Bronx,0.78
13,Weekday,174,Norwood,Bronx,0.75
13,Weekday,265,Outside NYC,Unknown,0.75
13,Weekday,40,Carroll Gardens,Brooklyn,0.75
13,Weekday,119,Highbridge,Bronx,0.75
13,Weekday,135,Kew Gardens Hills,Queens,0.73
13,Weekday,235,University Heights/Morris Heights,Bronx,0.73
13,Weekday,259,Woodlawn/Wakefield,Bronx,0.73
13,Weekday,227,Sunset Park East,Brooklyn,0.72
13,Weekday,248,West Farms/Bronx River,Bronx,0.72
13,Weekday,241,Van Cortlandt Village,Bronx,0.72
13,Weekday,217,South Williamsburg,Brooklyn,0.72
13,Weekday,92,Flushing,Queens,0.7
13,Weekday,36,Bushwick North,Brooklyn,0.69
13,Weekday,212,Soundview/Bruckner,Bronx,0.69
13,Weekday,21,Bensonhurst East,Brooklyn,0.67
13,Weekday,195,Red Hook,Brooklyn,0.67
13,Weekday,81,Eastchester,Bronx,0.67
13,Weekday,180,Ozone Park,Queens,0.67
13,Weekday,117,Hammels/Arverne,Queens,0.66
13,Weekday,47,Claremont/Bathgate,Bronx,0.66
13,Weekday,127,Inwood,Manhattan,0.64
13,Weekday,126,Hunts Point,Bronx,0.63
13,Weekday,18,Bedford Park,Bronx,0.63
13,Weekday,106,Gowanus,Brooklyn,0.61
13,Weekday,124,Howard Beach,Queens,0.61
13,Weekday,147,Longwood,Bronx,0.58
13,Weekday,208,Schuylerville/Edgewater Park,Bronx,0.58
13,Weekday,136,Kingsbridge Heights,Bronx,0.58
13,Weekday,250,Westchester Village/Unionport,Bronx,0.56
13,Weekday,108,Gravesend,Brooklyn,0.55
13,Weekday,102,Glendale,Queens,0.53
13,Weekday,6,Arrochar/Fort Wadsworth,Staten Island,0.5
13,Weekday,38,Cambria Heights,Queens,0.48
13,Weekday,93,Flushing Meadows-Corona Park,Queens,0.48
13,Weekday,122,Hollis,Queens,0.47
13,Weekday,29,Brighton Beach,Brooklyn,0.47
13,Weekday,139,Laurelton,Queens,0.47
13,Weekday,20,Belmont,Bronx,0.45
13,Weekday,67,Dyker Heights,Brooklyn,0.45
13,Weekday,11,Bath Beach,Brooklyn,0.45
13,Weekday,173,North Corona,Queens,0.44
13,Weekday,19,Bellerose,Queens,0.44
13,Weekday,185,Pelham Parkway,Bronx,0.41
13,Weekday,257,Windsor Terrace,Brooklyn,0.41
13,Weekday,32,Bronxdale,Bronx,0.39
13,Weekday,203,Rosedale,Queens,0.39
13,Weekday,252,Whitestone,Queens,0.38
13,Weekday,94,Fordham South,Bronx,0.38
13,Weekday,53,College Point,Queens,0.38
13,Weekday,60,Crotona Park East,Bronx,0.36
13,Weekday,34,Brooklyn Navy Yard,Brooklyn,0.36
13,Weekday,101,Glen Oaks,Queens,0.34
13,Weekday,3,Allerton/Pelham Gardens,Bronx,0.34
13,Weekday,200,Riverdale/North Riverdale/Fieldston,Bronx,0.33
13,Weekday,150,Manhattan Beach,Brooklyn,0.31
13,Weekday,9,Auburndale,Queens,0.3
13,Weekday,175,Oakland Gardens,Queens,0.27
13,Weekday,183,Pelham Bay,Bronx,0.27
13,Weekday,202,Roosevelt Island,Manhattan,0.25
13,Weekday,171,Murray Hill-Queens,Queens,0.25
13,Weekday,16,Bayside,Queens,0.25
13,Weekday,54,Columbia Street,Brooklyn,0.25
13,Weekday,190,Prospect Park,Brooklyn,0.23
13,Weekday,153,Marble Hill,Manhattan,0.2
13,Weekday,201,Rockaway Park,Queens,0.19
13,Weekday,98,Fresh Meadows,Queens,0.19
13,Weekday,194,Randalls Island,Manhattan,0.17
13,Weekday,178,Ocean Parkway South,Brooklyn,0.16
13,Weekday,192,Queensboro Hill,Queens,0.16
13,Weekday,64,Douglaston,Queens,0.14
13,Weekday,207,Saint Michaels Cemetery/Woodside,Queens,0.14
13,Weekday,15,Bay Terrace/Fort Totten,Queens,0.13
13,Weekday,31,Bronx Park,Bronx,0.11
13,Weekday,96,Forest Park/Highland Park,Queens,0.11
13,Weekday,57,Corona,Queens,0.09
13,Weekday,154,Marine Park/Floyd Bennett Field,Brooklyn,0.06
13,Weekday,1,Newark Airport,EWR,0.06
13,Weekday,23,Bloomfield/Emerson Hill,Staten Island,0.06
13,Weekday,240,Van Cortlandt Park,Bronx,0.05
13,Weekday,253,Willets Point,Queens,0.05
13,Weekday,128,Inwood Hill Park,Manhattan,0.05
13,Weekday,46,City Island,Bronx,0.05
13,Weekday,214,South Beach/Dongan Hills,Staten Island,0.03
13,Weekday,8,Astoria Park,Queens,0.03
13,Weekday,73,East Flushing,Queens,0.03
13,Weekday,59,Crotona Park,Bronx,0.02
13,Weekday,109,Great Kills,Staten Island,0.02
13,Weekday,251,Westerleigh,Staten Island,0.02
13,Weekday,30,Broad Channel,Queens,0.02
13,Weekday,221,Stapleton,Staten Island,0.02
13,Weekday,245,West Brighton,Staten Island,0.02
13,Weekday,111,Green-Wood Cemetery,Brooklyn,0.02
13,Weekday,5,Arden Heights,Staten Island,0.02
14,Weekday,237,Upper East Side South,Manhattan,436.69
14,Weekday,161,Midtown Center,Manhattan,379.09
14,Weekday,236,Upper East Side North,Manhattan,371.0
14,Weekday,132,JFK Airport,Queens,254.44
14,Weekday,138,LaGuardia Airport,Queens,246.47
14,Weekday,162,Midtown East,Manhattan,237.97
14,Weekday,163,Midtown North,Manhattan,203.56
14,Weekday,170,Murray Hill,Manhattan,202.25
14,Weekday,142,Lincoln Square East,Manhattan,201.72
14,Weekday,239,Upper West Side South,Manhattan,197.19
14,Weekday,140,Lenox Hill East,Manhattan,196.97
14,Weekday,234,Union Sq,Manhattan,181.17
14,Weekday,186,Penn Station/Madison Sq West,Manhattan,177.0
14,Weekday,230,Times Sq/Theatre District,Manhattan,173.09
14,Weekday,141,Lenox Hill West,Manhattan,167.66
14,Weekday,68,East Chelsea,Manhattan,163.58
14,Weekday,238,Upper West Side North,Manhattan,143.61
14,Weekday,164,Midtown South,Manhattan,134.66
14,Weekday,43,Central Park,Manhattan,128.05
14,Weekday,246,West Chelsea/Hudson Yards,Manhattan,124.42
14,Weekday,263,Yorkville West,Manhattan,118.08
14,Weekday,107,Gramercy,Manhattan,106.91
14,Weekday,229,Sutton Place/Turtle Bay North,Manhattan,103.73
14,Weekday,48,Clinton East,Manhattan,100.42
14,Weekday,262,Yorkville East,Manhattan,89.39
14,Weekday,100,Garment District,Manhattan,88.22
14,Weekday,90,Flatiron,Manhattan,80.77
14,Weekday,143,Lincoln Square West,Manhattan,79.88
14,Weekday,113,Greenwich Village North,Manhattan,78.89
14,Weekday,231,TriBeCa/Civic Center,Manhattan,78.38
14,Weekday,233,UN/Turtle Bay South,Manhattan,77.17
14,Weekday,249,West Village,Manhattan,73.27
14,Weekday,137,Kips Bay,Manhattan,73.25
14,Weekday,79,East Village,Manhattan,65.25
14,Weekday,75,East Harlem South,Manhattan,58.66
14,Weekday,151,Manhattan Valley,Manhattan,55.44
14,Weekday,144,Little Italy/NoLiTa,Manhattan,51.98
14,Weekday,13,Battery Park City,Manhattan,45.06
14,Weekday,211,SoHo,Manhattan,44.86
14,Weekday,114,Greenwich Village South,Manhattan,44.59
14,Weekday,261,World Trade Center,Manhattan,39.02
14,Weekday,158,Meatpacking/West Village West,Manhattan,38.14
14,Weekday,166,Morningside Heights,Manhattan,36.42
14,Weekday,50,Clinton West,Manhattan,32.41
14,Weekday,125,Hudson Sq,Manhattan,26.3
14,Weekday,148,Lower East Side,Manhattan,25.84
14,Weekday,87,Financial District North,Manhattan,25.55
14,Weekday,70,East Elmhurst,Queens,23.55
14,Weekday,88,Financial District South,Manhattan,20.5
14,Weekday,74,East Harlem North,Manhattan,19.58
14,Weekday,41,Central Harlem,Manhattan,18.5
14,Weekday,24,Bloomingdale,Manhattan,17.7
14,Weekday,264,Unknown,Unknown,16.92
14,Weekday,45,Chinatown,Manhattan,10.59
14,Weekday,42,Central Harlem North,Manhattan,10.14
14,Weekday,209,Seaport,Manhattan,8.7
14,Weekday,244,Washington Heights South,Manhattan,8.0
14,Weekday,226,Sunnyside,Queens,7.63
14,Weekday,224,Stuy Town/Peter Cooper Village,Manhattan,6.39
14,Weekday,61,Crown Heights North,Brooklyn,6.36
14,Weekday,130,Jamaica,Queens,6.33
14,Weekday,232,Two Bridges/Seward Park,Manhattan,6.23
14,Weekday,76,East New York,Brooklyn,5.95
14,Weekday,116,Hamilton Heights,Manhattan,5.25
14,Weekday,7,Astoria,Queens,5.19
14,Weekday,152,Manhattanville,Manhattan,4.92
14,Weekday,188,Prospect-Lefferts Gardens,Brooklyn,4.83
14,Weekday,4,Alphabet City,Manhattan,4.56
14,Weekday,65,Downtown Brooklyn/MetroTech,Brooklyn,4.52
14,Weekday,145,Long Island City/Hunters Point,Queens,4.3
14,Weekday,216,South Ozone Park,Queens,4.09
14,Weekday,197,Richmond Hill,Queens,4.06
14,Weekday,89,Flatbush/Ditmas Park,Brooklyn,3.91
14,Weekday,33,Brooklyn Heights,Brooklyn,3.75
14,Weekday,97,Fort Greene,Brooklyn,3.72
14,Weekday,39,Canarsie,Brooklyn,3.56
14,Weekday,17,Bedford,Brooklyn,3.53
14,Weekday,72,East Flatbush/Remsen Village,Brooklyn,3.45
14,Weekday,12,Battery Park,Manhattan,3.42
14,Weekday,129,Jackson Heights,Queens,3.42
14,Weekday,181,Park Slope,Brooklyn,3.23
14,Weekday,66,DUMBO/Vinegar Hill,Brooklyn,3.23
14,Weekday,25,Boerum Hill,Brooklyn,3.08
14,Weekday,35,Brownsville,Brooklyn,3.05
14,Weekday,95,Forest Hills,Queens,2.86
14,Weekday,91,Flatlands,Brooklyn,2.8
14,Weekday,146,Long Island City/Queens Plaza,Queens,2.78
14,Weekday,168,Mott Haven/Port Morris,Bronx,2.78
14,Weekday,10,Baisley Park,Queens,2.73
14,Weekday,225,Stuyvesant Heights,Brooklyn,2.55
14,Weekday,243,Washington Heights North,Manhattan,2.5
14,Weekday,179,Old Astoria,Queens,2.48
14,Weekday,71,East Flatbush/Farragut,Brooklyn,2.42
14,Weekday,205,Saint Albans,Queens,2.38
14,Weekday,215,South Jamaica,Queens,2.38
14,Weekday,177,Ocean Hill,Brooklyn,2.36
14,Weekday,26,Borough Park,Brooklyn,2.36
14,Weekday,82,Elmhurst,Queens,2.2
14,Weekday,159,Melrose South,Bronx,2.09
14,Weekday,260,Woodside,Queens,2.09
14,Weekday,37,Bushwick South,Brooklyn,2.09
14,Weekday,62,Crown Heights South,Brooklyn,2.05
14,Weekday,49,Clinton Hill,Brooklyn,1.97
14,Weekday,193,Queensbridge/Ravenswood,Queens,1.81
14,Weekday,85,Erasmus,Brooklyn,1.8
14,Weekday,228,Sunset Park West,Brooklyn,1.7
14,Weekday,165,Midwood,Brooklyn,1.7
14,Weekday,14,Bay Ridge,Brooklyn,1.67
14,Weekday,28,Briarwood/Jamaica Hills,Queens,1.63
14,Weekday,191,Queens Village,Queens,1.61
14,Weekday,210,Sheepshead Bay,Brooklyn,1.59
14,Weekday,223,Steinway,Queens,1.58
14,Weekday,134,Kew Gardens,Queens,1.58
14,Weekday,169,Mount Hope,Bronx,1.58
14,Weekday,77,East New York/Pennsylvania Avenue,Brooklyn,1.58
14,Weekday,256,Williamsburg (South Side),Brooklyn,1.55
14,Weekday,155,Marine Park/Mill Basin,Brooklyn,1.55
14,Weekday,247,West Concourse,Bronx,1.52
14,Weekday,80,East Williamsburg,Brooklyn,1.52
14,Weekday,69,East Concourse/Concourse Village,Bronx,1.44
14,Weekday,219,Springfield Gardens South,Queens,1.42
14,Weekday,127,Inwood,Manhattan,1.41
14,Weekday,123,Homecrest,Brooklyn,1.41
14,Weekday,196,Rego Park,Queens,1.39
14,Weekday,213,Soundview/Castle Hill,Bronx,1.36
14,Weekday,157,Maspeth,Queens,1.34
14,Weekday,254,Williamsbridge/Olinville,Bronx,1.34
14,Weekday,218,Springfield Gardens North,Queens,1.34
14,Weekday,86,Far Rockaway,Queens,1.31
14,Weekday,55,Coney Island,Brooklyn,1.3
14,Weekday,258,Woodhaven,Queens,1.23
14,Weekday,242,Van Nest/Morris Park,Bronx,1.22
14,Weekday,56,Corona,Queens,1.16
14,Weekday,167,Morrisania/Melrose,Bronx,1.14
14,Weekday,63,Cypress Hills,Brooklyn,1.14
14,Weekday,189,Prospect Heights,Brooklyn,1.09
14,Weekday,121,Hillcrest/Pomonok,Queens,1.09
14,Weekday,112,Greenpoint,Brooklyn,1.05
14,Weekday,92,Flushing,Queens,1.05
14,Weekday,52,Cobble Hill,Brooklyn,1.03
14,Weekday,198,Ridgewood,Queens,1.02
14,Weekday,29,Brighton Beach,Brooklyn,1.02
14,Weekday,255,Williamsburg (North Side),Brooklyn,0.98
14,Weekday,83,Elmhurst/Maspeth,Queens,0.97
14,Weekday,47,Claremont/Bathgate,Bronx,0.95
14,Weekday,217,South Williamsburg,Brooklyn,0.94
14,Weekday,222,Starrett City,Brooklyn,0.94
14,Weekday,22,Bensonhurst West,Brooklyn,0.92
14,Weekday,21,Bensonhurst East,Brooklyn,0.92
14,Weekday,106,Gowanus,Brooklyn,0.92
14,Weekday,180,Ozone Park,Queens,0.89
14,Weekday,133,Kensington,Brooklyn,0.89
14,Weekday,108,Gravesend,Brooklyn,0.88
14,Weekday,78,East Tremont,Bronx,0.84
14,Weekday,250,Westchester Village/Unionport,Bronx,0.8
14,Weekday,227,Sunset Park East,Brooklyn,0.8
14,Weekday,265,Outside NYC,Unknown,0.8
14,Weekday,241,Van Cortlandt Village,Bronx,0.78
14,Weekday,212,Soundview/Bruckner,Bronx,0.75
14,Weekday,126,Hunts Point,Bronx,0.75
14,Weekday,18,Bedford Park,Bronx,0.75
14,Weekday,195,Red Hook,Brooklyn,0.75
14,Weekday,36,Bushwick North,Brooklyn,0.73
14,Weekday,81,Eastchester,Bronx,0.72
14,Weekday,135,Kew Gardens Hills,Queens,0.7
14,Weekday,248,West Farms/Bronx River,Bronx,0.7
14,Weekday,147,Longwood,Bronx,0.7
14,Weekday,124,Howard Beach,Queens,0.69
14,Weekday,235,University Heights/Morris Heights,Bronx,0.67
14,Weekday,259,Woodlawn/Wakefield,Bronx,0.67
14,Weekday,51,Co-Op City,Bronx,0.67
14,Weekday,131,Jamaica Estates,Queens,0.66
14,Weekday,174,Norwood,Bronx,0.64
14,Weekday,40,Carroll Gardens,Brooklyn,0.63
14,Weekday,182,Parkchester,Bronx,0.63
14,Weekday,149,Madison,Brooklyn,0.63
14,Weekday,160,Middle Village,Queens,0.61
14,Weekday,139,Laurelton,Queens,0.58
14,Weekday,19,Bellerose,Queens,0.58
14,Weekday,93,Flushing Meadows-Corona Park,Queens,0.58
14,Weekday,119,Highbridge,Bronx,0.58
14,Weekday,20,Belmont,Bronx,0.58
14,Weekday,220,Spuyten Duyvil/Kingsbridge,Bronx,0.58
14,Weekday,117,Hammels/Arverne,Queens,0.58
14,Weekday,173,North Corona,Queens,0.55
14,Weekday,60,Crotona Park East,Bronx,0.53
14,Weekday,150,Manhattan Beach,Brooklyn,0.53
14,Weekday,38,Cambria Heights,Queens,0.53
14,Weekday,67,Dyker Heights,Brooklyn,0.52
14,Weekday,136,Kingsbridge Heights,Bronx,0.52
14,Weekday,32,Bronxdale,Bronx,0.5
14,Weekday,257,Windsor Terrace,Brooklyn,0.47
14,Weekday,34,Brooklyn Navy Yard,Brooklyn,0.44
14,Weekday,122,Hollis,Queens,0.44
14,Weekday,203,Rosedale,Queens,0.41
14,Weekday,94,Fordham South,Bronx,0.41
14,Weekday,252,Whitestone,Queens,0.41
14,Weekday,102,Glendale,Queens,0.39
14,Weekday,98,Fresh Meadows,Queens,0.38
14,Weekday,185,Pelham Parkway,Bronx,0.38
14,Weekday,3,Allerton/Pelham Gardens,Bronx,0.36
14,Weekday,53,College Point,Queens,0.36
14,Weekday,192,Queensboro Hill,Queens,0.34
14,Weekday,171,Murray Hill-Queens,Queens,0.34
14,Weekday,208,Schuylerville/Edgewater Park,Bronx,0.34
14,Weekday,201,Rockaway Park,Queens,0.33
14,Weekday,16,Bayside,Queens,0.31
14,Weekday,101,Glen Oaks,Queens,0.31
14,Weekday,178,Ocean Parkway South,Brooklyn,0.31
14,Weekday,200,Riverdale/North Riverdale/Fieldston,Bronx,0.27
14,Weekday,202,Roosevelt Island,Manhattan,0.27
14,Weekday,15,Bay Terrace/Fort Totten,Queens,0.25
14,Weekday,11,Bath Beach,Brooklyn,0.23
14,Weekday,6,Arrochar/Fort Wadsworth,Staten Island,0.23
14,Weekday,9,Auburndale,Queens,0.2
14,Weekday,207,Saint Michaels Cemetery/Woodside,Queens,0.19
14,Weekday,190,Prospect Park,Brooklyn,0.19
14,Weekday,175,Oakland Gardens,Queens,0.17
14,Weekday,54,Columbia Street,Brooklyn,0.16
14,Weekday,194,Randalls Island,Manhattan,0.14
14,Weekday,183,Pelham Bay,Bronx,0.14
14,Weekday,153,Marble Hill,Manhattan,0.14
14,Weekday,64,Douglaston,Queens,0.13
14,Weekday,73,East Flushing,Queens,0.11
14,Weekday,57,Corona,Queens,0.09
14,Weekday,1,Newark Airport,EWR,0.09
14,Weekday,128,Inwood Hill Park,Manhattan,0.08
14,Weekday,154,Marine Park/Floyd Bennett Field,Brooklyn,0.08
14,Weekday,240,Van Cortlandt Park,Bronx,0.08
14,Weekday,31,Bronx Park,Bronx,0.08
14,Weekday,96,Forest Park/Highland Park,Queens,0.06
14,Weekday,214,South Beach/Dongan Hills,Staten Island,0.06
14,Weekday,8,Astoria Park,Queens,0.05
14,Weekday,120,Highbridge Park,Manhattan,0.05
14,Weekday,118,Heartland Village/Todt Hill,Staten Island,0.03
14,Weekday,184,Pelham Bay Park,Bronx,0.03
14,Weekday,221,Stapleton,Staten Island,0.03
14,Weekday,253,Willets Point,Queens,0.03
14,Weekday,59,Crotona Park,Bronx,0.03
14,Weekday,46,City Island,Bronx,0.02
14,Weekday,172,New Dorp/Midland Beach,Staten Island,0.02
14,Weekday,30,Broad Channel,Queens,0.02
14,Weekday,111,Green-Wood Cemetery,Brooklyn,0.02
14,Weekday,23,Bloomfield/Emerson Hill,Staten Island,0.02
15,Weekday,236,Upper East Side North,Manhattan,454.92
15,Weekday,237,Upper East Side South,Manhattan,433.69
15,Weekday,161,Midtown Center,Manhattan,394.56
15,Weekday,132,JFK Airport,Queens,300.84
15,Weekday,162,Midtown East,Manhattan,252.33
15,Weekday,138,LaGuardia Airport,Queens,228.81
15,Weekday,140,Lenox Hill East,Manhattan,221.95
15,Weekday,163,Midtown North,Manhattan,206.45
15,Weekday,142,Lincoln Square East,Manhattan,203.02
15,Weekday,170,Murray Hill,Manhattan,201.41
15,Weekday,239,Upper West Side South,Manhattan,198.44
15,Weekday,186,Penn Station/Madison Sq West,Manhattan,192.44
15,Weekday,234,Union Sq,Manhattan,190.64
15,Weekday,230,Times Sq/Theatre District,Manhattan,181.83
15,Weekday,238,Upper West Side North,Manhattan,180.11
15,Weekday,68,East Chelsea,Manhattan,175.09
15,Weekday,141,Lenox Hill West,Manhattan,172.53
15,Weekday,43,Central Park,Manhattan,154.59
15,Weekday,246,West Chelsea/Hudson Yards,Manhattan,142.91
15,Weekday,164,Midtown South,Manhattan,139.34
15,Weekday,263,Yorkville West,Manhattan,121.63
15,Weekday,107,Gramercy,Manhattan,112.06
15,Weekday,262,Yorkville East,Manhattan,110.13
15,Weekday,48,Clinton East,Manhattan,97.92
15,Weekday,229,Sutton Place/Turtle Bay North,Manhattan,97.58
15,Weekday,113,Greenwich Village North,Manhattan,89.39
15,Weekday,143,Lincoln Square West,Manhattan,88.58
15,Weekday,100,Garment District,Manhattan,87.78
15,Weekday,137,Kips Bay,Manhattan,85.45
15,Weekday,231,TriBeCa/Civic Center,Manhattan,84.98
15,Weekday,90,Flatiron,Manhattan,82.38
15,Weekday,249,West Village,Manhattan,76.11
15,Weekday,233,UN/Turtle Bay South,Manhattan,75.56
15,Weekday,79,East Village,Manhattan,70.83
15,Weekday,75,East Harlem South,Manhattan,64.56
15,Weekday,144,Little Italy/NoLiTa,Manhattan,59.53
15,Weekday,151,Manhattan Valley,Manhattan,54.06
15,Weekday,211,SoHo,Manhattan,53.97
15,Weekday,114,Greenwich Village South,Manhattan,53.38
15,Weekday,13,Battery Park City,Manhattan,47.53
15,Weekday,158,Meatpacking/West Village West,Manhattan,44.86
15,Weekday,166,Morningside Heights,Manhattan,43.72
15,Weekday,261,World Trade Center,Manhattan,42.66
15,Weekday,50,Clinton West,Manhattan,30.97
15,Weekday,87,Financial District North,Manhattan,30.77
15,Weekday,125,Hudson Sq,Manhattan,28.48
15,Weekday,148,Lower East Side,Manhattan,26.66
15,Weekday,70,East Elmhurst,Queens,24.7
15,Weekday,88,Financial District South,Manhattan,21.91
15,Weekday,74,East Harlem North,Manhattan,20.83
15,Weekday,41,Central Harlem,Manhattan,20.36
15,Weekday,24,Bloomingdale,Manhattan,17.56
15,Weekday,264,Unknown,Unknown,16.33
15,Weekday,45,Chinatown,Manhattan,13.05
15,Weekday,42,Central Harlem North,Manhattan,10.55
15,Weekday,209,Seaport,Manhattan,8.91
15,Weekday,244,Washington Heights South,Manhattan,8.36
15,Weekday,226,Sunnyside,Queens,8.06
15,Weekday,224,Stuy Town/Peter Cooper Village,Manhattan,7.73
15,Weekday,197,Richmond Hill,Queens,7.23
15,Weekday,232,Two Bridges/Seward Park,Manhattan,6.97
15,Weekday,130,Jamaica,Queens,6.73
15,Weekday,152,Manhattanville,Manhattan,6.36
15,Weekday,61,Crown Heights North,Brooklyn,6.28
15,Weekday,65,Downtown Brooklyn/MetroTech,Brooklyn,5.97
15,Weekday,33,Brooklyn Heights,Brooklyn,5.06
15,Weekday,7,Astoria,Queens,4.95
15,Weekday,76,East New York,Brooklyn,4.92
15,Weekday,4,Alphabet City,Manhattan,4.91
15,Weekday,116,Hamilton Heights,Manhattan,4.84
15,Weekday,188,Prospect-Lefferts Gardens,Brooklyn,4.45
15,Weekday,12,Battery Park,Manhattan,4.2
15,Weekday,145,Long Island City/Hunters Point,Queens,4.14
15,Weekday,97,Fort Greene,Brooklyn,3.91
15,Weekday,66,DUMBO/Vinegar Hill,Brooklyn,3.63
15,Weekday,25,Boerum Hill,Brooklyn,3.53
15,Weekday,39,Canarsie,Brooklyn,3.2
15,Weekday,146,Long Island City/Queens Plaza,Queens,3.08
15,Weekday,181,Park Slope,Brooklyn,3.05
15,Weekday,168,Mott Haven/Port Morris,Bronx,3.03
15,Weekday,89,Flatbush/Ditmas Park,Brooklyn,3.0
15,Weekday,17,Bedford,Brooklyn,2.95
15,Weekday,49,Clinton Hill,Brooklyn,2.95
15,Weekday,72,East Flatbush/Remsen Village,Brooklyn,2.94
15,Weekday,129,Jackson Heights,Queens,2.92
15,Weekday,35,Brownsville,Brooklyn,2.7
15,Weekday,95,Forest Hills,Queens,2.61
15,Weekday,82,Elmhurst,Queens,2.58
15,Weekday,225,Stuyvesant Heights,Brooklyn,2.53
15,Weekday,179,Old Astoria,Queens,2.5
15,Weekday,216,South Ozone Park,Queens,2.45
15,Weekday,260,Woodside,Queens,2.41
15,Weekday,91,Flatlands,Brooklyn,2.34
15,Weekday,26,Borough Park,Brooklyn,2.25
15,Weekday,243,Washington Heights North,Manhattan,2.22
15,Weekday,37,Bushwick South,Brooklyn,2.22
15,Weekday,71,East Flatbush/Farragut,Brooklyn,2.17
15,Weekday,10,Baisley Park,Queens,2.09
15,Weekday,256,Williamsburg (South Side),Brooklyn,1.97
15,Weekday,14,Bay Ridge,Brooklyn,1.94
15,Weekday,228,Sunset Park West,Brooklyn,1.92
15,Weekday,223,Steinway,Queens,1.81
15,Weekday,134,Kew Gardens,Queens,1.8
15,Weekday,219,Springfield Gardens South,Queens,1.7
15,Weekday,177,Ocean Hill,Brooklyn,1.69
15,Weekday,205,Saint Albans,Queens,1.67
15,Weekday,62,Crown Heights South,Brooklyn,1.64
15,Weekday,215,South Jamaica,Queens,1.63
15,Weekday,69,East Concourse/Concourse Village,Bronx,1.61
15,Weekday,247,West Concourse,Bronx,1.58
15,Weekday,193,Queensbridge/Ravenswood,Queens,1.5
15,Weekday,80,East Williamsburg,Brooklyn,1.47
15,Weekday,77,East New York/Pennsylvania Avenue,Brooklyn,1.47
15,Weekday,242,Van Nest/Morris Park,Bronx,1.38
15,Weekday,127,Inwood,Manhattan,1.36
15,Weekday,159,Melrose South,Bronx,1.34
15,Weekday,165,Midwood,Brooklyn,1.34
15,Weekday,28,Briarwood/Jamaica Hills,Queens,1.33
15,Weekday,169,Mount Hope,Bronx,1.33
15,Weekday,196,Rego Park,Queens,1.3
15,Weekday,121,Hillcrest/Pomonok,Queens,1.28
15,Weekday,157,Maspeth,Queens,1.27
15,Weekday,52,Cobble Hill,Brooklyn,1.25
15,Weekday,85,Erasmus,Brooklyn,1.25
15,Weekday,189,Prospect Heights,Brooklyn,1.23
15,Weekday,112,Greenpoint,Brooklyn,1.23
15,Weekday,255,Williamsburg (North Side),Brooklyn,1.23
15,Weekday,55,Coney Island,Brooklyn,1.23
15,Weekday,86,Far Rockaway,Queens,1.22
15,Weekday,155,Marine Park/Mill Basin,Brooklyn,1.11
15,Weekday,213,Soundview/Castle Hill,Bronx,1.08
15,Weekday,167,Morrisania/Melrose,Bronx,1.05
15,Weekday,63,Cypress Hills,Brooklyn,1.05
15,Weekday,56,Corona,Queens,1.02
15,Weekday,123,Homecrest,Brooklyn,1.0
15,Weekday,126,Hunts Point,Bronx,1.0
15,Weekday,198,Ridgewood,Queens,0.97
15,Weekday,217,South Williamsburg,Brooklyn,0.97
15,Weekday,135,Kew Gardens Hills,Queens,0.95
15,Weekday,254,Williamsbridge/Olinville,Bronx,0.95
15,Weekday,258,Woodhaven,Queens,0.95
15,Weekday,36,Bushwick North,Brooklyn,0.95
15,Weekday,218,Springfield Gardens North,Queens,0.94
15,Weekday,92,Flushing,Queens,0.91
15,Weekday,210,Sheepshead Bay,Brooklyn,0.91
15,Weekday,222,Starrett City,Brooklyn,0.91
15,Weekday,78,East Tremont,Bronx,0.88
15,Weekday,227,Sunset Park East,Brooklyn,0.88
15,Weekday,195,Red Hook,Brooklyn,0.88
15,Weekday,139,Laurelton,Queens,0.83
15,Weekday,174,Norwood,Bronx,0.81
15,Weekday,160,Middle Village,Queens,0.81
15,Weekday,29,Brighton Beach,Brooklyn,0.78
15,Weekday,173,North Corona,Queens,0.75
15,Weekday,83,Elmhurst/Maspeth,Queens,0.75
15,Weekday,191,Queens Village,Queens,0.72
15,Weekday,265,Outside NYC,Unknown,0.72
15,Weekday,136,Kingsbridge Heights,Bronx,0.72
15,Weekday,40,Carroll Gardens,Brooklyn,0.7
15,Weekday,220,Spuyten Duyvil/Kingsbridge,Bronx,0.7
15,Weekday,149,Madison,Brooklyn,0.69
15,Weekday,133,Kensington,Brooklyn,0.67
15,Weekday,106,Gowanus,Brooklyn,0.67
15,Weekday,22,Bensonhurst West,Brooklyn,0.66
15,Weekday,250,Westchester Village/Unionport,Bronx,0.64
15,Weekday,47,Claremont/Bathgate,Bronx,0.64
15,Weekday,119,Highbridge,Bronx,0.63
15,Weekday,60,Crotona Park East,Bronx,0.63
15,Weekday,235,University Heights/Morris Heights,Bronx,0.61
15,Weekday,93,Flushing Meadows-Corona Park,Queens,0.61
15,Weekday,51,Co-Op City,Bronx,0.61
15,Weekday,108,Gravesend,Brooklyn,0.58
15,Weekday,18,Bedford Park,Bronx,0.56
15,Weekday,259,Woodlawn/Wakefield,Bronx,0.53
15,Weekday,102,Glendale,Queens,0.53
15,Weekday,20,Belmont,Bronx,0.53
15,Weekday,202,Roosevelt Island,Manhattan,0.53
15,Weekday,131,Jamaica Estates,Queens,0.52
15,Weekday,21,Bensonhurst East,Brooklyn,0.5
15,Weekday,124,Howard Beach,Queens,0.48
15,Weekday,34,Brooklyn Navy Yard,Brooklyn,0.47
15,Weekday,94,Fordham South,Bronx,0.47
15,Weekday,117,Hammels/Arverne,Queens,0.47
15,Weekday,32,Bronxdale,Bronx,0.45
15,Weekday,248,West Farms/Bronx River,Bronx,0.45
15,Weekday,147,Longwood,Bronx,0.45
15,Weekday,19,Bellerose,Queens,0.44
15,Weekday,81,Eastchester,Bronx,0.44
15,Weekday,150,Manhattan Beach,Brooklyn,0.44
15,Weekday,182,Parkchester,Bronx,0.42
15,Weekday,180,Ozone Park,Queens,0.42
15,Weekday,257,Windsor Terrace,Brooklyn,0.42
15,Weekday,67,Dyker Heights,Brooklyn,0.42
15,Weekday,241,Van Cortlandt Village,Bronx,0.42
15,Weekday,38,Cambria Heights,Queens,0.42
15,Weekday,200,Riverdale/North Riverdale/Fieldston,Bronx,0.38
15,Weekday,208,Schuylerville/Edgewater Park,Bronx,0.38
15,Weekday,53,College Point,Queens,0.36
15,Weekday,185,Pelham Parkway,Bronx,0.36
15,Weekday,203,Rosedale,Queens,0.34
15,Weekday,212,Soundview/Bruckner,Bronx,0.34
15,Weekday,252,Whitestone,Queens,0.34
15,Weekday,11,Bath Beach,Brooklyn,0.33
15,Weekday,101,Glen Oaks,Queens,0.33
15,Weekday,171,Murray Hill-Queens,Queens,0.33
15,Weekday,192,Queensboro Hill,Queens,0.31
15,Weekday,98,Fresh Meadows,Queens,0.31
15,Weekday,16,Bayside,Queens,0.3
15,Weekday,201,Rockaway Park,Queens,0.28
15,Weekday,3,Allerton/Pelham Gardens,Bronx,0.25
15,Weekday,175,Oakland Gardens,Queens,0.25
15,Weekday,6,Arrochar/Fort Wadsworth,Staten Island,0.25
15,Weekday,122,Hollis,Queens,0.22
15,Weekday,190,Prospect Park,Brooklyn,0.22
15,Weekday,178,Ocean Parkway South,Brooklyn,0.22
15,Weekday,207,Saint Michaels Cemetery/Woodside,Queens,0.2
15,Weekday,54,Columbia Street,Brooklyn,0.19
15,Weekday,194,Randalls Island,Manhattan,0.17
15,Weekday,9,Auburndale,Queens,0.16
15,Weekday,240,Van Cortlandt Park,Bronx,0.16
15,Weekday,15,Bay Terrace/Fort Totten,Queens,0.16
15,Weekday,1,Newark Airport,EWR,0.14
15,Weekday,64,Douglaston,Queens,0.13
15,Weekday,73,East Flushing,Queens,0.11
15,Weekday,183,Pelham Bay,Bronx,0.11
15,Weekday,154,Marine Park/Floyd Bennett Field,Brooklyn,0.11
15,Weekday,31,Bronx Park,Bronx,0.09
15,Weekday,128,Inwood Hill Park,Manhattan,0.08
15,Weekday,57,Corona,Queens,0.06
15,Weekday,253,Willets Point,Queens,0.06
15,Weekday,153,Marble Hill,Manhattan,0.06
15,Weekday,118,Heartland Village/Todt Hill,Staten Island,0.05
15,Weekday,184,Pelham Bay Park,Bronx,0.05
15,Weekday,46,City Island,Bronx,0.03
15,Weekday,30,Broad Channel,Queens,0.03
15,Weekday,58,Country Club,Bronx,0.03
15,Weekday,8,Astoria Park,Queens,0.03
15,Weekday,120,Highbridge Park,Manhattan,0.03
15,Weekday,214,South Beach/Dongan Hills,Staten Island,0.03
15,Weekday,251,Westerleigh,Staten Island,0.02
15,Weekday,96,Forest Park/Highland Park,Queens,0.02
15,Weekday,206,Saint George/New Brighton,Staten Island,0.02
15,Weekday,115,Grymes Hill/Clifton,Staten Island,0.02
15,Weekday,187,Port Richmond,Staten Island,0.02
15,Weekday,59,Crotona Park,Bronx,0.02
16,Weekday,161,Midtown Center,Manhattan,445.97
16,Weekday,237,Upper East Side South,Manhattan,405.28
16,Weekday,236,Upper East Side North,Manhattan,374.44
16,Weekday,132,JFK Airport,Queens,336.64
16,Weekday,162,Midtown East,Manhattan,285.38
16,Weekday,163,Midtown North,Manhattan,220.59
16,Weekday,230,Times Sq/Theatre District,Manhattan,219.81
16,Weekday,138,LaGuardia Airport,Queens,218.39
16,Weekday,170,Murray Hill,Manhattan,211.69
16,Weekday,140,Lenox Hill East,Manhattan,206.91
16,Weekday,234,Union Sq,Manhattan,196.61
16,Weekday,186,Penn Station/Madison Sq West,Manhattan,189.59
16,Weekday,239,Upper West Side South,Manhattan,185.97
16,Weekday,142,Lincoln Square East,Manhattan,185.0
16,Weekday,68,East Chelsea,Manhattan,173.84
16,Weekday,246,West Chelsea/Hudson Yards,Manhattan,159.48
16,Weekday,141,Lenox Hill West,Manhattan,152.7
16,Weekday,164,Midtown South,Manhattan,149.77
16,Weekday,43,Central Park,Manhattan,139.23
16,Weekday,238,Upper West Side North,Manhattan,133.23
16,Weekday,263,Yorkville West,Manhattan,110.78
16,Weekday,107,Gramercy,Manhattan,107.75
16,Weekday,48,Clinton East,Manhattan,106.7
16,Weekday,100,Garment District,Manhattan,101.02
16,Weekday,229,Sutton Place/Turtle Bay North,Manhattan,95.56
16,Weekday,231,TriBeCa/Civic Center,Manhattan,90.8
16,Weekday,262,Yorkville East,Manhattan,88.61
16,Weekday,137,Kips Bay,Manhattan,87.63
16,Weekday,113,Greenwich Village North,Manhattan,85.81
16,Weekday,90,Flatiron,Manhattan,83.09
16,Weekday,233,UN/Turtle Bay South,Manhattan,79.91
16,Weekday,143,Lincoln Square West,Manhattan,79.25
16,Weekday,249,West Village,Manhattan,70.53
16,Weekday,79,East Village,Manhattan,63.13
16,Weekday,144,Little Italy/NoLiTa,Manhattan,58.72
16,Weekday,13,Battery Park City,Manhattan,58.09
16,Weekday,75,East Harlem South,Manhattan,55.42
16,Weekday,211,SoHo,Manhattan,53.28
16,Weekday,114,Greenwich Village South,Manhattan,52.38
16,Weekday,151,Manhattan Valley,Manhattan,50.88
16,Weekday,158,Meatpacking/West Village West,Manhattan,43.45
16,Weekday,261,World Trade Center,Manhattan,42.78
16,Weekday,166,Morningside Heights,Manhattan,38.91
16,Weekday,87,Financial District North,Manhattan,34.0
16,Weekday,50,Clinton West,Manhattan,31.95
16,Weekday,125,Hudson Sq,Manhattan,29.97
16,Weekday,88,Financial District South,Manhattan,25.52
16,Weekday,148,Lower East Side,Manhattan,24.86
16,Weekday,70,East Elmhurst,Queens,20.34
16,Weekday,41,Central Harlem,Manhattan,17.13
16,Weekday,74,East Harlem North,Manhattan,17.0
16,Weekday,24,Bloomingdale,Manhattan,14.98
16,Weekday,264,Unknown,Unknown,14.67
16,Weekday,45,Chinatown,Manhattan,12.39
16,Weekday,209,Seaport,Manhattan,9.56
16,Weekday,42,Central Harlem North,Manhattan,8.75
16,Weekday,226,Sunnyside,Queens,7.86
16,Weekday,197,Richmond Hill,Queens,6.8
16,Weekday,244,Washington Heights South,Manhattan,6.38
16,Weekday,232,Two Bridges/Seward Park,Manhattan,5.69
16,Weekday,65,Downtown Brooklyn/MetroTech,Brooklyn,5.45
16,Weekday,224,Stuy Town/Peter Cooper Village,Manhattan,5.41
16,Weekday,145,Long Island City/Hunters Point,Queens,5.13
16,Weekday,152,Manhattanville,Manhattan,5.09
16,Weekday,130,Jamaica,Queens,4.83
16,Weekday,12,Battery Park,Manhattan,3.97
16,Weekday,61,Crown Heights North,Brooklyn,3.53
16,Weekday,97,Fort Greene,Brooklyn,3.52
16,Weekday,66,DUMBO/Vinegar Hill,Brooklyn,3.41
16,Weekday,7,Astoria,Queens,3.36
16,Weekday,116,Hamilton Heights,Manhattan,3.33
16,Weekday,25,Boerum Hill,Brooklyn,3.3
16,Weekday,10,Baisley Park,Queens,3.25
16,Weekday,188,Prospect-Lefferts Gardens,Brooklyn,3.23
16,Weekday,4,Alphabet City,Manhattan,3.2
16,Weekday,33,Brooklyn Heights,Brooklyn,3.14
16,Weekday,76,East New York,Brooklyn,2.94
16,Weekday,146,Long Island City/Queens Plaza,Queens,2.91
16,Weekday,168,Mott Haven/Port Morris,Bronx,2.48
16,Weekday,216,South Ozone Park,Queens,2.42
16,Weekday,49,Clinton Hill,Brooklyn,2.34
16,Weekday,181,Park Slope,Brooklyn,2.22
16,Weekday,260,Woodside,Queens,2.2
16,Weekday,17,Bedford,Brooklyn,2.14
16,Weekday,95,Forest Hills,Queens,2.09
16,Weekday,129,Jackson Heights,Queens,2.02
16,Weekday,37,Bushwick South,Brooklyn,2.0
16,Weekday,134,Kew Gardens,Queens,1.91
16,Weekday,215,South Jamaica,Queens,1.89
16,Weekday,89,Flatbush/Ditmas Park,Brooklyn,1.88
16,Weekday,35,Brownsville,Brooklyn,1.73
16,Weekday,72,East Flatbush/Remsen Village,Brooklyn,1.61
16,Weekday,82,Elmhurst,Queens,1.59
16,Weekday,256,Williamsburg (South Side),Brooklyn,1.53
16,Weekday,179,Old Astoria,Queens,1.5
16,Weekday,225,Stuyvesant Heights,Brooklyn,1.47
16,Weekday,71,East Flatbush/Farragut,Brooklyn,1.45
16,Weekday,93,Flushing Meadows-Corona Park,Queens,1.45
16,Weekday,243,Washington Heights North,Manhattan,1.38
16,Weekday,223,Steinway,Queens,1.33
16,Weekday,26,Borough Park,Brooklyn,1.33
16,Weekday,247,West Concourse,Bronx,1.28
16,Weekday,39,Canarsie,Brooklyn,1.28
16,Weekday,69,East Concourse/Concourse Village,Bronx,1.25
16,Weekday,177,Ocean Hill,Brooklyn,1.25
16,Weekday,219,Springfield Gardens South,Queens,1.2
16,Weekday,159,Melrose South,Bronx,1.2
16,Weekday,242,Van Nest/Morris Park,Bronx,1.14
16,Weekday,228,Sunset Park West,Brooklyn,1.14
16,Weekday,62,Crown Heights South,Brooklyn,1.09
16,Weekday,255,Williamsburg (North Side),Brooklyn,1.09
16,Weekday,80,East Williamsburg,Brooklyn,1.06
16,Weekday,28,Briarwood/Jamaica Hills,Queens,1.03
16,Weekday,193,Queensbridge/Ravenswood,Queens,1.0
16,Weekday,196,Rego Park,Queens,0.95
16,Weekday,139,Laurelton,Queens,0.94
16,Weekday,265,Outside NYC,Unknown,0.91
16,Weekday,112,Greenpoint,Brooklyn,0.89
16,Weekday,157,Maspeth,Queens,0.89
16,Weekday,174,Norwood,Bronx,0.88
16,Weekday,85,Erasmus,Brooklyn,0.86
16,Weekday,189,Prospect Heights,Brooklyn,0.86
16,Weekday,52,Cobble Hill,Brooklyn,0.86
16,Weekday,165,Midwood,Brooklyn,0.8
16,Weekday,14,Bay Ridge,Brooklyn,0.8
16,Weekday,91,Flatlands,Brooklyn,0.78
16,Weekday,121,Hillcrest/Pomonok,Queens,0.78
16,Weekday,20,Belmont,Bronx,0.77
16,Weekday,55,Coney Island,Brooklyn,0.75
16,Weekday,36,Bushwick North,Brooklyn,0.73
16,Weekday,63,Cypress Hills,Brooklyn,0.73
16,Weekday,227,Sunset Park East,Brooklyn,0.73
16,Weekday,56,Corona,Queens,0.72
16,Weekday,258,Woodhaven,Queens,0.7
16,Weekday,83,Elmhurst/Maspeth,Queens,0.69
16,Weekday,47,Claremont/Bathgate,Bronx,0.69
16,Weekday,205,Saint Albans,Queens,0.67
16,Weekday,169,Mount Hope,Bronx,0.67
16,Weekday,195,Red Hook,Brooklyn,0.67
16,Weekday,77,East New York/Pennsylvania Avenue,Brooklyn,0.66
16,Weekday,123,Homecrest,Brooklyn,0.66
16,Weekday,210,Sheepshead Bay,Brooklyn,0.64
16,Weekday,127,Inwood,Manhattan,0.64
16,Weekday,155,Marine Park/Mill Basin,Brooklyn,0.63
16,Weekday,78,East Tremont,Bronx,0.61
16,Weekday,198,Ridgewood,Queens,0.59
16,Weekday,217,South Williamsburg,Brooklyn,0.56
16,Weekday,250,Westchester Village/Unionport,Bronx,0.55
16,Weekday,126,Hunts Point,Bronx,0.53
16,Weekday,86,Far Rockaway,Queens,0.53
16,Weekday,191,Queens Village,Queens,0.52
16,Weekday,40,Carroll Gardens,Brooklyn,0.52
16,Weekday,22,Bensonhurst West,Brooklyn,0.5
16,Weekday,124,Howard Beach,Queens,0.47
16,Weekday,81,Eastchester,Bronx,0.45
16,Weekday,136,Kingsbridge Heights,Bronx,0.45
16,Weekday,131,Jamaica Estates,Queens,0.44
16,Weekday,106,Gowanus,Brooklyn,0.44
16,Weekday,149,Madison,Brooklyn,0.44
16,Weekday,160,Middle Village,Queens,0.42
16,Weekday,51,Co-Op City,Bronx,0.42
16,Weekday,218,Springfield Gardens North,Queens,0.42
16,Weekday,29,Brighton Beach,Brooklyn,0.42
16,Weekday,135,Kew Gardens Hills,Queens,0.41
16,Weekday,254,Williamsbridge/Olinville,Bronx,0.41
16,Weekday,167,Morrisania/Melrose,Bronx,0.41
16,Weekday,34,Brooklyn Navy Yard,Brooklyn,0.41
16,Weekday,147,Longwood,Bronx,0.39
16,Weekday,180,Ozone Park,Queens,0.39
16,Weekday,119,Highbridge,Bronx,0.39
16,Weekday,222,Starrett City,Brooklyn,0.39
16,Weekday,102,Glendale,Queens,0.38
16,Weekday,212,Soundview/Bruckner,Bronx,0.36
16,Weekday,220,Spuyten Duyvil/Kingsbridge,Bronx,0.36
16,Weekday,60,Crotona Park East,Bronx,0.34
16,Weekday,18,Bedford Park,Bronx,0.34
16,Weekday,235,University Heights/Morris Heights,Bronx,0.34
16,Weekday,117,Hammels/Arverne,Queens,0.33
16,Weekday,32,Bronxdale,Bronx,0.33
16,Weekday,213,Soundview/Castle Hill,Bronx,0.33
16,Weekday,92,Flushing,Queens,0.31
16,Weekday,182,Parkchester,Bronx,0.31
16,Weekday,53,College Point,Queens,0.3
16,Weekday,241,Van Cortlandt Village,Bronx,0.28
16,Weekday,150,Manhattan Beach,Brooklyn,0.27
16,Weekday,133,Kensington,Brooklyn,0.27
16,Weekday,185,Pelham Parkway,Bronx,0.27
16,Weekday,54,Columbia Street,Brooklyn,0.27
16,Weekday,194,Randalls Island,Manhattan,0.27
16,Weekday,248,West Farms/Bronx River,Bronx,0.27
16,Weekday,94,Fordham South,Bronx,0.27
16,Weekday,202,Roosevelt Island,Manhattan,0.23
16,Weekday,178,Ocean Parkway South,Brooklyn,0.23
16,Weekday,257,Windsor Terrace,Brooklyn,0.22
16,Weekday,259,Woodlawn/Wakefield,Bronx,0.22
16,Weekday,3,Allerton/Pelham Gardens,Bronx,0.22
16,Weekday,21,Bensonhurst East,Brooklyn,0.2
16,Weekday,67,Dyker Heights,Brooklyn,0.2
16,Weekday,173,North Corona,Queens,0.2
16,Weekday,108,Gravesend,Brooklyn,0.19
16,Weekday,16,Bayside,Queens,0.19
16,Weekday,192,Queensboro Hill,Queens,0.17
16,Weekday,208,Schuylerville/Edgewater Park,Bronx,0.16
16,Weekday,190,Prospect Park,Brooklyn,0.16
16,Weekday,6,Arrochar/Fort Wadsworth,Staten Island,0.16
16,Weekday,19,Bellerose,Queens,0.16
16,Weekday,252,Whitestone,Queens,0.14
16,Weekday,201,Rockaway Park,Queens,0.14
16,Weekday,175,Oakland Gardens,Queens,0.14
16,Weekday,203,Rosedale,Queens,0.14
16,Weekday,101,Glen Oaks,Queens,0.14
16,Weekday,1,Newark Airport,EWR,0.13
16,Weekday,38,Cambria Heights,Queens,0.13
16,Weekday,122,Hollis,Queens,0.13
16,Weekday,200,Riverdale/North Riverdale/Fieldston,Bronx,0.13
16,Weekday,64,Douglaston,Queens,0.13
16,Weekday,171,Murray Hill-Queens,Queens,0.11
16,Weekday,153,Marble Hill,Manhattan,0.11
16,Weekday,128,Inwood Hill Park,Manhattan,0.11
16,Weekday,98,Fresh Meadows,Queens,0.11
16,Weekday,15,Bay Terrace/Fort Totten,Queens,0.11
16,Weekday,207,Saint Michaels Cemetery/Woodside,Queens,0.11
16,Weekday,11,Bath Beach,Brooklyn,0.11
16,Weekday,9,Auburndale,Queens,0.06
16,Weekday,183,Pelham Bay,Bronx,0.06
16,Weekday,31,Bronx Park,Bronx,0.06
16,Weekday,154,Marine Park/Floyd Bennett Field,Brooklyn,0.05
16,Weekday,8,Astoria Park,Queens,0.05
16,Weekday,27,Breezy Point/Fort Tilden/Riis Beach,Queens,0.05
16,Weekday,73,East Flushing,Queens,0.05
16,Weekday,46,City Island,Bronx,0.05
16,Weekday,240,Van Cortlandt Park,Bronx,0.03
16,Weekday,59,Crotona Park,Bronx,0.03
16,Weekday,120,Highbridge Park,Manhattan,0.03
16,Weekday,23,Bloomfield/Emerson Hill,Staten Island,0.03
16,Weekday,57,Corona,Queens,0.03
16,Weekday,30,Broad Channel,Queens,0.03
16,Weekday,187,Port Richmond,Staten Island,0.02
16,Weekday,58,Country Club,Bronx,0.02
16,Weekday,111,Green-Wood Cemetery,Brooklyn,0.02
16,Weekday,156,Mariners Harbor,Staten Island,0.02
16,Weekday,221,Stapleton,Staten Island,0.02
16,Weekday,184,Pelham Bay Park,Bronx,0.02
16,Weekday,115,Grymes Hill/Clifton,Staten Island,0.02
16,Weekday,214,South Beach/Dongan Hills,Staten Island,0.02
16,Weekday,253,Willets Point,Queens,0.02
17,Weekday,161,Midtown Center,Manhattan,571.16
17,Weekday,237,Upper East Side South,Manhattan,427.95
17,Weekday,162,Midtown East,Manhattan,401.52
17,Weekday,236,Upper East Side North,Manhattan,392.41
17,Weekday,132,JFK Airport,Queens,295.8
17,Weekday,163,Midtown North,Manhattan,271.55
17,Weekday,230,Times Sq/Theatre District,Manhattan,271.14
17,Weekday,170,Murray Hill,Manhattan,251.28
17,Weekday,234,Union Sq,Manhattan,250.16
17,Weekday,68,East Chelsea,Manhattan,237.5
17,Weekday,186,Penn Station/Madison Sq West,Manhattan,235.34
17,Weekday,142,Lincoln Square East,Manhattan,220.2
17,Weekday,239,Upper West Side South,Manhattan,211.06
17,Weekday,140,Lenox Hill East,Manhattan,207.06
17,Weekday,246,West Chelsea/Hudson Yards,Manhattan,201.92
17,Weekday,138,LaGuardia Airport,Queens,192.02
17,Weekday,164,Midtown South,Manhattan,187.94
17,Weekday,141,Lenox Hill West,Manhattan,169.06
17,Weekday,238,Upper West Side North,Manhattan,155.05
17,Weekday,48,Clinton East,Manhattan,132.52
17,Weekday,107,Gramercy,Manhattan,128.89
17,Weekday,263,Yorkville West,Manhattan,128.88
17,Weekday,231,TriBeCa/Civic Center,Manhattan,128.27
17,Weekday,100,Garment District,Manhattan,127.16
17,Weekday,229,Sutton Place/Turtle Bay North,Manhattan,123.55
17,Weekday,43,Central Park,Manhattan,118.59
17,Weekday,233,UN/Turtle Bay South,Manhattan,105.06
17,Weekday,262,Yorkville East,Manhattan,102.25
17,Weekday,90,Flatiron,Manhattan,101.19
17,Weekday,113,Greenwich Village North,Manhattan,99.17
17,Weekday,137,Kips Bay,Manhattan,91.77
17,Weekday,249,West Village,Manhattan,89.72
17,Weekday,143,Lincoln Square West,Manhattan,85.39
17,Weekday,13,Battery Park City,Manhattan,83.06
17,Weekday,79,East Village,Manhattan,78.56
17,Weekday,144,Little Italy/NoLiTa,Manhattan,67.67
17,Weekday,114,Greenwich Village South,Manhattan,62.25
17,Weekday,211,SoHo,Manhattan,60.09
17,Weekday,75,East Harlem South,Manhattan,56.44
17,Weekday,158,Meatpacking/West Village West,Manhattan,56.0
17,Weekday,151,Manhattan Valley,Manhattan,55.77
17,Weekday,87,Financial District North,Manhattan,50.44
17,Weekday,166,Morningside Heights,Manhattan,49.5
17,Weekday,261,World Trade Center,Manhattan,46.97
17,Weekday,125,Hudson Sq,Manhattan,41.52
17,Weekday,50,Clinton West,Manhattan,38.2
17,Weekday,88,Financial District South,Manhattan,31.17
17,Weekday,148,Lower East Side,Manhattan,28.61
17,Weekday,41,Central Harlem,Manhattan,22.67
17,Weekday,70,East Elmhurst,Queens,19.22
17,Weekday,24,Bloomingdale,Manhattan,19.22
17,Weekday,74,East Harlem North,Manhattan,17.72
17,Weekday,264,Unknown,Unknown,16.5
17,Weekday,209,Seaport,Manhattan,10.86
17,Weekday,45,Chinatown,Manhattan,10.39
17,Weekday,42,Central Harlem North,Manhattan,9.34
17,Weekday,244,Washington Heights South,Manhattan,7.52
17,Weekday,152,Manhattanville,Manhattan,7.48
17,Weekday,224,Stuy Town/Peter Cooper Village,Manhattan,7.23
17,Weekday,65,Downtown Brooklyn/MetroTech,Brooklyn,7.23
17,Weekday,226,Sunnyside,Queens,6.72
17,Weekday,232,Two Bridges/Seward Park,Manhattan,6.14
17,Weekday,33,Brooklyn Heights,Brooklyn,5.11
17,Weekday,66,DUMBO/Vinegar Hill,Brooklyn,4.8
17,Weekday,145,Long Island City/Hunters Point,Queens,4.66
17,Weekday,116,Hamilton Heights,Manhattan,4.52
17,Weekday,7,Astoria,Queens,4.3
17,Weekday,130,Jamaica,Queens,4.17
17,Weekday,4,Alphabet City,Manhattan,4.11
17,Weekday,97,Fort Greene,Brooklyn,4.11
17,Weekday,25,Boerum Hill,Brooklyn,4.02
17,Weekday,61,Crown Heights North,Brooklyn,3.45
17,Weekday,49,Clinton Hill,Brooklyn,3.11
17,Weekday,146,Long Island City/Queens Plaza,Queens,2.98
17,Weekday,181,Park Slope,Brooklyn,2.73
17,Weekday,95,Forest Hills,Queens,2.7
17,Weekday,76,East New York,Brooklyn,2.7
17,Weekday,129,Jackson Heights,Queens,2.64
17,Weekday,168,Mott Haven/Port Morris,Bronx,2.55
17,Weekday,12,Battery Park,Manhattan,2.52
17,Weekday,188,Prospect-Lefferts Gardens,Brooklyn,2.44
17,Weekday,89,Flatbush/Ditmas Park,Brooklyn,2.27
17,Weekday,17,Bedford,Brooklyn,2.19
17,Weekday,37,Bushwick South,Brooklyn,2.0
17,Weekday,255,Williamsburg (North Side),Brooklyn,1.89
17,Weekday,256,Williamsburg (South Side),Brooklyn,1.88
17,Weekday,82,Elmhurst,Queens,1.86
17,Weekday,260,Woodside,Queens,1.86
17,Weekday,197,Richmond Hill,Queens,1.83
17,Weekday,243,Washington Heights North,Manhattan,1.77
17,Weekday,225,Stuyvesant Heights,Brooklyn,1.67
17,Weekday,228,Sunset Park West,Brooklyn,1.67
17,Weekday,216,South Ozone Park,Queens,1.64
17,Weekday,10,Baisley Park,Queens,1.53
17,Weekday,179,Old Astoria,Queens,1.52
17,Weekday,193,Queensbridge/Ravenswood,Queens,1.47
17,Weekday,69,East Concourse/Concourse Village,Bronx,1.45
17,Weekday,80,East Williamsburg,Brooklyn,1.45
17,Weekday,159,Melrose South,Bronx,1.45
17,Weekday,247,West Concourse,Bronx,1.42
17,Weekday,112,Greenpoint,Brooklyn,1.38
17,Weekday,134,Kew Gardens,Queens,1.28
17,Weekday,35,Brownsville,Brooklyn,1.27
17,Weekday,72,East Flatbush/Remsen Village,Brooklyn,1.25
17,Weekday,223,Steinway,Queens,1.19
17,Weekday,177,Ocean Hill,Brooklyn,1.19
17,Weekday,26,Borough Park,Brooklyn,1.19
17,Weekday,39,Canarsie,Brooklyn,1.17
17,Weekday,71,East Flatbush/Farragut,Brooklyn,1.06
17,Weekday,52,Cobble Hill,Brooklyn,1.06
17,Weekday,14,Bay Ridge,Brooklyn,1.02
17,Weekday,189,Prospect Heights,Brooklyn,1.0
17,Weekday,62,Crown Heights South,Brooklyn,0.98
17,Weekday,219,Springfield Gardens South,Queens,0.94
17,Weekday,91,Flatlands,Brooklyn,0.94
17,Weekday,123,Homecrest,Brooklyn,0.89
17,Weekday,85,Erasmus,Brooklyn,0.88
17,Weekday,126,Hunts Point,Bronx,0.84
17,Weekday,196,Rego Park,Queens,0.84
17,Weekday,215,South Jamaica,Queens,0.83
17,Weekday,28,Briarwood/Jamaica Hills,Queens,0.8
17,Weekday,83,Elmhurst/Maspeth,Queens,0.78
17,Weekday,40,Carroll Gardens,Brooklyn,0.78
17,Weekday,77,East New York/Pennsylvania Avenue,Brooklyn,0.77
17,Weekday,63,Cypress Hills,Brooklyn,0.73
17,Weekday,250,Westchester Village/Unionport,Bronx,0.7
17,Weekday,127,Inwood,Manhattan,0.69
17,Weekday,86,Far Rockaway,Queens,0.67
17,Weekday,155,Marine Park/Mill Basin,Brooklyn,0.67
17,Weekday,242,Van Nest/Morris Park,Bronx,0.66
17,Weekday,55,Coney Island,Brooklyn,0.66
17,Weekday,106,Gowanus,Brooklyn,0.64
17,Weekday,174,Norwood,Bronx,0.63
17,Weekday,36,Bushwick North,Brooklyn,0.61
17,Weekday,133,Kensington,Brooklyn,0.59
17,Weekday,265,Outside NYC,Unknown,0.59
17,Weekday,195,Red Hook,Brooklyn,0.59
17,Weekday,198,Ridgewood,Queens,0.59
17,Weekday,34,Brooklyn Navy Yard,Brooklyn,0.59
17,Weekday,51,Co-Op City,Bronx,0.58
17,Weekday,160,Middle Village,Queens,0.56
17,Weekday,165,Midwood,Brooklyn,0.56
17,Weekday,205,Saint Albans,Queens,0.56
17,Weekday,180,Ozone Park,Queens,0.56
17,Weekday,213,Soundview/Castle Hill,Bronx,0.56
17,Weekday,169,Mount Hope,Bronx,0.55
17,Weekday,18,Bedford Park,Bronx,0.53
17,Weekday,47,Claremont/Bathgate,Bronx,0.52
17,Weekday,92,Flushing,Queens,0.5
17,Weekday,93,Flushing Meadows-Corona Park,Queens,0.5
17,Weekday,218,Springfield Gardens North,Queens,0.48
17,Weekday,78,East Tremont,Bronx,0.48
17,Weekday,254,Williamsbridge/Olinville,Bronx,0.48
17,Weekday,258,Woodhaven,Queens,0.48
17,Weekday,185,Pelham Parkway,Bronx,0.48
17,Weekday,121,Hillcrest/Pomonok,Queens,0.47
17,Weekday,182,Parkchester,Bronx,0.47
17,Weekday,131,Jamaica Estates,Queens,0.45
17,Weekday,117,Hammels/Arverne,Queens,0.45
17,Weekday,227,Sunset Park East,Brooklyn,0.45
17,Weekday,157,Maspeth,Queens,0.45
17,Weekday,235,University Heights/Morris Heights,Bronx,0.44
17,Weekday,191,Queens Village,Queens,0.41
17,Weekday,217,South Williamsburg,Brooklyn,0.41
17,Weekday,167,Morrisania/Melrose,Bronx,0.41
17,Weekday,29,Brighton Beach,Brooklyn,0.41
17,Weekday,200,Riverdale/North Riverdale/Fieldston,Bronx,0.39
17,Weekday,20,Belmont,Bronx,0.38
17,Weekday,56,Corona,Queens,0.38
17,Weekday,102,Glendale,Queens,0.38
17,Weekday,32,Bronxdale,Bronx,0.36
17,Weekday,22,Bensonhurst West,Brooklyn,0.36
17,Weekday,201,Rockaway Park,Queens,0.34
17,Weekday,21,Bensonhurst East,Brooklyn,0.34
17,Weekday,210,Sheepshead Bay,Brooklyn,0.34
17,Weekday,222,Starrett City,Brooklyn,0.34
17,Weekday,124,Howard Beach,Queens,0.33
17,Weekday,147,Longwood,Bronx,0.31
17,Weekday,67,Dyker Heights,Brooklyn,0.31
17,Weekday,149,Madison,Brooklyn,0.31
17,Weekday,139,Laurelton,Queens,0.3
17,Weekday,220,Spuyten Duyvil/Kingsbridge,Bronx,0.3
17,Weekday,248,West Farms/Bronx River,Bronx,0.28
17,Weekday,241,Van Cortlandt Village,Bronx,0.27
17,Weekday,53,College Point,Queens,0.27
17,Weekday,203,Rosedale,Queens,0.27
17,Weekday,208,Schuylerville/Edgewater Park,Bronx,0.25
17,Weekday,60,Crotona Park East,Bronx,0.25
17,Weekday,150,Manhattan Beach,Brooklyn,0.25
17,Weekday,212,Soundview/Bruckner,Bronx,0.25
17,Weekday,135,Kew Gardens Hills,Queens,0.25
17,Weekday,136,Kingsbridge Heights,Bronx,0.25
17,Weekday,173,North Corona,Queens,0.25
17,Weekday,259,Woodlawn/Wakefield,Bronx,0.25
17,Weekday,119,Highbridge,Bronx,0.23
17,Weekday,19,Bellerose,Queens,0.23
17,Weekday,257,Windsor Terrace,Brooklyn,0.22
17,Weekday,81,Eastchester,Bronx,0.22
17,Weekday,178,Ocean Parkway South,Brooklyn,0.22
17,Weekday,3,Allerton/Pelham Gardens,Bronx,0.22
17,Weekday,202,Roosevelt Island,Manhattan,0.19
17,Weekday,108,Gravesend,Brooklyn,0.17
17,Weekday,38,Cambria Heights,Queens,0.17
17,Weekday,94,Fordham South,Bronx,0.17
17,Weekday,16,Bayside,Queens,0.16
17,Weekday,98,Fresh Meadows,Queens,0.16
17,Weekday,190,Prospect Park,Brooklyn,0.16
17,Weekday,54,Columbia Street,Brooklyn,0.16
17,Weekday,192,Queensboro Hill,Queens,0.16
17,Weekday,175,Oakland Gardens,Queens,0.13
17,Weekday,252,Whitestone,Queens,0.11
17,Weekday,128,Inwood Hill Park,Manhattan,0.11
17,Weekday,183,Pelham Bay,Bronx,0.11
17,Weekday,122,Hollis,Queens,0.11
17,Weekday,11,Bath Beach,Brooklyn,0.11
17,Weekday,1,Newark Airport,EWR,0.09
17,Weekday,46,City Island,Bronx,0.09
17,Weekday,101,Glen Oaks,Queens,0.09
17,Weekday,240,Van Cortlandt Park,Bronx,0.08
17,Weekday,153,Marble Hill,Manhattan,0.08
17,Weekday,15,Bay Terrace/Fort Totten,Queens,0.08
17,Weekday,207,Saint Michaels Cemetery/Woodside,Queens,0.08
17,Weekday,194,Randalls Island,Manhattan,0.08
17,Weekday,171,Murray Hill-Queens,Queens,0.06
17,Weekday,64,Douglaston,Queens,0.06
17,Weekday,30,Broad Channel,Queens,0.06
17,Weekday,120,Highbridge Park,Manhattan,0.05
17,Weekday,9,Auburndale,Queens,0.05
17,Weekday,96,Forest Park/Highland Park,Queens,0.05
17,Weekday,154,Marine Park/Floyd Bennett Field,Brooklyn,0.03
17,Weekday,214,South Beach/Dongan Hills,Staten Island,0.03
17,Weekday,31,Bronx Park,Bronx,0.03
17,Weekday,73,East Flushing,Queens,0.03
17,Weekday,58,Country Club,Bronx,0.02
17,Weekday,8,Astoria Park,Queens,0.02
17,Weekday,23,Bloomfield/Emerson Hill,Staten Island,0.02
17,Weekday,27,Breezy Point/Fort Tilden/Riis Beach,Queens,0.02
17,Weekday,6,Arrochar/Fort Wadsworth,Staten Island,0.02
17,Weekday,57,Corona,Queens,0.02
17,Weekday,253,Willets Point,Queens,0.02
17,Weekday,2,Jamaica Bay,Queens,0.02
18,Weekday,161,Midtown Center,Manhattan,595.66
18,Weekday,237,Upper East Side South,Manhattan,437.95
18,Weekday,162,Midtown East,Manhattan,436.7
18,Weekday,236,Upper East Side North,Manhattan,381.08
18,Weekday,163,Midtown North,Manhattan,307.64
18,Weekday,230,Times Sq/Theatre District,Manhattan,296.75
18,Weekday,234,Union Sq,Manhattan,281.47
18,Weekday,170,Murray Hill,Manhattan,271.67
18,Weekday,132,JFK Airport,Queens,258.77
18,Weekday,68,East Chelsea,Manhattan,257.17
18,Weekday,142,Lincoln Square East,Manhattan,248.67
18,Weekday,186,Penn Station/Madison Sq West,Manhattan,233.59
18,Weekday,246,West Chelsea/Hudson Yards,Manhattan,213.7
18,Weekday,164,Midtown South,Manhattan,210.48
18,Weekday,239,Upper West Side South,Manhattan,209.3
18,Weekday,138,LaGuardia Airport,Queens,193.05
18,Weekday,141,Lenox Hill West,Manhattan,185.17
18,Weekday,140,Lenox Hill East,Manhattan,175.27
18,Weekday,48,Clinton East,Manhattan,166.22
18,Weekday,238,Upper West Side North,Manhattan,155.52
18,Weekday,107,Gramercy,Manhattan,152.41
18,Weekday,229,Sutton Place/Turtle Bay North,Manhattan,152.38
18,Weekday,231,TriBeCa/Civic Center,Manhattan,140.83
18,Weekday,263,Yorkville West,Manhattan,137.69
18,Weekday,90,Flatiron,Manhattan,134.36
18,Weekday,100,Garment District,Manhattan,128.59
18,Weekday,113,Greenwich Village North,Manhattan,119.0
18,Weekday,79,East Village,Manhattan,117.78
18,Weekday,249,West Village,Manhattan,116.77
18,Weekday,233,UN/Turtle Bay South,Manhattan,111.28
18,Weekday,262,Yorkville East,Manhattan,100.7
18,Weekday,43,Central Park,Manhattan,95.09
18,Weekday,137,Kips Bay,Manhattan,94.61
18,Weekday,143,Lincoln Square West,Manhattan,89.97
18,Weekday,114,Greenwich Village South,Manhattan,82.81
18,Weekday,144,Little Italy/NoLiTa,Manhattan,80.14
18,Weekday,13,Battery Park City,Manhattan,80.11
18,Weekday,211,SoHo,Manhattan,71.41
18,Weekday,158,Meatpacking/West Village West,Manhattan,62.47
18,Weekday,151,Manhattan Valley,Manhattan,60.95
18,Weekday,87,Financial District North,Manhattan,59.72
18,Weekday,166,Morningside Heights,Manhattan,48.58
18,Weekday,75,East Harlem South,Manhattan,48.03
18,Weekday,261,World Trade Center,Manhattan,47.97
18,Weekday,125,Hudson Sq,Manhattan,45.94
18,Weekday,50,Clinton West,Manhattan,41.94
18,Weekday,148,Lower East Side,Manhattan,40.77
18,Weekday,88,Financial District South,Manhattan,27.14
18,Weekday,41,Central Harlem,Manhattan,24.36
18,Weekday,74,East Harlem North,Manhattan,19.11
18,Weekday,24,Bloomingdale,Manhattan,17.75
18,Weekday,70,East Elmhurst,Queens,17.27
18,Weekday,264,Unknown,Unknown,17.06
18,Weekday,209,Seaport,Manhattan,13.77
18,Weekday,224,Stuy Town/Peter Cooper Village,Manhattan,12.08
18,Weekday,45,Chinatown,Manhattan,11.52
18,Weekday,42,Central Harlem North,Manhattan,10.61
18,Weekday,232,Two Bridges/Seward Park,Manhattan,8.47
18,Weekday,244,Washington Heights South,Manhattan,7.58
18,Weekday,4,Alphabet City,Manhattan,7.52
18,Weekday,152,Manhattanville,Manhattan,7.2
18,Weekday,66,DUMBO/Vinegar Hill,Brooklyn,6.95
18,Weekday,65,Downtown Brooklyn/MetroTech,Brooklyn,6.83
18,Weekday,116,Hamilton Heights,Manhattan,6.72
18,Weekday,145,Long Island City/Hunters Point,Queens,6.31
18,Weekday,33,Brooklyn Heights,Brooklyn,6.23
18,Weekday,226,Sunnyside,Queens,6.06
18,Weekday,97,Fort Greene,Brooklyn,5.11
18,Weekday,7,Astoria,Queens,4.3
18,Weekday,181,Park Slope,Brooklyn,4.27
18,Weekday,25,Boerum Hill,Brooklyn,4.23
18,Weekday,61,Crown Heights North,Brooklyn,4.08
18,Weekday,130,Jamaica,Queens,3.67
18,Weekday,256,Williamsburg (South Side),Brooklyn,3.25
18,Weekday,146,Long Island City/Queens Plaza,Queens,3.09
18,Weekday,255,Williamsburg (North Side),Brooklyn,2.81
18,Weekday,95,Forest Hills,Queens,2.8
18,Weekday,49,Clinton Hill,Brooklyn,2.73
18,Weekday,129,Jackson Heights,Queens,2.7
18,Weekday,112,Greenpoint,Brooklyn,2.69
18,Weekday,17,Bedford,Brooklyn,2.59
18,Weekday,76,East New York,Brooklyn,2.58
18,Weekday,89,Flatbush/Ditmas Park,Brooklyn,2.56
18,Weekday,188,Prospect-Lefferts Gardens,Brooklyn,2.45
18,Weekday,37,Bushwick South,Brooklyn,2.27
18,Weekday,243,Washington Heights North,Manhattan,2.16
18,Weekday,179,Old Astoria,Queens,2.06
18,Weekday,82,Elmhurst,Queens,2.06
18,Weekday,168,Mott Haven/Port Morris,Bronx,1.97
18,Weekday,193,Queensbridge/Ravenswood,Queens,1.8
18,Weekday,225,Stuyvesant Heights,Brooklyn,1.78
18,Weekday,80,East Williamsburg,Brooklyn,1.75
18,Weekday,10,Baisley Park,Queens,1.66
18,Weekday,260,Woodside,Queens,1.63
18,Weekday,216,South Ozone Park,Queens,1.56
18,Weekday,228,Sunset Park West,Brooklyn,1.44
18,Weekday,223,Steinway,Queens,1.36
18,Weekday,196,Rego Park,Queens,1.31
18,Weekday,39,Canarsie,Brooklyn,1.3
18,Weekday,177,Ocean Hill,Brooklyn,1.27
18,Weekday,52,Cobble Hill,Brooklyn,1.27
18,Weekday,189,Prospect Heights,Brooklyn,1.22
18,Weekday,197,Richmond Hill,Queens,1.22
18,Weekday,134,Kew Gardens,Queens,1.19
18,Weekday,35,Brownsville,Brooklyn,1.14
18,Weekday,62,Crown Heights South,Brooklyn,1.11
18,Weekday,247,West Concourse,Bronx,1.08
18,Weekday,40,Carroll Gardens,Brooklyn,1.03
18,Weekday,91,Flatlands,Brooklyn,1.0
18,Weekday,198,Ridgewood,Queens,1.0
18,Weekday,69,East Concourse/Concourse Village,Bronx,0.97
18,Weekday,159,Melrose South,Bronx,0.97
18,Weekday,106,Gowanus,Brooklyn,0.95
18,Weekday,72,East Flatbush/Remsen Village,Brooklyn,0.95
18,Weekday,12,Battery Park,Manhattan,0.94
18,Weekday,26,Borough Park,Brooklyn,0.89
18,Weekday,127,Inwood,Manhattan,0.86
18,Weekday,36,Bushwick North,Brooklyn,0.83
18,Weekday,219,Springfield Gardens South,Queens,0.81
18,Weekday,71,East Flatbush/Farragut,Brooklyn,0.8
18,Weekday,165,Midwood,Brooklyn,0.8
18,Weekday,215,South Jamaica,Queens,0.8
18,Weekday,217,South Williamsburg,Brooklyn,0.77
18,Weekday,155,Marine Park/Mill Basin,Brooklyn,0.77
18,Weekday,28,Briarwood/Jamaica Hills,Queens,0.72
18,Weekday,195,Red Hook,Brooklyn,0.72
18,Weekday,92,Flushing,Queens,0.67
18,Weekday,55,Coney Island,Brooklyn,0.67
18,Weekday,63,Cypress Hills,Brooklyn,0.67
18,Weekday,34,Brooklyn Navy Yard,Brooklyn,0.66
18,Weekday,157,Maspeth,Queens,0.64
18,Weekday,85,Erasmus,Brooklyn,0.63
18,Weekday,83,Elmhurst/Maspeth,Queens,0.61
18,Weekday,14,Bay Ridge,Brooklyn,0.59
18,Weekday,133,Kensington,Brooklyn,0.59
18,Weekday,51,Co-Op City,Bronx,0.55
18,Weekday,254,Williamsbridge/Olinville,Bronx,0.55
18,Weekday,123,Homecrest,Brooklyn,0.53
18,Weekday,93,Flushing Meadows-Corona Park,Queens,0.52
18,Weekday,160,Middle Village,Queens,0.5
18,Weekday,56,Corona,Queens,0.5
18,Weekday,265,Outside NYC,Unknown,0.5
18,Weekday,205,Saint Albans,Queens,0.48
18,Weekday,77,East New York/Pennsylvania Avenue,Brooklyn,0.47
18,Weekday,180,Ozone Park,Queens,0.47
18,Weekday,78,East Tremont,Bronx,0.45
18,Weekday,213,Soundview/Castle Hill,Bronx,0.45
18,Weekday,242,Van Nest/Morris Park,Bronx,0.44
18,Weekday,126,Hunts Point,Bronx,0.42
18,Weekday,167,Morrisania/Melrose,Bronx,0.42
18,Weekday,169,Mount Hope,Bronx,0.42
18,Weekday,235,University Heights/Morris Heights,Bronx,0.42
18,Weekday,22,Bensonhurst West,Brooklyn,0.42
18,Weekday,174,Norwood,Bronx,0.41
18,Weekday,173,North Corona,Queens,0.41
18,Weekday,212,Soundview/Bruckner,Bronx,0.39
18,Weekday,18,Bedford Park,Bronx,0.39
18,Weekday,182,Parkchester,Bronx,0.39
18,Weekday,241,Van Cortlandt Village,Bronx,0.38
18,Weekday,227,Sunset Park East,Brooklyn,0.38
18,Weekday,218,Springfield Gardens North,Queens,0.36
18,Weekday,119,Highbridge,Bronx,0.36
18,Weekday,131,Jamaica Estates,Queens,0.34
18,Weekday,250,Westchester Village/Unionport,Bronx,0.34
18,Weekday,86,Far Rockaway,Queens,0.34
18,Weekday,222,Starrett City,Brooklyn,0.34
18,Weekday,258,Woodhaven,Queens,0.33
18,Weekday,191,Queens Village,Queens,0.31
18,Weekday,175,Oakland Gardens,Queens,0.3
18,Weekday,147,Longwood,Bronx,0.3
18,Weekday,210,Sheepshead Bay,Brooklyn,0.3
18,Weekday,149,Madison,Brooklyn,0.3
18,Weekday,208,Schuylerville/Edgewater Park,Bronx,0.28
18,Weekday,135,Kew Gardens Hills,Queens,0.28
18,Weekday,121,Hillcrest/Pomonok,Queens,0.28
18,Weekday,102,Glendale,Queens,0.28
18,Weekday,67,Dyker Heights,Brooklyn,0.27
18,Weekday,32,Bronxdale,Bronx,0.27
18,Weekday,108,Gravesend,Brooklyn,0.25
18,Weekday,81,Eastchester,Bronx,0.25
18,Weekday,220,Spuyten Duyvil/Kingsbridge,Bronx,0.25
18,Weekday,117,Hammels/Arverne,Queens,0.23
18,Weekday,21,Bensonhurst East,Brooklyn,0.23
18,Weekday,60,Crotona Park East,Bronx,0.23
18,Weekday,136,Kingsbridge Heights,Bronx,0.23
18,Weekday,124,Howard Beach,Queens,0.23
18,Weekday,257,Windsor Terrace,Brooklyn,0.22
18,Weekday,53,College Point,Queens,0.22
18,Weekday,185,Pelham Parkway,Bronx,0.22
18,Weekday,202,Roosevelt Island,Manhattan,0.2
18,Weekday,20,Belmont,Bronx,0.2
18,Weekday,139,Laurelton,Queens,0.2
18,Weekday,16,Bayside,Queens,0.19
18,Weekday,200,Riverdale/North Riverdale/Fieldston,Bronx,0.19
18,Weekday,3,Allerton/Pelham Gardens,Bronx,0.19
18,Weekday,252,Whitestone,Queens,0.17
18,Weekday,47,Claremont/Bathgate,Bronx,0.17
18,Weekday,38,Cambria Heights,Queens,0.17
18,Weekday,203,Rosedale,Queens,0.17
18,Weekday,259,Woodlawn/Wakefield,Bronx,0.17
18,Weekday,94,Fordham South,Bronx,0.17
18,Weekday,11,Bath Beach,Brooklyn,0.17
18,Weekday,201,Rockaway Park,Queens,0.16
18,Weekday,150,Manhattan Beach,Brooklyn,0.16
18,Weekday,190,Prospect Park,Brooklyn,0.16
18,Weekday,153,Marble Hill,Manhattan,0.14
18,Weekday,183,Pelham Bay,Bronx,0.14
18,Weekday,98,Fresh Meadows,Queens,0.14
18,Weekday,194,Randalls Island,Manhattan,0.14
18,Weekday,248,West Farms/Bronx River,Bronx,0.14
18,Weekday,29,Brighton Beach,Brooklyn,0.14
18,Weekday,171,Murray Hill-Queens,Queens,0.13
18,Weekday,154,Marine Park/Floyd Bennett Field,Brooklyn,0.13
18,Weekday,178,Ocean Parkway South,Brooklyn,0.13
18,Weekday,101,Glen Oaks,Queens,0.13
18,Weekday,19,Bellerose,Queens,0.13
18,Weekday,192,Queensboro Hill,Queens,0.11
18,Weekday,15,Bay Terrace/Fort Totten,Queens,0.09
18,Weekday,122,Hollis,Queens,0.09
18,Weekday,54,Columbia Street,Brooklyn,0.08
18,Weekday,64,Douglaston,Queens,0.08
18,Weekday,9,Auburndale,Queens,0.06
18,Weekday,73,East Flushing,Queens,0.06
18,Weekday,207,Saint Michaels Cemetery/Woodside,Queens,0.05
18,Weekday,96,Forest Park/Highland Park,Queens,0.05
18,Weekday,240,Van Cortlandt Park,Bronx,0.03
18,Weekday,8,Astoria Park,Queens,0.03
18,Weekday,120,Highbridge Park,Manhattan,0.03
18,Weekday,23,Bloomfield/Emerson Hill,Staten Island,0.03
18,Weekday,6,Arrochar/Fort Wadsworth,Staten Island,0.03
18,Weekday,31,Bronx Park,Bronx,0.03
18,Weekday,57,Corona,Queens,0.03
18,Weekday,128,Inwood Hill Park,Manhattan,0.02
18,Weekday,58,Country Club,Bronx,0.02
18,Weekday,111,Green-Wood Cemetery,Brooklyn,0.02
18,Weekday,184,Pelham Bay Park,Bronx,0.02
18,Weekday,84,Eltingville/Annadale/Prince's Bay,Staten Island,0.02
18,Weekday,1,Newark Airport,EWR,0.02
18,Weekday,115,Grymes Hill/Clifton,Staten Island,0.02
18,Weekday,214,South Beach/Dongan Hills,Staten Island,0.02
18,Weekday,199,Rikers Island,Bronx,0.02
18,Weekday,253,Willets Point,Queens,0.02
19,Weekday,161,Midtown Center,Manhattan,511.56
19,Weekday,237,Upper East Side South,Manhattan,348.64
19,Weekday,162,Midtown East,Manhattan,345.42
19,Weekday,132,JFK Airport,Queens,302.48
19,Weekday,236,Upper East Side North,Manhattan,261.7
19,Weekday,234,Union Sq,Manhattan,261.5
19,Weekday,230,Times Sq/Theatre District,Manhattan,260.89
19,Weekday,163,Midtown North,Manhattan,247.31
19,Weekday,170,Murray Hill,Manhattan,242.0
19,Weekday,68,East Chelsea,Manhattan,223.75
19,Weekday,186,Penn Station/Madison Sq West,Manhattan,218.3
19,Weekday,142,Lincoln Square East,Manhattan,208.13
19,Weekday,138,LaGuardia Airport,Queens,197.41
19,Weekday,164,Midtown South,Manhattan,191.95
19,Weekday,246,West Chelsea/Hudson Yards,Manhattan,171.25
19,Weekday,239,Upper West Side South,Manhattan,169.8
19,Weekday,141,Lenox Hill West,Manhattan,159.16
19,Weekday,48,Clinton East,Manhattan,146.38
19,Weekday,140,Lenox Hill East,Manhattan,142.86
19,Weekday,107,Gramercy,Manhattan,142.52
19,Weekday,79,East Village,Manhattan,132.02
19,Weekday,249,West Village,Manhattan,130.55
19,Weekday,231,TriBeCa/Civic Center,Manhattan,127.23
19,Weekday,90,Flatiron,Manhattan,124.47
19,Weekday,229,Sutton Place/Turtle Bay North,Manhattan,122.7
19,Weekday,263,Yorkville West,Manhattan,120.66
19,Weekday,238,Upper West Side North,Manhattan,111.75
19,Weekday,113,Greenwich Village North,Manhattan,109.73
19,Weekday,100,Garment District,Manhattan,103.14
19,Weekday,137,Kips Bay,Manhattan,91.64
19,Weekday,233,UN/Turtle Bay South,Manhattan,91.5
19,Weekday,114,Greenwich Village South,Manhattan,88.59
19,Weekday,43,Central Park,Manhattan,78.14
19,Weekday,144,Little Italy/NoLiTa,Manhattan,77.05
19,Weekday,262,Yorkville East,Manhattan,68.95
19,Weekday,211,SoHo,Manhattan,68.47
19,Weekday,13,Battery Park City,Manhattan,68.45
19,Weekday,143,Lincoln Square West,Manhattan,64.92
19,Weekday,158,Meatpacking/West Village West,Manhattan,58.42
19,Weekday,87,Financial District North,Manhattan,50.75
19,Weekday,148,Lower East Side,Manhattan,48.83
19,Weekday,151,Manhattan Valley,Manhattan,43.8
19,Weekday,261,World Trade Center,Manhattan,41.72
19,Weekday,166,Morningside Heights,Manhattan,40.44
19,Weekday,75,East Harlem South,Manhattan,39.02
19,Weekday,125,Hudson Sq,Manhattan,38.84
19,Weekday,50,Clinton West,Manhattan,36.59
19,Weekday,88,Financial District South,Manhattan,25.2
19,Weekday,41,Central Harlem,Manhattan,20.06
19,Weekday,70,East Elmhurst,Queens,15.11
19,Weekday,74,East Harlem North,Manhattan,14.97
19,Weekday,209,Seaport,Manhattan,14.52
19,Weekday,24,Bloomingdale,Manhattan,14.3
19,Weekday,264,Unknown,Unknown,14.19
19,Weekday,45,Chinatown,Manhattan,11.28
19,Weekday,42,Central Harlem North,Manhattan,10.47
19,Weekday,224,Stuy Town/Peter Cooper Village,Manhattan,9.95
19,Weekday,232,Two Bridges/Seward Park,Manhattan,9.31
19,Weekday,4,Alphabet City,Manhattan,8.03
19,Weekday,65,Downtown Brooklyn/MetroTech,Brooklyn,7.0
19,Weekday,145,Long Island City/Hunters Point,Queens,6.73
19,Weekday,244,Washington Heights South,Manhattan,6.63
19,Weekday,116,Hamilton Heights,Manhattan,6.58
19,Weekday,152,Manhattanville,Manhattan,6.41
19,Weekday,33,Brooklyn Heights,Brooklyn,5.91
19,Weekday,226,Sunnyside,Queens,5.75
19,Weekday,66,DUMBO/Vinegar Hill,Brooklyn,5.36
19,Weekday,61,Crown Heights North,Brooklyn,4.88
19,Weekday,97,Fort Greene,Brooklyn,4.58
19,Weekday,7,Astoria,Queens,4.41
19,Weekday,25,Boerum Hill,Brooklyn,4.33
19,Weekday,181,Park Slope,Brooklyn,4.27
19,Weekday,255,Williamsburg (North Side),Brooklyn,4.22
19,Weekday,256,Williamsburg (South Side),Brooklyn,3.81
19,Weekday,130,Jamaica,Queens,3.22
19,Weekday,146,Long Island City/Queens Plaza,Queens,2.98
19,Weekday,95,Forest Hills,Queens,2.92
19,Weekday,82,Elmhurst,Queens,2.89
19,Weekday,112,Greenpoint,Brooklyn,2.81
19,Weekday,225,Stuyvesant Heights,Brooklyn,2.59
19,Weekday,76,East New York,Brooklyn,2.56
19,Weekday,49,Clinton Hill,Brooklyn,2.52
19,Weekday,129,Jackson Heights,Queens,2.45
19,Weekday,188,Prospect-Lefferts Gardens,Brooklyn,2.42
19,Weekday,89,Flatbush/Ditmas Park,Brooklyn,2.42
19,Weekday,243,Washington Heights North,Manhattan,2.42
19,Weekday,17,Bedford,Brooklyn,2.36
19,Weekday,37,Bushwick South,Brooklyn,2.27
19,Weekday,80,East Williamsburg,Brooklyn,1.94
19,Weekday,179,Old Astoria,Queens,1.91
19,Weekday,168,Mott Haven/Port Morris,Bronx,1.8
19,Weekday,228,Sunset Park West,Brooklyn,1.7
19,Weekday,260,Woodside,Queens,1.64
19,Weekday,223,Steinway,Queens,1.59
19,Weekday,10,Baisley Park,Queens,1.59
19,Weekday,35,Brownsville,Brooklyn,1.58
19,Weekday,189,Prospect Heights,Brooklyn,1.52
19,Weekday,197,Richmond Hill,Queens,1.5
19,Weekday,216,South Ozone Park,Queens,1.41
19,Weekday,36,Bushwick North,Brooklyn,1.36
19,Weekday,72,East Flatbush/Remsen Village,Brooklyn,1.36
19,Weekday,52,Cobble Hill,Brooklyn,1.34
19,Weekday,198,Ridgewood,Queens,1.33
19,Weekday,193,Queensbridge/Ravenswood,Queens,1.31
19,Weekday,62,Crown Heights South,Brooklyn,1.27
19,Weekday,39,Canarsie,Brooklyn,1.19
19,Weekday,177,Ocean Hill,Brooklyn,1.11
19,Weekday,196,Rego Park,Queens,1.09
19,Weekday,247,West Concourse,Bronx,1.09
19,Weekday,26,Borough Park,Brooklyn,1.09
19,Weekday,133,Kensington,Brooklyn,0.97
19,Weekday,85,Erasmus,Brooklyn,0.95
19,Weekday,71,East Flatbush/Farragut,Brooklyn,0.95
19,Weekday,40,Carroll Gardens,Brooklyn,0.95
19,Weekday,127,Inwood,Manhattan,0.91
19,Weekday,91,Flatlands,Brooklyn,0.88
19,Weekday,159,Melrose South,Bronx,0.88
19,Weekday,92,Flushing,Queens,0.86
19,Weekday,219,Springfield Gardens South,Queens,0.84
19,Weekday,28,Briarwood/Jamaica Hills,Queens,0.77
19,Weekday,106,Gowanus,Brooklyn,0.75
19,Weekday,69,East Concourse/Concourse Village,Bronx,0.72
19,Weekday,217,South Williamsburg,Brooklyn,0.7
19,Weekday,195,Red Hook,Brooklyn,0.69
19,Weekday,83,Elmhurst/Maspeth,Queens,0.69
19,Weekday,12,Battery Park,Manhattan,0.69
19,Weekday,14,Bay Ridge,Brooklyn,0.67
19,Weekday,205,Saint Albans,Queens,0.67
19,Weekday,155,Marine Park/Mill Basin,Brooklyn,0.64
19,Weekday,215,South Jamaica,Queens,0.64
19,Weekday,258,Woodhaven,Queens,0.63
19,Weekday,55,Coney Island,Brooklyn,0.61
19,Weekday,242,Van Nest/Morris Park,Bronx,0.59
19,Weekday,56,Corona,Queens,0.59
19,Weekday,134,Kew Gardens,Queens,0.59
19,Weekday,157,Maspeth,Queens,0.58
19,Weekday,63,Cypress Hills,Brooklyn,0.55
19,Weekday,34,Brooklyn Navy Yard,Brooklyn,0.55
19,Weekday,165,Midwood,Brooklyn,0.53
19,Weekday,126,Hunts Point,Bronx,0.52
19,Weekday,213,Soundview/Castle Hill,Bronx,0.52
19,Weekday,220,Spuyten Duyvil/Kingsbridge,Bronx,0.52
19,Weekday,18,Bedford Park,Bronx,0.48
19,Weekday,86,Far Rockaway,Queens,0.47
19,Weekday,160,Middle Village,Queens,0.47
19,Weekday,121,Hillcrest/Pomonok,Queens,0.47
19,Weekday,254,Williamsbridge/Olinville,Bronx,0.47
19,Weekday,51,Co-Op City,Bronx,0.45
19,Weekday,169,Mount Hope,Bronx,0.44
19,Weekday,173,North Corona,Queens,0.44
19,Weekday,174,Norwood,Bronx,0.44
19,Weekday,29,Brighton Beach,Brooklyn,0.44
19,Weekday,22,Bensonhurst West,Brooklyn,0.44
19,Weekday,241,Van Cortlandt Village,Bronx,0.42
19,Weekday,102,Glendale,Queens,0.42
19,Weekday,265,Outside NYC,Unknown,0.41
19,Weekday,77,East New York/Pennsylvania Avenue,Brooklyn,0.41
19,Weekday,123,Homecrest,Brooklyn,0.41
19,Weekday,93,Flushing Meadows-Corona Park,Queens,0.41
19,Weekday,167,Morrisania/Melrose,Bronx,0.41
19,Weekday,235,University Heights/Morris Heights,Bronx,0.39
19,Weekday,78,East Tremont,Bronx,0.38
19,Weekday,124,Howard Beach,Queens,0.38
19,Weekday,47,Claremont/Bathgate,Bronx,0.36
19,Weekday,210,Sheepshead Bay,Brooklyn,0.36
19,Weekday,218,Springfield Gardens North,Queens,0.36
19,Weekday,135,Kew Gardens Hills,Queens,0.36
19,Weekday,119,Highbridge,Bronx,0.36
19,Weekday,60,Crotona Park East,Bronx,0.34
19,Weekday,250,Westchester Village/Unionport,Bronx,0.34
19,Weekday,257,Windsor Terrace,Brooklyn,0.33
19,Weekday,20,Belmont,Bronx,0.31
19,Weekday,136,Kingsbridge Heights,Bronx,0.31
19,Weekday,21,Bensonhurst East,Brooklyn,0.3
19,Weekday,180,Ozone Park,Queens,0.3
19,Weekday,131,Jamaica Estates,Queens,0.28
19,Weekday,147,Longwood,Bronx,0.28
19,Weekday,227,Sunset Park East,Brooklyn,0.28
19,Weekday,222,Starrett City,Brooklyn,0.28
19,Weekday,149,Madison,Brooklyn,0.28
19,Weekday,191,Queens Village,Queens,0.27
19,Weekday,259,Woodlawn/Wakefield,Bronx,0.27
19,Weekday,212,Soundview/Bruckner,Bronx,0.25
19,Weekday,208,Schuylerville/Edgewater Park,Bronx,0.25
19,Weekday,117,Hammels/Arverne,Queens,0.25
19,Weekday,178,Ocean Parkway South,Brooklyn,0.23
19,Weekday,185,Pelham Parkway,Bronx,0.23
19,Weekday,182,Parkchester,Bronx,0.23
19,Weekday,190,Prospect Park,Brooklyn,0.22
19,Weekday,54,Columbia Street,Brooklyn,0.22
19,Weekday,202,Roosevelt Island,Manhattan,0.2
19,Weekday,153,Marble Hill,Manhattan,0.19
19,Weekday,53,College Point,Queens,0.19
19,Weekday,108,Gravesend,Brooklyn,0.17
19,Weekday,175,Oakland Gardens,Queens,0.17
19,Weekday,122,Hollis,Queens,0.17
19,Weekday,67,Dyker Heights,Brooklyn,0.16
19,Weekday,203,Rosedale,Queens,0.16
19,Weekday,3,Allerton/Pelham Gardens,Bronx,0.16
19,Weekday,150,Manhattan Beach,Brooklyn,0.14
19,Weekday,252,Whitestone,Queens,0.14
19,Weekday,201,Rockaway Park,Queens,0.14
19,Weekday,194,Randalls Island,Manhattan,0.14
19,Weekday,32,Bronxdale,Bronx,0.14
19,Weekday,11,Bath Beach,Brooklyn,0.14
19,Weekday,154,Marine Park/Floyd Bennett Field,Brooklyn,0.13
19,Weekday,15,Bay Terrace/Fort Totten,Queens,0.13
19,Weekday,9,Auburndale,Queens,0.11
19,Weekday,38,Cambria Heights,Queens,0.11
19,Weekday,207,Saint Michaels Cemetery/Woodside,Queens,0.11
19,Weekday,94,Fordham South,Bronx,0.11
19,Weekday,200,Riverdale/North Riverdale/Fieldston,Bronx,0.11
19,Weekday,81,Eastchester,Bronx,0.09
19,Weekday,171,Murray Hill-Queens,Queens,0.09
19,Weekday,57,Corona,Queens,0.09
19,Weekday,139,Laurelton,Queens,0.09
19,Weekday,16,Bayside,Queens,0.09
19,Weekday,98,Fresh Meadows,Queens,0.09
19,Weekday,19,Bellerose,Queens,0.09
19,Weekday,248,West Farms/Bronx River,Bronx,0.09
19,Weekday,192,Queensboro Hill,Queens,0.08
19,Weekday,101,Glen Oaks,Queens,0.08
19,Weekday,183,Pelham Bay,Bronx,0.06
19,Weekday,96,Forest Park/Highland Park,Queens,0.06
19,Weekday,120,Highbridge Park,Manhattan,0.05
19,Weekday,73,East Flushing,Queens,0.05
19,Weekday,128,Inwood Hill Park,Manhattan,0.03
19,Weekday,6,Arrochar/Fort Wadsworth,Staten Island,0.03
19,Weekday,46,City Island,Bronx,0.03
19,Weekday,1,Newark Airport,EWR,0.03
19,Weekday,30,Broad Channel,Queens,0.03
19,Weekday,64,Douglaston,Queens,0.03
19,Weekday,176,Oakwood,Staten Island,0.02
19,Weekday,251,Westerleigh,Staten Island,0.02
19,Weekday,8,Astoria Park,Queens,0.02
19,Weekday,214,South Beach/Dongan Hills,Staten Island,0.02
19,Weekday,31,Bronx Park,Bronx,0.02
19,Weekday,240,Van Cortlandt Park,Bronx,0.02
19,Weekday,59,Crotona Park,Bronx,0.02
19,Weekday,27,Breezy Point/Fort Tilden/Riis Beach,Queens,0.02
19,Weekday,23,Bloomfield/Emerson Hill,Staten Island,0.02
19,Weekday,221,Stapleton,Staten Island,0.02
20,Weekday,161,Midtown Center,Manhattan,533.91
20,Weekday,162,Midtown East,Manhattan,339.53
20,Weekday,237,Upper East Side South,Manhattan,327.59
20,Weekday,230,Times Sq/Theatre District,Manhattan,320.13
20,Weekday,132,JFK Airport,Queens,299.17
20,Weekday,234,Union Sq,Manhattan,276.98
20,Weekday,163,Midtown North,Manhattan,240.06
20,Weekday,170,Murray Hill,Manhattan,239.31
20,Weekday,142,Lincoln Square East,Manhattan,227.64
20,Weekday,68,East Chelsea,Manhattan,224.27
20,Weekday,236,Upper East Side North,Manhattan,215.8
20,Weekday,164,Midtown South,Manhattan,203.84
20,Weekday,138,LaGuardia Airport,Queens,203.56
20,Weekday,186,Penn Station/Madison Sq West,Manhattan,192.39
20,Weekday,249,West Village,Manhattan,177.39
20,Weekday,48,Clinton East,Manhattan,175.83
20,Weekday,246,West Chelsea/Hudson Yards,Manhattan,173.92
20,Weekday,79,East Village,Manhattan,162.05
20,Weekday,239,Upper West Side South,Manhattan,158.14
20,Weekday,107,Gramercy,Manhattan,152.64
20,Weekday,141,Lenox Hill West,Manhattan,139.77
20,Weekday,90,Flatiron,Manhattan,125.53
20,Weekday,229,Sutton Place/Turtle Bay North,Manhattan,123.7
20,Weekday,113,Greenwich Village North,Manhattan,123.58
20,Weekday,263,Yorkville West,Manhattan,120.13
20,Weekday,231,TriBeCa/Civic Center,Manhattan,118.39
20,Weekday,114,Greenwich Village South,Manhattan,115.41
20,Weekday,140,Lenox Hill East,Manhattan,108.61
20,Weekday,100,Garment District,Manhattan,103.61
20,Weekday,238,Upper West Side North,Manhattan,90.14
20,Weekday,233,UN/Turtle Bay South,Manhattan,85.55
20,Weekday,144,Little Italy/NoLiTa,Manhattan,81.09
20,Weekday,158,Meatpacking/West Village West,Manhattan,76.34
20,Weekday,137,Kips Bay,Manhattan,75.28
20,Weekday,43,Central Park,Manhattan,73.22
20,Weekday,211,SoHo,Manhattan,66.48
20,Weekday,148,Lower East Side,Manhattan,61.89
20,Weekday,13,Battery Park City,Manhattan,58.58
20,Weekday,87,Financial District North,Manhattan,52.34
20,Weekday,143,Lincoln Square West,Manhattan,52.14
20,Weekday,262,Yorkville East,Manhattan,48.83
20,Weekday,166,Morningside Heights,Manhattan,42.45
20,Weekday,125,Hudson Sq,Manhattan,41.45
20,Weekday,261,World Trade Center,Manhattan,39.09
20,Weekday,151,Manhattan Valley,Manhattan,37.56
20,Weekday,50,Clinton West,Manhattan,34.31
20,Weekday,75,East Harlem South,Manhattan,30.27
20,Weekday,88,Financial District South,Manhattan,26.11
20,Weekday,41,Central Harlem,Manhattan,20.56
20,Weekday,70,East Elmhurst,Queens,18.8
20,Weekday,209,Seaport,Manhattan,17.25
20,Weekday,74,East Harlem North,Manhattan,15.27
20,Weekday,45,Chinatown,Manhattan,15.23
20,Weekday,264,Unknown,Unknown,13.44
20,Weekday,24,Bloomingdale,Manhattan,13.3
20,Weekday,232,Two Bridges/Seward Park,Manhattan,11.03
20,Weekday,42,Central Harlem North,Manhattan,10.81
20,Weekday,4,Alphabet City,Manhattan,8.83
20,Weekday,224,Stuy Town/Peter Cooper Village,Manhattan,8.77
20,Weekday,244,Washington Heights South,Manhattan,7.53
20,Weekday,65,Downtown Brooklyn/MetroTech,Brooklyn,6.81
20,Weekday,116,Hamilton Heights,Manhattan,6.69
20,Weekday,66,DUMBO/Vinegar Hill,Brooklyn,6.25
20,Weekday,152,Manhattanville,Manhattan,6.23
20,Weekday,145,Long Island City/Hunters Point,Queens,6.11
20,Weekday,226,Sunnyside,Queens,5.66
20,Weekday,7,Astoria,Queens,5.44
20,Weekday,130,Jamaica,Queens,5.0
20,Weekday,255,Williamsburg (North Side),Brooklyn,4.94
20,Weekday,33,Brooklyn Heights,Brooklyn,4.88
20,Weekday,61,Crown Heights North,Brooklyn,4.86
20,Weekday,256,Williamsburg (South Side),Brooklyn,4.77
20,Weekday,181,Park Slope,Brooklyn,4.55
20,Weekday,97,Fort Greene,Brooklyn,4.45
20,Weekday,25,Boerum Hill,Brooklyn,4.16
20,Weekday,82,Elmhurst,Queens,3.91
20,Weekday,129,Jackson Heights,Queens,3.78
20,Weekday,76,East New York,Brooklyn,3.39
20,Weekday,95,Forest Hills,Queens,3.23
20,Weekday,188,Prospect-Lefferts Gardens,Brooklyn,3.08
20,Weekday,146,Long Island City/Queens Plaza,Queens,2.94
20,Weekday,168,Mott Haven/Port Morris,Bronx,2.89
20,Weekday,37,Bushwick South,Brooklyn,2.83
20,Weekday,112,Greenpoint,Brooklyn,2.63
20,Weekday,17,Bedford,Brooklyn,2.61
20,Weekday,80,East Williamsburg,Brooklyn,2.55
20,Weekday,89,Flatbush/Ditmas Park,Brooklyn,2.41
20,Weekday,225,Stuyvesant Heights,Brooklyn,2.38
20,Weekday,243,Washington Heights North,Manhattan,2.3
20,Weekday,223,Steinway,Queens,2.22
20,Weekday,247,West Concourse,Bronx,2.19
20,Weekday,197,Richmond Hill,Queens,2.13
20,Weekday,260,Woodside,Queens,2.09
20,Weekday,49,Clinton Hill,Brooklyn,1.97
20,Weekday,36,Bushwick North,Brooklyn,1.94
20,Weekday,228,Sunset Park West,Brooklyn,1.86
20,Weekday,179,Old Astoria,Queens,1.84
20,Weekday,39,Canarsie,Brooklyn,1.7
20,Weekday,35,Brownsville,Brooklyn,1.67
20,Weekday,177,Ocean Hill,Brooklyn,1.64
20,Weekday,62,Crown Heights South,Brooklyn,1.61
20,Weekday,10,Baisley Park,Queens,1.56
20,Weekday,216,South Ozone Park,Queens,1.55
20,Weekday,72,East Flatbush/Remsen Village,Brooklyn,1.52
20,Weekday,52,Cobble Hill,Brooklyn,1.5
20,Weekday,196,Rego Park,Queens,1.47
20,Weekday,189,Prospect Heights,Brooklyn,1.44
20,Weekday,159,Melrose South,Bronx,1.44
20,Weekday,92,Flushing,Queens,1.33
20,Weekday,106,Gowanus,Brooklyn,1.25
20,Weekday,69,East Concourse/Concourse Village,Bronx,1.19
20,Weekday,85,Erasmus,Brooklyn,1.08
20,Weekday,155,Marine Park/Mill Basin,Brooklyn,1.06
20,Weekday,198,Ridgewood,Queens,1.06
20,Weekday,26,Borough Park,Brooklyn,1.06
20,Weekday,40,Carroll Gardens,Brooklyn,0.98
20,Weekday,193,Queensbridge/Ravenswood,Queens,0.95
20,Weekday,219,Springfield Gardens South,Queens,0.92
20,Weekday,91,Flatlands,Brooklyn,0.88
20,Weekday,127,Inwood,Manhattan,0.88
20,Weekday,215,South Jamaica,Queens,0.83
20,Weekday,71,East Flatbush/Farragut,Brooklyn,0.81
20,Weekday,56,Corona,Queens,0.8
20,Weekday,12,Battery Park,Manhattan,0.8
20,Weekday,258,Woodhaven,Queens,0.78
20,Weekday,217,South Williamsburg,Brooklyn,0.77
20,Weekday,51,Co-Op City,Bronx,0.77
20,Weekday,14,Bay Ridge,Brooklyn,0.75
20,Weekday,83,Elmhurst/Maspeth,Queens,0.75
20,Weekday,157,Maspeth,Queens,0.75
20,Weekday,63,Cypress Hills,Brooklyn,0.72
20,Weekday,160,Middle Village,Queens,0.69
20,Weekday,165,Midwood,Brooklyn,0.67
20,Weekday,93,Flushing Meadows-Corona Park,Queens,0.67
20,Weekday,242,Van Nest/Morris Park,Bronx,0.66
20,Weekday,195,Red Hook,Brooklyn,0.64
20,Weekday,77,East New York/Pennsylvania Avenue,Brooklyn,0.64
20,Weekday,134,Kew Gardens,Queens,0.64
20,Weekday,102,Glendale,Queens,0.61
20,Weekday,28,Briarwood/Jamaica Hills,Queens,0.59
20,Weekday,55,Coney Island,Brooklyn,0.59
20,Weekday,34,Brooklyn Navy Yard,Brooklyn,0.59
20,Weekday,18,Bedford Park,Bronx,0.58
20,Weekday,169,Mount Hope,Bronx,0.58
20,Weekday,205,Saint Albans,Queens,0.58
20,Weekday,180,Ozone Park,Queens,0.58
20,Weekday,173,North Corona,Queens,0.55
20,Weekday,235,University Heights/Morris Heights,Bronx,0.55
20,Weekday,126,Hunts Point,Bronx,0.53
20,Weekday,254,Williamsbridge/Olinville,Bronx,0.53
20,Weekday,133,Kensington,Brooklyn,0.52
20,Weekday,124,Howard Beach,Queens,0.5
20,Weekday,78,East Tremont,Bronx,0.48
20,Weekday,22,Bensonhurst West,Brooklyn,0.48
20,Weekday,135,Kew Gardens Hills,Queens,0.47
20,Weekday,220,Spuyten Duyvil/Kingsbridge,Bronx,0.47
20,Weekday,218,Springfield Gardens North,Queens,0.45
20,Weekday,213,Soundview/Castle Hill,Bronx,0.45
20,Weekday,265,Outside NYC,Unknown,0.44
20,Weekday,131,Jamaica Estates,Queens,0.44
20,Weekday,241,Van Cortlandt Village,Bronx,0.42
20,Weekday,167,Morrisania/Melrose,Bronx,0.42
20,Weekday,29,Brighton Beach,Brooklyn,0.42
20,Weekday,227,Sunset Park East,Brooklyn,0.42
20,Weekday,60,Crotona Park East,Bronx,0.41
20,Weekday,47,Claremont/Bathgate,Bronx,0.38
20,Weekday,210,Sheepshead Bay,Brooklyn,0.38
20,Weekday,182,Parkchester,Bronx,0.38
20,Weekday,67,Dyker Heights,Brooklyn,0.36
20,Weekday,119,Highbridge,Bronx,0.36
20,Weekday,191,Queens Village,Queens,0.34
20,Weekday,257,Windsor Terrace,Brooklyn,0.33
20,Weekday,136,Kingsbridge Heights,Bronx,0.33
20,Weekday,123,Homecrest,Brooklyn,0.33
20,Weekday,222,Starrett City,Brooklyn,0.33
20,Weekday,248,West Farms/Bronx River,Bronx,0.33
20,Weekday,250,Westchester Village/Unionport,Bronx,0.31
20,Weekday,149,Madison,Brooklyn,0.31
20,Weekday,20,Belmont,Bronx,0.3
20,Weekday,212,Soundview/Bruckner,Bronx,0.3
20,Weekday,252,Whitestone,Queens,0.3
20,Weekday,208,Schuylerville/Edgewater Park,Bronx,0.3
20,Weekday,21,Bensonhurst East,Brooklyn,0.3
20,Weekday,190,Prospect Park,Brooklyn,0.28
20,Weekday,185,Pelham Parkway,Bronx,0.28
20,Weekday,200,Riverdale/North Riverdale/Fieldston,Bronx,0.28
20,Weekday,94,Fordham South,Bronx,0.28
20,Weekday,86,Far Rockaway,Queens,0.27
20,Weekday,194,Randalls Island,Manhattan,0.27
20,Weekday,117,Hammels/Arverne,Queens,0.27
20,Weekday,147,Longwood,Bronx,0.27
20,Weekday,153,Marble Hill,Manhattan,0.25
20,Weekday,32,Bronxdale,Bronx,0.25
20,Weekday,174,Norwood,Bronx,0.23
20,Weekday,121,Hillcrest/Pomonok,Queens,0.23
20,Weekday,202,Roosevelt Island,Manhattan,0.23
20,Weekday,81,Eastchester,Bronx,0.22
20,Weekday,139,Laurelton,Queens,0.22
20,Weekday,53,College Point,Queens,0.22
20,Weekday,19,Bellerose,Queens,0.2
20,Weekday,192,Queensboro Hill,Queens,0.2
20,Weekday,259,Woodlawn/Wakefield,Bronx,0.17
20,Weekday,3,Allerton/Pelham Gardens,Bronx,0.17
20,Weekday,150,Manhattan Beach,Brooklyn,0.16
20,Weekday,108,Gravesend,Brooklyn,0.16
20,Weekday,203,Rosedale,Queens,0.16
20,Weekday,98,Fresh Meadows,Queens,0.16
20,Weekday,178,Ocean Parkway South,Brooklyn,0.14
20,Weekday,207,Saint Michaels Cemetery/Woodside,Queens,0.14
20,Weekday,64,Douglaston,Queens,0.14
20,Weekday,101,Glen Oaks,Queens,0.14
20,Weekday,38,Cambria Heights,Queens,0.13
20,Weekday,15,Bay Terrace/Fort Totten,Queens,0.13
20,Weekday,183,Pelham Bay,Bronx,0.13
20,Weekday,128,Inwood Hill Park,Manhattan,0.11
20,Weekday,120,Highbridge Park,Manhattan,0.11
20,Weekday,54,Columbia Street,Brooklyn,0.11
20,Weekday,16,Bayside,Queens,0.11
20,Weekday,171,Murray Hill-Queens,Queens,0.09
20,Weekday,11,Bath Beach,Brooklyn,0.09
20,Weekday,154,Marine Park/Floyd Bennett Field,Brooklyn,0.08
20,Weekday,175,Oakland Gardens,Queens,0.08
20,Weekday,201,Rockaway Park,Queens,0.08
20,Weekday,96,Forest Park/Highland Park,Queens,0.08
20,Weekday,6,Arrochar/Fort Wadsworth,Staten Island,0.06
20,Weekday,214,South Beach/Dongan Hills,Staten Island,0.06
20,Weekday,122,Hollis,Queens,0.06
20,Weekday,57,Corona,Queens,0.05
20,Weekday,46,City Island,Bronx,0.05
20,Weekday,184,Pelham Bay Park,Bronx,0.05
20,Weekday,8,Astoria Park,Queens,0.03
20,Weekday,9,Auburndale,Queens,0.03
20,Weekday,115,Grymes Hill/Clifton,Staten Island,0.03
20,Weekday,172,New Dorp/Midland Beach,Staten Island,0.03
20,Weekday,23,Bloomfield/Emerson Hill,Staten Island,0.03
20,Weekday,245,West Brighton,Staten Island,0.03
20,Weekday,1,Newark Airport,EWR,0.03
20,Weekday,253,Willets Point,Queens,0.03
20,Weekday,58,Country Club,Bronx,0.02
20,Weekday,199,Rikers Island,Bronx,0.02
20,Weekday,240,Van Cortlandt Park,Bronx,0.02
20,Weekday,73,East Flushing,Queens,0.02
20,Weekday,27,Breezy Point/Fort Tilden/Riis Beach,Queens,0.02
20,Weekday,30,Broad Channel,Queens,0.02
21,Weekday,161,Midtown Center,Manhattan,493.63
21,Weekday,230,Times Sq/Theatre District,Manhattan,460.14
21,Weekday,142,Lincoln Square East,Manhattan,344.53
21,Weekday,237,Upper East Side South,Manhattan,326.77
21,Weekday,132,JFK Airport,Queens,291.94
21,Weekday,234,Union Sq,Manhattan,288.53
21,Weekday,162,Midtown East,Manhattan,268.52
21,Weekday,186,Penn Station/Madison Sq West,Manhattan,255.69
21,Weekday,163,Midtown North,Manhattan,251.98
21,Weekday,48,Clinton East,Manhattan,243.23
21,Weekday,68,East Chelsea,Manhattan,230.61
21,Weekday,249,West Village,Manhattan,227.08
21,Weekday,79,East Village,Manhattan,217.63
21,Weekday,164,Midtown South,Manhattan,206.83
21,Weekday,138,LaGuardia Airport,Queens,205.58
21,Weekday,170,Murray Hill,Manhattan,201.55
21,Weekday,239,Upper West Side South,Manhattan,172.5
21,Weekday,236,Upper East Side North,Manhattan,171.25
21,Weekday,114,Greenwich Village South,Manhattan,166.61
21,Weekday,107,Gramercy,Manhattan,154.95
21,Weekday,246,West Chelsea/Hudson Yards,Manhattan,149.14
21,Weekday,113,Greenwich Village North,Manhattan,132.36
21,Weekday,141,Lenox Hill West,Manhattan,131.67
21,Weekday,90,Flatiron,Manhattan,131.36
21,Weekday,229,Sutton Place/Turtle Bay North,Manhattan,115.94
21,Weekday,100,Garment District,Manhattan,111.78
21,Weekday,263,Yorkville West,Manhattan,111.52
21,Weekday,231,TriBeCa/Civic Center,Manhattan,109.97
21,Weekday,158,Meatpacking/West Village West,Manhattan,93.13
21,Weekday,144,Little Italy/NoLiTa,Manhattan,87.05
21,Weekday,148,Lower East Side,Manhattan,77.91
21,Weekday,238,Upper West Side North,Manhattan,76.38
21,Weekday,140,Lenox Hill East,Manhattan,73.69
21,Weekday,211,SoHo,Manhattan,72.58
21,Weekday,233,UN/Turtle Bay South,Manhattan,67.64
21,Weekday,137,Kips Bay,Manhattan,63.11
21,Weekday,43,Central Park,Manhattan,61.92
21,Weekday,143,Lincoln Square West,Manhattan,48.84
21,Weekday,87,Financial District North,Manhattan,46.16
21,Weekday,13,Battery Park City,Manhattan,45.25
21,Weekday,125,Hudson Sq,Manhattan,40.91
21,Weekday,50,Clinton West,Manhattan,37.81
21,Weekday,166,Morningside Heights,Manhattan,35.33
21,Weekday,262,Yorkville East,Manhattan,32.7
21,Weekday,261,World Trade Center,Manhattan,27.42
21,Weekday,151,Manhattan Valley,Manhattan,27.27
21,Weekday,88,Financial District South,Manhattan,26.44
21,Weekday,75,East Harlem South,Manhattan,23.06
21,Weekday,70,East Elmhurst,Queens,21.78
21,Weekday,41,Central Harlem,Manhattan,17.63
21,Weekday,209,Seaport,Manhattan,17.42
21,Weekday,45,Chinatown,Manhattan,14.88
21,Weekday,264,Unknown,Unknown,13.42
21,Weekday,232,Two Bridges/Seward Park,Manhattan,13.34
21,Weekday,24,Bloomingdale,Manhattan,12.38
21,Weekday,74,East Harlem North,Manhattan,11.61
21,Weekday,4,Alphabet City,Manhattan,10.11
21,Weekday,42,Central Harlem North,Manhattan,7.59
21,Weekday,181,Park Slope,Brooklyn,7.13
21,Weekday,224,Stuy Town/Peter Cooper Village,Manhattan,6.7
21,Weekday,255,Williamsburg (North Side),Brooklyn,6.3
21,Weekday,97,Fort Greene,Brooklyn,5.81
21,Weekday,152,Manhattanville,Manhattan,5.61
21,Weekday,66,DUMBO/Vinegar Hill,Brooklyn,5.55
21,Weekday,226,Sunnyside,Queens,5.48
21,Weekday,7,Astoria,Queens,5.44
21,Weekday,145,Long Island City/Hunters Point,Queens,5.33
21,Weekday,116,Hamilton Heights,Manhattan,5.19
21,Weekday,65,Downtown Brooklyn/MetroTech,Brooklyn,4.8
21,Weekday,244,Washington Heights South,Manhattan,4.7
21,Weekday,33,Brooklyn Heights,Brooklyn,4.69
21,Weekday,256,Williamsburg (South Side),Brooklyn,4.63
21,Weekday,82,Elmhurst,Queens,4.36
21,Weekday,25,Boerum Hill,Brooklyn,4.2
21,Weekday,130,Jamaica,Queens,4.11
21,Weekday,61,Crown Heights North,Brooklyn,3.72
21,Weekday,76,East New York,Brooklyn,3.13
21,Weekday,95,Forest Hills,Queens,3.03
21,Weekday,129,Jackson Heights,Queens,3.02
21,Weekday,112,Greenpoint,Brooklyn,2.94
21,Weekday,146,Long Island City/Queens Plaza,Queens,2.34
21,Weekday,89,Flatbush/Ditmas Park,Brooklyn,2.14
21,Weekday,80,East Williamsburg,Brooklyn,2.06
21,Weekday,223,Steinway,Queens,2.03
21,Weekday,260,Woodside,Queens,1.97
21,Weekday,49,Clinton Hill,Brooklyn,1.88
21,Weekday,17,Bedford,Brooklyn,1.83
21,Weekday,247,West Concourse,Bronx,1.81
21,Weekday,37,Bushwick South,Brooklyn,1.81
21,Weekday,168,Mott Haven/Port Morris,Bronx,1.78
21,Weekday,188,Prospect-Lefferts Gardens,Brooklyn,1.75
21,Weekday,197,Richmond Hill,Queens,1.73
21,Weekday,216,South Ozone Park,Queens,1.73
21,Weekday,189,Prospect Heights,Brooklyn,1.69
21,Weekday,228,Sunset Park West,Brooklyn,1.67
21,Weekday,243,Washington Heights North,Manhattan,1.63
21,Weekday,225,Stuyvesant Heights,Brooklyn,1.55
21,Weekday,106,Gowanus,Brooklyn,1.53
21,Weekday,92,Flushing,Queens,1.52
21,Weekday,39,Canarsie,Brooklyn,1.45
21,Weekday,10,Baisley Park,Queens,1.44
21,Weekday,179,Old Astoria,Queens,1.38
21,Weekday,36,Bushwick North,Brooklyn,1.36
21,Weekday,177,Ocean Hill,Brooklyn,1.34
21,Weekday,35,Brownsville,Brooklyn,1.34
21,Weekday,52,Cobble Hill,Brooklyn,1.23
21,Weekday,40,Carroll Gardens,Brooklyn,1.23
21,Weekday,62,Crown Heights South,Brooklyn,1.22
21,Weekday,219,Springfield Gardens South,Queens,1.08
21,Weekday,198,Ridgewood,Queens,1.03
21,Weekday,72,East Flatbush/Remsen Village,Brooklyn,1.03
21,Weekday,14,Bay Ridge,Brooklyn,1.02
21,Weekday,26,Borough Park,Brooklyn,1.02
21,Weekday,69,East Concourse/Concourse Village,Bronx,0.98
21,Weekday,155,Marine Park/Mill Basin,Brooklyn,0.97
21,Weekday,196,Rego Park,Queens,0.92
21,Weekday,91,Flatlands,Brooklyn,0.91
21,Weekday,28,Briarwood/Jamaica Hills,Queens,0.77
21,Weekday,215,South Jamaica,Queens,0.77
21,Weekday,93,Flushing Meadows-Corona Park,Queens,0.72
21,Weekday,51,Co-Op City,Bronx,0.72
21,Weekday,160,Middle Village,Queens,0.7
21,Weekday,85,Erasmus,Brooklyn,0.69
21,Weekday,124,Howard Beach,Queens,0.69
21,Weekday,258,Woodhaven,Queens,0.69
21,Weekday,63,Cypress Hills,Brooklyn,0.69
21,Weekday,213,Soundview/Castle Hill,Bronx,0.67
21,Weekday,56,Corona,Queens,0.67
21,Weekday,195,Red Hook,Brooklyn,0.67
21,Weekday,220,Spuyten Duyvil/Kingsbridge,Bronx,0.66
21,Weekday,77,East New York/Pennsylvania Avenue,Brooklyn,0.66
21,Weekday,159,Melrose South,Bronx,0.64
21,Weekday,157,Maspeth,Queens,0.63
21,Weekday,102,Glendale,Queens,0.61
21,Weekday,217,South Williamsburg,Brooklyn,0.61
21,Weekday,173,North Corona,Queens,0.61
21,Weekday,83,Elmhurst/Maspeth,Queens,0.61
21,Weekday,127,Inwood,Manhattan,0.56
21,Weekday,265,Outside NYC,Unknown,0.56
21,Weekday,193,Queensbridge/Ravenswood,Queens,0.55
21,Weekday,169,Mount Hope,Bronx,0.55
21,Weekday,60,Crotona Park East,Bronx,0.53
21,Weekday,235,University Heights/Morris Heights,Bronx,0.52
21,Weekday,71,East Flatbush/Farragut,Brooklyn,0.52
21,Weekday,18,Bedford Park,Bronx,0.52
21,Weekday,12,Battery Park,Manhattan,0.5
21,Weekday,134,Kew Gardens,Queens,0.5
21,Weekday,180,Ozone Park,Queens,0.48
21,Weekday,47,Claremont/Bathgate,Bronx,0.45
21,Weekday,22,Bensonhurst West,Brooklyn,0.42
21,Weekday,55,Coney Island,Brooklyn,0.42
21,Weekday,210,Sheepshead Bay,Brooklyn,0.41
21,Weekday,78,East Tremont,Bronx,0.41
21,Weekday,20,Belmont,Bronx,0.41
21,Weekday,167,Morrisania/Melrose,Bronx,0.39
21,Weekday,205,Saint Albans,Queens,0.39
21,Weekday,53,College Point,Queens,0.39
21,Weekday,121,Hillcrest/Pomonok,Queens,0.38
21,Weekday,133,Kensington,Brooklyn,0.38
21,Weekday,194,Randalls Island,Manhattan,0.36
21,Weekday,182,Parkchester,Bronx,0.36
21,Weekday,149,Madison,Brooklyn,0.36
21,Weekday,126,Hunts Point,Bronx,0.36
21,Weekday,34,Brooklyn Navy Yard,Brooklyn,0.34
21,Weekday,123,Homecrest,Brooklyn,0.34
21,Weekday,136,Kingsbridge Heights,Bronx,0.34
21,Weekday,32,Bronxdale,Bronx,0.33
21,Weekday,119,Highbridge,Bronx,0.33
21,Weekday,227,Sunset Park East,Brooklyn,0.33
21,Weekday,218,Springfield Gardens North,Queens,0.33
21,Weekday,54,Columbia Street,Brooklyn,0.31
21,Weekday,191,Queens Village,Queens,0.31
21,Weekday,165,Midwood,Brooklyn,0.3
21,Weekday,19,Bellerose,Queens,0.28
21,Weekday,147,Longwood,Bronx,0.28
21,Weekday,94,Fordham South,Bronx,0.27
21,Weekday,250,Westchester Village/Unionport,Bronx,0.27
21,Weekday,212,Soundview/Bruckner,Bronx,0.27
21,Weekday,131,Jamaica Estates,Queens,0.27
21,Weekday,21,Bensonhurst East,Brooklyn,0.27
21,Weekday,254,Williamsbridge/Olinville,Bronx,0.25
21,Weekday,242,Van Nest/Morris Park,Bronx,0.25
21,Weekday,257,Windsor Terrace,Brooklyn,0.23
21,Weekday,222,Starrett City,Brooklyn,0.23
21,Weekday,252,Whitestone,Queens,0.23
21,Weekday,192,Queensboro Hill,Queens,0.22
21,Weekday,117,Hammels/Arverne,Queens,0.22
21,Weekday,16,Bayside,Queens,0.2
21,Weekday,135,Kew Gardens Hills,Queens,0.2
21,Weekday,81,Eastchester,Bronx,0.2
21,Weekday,202,Roosevelt Island,Manhattan,0.2
21,Weekday,200,Riverdale/North Riverdale/Fieldston,Bronx,0.19
21,Weekday,174,Norwood,Bronx,0.19
21,Weekday,208,Schuylerville/Edgewater Park,Bronx,0.19
21,Weekday,86,Far Rockaway,Queens,0.19
21,Weekday,29,Brighton Beach,Brooklyn,0.17
21,Weekday,175,Oakland Gardens,Queens,0.17
21,Weekday,108,Gravesend,Brooklyn,0.17
21,Weekday,203,Rosedale,Queens,0.16
21,Weekday,201,Rockaway Park,Queens,0.16
21,Weekday,171,Murray Hill-Queens,Queens,0.16
21,Weekday,3,Allerton/Pelham Gardens,Bronx,0.14
21,Weekday,150,Manhattan Beach,Brooklyn,0.14
21,Weekday,190,Prospect Park,Brooklyn,0.14
21,Weekday,11,Bath Beach,Brooklyn,0.13
21,Weekday,98,Fresh Meadows,Queens,0.13
21,Weekday,248,West Farms/Bronx River,Bronx,0.13
21,Weekday,38,Cambria Heights,Queens,0.13
21,Weekday,178,Ocean Parkway South,Brooklyn,0.13
21,Weekday,259,Woodlawn/Wakefield,Bronx,0.11
21,Weekday,183,Pelham Bay,Bronx,0.11
21,Weekday,15,Bay Terrace/Fort Totten,Queens,0.11
21,Weekday,185,Pelham Parkway,Bronx,0.11
21,Weekday,153,Marble Hill,Manhattan,0.11
21,Weekday,207,Saint Michaels Cemetery/Woodside,Queens,0.09
21,Weekday,139,Laurelton,Queens,0.09
21,Weekday,241,Van Cortlandt Village,Bronx,0.09
21,Weekday,9,Auburndale,Queens,0.09
21,Weekday,154,Marine Park/Floyd Bennett Field,Brooklyn,0.08
21,Weekday,96,Forest Park/Highland Park,Queens,0.08
21,Weekday,101,Glen Oaks,Queens,0.08
21,Weekday,122,Hollis,Queens,0.08
21,Weekday,64,Douglaston,Queens,0.06
21,Weekday,23,Bloomfield/Emerson Hill,Staten Island,0.06
21,Weekday,67,Dyker Heights,Brooklyn,0.06
21,Weekday,240,Van Cortlandt Park,Bronx,0.06
21,Weekday,57,Corona,Queens,0.05
21,Weekday,184,Pelham Bay Park,Bronx,0.05
21,Weekday,46,City Island,Bronx,0.03
21,Weekday,172,New Dorp/Midland Beach,Staten Island,0.03
21,Weekday,73,East Flushing,Queens,0.03
21,Weekday,221,Stapleton,Staten Island,0.03
21,Weekday,128,Inwood Hill Park,Manhattan,0.03
21,Weekday,120,Highbridge Park,Manhattan,0.03
21,Weekday,6,Arrochar/Fort Wadsworth,Staten Island,0.03
21,Weekday,118,Heartland Village/Todt Hill,Staten Island,0.02
21,Weekday,245,West Brighton,Staten Island,0.02
21,Weekday,27,Breezy Point/Fort Tilden/Riis Beach,Queens,0.02
21,Weekday,111,Green-Wood Cemetery,Brooklyn,0.02
21,Weekday,8,Astoria Park,Queens,0.02
21,Weekday,251,Westerleigh,Staten Island,0.02
21,Weekday,58,Country Club,Bronx,0.02
21,Weekday,176,Oakwood,Staten Island,0.02
21,Weekday,253,Willets Point,Queens,0.02
21,Weekday,31,Bronx Park,Bronx,0.02
21,Weekday,115,Grymes Hill/Clifton,Staten Island,0.02
22,Weekday,230,Times Sq/Theatre District,Manhattan,416.09
22,Weekday,161,Midtown Center,Manhattan,361.47
22,Weekday,142,Lincoln Square East,Manhattan,300.5
22,Weekday,132,JFK Airport,Queens,267.28
22,Weekday,48,Clinton East,Manhattan,262.09
22,Weekday,234,Union Sq,Manhattan,252.81
22,Weekday,249,West Village,Manhattan,242.17
22,Weekday,79,East Village,Manhattan,234.44
22,Weekday,163,Midtown North,Manhattan,231.97
22,Weekday,186,Penn Station/Madison Sq West,Manhattan,222.73
22,Weekday,237,Upper East Side South,Manhattan,220.66
22,Weekday,68,East Chelsea,Manhattan,201.7
22,Weekday,164,Midtown South,Manhattan,193.61
22,Weekday,162,Midtown East,Manhattan,179.09
22,Weekday,138,LaGuardia Airport,Queens,173.14
22,Weekday,114,Greenwich Village South,Manhattan,172.95
22,Weekday,170,Murray Hill,Manhattan,163.14
22,Weekday,107,Gramercy,Manhattan,144.59
22,Weekday,239,Upper West Side South,Manhattan,117.31
22,Weekday,90,Flatiron,Manhattan,114.41
22,Weekday,113,Greenwich Village North,Manhattan,113.53
22,Weekday,246,West Chelsea/Hudson Yards,Manhattan,105.3
22,Weekday,100,Garment District,Manhattan,103.33
22,Weekday,148,Lower East Side,Manhattan,100.97
22,Weekday,236,Upper East Side North,Manhattan,99.27
22,Weekday,141,Lenox Hill West,Manhattan,97.5
22,Weekday,231,TriBeCa/Civic Center,Manhattan,96.08
22,Weekday,158,Meatpacking/West Village West,Manhattan,87.7
22,Weekday,144,Little Italy/NoLiTa,Manhattan,85.86
22,Weekday,263,Yorkville West,Manhattan,84.78
22,Weekday,229,Sutton Place/Turtle Bay North,Manhattan,83.7
22,Weekday,211,SoHo,Manhattan,74.16
22,Weekday,137,Kips Bay,Manhattan,53.17
22,Weekday,238,Upper West Side North,Manhattan,50.42
22,Weekday,140,Lenox Hill East,Manhattan,50.33
22,Weekday,233,UN/Turtle Bay South,Manhattan,49.81
22,Weekday,43,Central Park,Manhattan,42.48
22,Weekday,87,Financial District North,Manhattan,40.36
22,Weekday,125,Hudson Sq,Manhattan,39.66
22,Weekday,143,Lincoln Square West,Manhattan,39.55
22,Weekday,50,Clinton West,Manhattan,35.16
22,Weekday,166,Morningside Heights,Manhattan,27.89
22,Weekday,13,Battery Park City,Manhattan,23.61
22,Weekday,262,Yorkville East,Manhattan,21.41
22,Weekday,88,Financial District South,Manhattan,21.38
22,Weekday,151,Manhattan Valley,Manhattan,21.34
22,Weekday,261,World Trade Center,Manhattan,21.08
22,Weekday,70,East Elmhurst,Queens,20.61
22,Weekday,75,East Harlem South,Manhattan,19.34
22,Weekday,232,Two Bridges/Seward Park,Manhattan,16.77
22,Weekday,41,Central Harlem,Manhattan,15.64
22,Weekday,4,Alphabet City,Manhattan,14.56
22,Weekday,209,Seaport,Manhattan,14.19
22,Weekday,45,Chinatown,Manhattan,13.59
22,Weekday,97,Fort Greene,Brooklyn,13.42
22,Weekday,181,Park Slope,Brooklyn,11.47
22,Weekday,74,East Harlem North,Manhattan,11.03
22,Weekday,264,Unknown,Unknown,10.92
22,Weekday,255,Williamsburg (North Side),Brooklyn,10.44
22,Weekday,24,Bloomingdale,Manhattan,9.31
22,Weekday,42,Central Harlem North,Manhattan,8.41
22,Weekday,256,Williamsburg (South Side),Brooklyn,7.98
22,Weekday,116,Hamilton Heights,Manhattan,7.36
22,Weekday,224,Stuy Town/Peter Cooper Village,Manhattan,7.28
22,Weekday,25,Boerum Hill,Brooklyn,6.88
22,Weekday,7,Astoria,Queens,6.27
22,Weekday,130,Jamaica,Queens,6.08
22,Weekday,145,Long Island City/Hunters Point,Queens,6.0
22,Weekday,244,Washington Heights South,Manhattan,5.98
22,Weekday,65,Downtown Brooklyn/MetroTech,Brooklyn,5.81
22,Weekday,66,DUMBO/Vinegar Hill,Brooklyn,5.73
22,Weekday,112,Greenpoint,Brooklyn,5.67
22,Weekday,226,Sunnyside,Queens,5.48
22,Weekday,33,Brooklyn Heights,Brooklyn,5.11
22,Weekday,152,Manhattanville,Manhattan,4.98
22,Weekday,61,Crown Heights North,Brooklyn,3.97
22,Weekday,76,East New York,Brooklyn,3.94
22,Weekday,82,Elmhurst,Queens,3.52
22,Weekday,95,Forest Hills,Queens,3.38
22,Weekday,80,East Williamsburg,Brooklyn,3.28
22,Weekday,129,Jackson Heights,Queens,3.13
22,Weekday,37,Bushwick South,Brooklyn,2.67
22,Weekday,223,Steinway,Queens,2.66
22,Weekday,243,Washington Heights North,Manhattan,2.64
22,Weekday,89,Flatbush/Ditmas Park,Brooklyn,2.63
22,Weekday,189,Prospect Heights,Brooklyn,2.59
22,Weekday,168,Mott Haven/Port Morris,Bronx,2.52
22,Weekday,17,Bedford,Brooklyn,2.47
22,Weekday,146,Long Island City/Queens Plaza,Queens,2.47
22,Weekday,216,South Ozone Park,Queens,2.33
22,Weekday,49,Clinton Hill,Brooklyn,2.25
22,Weekday,260,Woodside,Queens,1.95
22,Weekday,188,Prospect-Lefferts Gardens,Brooklyn,1.94
22,Weekday,106,Gowanus,Brooklyn,1.92
22,Weekday,10,Baisley Park,Queens,1.86
22,Weekday,225,Stuyvesant Heights,Brooklyn,1.84
22,Weekday,39,Canarsie,Brooklyn,1.81
22,Weekday,40,Carroll Gardens,Brooklyn,1.8
22,Weekday,36,Bushwick North,Brooklyn,1.78
22,Weekday,197,Richmond Hill,Queens,1.77
22,Weekday,179,Old Astoria,Queens,1.75
22,Weekday,92,Flushing,Queens,1.66
22,Weekday,35,Brownsville,Brooklyn,1.66
22,Weekday,52,Cobble Hill,Brooklyn,1.61
22,Weekday,247,West Concourse,Bronx,1.56
22,Weekday,177,Ocean Hill,Brooklyn,1.45
22,Weekday,215,South Jamaica,Queens,1.38
22,Weekday,26,Borough Park,Brooklyn,1.34
22,Weekday,14,Bay Ridge,Brooklyn,1.2
22,Weekday,69,East Concourse/Concourse Village,Bronx,1.19
22,Weekday,198,Ridgewood,Queens,1.19
22,Weekday,194,Randalls Island,Manhattan,1.19
22,Weekday,72,East Flatbush/Remsen Village,Brooklyn,1.17
22,Weekday,219,Springfield Gardens South,Queens,1.14
22,Weekday,228,Sunset Park West,Brooklyn,1.13
22,Weekday,85,Erasmus,Brooklyn,1.13
22,Weekday,127,Inwood,Manhattan,1.08
22,Weekday,91,Flatlands,Brooklyn,1.06
22,Weekday,159,Melrose South,Bronx,1.03
22,Weekday,56,Corona,Queens,0.98
22,Weekday,62,Crown Heights South,Brooklyn,0.98
22,Weekday,28,Briarwood/Jamaica Hills,Queens,0.97
22,Weekday,157,Maspeth,Queens,0.94
22,Weekday,191,Queens Village,Queens,0.94
22,Weekday,71,East Flatbush/Farragut,Brooklyn,0.91
22,Weekday,63,Cypress Hills,Brooklyn,0.89
22,Weekday,196,Rego Park,Queens,0.89
22,Weekday,258,Woodhaven,Queens,0.84
22,Weekday,173,North Corona,Queens,0.84
22,Weekday,134,Kew Gardens,Queens,0.8
22,Weekday,77,East New York/Pennsylvania Avenue,Brooklyn,0.8
22,Weekday,180,Ozone Park,Queens,0.78
22,Weekday,195,Red Hook,Brooklyn,0.78
22,Weekday,93,Flushing Meadows-Corona Park,Queens,0.77
22,Weekday,169,Mount Hope,Bronx,0.75
22,Weekday,155,Marine Park/Mill Basin,Brooklyn,0.69
22,Weekday,102,Glendale,Queens,0.66
22,Weekday,124,Howard Beach,Queens,0.64
22,Weekday,12,Battery Park,Manhattan,0.64
22,Weekday,217,South Williamsburg,Brooklyn,0.64
22,Weekday,220,Spuyten Duyvil/Kingsbridge,Bronx,0.58
22,Weekday,167,Morrisania/Melrose,Bronx,0.58
22,Weekday,218,Springfield Gardens North,Queens,0.58
22,Weekday,119,Highbridge,Bronx,0.56
22,Weekday,83,Elmhurst/Maspeth,Queens,0.55
22,Weekday,235,University Heights/Morris Heights,Bronx,0.55
22,Weekday,51,Co-Op City,Bronx,0.53
22,Weekday,254,Williamsbridge/Olinville,Bronx,0.52
22,Weekday,265,Outside NYC,Unknown,0.52
22,Weekday,135,Kew Gardens Hills,Queens,0.5
22,Weekday,213,Soundview/Castle Hill,Bronx,0.5
22,Weekday,210,Sheepshead Bay,Brooklyn,0.5
22,Weekday,22,Bensonhurst West,Brooklyn,0.48
22,Weekday,222,Starrett City,Brooklyn,0.48
22,Weekday,205,Saint Albans,Queens,0.48
22,Weekday,133,Kensington,Brooklyn,0.48
22,Weekday,54,Columbia Street,Brooklyn,0.47
22,Weekday,121,Hillcrest/Pomonok,Queens,0.47
22,Weekday,18,Bedford Park,Bronx,0.45
22,Weekday,241,Van Cortlandt Village,Bronx,0.45
22,Weekday,55,Coney Island,Brooklyn,0.44
22,Weekday,53,College Point,Queens,0.41
22,Weekday,193,Queensbridge/Ravenswood,Queens,0.41
22,Weekday,60,Crotona Park East,Bronx,0.41
22,Weekday,227,Sunset Park East,Brooklyn,0.39
22,Weekday,165,Midwood,Brooklyn,0.39
22,Weekday,117,Hammels/Arverne,Queens,0.39
22,Weekday,250,Westchester Village/Unionport,Bronx,0.38
22,Weekday,136,Kingsbridge Heights,Bronx,0.38
22,Weekday,149,Madison,Brooklyn,0.36
22,Weekday,208,Schuylerville/Edgewater Park,Bronx,0.36
22,Weekday,98,Fresh Meadows,Queens,0.34
22,Weekday,123,Homecrest,Brooklyn,0.34
22,Weekday,185,Pelham Parkway,Bronx,0.34
22,Weekday,160,Middle Village,Queens,0.34
22,Weekday,47,Claremont/Bathgate,Bronx,0.34
22,Weekday,242,Van Nest/Morris Park,Bronx,0.34
22,Weekday,202,Roosevelt Island,Manhattan,0.33
22,Weekday,203,Rosedale,Queens,0.33
22,Weekday,38,Cambria Heights,Queens,0.33
22,Weekday,131,Jamaica Estates,Queens,0.33
22,Weekday,16,Bayside,Queens,0.31
22,Weekday,78,East Tremont,Bronx,0.31
22,Weekday,192,Queensboro Hill,Queens,0.3
22,Weekday,34,Brooklyn Navy Yard,Brooklyn,0.3
22,Weekday,171,Murray Hill-Queens,Queens,0.3
22,Weekday,257,Windsor Terrace,Brooklyn,0.3
22,Weekday,19,Bellerose,Queens,0.28
22,Weekday,21,Bensonhurst East,Brooklyn,0.28
22,Weekday,252,Whitestone,Queens,0.28
22,Weekday,126,Hunts Point,Bronx,0.28
22,Weekday,248,West Farms/Bronx River,Bronx,0.27
22,Weekday,29,Brighton Beach,Brooklyn,0.27
22,Weekday,182,Parkchester,Bronx,0.27
22,Weekday,147,Longwood,Bronx,0.27
22,Weekday,259,Woodlawn/Wakefield,Bronx,0.27
22,Weekday,20,Belmont,Bronx,0.27
22,Weekday,94,Fordham South,Bronx,0.25
22,Weekday,86,Far Rockaway,Queens,0.25
22,Weekday,212,Soundview/Bruckner,Bronx,0.25
22,Weekday,81,Eastchester,Bronx,0.25
22,Weekday,122,Hollis,Queens,0.22
22,Weekday,11,Bath Beach,Brooklyn,0.22
22,Weekday,108,Gravesend,Brooklyn,0.22
22,Weekday,150,Manhattan Beach,Brooklyn,0.22
22,Weekday,153,Marble Hill,Manhattan,0.2
22,Weekday,139,Laurelton,Queens,0.2
22,Weekday,174,Norwood,Bronx,0.2
22,Weekday,32,Bronxdale,Bronx,0.19
22,Weekday,207,Saint Michaels Cemetery/Woodside,Queens,0.19
22,Weekday,200,Riverdale/North Riverdale/Fieldston,Bronx,0.17
22,Weekday,175,Oakland Gardens,Queens,0.17
22,Weekday,101,Glen Oaks,Queens,0.16
22,Weekday,64,Douglaston,Queens,0.16
22,Weekday,190,Prospect Park,Brooklyn,0.16
22,Weekday,96,Forest Park/Highland Park,Queens,0.11
22,Weekday,3,Allerton/Pelham Gardens,Bronx,0.11
22,Weekday,73,East Flushing,Queens,0.11
22,Weekday,201,Rockaway Park,Queens,0.11
22,Weekday,9,Auburndale,Queens,0.11
22,Weekday,128,Inwood Hill Park,Manhattan,0.11
22,Weekday,183,Pelham Bay,Bronx,0.09
22,Weekday,6,Arrochar/Fort Wadsworth,Staten Island,0.08
22,Weekday,15,Bay Terrace/Fort Totten,Queens,0.08
22,Weekday,178,Ocean Parkway South,Brooklyn,0.08
22,Weekday,240,Van Cortlandt Park,Bronx,0.08
22,Weekday,67,Dyker Heights,Brooklyn,0.08
22,Weekday,59,Crotona Park,Bronx,0.06
22,Weekday,154,Marine Park/Floyd Bennett Field,Brooklyn,0.06
22,Weekday,214,South Beach/Dongan Hills,Staten Island,0.05
22,Weekday,31,Bronx Park,Bronx,0.05
22,Weekday,8,Astoria Park,Queens,0.05
22,Weekday,27,Breezy Point/Fort Tilden/Riis Beach,Queens,0.03
22,Weekday,221,Stapleton,Staten Island,0.03
22,Weekday,23,Bloomfield/Emerson Hill,Staten Island,0.03
22,Weekday,120,Highbridge Park,Manhattan,0.03
22,Weekday,2,Jamaica Bay,Queens,0.02
22,Weekday,253,Willets Point,Queens,0.02
22,Weekday,111,Green-Wood Cemetery,Brooklyn,0.02
22,Weekday,118,Heartland Village/Todt Hill,Staten Island,0.02
22,Weekday,57,Corona,Queens,0.02
22,Weekday,46,City Island,Bronx,0.02
22,Weekday,206,Saint George/New Brighton,Staten Island,0.02
22,Weekday,199,Rikers Island,Bronx,0.02
22,Weekday,176,Oakwood,Staten Island,0.02
23,Weekday,132,JFK Airport,Queens,238.75
23,Weekday,230,Times Sq/Theatre District,Manhattan,234.92
23,Weekday,249,West Village,Manhattan,224.86
23,Weekday,79,East Village,Manhattan,219.56
23,Weekday,138,LaGuardia Airport,Queens,192.16
23,Weekday,161,Midtown Center,Manhattan,176.73
23,Weekday,114,Greenwich Village South,Manhattan,172.75
23,Weekday,234,Union Sq,Manhattan,169.83
23,Weekday,48,Clinton East,Manhattan,168.78
23,Weekday,186,Penn Station/Madison Sq West,Manhattan,138.94
23,Weekday,142,Lincoln Square East,Manhattan,137.73
23,Weekday,164,Midtown South,Manhattan,128.55
23,Weekday,68,East Chelsea,Manhattan,125.11
23,Weekday,163,Midtown North,Manhattan,116.05
23,Weekday,237,Upper East Side South,Manhattan,106.28
23,Weekday,107,Gramercy,Manhattan,105.78
23,Weekday,148,Lower East Side,Manhattan,104.8
23,Weekday,170,Murray Hill,Manhattan,98.52
23,Weekday,90,Flatiron,Manhattan,89.52
23,Weekday,162,Midtown East,Manhattan,89.5
23,Weekday,113,Greenwich Village North,Manhattan,84.02
23,Weekday,158,Meatpacking/West Village West,Manhattan,80.48
23,Weekday,144,Little Italy/NoLiTa,Manhattan,73.3
23,Weekday,231,TriBeCa/Civic Center,Manhattan,70.63
23,Weekday,100,Garment District,Manhattan,61.27
23,Weekday,239,Upper West Side South,Manhattan,60.59
23,Weekday,246,West Chelsea/Hudson Yards,Manhattan,56.64
23,Weekday,141,Lenox Hill West,Manhattan,55.64
23,Weekday,211,SoHo,Manhattan,54.73
23,Weekday,229,Sutton Place/Turtle Bay North,Manhattan,54.16
23,Weekday,263,Yorkville West,Manhattan,51.13
23,Weekday,137,Kips Bay,Manhattan,47.09
23,Weekday,236,Upper East Side North,Manhattan,43.58
23,Weekday,140,Lenox Hill East,Manhattan,30.25
23,Weekday,233,UN/Turtle Bay South,Manhattan,30.05
23,Weekday,238,Upper West Side North,Manhattan,30.05
23,Weekday,87,Financial District North,Manhattan,28.06
23,Weekday,125,Hudson Sq,Manhattan,25.98
23,Weekday,50,Clinton West,Manhattan,24.98
23,Weekday,143,Lincoln Square West,Manhattan,22.92
23,Weekday,43,Central Park,Manhattan,19.41
23,Weekday,70,East Elmhurst,Queens,19.38
23,Weekday,4,Alphabet City,Manhattan,18.16
23,Weekday,166,Morningside Heights,Manhattan,18.09
23,Weekday,88,Financial District South,Manhattan,16.2
23,Weekday,261,World Trade Center,Manhattan,14.48
23,Weekday,75,East Harlem South,Manhattan,14.44
23,Weekday,41,Central Harlem,Manhattan,13.64
23,Weekday,232,Two Bridges/Seward Park,Manhattan,12.86
23,Weekday,262,Yorkville East,Manhattan,12.78
23,Weekday,255,Williamsburg (North Side),Brooklyn,12.67
23,Weekday,209,Seaport,Manhattan,12.38
23,Weekday,151,Manhattan Valley,Manhattan,12.19
23,Weekday,45,Chinatown,Manhattan,11.78
23,Weekday,74,East Harlem North,Manhattan,9.59
23,Weekday,130,Jamaica,Queens,8.91
23,Weekday,13,Battery Park City,Manhattan,8.88
23,Weekday,97,Fort Greene,Brooklyn,8.44
23,Weekday,42,Central Harlem North,Manhattan,8.08
23,Weekday,264,Unknown,Unknown,7.3
23,Weekday,256,Williamsburg (South Side),Brooklyn,7.25
23,Weekday,244,Washington Heights South,Manhattan,6.88
23,Weekday,116,Hamilton Heights,Manhattan,6.67
23,Weekday,224,Stuy Town/Peter Cooper Village,Manhattan,6.59
23,Weekday,24,Bloomingdale,Manhattan,6.3
23,Weekday,181,Park Slope,Brooklyn,6.27
23,Weekday,7,Astoria,Queens,5.92
23,Weekday,112,Greenpoint,Brooklyn,5.91
23,Weekday,145,Long Island City/Hunters Point,Queens,5.78
23,Weekday,226,Sunnyside,Queens,5.53
23,Weekday,65,Downtown Brooklyn/MetroTech,Brooklyn,4.7
23,Weekday,25,Boerum Hill,Brooklyn,4.66
23,Weekday,76,East New York,Brooklyn,4.63
23,Weekday,152,Manhattanville,Manhattan,4.5
23,Weekday,61,Crown Heights North,Brooklyn,4.42
23,Weekday,129,Jackson Heights,Queens,3.97
23,Weekday,80,East Williamsburg,Brooklyn,3.66
23,Weekday,95,Forest Hills,Queens,3.64
23,Weekday,66,DUMBO/Vinegar Hill,Brooklyn,3.63
23,Weekday,33,Brooklyn Heights,Brooklyn,3.61
23,Weekday,168,Mott Haven/Port Morris,Bronx,3.41
23,Weekday,146,Long Island City/Queens Plaza,Queens,2.92
23,Weekday,82,Elmhurst,Queens,2.89
23,Weekday,243,Washington Heights North,Manhattan,2.8
23,Weekday,37,Bushwick South,Brooklyn,2.75
23,Weekday,89,Flatbush/Ditmas Park,Brooklyn,2.69
23,Weekday,216,South Ozone Park,Queens,2.63
23,Weekday,17,Bedford,Brooklyn,2.58
23,Weekday,223,Steinway,Queens,2.42
23,Weekday,197,Richmond Hill,Queens,2.39
23,Weekday,49,Clinton Hill,Brooklyn,2.36
23,Weekday,36,Bushwick North,Brooklyn,2.3
23,Weekday,260,Woodside,Queens,2.05
23,Weekday,189,Prospect Heights,Brooklyn,1.89
23,Weekday,177,Ocean Hill,Brooklyn,1.86
23,Weekday,225,Stuyvesant Heights,Brooklyn,1.83
23,Weekday,188,Prospect-Lefferts Gardens,Brooklyn,1.81
23,Weekday,247,West Concourse,Bronx,1.75
23,Weekday,35,Brownsville,Brooklyn,1.67
23,Weekday,215,South Jamaica,Queens,1.66
23,Weekday,10,Baisley Park,Queens,1.56
23,Weekday,39,Canarsie,Brooklyn,1.55
23,Weekday,106,Gowanus,Brooklyn,1.45
23,Weekday,198,Ridgewood,Queens,1.38
23,Weekday,92,Flushing,Queens,1.33
23,Weekday,72,East Flatbush/Remsen Village,Brooklyn,1.28
23,Weekday,219,Springfield Gardens South,Queens,1.28
23,Weekday,85,Erasmus,Brooklyn,1.27
23,Weekday,179,Old Astoria,Queens,1.2
23,Weekday,40,Carroll Gardens,Brooklyn,1.17
23,Weekday,91,Flatlands,Brooklyn,1.17
23,Weekday,28,Briarwood/Jamaica Hills,Queens,1.16
23,Weekday,228,Sunset Park West,Brooklyn,1.09
23,Weekday,63,Cypress Hills,Brooklyn,1.08
23,Weekday,258,Woodhaven,Queens,1.08
23,Weekday,196,Rego Park,Queens,1.02
23,Weekday,69,East Concourse/Concourse Village,Bronx,1.0
23,Weekday,127,Inwood,Manhattan,0.97
23,Weekday,62,Crown Heights South,Brooklyn,0.97
23,Weekday,159,Melrose South,Bronx,0.95
23,Weekday,14,Bay Ridge,Brooklyn,0.94
23,Weekday,26,Borough Park,Brooklyn,0.94
23,Weekday,205,Saint Albans,Queens,0.88
23,Weekday,71,East Flatbush/Farragut,Brooklyn,0.86
23,Weekday,124,Howard Beach,Queens,0.84
23,Weekday,191,Queens Village,Queens,0.83
23,Weekday,52,Cobble Hill,Brooklyn,0.81
23,Weekday,134,Kew Gardens,Queens,0.81
23,Weekday,180,Ozone Park,Queens,0.8
23,Weekday,56,Corona,Queens,0.78
23,Weekday,77,East New York/Pennsylvania Avenue,Brooklyn,0.78
23,Weekday,235,University Heights/Morris Heights,Bronx,0.75
23,Weekday,217,South Williamsburg,Brooklyn,0.75
23,Weekday,218,Springfield Gardens North,Queens,0.75
23,Weekday,254,Williamsbridge/Olinville,Bronx,0.72
23,Weekday,83,Elmhurst/Maspeth,Queens,0.7
23,Weekday,213,Soundview/Castle Hill,Bronx,0.69
23,Weekday,157,Maspeth,Queens,0.69
23,Weekday,193,Queensbridge/Ravenswood,Queens,0.69
23,Weekday,173,North Corona,Queens,0.69
23,Weekday,242,Van Nest/Morris Park,Bronx,0.67
23,Weekday,174,Norwood,Bronx,0.66
23,Weekday,265,Outside NYC,Unknown,0.64
23,Weekday,250,Westchester Village/Unionport,Bronx,0.61
23,Weekday,169,Mount Hope,Bronx,0.61
23,Weekday,102,Glendale,Queens,0.58
23,Weekday,220,Spuyten Duyvil/Kingsbridge,Bronx,0.58
23,Weekday,160,Middle Village,Queens,0.55
23,Weekday,18,Bedford Park,Bronx,0.55
23,Weekday,210,Sheepshead Bay,Brooklyn,0.53
23,Weekday,139,Laurelton,Queens,0.52
23,Weekday,241,Van Cortlandt Village,Bronx,0.52
23,Weekday,185,Pelham Parkway,Bronx,0.52
23,Weekday,53,College Point,Queens,0.5
23,Weekday,93,Flushing Meadows-Corona Park,Queens,0.5
23,Weekday,133,Kensington,Brooklyn,0.5
23,Weekday,167,Morrisania/Melrose,Bronx,0.5
23,Weekday,22,Bensonhurst West,Brooklyn,0.5
23,Weekday,208,Schuylerville/Edgewater Park,Bronx,0.5
23,Weekday,19,Bellerose,Queens,0.48
23,Weekday,195,Red Hook,Brooklyn,0.48
23,Weekday,155,Marine Park/Mill Basin,Brooklyn,0.48
23,Weekday,55,Coney Island,Brooklyn,0.48
23,Weekday,60,Crotona Park East,Bronx,0.47
23,Weekday,222,Starrett City,Brooklyn,0.47
23,Weekday,136,Kingsbridge Heights,Bronx,0.47
23,Weekday,121,Hillcrest/Pomonok,Queens,0.44
23,Weekday,119,Highbridge,Bronx,0.44
23,Weekday,135,Kew Gardens Hills,Queens,0.44
23,Weekday,78,East Tremont,Bronx,0.44
23,Weekday,126,Hunts Point,Bronx,0.44
23,Weekday,123,Homecrest,Brooklyn,0.42
23,Weekday,101,Glen Oaks,Queens,0.41
23,Weekday,38,Cambria Heights,Queens,0.41
23,Weekday,257,Windsor Terrace,Brooklyn,0.39
23,Weekday,165,Midwood,Brooklyn,0.39
23,Weekday,147,Longwood,Bronx,0.39
23,Weekday,150,Manhattan Beach,Brooklyn,0.38
23,Weekday,131,Jamaica Estates,Queens,0.38
23,Weekday,192,Queensboro Hill,Queens,0.36
23,Weekday,149,Madison,Brooklyn,0.36
23,Weekday,86,Far Rockaway,Queens,0.36
23,Weekday,252,Whitestone,Queens,0.34
23,Weekday,202,Roosevelt Island,Manhattan,0.34
23,Weekday,32,Bronxdale,Bronx,0.33
23,Weekday,248,West Farms/Bronx River,Bronx,0.33
23,Weekday,29,Brighton Beach,Brooklyn,0.31
23,Weekday,16,Bayside,Queens,0.31
23,Weekday,212,Soundview/Bruckner,Bronx,0.31
23,Weekday,51,Co-Op City,Bronx,0.31
23,Weekday,171,Murray Hill-Queens,Queens,0.31
23,Weekday,34,Brooklyn Navy Yard,Brooklyn,0.3
23,Weekday,54,Columbia Street,Brooklyn,0.3
23,Weekday,259,Woodlawn/Wakefield,Bronx,0.3
23,Weekday,12,Battery Park,Manhattan,0.3
23,Weekday,194,Randalls Island,Manhattan,0.28
23,Weekday,203,Rosedale,Queens,0.28
23,Weekday,94,Fordham South,Bronx,0.28
23,Weekday,21,Bensonhurst East,Brooklyn,0.28
23,Weekday,81,Eastchester,Bronx,0.27
23,Weekday,47,Claremont/Bathgate,Bronx,0.27
23,Weekday,67,Dyker Heights,Brooklyn,0.27
23,Weekday,20,Belmont,Bronx,0.25
23,Weekday,200,Riverdale/North Riverdale/Fieldston,Bronx,0.23
23,Weekday,98,Fresh Meadows,Queens,0.22
23,Weekday,108,Gravesend,Brooklyn,0.2
23,Weekday,9,Auburndale,Queens,0.19
23,Weekday,122,Hollis,Queens,0.19
23,Weekday,227,Sunset Park East,Brooklyn,0.17
23,Weekday,175,Oakland Gardens,Queens,0.17
23,Weekday,117,Hammels/Arverne,Queens,0.17
23,Weekday,73,East Flushing,Queens,0.16
23,Weekday,182,Parkchester,Bronx,0.16
23,Weekday,64,Douglaston,Queens,0.14
23,Weekday,153,Marble Hill,Manhattan,0.14
23,Weekday,57,Corona,Queens,0.13
23,Weekday,11,Bath Beach,Brooklyn,0.13
23,Weekday,178,Ocean Parkway South,Brooklyn,0.13
23,Weekday,15,Bay Terrace/Fort Totten,Queens,0.13
23,Weekday,207,Saint Michaels Cemetery/Woodside,Queens,0.11
23,Weekday,3,Allerton/Pelham Gardens,Bronx,0.11
23,Weekday,183,Pelham Bay,Bronx,0.11
23,Weekday,46,City Island,Bronx,0.09
23,Weekday,96,Forest Park/Highland Park,Queens,0.09
23,Weekday,240,Van Cortlandt Park,Bronx,0.09
23,Weekday,201,Rockaway Park,Queens,0.09
23,Weekday,128,Inwood Hill Park,Manhattan,0.08
23,Weekday,154,Marine Park/Floyd Bennett Field,Brooklyn,0.08
23,Weekday,8,Astoria Park,Queens,0.06
23,Weekday,120,Highbridge Park,Manhattan,0.06
23,Weekday,190,Prospect Park,Brooklyn,0.06
23,Weekday,6,Arrochar/Fort Wadsworth,Staten Island,0.06
23,Weekday,118,Heartland Village/Todt Hill,Staten Island,0.05
23,Weekday,30,Broad Channel,Queens,0.03
23,Weekday,1,Newark Airport,EWR,0.03
23,Weekday,221,Stapleton,Staten Island,0.03
23,Weekday,31,Bronx Park,Bronx,0.03
23,Weekday,214,South Beach/Dongan Hills,Staten Island,0.03
23,Weekday,5,Arden Heights,Staten Island,0.02
23,Weekday,156,Mariners Harbor,Staten Island,0.02
23,Weekday,84,Eltingville/Annadale/Prince's Bay,Staten Island,0.02
23,Weekday,251,Westerleigh,Staten Island,0.02
23,Weekday,199,Rikers Island,Bronx,0.02
23,Weekday,115,Grymes Hill/Clifton,Staten Island,0.02
0,Weekend,79,East Village,Manhattan,736.54
0,Weekend,249,West Village,Manhattan,558.19
0,Weekend,114,Greenwich Village South,Manhattan,415.46
0,Weekend,148,Lower East Side,Manhattan,391.77
0,Weekend,48,Clinton East,Manhattan,267.85
0,Weekend,234,Union Sq,Manhattan,251.5
0,Weekend,107,Gramercy,Manhattan,230.96
0,Weekend,158,Meatpacking/West Village West,Manhattan,204.38
0,Weekend,144,Little Italy/NoLiTa,Manhattan,197.65
0,Weekend,90,Flatiron,Manhattan,191.38
0,Weekend,230,Times Sq/Theatre District,Manhattan,185.5
0,Weekend,164,Midtown South,Manhattan,184.85
0,Weekend,68,East Chelsea,Manhattan,183.35
0,Weekend,186,Penn Station/Madison Sq West,Manhattan,162.5
0,Weekend,113,Greenwich Village North,Manhattan,157.92
0,Weekend,231,TriBeCa/Civic Center,Manhattan,152.08
0,Weekend,132,JFK Airport,Queens,141.23
0,Weekend,170,Murray Hill,Manhattan,131.31
0,Weekend,211,SoHo,Manhattan,129.88
0,Weekend,142,Lincoln Square East,Manhattan,118.62
0,Weekend,161,Midtown Center,Manhattan,110.77
0,Weekend,163,Midtown North,Manhattan,103.19
0,Weekend,137,Kips Bay,Manhattan,100.77
0,Weekend,263,Yorkville West,Manhattan,100.31
0,Weekend,237,Upper East Side South,Manhattan,98.5
0,Weekend,4,Alphabet City,Manhattan,90.08
0,Weekend,239,Upper West Side South,Manhattan,86.77
0,Weekend,141,Lenox Hill West,Manhattan,84.73
0,Weekend,100,Garment District,Manhattan,84.42
0,Weekend,246,West Chelsea/Hudson Yards,Manhattan,83.77
0,Weekend,229,Sutton Place/Turtle Bay North,Manhattan,73.42
0,Weekend,162,Midtown East,Manhattan,72.08
0,Weekend,87,Financial District North,Manhattan,70.35
0,Weekend,138,LaGuardia Airport,Queens,61.35
0,Weekend,125,Hudson Sq,Manhattan,60.23
0,Weekend,50,Clinton West,Manhattan,49.65
0,Weekend,255,Williamsburg (North Side),Brooklyn,47.0
0,Weekend,236,Upper East Side North,Manhattan,41.35
0,Weekend,88,Financial District South,Manhattan,40.0
0,Weekend,233,UN/Turtle Bay South,Manhattan,39.38
0,Weekend,238,Upper West Side North,Manhattan,37.46
0,Weekend,232,Two Bridges/Seward Park,Manhattan,35.54
0,Weekend,209,Seaport,Manhattan,34.42
0,Weekend,140,Lenox Hill East,Manhattan,31.08
0,Weekend,45,Chinatown,Manhattan,27.38
0,Weekend,143,Lincoln Square West,Manhattan,24.81
0,Weekend,256,Williamsburg (South Side),Brooklyn,24.08
0,Weekend,112,Greenpoint,Brooklyn,21.81
0,Weekend,41,Central Harlem,Manhattan,21.54
0,Weekend,261,World Trade Center,Manhattan,20.62
0,Weekend,166,Morningside Heights,Manhattan,20.54
0,Weekend,75,East Harlem South,Manhattan,17.96
0,Weekend,151,Manhattan Valley,Manhattan,17.62
0,Weekend,43,Central Park,Manhattan,17.0
0,Weekend,262,Yorkville East,Manhattan,17.0
0,Weekend,224,Stuy Town/Peter Cooper Village,Manhattan,16.35
0,Weekend,145,Long Island City/Hunters Point,Queens,16.08
0,Weekend,80,East Williamsburg,Brooklyn,15.88
0,Weekend,42,Central Harlem North,Manhattan,14.04
0,Weekend,74,East Harlem North,Manhattan,13.69
0,Weekend,97,Fort Greene,Brooklyn,12.73
0,Weekend,181,Park Slope,Brooklyn,12.58
0,Weekend,13,Battery Park City,Manhattan,12.42
0,Weekend,25,Boerum Hill,Brooklyn,12.08
0,Weekend,264,Unknown,Unknown,11.62
0,Weekend,116,Hamilton Heights,Manhattan,11.46
0,Weekend,37,Bushwick South,Brooklyn,10.08
0,Weekend,244,Washington Heights South,Manhattan,9.96
0,Weekend,24,Bloomingdale,Manhattan,9.81
0,Weekend,7,Astoria,Queens,9.5
0,Weekend,65,Downtown Brooklyn/MetroTech,Brooklyn,9.27
0,Weekend,61,Crown Heights North,Brooklyn,9.15
0,Weekend,36,Bushwick North,Brooklyn,8.88
0,Weekend,70,East Elmhurst,Queens,8.85
0,Weekend,226,Sunnyside,Queens,7.65
0,Weekend,66,DUMBO/Vinegar Hill,Brooklyn,7.46
0,Weekend,17,Bedford,Brooklyn,7.0
0,Weekend,33,Brooklyn Heights,Brooklyn,6.81
0,Weekend,152,Manhattanville,Manhattan,6.77
0,Weekend,49,Clinton Hill,Brooklyn,6.31
0,Weekend,168,Mott Haven/Port Morris,Bronx,6.08
0,Weekend,130,Jamaica,Queens,5.62
0,Weekend,225,Stuyvesant Heights,Brooklyn,5.35
0,Weekend,146,Long Island City/Queens Plaza,Queens,4.96
0,Weekend,243,Washington Heights North,Manhattan,4.92
0,Weekend,189,Prospect Heights,Brooklyn,4.54
0,Weekend,188,Prospect-Lefferts Gardens,Brooklyn,4.0
0,Weekend,129,Jackson Heights,Queens,3.88
0,Weekend,106,Gowanus,Brooklyn,3.85
0,Weekend,76,East New York,Brooklyn,3.42
0,Weekend,89,Flatbush/Ditmas Park,Brooklyn,3.27
0,Weekend,198,Ridgewood,Queens,3.27
0,Weekend,216,South Ozone Park,Queens,3.12
0,Weekend,223,Steinway,Queens,3.08
0,Weekend,40,Carroll Gardens,Brooklyn,3.0
0,Weekend,95,Forest Hills,Queens,2.96
0,Weekend,92,Flushing,Queens,2.92
0,Weekend,82,Elmhurst,Queens,2.92
0,Weekend,179,Old Astoria,Queens,2.58
0,Weekend,177,Ocean Hill,Brooklyn,2.58
0,Weekend,247,West Concourse,Bronx,2.54
0,Weekend,62,Crown Heights South,Brooklyn,2.42
0,Weekend,228,Sunset Park West,Brooklyn,2.31
0,Weekend,260,Woodside,Queens,2.27
0,Weekend,35,Brownsville,Brooklyn,2.23
0,Weekend,159,Melrose South,Bronx,2.12
0,Weekend,197,Richmond Hill,Queens,2.08
0,Weekend,85,Erasmus,Brooklyn,1.92
0,Weekend,14,Bay Ridge,Brooklyn,1.85
0,Weekend,69,East Concourse/Concourse Village,Bronx,1.77
0,Weekend,39,Canarsie,Brooklyn,1.69
0,Weekend,52,Cobble Hill,Brooklyn,1.54
0,Weekend,77,East New York/Pennsylvania Avenue,Brooklyn,1.5
0,Weekend,127,Inwood,Manhattan,1.46
0,Weekend,258,Woodhaven,Queens,1.42
0,Weekend,71,East Flatbush/Farragut,Brooklyn,1.38
0,Weekend,217,South Williamsburg,Brooklyn,1.38
0,Weekend,157,Maspeth,Queens,1.38
0,Weekend,195,Red Hook,Brooklyn,1.35
0,Weekend,193,Queensbridge/Ravenswood,Queens,1.31
0,Weekend,10,Baisley Park,Queens,1.31
0,Weekend,180,Ozone Park,Queens,1.31
0,Weekend,173,North Corona,Queens,1.27
0,Weekend,72,East Flatbush/Remsen Village,Brooklyn,1.27
0,Weekend,51,Co-Op City,Bronx,1.23
0,Weekend,126,Hunts Point,Bronx,1.23
0,Weekend,91,Flatlands,Brooklyn,1.23
0,Weekend,63,Cypress Hills,Brooklyn,1.15
0,Weekend,134,Kew Gardens,Queens,1.12
0,Weekend,28,Briarwood/Jamaica Hills,Queens,1.08
0,Weekend,215,South Jamaica,Queens,1.04
0,Weekend,124,Howard Beach,Queens,1.04
0,Weekend,210,Sheepshead Bay,Brooklyn,1.04
0,Weekend,242,Van Nest/Morris Park,Bronx,1.0
0,Weekend,219,Springfield Gardens South,Queens,0.96
0,Weekend,220,Spuyten Duyvil/Kingsbridge,Bronx,0.96
0,Weekend,47,Claremont/Bathgate,Bronx,0.96
0,Weekend,83,Elmhurst/Maspeth,Queens,0.92
0,Weekend,160,Middle Village,Queens,0.92
0,Weekend,169,Mount Hope,Bronx,0.92
0,Weekend,196,Rego Park,Queens,0.88
0,Weekend,18,Bedford Park,Bronx,0.88
0,Weekend,78,East Tremont,Bronx,0.88
0,Weekend,155,Marine Park/Mill Basin,Brooklyn,0.85
0,Weekend,93,Flushing Meadows-Corona Park,Queens,0.85
0,Weekend,208,Schuylerville/Edgewater Park,Bronx,0.81
0,Weekend,102,Glendale,Queens,0.81
0,Weekend,53,College Point,Queens,0.81
0,Weekend,171,Murray Hill-Queens,Queens,0.77
0,Weekend,136,Kingsbridge Heights,Bronx,0.77
0,Weekend,60,Crotona Park East,Bronx,0.77
0,Weekend,150,Manhattan Beach,Brooklyn,0.77
0,Weekend,241,Van Cortlandt Village,Bronx,0.77
0,Weekend,235,University Heights/Morris Heights,Bronx,0.77
0,Weekend,165,Midwood,Brooklyn,0.73
0,Weekend,218,Springfield Gardens North,Queens,0.73
0,Weekend,101,Glen Oaks,Queens,0.73
0,Weekend,191,Queens Village,Queens,0.69
0,Weekend,257,Windsor Terrace,Brooklyn,0.69
0,Weekend,16,Bayside,Queens,0.69
0,Weekend,147,Longwood,Bronx,0.65
0,Weekend,213,Soundview/Castle Hill,Bronx,0.65
0,Weekend,167,Morrisania/Melrose,Bronx,0.65
0,Weekend,56,Corona,Queens,0.65
0,Weekend,34,Brooklyn Navy Yard,Brooklyn,0.65
0,Weekend,123,Homecrest,Brooklyn,0.62
0,Weekend,21,Bensonhurst East,Brooklyn,0.58
0,Weekend,55,Coney Island,Brooklyn,0.58
0,Weekend,227,Sunset Park East,Brooklyn,0.58
0,Weekend,29,Brighton Beach,Brooklyn,0.58
0,Weekend,119,Highbridge,Bronx,0.58
0,Weekend,254,Williamsbridge/Olinville,Bronx,0.58
0,Weekend,20,Belmont,Bronx,0.54
0,Weekend,174,Norwood,Bronx,0.5
0,Weekend,22,Bensonhurst West,Brooklyn,0.5
0,Weekend,212,Soundview/Bruckner,Bronx,0.5
0,Weekend,250,Westchester Village/Unionport,Bronx,0.5
0,Weekend,203,Rosedale,Queens,0.5
0,Weekend,54,Columbia Street,Brooklyn,0.5
0,Weekend,135,Kew Gardens Hills,Queens,0.46
0,Weekend,205,Saint Albans,Queens,0.46
0,Weekend,121,Hillcrest/Pomonok,Queens,0.46
0,Weekend,190,Prospect Park,Brooklyn,0.42
0,Weekend,265,Outside NYC,Unknown,0.42
0,Weekend,81,Eastchester,Bronx,0.42
0,Weekend,67,Dyker Heights,Brooklyn,0.42
0,Weekend,32,Bronxdale,Bronx,0.42
0,Weekend,259,Woodlawn/Wakefield,Bronx,0.42
0,Weekend,131,Jamaica Estates,Queens,0.38
0,Weekend,185,Pelham Parkway,Bronx,0.38
0,Weekend,26,Borough Park,Brooklyn,0.38
0,Weekend,192,Queensboro Hill,Queens,0.38
0,Weekend,94,Fordham South,Bronx,0.38
0,Weekend,182,Parkchester,Bronx,0.38
0,Weekend,133,Kensington,Brooklyn,0.38
0,Weekend,252,Whitestone,Queens,0.35
0,Weekend,248,West Farms/Bronx River,Bronx,0.35
0,Weekend,12,Battery Park,Manhattan,0.35
0,Weekend,202,Roosevelt Island,Manhattan,0.31
0,Weekend,153,Marble Hill,Manhattan,0.31
0,Weekend,108,Gravesend,Brooklyn,0.31
0,Weekend,175,Oakland Gardens,Queens,0.31
0,Weekend,86,Far Rockaway,Queens,0.31
0,Weekend,222,Starrett City,Brooklyn,0.31
0,Weekend,200,Riverdale/North Riverdale/Fieldston,Bronx,0.31
0,Weekend,3,Allerton/Pelham Gardens,Bronx,0.31
0,Weekend,117,Hammels/Arverne,Queens,0.27
0,Weekend,19,Bellerose,Queens,0.27
0,Weekend,98,Fresh Meadows,Queens,0.27
0,Weekend,11,Bath Beach,Brooklyn,0.23
0,Weekend,183,Pelham Bay,Bronx,0.23
0,Weekend,38,Cambria Heights,Queens,0.19
0,Weekend,122,Hollis,Queens,0.19
0,Weekend,139,Laurelton,Queens,0.19
0,Weekend,178,Ocean Parkway South,Brooklyn,0.15
0,Weekend,57,Corona,Queens,0.15
0,Weekend,73,East Flushing,Queens,0.15
0,Weekend,96,Forest Park/Highland Park,Queens,0.12
0,Weekend,9,Auburndale,Queens,0.12
0,Weekend,46,City Island,Bronx,0.12
0,Weekend,201,Rockaway Park,Queens,0.08
0,Weekend,149,Madison,Brooklyn,0.08
0,Weekend,120,Highbridge Park,Manhattan,0.08
0,Weekend,30,Broad Channel,Queens,0.08
0,Weekend,118,Heartland Village/Todt Hill,Staten Island,0.08
0,Weekend,221,Stapleton,Staten Island,0.08
0,Weekend,184,Pelham Bay Park,Bronx,0.08
0,Weekend,207,Saint Michaels Cemetery/Woodside,Queens,0.08
0,Weekend,214,South Beach/Dongan Hills,Staten Island,0.04
0,Weekend,6,Arrochar/Fort Wadsworth,Staten Island,0.04
0,Weekend,15,Bay Terrace/Fort Totten,Queens,0.04
0,Weekend,58,Country Club,Bronx,0.04
0,Weekend,251,Westerleigh,Staten Island,0.04
0,Weekend,128,Inwood Hill Park,Manhattan,0.04
0,Weekend,64,Douglaston,Queens,0.04
0,Weekend,23,Bloomfield/Emerson Hill,Staten Island,0.04
0,Weekend,111,Green-Wood Cemetery,Brooklyn,0.04
0,Weekend,27,Breezy Point/Fort Tilden/Riis Beach,Queens,0.04
0,Weekend,194,Randalls Island,Manhattan,0.04
1,Weekend,79,East Village,Manhattan,724.73
1,Weekend,249,West Village,Manhattan,518.5
1,Weekend,148,Lower East Side,Manhattan,450.88
1,Weekend,114,Greenwich Village South,Manhattan,436.42
1,Weekend,158,Meatpacking/West Village West,Manhattan,222.38
1,Weekend,144,Little Italy/NoLiTa,Manhattan,213.85
1,Weekend,48,Clinton East,Manhattan,188.08
1,Weekend,234,Union Sq,Manhattan,168.23
1,Weekend,107,Gramercy,Manhattan,165.0
1,Weekend,90,Flatiron,Manhattan,144.35
1,Weekend,164,Midtown South,Manhattan,130.96
1,Weekend,113,Greenwich Village North,Manhattan,129.85
1,Weekend,68,East Chelsea,Manhattan,127.15
1,Weekend,211,SoHo,Manhattan,125.31
1,Weekend,4,Alphabet City,Manhattan,109.23
1,Weekend,231,TriBeCa/Civic Center,Manhattan,107.77
1,Weekend,230,Times Sq/Theatre District,Manhattan,103.27
1,Weekend,186,Penn Station/Madison Sq West,Manhattan,83.62
1,Weekend,246,West Chelsea/Hudson Yards,Manhattan,79.88
1,Weekend,170,Murray Hill,Manhattan,72.31
1,Weekend,137,Kips Bay,Manhattan,64.73
1,Weekend,132,JFK Airport,Queens,61.69
1,Weekend,263,Yorkville West,Manhattan,60.31
1,Weekend,100,Garment District,Manhattan,59.65
1,Weekend,141,Lenox Hill West,Manhattan,49.92
1,Weekend,125,Hudson Sq,Manhattan,48.15
1,Weekend,237,Upper East Side South,Manhattan,47.73
1,Weekend,163,Midtown North,Manhattan,46.96
1,Weekend,161,Midtown Center,Manhattan,44.69
1,Weekend,255,Williamsburg (North Side),Brooklyn,43.27
1,Weekend,239,Upper West Side South,Manhattan,40.77
1,Weekend,229,Sutton Place/Turtle Bay North,Manhattan,39.5
1,Weekend,87,Financial District North,Manhattan,38.08
1,Weekend,162,Midtown East,Manhattan,36.15
1,Weekend,142,Lincoln Square East,Manhattan,34.73
1,Weekend,232,Two Bridges/Seward Park,Manhattan,28.27
1,Weekend,88,Financial District South,Manhattan,27.73
1,Weekend,50,Clinton West,Manhattan,26.35
1,Weekend,209,Seaport,Manhattan,24.88
1,Weekend,256,Williamsburg (South Side),Brooklyn,23.65
1,Weekend,45,Chinatown,Manhattan,22.12
1,Weekend,233,UN/Turtle Bay South,Manhattan,18.23
1,Weekend,80,East Williamsburg,Brooklyn,17.77
1,Weekend,236,Upper East Side North,Manhattan,17.58
1,Weekend,112,Greenpoint,Brooklyn,16.92
1,Weekend,36,Bushwick North,Brooklyn,16.27
1,Weekend,238,Upper West Side North,Manhattan,15.58
1,Weekend,140,Lenox Hill East,Manhattan,15.27
1,Weekend,138,LaGuardia Airport,Queens,14.19
1,Weekend,224,Stuy Town/Peter Cooper Village,Manhattan,12.96
1,Weekend,37,Bushwick South,Brooklyn,11.81
1,Weekend,261,World Trade Center,Manhattan,10.38
1,Weekend,41,Central Harlem,Manhattan,10.15
1,Weekend,143,Lincoln Square West,Manhattan,9.15
1,Weekend,264,Unknown,Unknown,8.92
1,Weekend,25,Boerum Hill,Brooklyn,8.77
1,Weekend,75,East Harlem South,Manhattan,8.46
1,Weekend,166,Morningside Heights,Manhattan,8.27
1,Weekend,42,Central Harlem North,Manhattan,8.0
1,Weekend,7,Astoria,Queens,7.65
1,Weekend,262,Yorkville East,Manhattan,7.58
1,Weekend,145,Long Island City/Hunters Point,Queens,7.42
1,Weekend,181,Park Slope,Brooklyn,6.73
1,Weekend,74,East Harlem North,Manhattan,6.62
1,Weekend,151,Manhattan Valley,Manhattan,6.23
1,Weekend,97,Fort Greene,Brooklyn,6.15
1,Weekend,43,Central Park,Manhattan,6.04
1,Weekend,116,Hamilton Heights,Manhattan,5.08
1,Weekend,13,Battery Park City,Manhattan,4.69
1,Weekend,24,Bloomingdale,Manhattan,4.65
1,Weekend,65,Downtown Brooklyn/MetroTech,Brooklyn,4.42
1,Weekend,226,Sunnyside,Queens,4.38
1,Weekend,61,Crown Heights North,Brooklyn,4.23
1,Weekend,244,Washington Heights South,Manhattan,4.0
1,Weekend,130,Jamaica,Queens,3.96
1,Weekend,17,Bedford,Brooklyn,3.88
1,Weekend,66,DUMBO/Vinegar Hill,Brooklyn,3.73
1,Weekend,129,Jackson Heights,Queens,3.35
1,Weekend,216,South Ozone Park,Queens,3.19
1,Weekend,33,Brooklyn Heights,Brooklyn,3.15
1,Weekend,168,Mott Haven/Port Morris,Bronx,3.12
1,Weekend,198,Ridgewood,Queens,3.08
1,Weekend,146,Long Island City/Queens Plaza,Queens,2.96
1,Weekend,70,East Elmhurst,Queens,2.88
1,Weekend,189,Prospect Heights,Brooklyn,2.73
1,Weekend,243,Washington Heights North,Manhattan,2.73
1,Weekend,152,Manhattanville,Manhattan,2.69
1,Weekend,157,Maspeth,Queens,2.69
1,Weekend,225,Stuyvesant Heights,Brooklyn,2.65
1,Weekend,49,Clinton Hill,Brooklyn,2.58
1,Weekend,76,East New York,Brooklyn,2.58
1,Weekend,260,Woodside,Queens,2.54
1,Weekend,197,Richmond Hill,Queens,2.38
1,Weekend,82,Elmhurst,Queens,2.12
1,Weekend,223,Steinway,Queens,2.0
1,Weekend,188,Prospect-Lefferts Gardens,Brooklyn,1.92
1,Weekend,95,Forest Hills,Queens,1.85
1,Weekend,106,Gowanus,Brooklyn,1.85
1,Weekend,177,Ocean Hill,Brooklyn,1.81
1,Weekend,228,Sunset Park West,Brooklyn,1.73
1,Weekend,127,Inwood,Manhattan,1.54
1,Weekend,40,Carroll Gardens,Brooklyn,1.42
1,Weekend,179,Old Astoria,Queens,1.42
1,Weekend,247,West Concourse,Bronx,1.38
1,Weekend,92,Flushing,Queens,1.31
1,Weekend,35,Brownsville,Brooklyn,1.27
1,Weekend,39,Canarsie,Brooklyn,1.27
1,Weekend,180,Ozone Park,Queens,1.23
1,Weekend,89,Flatbush/Ditmas Park,Brooklyn,1.23
1,Weekend,14,Bay Ridge,Brooklyn,1.15
1,Weekend,69,East Concourse/Concourse Village,Bronx,1.08
1,Weekend,63,Cypress Hills,Brooklyn,0.92
1,Weekend,52,Cobble Hill,Brooklyn,0.88
1,Weekend,71,East Flatbush/Farragut,Brooklyn,0.88
1,Weekend,91,Flatlands,Brooklyn,0.88
1,Weekend,215,South Jamaica,Queens,0.85
1,Weekend,258,Woodhaven,Queens,0.85
1,Weekend,159,Melrose South,Bronx,0.81
1,Weekend,217,South Williamsburg,Brooklyn,0.77
1,Weekend,83,Elmhurst/Maspeth,Queens,0.77
1,Weekend,173,North Corona,Queens,0.77
1,Weekend,62,Crown Heights South,Brooklyn,0.73
1,Weekend,219,Springfield Gardens South,Queens,0.73
1,Weekend,16,Bayside,Queens,0.69
1,Weekend,34,Brooklyn Navy Yard,Brooklyn,0.69
1,Weekend,208,Schuylerville/Edgewater Park,Bronx,0.69
1,Weekend,195,Red Hook,Brooklyn,0.69
1,Weekend,191,Queens Village,Queens,0.65
1,Weekend,18,Bedford Park,Bronx,0.65
1,Weekend,250,Westchester Village/Unionport,Bronx,0.62
1,Weekend,28,Briarwood/Jamaica Hills,Queens,0.62
1,Weekend,56,Corona,Queens,0.58
1,Weekend,160,Middle Village,Queens,0.58
1,Weekend,126,Hunts Point,Bronx,0.58
1,Weekend,171,Murray Hill-Queens,Queens,0.54
1,Weekend,72,East Flatbush/Remsen Village,Brooklyn,0.54
1,Weekend,85,Erasmus,Brooklyn,0.54
1,Weekend,169,Mount Hope,Bronx,0.54
1,Weekend,167,Morrisania/Melrose,Bronx,0.5
1,Weekend,134,Kew Gardens,Queens,0.5
1,Weekend,227,Sunset Park East,Brooklyn,0.5
1,Weekend,259,Woodlawn/Wakefield,Bronx,0.5
1,Weekend,193,Queensbridge/Ravenswood,Queens,0.5
1,Weekend,212,Soundview/Bruckner,Bronx,0.5
1,Weekend,150,Manhattan Beach,Brooklyn,0.5
1,Weekend,77,East New York/Pennsylvania Avenue,Brooklyn,0.5
1,Weekend,124,Howard Beach,Queens,0.46
1,Weekend,220,Spuyten Duyvil/Kingsbridge,Bronx,0.46
1,Weekend,149,Madison,Brooklyn,0.46
1,Weekend,235,University Heights/Morris Heights,Bronx,0.46
1,Weekend,94,Fordham South,Bronx,0.46
1,Weekend,67,Dyker Heights,Brooklyn,0.46
1,Weekend,55,Coney Island,Brooklyn,0.46
1,Weekend,205,Saint Albans,Queens,0.42
1,Weekend,101,Glen Oaks,Queens,0.42
1,Weekend,121,Hillcrest/Pomonok,Queens,0.42
1,Weekend,51,Co-Op City,Bronx,0.42
1,Weekend,265,Outside NYC,Unknown,0.42
1,Weekend,254,Williamsbridge/Olinville,Bronx,0.38
1,Weekend,93,Flushing Meadows-Corona Park,Queens,0.38
1,Weekend,203,Rosedale,Queens,0.38
1,Weekend,242,Van Nest/Morris Park,Bronx,0.38
1,Weekend,20,Belmont,Bronx,0.38
1,Weekend,47,Claremont/Bathgate,Bronx,0.38
1,Weekend,10,Baisley Park,Queens,0.38
1,Weekend,136,Kingsbridge Heights,Bronx,0.38
1,Weekend,119,Highbridge,Bronx,0.35
1,Weekend,12,Battery Park,Manhattan,0.35
1,Weekend,102,Glendale,Queens,0.35
1,Weekend,213,Soundview/Castle Hill,Bronx,0.35
1,Weekend,19,Bellerose,Queens,0.35
1,Weekend,123,Homecrest,Brooklyn,0.31
1,Weekend,108,Gravesend,Brooklyn,0.31
1,Weekend,196,Rego Park,Queens,0.31
1,Weekend,60,Crotona Park East,Bronx,0.31
1,Weekend,78,East Tremont,Bronx,0.31
1,Weekend,147,Longwood,Bronx,0.31
1,Weekend,185,Pelham Parkway,Bronx,0.31
1,Weekend,98,Fresh Meadows,Queens,0.27
1,Weekend,53,College Point,Queens,0.27
1,Weekend,248,West Farms/Bronx River,Bronx,0.27
1,Weekend,174,Norwood,Bronx,0.27
1,Weekend,131,Jamaica Estates,Queens,0.27
1,Weekend,257,Windsor Terrace,Brooklyn,0.27
1,Weekend,21,Bensonhurst East,Brooklyn,0.27
1,Weekend,155,Marine Park/Mill Basin,Brooklyn,0.27
1,Weekend,135,Kew Gardens Hills,Queens,0.23
1,Weekend,32,Bronxdale,Bronx,0.23
1,Weekend,26,Borough Park,Brooklyn,0.23
1,Weekend,139,Laurelton,Queens,0.23
1,Weekend,218,Springfield Gardens North,Queens,0.23
1,Weekend,182,Parkchester,Bronx,0.23
1,Weekend,29,Brighton Beach,Brooklyn,0.23
1,Weekend,9,Auburndale,Queens,0.23
1,Weekend,153,Marble Hill,Manhattan,0.23
1,Weekend,190,Prospect Park,Brooklyn,0.23
1,Weekend,133,Kensington,Brooklyn,0.19
1,Weekend,222,Starrett City,Brooklyn,0.19
1,Weekend,3,Allerton/Pelham Gardens,Bronx,0.19
1,Weekend,64,Douglaston,Queens,0.19
1,Weekend,81,Eastchester,Bronx,0.19
1,Weekend,210,Sheepshead Bay,Brooklyn,0.19
1,Weekend,86,Far Rockaway,Queens,0.19
1,Weekend,183,Pelham Bay,Bronx,0.15
1,Weekend,252,Whitestone,Queens,0.15
1,Weekend,201,Rockaway Park,Queens,0.15
1,Weekend,240,Van Cortlandt Park,Bronx,0.15
1,Weekend,200,Riverdale/North Riverdale/Fieldston,Bronx,0.15
1,Weekend,11,Bath Beach,Brooklyn,0.15
1,Weekend,241,Van Cortlandt Village,Bronx,0.15
1,Weekend,165,Midwood,Brooklyn,0.15
1,Weekend,178,Ocean Parkway South,Brooklyn,0.15
1,Weekend,15,Bay Terrace/Fort Totten,Queens,0.15
1,Weekend,46,City Island,Bronx,0.12
1,Weekend,73,East Flushing,Queens,0.12
1,Weekend,175,Oakland Gardens,Queens,0.12
1,Weekend,192,Queensboro Hill,Queens,0.12
1,Weekend,30,Broad Channel,Queens,0.12
1,Weekend,202,Roosevelt Island,Manhattan,0.12
1,Weekend,22,Bensonhurst West,Brooklyn,0.08
1,Weekend,122,Hollis,Queens,0.08
1,Weekend,54,Columbia Street,Brooklyn,0.08
1,Weekend,117,Hammels/Arverne,Queens,0.08
1,Weekend,23,Bloomfield/Emerson Hill,Staten Island,0.04
1,Weekend,221,Stapleton,Staten Island,0.04
1,Weekend,96,Forest Park/Highland Park,Queens,0.04
1,Weekend,194,Randalls Island,Manhattan,0.04
1,Weekend,172,New Dorp/Midland Beach,Staten Island,0.04
1,Weekend,8,Astoria Park,Queens,0.04
1,Weekend,120,Highbridge Park,Manhattan,0.04
1,Weekend,214,South Beach/Dongan Hills,Staten Island,0.04
1,Weekend,38,Cambria Heights,Queens,0.04
2,Weekend,79,East Village,Manhattan,497.77
2,Weekend,148,Lower East Side,Manhattan,378.27
2,Weekend,249,West Village,Manhattan,342.85
2,Weekend,114,Greenwich Village South,Manhattan,316.46
2,Weekend,144,Little Italy/NoLiTa,Manhattan,192.15
2,Weekend,158,Meatpacking/West Village West,Manhattan,162.58
2,Weekend,48,Clinton East,Manhattan,124.96
2,Weekend,68,East Chelsea,Manhattan,99.73
2,Weekend,90,Flatiron,Manhattan,97.0
2,Weekend,113,Greenwich Village North,Manhattan,95.69
2,Weekend,107,Gramercy,Manhattan,95.58
2,Weekend,4,Alphabet City,Manhattan,87.42
2,Weekend,234,Union Sq,Manhattan,85.27
2,Weekend,246,West Chelsea/Hudson Yards,Manhattan,84.38
2,Weekend,211,SoHo,Manhattan,79.58
2,Weekend,164,Midtown South,Manhattan,73.38
2,Weekend,231,TriBeCa/Civic Center,Manhattan,59.5
2,Weekend,230,Times Sq/Theatre District,Manhattan,50.54
2,Weekend,186,Penn Station/Madison Sq West,Manhattan,48.04
2,Weekend,137,Kips Bay,Manhattan,36.58
2,Weekend,255,Williamsburg (North Side),Brooklyn,36.58
2,Weekend,170,Murray Hill,Manhattan,35.77
2,Weekend,263,Yorkville West,Manhattan,35.15
2,Weekend,100,Garment District,Manhattan,32.08
2,Weekend,125,Hudson Sq,Manhattan,30.69
2,Weekend,141,Lenox Hill West,Manhattan,28.69
2,Weekend,163,Midtown North,Manhattan,24.08
2,Weekend,229,Sutton Place/Turtle Bay North,Manhattan,23.65
2,Weekend,132,JFK Airport,Queens,23.5
2,Weekend,80,East Williamsburg,Brooklyn,22.62
2,Weekend,232,Two Bridges/Seward Park,Manhattan,20.58
2,Weekend,237,Upper East Side South,Manhattan,19.31
2,Weekend,256,Williamsburg (South Side),Brooklyn,18.54
2,Weekend,87,Financial District North,Manhattan,18.08
2,Weekend,162,Midtown East,Manhattan,17.54
2,Weekend,36,Bushwick North,Brooklyn,16.62
2,Weekend,239,Upper West Side South,Manhattan,16.0
2,Weekend,50,Clinton West,Manhattan,15.81
2,Weekend,161,Midtown Center,Manhattan,15.46
2,Weekend,209,Seaport,Manhattan,15.0
2,Weekend,112,Greenpoint,Brooklyn,14.04
2,Weekend,37,Bushwick South,Brooklyn,13.69
2,Weekend,88,Financial District South,Manhattan,12.5
2,Weekend,45,Chinatown,Manhattan,11.92
2,Weekend,142,Lincoln Square East,Manhattan,11.81
2,Weekend,233,UN/Turtle Bay South,Manhattan,10.65
2,Weekend,140,Lenox Hill East,Manhattan,9.42
2,Weekend,224,Stuy Town/Peter Cooper Village,Manhattan,9.31
2,Weekend,238,Upper West Side North,Manhattan,8.35
2,Weekend,25,Boerum Hill,Brooklyn,8.35
2,Weekend,236,Upper East Side North,Manhattan,7.23
2,Weekend,7,Astoria,Queens,6.81
2,Weekend,157,Maspeth,Queens,6.69
2,Weekend,264,Unknown,Unknown,5.88
2,Weekend,261,World Trade Center,Manhattan,5.58
2,Weekend,166,Morningside Heights,Manhattan,4.58
2,Weekend,145,Long Island City/Hunters Point,Queens,4.54
2,Weekend,75,East Harlem South,Manhattan,4.54
2,Weekend,41,Central Harlem,Manhattan,4.46
2,Weekend,262,Yorkville East,Manhattan,4.27
2,Weekend,198,Ridgewood,Queens,4.0
2,Weekend,143,Lincoln Square West,Manhattan,4.0
2,Weekend,226,Sunnyside,Queens,3.92
2,Weekend,42,Central Harlem North,Manhattan,3.85
2,Weekend,61,Crown Heights North,Brooklyn,3.35
2,Weekend,74,East Harlem North,Manhattan,3.23
2,Weekend,225,Stuyvesant Heights,Brooklyn,3.12
2,Weekend,151,Manhattan Valley,Manhattan,3.08
2,Weekend,129,Jackson Heights,Queens,2.96
2,Weekend,197,Richmond Hill,Queens,2.73
2,Weekend,24,Bloomingdale,Manhattan,2.54
2,Weekend,181,Park Slope,Brooklyn,2.54
2,Weekend,43,Central Park,Manhattan,2.5
2,Weekend,260,Woodside,Queens,2.5
2,Weekend,216,South Ozone Park,Queens,2.46
2,Weekend,138,LaGuardia Airport,Queens,2.35
2,Weekend,97,Fort Greene,Brooklyn,2.31
2,Weekend,130,Jamaica,Queens,2.31
2,Weekend,116,Hamilton Heights,Manhattan,2.23
2,Weekend,82,Elmhurst,Queens,2.19
2,Weekend,146,Long Island City/Queens Plaza,Queens,2.19
2,Weekend,243,Washington Heights North,Manhattan,2.12
2,Weekend,13,Battery Park City,Manhattan,2.08
2,Weekend,244,Washington Heights South,Manhattan,2.0
2,Weekend,66,DUMBO/Vinegar Hill,Brooklyn,1.96
2,Weekend,65,Downtown Brooklyn/MetroTech,Brooklyn,1.96
2,Weekend,33,Brooklyn Heights,Brooklyn,1.92
2,Weekend,17,Bedford,Brooklyn,1.81
2,Weekend,76,East New York,Brooklyn,1.69
2,Weekend,34,Brooklyn Navy Yard,Brooklyn,1.46
2,Weekend,106,Gowanus,Brooklyn,1.38
2,Weekend,223,Steinway,Queens,1.35
2,Weekend,168,Mott Haven/Port Morris,Bronx,1.35
2,Weekend,49,Clinton Hill,Brooklyn,1.15
2,Weekend,152,Manhattanville,Manhattan,1.15
2,Weekend,180,Ozone Park,Queens,1.08
2,Weekend,70,East Elmhurst,Queens,1.04
2,Weekend,228,Sunset Park West,Brooklyn,1.04
2,Weekend,127,Inwood,Manhattan,0.96
2,Weekend,95,Forest Hills,Queens,0.96
2,Weekend,92,Flushing,Queens,0.92
2,Weekend,14,Bay Ridge,Brooklyn,0.85
2,Weekend,39,Canarsie,Brooklyn,0.85
2,Weekend,89,Flatbush/Ditmas Park,Brooklyn,0.85
2,Weekend,35,Brownsville,Brooklyn,0.85
2,Weekend,62,Crown Heights South,Brooklyn,0.81
2,Weekend,258,Woodhaven,Queens,0.73
2,Weekend,179,Old Astoria,Queens,0.73
2,Weekend,177,Ocean Hill,Brooklyn,0.69
2,Weekend,217,South Williamsburg,Brooklyn,0.65
2,Weekend,91,Flatlands,Brooklyn,0.65
2,Weekend,173,North Corona,Queens,0.65
2,Weekend,189,Prospect Heights,Brooklyn,0.65
2,Weekend,188,Prospect-Lefferts Gardens,Brooklyn,0.62
2,Weekend,265,Outside NYC,Unknown,0.62
2,Weekend,83,Elmhurst/Maspeth,Queens,0.62
2,Weekend,247,West Concourse,Bronx,0.54
2,Weekend,160,Middle Village,Queens,0.54
2,Weekend,69,East Concourse/Concourse Village,Bronx,0.54
2,Weekend,63,Cypress Hills,Brooklyn,0.5
2,Weekend,126,Hunts Point,Bronx,0.5
2,Weekend,208,Schuylerville/Edgewater Park,Bronx,0.5
2,Weekend,235,University Heights/Morris Heights,Bronx,0.5
2,Weekend,250,Westchester Village/Unionport,Bronx,0.5
2,Weekend,40,Carroll Gardens,Brooklyn,0.5
2,Weekend,215,South Jamaica,Queens,0.5
2,Weekend,191,Queens Village,Queens,0.46
2,Weekend,72,East Flatbush/Remsen Village,Brooklyn,0.46
2,Weekend,159,Melrose South,Bronx,0.46
2,Weekend,60,Crotona Park East,Bronx,0.42
2,Weekend,193,Queensbridge/Ravenswood,Queens,0.42
2,Weekend,78,East Tremont,Bronx,0.38
2,Weekend,28,Briarwood/Jamaica Hills,Queens,0.38
2,Weekend,169,Mount Hope,Bronx,0.38
2,Weekend,220,Spuyten Duyvil/Kingsbridge,Bronx,0.38
2,Weekend,227,Sunset Park East,Brooklyn,0.38
2,Weekend,155,Marine Park/Mill Basin,Brooklyn,0.35
2,Weekend,218,Springfield Gardens North,Queens,0.35
2,Weekend,254,Williamsbridge/Olinville,Bronx,0.35
2,Weekend,205,Saint Albans,Queens,0.35
2,Weekend,167,Morrisania/Melrose,Bronx,0.35
2,Weekend,136,Kingsbridge Heights,Bronx,0.31
2,Weekend,18,Bedford Park,Bronx,0.31
2,Weekend,71,East Flatbush/Farragut,Brooklyn,0.31
2,Weekend,139,Laurelton,Queens,0.31
2,Weekend,52,Cobble Hill,Brooklyn,0.31
2,Weekend,219,Springfield Gardens South,Queens,0.31
2,Weekend,16,Bayside,Queens,0.31
2,Weekend,22,Bensonhurst West,Brooklyn,0.31
2,Weekend,124,Howard Beach,Queens,0.31
2,Weekend,210,Sheepshead Bay,Brooklyn,0.27
2,Weekend,47,Claremont/Bathgate,Bronx,0.27
2,Weekend,85,Erasmus,Brooklyn,0.27
2,Weekend,242,Van Nest/Morris Park,Bronx,0.27
2,Weekend,55,Coney Island,Brooklyn,0.27
2,Weekend,10,Baisley Park,Queens,0.27
2,Weekend,213,Soundview/Castle Hill,Bronx,0.27
2,Weekend,241,Van Cortlandt Village,Bronx,0.23
2,Weekend,20,Belmont,Bronx,0.23
2,Weekend,195,Red Hook,Brooklyn,0.23
2,Weekend,51,Co-Op City,Bronx,0.23
2,Weekend,203,Rosedale,Queens,0.23
2,Weekend,77,East New York/Pennsylvania Avenue,Brooklyn,0.23
2,Weekend,21,Bensonhurst East,Brooklyn,0.23
2,Weekend,56,Corona,Queens,0.23
2,Weekend,93,Flushing Meadows-Corona Park,Queens,0.23
2,Weekend,102,Glendale,Queens,0.23
2,Weekend,86,Far Rockaway,Queens,0.19
2,Weekend,165,Midwood,Brooklyn,0.19
2,Weekend,123,Homecrest,Brooklyn,0.19
2,Weekend,182,Parkchester,Bronx,0.19
2,Weekend,248,West Farms/Bronx River,Bronx,0.19
2,Weekend,101,Glen Oaks,Queens,0.19
2,Weekend,134,Kew Gardens,Queens,0.19
2,Weekend,67,Dyker Heights,Brooklyn,0.15
2,Weekend,81,Eastchester,Bronx,0.15
2,Weekend,201,Rockaway Park,Queens,0.15
2,Weekend,108,Gravesend,Brooklyn,0.15
2,Weekend,252,Whitestone,Queens,0.15
2,Weekend,259,Woodlawn/Wakefield,Bronx,0.15
2,Weekend,121,Hillcrest/Pomonok,Queens,0.15
2,Weekend,202,Roosevelt Island,Manhattan,0.15
2,Weekend,98,Fresh Meadows,Queens,0.15
2,Weekend,133,Kensington,Brooklyn,0.15
2,Weekend,135,Kew Gardens Hills,Queens,0.15
2,Weekend,94,Fordham South,Bronx,0.15
2,Weekend,196,Rego Park,Queens,0.12
2,Weekend,54,Columbia Street,Brooklyn,0.12
2,Weekend,53,College Point,Queens,0.12
2,Weekend,32,Bronxdale,Bronx,0.12
2,Weekend,19,Bellerose,Queens,0.12
2,Weekend,11,Bath Beach,Brooklyn,0.12
2,Weekend,29,Brighton Beach,Brooklyn,0.12
2,Weekend,222,Starrett City,Brooklyn,0.12
2,Weekend,122,Hollis,Queens,0.12
2,Weekend,150,Manhattan Beach,Brooklyn,0.08
2,Weekend,212,Soundview/Bruckner,Bronx,0.08
2,Weekend,185,Pelham Parkway,Bronx,0.08
2,Weekend,131,Jamaica Estates,Queens,0.08
2,Weekend,171,Murray Hill-Queens,Queens,0.08
2,Weekend,46,City Island,Bronx,0.08
2,Weekend,147,Longwood,Bronx,0.08
2,Weekend,119,Highbridge,Bronx,0.08
2,Weekend,149,Madison,Brooklyn,0.08
2,Weekend,26,Borough Park,Brooklyn,0.08
2,Weekend,257,Windsor Terrace,Brooklyn,0.04
2,Weekend,176,Oakwood,Staten Island,0.04
2,Weekend,58,Country Club,Bronx,0.04
2,Weekend,9,Auburndale,Queens,0.04
2,Weekend,178,Ocean Parkway South,Brooklyn,0.04
2,Weekend,15,Bay Terrace/Fort Totten,Queens,0.04
2,Weekend,190,Prospect Park,Brooklyn,0.04
2,Weekend,38,Cambria Heights,Queens,0.04
2,Weekend,174,Norwood,Bronx,0.04
2,Weekend,240,Van Cortlandt Park,Bronx,0.04
2,Weekend,73,East Flushing,Queens,0.04
2,Weekend,207,Saint Michaels Cemetery/Woodside,Queens,0.04
2,Weekend,153,Marble Hill,Manhattan,0.04
2,Weekend,117,Hammels/Arverne,Queens,0.04
2,Weekend,12,Battery Park,Manhattan,0.04
2,Weekend,64,Douglaston,Queens,0.04
2,Weekend,200,Riverdale/North Riverdale/Fieldston,Bronx,0.04
2,Weekend,96,Forest Park/Highland Park,Queens,0.04
3,Weekend,79,East Village,Manhattan,319.62
3,Weekend,148,Lower East Side,Manhattan,266.19
3,Weekend,249,West Village,Manhattan,214.73
3,Weekend,114,Greenwich Village South,Manhattan,174.46
3,Weekend,144,Little Italy/NoLiTa,Manhattan,135.04
3,Weekend,246,West Chelsea/Hudson Yards,Manhattan,103.77
3,Weekend,48,Clinton East,Manhattan,99.73
3,Weekend,158,Meatpacking/West Village West,Manhattan,84.08
3,Weekend,68,East Chelsea,Manhattan,82.12
3,Weekend,90,Flatiron,Manhattan,65.31
3,Weekend,113,Greenwich Village North,Manhattan,61.58
3,Weekend,107,Gramercy,Manhattan,59.38
3,Weekend,164,Midtown South,Manhattan,55.15
3,Weekend,4,Alphabet City,Manhattan,47.19
3,Weekend,234,Union Sq,Manhattan,46.15
3,Weekend,211,SoHo,Manhattan,42.31
3,Weekend,230,Times Sq/Theatre District,Manhattan,41.27
3,Weekend,231,TriBeCa/Civic Center,Manhattan,40.0
3,Weekend,255,Williamsburg (North Side),Brooklyn,31.23
3,Weekend,80,East Williamsburg,Brooklyn,29.54
3,Weekend,186,Penn Station/Madison Sq West,Manhattan,29.5
3,Weekend,137,Kips Bay,Manhattan,26.23
3,Weekend,125,Hudson Sq,Manhattan,24.54
3,Weekend,170,Murray Hill,Manhattan,24.04
3,Weekend,100,Garment District,Manhattan,23.96
3,Weekend,263,Yorkville West,Manhattan,22.81
3,Weekend,141,Lenox Hill West,Manhattan,22.65
3,Weekend,256,Williamsburg (South Side),Brooklyn,19.81
3,Weekend,229,Sutton Place/Turtle Bay North,Manhattan,17.85
3,Weekend,163,Midtown North,Manhattan,16.65
3,Weekend,36,Bushwick North,Brooklyn,16.27
3,Weekend,37,Bushwick South,Brooklyn,15.85
3,Weekend,50,Clinton West,Manhattan,14.42
3,Weekend,132,JFK Airport,Queens,14.31
3,Weekend,232,Two Bridges/Seward Park,Manhattan,13.5
3,Weekend,157,Maspeth,Queens,13.19
3,Weekend,112,Greenpoint,Brooklyn,12.08
3,Weekend,237,Upper East Side South,Manhattan,11.92
3,Weekend,162,Midtown East,Manhattan,11.85
3,Weekend,161,Midtown Center,Manhattan,10.88
3,Weekend,7,Astoria,Queens,10.04
3,Weekend,87,Financial District North,Manhattan,9.23
3,Weekend,233,UN/Turtle Bay South,Manhattan,8.88
3,Weekend,209,Seaport,Manhattan,8.46
3,Weekend,142,Lincoln Square East,Manhattan,8.19
3,Weekend,239,Upper West Side South,Manhattan,8.08
3,Weekend,25,Boerum Hill,Brooklyn,7.65
3,Weekend,224,Stuy Town/Peter Cooper Village,Manhattan,7.31
3,Weekend,140,Lenox Hill East,Manhattan,7.19
3,Weekend,45,Chinatown,Manhattan,6.5
3,Weekend,129,Jackson Heights,Queens,6.27
3,Weekend,238,Upper West Side North,Manhattan,6.23
3,Weekend,198,Ridgewood,Queens,6.12
3,Weekend,145,Long Island City/Hunters Point,Queens,5.62
3,Weekend,260,Woodside,Queens,4.92
3,Weekend,88,Financial District South,Manhattan,4.85
3,Weekend,236,Upper East Side North,Manhattan,4.46
3,Weekend,226,Sunnyside,Queens,4.23
3,Weekend,197,Richmond Hill,Queens,4.12
3,Weekend,34,Brooklyn Navy Yard,Brooklyn,4.12
3,Weekend,225,Stuyvesant Heights,Brooklyn,3.81
3,Weekend,130,Jamaica,Queens,3.77
3,Weekend,75,East Harlem South,Manhattan,3.77
3,Weekend,261,World Trade Center,Manhattan,3.62
3,Weekend,216,South Ozone Park,Queens,3.62
3,Weekend,143,Lincoln Square West,Manhattan,3.31
3,Weekend,228,Sunset Park West,Brooklyn,3.19
3,Weekend,41,Central Harlem,Manhattan,3.12
3,Weekend,262,Yorkville East,Manhattan,3.08
3,Weekend,61,Crown Heights North,Brooklyn,2.96
3,Weekend,146,Long Island City/Queens Plaza,Queens,2.96
3,Weekend,42,Central Harlem North,Manhattan,2.96
3,Weekend,151,Manhattan Valley,Manhattan,2.96
3,Weekend,166,Morningside Heights,Manhattan,2.88
3,Weekend,264,Unknown,Unknown,2.62
3,Weekend,24,Bloomingdale,Manhattan,2.42
3,Weekend,74,East Harlem North,Manhattan,2.42
3,Weekend,82,Elmhurst,Queens,2.38
3,Weekend,181,Park Slope,Brooklyn,2.23
3,Weekend,116,Hamilton Heights,Manhattan,2.19
3,Weekend,97,Fort Greene,Brooklyn,2.19
3,Weekend,76,East New York,Brooklyn,2.12
3,Weekend,17,Bedford,Brooklyn,1.88
3,Weekend,65,Downtown Brooklyn/MetroTech,Brooklyn,1.85
3,Weekend,43,Central Park,Manhattan,1.85
3,Weekend,83,Elmhurst/Maspeth,Queens,1.81
3,Weekend,244,Washington Heights South,Manhattan,1.73
3,Weekend,127,Inwood,Manhattan,1.69
3,Weekend,243,Washington Heights North,Manhattan,1.62
3,Weekend,13,Battery Park City,Manhattan,1.54
3,Weekend,168,Mott Haven/Port Morris,Bronx,1.5
3,Weekend,35,Brownsville,Brooklyn,1.42
3,Weekend,223,Steinway,Queens,1.42
3,Weekend,92,Flushing,Queens,1.27
3,Weekend,14,Bay Ridge,Brooklyn,1.19
3,Weekend,95,Forest Hills,Queens,1.15
3,Weekend,49,Clinton Hill,Brooklyn,1.12
3,Weekend,167,Morrisania/Melrose,Bronx,1.08
3,Weekend,258,Woodhaven,Queens,1.04
3,Weekend,39,Canarsie,Brooklyn,1.0
3,Weekend,69,East Concourse/Concourse Village,Bronx,0.92
3,Weekend,173,North Corona,Queens,0.88
3,Weekend,106,Gowanus,Brooklyn,0.88
3,Weekend,179,Old Astoria,Queens,0.88
3,Weekend,72,East Flatbush/Remsen Village,Brooklyn,0.85
3,Weekend,63,Cypress Hills,Brooklyn,0.85
3,Weekend,188,Prospect-Lefferts Gardens,Brooklyn,0.85
3,Weekend,217,South Williamsburg,Brooklyn,0.81
3,Weekend,33,Brooklyn Heights,Brooklyn,0.77
3,Weekend,28,Briarwood/Jamaica Hills,Queens,0.77
3,Weekend,89,Flatbush/Ditmas Park,Brooklyn,0.73
3,Weekend,177,Ocean Hill,Brooklyn,0.73
3,Weekend,180,Ozone Park,Queens,0.73
3,Weekend,152,Manhattanville,Manhattan,0.69
3,Weekend,91,Flatlands,Brooklyn,0.69
3,Weekend,189,Prospect Heights,Brooklyn,0.65
3,Weekend,247,West Concourse,Bronx,0.65
3,Weekend,159,Melrose South,Bronx,0.62
3,Weekend,215,South Jamaica,Queens,0.62
3,Weekend,66,DUMBO/Vinegar Hill,Brooklyn,0.62
3,Weekend,77,East New York/Pennsylvania Avenue,Brooklyn,0.62
3,Weekend,208,Schuylerville/Edgewater Park,Bronx,0.62
3,Weekend,134,Kew Gardens,Queens,0.58
3,Weekend,10,Baisley Park,Queens,0.58
3,Weekend,160,Middle Village,Queens,0.58
3,Weekend,71,East Flatbush/Farragut,Brooklyn,0.58
3,Weekend,196,Rego Park,Queens,0.58
3,Weekend,169,Mount Hope,Bronx,0.54
3,Weekend,250,Westchester Village/Unionport,Bronx,0.54
3,Weekend,265,Outside NYC,Unknown,0.5
3,Weekend,136,Kingsbridge Heights,Bronx,0.5
3,Weekend,205,Saint Albans,Queens,0.5
3,Weekend,193,Queensbridge/Ravenswood,Queens,0.5
3,Weekend,131,Jamaica Estates,Queens,0.5
3,Weekend,102,Glendale,Queens,0.46
3,Weekend,227,Sunset Park East,Brooklyn,0.46
3,Weekend,119,Highbridge,Bronx,0.46
3,Weekend,21,Bensonhurst East,Brooklyn,0.46
3,Weekend,85,Erasmus,Brooklyn,0.46
3,Weekend,62,Crown Heights South,Brooklyn,0.46
3,Weekend,138,LaGuardia Airport,Queens,0.42
3,Weekend,220,Spuyten Duyvil/Kingsbridge,Bronx,0.42
3,Weekend,56,Corona,Queens,0.42
3,Weekend,174,Norwood,Bronx,0.42
3,Weekend,235,University Heights/Morris Heights,Bronx,0.38
3,Weekend,18,Bedford Park,Bronx,0.38
3,Weekend,70,East Elmhurst,Queens,0.38
3,Weekend,219,Springfield Gardens South,Queens,0.38
3,Weekend,126,Hunts Point,Bronx,0.38
3,Weekend,78,East Tremont,Bronx,0.35
3,Weekend,121,Hillcrest/Pomonok,Queens,0.31
3,Weekend,135,Kew Gardens Hills,Queens,0.31
3,Weekend,133,Kensington,Brooklyn,0.31
3,Weekend,202,Roosevelt Island,Manhattan,0.31
3,Weekend,242,Van Nest/Morris Park,Bronx,0.31
3,Weekend,213,Soundview/Castle Hill,Bronx,0.27
3,Weekend,147,Longwood,Bronx,0.27
3,Weekend,81,Eastchester,Bronx,0.27
3,Weekend,212,Soundview/Bruckner,Bronx,0.27
3,Weekend,241,Van Cortlandt Village,Bronx,0.27
3,Weekend,139,Laurelton,Queens,0.23
3,Weekend,122,Hollis,Queens,0.23
3,Weekend,248,West Farms/Bronx River,Bronx,0.23
3,Weekend,155,Marine Park/Mill Basin,Brooklyn,0.23
3,Weekend,190,Prospect Park,Brooklyn,0.23
3,Weekend,55,Coney Island,Brooklyn,0.23
3,Weekend,191,Queens Village,Queens,0.23
3,Weekend,40,Carroll Gardens,Brooklyn,0.19
3,Weekend,19,Bellerose,Queens,0.19
3,Weekend,203,Rosedale,Queens,0.19
3,Weekend,259,Woodlawn/Wakefield,Bronx,0.19
3,Weekend,101,Glen Oaks,Queens,0.19
3,Weekend,124,Howard Beach,Queens,0.19
3,Weekend,185,Pelham Parkway,Bronx,0.19
3,Weekend,12,Battery Park,Manhattan,0.19
3,Weekend,67,Dyker Heights,Brooklyn,0.19
3,Weekend,60,Crotona Park East,Bronx,0.19
3,Weekend,108,Gravesend,Brooklyn,0.19
3,Weekend,218,Springfield Gardens North,Queens,0.19
3,Weekend,94,Fordham South,Bronx,0.15
3,Weekend,192,Queensboro Hill,Queens,0.15
3,Weekend,182,Parkchester,Bronx,0.15
3,Weekend,73,East Flushing,Queens,0.15
3,Weekend,222,Starrett City,Brooklyn,0.15
3,Weekend,22,Bensonhurst West,Brooklyn,0.15
3,Weekend,195,Red Hook,Brooklyn,0.15
3,Weekend,93,Flushing Meadows-Corona Park,Queens,0.15
3,Weekend,183,Pelham Bay,Bronx,0.15
3,Weekend,210,Sheepshead Bay,Brooklyn,0.15
3,Weekend,20,Belmont,Bronx,0.15
3,Weekend,175,Oakland Gardens,Queens,0.15
3,Weekend,171,Murray Hill-Queens,Queens,0.15
3,Weekend,3,Allerton/Pelham Gardens,Bronx,0.12
3,Weekend,26,Borough Park,Brooklyn,0.12
3,Weekend,86,Far Rockaway,Queens,0.12
3,Weekend,98,Fresh Meadows,Queens,0.12
3,Weekend,254,Williamsbridge/Olinville,Bronx,0.12
3,Weekend,53,College Point,Queens,0.12
3,Weekend,123,Homecrest,Brooklyn,0.12
3,Weekend,16,Bayside,Queens,0.12
3,Weekend,257,Windsor Terrace,Brooklyn,0.12
3,Weekend,47,Claremont/Bathgate,Bronx,0.12
3,Weekend,240,Van Cortlandt Park,Bronx,0.12
3,Weekend,201,Rockaway Park,Queens,0.12
3,Weekend,64,Douglaston,Queens,0.08
3,Weekend,200,Riverdale/North Riverdale/Fieldston,Bronx,0.08
3,Weekend,54,Columbia Street,Brooklyn,0.08
3,Weekend,52,Cobble Hill,Brooklyn,0.08
3,Weekend,57,Corona,Queens,0.08
3,Weekend,96,Forest Park/Highland Park,Queens,0.08
3,Weekend,38,Cambria Heights,Queens,0.08
3,Weekend,117,Hammels/Arverne,Queens,0.08
3,Weekend,51,Co-Op City,Bronx,0.08
3,Weekend,29,Brighton Beach,Brooklyn,0.04
3,Weekend,11,Bath Beach,Brooklyn,0.04
3,Weekend,46,City Island,Bronx,0.04
3,Weekend,172,New Dorp/Midland Beach,Staten Island,0.04
3,Weekend,31,Bronx Park,Bronx,0.04
3,Weekend,214,South Beach/Dongan Hills,Staten Island,0.04
3,Weekend,178,Ocean Parkway South,Brooklyn,0.04
3,Weekend,15,Bay Terrace/Fort Totten,Queens,0.04
3,Weekend,221,Stapleton,Staten Island,0.04
3,Weekend,184,Pelham Bay Park,Bronx,0.04
3,Weekend,245,West Brighton,Staten Island,0.04
3,Weekend,153,Marble Hill,Manhattan,0.04
3,Weekend,59,Crotona Park,Bronx,0.04
3,Weekend,165,Midwood,Brooklyn,0.04
3,Weekend,99,Freshkills Park,Staten Island,0.04
3,Weekend,58,Country Club,Bronx,0.04
3,Weekend,120,Highbridge Park,Manhattan,0.04
4,Weekend,79,East Village,Manhattan,131.19
4,Weekend,148,Lower East Side,Manhattan,114.23
4,Weekend,48,Clinton East,Manhattan,75.23
4,Weekend,249,West Village,Manhattan,72.58
4,Weekend,144,Little Italy/NoLiTa,Manhattan,72.38
4,Weekend,68,East Chelsea,Manhattan,52.65
4,Weekend,114,Greenwich Village South,Manhattan,50.77
4,Weekend,246,West Chelsea/Hudson Yards,Manhattan,46.96
4,Weekend,164,Midtown South,Manhattan,42.88
4,Weekend,90,Flatiron,Manhattan,41.73
4,Weekend,230,Times Sq/Theatre District,Manhattan,36.73
4,Weekend,107,Gramercy,Manhattan,34.04
4,Weekend,234,Union Sq,Manhattan,28.77
4,Weekend,113,Greenwich Village North,Manhattan,25.19
4,Weekend,186,Penn Station/Madison Sq West,Manhattan,23.77
4,Weekend,231,TriBeCa/Civic Center,Manhattan,23.27
4,Weekend,211,SoHo,Manhattan,21.04
4,Weekend,137,Kips Bay,Manhattan,20.65
4,Weekend,141,Lenox Hill West,Manhattan,20.19
4,Weekend,158,Meatpacking/West Village West,Manhattan,19.27
4,Weekend,80,East Williamsburg,Brooklyn,19.12
4,Weekend,263,Yorkville West,Manhattan,19.0
4,Weekend,125,Hudson Sq,Manhattan,18.58
4,Weekend,170,Murray Hill,Manhattan,18.42
4,Weekend,157,Maspeth,Queens,18.19
4,Weekend,100,Garment District,Manhattan,17.46
4,Weekend,4,Alphabet City,Manhattan,17.08
4,Weekend,132,JFK Airport,Queens,15.81
4,Weekend,7,Astoria,Queens,15.73
4,Weekend,36,Bushwick North,Brooklyn,14.85
4,Weekend,37,Bushwick South,Brooklyn,14.19
4,Weekend,163,Midtown North,Manhattan,13.88
4,Weekend,255,Williamsburg (North Side),Brooklyn,13.88
4,Weekend,50,Clinton West,Manhattan,12.92
4,Weekend,256,Williamsburg (South Side),Brooklyn,12.88
4,Weekend,145,Long Island City/Hunters Point,Queens,12.15
4,Weekend,229,Sutton Place/Turtle Bay North,Manhattan,12.12
4,Weekend,161,Midtown Center,Manhattan,11.69
4,Weekend,129,Jackson Heights,Queens,11.54
4,Weekend,112,Greenpoint,Brooklyn,10.58
4,Weekend,226,Sunnyside,Queens,10.23
4,Weekend,162,Midtown East,Manhattan,9.5
4,Weekend,232,Two Bridges/Seward Park,Manhattan,9.42
4,Weekend,237,Upper East Side South,Manhattan,9.15
4,Weekend,142,Lincoln Square East,Manhattan,9.04
4,Weekend,233,UN/Turtle Bay South,Manhattan,7.88
4,Weekend,87,Financial District North,Manhattan,7.81
4,Weekend,198,Ridgewood,Queens,7.81
4,Weekend,140,Lenox Hill East,Manhattan,7.77
4,Weekend,239,Upper West Side South,Manhattan,6.81
4,Weekend,82,Elmhurst,Queens,6.73
4,Weekend,260,Woodside,Queens,6.5
4,Weekend,25,Boerum Hill,Brooklyn,6.0
4,Weekend,238,Upper West Side North,Manhattan,5.5
4,Weekend,42,Central Harlem North,Manhattan,5.46
4,Weekend,236,Upper East Side North,Manhattan,5.23
4,Weekend,228,Sunset Park West,Brooklyn,5.23
4,Weekend,197,Richmond Hill,Queens,5.04
4,Weekend,34,Brooklyn Navy Yard,Brooklyn,5.04
4,Weekend,75,East Harlem South,Manhattan,4.73
4,Weekend,224,Stuy Town/Peter Cooper Village,Manhattan,4.69
4,Weekend,262,Yorkville East,Manhattan,4.46
4,Weekend,74,East Harlem North,Manhattan,4.27
4,Weekend,45,Chinatown,Manhattan,4.15
4,Weekend,61,Crown Heights North,Brooklyn,4.15
4,Weekend,216,South Ozone Park,Queens,4.08
4,Weekend,130,Jamaica,Queens,4.08
4,Weekend,223,Steinway,Queens,3.96
4,Weekend,146,Long Island City/Queens Plaza,Queens,3.96
4,Weekend,225,Stuyvesant Heights,Brooklyn,3.92
4,Weekend,41,Central Harlem,Manhattan,3.88
4,Weekend,168,Mott Haven/Port Morris,Bronx,3.81
4,Weekend,209,Seaport,Manhattan,3.58
4,Weekend,83,Elmhurst/Maspeth,Queens,3.38
4,Weekend,17,Bedford,Brooklyn,3.23
4,Weekend,166,Morningside Heights,Manhattan,3.08
4,Weekend,261,World Trade Center,Manhattan,2.96
4,Weekend,88,Financial District South,Manhattan,2.88
4,Weekend,76,East New York,Brooklyn,2.85
4,Weekend,151,Manhattan Valley,Manhattan,2.81
4,Weekend,143,Lincoln Square West,Manhattan,2.77
4,Weekend,244,Washington Heights South,Manhattan,2.65
4,Weekend,97,Fort Greene,Brooklyn,2.62
4,Weekend,116,Hamilton Heights,Manhattan,2.58
4,Weekend,127,Inwood,Manhattan,2.54
4,Weekend,92,Flushing,Queens,2.5
4,Weekend,173,North Corona,Queens,2.38
4,Weekend,258,Woodhaven,Queens,2.35
4,Weekend,24,Bloomingdale,Manhattan,2.31
4,Weekend,13,Battery Park City,Manhattan,2.12
4,Weekend,243,Washington Heights North,Manhattan,2.12
4,Weekend,264,Unknown,Unknown,2.08
4,Weekend,188,Prospect-Lefferts Gardens,Brooklyn,2.0
4,Weekend,49,Clinton Hill,Brooklyn,1.92
4,Weekend,181,Park Slope,Brooklyn,1.88
4,Weekend,89,Flatbush/Ditmas Park,Brooklyn,1.81
4,Weekend,63,Cypress Hills,Brooklyn,1.77
4,Weekend,43,Central Park,Manhattan,1.73
4,Weekend,95,Forest Hills,Queens,1.65
4,Weekend,177,Ocean Hill,Brooklyn,1.65
4,Weekend,179,Old Astoria,Queens,1.58
4,Weekend,65,Downtown Brooklyn/MetroTech,Brooklyn,1.58
4,Weekend,72,East Flatbush/Remsen Village,Brooklyn,1.58
4,Weekend,62,Crown Heights South,Brooklyn,1.5
4,Weekend,14,Bay Ridge,Brooklyn,1.5
4,Weekend,39,Canarsie,Brooklyn,1.42
4,Weekend,56,Corona,Queens,1.42
4,Weekend,85,Erasmus,Brooklyn,1.27
4,Weekend,138,LaGuardia Airport,Queens,1.27
4,Weekend,71,East Flatbush/Farragut,Brooklyn,1.23
4,Weekend,66,DUMBO/Vinegar Hill,Brooklyn,1.19
4,Weekend,193,Queensbridge/Ravenswood,Queens,1.15
4,Weekend,35,Brownsville,Brooklyn,1.15
4,Weekend,167,Morrisania/Melrose,Bronx,1.15
4,Weekend,126,Hunts Point,Bronx,1.12
4,Weekend,205,Saint Albans,Queens,1.12
4,Weekend,106,Gowanus,Brooklyn,1.08
4,Weekend,152,Manhattanville,Manhattan,1.08
4,Weekend,235,University Heights/Morris Heights,Bronx,1.04
4,Weekend,215,South Jamaica,Queens,1.0
4,Weekend,77,East New York/Pennsylvania Avenue,Brooklyn,0.96
4,Weekend,91,Flatlands,Brooklyn,0.96
4,Weekend,254,Williamsbridge/Olinville,Bronx,0.96
4,Weekend,247,West Concourse,Bronx,0.92
4,Weekend,212,Soundview/Bruckner,Bronx,0.92
4,Weekend,70,East Elmhurst,Queens,0.88
4,Weekend,160,Middle Village,Queens,0.88
4,Weekend,169,Mount Hope,Bronx,0.88
4,Weekend,196,Rego Park,Queens,0.85
4,Weekend,10,Baisley Park,Queens,0.85
4,Weekend,217,South Williamsburg,Brooklyn,0.85
4,Weekend,28,Briarwood/Jamaica Hills,Queens,0.85
4,Weekend,134,Kew Gardens,Queens,0.81
4,Weekend,33,Brooklyn Heights,Brooklyn,0.81
4,Weekend,18,Bedford Park,Bronx,0.77
4,Weekend,191,Queens Village,Queens,0.73
4,Weekend,189,Prospect Heights,Brooklyn,0.73
4,Weekend,131,Jamaica Estates,Queens,0.69
4,Weekend,78,East Tremont,Bronx,0.69
4,Weekend,102,Glendale,Queens,0.69
4,Weekend,213,Soundview/Castle Hill,Bronx,0.69
4,Weekend,250,Westchester Village/Unionport,Bronx,0.69
4,Weekend,119,Highbridge,Bronx,0.69
4,Weekend,69,East Concourse/Concourse Village,Bronx,0.65
4,Weekend,248,West Farms/Bronx River,Bronx,0.65
4,Weekend,136,Kingsbridge Heights,Bronx,0.58
4,Weekend,174,Norwood,Bronx,0.54
4,Weekend,47,Claremont/Bathgate,Bronx,0.54
4,Weekend,192,Queensboro Hill,Queens,0.54
4,Weekend,93,Flushing Meadows-Corona Park,Queens,0.5
4,Weekend,219,Springfield Gardens South,Queens,0.46
4,Weekend,218,Springfield Gardens North,Queens,0.46
4,Weekend,3,Allerton/Pelham Gardens,Bronx,0.46
4,Weekend,94,Fordham South,Bronx,0.46
4,Weekend,180,Ozone Park,Queens,0.46
4,Weekend,139,Laurelton,Queens,0.46
4,Weekend,242,Van Nest/Morris Park,Bronx,0.42
4,Weekend,241,Van Cortlandt Village,Bronx,0.42
4,Weekend,147,Longwood,Bronx,0.38
4,Weekend,51,Co-Op City,Bronx,0.38
4,Weekend,195,Red Hook,Brooklyn,0.38
4,Weekend,55,Coney Island,Brooklyn,0.38
4,Weekend,20,Belmont,Bronx,0.38
4,Weekend,159,Melrose South,Bronx,0.38
4,Weekend,16,Bayside,Queens,0.38
4,Weekend,259,Woodlawn/Wakefield,Bronx,0.38
4,Weekend,21,Bensonhurst East,Brooklyn,0.35
4,Weekend,171,Murray Hill-Queens,Queens,0.35
4,Weekend,208,Schuylerville/Edgewater Park,Bronx,0.35
4,Weekend,86,Far Rockaway,Queens,0.35
4,Weekend,155,Marine Park/Mill Basin,Brooklyn,0.35
4,Weekend,265,Outside NYC,Unknown,0.35
4,Weekend,38,Cambria Heights,Queens,0.35
4,Weekend,222,Starrett City,Brooklyn,0.35
4,Weekend,182,Parkchester,Bronx,0.35
4,Weekend,40,Carroll Gardens,Brooklyn,0.35
4,Weekend,108,Gravesend,Brooklyn,0.31
4,Weekend,60,Crotona Park East,Bronx,0.31
4,Weekend,53,College Point,Queens,0.31
4,Weekend,135,Kew Gardens Hills,Queens,0.31
4,Weekend,203,Rosedale,Queens,0.31
4,Weekend,22,Bensonhurst West,Brooklyn,0.27
4,Weekend,124,Howard Beach,Queens,0.27
4,Weekend,227,Sunset Park East,Brooklyn,0.27
4,Weekend,121,Hillcrest/Pomonok,Queens,0.27
4,Weekend,178,Ocean Parkway South,Brooklyn,0.23
4,Weekend,220,Spuyten Duyvil/Kingsbridge,Bronx,0.23
4,Weekend,26,Borough Park,Brooklyn,0.23
4,Weekend,210,Sheepshead Bay,Brooklyn,0.23
4,Weekend,32,Bronxdale,Bronx,0.23
4,Weekend,252,Whitestone,Queens,0.19
4,Weekend,149,Madison,Brooklyn,0.19
4,Weekend,122,Hollis,Queens,0.19
4,Weekend,81,Eastchester,Bronx,0.19
4,Weekend,133,Kensington,Brooklyn,0.19
4,Weekend,54,Columbia Street,Brooklyn,0.19
4,Weekend,201,Rockaway Park,Queens,0.15
4,Weekend,185,Pelham Parkway,Bronx,0.15
4,Weekend,101,Glen Oaks,Queens,0.15
4,Weekend,58,Country Club,Bronx,0.15
4,Weekend,64,Douglaston,Queens,0.15
4,Weekend,57,Corona,Queens,0.15
4,Weekend,202,Roosevelt Island,Manhattan,0.12
4,Weekend,153,Marble Hill,Manhattan,0.12
4,Weekend,165,Midwood,Brooklyn,0.12
4,Weekend,117,Hammels/Arverne,Queens,0.12
4,Weekend,11,Bath Beach,Brooklyn,0.12
4,Weekend,123,Homecrest,Brooklyn,0.12
4,Weekend,52,Cobble Hill,Brooklyn,0.12
4,Weekend,175,Oakland Gardens,Queens,0.08
4,Weekend,150,Manhattan Beach,Brooklyn,0.08
4,Weekend,19,Bellerose,Queens,0.08
4,Weekend,221,Stapleton,Staten Island,0.08
4,Weekend,98,Fresh Meadows,Queens,0.08
4,Weekend,59,Crotona Park,Bronx,0.04
4,Weekend,240,Van Cortlandt Park,Bronx,0.04
4,Weekend,31,Bronx Park,Bronx,0.04
4,Weekend,115,Grymes Hill/Clifton,Staten Island,0.04
4,Weekend,214,South Beach/Dongan Hills,Staten Island,0.04
4,Weekend,206,Saint George/New Brighton,Staten Island,0.04
4,Weekend,15,Bay Terrace/Fort Totten,Queens,0.04
4,Weekend,96,Forest Park/Highland Park,Queens,0.04
4,Weekend,2,Jamaica Bay,Queens,0.04
4,Weekend,120,Highbridge Park,Manhattan,0.04
4,Weekend,257,Windsor Terrace,Brooklyn,0.04
4,Weekend,9,Auburndale,Queens,0.04
4,Weekend,67,Dyker Heights,Brooklyn,0.04
4,Weekend,200,Riverdale/North Riverdale/Fieldston,Bronx,0.04
4,Weekend,29,Brighton Beach,Brooklyn,0.04
4,Weekend,118,Heartland Village/Todt Hill,Staten Island,0.04
4,Weekend,183,Pelham Bay,Bronx,0.04
5,Weekend,132,JFK Airport,Queens,62.42
5,Weekend,48,Clinton East,Manhattan,28.81
5,Weekend,79,East Village,Manhattan,25.08
5,Weekend,186,Penn Station/Madison Sq West,Manhattan,22.04
5,Weekend,230,Times Sq/Theatre District,Manhattan,21.85
5,Weekend,164,Midtown South,Manhattan,19.85
5,Weekend,107,Gramercy,Manhattan,16.5
5,Weekend,157,Maspeth,Queens,16.27
5,Weekend,68,East Chelsea,Manhattan,14.85
5,Weekend,263,Yorkville West,Manhattan,14.85
5,Weekend,148,Lower East Side,Manhattan,14.58
5,Weekend,90,Flatiron,Manhattan,14.12
5,Weekend,137,Kips Bay,Manhattan,13.0
5,Weekend,170,Murray Hill,Manhattan,12.73
5,Weekend,249,West Village,Manhattan,12.46
5,Weekend,100,Garment District,Manhattan,11.69
5,Weekend,163,Midtown North,Manhattan,11.23
5,Weekend,141,Lenox Hill West,Manhattan,11.23
5,Weekend,144,Little Italy/NoLiTa,Manhattan,10.96
5,Weekend,161,Midtown Center,Manhattan,10.23
5,Weekend,234,Union Sq,Manhattan,9.73
5,Weekend,162,Midtown East,Manhattan,9.69
5,Weekend,229,Sutton Place/Turtle Bay North,Manhattan,9.38
5,Weekend,75,East Harlem South,Manhattan,9.08
5,Weekend,239,Upper West Side South,Manhattan,8.92
5,Weekend,236,Upper East Side North,Manhattan,8.38
5,Weekend,262,Yorkville East,Manhattan,8.27
5,Weekend,142,Lincoln Square East,Manhattan,8.15
5,Weekend,37,Bushwick South,Brooklyn,8.0
5,Weekend,140,Lenox Hill East,Manhattan,7.96
5,Weekend,114,Greenwich Village South,Manhattan,7.81
5,Weekend,80,East Williamsburg,Brooklyn,7.54
5,Weekend,74,East Harlem North,Manhattan,7.46
5,Weekend,238,Upper West Side North,Manhattan,7.46
5,Weekend,36,Bushwick North,Brooklyn,7.38
5,Weekend,233,UN/Turtle Bay South,Manhattan,6.92
5,Weekend,113,Greenwich Village North,Manhattan,6.77
5,Weekend,237,Upper East Side South,Manhattan,6.69
5,Weekend,7,Astoria,Queens,6.69
5,Weekend,226,Sunnyside,Queens,6.27
5,Weekend,50,Clinton West,Manhattan,6.19
5,Weekend,129,Jackson Heights,Queens,5.73
5,Weekend,198,Ridgewood,Queens,5.5
5,Weekend,34,Brooklyn Navy Yard,Brooklyn,5.42
5,Weekend,145,Long Island City/Hunters Point,Queens,5.27
5,Weekend,211,SoHo,Manhattan,5.08
5,Weekend,256,Williamsburg (South Side),Brooklyn,4.92
5,Weekend,125,Hudson Sq,Manhattan,4.92
5,Weekend,143,Lincoln Square West,Manhattan,4.65
5,Weekend,231,TriBeCa/Civic Center,Manhattan,4.54
5,Weekend,61,Crown Heights North,Brooklyn,4.5
5,Weekend,41,Central Harlem,Manhattan,4.46
5,Weekend,42,Central Harlem North,Manhattan,4.27
5,Weekend,255,Williamsburg (North Side),Brooklyn,4.12
5,Weekend,151,Manhattan Valley,Manhattan,4.08
5,Weekend,87,Financial District North,Manhattan,4.08
5,Weekend,246,West Chelsea/Hudson Yards,Manhattan,3.85
5,Weekend,112,Greenpoint,Brooklyn,3.85
5,Weekend,188,Prospect-Lefferts Gardens,Brooklyn,3.77
5,Weekend,168,Mott Haven/Port Morris,Bronx,3.65
5,Weekend,82,Elmhurst,Queens,3.58
5,Weekend,4,Alphabet City,Manhattan,3.46
5,Weekend,76,East New York,Brooklyn,3.46
5,Weekend,216,South Ozone Park,Queens,3.31
5,Weekend,225,Stuyvesant Heights,Brooklyn,3.04
5,Weekend,260,Woodside,Queens,2.96
5,Weekend,166,Morningside Heights,Manhattan,2.96
5,Weekend,35,Brownsville,Brooklyn,2.92
5,Weekend,158,Meatpacking/West Village West,Manhattan,2.85
5,Weekend,224,Stuy Town/Peter Cooper Village,Manhattan,2.85
5,Weekend,232,Two Bridges/Seward Park,Manhattan,2.81
5,Weekend,17,Bedford,Brooklyn,2.65
5,Weekend,197,Richmond Hill,Queens,2.65
5,Weekend,116,Hamilton Heights,Manhattan,2.65
5,Weekend,72,East Flatbush/Remsen Village,Brooklyn,2.5
5,Weekend,130,Jamaica,Queens,2.5
5,Weekend,146,Long Island City/Queens Plaza,Queens,2.5
5,Weekend,97,Fort Greene,Brooklyn,2.5
5,Weekend,177,Ocean Hill,Brooklyn,2.19
5,Weekend,244,Washington Heights South,Manhattan,2.15
5,Weekend,228,Sunset Park West,Brooklyn,2.12
5,Weekend,39,Canarsie,Brooklyn,2.0
5,Weekend,24,Bloomingdale,Manhattan,1.88
5,Weekend,71,East Flatbush/Farragut,Brooklyn,1.88
5,Weekend,261,World Trade Center,Manhattan,1.85
5,Weekend,138,LaGuardia Airport,Queens,1.73
5,Weekend,258,Woodhaven,Queens,1.65
5,Weekend,179,Old Astoria,Queens,1.62
5,Weekend,25,Boerum Hill,Brooklyn,1.58
5,Weekend,43,Central Park,Manhattan,1.58
5,Weekend,181,Park Slope,Brooklyn,1.5
5,Weekend,205,Saint Albans,Queens,1.5
5,Weekend,89,Flatbush/Ditmas Park,Brooklyn,1.5
5,Weekend,91,Flatlands,Brooklyn,1.5
5,Weekend,159,Melrose South,Bronx,1.46
5,Weekend,63,Cypress Hills,Brooklyn,1.42
5,Weekend,49,Clinton Hill,Brooklyn,1.42
5,Weekend,13,Battery Park City,Manhattan,1.38
5,Weekend,209,Seaport,Manhattan,1.27
5,Weekend,45,Chinatown,Manhattan,1.27
5,Weekend,254,Williamsbridge/Olinville,Bronx,1.23
5,Weekend,213,Soundview/Castle Hill,Bronx,1.23
5,Weekend,95,Forest Hills,Queens,1.23
5,Weekend,193,Queensbridge/Ravenswood,Queens,1.23
5,Weekend,56,Corona,Queens,1.19
5,Weekend,167,Morrisania/Melrose,Bronx,1.15
5,Weekend,77,East New York/Pennsylvania Avenue,Brooklyn,1.15
5,Weekend,152,Manhattanville,Manhattan,1.15
5,Weekend,247,West Concourse,Bronx,1.15
5,Weekend,83,Elmhurst/Maspeth,Queens,1.12
5,Weekend,62,Crown Heights South,Brooklyn,1.12
5,Weekend,223,Steinway,Queens,1.12
5,Weekend,173,North Corona,Queens,1.08
5,Weekend,65,Downtown Brooklyn/MetroTech,Brooklyn,1.08
5,Weekend,85,Erasmus,Brooklyn,1.08
5,Weekend,250,Westchester Village/Unionport,Bronx,1.04
5,Weekend,191,Queens Village,Queens,1.04
5,Weekend,88,Financial District South,Manhattan,1.0
5,Weekend,69,East Concourse/Concourse Village,Bronx,1.0
5,Weekend,14,Bay Ridge,Brooklyn,1.0
5,Weekend,219,Springfield Gardens South,Queens,0.96
5,Weekend,243,Washington Heights North,Manhattan,0.92
5,Weekend,28,Briarwood/Jamaica Hills,Queens,0.92
5,Weekend,257,Windsor Terrace,Brooklyn,0.92
5,Weekend,212,Soundview/Bruckner,Bronx,0.92
5,Weekend,215,South Jamaica,Queens,0.88
5,Weekend,10,Baisley Park,Queens,0.85
5,Weekend,134,Kew Gardens,Queens,0.81
5,Weekend,264,Unknown,Unknown,0.81
5,Weekend,147,Longwood,Bronx,0.81
5,Weekend,189,Prospect Heights,Brooklyn,0.81
5,Weekend,119,Highbridge,Bronx,0.77
5,Weekend,33,Brooklyn Heights,Brooklyn,0.77
5,Weekend,93,Flushing Meadows-Corona Park,Queens,0.77
5,Weekend,182,Parkchester,Bronx,0.77
5,Weekend,126,Hunts Point,Bronx,0.77
5,Weekend,169,Mount Hope,Bronx,0.73
5,Weekend,66,DUMBO/Vinegar Hill,Brooklyn,0.73
5,Weekend,208,Schuylerville/Edgewater Park,Bronx,0.73
5,Weekend,218,Springfield Gardens North,Queens,0.73
5,Weekend,92,Flushing,Queens,0.69
5,Weekend,81,Eastchester,Bronx,0.69
5,Weekend,248,West Farms/Bronx River,Bronx,0.65
5,Weekend,235,University Heights/Morris Heights,Bronx,0.65
5,Weekend,196,Rego Park,Queens,0.65
5,Weekend,102,Glendale,Queens,0.62
5,Weekend,131,Jamaica Estates,Queens,0.62
5,Weekend,217,South Williamsburg,Brooklyn,0.62
5,Weekend,3,Allerton/Pelham Gardens,Bronx,0.58
5,Weekend,70,East Elmhurst,Queens,0.58
5,Weekend,160,Middle Village,Queens,0.58
5,Weekend,122,Hollis,Queens,0.54
5,Weekend,121,Hillcrest/Pomonok,Queens,0.54
5,Weekend,127,Inwood,Manhattan,0.54
5,Weekend,86,Far Rockaway,Queens,0.54
5,Weekend,174,Norwood,Bronx,0.54
5,Weekend,135,Kew Gardens Hills,Queens,0.5
5,Weekend,94,Fordham South,Bronx,0.46
5,Weekend,265,Outside NYC,Unknown,0.46
5,Weekend,51,Co-Op City,Bronx,0.46
5,Weekend,242,Van Nest/Morris Park,Bronx,0.46
5,Weekend,227,Sunset Park East,Brooklyn,0.42
5,Weekend,133,Kensington,Brooklyn,0.42
5,Weekend,32,Bronxdale,Bronx,0.42
5,Weekend,19,Bellerose,Queens,0.42
5,Weekend,55,Coney Island,Brooklyn,0.42
5,Weekend,180,Ozone Park,Queens,0.38
5,Weekend,192,Queensboro Hill,Queens,0.38
5,Weekend,155,Marine Park/Mill Basin,Brooklyn,0.38
5,Weekend,60,Crotona Park East,Bronx,0.38
5,Weekend,47,Claremont/Bathgate,Bronx,0.38
5,Weekend,78,East Tremont,Bronx,0.38
5,Weekend,203,Rosedale,Queens,0.35
5,Weekend,21,Bensonhurst East,Brooklyn,0.31
5,Weekend,106,Gowanus,Brooklyn,0.31
5,Weekend,259,Woodlawn/Wakefield,Bronx,0.31
5,Weekend,195,Red Hook,Brooklyn,0.31
5,Weekend,222,Starrett City,Brooklyn,0.27
5,Weekend,26,Borough Park,Brooklyn,0.27
5,Weekend,40,Carroll Gardens,Brooklyn,0.27
5,Weekend,153,Marble Hill,Manhattan,0.27
5,Weekend,117,Hammels/Arverne,Queens,0.27
5,Weekend,139,Laurelton,Queens,0.27
5,Weekend,38,Cambria Heights,Queens,0.27
5,Weekend,241,Van Cortlandt Village,Bronx,0.27
5,Weekend,20,Belmont,Bronx,0.27
5,Weekend,149,Madison,Brooklyn,0.23
5,Weekend,124,Howard Beach,Queens,0.23
5,Weekend,183,Pelham Bay,Bronx,0.23
5,Weekend,18,Bedford Park,Bronx,0.23
5,Weekend,171,Murray Hill-Queens,Queens,0.23
5,Weekend,67,Dyker Heights,Brooklyn,0.23
5,Weekend,220,Spuyten Duyvil/Kingsbridge,Bronx,0.19
5,Weekend,123,Homecrest,Brooklyn,0.19
5,Weekend,165,Midwood,Brooklyn,0.19
5,Weekend,54,Columbia Street,Brooklyn,0.19
5,Weekend,136,Kingsbridge Heights,Bronx,0.19
5,Weekend,210,Sheepshead Bay,Brooklyn,0.19
5,Weekend,22,Bensonhurst West,Brooklyn,0.15
5,Weekend,101,Glen Oaks,Queens,0.15
5,Weekend,29,Brighton Beach,Brooklyn,0.15
5,Weekend,200,Riverdale/North Riverdale/Fieldston,Bronx,0.15
5,Weekend,185,Pelham Parkway,Bronx,0.15
5,Weekend,252,Whitestone,Queens,0.15
5,Weekend,16,Bayside,Queens,0.12
5,Weekend,64,Douglaston,Queens,0.12
5,Weekend,73,East Flushing,Queens,0.12
5,Weekend,52,Cobble Hill,Brooklyn,0.12
5,Weekend,214,South Beach/Dongan Hills,Staten Island,0.12
5,Weekend,201,Rockaway Park,Queens,0.12
5,Weekend,53,College Point,Queens,0.08
5,Weekend,184,Pelham Bay Park,Bronx,0.08
5,Weekend,156,Mariners Harbor,Staten Island,0.08
5,Weekend,202,Roosevelt Island,Manhattan,0.08
5,Weekend,57,Corona,Queens,0.08
5,Weekend,108,Gravesend,Brooklyn,0.08
5,Weekend,128,Inwood Hill Park,Manhattan,0.08
5,Weekend,154,Marine Park/Floyd Bennett Field,Brooklyn,0.08
5,Weekend,253,Willets Point,Queens,0.04
5,Weekend,96,Forest Park/Highland Park,Queens,0.04
5,Weekend,98,Fresh Meadows,Queens,0.04
5,Weekend,1,Newark Airport,EWR,0.04
5,Weekend,11,Bath Beach,Brooklyn,0.04
5,Weekend,194,Randalls Island,Manhattan,0.04
5,Weekend,31,Bronx Park,Bronx,0.04
5,Weekend,190,Prospect Park,Brooklyn,0.04
5,Weekend,115,Grymes Hill/Clifton,Staten Island,0.04
5,Weekend,109,Great Kills,Staten Island,0.04
5,Weekend,175,Oakland Gardens,Queens,0.04
5,Weekend,150,Manhattan Beach,Brooklyn,0.04
5,Weekend,9,Auburndale,Queens,0.04
5,Weekend,251,Westerleigh,Staten Island,0.04
6,Weekend,132,JFK Airport,Queens,111.0
6,Weekend,186,Penn Station/Madison Sq West,Manhattan,43.5
6,Weekend,48,Clinton East,Manhattan,33.08
6,Weekend,263,Yorkville West,Manhattan,28.15
6,Weekend,230,Times Sq/Theatre District,Manhattan,26.96
6,Weekend,162,Midtown East,Manhattan,24.5
6,Weekend,238,Upper West Side North,Manhattan,22.92
6,Weekend,107,Gramercy,Manhattan,21.42
6,Weekend,100,Garment District,Manhattan,20.23
6,Weekend,262,Yorkville East,Manhattan,19.92
6,Weekend,79,East Village,Manhattan,19.85
6,Weekend,141,Lenox Hill West,Manhattan,18.54
6,Weekend,236,Upper East Side North,Manhattan,18.12
6,Weekend,239,Upper West Side South,Manhattan,17.96
6,Weekend,170,Murray Hill,Manhattan,17.5
6,Weekend,237,Upper East Side South,Manhattan,16.54
6,Weekend,161,Midtown Center,Manhattan,16.35
6,Weekend,68,East Chelsea,Manhattan,16.15
6,Weekend,75,East Harlem South,Manhattan,15.77
6,Weekend,142,Lincoln Square East,Manhattan,15.65
6,Weekend,229,Sutton Place/Turtle Bay North,Manhattan,14.92
6,Weekend,163,Midtown North,Manhattan,14.38
6,Weekend,137,Kips Bay,Manhattan,14.0
6,Weekend,164,Midtown South,Manhattan,13.96
6,Weekend,140,Lenox Hill East,Manhattan,13.04
6,Weekend,74,East Harlem North,Manhattan,11.85
6,Weekend,233,UN/Turtle Bay South,Manhattan,10.85
6,Weekend,90,Flatiron,Manhattan,10.85
6,Weekend,151,Manhattan Valley,Manhattan,9.96
6,Weekend,42,Central Harlem North,Manhattan,9.38
6,Weekend,157,Maspeth,Queens,9.12
6,Weekend,249,West Village,Manhattan,8.65
6,Weekend,143,Lincoln Square West,Manhattan,8.19
6,Weekend,234,Union Sq,Manhattan,7.69
6,Weekend,41,Central Harlem,Manhattan,7.69
6,Weekend,226,Sunnyside,Queens,6.73
6,Weekend,148,Lower East Side,Manhattan,6.65
6,Weekend,50,Clinton West,Manhattan,6.19
6,Weekend,145,Long Island City/Hunters Point,Queens,6.19
6,Weekend,166,Morningside Heights,Manhattan,6.12
6,Weekend,7,Astoria,Queens,5.38
6,Weekend,116,Hamilton Heights,Manhattan,5.12
6,Weekend,43,Central Park,Manhattan,5.04
6,Weekend,113,Greenwich Village North,Manhattan,5.04
6,Weekend,188,Prospect-Lefferts Gardens,Brooklyn,4.92
6,Weekend,231,TriBeCa/Civic Center,Manhattan,4.69
6,Weekend,125,Hudson Sq,Manhattan,4.62
6,Weekend,24,Bloomingdale,Manhattan,4.38
6,Weekend,61,Crown Heights North,Brooklyn,4.38
6,Weekend,76,East New York,Brooklyn,4.31
6,Weekend,37,Bushwick South,Brooklyn,4.27
6,Weekend,224,Stuy Town/Peter Cooper Village,Manhattan,4.0
6,Weekend,232,Two Bridges/Seward Park,Manhattan,3.81
6,Weekend,168,Mott Haven/Port Morris,Bronx,3.77
6,Weekend,244,Washington Heights South,Manhattan,3.69
6,Weekend,114,Greenwich Village South,Manhattan,3.65
6,Weekend,36,Bushwick North,Brooklyn,3.54
6,Weekend,152,Manhattanville,Manhattan,3.46
6,Weekend,80,East Williamsburg,Brooklyn,3.35
6,Weekend,198,Ridgewood,Queens,3.27
6,Weekend,129,Jackson Heights,Queens,3.27
6,Weekend,4,Alphabet City,Manhattan,3.27
6,Weekend,72,East Flatbush/Remsen Village,Brooklyn,3.08
6,Weekend,246,West Chelsea/Hudson Yards,Manhattan,2.96
6,Weekend,13,Battery Park City,Manhattan,2.92
6,Weekend,87,Financial District North,Manhattan,2.77
6,Weekend,225,Stuyvesant Heights,Brooklyn,2.65
6,Weekend,260,Woodside,Queens,2.58
6,Weekend,158,Meatpacking/West Village West,Manhattan,2.58
6,Weekend,144,Little Italy/NoLiTa,Manhattan,2.58
6,Weekend,82,Elmhurst,Queens,2.5
6,Weekend,216,South Ozone Park,Queens,2.42
6,Weekend,261,World Trade Center,Manhattan,2.38
6,Weekend,264,Unknown,Unknown,2.38
6,Weekend,17,Bedford,Brooklyn,2.35
6,Weekend,177,Ocean Hill,Brooklyn,2.31
6,Weekend,89,Flatbush/Ditmas Park,Brooklyn,2.31
6,Weekend,179,Old Astoria,Queens,2.31
6,Weekend,35,Brownsville,Brooklyn,2.19
6,Weekend,250,Westchester Village/Unionport,Bronx,2.15
6,Weekend,211,SoHo,Manhattan,2.15
6,Weekend,235,University Heights/Morris Heights,Bronx,2.12
6,Weekend,112,Greenpoint,Brooklyn,2.12
6,Weekend,146,Long Island City/Queens Plaza,Queens,2.12
6,Weekend,130,Jamaica,Queens,2.08
6,Weekend,39,Canarsie,Brooklyn,2.08
6,Weekend,83,Elmhurst/Maspeth,Queens,2.08
6,Weekend,71,East Flatbush/Farragut,Brooklyn,2.0
6,Weekend,182,Parkchester,Bronx,1.92
6,Weekend,138,LaGuardia Airport,Queens,1.88
6,Weekend,256,Williamsburg (South Side),Brooklyn,1.88
6,Weekend,97,Fort Greene,Brooklyn,1.85
6,Weekend,254,Williamsbridge/Olinville,Bronx,1.81
6,Weekend,77,East New York/Pennsylvania Avenue,Brooklyn,1.81
6,Weekend,18,Bedford Park,Bronx,1.81
6,Weekend,197,Richmond Hill,Queens,1.77
6,Weekend,243,Washington Heights North,Manhattan,1.77
6,Weekend,215,South Jamaica,Queens,1.73
6,Weekend,255,Williamsburg (North Side),Brooklyn,1.65
6,Weekend,62,Crown Heights South,Brooklyn,1.62
6,Weekend,78,East Tremont,Bronx,1.62
6,Weekend,228,Sunset Park West,Brooklyn,1.58
6,Weekend,169,Mount Hope,Bronx,1.58
6,Weekend,247,West Concourse,Bronx,1.54
6,Weekend,91,Flatlands,Brooklyn,1.54
6,Weekend,69,East Concourse/Concourse Village,Bronx,1.54
6,Weekend,63,Cypress Hills,Brooklyn,1.54
6,Weekend,119,Highbridge,Bronx,1.5
6,Weekend,193,Queensbridge/Ravenswood,Queens,1.5
6,Weekend,213,Soundview/Castle Hill,Bronx,1.5
6,Weekend,212,Soundview/Bruckner,Bronx,1.5
6,Weekend,34,Brooklyn Navy Yard,Brooklyn,1.46
6,Weekend,56,Corona,Queens,1.42
6,Weekend,28,Briarwood/Jamaica Hills,Queens,1.42
6,Weekend,173,North Corona,Queens,1.42
6,Weekend,65,Downtown Brooklyn/MetroTech,Brooklyn,1.42
6,Weekend,93,Flushing Meadows-Corona Park,Queens,1.38
6,Weekend,248,West Farms/Bronx River,Bronx,1.38
6,Weekend,258,Woodhaven,Queens,1.38
6,Weekend,205,Saint Albans,Queens,1.35
6,Weekend,47,Claremont/Bathgate,Bronx,1.35
6,Weekend,25,Boerum Hill,Brooklyn,1.31
6,Weekend,159,Melrose South,Bronx,1.31
6,Weekend,167,Morrisania/Melrose,Bronx,1.23
6,Weekend,223,Steinway,Queens,1.15
6,Weekend,191,Queens Village,Queens,1.12
6,Weekend,95,Forest Hills,Queens,1.12
6,Weekend,85,Erasmus,Brooklyn,1.08
6,Weekend,49,Clinton Hill,Brooklyn,1.0
6,Weekend,10,Baisley Park,Queens,1.0
6,Weekend,195,Red Hook,Brooklyn,1.0
6,Weekend,88,Financial District South,Manhattan,0.96
6,Weekend,126,Hunts Point,Bronx,0.96
6,Weekend,32,Bronxdale,Bronx,0.88
6,Weekend,133,Kensington,Brooklyn,0.88
6,Weekend,203,Rosedale,Queens,0.88
6,Weekend,121,Hillcrest/Pomonok,Queens,0.88
6,Weekend,174,Norwood,Bronx,0.85
6,Weekend,131,Jamaica Estates,Queens,0.85
6,Weekend,208,Schuylerville/Edgewater Park,Bronx,0.85
6,Weekend,209,Seaport,Manhattan,0.85
6,Weekend,14,Bay Ridge,Brooklyn,0.85
6,Weekend,181,Park Slope,Brooklyn,0.81
6,Weekend,196,Rego Park,Queens,0.81
6,Weekend,51,Co-Op City,Bronx,0.81
6,Weekend,242,Van Nest/Morris Park,Bronx,0.81
6,Weekend,60,Crotona Park East,Bronx,0.81
6,Weekend,241,Van Cortlandt Village,Bronx,0.81
6,Weekend,45,Chinatown,Manhattan,0.81
6,Weekend,94,Fordham South,Bronx,0.77
6,Weekend,185,Pelham Parkway,Bronx,0.77
6,Weekend,189,Prospect Heights,Brooklyn,0.73
6,Weekend,160,Middle Village,Queens,0.73
6,Weekend,219,Springfield Gardens South,Queens,0.73
6,Weekend,147,Longwood,Bronx,0.73
6,Weekend,259,Woodlawn/Wakefield,Bronx,0.69
6,Weekend,139,Laurelton,Queens,0.69
6,Weekend,127,Inwood,Manhattan,0.69
6,Weekend,70,East Elmhurst,Queens,0.62
6,Weekend,135,Kew Gardens Hills,Queens,0.58
6,Weekend,134,Kew Gardens,Queens,0.58
6,Weekend,102,Glendale,Queens,0.58
6,Weekend,33,Brooklyn Heights,Brooklyn,0.54
6,Weekend,122,Hollis,Queens,0.54
6,Weekend,227,Sunset Park East,Brooklyn,0.54
6,Weekend,192,Queensboro Hill,Queens,0.54
6,Weekend,40,Carroll Gardens,Brooklyn,0.54
6,Weekend,55,Coney Island,Brooklyn,0.54
6,Weekend,217,South Williamsburg,Brooklyn,0.5
6,Weekend,117,Hammels/Arverne,Queens,0.5
6,Weekend,202,Roosevelt Island,Manhattan,0.5
6,Weekend,86,Far Rockaway,Queens,0.5
6,Weekend,92,Flushing,Queens,0.46
6,Weekend,67,Dyker Heights,Brooklyn,0.46
6,Weekend,136,Kingsbridge Heights,Bronx,0.46
6,Weekend,66,DUMBO/Vinegar Hill,Brooklyn,0.46
6,Weekend,22,Bensonhurst West,Brooklyn,0.42
6,Weekend,26,Borough Park,Brooklyn,0.42
6,Weekend,183,Pelham Bay,Bronx,0.35
6,Weekend,53,College Point,Queens,0.35
6,Weekend,218,Springfield Gardens North,Queens,0.35
6,Weekend,3,Allerton/Pelham Gardens,Bronx,0.35
6,Weekend,210,Sheepshead Bay,Brooklyn,0.35
6,Weekend,38,Cambria Heights,Queens,0.35
6,Weekend,265,Outside NYC,Unknown,0.35
6,Weekend,222,Starrett City,Brooklyn,0.31
6,Weekend,11,Bath Beach,Brooklyn,0.31
6,Weekend,19,Bellerose,Queens,0.31
6,Weekend,29,Brighton Beach,Brooklyn,0.31
6,Weekend,81,Eastchester,Bronx,0.31
6,Weekend,31,Bronx Park,Bronx,0.31
6,Weekend,98,Fresh Meadows,Queens,0.27
6,Weekend,175,Oakland Gardens,Queens,0.27
6,Weekend,257,Windsor Terrace,Brooklyn,0.27
6,Weekend,20,Belmont,Bronx,0.27
6,Weekend,106,Gowanus,Brooklyn,0.27
6,Weekend,155,Marine Park/Mill Basin,Brooklyn,0.27
6,Weekend,123,Homecrest,Brooklyn,0.23
6,Weekend,180,Ozone Park,Queens,0.23
6,Weekend,52,Cobble Hill,Brooklyn,0.23
6,Weekend,165,Midwood,Brooklyn,0.23
6,Weekend,124,Howard Beach,Queens,0.19
6,Weekend,101,Glen Oaks,Queens,0.19
6,Weekend,54,Columbia Street,Brooklyn,0.19
6,Weekend,194,Randalls Island,Manhattan,0.19
6,Weekend,240,Van Cortlandt Park,Bronx,0.19
6,Weekend,150,Manhattan Beach,Brooklyn,0.19
6,Weekend,220,Spuyten Duyvil/Kingsbridge,Bronx,0.15
6,Weekend,73,East Flushing,Queens,0.15
6,Weekend,252,Whitestone,Queens,0.15
6,Weekend,108,Gravesend,Brooklyn,0.15
6,Weekend,64,Douglaston,Queens,0.15
6,Weekend,149,Madison,Brooklyn,0.12
6,Weekend,58,Country Club,Bronx,0.12
6,Weekend,21,Bensonhurst East,Brooklyn,0.12
6,Weekend,15,Bay Terrace/Fort Totten,Queens,0.12
6,Weekend,16,Bayside,Queens,0.08
6,Weekend,221,Stapleton,Staten Island,0.08
6,Weekend,171,Murray Hill-Queens,Queens,0.08
6,Weekend,120,Highbridge Park,Manhattan,0.08
6,Weekend,153,Marble Hill,Manhattan,0.08
6,Weekend,115,Grymes Hill/Clifton,Staten Island,0.08
6,Weekend,214,South Beach/Dongan Hills,Staten Island,0.08
6,Weekend,184,Pelham Bay Park,Bronx,0.04
6,Weekend,1,Newark Airport,EWR,0.04
6,Weekend,27,Breezy Point/Fort Tilden/Riis Beach,Queens,0.04
6,Weekend,12,Battery Park,Manhattan,0.04
6,Weekend,57,Corona,Queens,0.04
6,Weekend,201,Rockaway Park,Queens,0.04
6,Weekend,118,Heartland Village/Todt Hill,Staten Island,0.04
6,Weekend,176,Oakwood,Staten Island,0.04
6,Weekend,251,Westerleigh,Staten Island,0.04
6,Weekend,9,Auburndale,Queens,0.04
6,Weekend,59,Crotona Park,Bronx,0.04
6,Weekend,178,Ocean Parkway South,Brooklyn,0.04
7,Weekend,132,JFK Airport,Queens,136.62
7,Weekend,230,Times Sq/Theatre District,Manhattan,45.0
7,Weekend,236,Upper East Side North,Manhattan,44.92
7,Weekend,186,Penn Station/Madison Sq West,Manhattan,40.77
7,Weekend,48,Clinton East,Manhattan,40.38
7,Weekend,238,Upper West Side North,Manhattan,37.42
7,Weekend,263,Yorkville West,Manhattan,37.35
7,Weekend,239,Upper West Side South,Manhattan,35.88
7,Weekend,162,Midtown East,Manhattan,35.65
7,Weekend,237,Upper East Side South,Manhattan,35.65
7,Weekend,262,Yorkville East,Manhattan,35.38
7,Weekend,141,Lenox Hill West,Manhattan,34.77
7,Weekend,229,Sutton Place/Turtle Bay North,Manhattan,31.0
7,Weekend,107,Gramercy,Manhattan,30.77
7,Weekend,140,Lenox Hill East,Manhattan,30.38
7,Weekend,170,Murray Hill,Manhattan,30.27
7,Weekend,161,Midtown Center,Manhattan,29.46
7,Weekend,142,Lincoln Square East,Manhattan,28.96
7,Weekend,137,Kips Bay,Manhattan,28.31
7,Weekend,163,Midtown North,Manhattan,24.85
7,Weekend,100,Garment District,Manhattan,23.04
7,Weekend,75,East Harlem South,Manhattan,22.62
7,Weekend,68,East Chelsea,Manhattan,20.69
7,Weekend,233,UN/Turtle Bay South,Manhattan,20.31
7,Weekend,164,Midtown South,Manhattan,19.0
7,Weekend,79,East Village,Manhattan,18.81
7,Weekend,151,Manhattan Valley,Manhattan,16.12
7,Weekend,90,Flatiron,Manhattan,16.0
7,Weekend,234,Union Sq,Manhattan,15.08
7,Weekend,143,Lincoln Square West,Manhattan,14.88
7,Weekend,43,Central Park,Manhattan,12.38
7,Weekend,249,West Village,Manhattan,12.0
7,Weekend,74,East Harlem North,Manhattan,11.42
7,Weekend,41,Central Harlem,Manhattan,11.12
7,Weekend,138,LaGuardia Airport,Queens,10.54
7,Weekend,166,Morningside Heights,Manhattan,10.31
7,Weekend,113,Greenwich Village North,Manhattan,9.27
7,Weekend,50,Clinton West,Manhattan,9.12
7,Weekend,195,Red Hook,Brooklyn,8.65
7,Weekend,42,Central Harlem North,Manhattan,7.58
7,Weekend,24,Bloomingdale,Manhattan,7.35
7,Weekend,246,West Chelsea/Hudson Yards,Manhattan,7.0
7,Weekend,231,TriBeCa/Civic Center,Manhattan,6.15
7,Weekend,148,Lower East Side,Manhattan,5.81
7,Weekend,87,Financial District North,Manhattan,5.54
7,Weekend,116,Hamilton Heights,Manhattan,5.42
7,Weekend,224,Stuy Town/Peter Cooper Village,Manhattan,5.38
7,Weekend,61,Crown Heights North,Brooklyn,5.35
7,Weekend,226,Sunnyside,Queens,5.19
7,Weekend,152,Manhattanville,Manhattan,5.12
7,Weekend,13,Battery Park City,Manhattan,4.85
7,Weekend,244,Washington Heights South,Manhattan,4.77
7,Weekend,76,East New York,Brooklyn,4.58
7,Weekend,114,Greenwich Village South,Manhattan,4.38
7,Weekend,7,Astoria,Queens,4.35
7,Weekend,158,Meatpacking/West Village West,Manhattan,4.23
7,Weekend,261,World Trade Center,Manhattan,4.04
7,Weekend,211,SoHo,Manhattan,3.88
7,Weekend,35,Brownsville,Brooklyn,3.88
7,Weekend,125,Hudson Sq,Manhattan,3.85
7,Weekend,157,Maspeth,Queens,3.77
7,Weekend,264,Unknown,Unknown,3.58
7,Weekend,188,Prospect-Lefferts Gardens,Brooklyn,3.5
7,Weekend,4,Alphabet City,Manhattan,3.42
7,Weekend,37,Bushwick South,Brooklyn,3.35
7,Weekend,225,Stuyvesant Heights,Brooklyn,3.31
7,Weekend,39,Canarsie,Brooklyn,3.23
7,Weekend,145,Long Island City/Hunters Point,Queens,3.12
7,Weekend,129,Jackson Heights,Queens,3.04
7,Weekend,168,Mott Haven/Port Morris,Bronx,3.0
7,Weekend,72,East Flatbush/Remsen Village,Brooklyn,2.81
7,Weekend,144,Little Italy/NoLiTa,Manhattan,2.77
7,Weekend,216,South Ozone Park,Queens,2.77
7,Weekend,89,Flatbush/Ditmas Park,Brooklyn,2.77
7,Weekend,82,Elmhurst,Queens,2.69
7,Weekend,146,Long Island City/Queens Plaza,Queens,2.5
7,Weekend,232,Two Bridges/Seward Park,Manhattan,2.42
7,Weekend,198,Ridgewood,Queens,2.42
7,Weekend,179,Old Astoria,Queens,2.31
7,Weekend,182,Parkchester,Bronx,2.31
7,Weekend,197,Richmond Hill,Queens,2.31
7,Weekend,71,East Flatbush/Farragut,Brooklyn,2.27
7,Weekend,177,Ocean Hill,Brooklyn,2.23
7,Weekend,17,Bedford,Brooklyn,2.08
7,Weekend,36,Bushwick North,Brooklyn,2.0
7,Weekend,258,Woodhaven,Queens,2.0
7,Weekend,215,South Jamaica,Queens,2.0
7,Weekend,10,Baisley Park,Queens,1.96
7,Weekend,69,East Concourse/Concourse Village,Bronx,1.96
7,Weekend,213,Soundview/Castle Hill,Bronx,1.88
7,Weekend,169,Mount Hope,Bronx,1.85
7,Weekend,119,Highbridge,Bronx,1.85
7,Weekend,97,Fort Greene,Brooklyn,1.77
7,Weekend,130,Jamaica,Queens,1.77
7,Weekend,254,Williamsbridge/Olinville,Bronx,1.77
7,Weekend,77,East New York/Pennsylvania Avenue,Brooklyn,1.73
7,Weekend,167,Morrisania/Melrose,Bronx,1.69
7,Weekend,91,Flatlands,Brooklyn,1.65
7,Weekend,247,West Concourse,Bronx,1.62
7,Weekend,63,Cypress Hills,Brooklyn,1.58
7,Weekend,159,Melrose South,Bronx,1.58
7,Weekend,235,University Heights/Morris Heights,Bronx,1.58
7,Weekend,260,Woodside,Queens,1.58
7,Weekend,80,East Williamsburg,Brooklyn,1.54
7,Weekend,93,Flushing Meadows-Corona Park,Queens,1.54
7,Weekend,212,Soundview/Bruckner,Bronx,1.5
7,Weekend,70,East Elmhurst,Queens,1.5
7,Weekend,47,Claremont/Bathgate,Bronx,1.46
7,Weekend,25,Boerum Hill,Brooklyn,1.46
7,Weekend,256,Williamsburg (South Side),Brooklyn,1.42
7,Weekend,85,Erasmus,Brooklyn,1.42
7,Weekend,62,Crown Heights South,Brooklyn,1.42
7,Weekend,193,Queensbridge/Ravenswood,Queens,1.35
7,Weekend,88,Financial District South,Manhattan,1.27
7,Weekend,259,Woodlawn/Wakefield,Bronx,1.27
7,Weekend,209,Seaport,Manhattan,1.23
7,Weekend,205,Saint Albans,Queens,1.23
7,Weekend,33,Brooklyn Heights,Brooklyn,1.23
7,Weekend,112,Greenpoint,Brooklyn,1.19
7,Weekend,28,Briarwood/Jamaica Hills,Queens,1.15
7,Weekend,18,Bedford Park,Bronx,1.12
7,Weekend,243,Washington Heights North,Manhattan,1.12
7,Weekend,51,Co-Op City,Bronx,1.12
7,Weekend,174,Norwood,Bronx,1.12
7,Weekend,78,East Tremont,Bronx,1.08
7,Weekend,181,Park Slope,Brooklyn,1.08
7,Weekend,250,Westchester Village/Unionport,Bronx,1.08
7,Weekend,191,Queens Village,Queens,1.04
7,Weekend,45,Chinatown,Manhattan,1.0
7,Weekend,241,Van Cortlandt Village,Bronx,1.0
7,Weekend,95,Forest Hills,Queens,1.0
7,Weekend,126,Hunts Point,Bronx,1.0
7,Weekend,223,Steinway,Queens,0.96
7,Weekend,147,Longwood,Bronx,0.96
7,Weekend,228,Sunset Park West,Brooklyn,0.96
7,Weekend,248,West Farms/Bronx River,Bronx,0.96
7,Weekend,65,Downtown Brooklyn/MetroTech,Brooklyn,0.92
7,Weekend,117,Hammels/Arverne,Queens,0.92
7,Weekend,60,Crotona Park East,Bronx,0.88
7,Weekend,131,Jamaica Estates,Queens,0.88
7,Weekend,49,Clinton Hill,Brooklyn,0.85
7,Weekend,220,Spuyten Duyvil/Kingsbridge,Bronx,0.85
7,Weekend,255,Williamsburg (North Side),Brooklyn,0.85
7,Weekend,56,Corona,Queens,0.85
7,Weekend,136,Kingsbridge Heights,Bronx,0.81
7,Weekend,102,Glendale,Queens,0.77
7,Weekend,86,Far Rockaway,Queens,0.73
7,Weekend,242,Van Nest/Morris Park,Bronx,0.73
7,Weekend,219,Springfield Gardens South,Queens,0.73
7,Weekend,173,North Corona,Queens,0.69
7,Weekend,83,Elmhurst/Maspeth,Queens,0.69
7,Weekend,218,Springfield Gardens North,Queens,0.69
7,Weekend,26,Borough Park,Brooklyn,0.69
7,Weekend,40,Carroll Gardens,Brooklyn,0.65
7,Weekend,52,Cobble Hill,Brooklyn,0.65
7,Weekend,55,Coney Island,Brooklyn,0.62
7,Weekend,81,Eastchester,Bronx,0.62
7,Weekend,133,Kensington,Brooklyn,0.62
7,Weekend,121,Hillcrest/Pomonok,Queens,0.58
7,Weekend,189,Prospect Heights,Brooklyn,0.58
7,Weekend,32,Bronxdale,Bronx,0.58
7,Weekend,66,DUMBO/Vinegar Hill,Brooklyn,0.54
7,Weekend,160,Middle Village,Queens,0.54
7,Weekend,122,Hollis,Queens,0.54
7,Weekend,135,Kew Gardens Hills,Queens,0.54
7,Weekend,185,Pelham Parkway,Bronx,0.5
7,Weekend,127,Inwood,Manhattan,0.5
7,Weekend,217,South Williamsburg,Brooklyn,0.46
7,Weekend,210,Sheepshead Bay,Brooklyn,0.46
7,Weekend,196,Rego Park,Queens,0.46
7,Weekend,134,Kew Gardens,Queens,0.46
7,Weekend,124,Howard Beach,Queens,0.46
7,Weekend,14,Bay Ridge,Brooklyn,0.42
7,Weekend,94,Fordham South,Bronx,0.42
7,Weekend,222,Starrett City,Brooklyn,0.42
7,Weekend,139,Laurelton,Queens,0.42
7,Weekend,53,College Point,Queens,0.42
7,Weekend,265,Outside NYC,Unknown,0.38
7,Weekend,257,Windsor Terrace,Brooklyn,0.38
7,Weekend,20,Belmont,Bronx,0.38
7,Weekend,227,Sunset Park East,Brooklyn,0.38
7,Weekend,155,Marine Park/Mill Basin,Brooklyn,0.35
7,Weekend,165,Midwood,Brooklyn,0.35
7,Weekend,208,Schuylerville/Edgewater Park,Bronx,0.35
7,Weekend,108,Gravesend,Brooklyn,0.35
7,Weekend,203,Rosedale,Queens,0.35
7,Weekend,92,Flushing,Queens,0.35
7,Weekend,171,Murray Hill-Queens,Queens,0.31
7,Weekend,22,Bensonhurst West,Brooklyn,0.31
7,Weekend,38,Cambria Heights,Queens,0.27
7,Weekend,54,Columbia Street,Brooklyn,0.27
7,Weekend,123,Homecrest,Brooklyn,0.27
7,Weekend,150,Manhattan Beach,Brooklyn,0.23
7,Weekend,21,Bensonhurst East,Brooklyn,0.23
7,Weekend,29,Brighton Beach,Brooklyn,0.23
7,Weekend,200,Riverdale/North Riverdale/Fieldston,Bronx,0.23
7,Weekend,3,Allerton/Pelham Gardens,Bronx,0.23
7,Weekend,192,Queensboro Hill,Queens,0.23
7,Weekend,180,Ozone Park,Queens,0.23
7,Weekend,67,Dyker Heights,Brooklyn,0.19
7,Weekend,183,Pelham Bay,Bronx,0.19
7,Weekend,190,Prospect Park,Brooklyn,0.15
7,Weekend,154,Marine Park/Floyd Bennett Field,Brooklyn,0.15
7,Weekend,202,Roosevelt Island,Manhattan,0.15
7,Weekend,106,Gowanus,Brooklyn,0.15
7,Weekend,11,Bath Beach,Brooklyn,0.15
7,Weekend,175,Oakland Gardens,Queens,0.15
7,Weekend,201,Rockaway Park,Queens,0.15
7,Weekend,34,Brooklyn Navy Yard,Brooklyn,0.15
7,Weekend,12,Battery Park,Manhattan,0.15
7,Weekend,178,Ocean Parkway South,Brooklyn,0.12
7,Weekend,6,Arrochar/Fort Wadsworth,Staten Island,0.12
7,Weekend,31,Bronx Park,Bronx,0.12
7,Weekend,206,Saint George/New Brighton,Staten Island,0.12
7,Weekend,120,Highbridge Park,Manhattan,0.12
7,Weekend,101,Glen Oaks,Queens,0.12
7,Weekend,149,Madison,Brooklyn,0.12
7,Weekend,221,Stapleton,Staten Island,0.12
7,Weekend,115,Grymes Hill/Clifton,Staten Island,0.08
7,Weekend,15,Bay Terrace/Fort Totten,Queens,0.08
7,Weekend,252,Whitestone,Queens,0.08
7,Weekend,73,East Flushing,Queens,0.08
7,Weekend,57,Corona,Queens,0.08
7,Weekend,16,Bayside,Queens,0.08
7,Weekend,9,Auburndale,Queens,0.04
7,Weekend,58,Country Club,Bronx,0.04
7,Weekend,153,Marble Hill,Manhattan,0.04
7,Weekend,19,Bellerose,Queens,0.04
7,Weekend,240,Van Cortlandt Park,Bronx,0.04
7,Weekend,253,Willets Point,Queens,0.04
7,Weekend,207,Saint Michaels Cemetery/Woodside,Queens,0.04
8,Weekend,132,JFK Airport,Queens,104.69
8,Weekend,236,Upper East Side North,Manhattan,89.42
8,Weekend,230,Times Sq/Theatre District,Manhattan,79.81
8,Weekend,237,Upper East Side South,Manhattan,74.19
8,Weekend,238,Upper West Side North,Manhattan,73.08
8,Weekend,239,Upper West Side South,Manhattan,71.88
8,Weekend,141,Lenox Hill West,Manhattan,67.58
8,Weekend,186,Penn Station/Madison Sq West,Manhattan,61.12
8,Weekend,48,Clinton East,Manhattan,60.54
8,Weekend,262,Yorkville East,Manhattan,58.31
8,Weekend,263,Yorkville West,Manhattan,56.85
8,Weekend,162,Midtown East,Manhattan,56.62
8,Weekend,142,Lincoln Square East,Manhattan,56.23
8,Weekend,170,Murray Hill,Manhattan,52.77
8,Weekend,161,Midtown Center,Manhattan,51.54
8,Weekend,140,Lenox Hill East,Manhattan,50.58
8,Weekend,107,Gramercy,Manhattan,47.38
8,Weekend,163,Midtown North,Manhattan,46.77
8,Weekend,229,Sutton Place/Turtle Bay North,Manhattan,46.69
8,Weekend,68,East Chelsea,Manhattan,40.65
8,Weekend,164,Midtown South,Manhattan,36.88
8,Weekend,79,East Village,Manhattan,32.73
8,Weekend,143,Lincoln Square West,Manhattan,32.62
8,Weekend,234,Union Sq,Manhattan,32.54
8,Weekend,100,Garment District,Manhattan,31.92
8,Weekend,233,UN/Turtle Bay South,Manhattan,30.85
8,Weekend,138,LaGuardia Airport,Queens,30.23
8,Weekend,90,Flatiron,Manhattan,30.08
8,Weekend,151,Manhattan Valley,Manhattan,28.92
8,Weekend,75,East Harlem South,Manhattan,27.88
8,Weekend,137,Kips Bay,Manhattan,26.42
8,Weekend,43,Central Park,Manhattan,23.38
8,Weekend,249,West Village,Manhattan,23.35
8,Weekend,113,Greenwich Village North,Manhattan,20.42
8,Weekend,50,Clinton West,Manhattan,17.73
8,Weekend,166,Morningside Heights,Manhattan,16.77
8,Weekend,231,TriBeCa/Civic Center,Manhattan,15.81
8,Weekend,41,Central Harlem,Manhattan,15.5
8,Weekend,74,East Harlem North,Manhattan,13.73
8,Weekend,24,Bloomingdale,Manhattan,13.15
8,Weekend,246,West Chelsea/Hudson Yards,Manhattan,13.0
8,Weekend,13,Battery Park City,Manhattan,10.88
8,Weekend,195,Red Hook,Brooklyn,10.69
8,Weekend,148,Lower East Side,Manhattan,9.69
8,Weekend,42,Central Harlem North,Manhattan,9.12
8,Weekend,224,Stuy Town/Peter Cooper Village,Manhattan,8.92
8,Weekend,158,Meatpacking/West Village West,Manhattan,8.88
8,Weekend,114,Greenwich Village South,Manhattan,8.27
8,Weekend,125,Hudson Sq,Manhattan,8.08
8,Weekend,261,World Trade Center,Manhattan,7.35
8,Weekend,87,Financial District North,Manhattan,6.54
8,Weekend,226,Sunnyside,Queens,6.42
8,Weekend,61,Crown Heights North,Brooklyn,6.27
8,Weekend,116,Hamilton Heights,Manhattan,6.12
8,Weekend,211,SoHo,Manhattan,5.88
8,Weekend,264,Unknown,Unknown,5.65
8,Weekend,4,Alphabet City,Manhattan,5.62
8,Weekend,76,East New York,Brooklyn,5.31
8,Weekend,144,Little Italy/NoLiTa,Manhattan,5.15
8,Weekend,7,Astoria,Queens,5.04
8,Weekend,35,Brownsville,Brooklyn,4.69
8,Weekend,152,Manhattanville,Manhattan,4.38
8,Weekend,232,Two Bridges/Seward Park,Manhattan,4.38
8,Weekend,39,Canarsie,Brooklyn,4.38
8,Weekend,244,Washington Heights South,Manhattan,4.35
8,Weekend,70,East Elmhurst,Queens,4.08
8,Weekend,89,Flatbush/Ditmas Park,Brooklyn,3.85
8,Weekend,225,Stuyvesant Heights,Brooklyn,3.77
8,Weekend,188,Prospect-Lefferts Gardens,Brooklyn,3.73
8,Weekend,177,Ocean Hill,Brooklyn,3.62
8,Weekend,37,Bushwick South,Brooklyn,3.62
8,Weekend,168,Mott Haven/Port Morris,Bronx,3.38
8,Weekend,129,Jackson Heights,Queens,3.38
8,Weekend,91,Flatlands,Brooklyn,3.23
8,Weekend,72,East Flatbush/Remsen Village,Brooklyn,3.15
8,Weekend,69,East Concourse/Concourse Village,Bronx,3.0
8,Weekend,179,Old Astoria,Queens,3.0
8,Weekend,17,Bedford,Brooklyn,2.85
8,Weekend,145,Long Island City/Hunters Point,Queens,2.85
8,Weekend,82,Elmhurst,Queens,2.69
8,Weekend,197,Richmond Hill,Queens,2.62
8,Weekend,209,Seaport,Manhattan,2.62
8,Weekend,146,Long Island City/Queens Plaza,Queens,2.46
8,Weekend,71,East Flatbush/Farragut,Brooklyn,2.46
8,Weekend,88,Financial District South,Manhattan,2.35
8,Weekend,77,East New York/Pennsylvania Avenue,Brooklyn,2.35
8,Weekend,97,Fort Greene,Brooklyn,2.31
8,Weekend,157,Maspeth,Queens,2.27
8,Weekend,62,Crown Heights South,Brooklyn,2.23
8,Weekend,235,University Heights/Morris Heights,Bronx,2.19
8,Weekend,130,Jamaica,Queens,2.15
8,Weekend,33,Brooklyn Heights,Brooklyn,2.15
8,Weekend,95,Forest Hills,Queens,2.15
8,Weekend,205,Saint Albans,Queens,2.12
8,Weekend,243,Washington Heights North,Manhattan,2.08
8,Weekend,216,South Ozone Park,Queens,2.08
8,Weekend,85,Erasmus,Brooklyn,2.04
8,Weekend,247,West Concourse,Bronx,2.0
8,Weekend,51,Co-Op City,Bronx,1.88
8,Weekend,65,Downtown Brooklyn/MetroTech,Brooklyn,1.85
8,Weekend,260,Woodside,Queens,1.81
8,Weekend,36,Bushwick North,Brooklyn,1.81
8,Weekend,182,Parkchester,Bronx,1.73
8,Weekend,169,Mount Hope,Bronx,1.73
8,Weekend,45,Chinatown,Manhattan,1.73
8,Weekend,181,Park Slope,Brooklyn,1.69
8,Weekend,49,Clinton Hill,Brooklyn,1.69
8,Weekend,159,Melrose South,Bronx,1.65
8,Weekend,254,Williamsbridge/Olinville,Bronx,1.65
8,Weekend,171,Murray Hill-Queens,Queens,1.62
8,Weekend,193,Queensbridge/Ravenswood,Queens,1.62
8,Weekend,198,Ridgewood,Queens,1.58
8,Weekend,167,Morrisania/Melrose,Bronx,1.58
8,Weekend,258,Woodhaven,Queens,1.58
8,Weekend,25,Boerum Hill,Brooklyn,1.54
8,Weekend,63,Cypress Hills,Brooklyn,1.54
8,Weekend,248,West Farms/Bronx River,Bronx,1.5
8,Weekend,256,Williamsburg (South Side),Brooklyn,1.5
8,Weekend,56,Corona,Queens,1.42
8,Weekend,219,Springfield Gardens South,Queens,1.42
8,Weekend,223,Steinway,Queens,1.38
8,Weekend,212,Soundview/Bruckner,Bronx,1.38
8,Weekend,213,Soundview/Castle Hill,Bronx,1.35
8,Weekend,80,East Williamsburg,Brooklyn,1.35
8,Weekend,78,East Tremont,Bronx,1.31
8,Weekend,215,South Jamaica,Queens,1.31
8,Weekend,83,Elmhurst/Maspeth,Queens,1.31
8,Weekend,112,Greenpoint,Brooklyn,1.27
8,Weekend,259,Woodlawn/Wakefield,Bronx,1.23
8,Weekend,93,Flushing Meadows-Corona Park,Queens,1.23
8,Weekend,119,Highbridge,Bronx,1.23
8,Weekend,28,Briarwood/Jamaica Hills,Queens,1.23
8,Weekend,222,Starrett City,Brooklyn,1.23
8,Weekend,10,Baisley Park,Queens,1.23
8,Weekend,117,Hammels/Arverne,Queens,1.23
8,Weekend,14,Bay Ridge,Brooklyn,1.19
8,Weekend,191,Queens Village,Queens,1.19
8,Weekend,196,Rego Park,Queens,1.19
8,Weekend,133,Kensington,Brooklyn,1.12
8,Weekend,55,Coney Island,Brooklyn,1.12
8,Weekend,47,Claremont/Bathgate,Bronx,1.04
8,Weekend,218,Springfield Gardens North,Queens,1.04
8,Weekend,250,Westchester Village/Unionport,Bronx,1.0
8,Weekend,86,Far Rockaway,Queens,1.0
8,Weekend,165,Midwood,Brooklyn,1.0
8,Weekend,18,Bedford Park,Bronx,0.96
8,Weekend,147,Longwood,Bronx,0.96
8,Weekend,241,Van Cortlandt Village,Bronx,0.85
8,Weekend,134,Kew Gardens,Queens,0.85
8,Weekend,26,Borough Park,Brooklyn,0.85
8,Weekend,136,Kingsbridge Heights,Bronx,0.85
8,Weekend,124,Howard Beach,Queens,0.81
8,Weekend,210,Sheepshead Bay,Brooklyn,0.77
8,Weekend,81,Eastchester,Bronx,0.77
8,Weekend,228,Sunset Park West,Brooklyn,0.77
8,Weekend,21,Bensonhurst East,Brooklyn,0.77
8,Weekend,92,Flushing,Queens,0.73
8,Weekend,22,Bensonhurst West,Brooklyn,0.73
8,Weekend,160,Middle Village,Queens,0.73
8,Weekend,52,Cobble Hill,Brooklyn,0.65
8,Weekend,126,Hunts Point,Bronx,0.65
8,Weekend,60,Crotona Park East,Bronx,0.62
8,Weekend,227,Sunset Park East,Brooklyn,0.62
8,Weekend,122,Hollis,Queens,0.62
8,Weekend,174,Norwood,Bronx,0.62
8,Weekend,40,Carroll Gardens,Brooklyn,0.58
8,Weekend,242,Van Nest/Morris Park,Bronx,0.58
8,Weekend,102,Glendale,Queens,0.54
8,Weekend,185,Pelham Parkway,Bronx,0.54
8,Weekend,139,Laurelton,Queens,0.5
8,Weekend,200,Riverdale/North Riverdale/Fieldston,Bronx,0.5
8,Weekend,108,Gravesend,Brooklyn,0.5
8,Weekend,155,Marine Park/Mill Basin,Brooklyn,0.5
8,Weekend,202,Roosevelt Island,Manhattan,0.5
8,Weekend,54,Columbia Street,Brooklyn,0.46
8,Weekend,127,Inwood,Manhattan,0.46
8,Weekend,3,Allerton/Pelham Gardens,Bronx,0.46
8,Weekend,32,Bronxdale,Bronx,0.46
8,Weekend,135,Kew Gardens Hills,Queens,0.46
8,Weekend,29,Brighton Beach,Brooklyn,0.42
8,Weekend,94,Fordham South,Bronx,0.42
8,Weekend,255,Williamsburg (North Side),Brooklyn,0.42
8,Weekend,257,Windsor Terrace,Brooklyn,0.42
8,Weekend,208,Schuylerville/Edgewater Park,Bronx,0.42
8,Weekend,131,Jamaica Estates,Queens,0.42
8,Weekend,66,DUMBO/Vinegar Hill,Brooklyn,0.42
8,Weekend,192,Queensboro Hill,Queens,0.38
8,Weekend,123,Homecrest,Brooklyn,0.38
8,Weekend,20,Belmont,Bronx,0.38
8,Weekend,220,Spuyten Duyvil/Kingsbridge,Bronx,0.38
8,Weekend,15,Bay Terrace/Fort Totten,Queens,0.38
8,Weekend,121,Hillcrest/Pomonok,Queens,0.35
8,Weekend,189,Prospect Heights,Brooklyn,0.35
8,Weekend,11,Bath Beach,Brooklyn,0.35
8,Weekend,19,Bellerose,Queens,0.35
8,Weekend,53,College Point,Queens,0.35
8,Weekend,16,Bayside,Queens,0.35
8,Weekend,67,Dyker Heights,Brooklyn,0.35
8,Weekend,265,Outside NYC,Unknown,0.35
8,Weekend,38,Cambria Heights,Queens,0.35
8,Weekend,106,Gowanus,Brooklyn,0.35
8,Weekend,203,Rosedale,Queens,0.31
8,Weekend,183,Pelham Bay,Bronx,0.31
8,Weekend,149,Madison,Brooklyn,0.31
8,Weekend,190,Prospect Park,Brooklyn,0.31
8,Weekend,173,North Corona,Queens,0.31
8,Weekend,180,Ozone Park,Queens,0.27
8,Weekend,101,Glen Oaks,Queens,0.27
8,Weekend,252,Whitestone,Queens,0.27
8,Weekend,178,Ocean Parkway South,Brooklyn,0.27
8,Weekend,194,Randalls Island,Manhattan,0.19
8,Weekend,217,South Williamsburg,Brooklyn,0.19
8,Weekend,64,Douglaston,Queens,0.15
8,Weekend,240,Van Cortlandt Park,Bronx,0.15
8,Weekend,201,Rockaway Park,Queens,0.15
8,Weekend,6,Arrochar/Fort Wadsworth,Staten Island,0.15
8,Weekend,46,City Island,Bronx,0.12
8,Weekend,73,East Flushing,Queens,0.12
8,Weekend,34,Brooklyn Navy Yard,Brooklyn,0.12
8,Weekend,12,Battery Park,Manhattan,0.12
8,Weekend,175,Oakland Gardens,Queens,0.12
8,Weekend,172,New Dorp/Midland Beach,Staten Island,0.08
8,Weekend,207,Saint Michaels Cemetery/Woodside,Queens,0.08
8,Weekend,9,Auburndale,Queens,0.08
8,Weekend,120,Highbridge Park,Manhattan,0.08
8,Weekend,150,Manhattan Beach,Brooklyn,0.08
8,Weekend,31,Bronx Park,Bronx,0.08
8,Weekend,111,Green-Wood Cemetery,Brooklyn,0.04
8,Weekend,98,Fresh Meadows,Queens,0.04
8,Weekend,27,Breezy Point/Fort Tilden/Riis Beach,Queens,0.04
8,Weekend,176,Oakwood,Staten Island,0.04
8,Weekend,154,Marine Park/Floyd Bennett Field,Brooklyn,0.04
8,Weekend,2,Jamaica Bay,Queens,0.04
8,Weekend,253,Willets Point,Queens,0.04
8,Weekend,115,Grymes Hill/Clifton,Staten Island,0.04
8,Weekend,214,South Beach/Dongan Hills,Staten Island,0.04
8,Weekend,153,Marble Hill,Manhattan,0.04
9,Weekend,236,Upper East Side North,Manhattan,159.81
9,Weekend,237,Upper East Side South,Manhattan,137.19
9,Weekend,239,Upper West Side South,Manhattan,124.38
9,Weekend,230,Times Sq/Theatre District,Manhattan,119.0
9,Weekend,238,Upper West Side North,Manhattan,116.65
9,Weekend,132,JFK Airport,Queens,111.81
9,Weekend,141,Lenox Hill West,Manhattan,104.96
9,Weekend,186,Penn Station/Madison Sq West,Manhattan,102.62
9,Weekend,161,Midtown Center,Manhattan,97.38
9,Weekend,142,Lincoln Square East,Manhattan,95.65
9,Weekend,263,Yorkville West,Manhattan,92.42
9,Weekend,162,Midtown East,Manhattan,88.92
9,Weekend,48,Clinton East,Manhattan,87.92
9,Weekend,262,Yorkville East,Manhattan,84.38
9,Weekend,163,Midtown North,Manhattan,83.19
9,Weekend,170,Murray Hill,Manhattan,82.0
9,Weekend,229,Sutton Place/Turtle Bay North,Manhattan,75.96
9,Weekend,140,Lenox Hill East,Manhattan,73.23
9,Weekend,138,LaGuardia Airport,Queens,72.0
9,Weekend,68,East Chelsea,Manhattan,71.69
9,Weekend,107,Gramercy,Manhattan,70.0
9,Weekend,164,Midtown South,Manhattan,58.54
9,Weekend,143,Lincoln Square West,Manhattan,58.38
9,Weekend,234,Union Sq,Manhattan,56.46
9,Weekend,79,East Village,Manhattan,50.38
9,Weekend,151,Manhattan Valley,Manhattan,50.08
9,Weekend,90,Flatiron,Manhattan,50.0
9,Weekend,233,UN/Turtle Bay South,Manhattan,48.12
9,Weekend,43,Central Park,Manhattan,46.42
9,Weekend,100,Garment District,Manhattan,45.69
9,Weekend,249,West Village,Manhattan,41.58
9,Weekend,75,East Harlem South,Manhattan,38.5
9,Weekend,113,Greenwich Village North,Manhattan,36.54
9,Weekend,137,Kips Bay,Manhattan,34.42
9,Weekend,231,TriBeCa/Civic Center,Manhattan,30.54
9,Weekend,50,Clinton West,Manhattan,25.31
9,Weekend,246,West Chelsea/Hudson Yards,Manhattan,25.08
9,Weekend,166,Morningside Heights,Manhattan,23.65
9,Weekend,41,Central Harlem,Manhattan,21.85
9,Weekend,74,East Harlem North,Manhattan,18.08
9,Weekend,114,Greenwich Village South,Manhattan,17.81
9,Weekend,13,Battery Park City,Manhattan,16.88
9,Weekend,24,Bloomingdale,Manhattan,16.54
9,Weekend,148,Lower East Side,Manhattan,15.35
9,Weekend,158,Meatpacking/West Village West,Manhattan,15.19
9,Weekend,125,Hudson Sq,Manhattan,13.85
9,Weekend,87,Financial District North,Manhattan,13.58
9,Weekend,195,Red Hook,Brooklyn,13.5
9,Weekend,42,Central Harlem North,Manhattan,13.38
9,Weekend,261,World Trade Center,Manhattan,11.88
9,Weekend,224,Stuy Town/Peter Cooper Village,Manhattan,11.54
9,Weekend,211,SoHo,Manhattan,10.73
9,Weekend,144,Little Italy/NoLiTa,Manhattan,10.04
9,Weekend,116,Hamilton Heights,Manhattan,9.92
9,Weekend,70,East Elmhurst,Queens,9.73
9,Weekend,61,Crown Heights North,Brooklyn,8.58
9,Weekend,264,Unknown,Unknown,8.46
9,Weekend,226,Sunnyside,Queens,7.88
9,Weekend,4,Alphabet City,Manhattan,7.54
9,Weekend,76,East New York,Brooklyn,6.62
9,Weekend,244,Washington Heights South,Manhattan,6.38
9,Weekend,7,Astoria,Queens,6.23
9,Weekend,89,Flatbush/Ditmas Park,Brooklyn,6.0
9,Weekend,188,Prospect-Lefferts Gardens,Brooklyn,5.88
9,Weekend,232,Two Bridges/Seward Park,Manhattan,5.69
9,Weekend,35,Brownsville,Brooklyn,5.23
9,Weekend,72,East Flatbush/Remsen Village,Brooklyn,4.96
9,Weekend,152,Manhattanville,Manhattan,4.88
9,Weekend,145,Long Island City/Hunters Point,Queens,4.81
9,Weekend,146,Long Island City/Queens Plaza,Queens,4.62
9,Weekend,39,Canarsie,Brooklyn,4.54
9,Weekend,225,Stuyvesant Heights,Brooklyn,4.42
9,Weekend,17,Bedford,Brooklyn,3.96
9,Weekend,37,Bushwick South,Brooklyn,3.88
9,Weekend,177,Ocean Hill,Brooklyn,3.81
9,Weekend,179,Old Astoria,Queens,3.69
9,Weekend,91,Flatlands,Brooklyn,3.69
9,Weekend,88,Financial District South,Manhattan,3.54
9,Weekend,71,East Flatbush/Farragut,Brooklyn,3.5
9,Weekend,65,Downtown Brooklyn/MetroTech,Brooklyn,3.46
9,Weekend,209,Seaport,Manhattan,3.35
9,Weekend,129,Jackson Heights,Queens,3.31
9,Weekend,62,Crown Heights South,Brooklyn,3.15
9,Weekend,247,West Concourse,Bronx,2.88
9,Weekend,260,Woodside,Queens,2.85
9,Weekend,69,East Concourse/Concourse Village,Bronx,2.77
9,Weekend,216,South Ozone Park,Queens,2.77
9,Weekend,97,Fort Greene,Brooklyn,2.62
9,Weekend,45,Chinatown,Manhattan,2.62
9,Weekend,197,Richmond Hill,Queens,2.62
9,Weekend,168,Mott Haven/Port Morris,Bronx,2.58
9,Weekend,49,Clinton Hill,Brooklyn,2.58
9,Weekend,82,Elmhurst,Queens,2.46
9,Weekend,77,East New York/Pennsylvania Avenue,Brooklyn,2.38
9,Weekend,243,Washington Heights North,Manhattan,2.35
9,Weekend,80,East Williamsburg,Brooklyn,2.19
9,Weekend,25,Boerum Hill,Brooklyn,2.19
9,Weekend,130,Jamaica,Queens,2.19
9,Weekend,213,Soundview/Castle Hill,Bronx,2.19
9,Weekend,169,Mount Hope,Bronx,2.15
9,Weekend,222,Starrett City,Brooklyn,2.15
9,Weekend,223,Steinway,Queens,2.08
9,Weekend,33,Brooklyn Heights,Brooklyn,2.04
9,Weekend,235,University Heights/Morris Heights,Bronx,2.04
9,Weekend,181,Park Slope,Brooklyn,1.96
9,Weekend,256,Williamsburg (South Side),Brooklyn,1.88
9,Weekend,10,Baisley Park,Queens,1.88
9,Weekend,248,West Farms/Bronx River,Bronx,1.88
9,Weekend,85,Erasmus,Brooklyn,1.85
9,Weekend,51,Co-Op City,Bronx,1.81
9,Weekend,95,Forest Hills,Queens,1.81
9,Weekend,212,Soundview/Bruckner,Bronx,1.81
9,Weekend,56,Corona,Queens,1.77
9,Weekend,254,Williamsbridge/Olinville,Bronx,1.73
9,Weekend,193,Queensbridge/Ravenswood,Queens,1.69
9,Weekend,198,Ridgewood,Queens,1.69
9,Weekend,228,Sunset Park West,Brooklyn,1.69
9,Weekend,63,Cypress Hills,Brooklyn,1.65
9,Weekend,52,Cobble Hill,Brooklyn,1.65
9,Weekend,159,Melrose South,Bronx,1.65
9,Weekend,182,Parkchester,Bronx,1.62
9,Weekend,218,Springfield Gardens North,Queens,1.54
9,Weekend,215,South Jamaica,Queens,1.54
9,Weekend,157,Maspeth,Queens,1.54
9,Weekend,78,East Tremont,Bronx,1.5
9,Weekend,167,Morrisania/Melrose,Bronx,1.5
9,Weekend,258,Woodhaven,Queens,1.5
9,Weekend,119,Highbridge,Bronx,1.46
9,Weekend,83,Elmhurst/Maspeth,Queens,1.35
9,Weekend,28,Briarwood/Jamaica Hills,Queens,1.35
9,Weekend,36,Bushwick North,Brooklyn,1.35
9,Weekend,14,Bay Ridge,Brooklyn,1.31
9,Weekend,205,Saint Albans,Queens,1.31
9,Weekend,133,Kensington,Brooklyn,1.31
9,Weekend,18,Bedford Park,Bronx,1.27
9,Weekend,66,DUMBO/Vinegar Hill,Brooklyn,1.27
9,Weekend,112,Greenpoint,Brooklyn,1.27
9,Weekend,55,Coney Island,Brooklyn,1.23
9,Weekend,86,Far Rockaway,Queens,1.19
9,Weekend,259,Woodlawn/Wakefield,Bronx,1.15
9,Weekend,81,Eastchester,Bronx,1.12
9,Weekend,117,Hammels/Arverne,Queens,1.08
9,Weekend,40,Carroll Gardens,Brooklyn,1.08
9,Weekend,126,Hunts Point,Bronx,1.0
9,Weekend,219,Springfield Gardens South,Queens,0.96
9,Weekend,189,Prospect Heights,Brooklyn,0.96
9,Weekend,191,Queens Village,Queens,0.92
9,Weekend,47,Claremont/Bathgate,Bronx,0.88
9,Weekend,250,Westchester Village/Unionport,Bronx,0.88
9,Weekend,131,Jamaica Estates,Queens,0.85
9,Weekend,241,Van Cortlandt Village,Bronx,0.85
9,Weekend,155,Marine Park/Mill Basin,Brooklyn,0.85
9,Weekend,136,Kingsbridge Heights,Bronx,0.85
9,Weekend,26,Borough Park,Brooklyn,0.85
9,Weekend,147,Longwood,Bronx,0.81
9,Weekend,165,Midwood,Brooklyn,0.81
9,Weekend,94,Fordham South,Bronx,0.81
9,Weekend,160,Middle Village,Queens,0.77
9,Weekend,196,Rego Park,Queens,0.77
9,Weekend,106,Gowanus,Brooklyn,0.77
9,Weekend,202,Roosevelt Island,Manhattan,0.77
9,Weekend,210,Sheepshead Bay,Brooklyn,0.77
9,Weekend,134,Kew Gardens,Queens,0.77
9,Weekend,174,Norwood,Bronx,0.73
9,Weekend,32,Bronxdale,Bronx,0.73
9,Weekend,139,Laurelton,Queens,0.73
9,Weekend,121,Hillcrest/Pomonok,Queens,0.73
9,Weekend,29,Brighton Beach,Brooklyn,0.73
9,Weekend,60,Crotona Park East,Bronx,0.65
9,Weekend,123,Homecrest,Brooklyn,0.65
9,Weekend,135,Kew Gardens Hills,Queens,0.62
9,Weekend,3,Allerton/Pelham Gardens,Bronx,0.62
9,Weekend,21,Bensonhurst East,Brooklyn,0.58
9,Weekend,20,Belmont,Bronx,0.58
9,Weekend,242,Van Nest/Morris Park,Bronx,0.58
9,Weekend,180,Ozone Park,Queens,0.58
9,Weekend,203,Rosedale,Queens,0.58
9,Weekend,22,Bensonhurst West,Brooklyn,0.58
9,Weekend,102,Glendale,Queens,0.58
9,Weekend,257,Windsor Terrace,Brooklyn,0.54
9,Weekend,93,Flushing Meadows-Corona Park,Queens,0.54
9,Weekend,185,Pelham Parkway,Bronx,0.54
9,Weekend,67,Dyker Heights,Brooklyn,0.5
9,Weekend,38,Cambria Heights,Queens,0.5
9,Weekend,124,Howard Beach,Queens,0.5
9,Weekend,53,College Point,Queens,0.46
9,Weekend,255,Williamsburg (North Side),Brooklyn,0.46
9,Weekend,220,Spuyten Duyvil/Kingsbridge,Bronx,0.46
9,Weekend,108,Gravesend,Brooklyn,0.42
9,Weekend,217,South Williamsburg,Brooklyn,0.42
9,Weekend,54,Columbia Street,Brooklyn,0.42
9,Weekend,227,Sunset Park East,Brooklyn,0.42
9,Weekend,149,Madison,Brooklyn,0.42
9,Weekend,171,Murray Hill-Queens,Queens,0.38
9,Weekend,173,North Corona,Queens,0.38
9,Weekend,11,Bath Beach,Brooklyn,0.38
9,Weekend,200,Riverdale/North Riverdale/Fieldston,Bronx,0.38
9,Weekend,208,Schuylerville/Edgewater Park,Bronx,0.35
9,Weekend,98,Fresh Meadows,Queens,0.35
9,Weekend,265,Outside NYC,Unknown,0.35
9,Weekend,127,Inwood,Manhattan,0.35
9,Weekend,19,Bellerose,Queens,0.31
9,Weekend,192,Queensboro Hill,Queens,0.31
9,Weekend,252,Whitestone,Queens,0.27
9,Weekend,12,Battery Park,Manhattan,0.27
9,Weekend,178,Ocean Parkway South,Brooklyn,0.27
9,Weekend,34,Brooklyn Navy Yard,Brooklyn,0.27
9,Weekend,150,Manhattan Beach,Brooklyn,0.23
9,Weekend,92,Flushing,Queens,0.23
9,Weekend,207,Saint Michaels Cemetery/Woodside,Queens,0.23
9,Weekend,101,Glen Oaks,Queens,0.23
9,Weekend,64,Douglaston,Queens,0.23
9,Weekend,201,Rockaway Park,Queens,0.19
9,Weekend,153,Marble Hill,Manhattan,0.19
9,Weekend,183,Pelham Bay,Bronx,0.19
9,Weekend,190,Prospect Park,Brooklyn,0.19
9,Weekend,122,Hollis,Queens,0.19
9,Weekend,240,Van Cortlandt Park,Bronx,0.15
9,Weekend,16,Bayside,Queens,0.15
9,Weekend,57,Corona,Queens,0.15
9,Weekend,59,Crotona Park,Bronx,0.12
9,Weekend,154,Marine Park/Floyd Bennett Field,Brooklyn,0.12
9,Weekend,15,Bay Terrace/Fort Totten,Queens,0.12
9,Weekend,172,New Dorp/Midland Beach,Staten Island,0.12
9,Weekend,253,Willets Point,Queens,0.12
9,Weekend,175,Oakland Gardens,Queens,0.08
9,Weekend,128,Inwood Hill Park,Manhattan,0.08
9,Weekend,58,Country Club,Bronx,0.08
9,Weekend,23,Bloomfield/Emerson Hill,Staten Island,0.08
9,Weekend,194,Randalls Island,Manhattan,0.08
9,Weekend,9,Auburndale,Queens,0.04
9,Weekend,120,Highbridge Park,Manhattan,0.04
9,Weekend,214,South Beach/Dongan Hills,Staten Island,0.04
9,Weekend,6,Arrochar/Fort Wadsworth,Staten Island,0.04
9,Weekend,31,Bronx Park,Bronx,0.04
9,Weekend,73,East Flushing,Queens,0.04
10,Weekend,236,Upper East Side North,Manhattan,222.0
10,Weekend,237,Upper East Side South,Manhattan,195.65
10,Weekend,239,Upper West Side South,Manhattan,173.46
10,Weekend,230,Times Sq/Theatre District,Manhattan,166.08
10,Weekend,186,Penn Station/Madison Sq West,Manhattan,152.96
10,Weekend,161,Midtown Center,Manhattan,152.96
10,Weekend,141,Lenox Hill West,Manhattan,145.81
10,Weekend,238,Upper West Side North,Manhattan,142.65
10,Weekend,142,Lincoln Square East,Manhattan,139.27
10,Weekend,138,LaGuardia Airport,Queens,131.81
10,Weekend,162,Midtown East,Manhattan,130.62
10,Weekend,170,Murray Hill,Manhattan,128.73
10,Weekend,263,Yorkville West,Manhattan,124.04
10,Weekend,132,JFK Airport,Queens,121.23
10,Weekend,163,Midtown North,Manhattan,117.88
10,Weekend,48,Clinton East,Manhattan,107.81
10,Weekend,262,Yorkville East,Manhattan,103.96
10,Weekend,229,Sutton Place/Turtle Bay North,Manhattan,102.35
10,Weekend,68,East Chelsea,Manhattan,97.88
10,Weekend,107,Gramercy,Manhattan,94.88
10,Weekend,140,Lenox Hill East,Manhattan,93.5
10,Weekend,234,Union Sq,Manhattan,91.85
10,Weekend,164,Midtown South,Manhattan,85.15
10,Weekend,143,Lincoln Square West,Manhattan,76.38
10,Weekend,79,East Village,Manhattan,72.69
10,Weekend,43,Central Park,Manhattan,71.92
10,Weekend,90,Flatiron,Manhattan,71.62
10,Weekend,233,UN/Turtle Bay South,Manhattan,69.85
10,Weekend,100,Garment District,Manhattan,61.12
10,Weekend,151,Manhattan Valley,Manhattan,58.92
10,Weekend,249,West Village,Manhattan,57.96
10,Weekend,113,Greenwich Village North,Manhattan,55.85
10,Weekend,246,West Chelsea/Hudson Yards,Manhattan,47.96
10,Weekend,231,TriBeCa/Civic Center,Manhattan,45.35
10,Weekend,137,Kips Bay,Manhattan,42.58
10,Weekend,75,East Harlem South,Manhattan,40.42
10,Weekend,50,Clinton West,Manhattan,30.31
10,Weekend,166,Morningside Heights,Manhattan,29.04
10,Weekend,13,Battery Park City,Manhattan,27.27
10,Weekend,148,Lower East Side,Manhattan,24.85
10,Weekend,114,Greenwich Village South,Manhattan,24.08
10,Weekend,87,Financial District North,Manhattan,23.42
10,Weekend,158,Meatpacking/West Village West,Manhattan,21.58
10,Weekend,41,Central Harlem,Manhattan,20.54
10,Weekend,24,Bloomingdale,Manhattan,20.08
10,Weekend,211,SoHo,Manhattan,19.81
10,Weekend,144,Little Italy/NoLiTa,Manhattan,19.81
10,Weekend,261,World Trade Center,Manhattan,19.04
10,Weekend,74,East Harlem North,Manhattan,18.31
10,Weekend,125,Hudson Sq,Manhattan,17.88
10,Weekend,224,Stuy Town/Peter Cooper Village,Manhattan,14.96
10,Weekend,42,Central Harlem North,Manhattan,12.08
10,Weekend,70,East Elmhurst,Queens,11.58
10,Weekend,264,Unknown,Unknown,9.92
10,Weekend,4,Alphabet City,Manhattan,8.73
10,Weekend,116,Hamilton Heights,Manhattan,8.69
10,Weekend,61,Crown Heights North,Brooklyn,8.27
10,Weekend,226,Sunnyside,Queens,7.65
10,Weekend,232,Two Bridges/Seward Park,Manhattan,7.58
10,Weekend,195,Red Hook,Brooklyn,7.23
10,Weekend,7,Astoria,Queens,6.96
10,Weekend,145,Long Island City/Hunters Point,Queens,6.62
10,Weekend,76,East New York,Brooklyn,6.35
10,Weekend,88,Financial District South,Manhattan,5.85
10,Weekend,89,Flatbush/Ditmas Park,Brooklyn,5.81
10,Weekend,152,Manhattanville,Manhattan,5.77
10,Weekend,209,Seaport,Manhattan,5.65
10,Weekend,244,Washington Heights South,Manhattan,5.58
10,Weekend,146,Long Island City/Queens Plaza,Queens,5.38
10,Weekend,45,Chinatown,Manhattan,5.04
10,Weekend,39,Canarsie,Brooklyn,4.92
10,Weekend,225,Stuyvesant Heights,Brooklyn,4.73
10,Weekend,188,Prospect-Lefferts Gardens,Brooklyn,4.69
10,Weekend,17,Bedford,Brooklyn,4.15
10,Weekend,72,East Flatbush/Remsen Village,Brooklyn,3.96
10,Weekend,97,Fort Greene,Brooklyn,3.88
10,Weekend,168,Mott Haven/Port Morris,Bronx,3.85
10,Weekend,71,East Flatbush/Farragut,Brooklyn,3.81
10,Weekend,65,Downtown Brooklyn/MetroTech,Brooklyn,3.81
10,Weekend,179,Old Astoria,Queens,3.62
10,Weekend,35,Brownsville,Brooklyn,3.58
10,Weekend,177,Ocean Hill,Brooklyn,3.5
10,Weekend,37,Bushwick South,Brooklyn,3.46
10,Weekend,49,Clinton Hill,Brooklyn,3.31
10,Weekend,129,Jackson Heights,Queens,3.27
10,Weekend,33,Brooklyn Heights,Brooklyn,3.12
10,Weekend,25,Boerum Hill,Brooklyn,3.08
10,Weekend,243,Washington Heights North,Manhattan,2.81
10,Weekend,69,East Concourse/Concourse Village,Bronx,2.73
10,Weekend,62,Crown Heights South,Brooklyn,2.62
10,Weekend,216,South Ozone Park,Queens,2.54
10,Weekend,80,East Williamsburg,Brooklyn,2.35
10,Weekend,193,Queensbridge/Ravenswood,Queens,2.27
10,Weekend,260,Woodside,Queens,2.23
10,Weekend,197,Richmond Hill,Queens,2.23
10,Weekend,91,Flatlands,Brooklyn,2.19
10,Weekend,247,West Concourse,Bronx,2.04
10,Weekend,181,Park Slope,Brooklyn,2.04
10,Weekend,215,South Jamaica,Queens,2.04
10,Weekend,213,Soundview/Castle Hill,Bronx,2.04
10,Weekend,85,Erasmus,Brooklyn,2.0
10,Weekend,66,DUMBO/Vinegar Hill,Brooklyn,2.0
10,Weekend,95,Forest Hills,Queens,1.96
10,Weekend,159,Melrose South,Bronx,1.92
10,Weekend,235,University Heights/Morris Heights,Bronx,1.88
10,Weekend,256,Williamsburg (South Side),Brooklyn,1.85
10,Weekend,112,Greenpoint,Brooklyn,1.85
10,Weekend,222,Starrett City,Brooklyn,1.85
10,Weekend,77,East New York/Pennsylvania Avenue,Brooklyn,1.81
10,Weekend,223,Steinway,Queens,1.81
10,Weekend,254,Williamsbridge/Olinville,Bronx,1.73
10,Weekend,198,Ridgewood,Queens,1.73
10,Weekend,82,Elmhurst,Queens,1.69
10,Weekend,130,Jamaica,Queens,1.69
10,Weekend,167,Morrisania/Melrose,Bronx,1.65
10,Weekend,55,Coney Island,Brooklyn,1.65
10,Weekend,56,Corona,Queens,1.62
10,Weekend,169,Mount Hope,Bronx,1.62
10,Weekend,10,Baisley Park,Queens,1.54
10,Weekend,182,Parkchester,Bronx,1.5
10,Weekend,119,Highbridge,Bronx,1.46
10,Weekend,36,Bushwick North,Brooklyn,1.46
10,Weekend,51,Co-Op City,Bronx,1.42
10,Weekend,63,Cypress Hills,Brooklyn,1.42
10,Weekend,52,Cobble Hill,Brooklyn,1.42
10,Weekend,83,Elmhurst/Maspeth,Queens,1.38
10,Weekend,228,Sunset Park West,Brooklyn,1.27
10,Weekend,14,Bay Ridge,Brooklyn,1.23
10,Weekend,26,Borough Park,Brooklyn,1.23
10,Weekend,117,Hammels/Arverne,Queens,1.19
10,Weekend,258,Woodhaven,Queens,1.19
10,Weekend,157,Maspeth,Queens,1.19
10,Weekend,133,Kensington,Brooklyn,1.15
10,Weekend,241,Van Cortlandt Village,Bronx,1.12
10,Weekend,255,Williamsburg (North Side),Brooklyn,1.12
10,Weekend,218,Springfield Gardens North,Queens,1.08
10,Weekend,126,Hunts Point,Bronx,1.08
10,Weekend,127,Inwood,Manhattan,1.08
10,Weekend,28,Briarwood/Jamaica Hills,Queens,1.04
10,Weekend,250,Westchester Village/Unionport,Bronx,1.04
10,Weekend,78,East Tremont,Bronx,1.0
10,Weekend,219,Springfield Gardens South,Queens,0.96
10,Weekend,212,Soundview/Bruckner,Bronx,0.96
10,Weekend,205,Saint Albans,Queens,0.96
10,Weekend,189,Prospect Heights,Brooklyn,0.96
10,Weekend,248,West Farms/Bronx River,Bronx,0.96
10,Weekend,210,Sheepshead Bay,Brooklyn,0.92
10,Weekend,86,Far Rockaway,Queens,0.92
10,Weekend,18,Bedford Park,Bronx,0.92
10,Weekend,259,Woodlawn/Wakefield,Bronx,0.92
10,Weekend,40,Carroll Gardens,Brooklyn,0.92
10,Weekend,60,Crotona Park East,Bronx,0.88
10,Weekend,93,Flushing Meadows-Corona Park,Queens,0.88
10,Weekend,174,Norwood,Bronx,0.85
10,Weekend,160,Middle Village,Queens,0.85
10,Weekend,147,Longwood,Bronx,0.85
10,Weekend,165,Midwood,Brooklyn,0.85
10,Weekend,22,Bensonhurst West,Brooklyn,0.85
10,Weekend,196,Rego Park,Queens,0.77
10,Weekend,92,Flushing,Queens,0.77
10,Weekend,21,Bensonhurst East,Brooklyn,0.73
10,Weekend,32,Bronxdale,Bronx,0.73
10,Weekend,121,Hillcrest/Pomonok,Queens,0.73
10,Weekend,106,Gowanus,Brooklyn,0.69
10,Weekend,135,Kew Gardens Hills,Queens,0.69
10,Weekend,123,Homecrest,Brooklyn,0.69
10,Weekend,12,Battery Park,Manhattan,0.69
10,Weekend,208,Schuylerville/Edgewater Park,Bronx,0.65
10,Weekend,191,Queens Village,Queens,0.65
10,Weekend,108,Gravesend,Brooklyn,0.65
10,Weekend,257,Windsor Terrace,Brooklyn,0.65
10,Weekend,134,Kew Gardens,Queens,0.65
10,Weekend,102,Glendale,Queens,0.65
10,Weekend,47,Claremont/Bathgate,Bronx,0.62
10,Weekend,81,Eastchester,Bronx,0.58
10,Weekend,155,Marine Park/Mill Basin,Brooklyn,0.5
10,Weekend,265,Outside NYC,Unknown,0.5
10,Weekend,136,Kingsbridge Heights,Bronx,0.5
10,Weekend,203,Rosedale,Queens,0.5
10,Weekend,94,Fordham South,Bronx,0.5
10,Weekend,171,Murray Hill-Queens,Queens,0.46
10,Weekend,217,South Williamsburg,Brooklyn,0.46
10,Weekend,185,Pelham Parkway,Bronx,0.46
10,Weekend,124,Howard Beach,Queens,0.46
10,Weekend,29,Brighton Beach,Brooklyn,0.46
10,Weekend,131,Jamaica Estates,Queens,0.42
10,Weekend,180,Ozone Park,Queens,0.42
10,Weekend,173,North Corona,Queens,0.42
10,Weekend,227,Sunset Park East,Brooklyn,0.38
10,Weekend,242,Van Nest/Morris Park,Bronx,0.35
10,Weekend,190,Prospect Park,Brooklyn,0.35
10,Weekend,54,Columbia Street,Brooklyn,0.35
10,Weekend,149,Madison,Brooklyn,0.35
10,Weekend,122,Hollis,Queens,0.31
10,Weekend,3,Allerton/Pelham Gardens,Bronx,0.31
10,Weekend,200,Riverdale/North Riverdale/Fieldston,Bronx,0.31
10,Weekend,20,Belmont,Bronx,0.27
10,Weekend,150,Manhattan Beach,Brooklyn,0.27
10,Weekend,67,Dyker Heights,Brooklyn,0.27
10,Weekend,220,Spuyten Duyvil/Kingsbridge,Bronx,0.27
10,Weekend,101,Glen Oaks,Queens,0.27
10,Weekend,153,Marble Hill,Manhattan,0.23
10,Weekend,53,College Point,Queens,0.23
10,Weekend,183,Pelham Bay,Bronx,0.23
10,Weekend,15,Bay Terrace/Fort Totten,Queens,0.23
10,Weekend,64,Douglaston,Queens,0.23
10,Weekend,252,Whitestone,Queens,0.19
10,Weekend,38,Cambria Heights,Queens,0.19
10,Weekend,139,Laurelton,Queens,0.19
10,Weekend,194,Randalls Island,Manhattan,0.19
10,Weekend,192,Queensboro Hill,Queens,0.19
10,Weekend,59,Crotona Park,Bronx,0.15
10,Weekend,98,Fresh Meadows,Queens,0.15
10,Weekend,16,Bayside,Queens,0.15
10,Weekend,178,Ocean Parkway South,Brooklyn,0.15
10,Weekend,11,Bath Beach,Brooklyn,0.15
10,Weekend,175,Oakland Gardens,Queens,0.12
10,Weekend,128,Inwood Hill Park,Manhattan,0.12
10,Weekend,34,Brooklyn Navy Yard,Brooklyn,0.12
10,Weekend,19,Bellerose,Queens,0.12
10,Weekend,240,Van Cortlandt Park,Bronx,0.08
10,Weekend,202,Roosevelt Island,Manhattan,0.08
10,Weekend,8,Astoria Park,Queens,0.08
10,Weekend,9,Auburndale,Queens,0.08
10,Weekend,154,Marine Park/Floyd Bennett Field,Brooklyn,0.08
10,Weekend,120,Highbridge Park,Manhattan,0.08
10,Weekend,31,Bronx Park,Bronx,0.08
10,Weekend,207,Saint Michaels Cemetery/Woodside,Queens,0.08
10,Weekend,57,Corona,Queens,0.08
10,Weekend,184,Pelham Bay Park,Bronx,0.04
10,Weekend,6,Arrochar/Fort Wadsworth,Staten Island,0.04
10,Weekend,214,South Beach/Dongan Hills,Staten Island,0.04
10,Weekend,172,New Dorp/Midland Beach,Staten Island,0.04
10,Weekend,253,Willets Point,Queens,0.04
11,Weekend,236,Upper East Side North,Manhattan,262.23
11,Weekend,237,Upper East Side South,Manhattan,238.04
11,Weekend,186,Penn Station/Madison Sq West,Manhattan,237.92
11,Weekend,161,Midtown Center,Manhattan,204.42
11,Weekend,239,Upper West Side South,Manhattan,196.31
11,Weekend,230,Times Sq/Theatre District,Manhattan,182.69
11,Weekend,162,Midtown East,Manhattan,170.69
11,Weekend,142,Lincoln Square East,Manhattan,169.54
11,Weekend,170,Murray Hill,Manhattan,159.27
11,Weekend,141,Lenox Hill West,Manhattan,153.27
11,Weekend,238,Upper West Side North,Manhattan,146.12
11,Weekend,163,Midtown North,Manhattan,145.08
11,Weekend,68,East Chelsea,Manhattan,139.92
11,Weekend,263,Yorkville West,Manhattan,135.65
11,Weekend,234,Union Sq,Manhattan,128.23
11,Weekend,138,LaGuardia Airport,Queens,123.77
11,Weekend,229,Sutton Place/Turtle Bay North,Manhattan,115.12
11,Weekend,48,Clinton East,Manhattan,114.58
11,Weekend,132,JFK Airport,Queens,112.31
11,Weekend,107,Gramercy,Manhattan,111.54
11,Weekend,262,Yorkville East,Manhattan,109.19
11,Weekend,164,Midtown South,Manhattan,104.42
11,Weekend,140,Lenox Hill East,Manhattan,101.54
11,Weekend,43,Central Park,Manhattan,92.5
11,Weekend,90,Flatiron,Manhattan,91.08
11,Weekend,79,East Village,Manhattan,88.5
11,Weekend,143,Lincoln Square West,Manhattan,79.77
11,Weekend,246,West Chelsea/Hudson Yards,Manhattan,77.85
11,Weekend,233,UN/Turtle Bay South,Manhattan,75.5
11,Weekend,100,Garment District,Manhattan,75.31
11,Weekend,249,West Village,Manhattan,73.62
11,Weekend,113,Greenwich Village North,Manhattan,70.08
11,Weekend,151,Manhattan Valley,Manhattan,65.88
11,Weekend,231,TriBeCa/Civic Center,Manhattan,57.19
11,Weekend,137,Kips Bay,Manhattan,56.85
11,Weekend,75,East Harlem South,Manhattan,41.27
11,Weekend,114,Greenwich Village South,Manhattan,37.15
11,Weekend,144,Little Italy/NoLiTa,Manhattan,35.42
11,Weekend,261,World Trade Center,Manhattan,34.27
11,Weekend,50,Clinton West,Manhattan,34.12
11,Weekend,13,Battery Park City,Manhattan,32.88
11,Weekend,158,Meatpacking/West Village West,Manhattan,31.92
11,Weekend,166,Morningside Heights,Manhattan,31.42
11,Weekend,211,SoHo,Manhattan,30.85
11,Weekend,148,Lower East Side,Manhattan,30.54
11,Weekend,87,Financial District North,Manhattan,26.96
11,Weekend,125,Hudson Sq,Manhattan,23.04
11,Weekend,41,Central Harlem,Manhattan,21.5
11,Weekend,74,East Harlem North,Manhattan,19.46
11,Weekend,24,Bloomingdale,Manhattan,18.77
11,Weekend,224,Stuy Town/Peter Cooper Village,Manhattan,17.38
11,Weekend,70,East Elmhurst,Queens,15.42
11,Weekend,42,Central Harlem North,Manhattan,12.85
11,Weekend,264,Unknown,Unknown,12.19
11,Weekend,232,Two Bridges/Seward Park,Manhattan,9.04
11,Weekend,4,Alphabet City,Manhattan,8.73
11,Weekend,61,Crown Heights North,Brooklyn,8.62
11,Weekend,88,Financial District South,Manhattan,8.42
11,Weekend,116,Hamilton Heights,Manhattan,8.38
11,Weekend,209,Seaport,Manhattan,8.31
11,Weekend,145,Long Island City/Hunters Point,Queens,7.23
11,Weekend,45,Chinatown,Manhattan,7.19
11,Weekend,226,Sunnyside,Queens,7.08
11,Weekend,7,Astoria,Queens,6.46
11,Weekend,152,Manhattanville,Manhattan,5.38
11,Weekend,25,Boerum Hill,Brooklyn,5.12
11,Weekend,244,Washington Heights South,Manhattan,5.08
11,Weekend,225,Stuyvesant Heights,Brooklyn,5.04
11,Weekend,76,East New York,Brooklyn,4.96
11,Weekend,65,Downtown Brooklyn/MetroTech,Brooklyn,4.96
11,Weekend,146,Long Island City/Queens Plaza,Queens,4.35
11,Weekend,89,Flatbush/Ditmas Park,Brooklyn,4.23
11,Weekend,33,Brooklyn Heights,Brooklyn,4.19
11,Weekend,37,Bushwick South,Brooklyn,4.12
11,Weekend,35,Brownsville,Brooklyn,3.96
11,Weekend,168,Mott Haven/Port Morris,Bronx,3.88
11,Weekend,17,Bedford,Brooklyn,3.85
11,Weekend,97,Fort Greene,Brooklyn,3.77
11,Weekend,188,Prospect-Lefferts Gardens,Brooklyn,3.77
11,Weekend,39,Canarsie,Brooklyn,3.69
11,Weekend,179,Old Astoria,Queens,3.62
11,Weekend,216,South Ozone Park,Queens,3.35
11,Weekend,72,East Flatbush/Remsen Village,Brooklyn,3.08
11,Weekend,177,Ocean Hill,Brooklyn,3.0
11,Weekend,256,Williamsburg (South Side),Brooklyn,2.88
11,Weekend,12,Battery Park,Manhattan,2.77
11,Weekend,243,Washington Heights North,Manhattan,2.73
11,Weekend,49,Clinton Hill,Brooklyn,2.69
11,Weekend,193,Queensbridge/Ravenswood,Queens,2.69
11,Weekend,181,Park Slope,Brooklyn,2.65
11,Weekend,91,Flatlands,Brooklyn,2.62
11,Weekend,71,East Flatbush/Farragut,Brooklyn,2.62
11,Weekend,260,Woodside,Queens,2.42
11,Weekend,66,DUMBO/Vinegar Hill,Brooklyn,2.35
11,Weekend,130,Jamaica,Queens,2.27
11,Weekend,62,Crown Heights South,Brooklyn,2.27
11,Weekend,197,Richmond Hill,Queens,2.19
11,Weekend,213,Soundview/Castle Hill,Bronx,2.12
11,Weekend,223,Steinway,Queens,2.12
11,Weekend,129,Jackson Heights,Queens,2.08
11,Weekend,235,University Heights/Morris Heights,Bronx,2.04
11,Weekend,80,East Williamsburg,Brooklyn,2.0
11,Weekend,95,Forest Hills,Queens,1.96
11,Weekend,82,Elmhurst,Queens,1.88
11,Weekend,112,Greenpoint,Brooklyn,1.85
11,Weekend,247,West Concourse,Bronx,1.85
11,Weekend,159,Melrose South,Bronx,1.81
11,Weekend,83,Elmhurst/Maspeth,Queens,1.81
11,Weekend,215,South Jamaica,Queens,1.77
11,Weekend,189,Prospect Heights,Brooklyn,1.73
11,Weekend,157,Maspeth,Queens,1.69
11,Weekend,36,Bushwick North,Brooklyn,1.69
11,Weekend,198,Ridgewood,Queens,1.62
11,Weekend,85,Erasmus,Brooklyn,1.62
11,Weekend,14,Bay Ridge,Brooklyn,1.58
11,Weekend,10,Baisley Park,Queens,1.54
11,Weekend,69,East Concourse/Concourse Village,Bronx,1.5
11,Weekend,255,Williamsburg (North Side),Brooklyn,1.46
11,Weekend,63,Cypress Hills,Brooklyn,1.42
11,Weekend,77,East New York/Pennsylvania Avenue,Brooklyn,1.42
11,Weekend,169,Mount Hope,Bronx,1.38
11,Weekend,78,East Tremont,Bronx,1.38
11,Weekend,222,Starrett City,Brooklyn,1.35
11,Weekend,167,Morrisania/Melrose,Bronx,1.35
11,Weekend,52,Cobble Hill,Brooklyn,1.31
11,Weekend,228,Sunset Park West,Brooklyn,1.31
11,Weekend,55,Coney Island,Brooklyn,1.31
11,Weekend,47,Claremont/Bathgate,Bronx,1.31
11,Weekend,51,Co-Op City,Bronx,1.31
11,Weekend,258,Woodhaven,Queens,1.27
11,Weekend,212,Soundview/Bruckner,Bronx,1.23
11,Weekend,126,Hunts Point,Bronx,1.19
11,Weekend,218,Springfield Gardens North,Queens,1.15
11,Weekend,28,Briarwood/Jamaica Hills,Queens,1.12
11,Weekend,160,Middle Village,Queens,1.12
11,Weekend,133,Kensington,Brooklyn,1.08
11,Weekend,254,Williamsbridge/Olinville,Bronx,1.04
11,Weekend,219,Springfield Gardens South,Queens,1.04
11,Weekend,182,Parkchester,Bronx,1.0
11,Weekend,119,Highbridge,Bronx,1.0
11,Weekend,106,Gowanus,Brooklyn,1.0
11,Weekend,60,Crotona Park East,Bronx,0.96
11,Weekend,195,Red Hook,Brooklyn,0.92
11,Weekend,18,Bedford Park,Bronx,0.92
11,Weekend,147,Longwood,Bronx,0.92
11,Weekend,259,Woodlawn/Wakefield,Bronx,0.88
11,Weekend,22,Bensonhurst West,Brooklyn,0.88
11,Weekend,155,Marine Park/Mill Basin,Brooklyn,0.88
11,Weekend,81,Eastchester,Bronx,0.88
11,Weekend,86,Far Rockaway,Queens,0.85
11,Weekend,210,Sheepshead Bay,Brooklyn,0.85
11,Weekend,136,Kingsbridge Heights,Bronx,0.81
11,Weekend,165,Midwood,Brooklyn,0.81
11,Weekend,241,Van Cortlandt Village,Bronx,0.81
11,Weekend,40,Carroll Gardens,Brooklyn,0.77
11,Weekend,26,Borough Park,Brooklyn,0.77
11,Weekend,173,North Corona,Queens,0.77
11,Weekend,117,Hammels/Arverne,Queens,0.77
11,Weekend,127,Inwood,Manhattan,0.73
11,Weekend,196,Rego Park,Queens,0.73
11,Weekend,205,Saint Albans,Queens,0.69
11,Weekend,21,Bensonhurst East,Brooklyn,0.69
11,Weekend,134,Kew Gardens,Queens,0.65
11,Weekend,250,Westchester Village/Unionport,Bronx,0.65
11,Weekend,174,Norwood,Bronx,0.65
11,Weekend,217,South Williamsburg,Brooklyn,0.62
11,Weekend,121,Hillcrest/Pomonok,Queens,0.58
11,Weekend,202,Roosevelt Island,Manhattan,0.58
11,Weekend,248,West Farms/Bronx River,Bronx,0.54
11,Weekend,149,Madison,Brooklyn,0.54
11,Weekend,38,Cambria Heights,Queens,0.54
11,Weekend,29,Brighton Beach,Brooklyn,0.5
11,Weekend,32,Bronxdale,Bronx,0.5
11,Weekend,123,Homecrest,Brooklyn,0.5
11,Weekend,19,Bellerose,Queens,0.46
11,Weekend,102,Glendale,Queens,0.46
11,Weekend,227,Sunset Park East,Brooklyn,0.46
11,Weekend,220,Spuyten Duyvil/Kingsbridge,Bronx,0.46
11,Weekend,185,Pelham Parkway,Bronx,0.46
11,Weekend,93,Flushing Meadows-Corona Park,Queens,0.46
11,Weekend,56,Corona,Queens,0.46
11,Weekend,67,Dyker Heights,Brooklyn,0.46
11,Weekend,191,Queens Village,Queens,0.46
11,Weekend,94,Fordham South,Bronx,0.42
11,Weekend,124,Howard Beach,Queens,0.42
11,Weekend,92,Flushing,Queens,0.42
11,Weekend,108,Gravesend,Brooklyn,0.42
11,Weekend,203,Rosedale,Queens,0.38
11,Weekend,54,Columbia Street,Brooklyn,0.35
11,Weekend,122,Hollis,Queens,0.35
11,Weekend,135,Kew Gardens Hills,Queens,0.35
11,Weekend,257,Windsor Terrace,Brooklyn,0.35
11,Weekend,20,Belmont,Bronx,0.35
11,Weekend,3,Allerton/Pelham Gardens,Bronx,0.31
11,Weekend,265,Outside NYC,Unknown,0.31
11,Weekend,208,Schuylerville/Edgewater Park,Bronx,0.31
11,Weekend,252,Whitestone,Queens,0.31
11,Weekend,11,Bath Beach,Brooklyn,0.27
11,Weekend,178,Ocean Parkway South,Brooklyn,0.27
11,Weekend,180,Ozone Park,Queens,0.27
11,Weekend,150,Manhattan Beach,Brooklyn,0.27
11,Weekend,242,Van Nest/Morris Park,Bronx,0.27
11,Weekend,131,Jamaica Estates,Queens,0.27
11,Weekend,201,Rockaway Park,Queens,0.27
11,Weekend,200,Riverdale/North Riverdale/Fieldston,Bronx,0.23
11,Weekend,139,Laurelton,Queens,0.23
11,Weekend,190,Prospect Park,Brooklyn,0.23
11,Weekend,183,Pelham Bay,Bronx,0.23
11,Weekend,34,Brooklyn Navy Yard,Brooklyn,0.19
11,Weekend,9,Auburndale,Queens,0.19
11,Weekend,171,Murray Hill-Queens,Queens,0.19
11,Weekend,53,College Point,Queens,0.15
11,Weekend,240,Van Cortlandt Park,Bronx,0.15
11,Weekend,207,Saint Michaels Cemetery/Woodside,Queens,0.12
11,Weekend,194,Randalls Island,Manhattan,0.12
11,Weekend,6,Arrochar/Fort Wadsworth,Staten Island,0.12
11,Weekend,175,Oakland Gardens,Queens,0.12
11,Weekend,73,East Flushing,Queens,0.08
11,Weekend,15,Bay Terrace/Fort Totten,Queens,0.08
11,Weekend,98,Fresh Meadows,Queens,0.08
11,Weekend,153,Marble Hill,Manhattan,0.08
11,Weekend,58,Country Club,Bronx,0.08
11,Weekend,154,Marine Park/Floyd Bennett Field,Brooklyn,0.08
11,Weekend,192,Queensboro Hill,Queens,0.04
11,Weekend,57,Corona,Queens,0.04
11,Weekend,253,Willets Point,Queens,0.04
11,Weekend,96,Forest Park/Highland Park,Queens,0.04
11,Weekend,31,Bronx Park,Bronx,0.04
11,Weekend,1,Newark Airport,EWR,0.04
11,Weekend,221,Stapleton,Staten Island,0.04
11,Weekend,16,Bayside,Queens,0.04
11,Weekend,128,Inwood Hill Park,Manhattan,0.04
12,Weekend,236,Upper East Side North,Manhattan,310.31
12,Weekend,237,Upper East Side South,Manhattan,287.42
12,Weekend,186,Penn Station/Madison Sq West,Manhattan,240.04
12,Weekend,161,Midtown Center,Manhattan,233.54
12,Weekend,239,Upper West Side South,Manhattan,229.08
12,Weekend,142,Lincoln Square East,Manhattan,195.73
12,Weekend,162,Midtown East,Manhattan,185.58
12,Weekend,230,Times Sq/Theatre District,Manhattan,178.42
12,Weekend,141,Lenox Hill West,Manhattan,168.08
12,Weekend,170,Murray Hill,Manhattan,165.96
12,Weekend,132,JFK Airport,Queens,160.69
12,Weekend,163,Midtown North,Manhattan,159.73
12,Weekend,234,Union Sq,Manhattan,159.69
12,Weekend,68,East Chelsea,Manhattan,155.0
12,Weekend,238,Upper West Side North,Manhattan,152.5
12,Weekend,263,Yorkville West,Manhattan,144.58
12,Weekend,138,LaGuardia Airport,Queens,133.65
12,Weekend,43,Central Park,Manhattan,123.5
12,Weekend,229,Sutton Place/Turtle Bay North,Manhattan,122.35
12,Weekend,107,Gramercy,Manhattan,121.12
12,Weekend,48,Clinton East,Manhattan,120.5
12,Weekend,164,Midtown South,Manhattan,117.69
12,Weekend,140,Lenox Hill East,Manhattan,117.04
12,Weekend,246,West Chelsea/Hudson Yards,Manhattan,109.5
12,Weekend,262,Yorkville East,Manhattan,108.23
12,Weekend,79,East Village,Manhattan,99.73
12,Weekend,90,Flatiron,Manhattan,99.46
12,Weekend,249,West Village,Manhattan,92.46
12,Weekend,113,Greenwich Village North,Manhattan,89.12
12,Weekend,143,Lincoln Square West,Manhattan,86.77
12,Weekend,100,Garment District,Manhattan,80.12
12,Weekend,233,UN/Turtle Bay South,Manhattan,77.08
12,Weekend,231,TriBeCa/Civic Center,Manhattan,71.15
12,Weekend,151,Manhattan Valley,Manhattan,68.62
12,Weekend,137,Kips Bay,Manhattan,62.46
12,Weekend,114,Greenwich Village South,Manhattan,51.85
12,Weekend,144,Little Italy/NoLiTa,Manhattan,51.08
12,Weekend,211,SoHo,Manhattan,45.35
12,Weekend,158,Meatpacking/West Village West,Manhattan,44.77
12,Weekend,261,World Trade Center,Manhattan,43.0
12,Weekend,75,East Harlem South,Manhattan,41.69
12,Weekend,50,Clinton West,Manhattan,41.19
12,Weekend,166,Morningside Heights,Manhattan,39.65
12,Weekend,13,Battery Park City,Manhattan,38.15
12,Weekend,148,Lower East Side,Manhattan,37.77
12,Weekend,87,Financial District North,Manhattan,34.38
12,Weekend,41,Central Harlem,Manhattan,26.85
12,Weekend,125,Hudson Sq,Manhattan,25.69
12,Weekend,74,East Harlem North,Manhattan,22.88
12,Weekend,24,Bloomingdale,Manhattan,20.77
12,Weekend,70,East Elmhurst,Queens,19.12
12,Weekend,42,Central Harlem North,Manhattan,16.5
12,Weekend,88,Financial District South,Manhattan,14.23
12,Weekend,224,Stuy Town/Peter Cooper Village,Manhattan,14.12
12,Weekend,264,Unknown,Unknown,13.08
12,Weekend,232,Two Bridges/Seward Park,Manhattan,10.12
12,Weekend,61,Crown Heights North,Brooklyn,9.65
12,Weekend,4,Alphabet City,Manhattan,9.62
12,Weekend,116,Hamilton Heights,Manhattan,9.58
12,Weekend,145,Long Island City/Hunters Point,Queens,9.15
12,Weekend,45,Chinatown,Manhattan,9.04
12,Weekend,209,Seaport,Manhattan,8.38
12,Weekend,152,Manhattanville,Manhattan,6.58
12,Weekend,226,Sunnyside,Queens,6.04
12,Weekend,76,East New York,Brooklyn,5.62
12,Weekend,65,Downtown Brooklyn/MetroTech,Brooklyn,5.5
12,Weekend,7,Astoria,Queens,5.46
12,Weekend,244,Washington Heights South,Manhattan,5.42
12,Weekend,225,Stuyvesant Heights,Brooklyn,5.0
12,Weekend,37,Bushwick South,Brooklyn,4.77
12,Weekend,188,Prospect-Lefferts Gardens,Brooklyn,4.42
12,Weekend,35,Brownsville,Brooklyn,4.23
12,Weekend,146,Long Island City/Queens Plaza,Queens,4.19
12,Weekend,25,Boerum Hill,Brooklyn,4.19
12,Weekend,33,Brooklyn Heights,Brooklyn,4.08
12,Weekend,97,Fort Greene,Brooklyn,4.0
12,Weekend,12,Battery Park,Manhattan,4.0
12,Weekend,39,Canarsie,Brooklyn,3.92
12,Weekend,89,Flatbush/Ditmas Park,Brooklyn,3.62
12,Weekend,17,Bedford,Brooklyn,3.62
12,Weekend,216,South Ozone Park,Queens,3.5
12,Weekend,179,Old Astoria,Queens,3.23
12,Weekend,66,DUMBO/Vinegar Hill,Brooklyn,3.15
12,Weekend,49,Clinton Hill,Brooklyn,3.15
12,Weekend,72,East Flatbush/Remsen Village,Brooklyn,3.15
12,Weekend,243,Washington Heights North,Manhattan,3.12
12,Weekend,130,Jamaica,Queens,3.12
12,Weekend,181,Park Slope,Brooklyn,3.08
12,Weekend,177,Ocean Hill,Brooklyn,3.08
12,Weekend,71,East Flatbush/Farragut,Brooklyn,3.04
12,Weekend,222,Starrett City,Brooklyn,3.04
12,Weekend,168,Mott Haven/Port Morris,Bronx,2.81
12,Weekend,129,Jackson Heights,Queens,2.81
12,Weekend,193,Queensbridge/Ravenswood,Queens,2.65
12,Weekend,62,Crown Heights South,Brooklyn,2.5
12,Weekend,112,Greenpoint,Brooklyn,2.46
12,Weekend,256,Williamsburg (South Side),Brooklyn,2.38
12,Weekend,247,West Concourse,Bronx,2.12
12,Weekend,197,Richmond Hill,Queens,2.12
12,Weekend,95,Forest Hills,Queens,2.08
12,Weekend,91,Flatlands,Brooklyn,2.08
12,Weekend,80,East Williamsburg,Brooklyn,1.96
12,Weekend,255,Williamsburg (North Side),Brooklyn,1.92
12,Weekend,167,Morrisania/Melrose,Bronx,1.92
12,Weekend,215,South Jamaica,Queens,1.85
12,Weekend,228,Sunset Park West,Brooklyn,1.85
12,Weekend,159,Melrose South,Bronx,1.81
12,Weekend,260,Woodside,Queens,1.81
12,Weekend,223,Steinway,Queens,1.69
12,Weekend,10,Baisley Park,Queens,1.62
12,Weekend,82,Elmhurst,Queens,1.62
12,Weekend,77,East New York/Pennsylvania Avenue,Brooklyn,1.58
12,Weekend,198,Ridgewood,Queens,1.58
12,Weekend,258,Woodhaven,Queens,1.5
12,Weekend,36,Bushwick North,Brooklyn,1.46
12,Weekend,189,Prospect Heights,Brooklyn,1.46
12,Weekend,28,Briarwood/Jamaica Hills,Queens,1.42
12,Weekend,55,Coney Island,Brooklyn,1.38
12,Weekend,169,Mount Hope,Bronx,1.35
12,Weekend,235,University Heights/Morris Heights,Bronx,1.35
12,Weekend,69,East Concourse/Concourse Village,Bronx,1.31
12,Weekend,85,Erasmus,Brooklyn,1.27
12,Weekend,254,Williamsbridge/Olinville,Bronx,1.23
12,Weekend,213,Soundview/Castle Hill,Bronx,1.19
12,Weekend,133,Kensington,Brooklyn,1.19
12,Weekend,119,Highbridge,Bronx,1.19
12,Weekend,218,Springfield Gardens North,Queens,1.15
12,Weekend,52,Cobble Hill,Brooklyn,1.12
12,Weekend,157,Maspeth,Queens,1.08
12,Weekend,60,Crotona Park East,Bronx,1.04
12,Weekend,210,Sheepshead Bay,Brooklyn,1.04
12,Weekend,182,Parkchester,Bronx,1.04
12,Weekend,205,Saint Albans,Queens,1.04
12,Weekend,196,Rego Park,Queens,1.0
12,Weekend,14,Bay Ridge,Brooklyn,1.0
12,Weekend,63,Cypress Hills,Brooklyn,0.96
12,Weekend,241,Van Cortlandt Village,Bronx,0.96
12,Weekend,212,Soundview/Bruckner,Bronx,0.96
12,Weekend,22,Bensonhurst West,Brooklyn,0.92
12,Weekend,40,Carroll Gardens,Brooklyn,0.92
12,Weekend,93,Flushing Meadows-Corona Park,Queens,0.92
12,Weekend,155,Marine Park/Mill Basin,Brooklyn,0.88
12,Weekend,47,Claremont/Bathgate,Bronx,0.88
12,Weekend,147,Longwood,Bronx,0.85
12,Weekend,51,Co-Op City,Bronx,0.85
12,Weekend,126,Hunts Point,Bronx,0.85
12,Weekend,18,Bedford Park,Bronx,0.85
12,Weekend,248,West Farms/Bronx River,Bronx,0.85
12,Weekend,257,Windsor Terrace,Brooklyn,0.85
12,Weekend,92,Flushing,Queens,0.85
12,Weekend,86,Far Rockaway,Queens,0.81
12,Weekend,134,Kew Gardens,Queens,0.81
12,Weekend,117,Hammels/Arverne,Queens,0.77
12,Weekend,165,Midwood,Brooklyn,0.77
12,Weekend,195,Red Hook,Brooklyn,0.77
12,Weekend,136,Kingsbridge Heights,Bronx,0.77
12,Weekend,227,Sunset Park East,Brooklyn,0.77
12,Weekend,56,Corona,Queens,0.73
12,Weekend,108,Gravesend,Brooklyn,0.69
12,Weekend,26,Borough Park,Brooklyn,0.69
12,Weekend,259,Woodlawn/Wakefield,Bronx,0.69
12,Weekend,127,Inwood,Manhattan,0.69
12,Weekend,219,Springfield Gardens South,Queens,0.65
12,Weekend,131,Jamaica Estates,Queens,0.65
12,Weekend,81,Eastchester,Bronx,0.65
12,Weekend,78,East Tremont,Bronx,0.65
12,Weekend,124,Howard Beach,Queens,0.62
12,Weekend,123,Homecrest,Brooklyn,0.62
12,Weekend,191,Queens Village,Queens,0.58
12,Weekend,242,Van Nest/Morris Park,Bronx,0.58
12,Weekend,160,Middle Village,Queens,0.54
12,Weekend,121,Hillcrest/Pomonok,Queens,0.54
12,Weekend,185,Pelham Parkway,Bronx,0.5
12,Weekend,202,Roosevelt Island,Manhattan,0.46
12,Weekend,83,Elmhurst/Maspeth,Queens,0.46
12,Weekend,173,North Corona,Queens,0.46
12,Weekend,149,Madison,Brooklyn,0.46
12,Weekend,265,Outside NYC,Unknown,0.42
12,Weekend,190,Prospect Park,Brooklyn,0.42
12,Weekend,220,Spuyten Duyvil/Kingsbridge,Bronx,0.42
12,Weekend,29,Brighton Beach,Brooklyn,0.42
12,Weekend,250,Westchester Village/Unionport,Bronx,0.42
12,Weekend,21,Bensonhurst East,Brooklyn,0.38
12,Weekend,208,Schuylerville/Edgewater Park,Bronx,0.38
12,Weekend,174,Norwood,Bronx,0.38
12,Weekend,38,Cambria Heights,Queens,0.38
12,Weekend,217,South Williamsburg,Brooklyn,0.38
12,Weekend,20,Belmont,Bronx,0.38
12,Weekend,94,Fordham South,Bronx,0.38
12,Weekend,180,Ozone Park,Queens,0.38
12,Weekend,171,Murray Hill-Queens,Queens,0.35
12,Weekend,67,Dyker Heights,Brooklyn,0.31
12,Weekend,19,Bellerose,Queens,0.31
12,Weekend,200,Riverdale/North Riverdale/Fieldston,Bronx,0.31
12,Weekend,3,Allerton/Pelham Gardens,Bronx,0.31
12,Weekend,32,Bronxdale,Bronx,0.31
12,Weekend,135,Kew Gardens Hills,Queens,0.31
12,Weekend,34,Brooklyn Navy Yard,Brooklyn,0.31
12,Weekend,153,Marble Hill,Manhattan,0.27
12,Weekend,106,Gowanus,Brooklyn,0.27
12,Weekend,122,Hollis,Queens,0.27
12,Weekend,102,Glendale,Queens,0.27
12,Weekend,11,Bath Beach,Brooklyn,0.23
12,Weekend,139,Laurelton,Queens,0.23
12,Weekend,203,Rosedale,Queens,0.23
12,Weekend,201,Rockaway Park,Queens,0.19
12,Weekend,240,Van Cortlandt Park,Bronx,0.19
12,Weekend,101,Glen Oaks,Queens,0.19
12,Weekend,192,Queensboro Hill,Queens,0.19
12,Weekend,194,Randalls Island,Manhattan,0.19
12,Weekend,54,Columbia Street,Brooklyn,0.19
12,Weekend,175,Oakland Gardens,Queens,0.15
12,Weekend,31,Bronx Park,Bronx,0.15
12,Weekend,9,Auburndale,Queens,0.15
12,Weekend,183,Pelham Bay,Bronx,0.15
12,Weekend,53,College Point,Queens,0.15
12,Weekend,178,Ocean Parkway South,Brooklyn,0.12
12,Weekend,6,Arrochar/Fort Wadsworth,Staten Island,0.12
12,Weekend,96,Forest Park/Highland Park,Queens,0.12
12,Weekend,253,Willets Point,Queens,0.12
12,Weekend,150,Manhattan Beach,Brooklyn,0.12
12,Weekend,128,Inwood Hill Park,Manhattan,0.12
12,Weekend,64,Douglaston,Queens,0.12
12,Weekend,16,Bayside,Queens,0.12
12,Weekend,59,Crotona Park,Bronx,0.08
12,Weekend,252,Whitestone,Queens,0.08
12,Weekend,214,South Beach/Dongan Hills,Staten Island,0.08
12,Weekend,111,Green-Wood Cemetery,Brooklyn,0.08
12,Weekend,98,Fresh Meadows,Queens,0.08
12,Weekend,207,Saint Michaels Cemetery/Woodside,Queens,0.08
12,Weekend,15,Bay Terrace/Fort Totten,Queens,0.04
12,Weekend,206,Saint George/New Brighton,Staten Island,0.04
12,Weekend,115,Grymes Hill/Clifton,Staten Island,0.04
12,Weekend,58,Country Club,Bronx,0.04
12,Weekend,8,Astoria Park,Queens,0.04
12,Weekend,118,Heartland Village/Todt Hill,Staten Island,0.04
12,Weekend,1,Newark Airport,EWR,0.04
12,Weekend,245,West Brighton,Staten Island,0.04
12,Weekend,172,New Dorp/Midland Beach,Staten Island,0.04
12,Weekend,57,Corona,Queens,0.04
12,Weekend,73,East Flushing,Queens,0.04
13,Weekend,237,Upper East Side South,Manhattan,314.15
13,Weekend,236,Upper East Side North,Manhattan,308.54
13,Weekend,186,Penn Station/Madison Sq West,Manhattan,278.0
13,Weekend,161,Midtown Center,Manhattan,255.08
13,Weekend,239,Upper West Side South,Manhattan,245.35
13,Weekend,142,Lincoln Square East,Manhattan,205.0
13,Weekend,132,JFK Airport,Queens,197.5
13,Weekend,68,East Chelsea,Manhattan,179.81
13,Weekend,234,Union Sq,Manhattan,179.58
13,Weekend,163,Midtown North,Manhattan,178.23
13,Weekend,141,Lenox Hill West,Manhattan,174.65
13,Weekend,162,Midtown East,Manhattan,171.42
13,Weekend,170,Murray Hill,Manhattan,169.81
13,Weekend,230,Times Sq/Theatre District,Manhattan,167.46
13,Weekend,238,Upper West Side North,Manhattan,153.46
13,Weekend,43,Central Park,Manhattan,147.96
13,Weekend,138,LaGuardia Airport,Queens,143.81
13,Weekend,263,Yorkville West,Manhattan,141.69
13,Weekend,246,West Chelsea/Hudson Yards,Manhattan,138.31
13,Weekend,229,Sutton Place/Turtle Bay North,Manhattan,128.0
13,Weekend,164,Midtown South,Manhattan,127.42
13,Weekend,107,Gramercy,Manhattan,122.62
13,Weekend,48,Clinton East,Manhattan,118.73
13,Weekend,140,Lenox Hill East,Manhattan,117.08
13,Weekend,249,West Village,Manhattan,116.65
13,Weekend,79,East Village,Manhattan,114.5
13,Weekend,90,Flatiron,Manhattan,105.73
13,Weekend,262,Yorkville East,Manhattan,98.77
13,Weekend,113,Greenwich Village North,Manhattan,95.04
13,Weekend,100,Garment District,Manhattan,84.31
13,Weekend,143,Lincoln Square West,Manhattan,84.19
13,Weekend,233,UN/Turtle Bay South,Manhattan,76.08
13,Weekend,151,Manhattan Valley,Manhattan,74.54
13,Weekend,231,TriBeCa/Civic Center,Manhattan,73.0
13,Weekend,144,Little Italy/NoLiTa,Manhattan,69.0
13,Weekend,137,Kips Bay,Manhattan,65.5
13,Weekend,211,SoHo,Manhattan,61.92
13,Weekend,114,Greenwich Village South,Manhattan,61.81
13,Weekend,158,Meatpacking/West Village West,Manhattan,53.31
13,Weekend,261,World Trade Center,Manhattan,46.04
13,Weekend,75,East Harlem South,Manhattan,44.5
13,Weekend,148,Lower East Side,Manhattan,44.15
13,Weekend,13,Battery Park City,Manhattan,39.88
13,Weekend,166,Morningside Heights,Manhattan,37.31
13,Weekend,50,Clinton West,Manhattan,37.31
13,Weekend,87,Financial District North,Manhattan,34.0
13,Weekend,41,Central Harlem,Manhattan,31.62
13,Weekend,125,Hudson Sq,Manhattan,30.31
13,Weekend,74,East Harlem North,Manhattan,25.04
13,Weekend,24,Bloomingdale,Manhattan,22.77
13,Weekend,42,Central Harlem North,Manhattan,17.0
13,Weekend,88,Financial District South,Manhattan,16.58
13,Weekend,70,East Elmhurst,Queens,16.42
13,Weekend,264,Unknown,Unknown,15.0
13,Weekend,224,Stuy Town/Peter Cooper Village,Manhattan,13.88
13,Weekend,45,Chinatown,Manhattan,12.15
13,Weekend,232,Two Bridges/Seward Park,Manhattan,11.23
13,Weekend,209,Seaport,Manhattan,10.88
13,Weekend,4,Alphabet City,Manhattan,9.54
13,Weekend,116,Hamilton Heights,Manhattan,8.85
13,Weekend,61,Crown Heights North,Brooklyn,8.62
13,Weekend,145,Long Island City/Hunters Point,Queens,8.58
13,Weekend,244,Washington Heights South,Manhattan,8.12
13,Weekend,152,Manhattanville,Manhattan,7.96
13,Weekend,226,Sunnyside,Queens,7.65
13,Weekend,76,East New York,Brooklyn,6.15
13,Weekend,65,Downtown Brooklyn/MetroTech,Brooklyn,6.15
13,Weekend,7,Astoria,Queens,6.12
13,Weekend,33,Brooklyn Heights,Brooklyn,6.0
13,Weekend,225,Stuyvesant Heights,Brooklyn,5.12
13,Weekend,12,Battery Park,Manhattan,4.92
13,Weekend,66,DUMBO/Vinegar Hill,Brooklyn,4.62
13,Weekend,25,Boerum Hill,Brooklyn,4.58
13,Weekend,17,Bedford,Brooklyn,4.46
13,Weekend,35,Brownsville,Brooklyn,4.46
13,Weekend,89,Flatbush/Ditmas Park,Brooklyn,4.46
13,Weekend,146,Long Island City/Queens Plaza,Queens,4.42
13,Weekend,216,South Ozone Park,Queens,4.38
13,Weekend,97,Fort Greene,Brooklyn,4.31
13,Weekend,37,Bushwick South,Brooklyn,4.19
13,Weekend,130,Jamaica,Queens,4.15
13,Weekend,188,Prospect-Lefferts Gardens,Brooklyn,4.0
13,Weekend,39,Canarsie,Brooklyn,3.88
13,Weekend,168,Mott Haven/Port Morris,Bronx,3.69
13,Weekend,181,Park Slope,Brooklyn,3.46
13,Weekend,243,Washington Heights North,Manhattan,3.42
13,Weekend,49,Clinton Hill,Brooklyn,3.35
13,Weekend,129,Jackson Heights,Queens,3.31
13,Weekend,177,Ocean Hill,Brooklyn,3.12
13,Weekend,179,Old Astoria,Queens,3.08
13,Weekend,197,Richmond Hill,Queens,3.0
13,Weekend,62,Crown Heights South,Brooklyn,2.85
13,Weekend,72,East Flatbush/Remsen Village,Brooklyn,2.77
13,Weekend,80,East Williamsburg,Brooklyn,2.69
13,Weekend,256,Williamsburg (South Side),Brooklyn,2.58
13,Weekend,91,Flatlands,Brooklyn,2.5
13,Weekend,112,Greenpoint,Brooklyn,2.5
13,Weekend,193,Queensbridge/Ravenswood,Queens,2.35
13,Weekend,255,Williamsburg (North Side),Brooklyn,2.35
13,Weekend,36,Bushwick North,Brooklyn,2.27
13,Weekend,260,Woodside,Queens,2.27
13,Weekend,159,Melrose South,Bronx,2.23
13,Weekend,10,Baisley Park,Queens,2.15
13,Weekend,189,Prospect Heights,Brooklyn,2.15
13,Weekend,69,East Concourse/Concourse Village,Bronx,2.15
13,Weekend,82,Elmhurst,Queens,2.12
13,Weekend,215,South Jamaica,Queens,2.12
13,Weekend,85,Erasmus,Brooklyn,2.04
13,Weekend,254,Williamsbridge/Olinville,Bronx,2.04
13,Weekend,247,West Concourse,Bronx,1.92
13,Weekend,71,East Flatbush/Farragut,Brooklyn,1.88
13,Weekend,223,Steinway,Queens,1.85
13,Weekend,95,Forest Hills,Queens,1.81
13,Weekend,213,Soundview/Castle Hill,Bronx,1.77
13,Weekend,28,Briarwood/Jamaica Hills,Queens,1.73
13,Weekend,258,Woodhaven,Queens,1.73
13,Weekend,52,Cobble Hill,Brooklyn,1.73
13,Weekend,182,Parkchester,Bronx,1.69
13,Weekend,63,Cypress Hills,Brooklyn,1.62
13,Weekend,198,Ridgewood,Queens,1.62
13,Weekend,14,Bay Ridge,Brooklyn,1.58
13,Weekend,167,Morrisania/Melrose,Bronx,1.54
13,Weekend,205,Saint Albans,Queens,1.54
13,Weekend,47,Claremont/Bathgate,Bronx,1.46
13,Weekend,78,East Tremont,Bronx,1.46
13,Weekend,169,Mount Hope,Bronx,1.46
13,Weekend,77,East New York/Pennsylvania Avenue,Brooklyn,1.42
13,Weekend,119,Highbridge,Bronx,1.42
13,Weekend,228,Sunset Park West,Brooklyn,1.42
13,Weekend,235,University Heights/Morris Heights,Bronx,1.35
13,Weekend,212,Soundview/Bruckner,Bronx,1.27
13,Weekend,56,Corona,Queens,1.19
13,Weekend,250,Westchester Village/Unionport,Bronx,1.12
13,Weekend,218,Springfield Gardens North,Queens,1.08
13,Weekend,155,Marine Park/Mill Basin,Brooklyn,1.04
13,Weekend,196,Rego Park,Queens,1.04
13,Weekend,51,Co-Op City,Bronx,1.04
13,Weekend,133,Kensington,Brooklyn,1.04
13,Weekend,83,Elmhurst/Maspeth,Queens,1.0
13,Weekend,60,Crotona Park East,Bronx,0.92
13,Weekend,127,Inwood,Manhattan,0.92
13,Weekend,222,Starrett City,Brooklyn,0.92
13,Weekend,86,Far Rockaway,Queens,0.88
13,Weekend,126,Hunts Point,Bronx,0.88
13,Weekend,147,Longwood,Bronx,0.88
13,Weekend,102,Glendale,Queens,0.88
13,Weekend,26,Borough Park,Brooklyn,0.88
13,Weekend,248,West Farms/Bronx River,Bronx,0.88
13,Weekend,92,Flushing,Queens,0.85
13,Weekend,241,Van Cortlandt Village,Bronx,0.81
13,Weekend,208,Schuylerville/Edgewater Park,Bronx,0.81
13,Weekend,180,Ozone Park,Queens,0.81
13,Weekend,55,Coney Island,Brooklyn,0.77
13,Weekend,174,Norwood,Bronx,0.77
13,Weekend,121,Hillcrest/Pomonok,Queens,0.77
13,Weekend,93,Flushing Meadows-Corona Park,Queens,0.77
13,Weekend,134,Kew Gardens,Queens,0.77
13,Weekend,22,Bensonhurst West,Brooklyn,0.77
13,Weekend,242,Van Nest/Morris Park,Bronx,0.73
13,Weekend,123,Homecrest,Brooklyn,0.73
13,Weekend,32,Bronxdale,Bronx,0.73
13,Weekend,210,Sheepshead Bay,Brooklyn,0.69
13,Weekend,18,Bedford Park,Bronx,0.69
13,Weekend,173,North Corona,Queens,0.69
13,Weekend,160,Middle Village,Queens,0.69
13,Weekend,259,Woodlawn/Wakefield,Bronx,0.69
13,Weekend,94,Fordham South,Bronx,0.69
13,Weekend,217,South Williamsburg,Brooklyn,0.65
13,Weekend,265,Outside NYC,Unknown,0.65
13,Weekend,124,Howard Beach,Queens,0.65
13,Weekend,195,Red Hook,Brooklyn,0.62
13,Weekend,136,Kingsbridge Heights,Bronx,0.62
13,Weekend,106,Gowanus,Brooklyn,0.62
13,Weekend,157,Maspeth,Queens,0.62
13,Weekend,257,Windsor Terrace,Brooklyn,0.58
13,Weekend,185,Pelham Parkway,Bronx,0.58
13,Weekend,21,Bensonhurst East,Brooklyn,0.58
13,Weekend,165,Midwood,Brooklyn,0.58
13,Weekend,219,Springfield Gardens South,Queens,0.54
13,Weekend,135,Kew Gardens Hills,Queens,0.54
13,Weekend,19,Bellerose,Queens,0.54
13,Weekend,220,Spuyten Duyvil/Kingsbridge,Bronx,0.54
13,Weekend,81,Eastchester,Bronx,0.5
13,Weekend,38,Cambria Heights,Queens,0.5
13,Weekend,131,Jamaica Estates,Queens,0.5
13,Weekend,117,Hammels/Arverne,Queens,0.5
13,Weekend,227,Sunset Park East,Brooklyn,0.5
13,Weekend,20,Belmont,Bronx,0.46
13,Weekend,202,Roosevelt Island,Manhattan,0.46
13,Weekend,40,Carroll Gardens,Brooklyn,0.46
13,Weekend,29,Brighton Beach,Brooklyn,0.46
13,Weekend,190,Prospect Park,Brooklyn,0.42
13,Weekend,191,Queens Village,Queens,0.38
13,Weekend,139,Laurelton,Queens,0.38
13,Weekend,34,Brooklyn Navy Yard,Brooklyn,0.38
13,Weekend,149,Madison,Brooklyn,0.38
13,Weekend,67,Dyker Heights,Brooklyn,0.35
13,Weekend,252,Whitestone,Queens,0.35
13,Weekend,108,Gravesend,Brooklyn,0.35
13,Weekend,207,Saint Michaels Cemetery/Woodside,Queens,0.35
13,Weekend,122,Hollis,Queens,0.31
13,Weekend,153,Marble Hill,Manhattan,0.27
13,Weekend,53,College Point,Queens,0.27
13,Weekend,98,Fresh Meadows,Queens,0.27
13,Weekend,6,Arrochar/Fort Wadsworth,Staten Island,0.23
13,Weekend,171,Murray Hill-Queens,Queens,0.23
13,Weekend,203,Rosedale,Queens,0.23
13,Weekend,3,Allerton/Pelham Gardens,Bronx,0.23
13,Weekend,11,Bath Beach,Brooklyn,0.23
13,Weekend,240,Van Cortlandt Park,Bronx,0.19
13,Weekend,15,Bay Terrace/Fort Totten,Queens,0.15
13,Weekend,194,Randalls Island,Manhattan,0.15
13,Weekend,192,Queensboro Hill,Queens,0.15
13,Weekend,64,Douglaston,Queens,0.15
13,Weekend,101,Glen Oaks,Queens,0.15
13,Weekend,150,Manhattan Beach,Brooklyn,0.12
13,Weekend,175,Oakland Gardens,Queens,0.12
13,Weekend,201,Rockaway Park,Queens,0.12
13,Weekend,54,Columbia Street,Brooklyn,0.12
13,Weekend,16,Bayside,Queens,0.12
13,Weekend,184,Pelham Bay Park,Bronx,0.12
13,Weekend,96,Forest Park/Highland Park,Queens,0.12
13,Weekend,128,Inwood Hill Park,Manhattan,0.08
13,Weekend,31,Bronx Park,Bronx,0.08
13,Weekend,178,Ocean Parkway South,Brooklyn,0.08
13,Weekend,73,East Flushing,Queens,0.08
13,Weekend,57,Corona,Queens,0.08
13,Weekend,183,Pelham Bay,Bronx,0.08
13,Weekend,200,Riverdale/North Riverdale/Fieldston,Bronx,0.08
13,Weekend,253,Willets Point,Queens,0.08
13,Weekend,120,Highbridge Park,Manhattan,0.04
13,Weekend,154,Marine Park/Floyd Bennett Field,Brooklyn,0.04
13,Weekend,9,Auburndale,Queens,0.04
13,Weekend,58,Country Club,Bronx,0.04
13,Weekend,206,Saint George/New Brighton,Staten Island,0.04
13,Weekend,115,Grymes Hill/Clifton,Staten Island,0.04
13,Weekend,172,New Dorp/Midland Beach,Staten Island,0.04
13,Weekend,46,City Island,Bronx,0.04
13,Weekend,221,Stapleton,Staten Island,0.04
13,Weekend,1,Newark Airport,EWR,0.04
14,Weekend,237,Upper East Side South,Manhattan,326.31
14,Weekend,236,Upper East Side North,Manhattan,309.27
14,Weekend,132,JFK Airport,Queens,266.27
14,Weekend,161,Midtown Center,Manhattan,260.38
14,Weekend,186,Penn Station/Madison Sq West,Manhattan,242.42
14,Weekend,239,Upper West Side South,Manhattan,233.96
14,Weekend,138,LaGuardia Airport,Queens,209.38
14,Weekend,142,Lincoln Square East,Manhattan,206.73
14,Weekend,234,Union Sq,Manhattan,195.08
14,Weekend,163,Midtown North,Manhattan,180.42
14,Weekend,68,East Chelsea,Manhattan,179.46
14,Weekend,141,Lenox Hill West,Manhattan,167.08
14,Weekend,162,Midtown East,Manhattan,165.15
14,Weekend,230,Times Sq/Theatre District,Manhattan,162.88
14,Weekend,170,Murray Hill,Manhattan,158.62
14,Weekend,246,West Chelsea/Hudson Yards,Manhattan,158.42
14,Weekend,43,Central Park,Manhattan,152.04
14,Weekend,238,Upper West Side North,Manhattan,134.96
14,Weekend,263,Yorkville West,Manhattan,129.85
14,Weekend,164,Midtown South,Manhattan,128.04
14,Weekend,107,Gramercy,Manhattan,127.04
14,Weekend,249,West Village,Manhattan,127.0
14,Weekend,79,East Village,Manhattan,125.96
14,Weekend,48,Clinton East,Manhattan,112.73
14,Weekend,90,Flatiron,Manhattan,111.96
14,Weekend,140,Lenox Hill East,Manhattan,111.88
14,Weekend,229,Sutton Place/Turtle Bay North,Manhattan,105.96
14,Weekend,113,Greenwich Village North,Manhattan,105.65
14,Weekend,262,Yorkville East,Manhattan,88.58
14,Weekend,144,Little Italy/NoLiTa,Manhattan,87.04
14,Weekend,100,Garment District,Manhattan,85.54
14,Weekend,211,SoHo,Manhattan,79.65
14,Weekend,114,Greenwich Village South,Manhattan,76.38
14,Weekend,143,Lincoln Square West,Manhattan,75.12
14,Weekend,231,TriBeCa/Civic Center,Manhattan,73.46
14,Weekend,151,Manhattan Valley,Manhattan,70.73
14,Weekend,158,Meatpacking/West Village West,Manhattan,62.96
14,Weekend,233,UN/Turtle Bay South,Manhattan,61.35
14,Weekend,137,Kips Bay,Manhattan,57.88
14,Weekend,148,Lower East Side,Manhattan,53.5
14,Weekend,261,World Trade Center,Manhattan,48.85
14,Weekend,75,East Harlem South,Manhattan,43.88
14,Weekend,13,Battery Park City,Manhattan,36.65
14,Weekend,166,Morningside Heights,Manhattan,35.12
14,Weekend,50,Clinton West,Manhattan,34.19
14,Weekend,87,Financial District North,Manhattan,30.0
14,Weekend,125,Hudson Sq,Manhattan,29.85
14,Weekend,41,Central Harlem,Manhattan,29.12
14,Weekend,74,East Harlem North,Manhattan,24.62
14,Weekend,70,East Elmhurst,Queens,20.46
14,Weekend,24,Bloomingdale,Manhattan,17.69
14,Weekend,264,Unknown,Unknown,16.54
14,Weekend,42,Central Harlem North,Manhattan,16.5
14,Weekend,88,Financial District South,Manhattan,15.81
14,Weekend,45,Chinatown,Manhattan,14.15
14,Weekend,224,Stuy Town/Peter Cooper Village,Manhattan,13.38
14,Weekend,209,Seaport,Manhattan,11.69
14,Weekend,232,Two Bridges/Seward Park,Manhattan,11.58
14,Weekend,4,Alphabet City,Manhattan,9.92
14,Weekend,61,Crown Heights North,Brooklyn,9.42
14,Weekend,116,Hamilton Heights,Manhattan,9.08
14,Weekend,244,Washington Heights South,Manhattan,8.77
14,Weekend,226,Sunnyside,Queens,7.5
14,Weekend,145,Long Island City/Hunters Point,Queens,6.73
14,Weekend,152,Manhattanville,Manhattan,6.65
14,Weekend,65,Downtown Brooklyn/MetroTech,Brooklyn,6.27
14,Weekend,66,DUMBO/Vinegar Hill,Brooklyn,6.15
14,Weekend,7,Astoria,Queens,6.08
14,Weekend,76,East New York,Brooklyn,5.65
14,Weekend,25,Boerum Hill,Brooklyn,5.46
14,Weekend,12,Battery Park,Manhattan,5.38
14,Weekend,97,Fort Greene,Brooklyn,5.31
14,Weekend,33,Brooklyn Heights,Brooklyn,5.23
14,Weekend,188,Prospect-Lefferts Gardens,Brooklyn,5.0
14,Weekend,17,Bedford,Brooklyn,4.96
14,Weekend,39,Canarsie,Brooklyn,4.92
14,Weekend,89,Flatbush/Ditmas Park,Brooklyn,4.88
14,Weekend,168,Mott Haven/Port Morris,Bronx,4.77
14,Weekend,130,Jamaica,Queens,4.73
14,Weekend,255,Williamsburg (North Side),Brooklyn,4.5
14,Weekend,197,Richmond Hill,Queens,4.46
14,Weekend,146,Long Island City/Queens Plaza,Queens,4.42
14,Weekend,216,South Ozone Park,Queens,4.42
14,Weekend,49,Clinton Hill,Brooklyn,4.35
14,Weekend,72,East Flatbush/Remsen Village,Brooklyn,4.0
14,Weekend,243,Washington Heights North,Manhattan,3.85
14,Weekend,225,Stuyvesant Heights,Brooklyn,3.85
14,Weekend,256,Williamsburg (South Side),Brooklyn,3.77
14,Weekend,37,Bushwick South,Brooklyn,3.73
14,Weekend,35,Brownsville,Brooklyn,3.65
14,Weekend,129,Jackson Heights,Queens,3.31
14,Weekend,181,Park Slope,Brooklyn,3.23
14,Weekend,177,Ocean Hill,Brooklyn,3.08
14,Weekend,159,Melrose South,Bronx,2.85
14,Weekend,71,East Flatbush/Farragut,Brooklyn,2.65
14,Weekend,82,Elmhurst,Queens,2.58
14,Weekend,80,East Williamsburg,Brooklyn,2.58
14,Weekend,91,Flatlands,Brooklyn,2.5
14,Weekend,112,Greenpoint,Brooklyn,2.42
14,Weekend,260,Woodside,Queens,2.38
14,Weekend,10,Baisley Park,Queens,2.38
14,Weekend,247,West Concourse,Bronx,2.31
14,Weekend,127,Inwood,Manhattan,2.27
14,Weekend,179,Old Astoria,Queens,2.19
14,Weekend,85,Erasmus,Brooklyn,2.15
14,Weekend,215,South Jamaica,Queens,2.12
14,Weekend,223,Steinway,Queens,2.04
14,Weekend,36,Bushwick North,Brooklyn,2.0
14,Weekend,205,Saint Albans,Queens,1.96
14,Weekend,189,Prospect Heights,Brooklyn,1.85
14,Weekend,62,Crown Heights South,Brooklyn,1.85
14,Weekend,28,Briarwood/Jamaica Hills,Queens,1.81
14,Weekend,258,Woodhaven,Queens,1.81
14,Weekend,69,East Concourse/Concourse Village,Bronx,1.81
14,Weekend,198,Ridgewood,Queens,1.77
14,Weekend,169,Mount Hope,Bronx,1.65
14,Weekend,254,Williamsbridge/Olinville,Bronx,1.54
14,Weekend,167,Morrisania/Melrose,Bronx,1.54
14,Weekend,193,Queensbridge/Ravenswood,Queens,1.54
14,Weekend,228,Sunset Park West,Brooklyn,1.5
14,Weekend,95,Forest Hills,Queens,1.5
14,Weekend,196,Rego Park,Queens,1.46
14,Weekend,235,University Heights/Morris Heights,Bronx,1.42
14,Weekend,134,Kew Gardens,Queens,1.42
14,Weekend,52,Cobble Hill,Brooklyn,1.38
14,Weekend,40,Carroll Gardens,Brooklyn,1.35
14,Weekend,155,Marine Park/Mill Basin,Brooklyn,1.27
14,Weekend,213,Soundview/Castle Hill,Bronx,1.23
14,Weekend,77,East New York/Pennsylvania Avenue,Brooklyn,1.19
14,Weekend,47,Claremont/Bathgate,Bronx,1.15
14,Weekend,147,Longwood,Bronx,1.12
14,Weekend,219,Springfield Gardens South,Queens,1.12
14,Weekend,56,Corona,Queens,1.08
14,Weekend,78,East Tremont,Bronx,1.08
14,Weekend,212,Soundview/Bruckner,Bronx,1.08
14,Weekend,126,Hunts Point,Bronx,1.08
14,Weekend,86,Far Rockaway,Queens,1.08
14,Weekend,32,Bronxdale,Bronx,1.04
14,Weekend,119,Highbridge,Bronx,1.04
14,Weekend,210,Sheepshead Bay,Brooklyn,1.04
14,Weekend,222,Starrett City,Brooklyn,1.04
14,Weekend,248,West Farms/Bronx River,Bronx,1.04
14,Weekend,51,Co-Op City,Bronx,1.04
14,Weekend,265,Outside NYC,Unknown,1.04
14,Weekend,83,Elmhurst/Maspeth,Queens,1.04
14,Weekend,241,Van Cortlandt Village,Bronx,1.0
14,Weekend,191,Queens Village,Queens,1.0
14,Weekend,63,Cypress Hills,Brooklyn,1.0
14,Weekend,250,Westchester Village/Unionport,Bronx,0.96
14,Weekend,14,Bay Ridge,Brooklyn,0.96
14,Weekend,55,Coney Island,Brooklyn,0.96
14,Weekend,106,Gowanus,Brooklyn,0.96
14,Weekend,259,Woodlawn/Wakefield,Bronx,0.92
14,Weekend,182,Parkchester,Bronx,0.92
14,Weekend,94,Fordham South,Bronx,0.92
14,Weekend,227,Sunset Park East,Brooklyn,0.92
14,Weekend,81,Eastchester,Bronx,0.88
14,Weekend,195,Red Hook,Brooklyn,0.85
14,Weekend,133,Kensington,Brooklyn,0.81
14,Weekend,242,Van Nest/Morris Park,Bronx,0.81
14,Weekend,173,North Corona,Queens,0.81
14,Weekend,117,Hammels/Arverne,Queens,0.81
14,Weekend,93,Flushing Meadows-Corona Park,Queens,0.73
14,Weekend,217,South Williamsburg,Brooklyn,0.73
14,Weekend,160,Middle Village,Queens,0.73
14,Weekend,18,Bedford Park,Bronx,0.73
14,Weekend,122,Hollis,Queens,0.69
14,Weekend,190,Prospect Park,Brooklyn,0.69
14,Weekend,60,Crotona Park East,Bronx,0.65
14,Weekend,26,Borough Park,Brooklyn,0.65
14,Weekend,174,Norwood,Bronx,0.65
14,Weekend,165,Midwood,Brooklyn,0.65
14,Weekend,102,Glendale,Queens,0.62
14,Weekend,38,Cambria Heights,Queens,0.62
14,Weekend,92,Flushing,Queens,0.58
14,Weekend,20,Belmont,Bronx,0.58
14,Weekend,218,Springfield Gardens North,Queens,0.58
14,Weekend,194,Randalls Island,Manhattan,0.54
14,Weekend,21,Bensonhurst East,Brooklyn,0.54
14,Weekend,124,Howard Beach,Queens,0.5
14,Weekend,220,Spuyten Duyvil/Kingsbridge,Bronx,0.5
14,Weekend,203,Rosedale,Queens,0.46
14,Weekend,139,Laurelton,Queens,0.46
14,Weekend,180,Ozone Park,Queens,0.46
14,Weekend,67,Dyker Heights,Brooklyn,0.46
14,Weekend,22,Bensonhurst West,Brooklyn,0.46
14,Weekend,185,Pelham Parkway,Bronx,0.46
14,Weekend,157,Maspeth,Queens,0.42
14,Weekend,136,Kingsbridge Heights,Bronx,0.42
14,Weekend,34,Brooklyn Navy Yard,Brooklyn,0.38
14,Weekend,123,Homecrest,Brooklyn,0.38
14,Weekend,202,Roosevelt Island,Manhattan,0.38
14,Weekend,29,Brighton Beach,Brooklyn,0.35
14,Weekend,135,Kew Gardens Hills,Queens,0.35
14,Weekend,53,College Point,Queens,0.35
14,Weekend,149,Madison,Brooklyn,0.35
14,Weekend,131,Jamaica Estates,Queens,0.35
14,Weekend,121,Hillcrest/Pomonok,Queens,0.31
14,Weekend,192,Queensboro Hill,Queens,0.27
14,Weekend,208,Schuylerville/Edgewater Park,Bronx,0.27
14,Weekend,15,Bay Terrace/Fort Totten,Queens,0.27
14,Weekend,54,Columbia Street,Brooklyn,0.23
14,Weekend,11,Bath Beach,Brooklyn,0.23
14,Weekend,200,Riverdale/North Riverdale/Fieldston,Bronx,0.23
14,Weekend,257,Windsor Terrace,Brooklyn,0.23
14,Weekend,6,Arrochar/Fort Wadsworth,Staten Island,0.23
14,Weekend,3,Allerton/Pelham Gardens,Bronx,0.19
14,Weekend,252,Whitestone,Queens,0.19
14,Weekend,108,Gravesend,Brooklyn,0.19
14,Weekend,153,Marble Hill,Manhattan,0.19
14,Weekend,150,Manhattan Beach,Brooklyn,0.15
14,Weekend,96,Forest Park/Highland Park,Queens,0.15
14,Weekend,171,Murray Hill-Queens,Queens,0.15
14,Weekend,31,Bronx Park,Bronx,0.15
14,Weekend,207,Saint Michaels Cemetery/Woodside,Queens,0.12
14,Weekend,19,Bellerose,Queens,0.12
14,Weekend,64,Douglaston,Queens,0.12
14,Weekend,118,Heartland Village/Todt Hill,Staten Island,0.12
14,Weekend,183,Pelham Bay,Bronx,0.12
14,Weekend,120,Highbridge Park,Manhattan,0.12
14,Weekend,175,Oakland Gardens,Queens,0.12
14,Weekend,154,Marine Park/Floyd Bennett Field,Brooklyn,0.08
14,Weekend,9,Auburndale,Queens,0.08
14,Weekend,128,Inwood Hill Park,Manhattan,0.08
14,Weekend,240,Van Cortlandt Park,Bronx,0.08
14,Weekend,178,Ocean Parkway South,Brooklyn,0.08
14,Weekend,214,South Beach/Dongan Hills,Staten Island,0.08
14,Weekend,59,Crotona Park,Bronx,0.08
14,Weekend,73,East Flushing,Queens,0.04
14,Weekend,57,Corona,Queens,0.04
14,Weekend,46,City Island,Bronx,0.04
14,Weekend,30,Broad Channel,Queens,0.04
14,Weekend,98,Fresh Meadows,Queens,0.04
14,Weekend,1,Newark Airport,EWR,0.04
14,Weekend,27,Breezy Point/Fort Tilden/Riis Beach,Queens,0.04
14,Weekend,221,Stapleton,Staten Island,0.04
14,Weekend,16,Bayside,Queens,0.04
14,Weekend,111,Green-Wood Cemetery,Brooklyn,0.04
14,Weekend,58,Country Club,Bronx,0.04
14,Weekend,8,Astoria Park,Queens,0.04
14,Weekend,2,Jamaica Bay,Queens,0.04
14,Weekend,101,Glen Oaks,Queens,0.04
14,Weekend,201,Rockaway Park,Queens,0.04
15,Weekend,237,Upper East Side South,Manhattan,330.54
15,Weekend,132,JFK Airport,Queens,320.62
15,Weekend,236,Upper East Side North,Manhattan,285.96
15,Weekend,161,Midtown Center,Manhattan,273.27
15,Weekend,142,Lincoln Square East,Manhattan,237.73
15,Weekend,239,Upper West Side South,Manhattan,228.12
15,Weekend,186,Penn Station/Madison Sq West,Manhattan,220.77
15,Weekend,234,Union Sq,Manhattan,195.58
15,Weekend,230,Times Sq/Theatre District,Manhattan,193.23
15,Weekend,138,LaGuardia Airport,Queens,192.38
15,Weekend,163,Midtown North,Manhattan,188.73
15,Weekend,246,West Chelsea/Hudson Yards,Manhattan,179.96
15,Weekend,68,East Chelsea,Manhattan,174.92
15,Weekend,43,Central Park,Manhattan,173.69
15,Weekend,141,Lenox Hill West,Manhattan,161.42
15,Weekend,162,Midtown East,Manhattan,157.35
15,Weekend,170,Murray Hill,Manhattan,138.77
15,Weekend,249,West Village,Manhattan,135.81
15,Weekend,79,East Village,Manhattan,133.31
15,Weekend,238,Upper West Side North,Manhattan,123.58
15,Weekend,263,Yorkville West,Manhattan,121.85
15,Weekend,164,Midtown South,Manhattan,118.42
15,Weekend,107,Gramercy,Manhattan,118.0
15,Weekend,48,Clinton East,Manhattan,117.77
15,Weekend,90,Flatiron,Manhattan,112.81
15,Weekend,113,Greenwich Village North,Manhattan,112.31
15,Weekend,140,Lenox Hill East,Manhattan,105.54
15,Weekend,144,Little Italy/NoLiTa,Manhattan,104.85
15,Weekend,211,SoHo,Manhattan,99.23
15,Weekend,229,Sutton Place/Turtle Bay North,Manhattan,91.58
15,Weekend,114,Greenwich Village South,Manhattan,91.08
15,Weekend,100,Garment District,Manhattan,80.19
15,Weekend,262,Yorkville East,Manhattan,77.08
15,Weekend,231,TriBeCa/Civic Center,Manhattan,76.69
15,Weekend,158,Meatpacking/West Village West,Manhattan,73.65
15,Weekend,143,Lincoln Square West,Manhattan,66.35
15,Weekend,151,Manhattan Valley,Manhattan,65.35
15,Weekend,148,Lower East Side,Manhattan,60.58
15,Weekend,137,Kips Bay,Manhattan,59.77
15,Weekend,233,UN/Turtle Bay South,Manhattan,51.38
15,Weekend,261,World Trade Center,Manhattan,47.42
15,Weekend,75,East Harlem South,Manhattan,39.23
15,Weekend,13,Battery Park City,Manhattan,35.96
15,Weekend,166,Morningside Heights,Manhattan,33.65
15,Weekend,50,Clinton West,Manhattan,32.19
15,Weekend,125,Hudson Sq,Manhattan,32.19
15,Weekend,87,Financial District North,Manhattan,29.12
15,Weekend,41,Central Harlem,Manhattan,28.35
15,Weekend,70,East Elmhurst,Queens,23.88
15,Weekend,74,East Harlem North,Manhattan,22.77
15,Weekend,88,Financial District South,Manhattan,19.27
15,Weekend,24,Bloomingdale,Manhattan,16.35
15,Weekend,45,Chinatown,Manhattan,15.12
15,Weekend,264,Unknown,Unknown,14.19
15,Weekend,42,Central Harlem North,Manhattan,13.42
15,Weekend,209,Seaport,Manhattan,13.12
15,Weekend,232,Two Bridges/Seward Park,Manhattan,12.92
15,Weekend,224,Stuy Town/Peter Cooper Village,Manhattan,11.15
15,Weekend,226,Sunnyside,Queens,9.5
15,Weekend,4,Alphabet City,Manhattan,9.38
15,Weekend,116,Hamilton Heights,Manhattan,8.54
15,Weekend,244,Washington Heights South,Manhattan,7.62
15,Weekend,61,Crown Heights North,Brooklyn,7.23
15,Weekend,7,Astoria,Queens,6.88
15,Weekend,145,Long Island City/Hunters Point,Queens,6.58
15,Weekend,66,DUMBO/Vinegar Hill,Brooklyn,6.23
15,Weekend,12,Battery Park,Manhattan,6.23
15,Weekend,152,Manhattanville,Manhattan,6.15
15,Weekend,65,Downtown Brooklyn/MetroTech,Brooklyn,6.12
15,Weekend,130,Jamaica,Queens,5.85
15,Weekend,255,Williamsburg (North Side),Brooklyn,5.65
15,Weekend,97,Fort Greene,Brooklyn,5.12
15,Weekend,256,Williamsburg (South Side),Brooklyn,4.88
15,Weekend,168,Mott Haven/Port Morris,Bronx,4.73
15,Weekend,225,Stuyvesant Heights,Brooklyn,4.58
15,Weekend,76,East New York,Brooklyn,4.42
15,Weekend,33,Brooklyn Heights,Brooklyn,4.38
15,Weekend,216,South Ozone Park,Queens,4.31
15,Weekend,188,Prospect-Lefferts Gardens,Brooklyn,4.12
15,Weekend,72,East Flatbush/Remsen Village,Brooklyn,3.96
15,Weekend,25,Boerum Hill,Brooklyn,3.92
15,Weekend,37,Bushwick South,Brooklyn,3.81
15,Weekend,39,Canarsie,Brooklyn,3.77
15,Weekend,181,Park Slope,Brooklyn,3.77
15,Weekend,17,Bedford,Brooklyn,3.77
15,Weekend,129,Jackson Heights,Queens,3.73
15,Weekend,82,Elmhurst,Queens,3.58
15,Weekend,89,Flatbush/Ditmas Park,Brooklyn,3.23
15,Weekend,243,Washington Heights North,Manhattan,3.23
15,Weekend,35,Brownsville,Brooklyn,3.23
15,Weekend,260,Woodside,Queens,3.23
15,Weekend,80,East Williamsburg,Brooklyn,3.19
15,Weekend,146,Long Island City/Queens Plaza,Queens,3.19
15,Weekend,49,Clinton Hill,Brooklyn,3.15
15,Weekend,247,West Concourse,Bronx,3.15
15,Weekend,179,Old Astoria,Queens,3.12
15,Weekend,112,Greenpoint,Brooklyn,3.04
15,Weekend,177,Ocean Hill,Brooklyn,2.88
15,Weekend,10,Baisley Park,Queens,2.85
15,Weekend,189,Prospect Heights,Brooklyn,2.65
15,Weekend,197,Richmond Hill,Queens,2.65
15,Weekend,223,Steinway,Queens,2.58
15,Weekend,91,Flatlands,Brooklyn,2.54
15,Weekend,69,East Concourse/Concourse Village,Bronx,2.23
15,Weekend,228,Sunset Park West,Brooklyn,2.15
15,Weekend,62,Crown Heights South,Brooklyn,2.12
15,Weekend,95,Forest Hills,Queens,2.04
15,Weekend,159,Melrose South,Bronx,1.92
15,Weekend,198,Ridgewood,Queens,1.81
15,Weekend,36,Bushwick North,Brooklyn,1.77
15,Weekend,71,East Flatbush/Farragut,Brooklyn,1.77
15,Weekend,215,South Jamaica,Queens,1.77
15,Weekend,193,Queensbridge/Ravenswood,Queens,1.69
15,Weekend,205,Saint Albans,Queens,1.65
15,Weekend,213,Soundview/Castle Hill,Bronx,1.62
15,Weekend,14,Bay Ridge,Brooklyn,1.54
15,Weekend,63,Cypress Hills,Brooklyn,1.42
15,Weekend,235,University Heights/Morris Heights,Bronx,1.42
15,Weekend,92,Flushing,Queens,1.42
15,Weekend,56,Corona,Queens,1.42
15,Weekend,85,Erasmus,Brooklyn,1.38
15,Weekend,126,Hunts Point,Bronx,1.38
15,Weekend,169,Mount Hope,Bronx,1.35
15,Weekend,196,Rego Park,Queens,1.35
15,Weekend,250,Westchester Village/Unionport,Bronx,1.31
15,Weekend,167,Morrisania/Melrose,Bronx,1.23
15,Weekend,219,Springfield Gardens South,Queens,1.19
15,Weekend,18,Bedford Park,Bronx,1.15
15,Weekend,78,East Tremont,Bronx,1.12
15,Weekend,47,Claremont/Bathgate,Bronx,1.08
15,Weekend,134,Kew Gardens,Queens,1.08
15,Weekend,258,Woodhaven,Queens,1.04
15,Weekend,160,Middle Village,Queens,1.04
15,Weekend,195,Red Hook,Brooklyn,1.0
15,Weekend,212,Soundview/Bruckner,Bronx,1.0
15,Weekend,51,Co-Op City,Bronx,1.0
15,Weekend,218,Springfield Gardens North,Queens,1.0
15,Weekend,194,Randalls Island,Manhattan,1.0
15,Weekend,254,Williamsbridge/Olinville,Bronx,1.0
15,Weekend,155,Marine Park/Mill Basin,Brooklyn,0.96
15,Weekend,28,Briarwood/Jamaica Hills,Queens,0.96
15,Weekend,83,Elmhurst/Maspeth,Queens,0.96
15,Weekend,77,East New York/Pennsylvania Avenue,Brooklyn,0.96
15,Weekend,157,Maspeth,Queens,0.96
15,Weekend,26,Borough Park,Brooklyn,0.96
15,Weekend,147,Longwood,Bronx,0.92
15,Weekend,131,Jamaica Estates,Queens,0.92
15,Weekend,220,Spuyten Duyvil/Kingsbridge,Bronx,0.92
15,Weekend,93,Flushing Meadows-Corona Park,Queens,0.92
15,Weekend,241,Van Cortlandt Village,Bronx,0.88
15,Weekend,55,Coney Island,Brooklyn,0.85
15,Weekend,52,Cobble Hill,Brooklyn,0.85
15,Weekend,34,Brooklyn Navy Yard,Brooklyn,0.85
15,Weekend,127,Inwood,Manhattan,0.85
15,Weekend,119,Highbridge,Bronx,0.85
15,Weekend,265,Outside NYC,Unknown,0.81
15,Weekend,86,Far Rockaway,Queens,0.77
15,Weekend,191,Queens Village,Queens,0.77
15,Weekend,222,Starrett City,Brooklyn,0.77
15,Weekend,165,Midwood,Brooklyn,0.73
15,Weekend,40,Carroll Gardens,Brooklyn,0.73
15,Weekend,149,Madison,Brooklyn,0.73
15,Weekend,81,Eastchester,Bronx,0.69
15,Weekend,124,Howard Beach,Queens,0.69
15,Weekend,259,Woodlawn/Wakefield,Bronx,0.69
15,Weekend,173,North Corona,Queens,0.65
15,Weekend,217,South Williamsburg,Brooklyn,0.65
15,Weekend,60,Crotona Park East,Bronx,0.65
15,Weekend,182,Parkchester,Bronx,0.65
15,Weekend,227,Sunset Park East,Brooklyn,0.65
15,Weekend,32,Bronxdale,Bronx,0.65
15,Weekend,136,Kingsbridge Heights,Bronx,0.62
15,Weekend,190,Prospect Park,Brooklyn,0.62
15,Weekend,21,Bensonhurst East,Brooklyn,0.62
15,Weekend,133,Kensington,Brooklyn,0.62
15,Weekend,20,Belmont,Bronx,0.58
15,Weekend,94,Fordham South,Bronx,0.54
15,Weekend,102,Glendale,Queens,0.54
15,Weekend,248,West Farms/Bronx River,Bronx,0.54
15,Weekend,53,College Point,Queens,0.54
15,Weekend,174,Norwood,Bronx,0.5
15,Weekend,203,Rosedale,Queens,0.5
15,Weekend,38,Cambria Heights,Queens,0.46
15,Weekend,29,Brighton Beach,Brooklyn,0.46
15,Weekend,252,Whitestone,Queens,0.46
15,Weekend,208,Schuylerville/Edgewater Park,Bronx,0.46
15,Weekend,22,Bensonhurst West,Brooklyn,0.46
15,Weekend,242,Van Nest/Morris Park,Bronx,0.42
15,Weekend,117,Hammels/Arverne,Queens,0.42
15,Weekend,123,Homecrest,Brooklyn,0.42
15,Weekend,180,Ozone Park,Queens,0.42
15,Weekend,6,Arrochar/Fort Wadsworth,Staten Island,0.38
15,Weekend,210,Sheepshead Bay,Brooklyn,0.38
15,Weekend,106,Gowanus,Brooklyn,0.38
15,Weekend,19,Bellerose,Queens,0.38
15,Weekend,121,Hillcrest/Pomonok,Queens,0.38
15,Weekend,139,Laurelton,Queens,0.38
15,Weekend,135,Kew Gardens Hills,Queens,0.38
15,Weekend,3,Allerton/Pelham Gardens,Bronx,0.35
15,Weekend,185,Pelham Parkway,Bronx,0.31
15,Weekend,202,Roosevelt Island,Manhattan,0.31
15,Weekend,31,Bronx Park,Bronx,0.27
15,Weekend,67,Dyker Heights,Brooklyn,0.27
15,Weekend,150,Manhattan Beach,Brooklyn,0.27
15,Weekend,200,Riverdale/North Riverdale/Fieldston,Bronx,0.27
15,Weekend,178,Ocean Parkway South,Brooklyn,0.23
15,Weekend,257,Windsor Terrace,Brooklyn,0.23
15,Weekend,154,Marine Park/Floyd Bennett Field,Brooklyn,0.23
15,Weekend,108,Gravesend,Brooklyn,0.23
15,Weekend,101,Glen Oaks,Queens,0.23
15,Weekend,153,Marble Hill,Manhattan,0.19
15,Weekend,122,Hollis,Queens,0.19
15,Weekend,183,Pelham Bay,Bronx,0.19
15,Weekend,98,Fresh Meadows,Queens,0.19
15,Weekend,15,Bay Terrace/Fort Totten,Queens,0.15
15,Weekend,201,Rockaway Park,Queens,0.15
15,Weekend,54,Columbia Street,Brooklyn,0.15
15,Weekend,1,Newark Airport,EWR,0.15
15,Weekend,58,Country Club,Bronx,0.12
15,Weekend,118,Heartland Village/Todt Hill,Staten Island,0.12
15,Weekend,11,Bath Beach,Brooklyn,0.12
15,Weekend,192,Queensboro Hill,Queens,0.12
15,Weekend,64,Douglaston,Queens,0.12
15,Weekend,207,Saint Michaels Cemetery/Woodside,Queens,0.12
15,Weekend,214,South Beach/Dongan Hills,Staten Island,0.08
15,Weekend,9,Auburndale,Queens,0.08
15,Weekend,8,Astoria Park,Queens,0.08
15,Weekend,171,Murray Hill-Queens,Queens,0.08
15,Weekend,175,Oakland Gardens,Queens,0.08
15,Weekend,96,Forest Park/Highland Park,Queens,0.08
15,Weekend,184,Pelham Bay Park,Bronx,0.08
15,Weekend,16,Bayside,Queens,0.08
15,Weekend,206,Saint George/New Brighton,Staten Island,0.04
15,Weekend,128,Inwood Hill Park,Manhattan,0.04
15,Weekend,30,Broad Channel,Queens,0.04
15,Weekend,2,Jamaica Bay,Queens,0.04
15,Weekend,245,West Brighton,Staten Island,0.04
15,Weekend,221,Stapleton,Staten Island,0.04
16,Weekend,132,JFK Airport,Queens,357.42
16,Weekend,237,Upper East Side South,Manhattan,320.19
16,Weekend,161,Midtown Center,Manhattan,311.65
16,Weekend,230,Times Sq/Theatre District,Manhattan,296.88
16,Weekend,236,Upper East Side North,Manhattan,290.85
16,Weekend,142,Lincoln Square East,Manhattan,267.35
16,Weekend,186,Penn Station/Madison Sq West,Manhattan,248.46
16,Weekend,239,Upper West Side South,Manhattan,224.54
16,Weekend,163,Midtown North,Manhattan,206.5
16,Weekend,234,Union Sq,Manhattan,200.54
16,Weekend,68,East Chelsea,Manhattan,199.38
16,Weekend,246,West Chelsea/Hudson Yards,Manhattan,181.77
16,Weekend,162,Midtown East,Manhattan,179.04
16,Weekend,43,Central Park,Manhattan,178.96
16,Weekend,138,LaGuardia Airport,Queens,172.31
16,Weekend,48,Clinton East,Manhattan,168.58
16,Weekend,141,Lenox Hill West,Manhattan,151.69
16,Weekend,249,West Village,Manhattan,145.85
16,Weekend,170,Murray Hill,Manhattan,144.96
16,Weekend,79,East Village,Manhattan,133.62
16,Weekend,164,Midtown South,Manhattan,128.0
16,Weekend,263,Yorkville West,Manhattan,122.35
16,Weekend,107,Gramercy,Manhattan,121.62
16,Weekend,238,Upper West Side North,Manhattan,118.54
16,Weekend,144,Little Italy/NoLiTa,Manhattan,113.73
16,Weekend,113,Greenwich Village North,Manhattan,113.46
16,Weekend,90,Flatiron,Manhattan,112.85
16,Weekend,211,SoHo,Manhattan,104.77
16,Weekend,140,Lenox Hill East,Manhattan,103.12
16,Weekend,114,Greenwich Village South,Manhattan,98.12
16,Weekend,100,Garment District,Manhattan,96.19
16,Weekend,229,Sutton Place/Turtle Bay North,Manhattan,92.27
16,Weekend,231,TriBeCa/Civic Center,Manhattan,76.27
16,Weekend,158,Meatpacking/West Village West,Manhattan,73.92
16,Weekend,143,Lincoln Square West,Manhattan,70.85
16,Weekend,262,Yorkville East,Manhattan,69.85
16,Weekend,151,Manhattan Valley,Manhattan,62.58
16,Weekend,148,Lower East Side,Manhattan,61.62
16,Weekend,233,UN/Turtle Bay South,Manhattan,60.73
16,Weekend,137,Kips Bay,Manhattan,56.81
16,Weekend,261,World Trade Center,Manhattan,48.12
16,Weekend,75,East Harlem South,Manhattan,37.73
16,Weekend,50,Clinton West,Manhattan,37.31
16,Weekend,13,Battery Park City,Manhattan,35.08
16,Weekend,125,Hudson Sq,Manhattan,33.5
16,Weekend,166,Morningside Heights,Manhattan,33.0
16,Weekend,87,Financial District North,Manhattan,29.08
16,Weekend,41,Central Harlem,Manhattan,26.31
16,Weekend,74,East Harlem North,Manhattan,22.23
16,Weekend,88,Financial District South,Manhattan,21.92
16,Weekend,70,East Elmhurst,Queens,17.35
16,Weekend,24,Bloomingdale,Manhattan,16.96
16,Weekend,264,Unknown,Unknown,15.08
16,Weekend,45,Chinatown,Manhattan,13.12
16,Weekend,209,Seaport,Manhattan,11.96
16,Weekend,42,Central Harlem North,Manhattan,11.27
16,Weekend,232,Two Bridges/Seward Park,Manhattan,11.19
16,Weekend,224,Stuy Town/Peter Cooper Village,Manhattan,11.19
16,Weekend,226,Sunnyside,Queens,9.54
16,Weekend,4,Alphabet City,Manhattan,8.65
16,Weekend,145,Long Island City/Hunters Point,Queens,8.15
16,Weekend,116,Hamilton Heights,Manhattan,8.04
16,Weekend,7,Astoria,Queens,7.77
16,Weekend,66,DUMBO/Vinegar Hill,Brooklyn,6.85
16,Weekend,61,Crown Heights North,Brooklyn,6.58
16,Weekend,244,Washington Heights South,Manhattan,6.54
16,Weekend,97,Fort Greene,Brooklyn,6.38
16,Weekend,12,Battery Park,Manhattan,6.23
16,Weekend,82,Elmhurst,Queens,5.85
16,Weekend,152,Manhattanville,Manhattan,5.77
16,Weekend,65,Downtown Brooklyn/MetroTech,Brooklyn,5.38
16,Weekend,130,Jamaica,Queens,5.15
16,Weekend,255,Williamsburg (North Side),Brooklyn,5.04
16,Weekend,76,East New York,Brooklyn,4.69
16,Weekend,256,Williamsburg (South Side),Brooklyn,4.65
16,Weekend,25,Boerum Hill,Brooklyn,4.62
16,Weekend,33,Brooklyn Heights,Brooklyn,4.58
16,Weekend,146,Long Island City/Queens Plaza,Queens,4.54
16,Weekend,129,Jackson Heights,Queens,4.38
16,Weekend,188,Prospect-Lefferts Gardens,Brooklyn,4.12
16,Weekend,181,Park Slope,Brooklyn,4.04
16,Weekend,17,Bedford,Brooklyn,4.04
16,Weekend,260,Woodside,Queens,3.92
16,Weekend,247,West Concourse,Bronx,3.62
16,Weekend,112,Greenpoint,Brooklyn,3.58
16,Weekend,216,South Ozone Park,Queens,3.35
16,Weekend,225,Stuyvesant Heights,Brooklyn,3.35
16,Weekend,39,Canarsie,Brooklyn,3.27
16,Weekend,168,Mott Haven/Port Morris,Bronx,3.12
16,Weekend,89,Flatbush/Ditmas Park,Brooklyn,3.12
16,Weekend,179,Old Astoria,Queens,3.12
16,Weekend,197,Richmond Hill,Queens,3.04
16,Weekend,37,Bushwick South,Brooklyn,2.96
16,Weekend,243,Washington Heights North,Manhattan,2.73
16,Weekend,72,East Flatbush/Remsen Village,Brooklyn,2.65
16,Weekend,223,Steinway,Queens,2.65
16,Weekend,177,Ocean Hill,Brooklyn,2.62
16,Weekend,80,East Williamsburg,Brooklyn,2.54
16,Weekend,95,Forest Hills,Queens,2.46
16,Weekend,49,Clinton Hill,Brooklyn,2.42
16,Weekend,35,Brownsville,Brooklyn,2.35
16,Weekend,10,Baisley Park,Queens,2.19
16,Weekend,85,Erasmus,Brooklyn,2.15
16,Weekend,228,Sunset Park West,Brooklyn,2.04
16,Weekend,62,Crown Heights South,Brooklyn,1.92
16,Weekend,189,Prospect Heights,Brooklyn,1.85
16,Weekend,69,East Concourse/Concourse Village,Bronx,1.85
16,Weekend,193,Queensbridge/Ravenswood,Queens,1.73
16,Weekend,91,Flatlands,Brooklyn,1.69
16,Weekend,36,Bushwick North,Brooklyn,1.69
16,Weekend,52,Cobble Hill,Brooklyn,1.62
16,Weekend,159,Melrose South,Bronx,1.62
16,Weekend,28,Briarwood/Jamaica Hills,Queens,1.62
16,Weekend,215,South Jamaica,Queens,1.54
16,Weekend,71,East Flatbush/Farragut,Brooklyn,1.5
16,Weekend,134,Kew Gardens,Queens,1.46
16,Weekend,198,Ridgewood,Queens,1.46
16,Weekend,63,Cypress Hills,Brooklyn,1.38
16,Weekend,155,Marine Park/Mill Basin,Brooklyn,1.38
16,Weekend,195,Red Hook,Brooklyn,1.35
16,Weekend,235,University Heights/Morris Heights,Bronx,1.31
16,Weekend,196,Rego Park,Queens,1.31
16,Weekend,83,Elmhurst/Maspeth,Queens,1.31
16,Weekend,205,Saint Albans,Queens,1.23
16,Weekend,258,Woodhaven,Queens,1.23
16,Weekend,14,Bay Ridge,Brooklyn,1.19
16,Weekend,92,Flushing,Queens,1.15
16,Weekend,219,Springfield Gardens South,Queens,1.15
16,Weekend,157,Maspeth,Queens,1.12
16,Weekend,265,Outside NYC,Unknown,1.12
16,Weekend,167,Morrisania/Melrose,Bronx,1.08
16,Weekend,222,Starrett City,Brooklyn,1.08
16,Weekend,127,Inwood,Manhattan,1.08
16,Weekend,242,Van Nest/Morris Park,Bronx,1.08
16,Weekend,55,Coney Island,Brooklyn,1.08
16,Weekend,56,Corona,Queens,1.04
16,Weekend,78,East Tremont,Bronx,1.04
16,Weekend,182,Parkchester,Bronx,1.0
16,Weekend,77,East New York/Pennsylvania Avenue,Brooklyn,1.0
16,Weekend,169,Mount Hope,Bronx,0.96
16,Weekend,254,Williamsbridge/Olinville,Bronx,0.92
16,Weekend,119,Highbridge,Bronx,0.92
16,Weekend,34,Brooklyn Navy Yard,Brooklyn,0.88
16,Weekend,213,Soundview/Castle Hill,Bronx,0.88
16,Weekend,47,Claremont/Bathgate,Bronx,0.88
16,Weekend,18,Bedford Park,Bronx,0.88
16,Weekend,227,Sunset Park East,Brooklyn,0.85
16,Weekend,208,Schuylerville/Edgewater Park,Bronx,0.85
16,Weekend,241,Van Cortlandt Village,Bronx,0.85
16,Weekend,106,Gowanus,Brooklyn,0.85
16,Weekend,190,Prospect Park,Brooklyn,0.85
16,Weekend,220,Spuyten Duyvil/Kingsbridge,Bronx,0.81
16,Weekend,218,Springfield Gardens North,Queens,0.81
16,Weekend,160,Middle Village,Queens,0.81
16,Weekend,133,Kensington,Brooklyn,0.77
16,Weekend,102,Glendale,Queens,0.77
16,Weekend,217,South Williamsburg,Brooklyn,0.77
16,Weekend,210,Sheepshead Bay,Brooklyn,0.77
16,Weekend,212,Soundview/Bruckner,Bronx,0.77
16,Weekend,26,Borough Park,Brooklyn,0.73
16,Weekend,40,Carroll Gardens,Brooklyn,0.73
16,Weekend,165,Midwood,Brooklyn,0.73
16,Weekend,174,Norwood,Bronx,0.69
16,Weekend,93,Flushing Meadows-Corona Park,Queens,0.65
16,Weekend,22,Bensonhurst West,Brooklyn,0.65
16,Weekend,149,Madison,Brooklyn,0.65
16,Weekend,173,North Corona,Queens,0.65
16,Weekend,86,Far Rockaway,Queens,0.65
16,Weekend,126,Hunts Point,Bronx,0.62
16,Weekend,51,Co-Op City,Bronx,0.62
16,Weekend,257,Windsor Terrace,Brooklyn,0.62
16,Weekend,60,Crotona Park East,Bronx,0.62
16,Weekend,131,Jamaica Estates,Queens,0.58
16,Weekend,191,Queens Village,Queens,0.58
16,Weekend,123,Homecrest,Brooklyn,0.54
16,Weekend,124,Howard Beach,Queens,0.54
16,Weekend,67,Dyker Heights,Brooklyn,0.54
16,Weekend,259,Woodlawn/Wakefield,Bronx,0.5
16,Weekend,252,Whitestone,Queens,0.5
16,Weekend,81,Eastchester,Bronx,0.5
16,Weekend,185,Pelham Parkway,Bronx,0.5
16,Weekend,20,Belmont,Bronx,0.46
16,Weekend,117,Hammels/Arverne,Queens,0.46
16,Weekend,147,Longwood,Bronx,0.46
16,Weekend,38,Cambria Heights,Queens,0.46
16,Weekend,136,Kingsbridge Heights,Bronx,0.46
16,Weekend,94,Fordham South,Bronx,0.42
16,Weekend,202,Roosevelt Island,Manhattan,0.42
16,Weekend,180,Ozone Park,Queens,0.38
16,Weekend,248,West Farms/Bronx River,Bronx,0.38
16,Weekend,121,Hillcrest/Pomonok,Queens,0.38
16,Weekend,29,Brighton Beach,Brooklyn,0.38
16,Weekend,194,Randalls Island,Manhattan,0.31
16,Weekend,3,Allerton/Pelham Gardens,Bronx,0.31
16,Weekend,200,Riverdale/North Riverdale/Fieldston,Bronx,0.31
16,Weekend,150,Manhattan Beach,Brooklyn,0.31
16,Weekend,153,Marble Hill,Manhattan,0.31
16,Weekend,21,Bensonhurst East,Brooklyn,0.31
16,Weekend,135,Kew Gardens Hills,Queens,0.27
16,Weekend,6,Arrochar/Fort Wadsworth,Staten Island,0.27
16,Weekend,178,Ocean Parkway South,Brooklyn,0.27
16,Weekend,32,Bronxdale,Bronx,0.23
16,Weekend,101,Glen Oaks,Queens,0.23
16,Weekend,240,Van Cortlandt Park,Bronx,0.23
16,Weekend,19,Bellerose,Queens,0.23
16,Weekend,250,Westchester Village/Unionport,Bronx,0.19
16,Weekend,203,Rosedale,Queens,0.19
16,Weekend,108,Gravesend,Brooklyn,0.19
16,Weekend,171,Murray Hill-Queens,Queens,0.19
16,Weekend,11,Bath Beach,Brooklyn,0.19
16,Weekend,154,Marine Park/Floyd Bennett Field,Brooklyn,0.19
16,Weekend,183,Pelham Bay,Bronx,0.15
16,Weekend,16,Bayside,Queens,0.15
16,Weekend,207,Saint Michaels Cemetery/Woodside,Queens,0.15
16,Weekend,192,Queensboro Hill,Queens,0.15
16,Weekend,64,Douglaston,Queens,0.15
16,Weekend,31,Bronx Park,Bronx,0.15
16,Weekend,53,College Point,Queens,0.12
16,Weekend,96,Forest Park/Highland Park,Queens,0.12
16,Weekend,122,Hollis,Queens,0.12
16,Weekend,128,Inwood Hill Park,Manhattan,0.12
16,Weekend,1,Newark Airport,EWR,0.08
16,Weekend,253,Willets Point,Queens,0.08
16,Weekend,46,City Island,Bronx,0.08
16,Weekend,139,Laurelton,Queens,0.08
16,Weekend,58,Country Club,Bronx,0.08
16,Weekend,9,Auburndale,Queens,0.08
16,Weekend,214,South Beach/Dongan Hills,Staten Island,0.08
16,Weekend,15,Bay Terrace/Fort Totten,Queens,0.08
16,Weekend,27,Breezy Point/Fort Tilden/Riis Beach,Queens,0.04
16,Weekend,156,Mariners Harbor,Staten Island,0.04
16,Weekend,98,Fresh Meadows,Queens,0.04
16,Weekend,111,Green-Wood Cemetery,Brooklyn,0.04
16,Weekend,184,Pelham Bay Park,Bronx,0.04
16,Weekend,73,East Flushing,Queens,0.04
16,Weekend,54,Columbia Street,Brooklyn,0.04
16,Weekend,201,Rockaway Park,Queens,0.04
16,Weekend,175,Oakland Gardens,Queens,0.04
16,Weekend,30,Broad Channel,Queens,0.04
16,Weekend,120,Highbridge Park,Manhattan,0.04
16,Weekend,59,Crotona Park,Bronx,0.04
17,Weekend,161,Midtown Center,Manhattan,325.0
17,Weekend,237,Upper East Side South,Manhattan,312.5
17,Weekend,236,Upper East Side North,Manhattan,306.73
17,Weekend,132,JFK Airport,Queens,303.92
17,Weekend,230,Times Sq/Theatre District,Manhattan,288.42
17,Weekend,186,Penn Station/Madison Sq West,Manhattan,279.27
17,Weekend,142,Lincoln Square East,Manhattan,258.65
17,Weekend,239,Upper West Side South,Manhattan,243.04
17,Weekend,68,East Chelsea,Manhattan,203.65
17,Weekend,163,Midtown North,Manhattan,200.88
17,Weekend,162,Midtown East,Manhattan,196.88
17,Weekend,234,Union Sq,Manhattan,190.35
17,Weekend,246,West Chelsea/Hudson Yards,Manhattan,185.65
17,Weekend,48,Clinton East,Manhattan,185.38
17,Weekend,138,LaGuardia Airport,Queens,182.54
17,Weekend,141,Lenox Hill West,Manhattan,168.96
17,Weekend,170,Murray Hill,Manhattan,163.77
17,Weekend,249,West Village,Manhattan,161.27
17,Weekend,79,East Village,Manhattan,153.92
17,Weekend,43,Central Park,Manhattan,144.96
17,Weekend,263,Yorkville West,Manhattan,140.35
17,Weekend,164,Midtown South,Manhattan,139.08
17,Weekend,238,Upper West Side North,Manhattan,133.65
17,Weekend,107,Gramercy,Manhattan,132.92
17,Weekend,90,Flatiron,Manhattan,121.31
17,Weekend,144,Little Italy/NoLiTa,Manhattan,119.0
17,Weekend,140,Lenox Hill East,Manhattan,114.96
17,Weekend,113,Greenwich Village North,Manhattan,112.62
17,Weekend,229,Sutton Place/Turtle Bay North,Manhattan,112.27
17,Weekend,114,Greenwich Village South,Manhattan,102.77
17,Weekend,211,SoHo,Manhattan,99.77
17,Weekend,100,Garment District,Manhattan,94.65
17,Weekend,262,Yorkville East,Manhattan,88.27
17,Weekend,231,TriBeCa/Civic Center,Manhattan,86.46
17,Weekend,158,Meatpacking/West Village West,Manhattan,81.19
17,Weekend,143,Lincoln Square West,Manhattan,80.96
17,Weekend,233,UN/Turtle Bay South,Manhattan,76.69
17,Weekend,148,Lower East Side,Manhattan,68.73
17,Weekend,151,Manhattan Valley,Manhattan,66.15
17,Weekend,137,Kips Bay,Manhattan,64.69
17,Weekend,261,World Trade Center,Manhattan,46.73
17,Weekend,166,Morningside Heights,Manhattan,44.96
17,Weekend,87,Financial District North,Manhattan,43.12
17,Weekend,75,East Harlem South,Manhattan,40.77
17,Weekend,13,Battery Park City,Manhattan,39.65
17,Weekend,50,Clinton West,Manhattan,39.12
17,Weekend,125,Hudson Sq,Manhattan,36.12
17,Weekend,41,Central Harlem,Manhattan,30.96
17,Weekend,74,East Harlem North,Manhattan,23.65
17,Weekend,88,Financial District South,Manhattan,22.5
17,Weekend,24,Bloomingdale,Manhattan,19.31
17,Weekend,70,East Elmhurst,Queens,16.15
17,Weekend,209,Seaport,Manhattan,15.77
17,Weekend,42,Central Harlem North,Manhattan,15.0
17,Weekend,232,Two Bridges/Seward Park,Manhattan,14.73
17,Weekend,264,Unknown,Unknown,14.73
17,Weekend,145,Long Island City/Hunters Point,Queens,14.65
17,Weekend,45,Chinatown,Manhattan,13.12
17,Weekend,224,Stuy Town/Peter Cooper Village,Manhattan,12.96
17,Weekend,4,Alphabet City,Manhattan,12.62
17,Weekend,7,Astoria,Queens,11.54
17,Weekend,226,Sunnyside,Queens,11.38
17,Weekend,116,Hamilton Heights,Manhattan,9.19
17,Weekend,244,Washington Heights South,Manhattan,8.62
17,Weekend,66,DUMBO/Vinegar Hill,Brooklyn,8.42
17,Weekend,129,Jackson Heights,Queens,7.81
17,Weekend,65,Downtown Brooklyn/MetroTech,Brooklyn,7.77
17,Weekend,61,Crown Heights North,Brooklyn,7.73
17,Weekend,255,Williamsburg (North Side),Brooklyn,7.5
17,Weekend,82,Elmhurst,Queens,7.15
17,Weekend,152,Manhattanville,Manhattan,7.0
17,Weekend,256,Williamsburg (South Side),Brooklyn,6.85
17,Weekend,33,Brooklyn Heights,Brooklyn,6.73
17,Weekend,97,Fort Greene,Brooklyn,6.65
17,Weekend,181,Park Slope,Brooklyn,6.5
17,Weekend,146,Long Island City/Queens Plaza,Queens,6.31
17,Weekend,25,Boerum Hill,Brooklyn,6.08
17,Weekend,112,Greenpoint,Brooklyn,5.23
17,Weekend,76,East New York,Brooklyn,5.04
17,Weekend,17,Bedford,Brooklyn,4.96
17,Weekend,130,Jamaica,Queens,4.81
17,Weekend,188,Prospect-Lefferts Gardens,Brooklyn,4.77
17,Weekend,260,Woodside,Queens,4.54
17,Weekend,225,Stuyvesant Heights,Brooklyn,4.54
17,Weekend,89,Flatbush/Ditmas Park,Brooklyn,4.38
17,Weekend,49,Clinton Hill,Brooklyn,4.38
17,Weekend,179,Old Astoria,Queens,4.35
17,Weekend,168,Mott Haven/Port Morris,Bronx,3.85
17,Weekend,216,South Ozone Park,Queens,3.85
17,Weekend,37,Bushwick South,Brooklyn,3.85
17,Weekend,223,Steinway,Queens,3.54
17,Weekend,80,East Williamsburg,Brooklyn,3.54
17,Weekend,243,Washington Heights North,Manhattan,3.5
17,Weekend,39,Canarsie,Brooklyn,3.38
17,Weekend,197,Richmond Hill,Queens,3.0
17,Weekend,247,West Concourse,Bronx,3.0
17,Weekend,35,Brownsville,Brooklyn,2.88
17,Weekend,12,Battery Park,Manhattan,2.88
17,Weekend,95,Forest Hills,Queens,2.85
17,Weekend,189,Prospect Heights,Brooklyn,2.77
17,Weekend,196,Rego Park,Queens,2.65
17,Weekend,198,Ridgewood,Queens,2.5
17,Weekend,228,Sunset Park West,Brooklyn,2.5
17,Weekend,72,East Flatbush/Remsen Village,Brooklyn,2.38
17,Weekend,62,Crown Heights South,Brooklyn,2.38
17,Weekend,36,Bushwick North,Brooklyn,2.31
17,Weekend,177,Ocean Hill,Brooklyn,2.27
17,Weekend,40,Carroll Gardens,Brooklyn,2.27
17,Weekend,71,East Flatbush/Farragut,Brooklyn,2.19
17,Weekend,10,Baisley Park,Queens,1.96
17,Weekend,69,East Concourse/Concourse Village,Bronx,1.96
17,Weekend,91,Flatlands,Brooklyn,1.88
17,Weekend,193,Queensbridge/Ravenswood,Queens,1.85
17,Weekend,195,Red Hook,Brooklyn,1.85
17,Weekend,83,Elmhurst/Maspeth,Queens,1.73
17,Weekend,28,Briarwood/Jamaica Hills,Queens,1.69
17,Weekend,52,Cobble Hill,Brooklyn,1.58
17,Weekend,63,Cypress Hills,Brooklyn,1.58
17,Weekend,85,Erasmus,Brooklyn,1.54
17,Weekend,92,Flushing,Queens,1.5
17,Weekend,106,Gowanus,Brooklyn,1.5
17,Weekend,213,Soundview/Castle Hill,Bronx,1.46
17,Weekend,14,Bay Ridge,Brooklyn,1.46
17,Weekend,215,South Jamaica,Queens,1.46
17,Weekend,258,Woodhaven,Queens,1.38
17,Weekend,159,Melrose South,Bronx,1.35
17,Weekend,56,Corona,Queens,1.35
17,Weekend,51,Co-Op City,Bronx,1.35
17,Weekend,77,East New York/Pennsylvania Avenue,Brooklyn,1.35
17,Weekend,127,Inwood,Manhattan,1.31
17,Weekend,190,Prospect Park,Brooklyn,1.27
17,Weekend,212,Soundview/Bruckner,Bronx,1.23
17,Weekend,155,Marine Park/Mill Basin,Brooklyn,1.15
17,Weekend,165,Midwood,Brooklyn,1.15
17,Weekend,205,Saint Albans,Queens,1.12
17,Weekend,134,Kew Gardens,Queens,1.12
17,Weekend,220,Spuyten Duyvil/Kingsbridge,Bronx,1.08
17,Weekend,26,Borough Park,Brooklyn,1.08
17,Weekend,218,Springfield Gardens North,Queens,1.08
17,Weekend,173,North Corona,Queens,1.08
17,Weekend,219,Springfield Gardens South,Queens,1.08
17,Weekend,157,Maspeth,Queens,1.04
17,Weekend,133,Kensington,Brooklyn,1.04
17,Weekend,235,University Heights/Morris Heights,Bronx,0.96
17,Weekend,102,Glendale,Queens,0.96
17,Weekend,210,Sheepshead Bay,Brooklyn,0.96
17,Weekend,126,Hunts Point,Bronx,0.96
17,Weekend,131,Jamaica Estates,Queens,0.96
17,Weekend,169,Mount Hope,Bronx,0.96
17,Weekend,93,Flushing Meadows-Corona Park,Queens,0.92
17,Weekend,119,Highbridge,Bronx,0.88
17,Weekend,227,Sunset Park East,Brooklyn,0.88
17,Weekend,248,West Farms/Bronx River,Bronx,0.88
17,Weekend,182,Parkchester,Bronx,0.85
17,Weekend,167,Morrisania/Melrose,Bronx,0.85
17,Weekend,55,Coney Island,Brooklyn,0.85
17,Weekend,222,Starrett City,Brooklyn,0.81
17,Weekend,60,Crotona Park East,Bronx,0.77
17,Weekend,208,Schuylerville/Edgewater Park,Bronx,0.77
17,Weekend,254,Williamsbridge/Olinville,Bronx,0.73
17,Weekend,217,South Williamsburg,Brooklyn,0.73
17,Weekend,22,Bensonhurst West,Brooklyn,0.73
17,Weekend,160,Middle Village,Queens,0.73
17,Weekend,250,Westchester Village/Unionport,Bronx,0.69
17,Weekend,241,Van Cortlandt Village,Bronx,0.69
17,Weekend,252,Whitestone,Queens,0.69
17,Weekend,94,Fordham South,Bronx,0.65
17,Weekend,242,Van Nest/Morris Park,Bronx,0.65
17,Weekend,147,Longwood,Bronx,0.65
17,Weekend,54,Columbia Street,Brooklyn,0.62
17,Weekend,180,Ozone Park,Queens,0.62
17,Weekend,47,Claremont/Bathgate,Bronx,0.62
17,Weekend,18,Bedford Park,Bronx,0.62
17,Weekend,86,Far Rockaway,Queens,0.62
17,Weekend,139,Laurelton,Queens,0.58
17,Weekend,191,Queens Village,Queens,0.58
17,Weekend,136,Kingsbridge Heights,Bronx,0.58
17,Weekend,121,Hillcrest/Pomonok,Queens,0.54
17,Weekend,34,Brooklyn Navy Yard,Brooklyn,0.54
17,Weekend,135,Kew Gardens Hills,Queens,0.54
17,Weekend,265,Outside NYC,Unknown,0.54
17,Weekend,257,Windsor Terrace,Brooklyn,0.5
17,Weekend,259,Woodlawn/Wakefield,Bronx,0.46
17,Weekend,124,Howard Beach,Queens,0.46
17,Weekend,185,Pelham Parkway,Bronx,0.46
17,Weekend,178,Ocean Parkway South,Brooklyn,0.46
17,Weekend,29,Brighton Beach,Brooklyn,0.42
17,Weekend,32,Bronxdale,Bronx,0.42
17,Weekend,20,Belmont,Bronx,0.42
17,Weekend,78,East Tremont,Bronx,0.42
17,Weekend,21,Bensonhurst East,Brooklyn,0.42
17,Weekend,117,Hammels/Arverne,Queens,0.42
17,Weekend,19,Bellerose,Queens,0.38
17,Weekend,200,Riverdale/North Riverdale/Fieldston,Bronx,0.38
17,Weekend,81,Eastchester,Bronx,0.38
17,Weekend,108,Gravesend,Brooklyn,0.38
17,Weekend,174,Norwood,Bronx,0.38
17,Weekend,202,Roosevelt Island,Manhattan,0.38
17,Weekend,53,College Point,Queens,0.35
17,Weekend,123,Homecrest,Brooklyn,0.35
17,Weekend,16,Bayside,Queens,0.35
17,Weekend,149,Madison,Brooklyn,0.35
17,Weekend,38,Cambria Heights,Queens,0.35
17,Weekend,194,Randalls Island,Manhattan,0.31
17,Weekend,3,Allerton/Pelham Gardens,Bronx,0.31
17,Weekend,150,Manhattan Beach,Brooklyn,0.31
17,Weekend,67,Dyker Heights,Brooklyn,0.31
17,Weekend,153,Marble Hill,Manhattan,0.31
17,Weekend,203,Rosedale,Queens,0.27
17,Weekend,128,Inwood Hill Park,Manhattan,0.27
17,Weekend,122,Hollis,Queens,0.27
17,Weekend,15,Bay Terrace/Fort Totten,Queens,0.27
17,Weekend,207,Saint Michaels Cemetery/Woodside,Queens,0.23
17,Weekend,98,Fresh Meadows,Queens,0.23
17,Weekend,171,Murray Hill-Queens,Queens,0.23
17,Weekend,31,Bronx Park,Bronx,0.19
17,Weekend,6,Arrochar/Fort Wadsworth,Staten Island,0.19
17,Weekend,11,Bath Beach,Brooklyn,0.15
17,Weekend,8,Astoria Park,Queens,0.15
17,Weekend,96,Forest Park/Highland Park,Queens,0.15
17,Weekend,101,Glen Oaks,Queens,0.15
17,Weekend,201,Rockaway Park,Queens,0.15
17,Weekend,46,City Island,Bronx,0.12
17,Weekend,192,Queensboro Hill,Queens,0.12
17,Weekend,183,Pelham Bay,Bronx,0.12
17,Weekend,240,Van Cortlandt Park,Bronx,0.12
17,Weekend,57,Corona,Queens,0.08
17,Weekend,184,Pelham Bay Park,Bronx,0.08
17,Weekend,1,Newark Airport,EWR,0.08
17,Weekend,9,Auburndale,Queens,0.08
17,Weekend,154,Marine Park/Floyd Bennett Field,Brooklyn,0.08
17,Weekend,175,Oakland Gardens,Queens,0.08
17,Weekend,172,New Dorp/Midland Beach,Staten Island,0.04
17,Weekend,73,East Flushing,Queens,0.04
17,Weekend,59,Crotona Park,Bronx,0.04
18,Weekend,237,Upper East Side South,Manhattan,308.12
18,Weekend,161,Midtown Center,Manhattan,299.73
18,Weekend,236,Upper East Side North,Manhattan,296.96
18,Weekend,142,Lincoln Square East,Manhattan,286.62
18,Weekend,132,JFK Airport,Queens,286.54
18,Weekend,230,Times Sq/Theatre District,Manhattan,262.85
18,Weekend,186,Penn Station/Madison Sq West,Manhattan,241.54
18,Weekend,239,Upper West Side South,Manhattan,221.73
18,Weekend,68,East Chelsea,Manhattan,215.08
18,Weekend,162,Midtown East,Manhattan,209.46
18,Weekend,249,West Village,Manhattan,208.23
18,Weekend,48,Clinton East,Manhattan,204.23
18,Weekend,79,East Village,Manhattan,203.46
18,Weekend,163,Midtown North,Manhattan,203.46
18,Weekend,234,Union Sq,Manhattan,201.42
18,Weekend,141,Lenox Hill West,Manhattan,191.58
18,Weekend,170,Murray Hill,Manhattan,183.08
18,Weekend,138,LaGuardia Airport,Queens,169.85
18,Weekend,246,West Chelsea/Hudson Yards,Manhattan,165.85
18,Weekend,263,Yorkville West,Manhattan,160.27
18,Weekend,107,Gramercy,Manhattan,159.23
18,Weekend,164,Midtown South,Manhattan,153.46
18,Weekend,238,Upper West Side North,Manhattan,151.0
18,Weekend,90,Flatiron,Manhattan,140.62
18,Weekend,229,Sutton Place/Turtle Bay North,Manhattan,132.08
18,Weekend,114,Greenwich Village South,Manhattan,127.96
18,Weekend,113,Greenwich Village North,Manhattan,123.58
18,Weekend,144,Little Italy/NoLiTa,Manhattan,117.58
18,Weekend,140,Lenox Hill East,Manhattan,117.0
18,Weekend,231,TriBeCa/Civic Center,Manhattan,107.73
18,Weekend,100,Garment District,Manhattan,102.04
18,Weekend,211,SoHo,Manhattan,97.81
18,Weekend,143,Lincoln Square West,Manhattan,97.42
18,Weekend,43,Central Park,Manhattan,97.27
18,Weekend,262,Yorkville East,Manhattan,92.58
18,Weekend,137,Kips Bay,Manhattan,87.0
18,Weekend,158,Meatpacking/West Village West,Manhattan,84.27
18,Weekend,148,Lower East Side,Manhattan,82.42
18,Weekend,233,UN/Turtle Bay South,Manhattan,81.46
18,Weekend,151,Manhattan Valley,Manhattan,71.85
18,Weekend,87,Financial District North,Manhattan,52.62
18,Weekend,50,Clinton West,Manhattan,49.04
18,Weekend,166,Morningside Heights,Manhattan,45.04
18,Weekend,75,East Harlem South,Manhattan,43.73
18,Weekend,261,World Trade Center,Manhattan,43.0
18,Weekend,13,Battery Park City,Manhattan,42.46
18,Weekend,125,Hudson Sq,Manhattan,40.46
18,Weekend,41,Central Harlem,Manhattan,36.65
18,Weekend,74,East Harlem North,Manhattan,27.88
18,Weekend,88,Financial District South,Manhattan,21.85
18,Weekend,24,Bloomingdale,Manhattan,21.81
18,Weekend,232,Two Bridges/Seward Park,Manhattan,20.92
18,Weekend,4,Alphabet City,Manhattan,20.88
18,Weekend,42,Central Harlem North,Manhattan,19.96
18,Weekend,145,Long Island City/Hunters Point,Queens,19.65
18,Weekend,45,Chinatown,Manhattan,19.35
18,Weekend,224,Stuy Town/Peter Cooper Village,Manhattan,18.23
18,Weekend,209,Seaport,Manhattan,18.08
18,Weekend,7,Astoria,Queens,16.46
18,Weekend,70,East Elmhurst,Queens,15.5
18,Weekend,264,Unknown,Unknown,14.35
18,Weekend,244,Washington Heights South,Manhattan,13.92
18,Weekend,255,Williamsburg (North Side),Brooklyn,13.42
18,Weekend,116,Hamilton Heights,Manhattan,12.85
18,Weekend,226,Sunnyside,Queens,12.0
18,Weekend,97,Fort Greene,Brooklyn,10.31
18,Weekend,33,Brooklyn Heights,Brooklyn,9.96
18,Weekend,112,Greenpoint,Brooklyn,9.96
18,Weekend,181,Park Slope,Brooklyn,9.77
18,Weekend,152,Manhattanville,Manhattan,9.73
18,Weekend,65,Downtown Brooklyn/MetroTech,Brooklyn,9.69
18,Weekend,256,Williamsburg (South Side),Brooklyn,9.5
18,Weekend,61,Crown Heights North,Brooklyn,9.35
18,Weekend,66,DUMBO/Vinegar Hill,Brooklyn,9.23
18,Weekend,146,Long Island City/Queens Plaza,Queens,8.42
18,Weekend,82,Elmhurst,Queens,8.38
18,Weekend,129,Jackson Heights,Queens,8.35
18,Weekend,25,Boerum Hill,Brooklyn,7.73
18,Weekend,188,Prospect-Lefferts Gardens,Brooklyn,6.62
18,Weekend,260,Woodside,Queens,6.58
18,Weekend,130,Jamaica,Queens,6.15
18,Weekend,179,Old Astoria,Queens,6.04
18,Weekend,243,Washington Heights North,Manhattan,5.92
18,Weekend,37,Bushwick South,Brooklyn,5.81
18,Weekend,76,East New York,Brooklyn,5.73
18,Weekend,80,East Williamsburg,Brooklyn,5.62
18,Weekend,89,Flatbush/Ditmas Park,Brooklyn,5.54
18,Weekend,17,Bedford,Brooklyn,5.38
18,Weekend,223,Steinway,Queens,5.31
18,Weekend,225,Stuyvesant Heights,Brooklyn,5.23
18,Weekend,168,Mott Haven/Port Morris,Bronx,4.96
18,Weekend,49,Clinton Hill,Brooklyn,4.65
18,Weekend,95,Forest Hills,Queens,4.08
18,Weekend,36,Bushwick North,Brooklyn,4.04
18,Weekend,216,South Ozone Park,Queens,3.69
18,Weekend,39,Canarsie,Brooklyn,3.62
18,Weekend,189,Prospect Heights,Brooklyn,3.58
18,Weekend,228,Sunset Park West,Brooklyn,3.35
18,Weekend,198,Ridgewood,Queens,3.23
18,Weekend,247,West Concourse,Bronx,3.15
18,Weekend,177,Ocean Hill,Brooklyn,3.08
18,Weekend,197,Richmond Hill,Queens,3.08
18,Weekend,127,Inwood,Manhattan,3.0
18,Weekend,193,Queensbridge/Ravenswood,Queens,2.92
18,Weekend,35,Brownsville,Brooklyn,2.88
18,Weekend,196,Rego Park,Queens,2.81
18,Weekend,91,Flatlands,Brooklyn,2.62
18,Weekend,40,Carroll Gardens,Brooklyn,2.58
18,Weekend,62,Crown Heights South,Brooklyn,2.58
18,Weekend,72,East Flatbush/Remsen Village,Brooklyn,2.54
18,Weekend,52,Cobble Hill,Brooklyn,2.5
18,Weekend,106,Gowanus,Brooklyn,2.46
18,Weekend,83,Elmhurst/Maspeth,Queens,2.38
18,Weekend,10,Baisley Park,Queens,2.38
18,Weekend,71,East Flatbush/Farragut,Brooklyn,2.31
18,Weekend,28,Briarwood/Jamaica Hills,Queens,2.27
18,Weekend,85,Erasmus,Brooklyn,2.19
18,Weekend,155,Marine Park/Mill Basin,Brooklyn,2.15
18,Weekend,195,Red Hook,Brooklyn,2.12
18,Weekend,63,Cypress Hills,Brooklyn,2.08
18,Weekend,51,Co-Op City,Bronx,2.08
18,Weekend,56,Corona,Queens,2.0
18,Weekend,92,Flushing,Queens,1.92
18,Weekend,160,Middle Village,Queens,1.92
18,Weekend,14,Bay Ridge,Brooklyn,1.92
18,Weekend,159,Melrose South,Bronx,1.85
18,Weekend,215,South Jamaica,Queens,1.77
18,Weekend,69,East Concourse/Concourse Village,Bronx,1.73
18,Weekend,220,Spuyten Duyvil/Kingsbridge,Bronx,1.69
18,Weekend,157,Maspeth,Queens,1.65
18,Weekend,213,Soundview/Castle Hill,Bronx,1.65
18,Weekend,258,Woodhaven,Queens,1.65
18,Weekend,102,Glendale,Queens,1.5
18,Weekend,134,Kew Gardens,Queens,1.46
18,Weekend,173,North Corona,Queens,1.46
18,Weekend,254,Williamsbridge/Olinville,Bronx,1.42
18,Weekend,133,Kensington,Brooklyn,1.38
18,Weekend,55,Coney Island,Brooklyn,1.38
18,Weekend,18,Bedford Park,Bronx,1.38
18,Weekend,26,Borough Park,Brooklyn,1.31
18,Weekend,205,Saint Albans,Queens,1.27
18,Weekend,169,Mount Hope,Bronx,1.27
18,Weekend,126,Hunts Point,Bronx,1.27
18,Weekend,22,Bensonhurst West,Brooklyn,1.23
18,Weekend,167,Morrisania/Melrose,Bronx,1.23
18,Weekend,250,Westchester Village/Unionport,Bronx,1.19
18,Weekend,77,East New York/Pennsylvania Avenue,Brooklyn,1.19
18,Weekend,78,East Tremont,Bronx,1.19
18,Weekend,210,Sheepshead Bay,Brooklyn,1.19
18,Weekend,182,Parkchester,Bronx,1.15
18,Weekend,165,Midwood,Brooklyn,1.15
18,Weekend,257,Windsor Terrace,Brooklyn,1.12
18,Weekend,12,Battery Park,Manhattan,1.08
18,Weekend,217,South Williamsburg,Brooklyn,1.08
18,Weekend,119,Highbridge,Bronx,1.04
18,Weekend,242,Van Nest/Morris Park,Bronx,1.04
18,Weekend,135,Kew Gardens Hills,Queens,1.0
18,Weekend,235,University Heights/Morris Heights,Bronx,1.0
18,Weekend,227,Sunset Park East,Brooklyn,0.96
18,Weekend,219,Springfield Gardens South,Queens,0.96
18,Weekend,212,Soundview/Bruckner,Bronx,0.96
18,Weekend,153,Marble Hill,Manhattan,0.92
18,Weekend,34,Brooklyn Navy Yard,Brooklyn,0.92
18,Weekend,191,Queens Village,Queens,0.92
18,Weekend,241,Van Cortlandt Village,Bronx,0.92
18,Weekend,54,Columbia Street,Brooklyn,0.88
18,Weekend,81,Eastchester,Bronx,0.88
18,Weekend,248,West Farms/Bronx River,Bronx,0.85
18,Weekend,123,Homecrest,Brooklyn,0.85
18,Weekend,218,Springfield Gardens North,Queens,0.85
18,Weekend,190,Prospect Park,Brooklyn,0.81
18,Weekend,222,Starrett City,Brooklyn,0.77
18,Weekend,121,Hillcrest/Pomonok,Queens,0.77
18,Weekend,208,Schuylerville/Edgewater Park,Bronx,0.77
18,Weekend,47,Claremont/Bathgate,Bronx,0.77
18,Weekend,180,Ozone Park,Queens,0.73
18,Weekend,147,Longwood,Bronx,0.73
18,Weekend,202,Roosevelt Island,Manhattan,0.73
18,Weekend,265,Outside NYC,Unknown,0.73
18,Weekend,124,Howard Beach,Queens,0.69
18,Weekend,149,Madison,Brooklyn,0.69
18,Weekend,200,Riverdale/North Riverdale/Fieldston,Bronx,0.69
18,Weekend,203,Rosedale,Queens,0.69
18,Weekend,174,Norwood,Bronx,0.69
18,Weekend,20,Belmont,Bronx,0.65
18,Weekend,94,Fordham South,Bronx,0.62
18,Weekend,29,Brighton Beach,Brooklyn,0.62
18,Weekend,53,College Point,Queens,0.58
18,Weekend,93,Flushing Meadows-Corona Park,Queens,0.58
18,Weekend,259,Woodlawn/Wakefield,Bronx,0.58
18,Weekend,185,Pelham Parkway,Bronx,0.58
18,Weekend,60,Crotona Park East,Bronx,0.58
18,Weekend,3,Allerton/Pelham Gardens,Bronx,0.54
18,Weekend,194,Randalls Island,Manhattan,0.54
18,Weekend,136,Kingsbridge Heights,Bronx,0.54
18,Weekend,67,Dyker Heights,Brooklyn,0.54
18,Weekend,150,Manhattan Beach,Brooklyn,0.54
18,Weekend,86,Far Rockaway,Queens,0.5
18,Weekend,32,Bronxdale,Bronx,0.46
18,Weekend,122,Hollis,Queens,0.42
18,Weekend,16,Bayside,Queens,0.42
18,Weekend,19,Bellerose,Queens,0.42
18,Weekend,117,Hammels/Arverne,Queens,0.42
18,Weekend,21,Bensonhurst East,Brooklyn,0.42
18,Weekend,131,Jamaica Estates,Queens,0.42
18,Weekend,252,Whitestone,Queens,0.42
18,Weekend,171,Murray Hill-Queens,Queens,0.38
18,Weekend,139,Laurelton,Queens,0.35
18,Weekend,201,Rockaway Park,Queens,0.35
18,Weekend,73,East Flushing,Queens,0.31
18,Weekend,108,Gravesend,Brooklyn,0.31
18,Weekend,183,Pelham Bay,Bronx,0.27
18,Weekend,11,Bath Beach,Brooklyn,0.27
18,Weekend,192,Queensboro Hill,Queens,0.27
18,Weekend,178,Ocean Parkway South,Brooklyn,0.27
18,Weekend,120,Highbridge Park,Manhattan,0.23
18,Weekend,31,Bronx Park,Bronx,0.19
18,Weekend,6,Arrochar/Fort Wadsworth,Staten Island,0.19
18,Weekend,15,Bay Terrace/Fort Totten,Queens,0.19
18,Weekend,98,Fresh Meadows,Queens,0.15
18,Weekend,46,City Island,Bronx,0.15
18,Weekend,64,Douglaston,Queens,0.12
18,Weekend,38,Cambria Heights,Queens,0.12
18,Weekend,206,Saint George/New Brighton,Staten Island,0.12
18,Weekend,154,Marine Park/Floyd Bennett Field,Brooklyn,0.12
18,Weekend,9,Auburndale,Queens,0.12
18,Weekend,27,Breezy Point/Fort Tilden/Riis Beach,Queens,0.08
18,Weekend,184,Pelham Bay Park,Bronx,0.08
18,Weekend,207,Saint Michaels Cemetery/Woodside,Queens,0.08
18,Weekend,214,South Beach/Dongan Hills,Staten Island,0.08
18,Weekend,175,Oakland Gardens,Queens,0.08
18,Weekend,58,Country Club,Bronx,0.08
18,Weekend,253,Willets Point,Queens,0.04
18,Weekend,101,Glen Oaks,Queens,0.04
18,Weekend,221,Stapleton,Staten Island,0.04
18,Weekend,1,Newark Airport,EWR,0.04
18,Weekend,118,Heartland Village/Todt Hill,Staten Island,0.04
18,Weekend,30,Broad Channel,Queens,0.04
18,Weekend,57,Corona,Queens,0.04
18,Weekend,240,Van Cortlandt Park,Bronx,0.04
19,Weekend,132,JFK Airport,Queens,332.19
19,Weekend,237,Upper East Side South,Manhattan,251.85
19,Weekend,79,East Village,Manhattan,244.38
19,Weekend,142,Lincoln Square East,Manhattan,238.0
19,Weekend,236,Upper East Side North,Manhattan,231.69
19,Weekend,161,Midtown Center,Manhattan,230.35
19,Weekend,186,Penn Station/Madison Sq West,Manhattan,229.38
19,Weekend,249,West Village,Manhattan,228.62
19,Weekend,68,East Chelsea,Manhattan,211.54
19,Weekend,230,Times Sq/Theatre District,Manhattan,211.08
19,Weekend,234,Union Sq,Manhattan,205.35
19,Weekend,48,Clinton East,Manhattan,198.35
19,Weekend,239,Upper West Side South,Manhattan,198.35
19,Weekend,170,Murray Hill,Manhattan,184.85
19,Weekend,163,Midtown North,Manhattan,184.69
19,Weekend,138,LaGuardia Airport,Queens,182.65
19,Weekend,162,Midtown East,Manhattan,180.0
19,Weekend,141,Lenox Hill West,Manhattan,179.08
19,Weekend,107,Gramercy,Manhattan,167.5
19,Weekend,164,Midtown South,Manhattan,164.35
19,Weekend,263,Yorkville West,Manhattan,148.15
19,Weekend,114,Greenwich Village South,Manhattan,146.19
19,Weekend,246,West Chelsea/Hudson Yards,Manhattan,138.27
19,Weekend,90,Flatiron,Manhattan,137.5
19,Weekend,238,Upper West Side North,Manhattan,127.46
19,Weekend,229,Sutton Place/Turtle Bay North,Manhattan,126.0
19,Weekend,113,Greenwich Village North,Manhattan,123.46
19,Weekend,144,Little Italy/NoLiTa,Manhattan,108.62
19,Weekend,140,Lenox Hill East,Manhattan,107.46
19,Weekend,231,TriBeCa/Civic Center,Manhattan,101.65
19,Weekend,148,Lower East Side,Manhattan,94.58
19,Weekend,137,Kips Bay,Manhattan,94.35
19,Weekend,158,Meatpacking/West Village West,Manhattan,90.19
19,Weekend,100,Garment District,Manhattan,86.0
19,Weekend,233,UN/Turtle Bay South,Manhattan,84.27
19,Weekend,211,SoHo,Manhattan,80.65
19,Weekend,43,Central Park,Manhattan,78.23
19,Weekend,143,Lincoln Square West,Manhattan,77.65
19,Weekend,262,Yorkville East,Manhattan,70.42
19,Weekend,87,Financial District North,Manhattan,55.19
19,Weekend,151,Manhattan Valley,Manhattan,54.46
19,Weekend,50,Clinton West,Manhattan,43.81
19,Weekend,75,East Harlem South,Manhattan,43.31
19,Weekend,125,Hudson Sq,Manhattan,42.77
19,Weekend,166,Morningside Heights,Manhattan,38.88
19,Weekend,261,World Trade Center,Manhattan,36.73
19,Weekend,13,Battery Park City,Manhattan,33.12
19,Weekend,41,Central Harlem,Manhattan,33.08
19,Weekend,74,East Harlem North,Manhattan,24.73
19,Weekend,4,Alphabet City,Manhattan,22.73
19,Weekend,209,Seaport,Manhattan,20.77
19,Weekend,88,Financial District South,Manhattan,20.69
19,Weekend,232,Two Bridges/Seward Park,Manhattan,20.54
19,Weekend,45,Chinatown,Manhattan,20.0
19,Weekend,24,Bloomingdale,Manhattan,19.27
19,Weekend,224,Stuy Town/Peter Cooper Village,Manhattan,19.08
19,Weekend,42,Central Harlem North,Manhattan,18.38
19,Weekend,145,Long Island City/Hunters Point,Queens,17.12
19,Weekend,70,East Elmhurst,Queens,16.19
19,Weekend,255,Williamsburg (North Side),Brooklyn,15.62
19,Weekend,7,Astoria,Queens,15.42
19,Weekend,244,Washington Heights South,Manhattan,14.54
19,Weekend,226,Sunnyside,Queens,13.31
19,Weekend,264,Unknown,Unknown,12.96
19,Weekend,116,Hamilton Heights,Manhattan,12.65
19,Weekend,256,Williamsburg (South Side),Brooklyn,12.23
19,Weekend,112,Greenpoint,Brooklyn,11.73
19,Weekend,61,Crown Heights North,Brooklyn,10.35
19,Weekend,152,Manhattanville,Manhattan,9.81
19,Weekend,181,Park Slope,Brooklyn,9.38
19,Weekend,97,Fort Greene,Brooklyn,9.0
19,Weekend,33,Brooklyn Heights,Brooklyn,8.81
19,Weekend,82,Elmhurst,Queens,8.77
19,Weekend,25,Boerum Hill,Brooklyn,8.54
19,Weekend,65,Downtown Brooklyn/MetroTech,Brooklyn,7.77
19,Weekend,129,Jackson Heights,Queens,7.69
19,Weekend,146,Long Island City/Queens Plaza,Queens,7.62
19,Weekend,37,Bushwick South,Brooklyn,7.58
19,Weekend,66,DUMBO/Vinegar Hill,Brooklyn,7.38
19,Weekend,76,East New York,Brooklyn,7.35
19,Weekend,130,Jamaica,Queens,6.92
19,Weekend,243,Washington Heights North,Manhattan,6.77
19,Weekend,188,Prospect-Lefferts Gardens,Brooklyn,6.65
19,Weekend,260,Woodside,Queens,6.58
19,Weekend,80,East Williamsburg,Brooklyn,6.54
19,Weekend,17,Bedford,Brooklyn,6.31
19,Weekend,49,Clinton Hill,Brooklyn,6.31
19,Weekend,225,Stuyvesant Heights,Brooklyn,5.92
19,Weekend,89,Flatbush/Ditmas Park,Brooklyn,5.88
19,Weekend,95,Forest Hills,Queens,5.77
19,Weekend,223,Steinway,Queens,5.35
19,Weekend,216,South Ozone Park,Queens,5.27
19,Weekend,36,Bushwick North,Brooklyn,5.15
19,Weekend,179,Old Astoria,Queens,4.77
19,Weekend,168,Mott Haven/Port Morris,Bronx,4.69
19,Weekend,39,Canarsie,Brooklyn,3.88
19,Weekend,197,Richmond Hill,Queens,3.85
19,Weekend,92,Flushing,Queens,3.77
19,Weekend,189,Prospect Heights,Brooklyn,3.73
19,Weekend,228,Sunset Park West,Brooklyn,3.73
19,Weekend,198,Ridgewood,Queens,3.19
19,Weekend,91,Flatlands,Brooklyn,3.19
19,Weekend,247,West Concourse,Bronx,3.19
19,Weekend,177,Ocean Hill,Brooklyn,3.08
19,Weekend,35,Brownsville,Brooklyn,3.08
19,Weekend,196,Rego Park,Queens,2.92
19,Weekend,72,East Flatbush/Remsen Village,Brooklyn,2.88
19,Weekend,62,Crown Heights South,Brooklyn,2.88
19,Weekend,14,Bay Ridge,Brooklyn,2.88
19,Weekend,85,Erasmus,Brooklyn,2.85
19,Weekend,215,South Jamaica,Queens,2.77
19,Weekend,52,Cobble Hill,Brooklyn,2.69
19,Weekend,56,Corona,Queens,2.65
19,Weekend,10,Baisley Park,Queens,2.5
19,Weekend,40,Carroll Gardens,Brooklyn,2.38
19,Weekend,159,Melrose South,Bronx,2.31
19,Weekend,127,Inwood,Manhattan,2.23
19,Weekend,51,Co-Op City,Bronx,2.23
19,Weekend,195,Red Hook,Brooklyn,2.23
19,Weekend,28,Briarwood/Jamaica Hills,Queens,2.15
19,Weekend,155,Marine Park/Mill Basin,Brooklyn,2.15
19,Weekend,157,Maspeth,Queens,2.08
19,Weekend,71,East Flatbush/Farragut,Brooklyn,2.08
19,Weekend,173,North Corona,Queens,2.04
19,Weekend,77,East New York/Pennsylvania Avenue,Brooklyn,2.04
19,Weekend,26,Borough Park,Brooklyn,2.0
19,Weekend,235,University Heights/Morris Heights,Bronx,1.96
19,Weekend,160,Middle Village,Queens,1.92
19,Weekend,63,Cypress Hills,Brooklyn,1.85
19,Weekend,83,Elmhurst/Maspeth,Queens,1.81
19,Weekend,169,Mount Hope,Bronx,1.77
19,Weekend,134,Kew Gardens,Queens,1.73
19,Weekend,55,Coney Island,Brooklyn,1.69
19,Weekend,106,Gowanus,Brooklyn,1.65
19,Weekend,126,Hunts Point,Bronx,1.62
19,Weekend,193,Queensbridge/Ravenswood,Queens,1.62
19,Weekend,119,Highbridge,Bronx,1.54
19,Weekend,254,Williamsbridge/Olinville,Bronx,1.5
19,Weekend,133,Kensington,Brooklyn,1.5
19,Weekend,219,Springfield Gardens South,Queens,1.46
19,Weekend,102,Glendale,Queens,1.38
19,Weekend,167,Morrisania/Melrose,Bronx,1.38
19,Weekend,69,East Concourse/Concourse Village,Bronx,1.38
19,Weekend,18,Bedford Park,Bronx,1.35
19,Weekend,258,Woodhaven,Queens,1.35
19,Weekend,213,Soundview/Castle Hill,Bronx,1.27
19,Weekend,205,Saint Albans,Queens,1.27
19,Weekend,218,Springfield Gardens North,Queens,1.27
19,Weekend,242,Van Nest/Morris Park,Bronx,1.15
19,Weekend,78,East Tremont,Bronx,1.15
19,Weekend,220,Spuyten Duyvil/Kingsbridge,Bronx,1.15
19,Weekend,217,South Williamsburg,Brooklyn,1.12
19,Weekend,241,Van Cortlandt Village,Bronx,1.08
19,Weekend,165,Midwood,Brooklyn,1.08
19,Weekend,121,Hillcrest/Pomonok,Queens,1.04
19,Weekend,257,Windsor Terrace,Brooklyn,1.04
19,Weekend,123,Homecrest,Brooklyn,1.0
19,Weekend,60,Crotona Park East,Bronx,1.0
19,Weekend,227,Sunset Park East,Brooklyn,1.0
19,Weekend,93,Flushing Meadows-Corona Park,Queens,0.96
19,Weekend,210,Sheepshead Bay,Brooklyn,0.96
19,Weekend,124,Howard Beach,Queens,0.96
19,Weekend,252,Whitestone,Queens,0.96
19,Weekend,147,Longwood,Bronx,0.96
19,Weekend,34,Brooklyn Navy Yard,Brooklyn,0.92
19,Weekend,182,Parkchester,Bronx,0.92
19,Weekend,180,Ozone Park,Queens,0.92
19,Weekend,212,Soundview/Bruckner,Bronx,0.92
19,Weekend,47,Claremont/Bathgate,Bronx,0.92
19,Weekend,248,West Farms/Bronx River,Bronx,0.92
19,Weekend,208,Schuylerville/Edgewater Park,Bronx,0.92
19,Weekend,192,Queensboro Hill,Queens,0.88
19,Weekend,250,Westchester Village/Unionport,Bronx,0.88
19,Weekend,135,Kew Gardens Hills,Queens,0.88
19,Weekend,191,Queens Village,Queens,0.88
19,Weekend,54,Columbia Street,Brooklyn,0.85
19,Weekend,20,Belmont,Bronx,0.85
19,Weekend,22,Bensonhurst West,Brooklyn,0.85
19,Weekend,149,Madison,Brooklyn,0.85
19,Weekend,174,Norwood,Bronx,0.81
19,Weekend,86,Far Rockaway,Queens,0.77
19,Weekend,136,Kingsbridge Heights,Bronx,0.77
19,Weekend,53,College Point,Queens,0.69
19,Weekend,12,Battery Park,Manhattan,0.69
19,Weekend,150,Manhattan Beach,Brooklyn,0.69
19,Weekend,122,Hollis,Queens,0.69
19,Weekend,185,Pelham Parkway,Bronx,0.69
19,Weekend,265,Outside NYC,Unknown,0.69
19,Weekend,200,Riverdale/North Riverdale/Fieldston,Bronx,0.65
19,Weekend,32,Bronxdale,Bronx,0.65
19,Weekend,222,Starrett City,Brooklyn,0.65
19,Weekend,131,Jamaica Estates,Queens,0.65
19,Weekend,259,Woodlawn/Wakefield,Bronx,0.62
19,Weekend,139,Laurelton,Queens,0.62
19,Weekend,29,Brighton Beach,Brooklyn,0.62
19,Weekend,94,Fordham South,Bronx,0.62
19,Weekend,81,Eastchester,Bronx,0.62
19,Weekend,190,Prospect Park,Brooklyn,0.62
19,Weekend,117,Hammels/Arverne,Queens,0.62
19,Weekend,183,Pelham Bay,Bronx,0.58
19,Weekend,202,Roosevelt Island,Manhattan,0.58
19,Weekend,171,Murray Hill-Queens,Queens,0.54
19,Weekend,67,Dyker Heights,Brooklyn,0.5
19,Weekend,203,Rosedale,Queens,0.46
19,Weekend,194,Randalls Island,Manhattan,0.46
19,Weekend,153,Marble Hill,Manhattan,0.46
19,Weekend,16,Bayside,Queens,0.42
19,Weekend,15,Bay Terrace/Fort Totten,Queens,0.42
19,Weekend,21,Bensonhurst East,Brooklyn,0.42
19,Weekend,11,Bath Beach,Brooklyn,0.38
19,Weekend,3,Allerton/Pelham Gardens,Bronx,0.35
19,Weekend,101,Glen Oaks,Queens,0.35
19,Weekend,154,Marine Park/Floyd Bennett Field,Brooklyn,0.31
19,Weekend,9,Auburndale,Queens,0.31
19,Weekend,46,City Island,Bronx,0.27
19,Weekend,73,East Flushing,Queens,0.27
19,Weekend,98,Fresh Meadows,Queens,0.27
19,Weekend,201,Rockaway Park,Queens,0.27
19,Weekend,108,Gravesend,Brooklyn,0.27
19,Weekend,207,Saint Michaels Cemetery/Woodside,Queens,0.23
19,Weekend,64,Douglaston,Queens,0.23
19,Weekend,178,Ocean Parkway South,Brooklyn,0.23
19,Weekend,57,Corona,Queens,0.19
19,Weekend,128,Inwood Hill Park,Manhattan,0.19
19,Weekend,58,Country Club,Bronx,0.15
19,Weekend,31,Bronx Park,Bronx,0.15
19,Weekend,19,Bellerose,Queens,0.12
19,Weekend,23,Bloomfield/Emerson Hill,Staten Island,0.12
19,Weekend,184,Pelham Bay Park,Bronx,0.12
19,Weekend,120,Highbridge Park,Manhattan,0.12
19,Weekend,96,Forest Park/Highland Park,Queens,0.12
19,Weekend,175,Oakland Gardens,Queens,0.12
19,Weekend,38,Cambria Heights,Queens,0.12
19,Weekend,253,Willets Point,Queens,0.08
19,Weekend,240,Van Cortlandt Park,Bronx,0.08
19,Weekend,214,South Beach/Dongan Hills,Staten Island,0.08
19,Weekend,59,Crotona Park,Bronx,0.08
19,Weekend,1,Newark Airport,EWR,0.04
19,Weekend,8,Astoria Park,Queens,0.04
19,Weekend,115,Grymes Hill/Clifton,Staten Island,0.04
19,Weekend,187,Port Richmond,Staten Island,0.04
20,Weekend,132,JFK Airport,Queens,321.46
20,Weekend,79,East Village,Manhattan,254.0
20,Weekend,249,West Village,Manhattan,237.23
20,Weekend,186,Penn Station/Madison Sq West,Manhattan,228.69
20,Weekend,142,Lincoln Square East,Manhattan,202.81
20,Weekend,237,Upper East Side South,Manhattan,192.85
20,Weekend,234,Union Sq,Manhattan,184.15
20,Weekend,230,Times Sq/Theatre District,Manhattan,179.0
20,Weekend,236,Upper East Side North,Manhattan,177.77
20,Weekend,68,East Chelsea,Manhattan,175.15
20,Weekend,138,LaGuardia Airport,Queens,166.96
20,Weekend,161,Midtown Center,Manhattan,165.5
20,Weekend,48,Clinton East,Manhattan,165.38
20,Weekend,239,Upper West Side South,Manhattan,160.31
20,Weekend,170,Murray Hill,Manhattan,153.23
20,Weekend,114,Greenwich Village South,Manhattan,151.31
20,Weekend,107,Gramercy,Manhattan,149.88
20,Weekend,141,Lenox Hill West,Manhattan,147.27
20,Weekend,164,Midtown South,Manhattan,143.81
20,Weekend,162,Midtown East,Manhattan,140.69
20,Weekend,263,Yorkville West,Manhattan,130.54
20,Weekend,163,Midtown North,Manhattan,129.08
20,Weekend,90,Flatiron,Manhattan,115.54
20,Weekend,113,Greenwich Village North,Manhattan,113.65
20,Weekend,246,West Chelsea/Hudson Yards,Manhattan,112.08
20,Weekend,144,Little Italy/NoLiTa,Manhattan,103.85
20,Weekend,148,Lower East Side,Manhattan,100.35
20,Weekend,229,Sutton Place/Turtle Bay North,Manhattan,95.15
20,Weekend,238,Upper West Side North,Manhattan,89.62
20,Weekend,231,TriBeCa/Civic Center,Manhattan,87.38
20,Weekend,158,Meatpacking/West Village West,Manhattan,85.58
20,Weekend,140,Lenox Hill East,Manhattan,85.04
20,Weekend,137,Kips Bay,Manhattan,78.42
20,Weekend,100,Garment District,Manhattan,75.38
20,Weekend,43,Central Park,Manhattan,66.35
20,Weekend,211,SoHo,Manhattan,66.19
20,Weekend,233,UN/Turtle Bay South,Manhattan,61.85
20,Weekend,143,Lincoln Square West,Manhattan,52.04
20,Weekend,87,Financial District North,Manhattan,51.23
20,Weekend,262,Yorkville East,Manhattan,47.12
20,Weekend,151,Manhattan Valley,Manhattan,43.08
20,Weekend,125,Hudson Sq,Manhattan,37.77
20,Weekend,166,Morningside Heights,Manhattan,35.35
20,Weekend,75,East Harlem South,Manhattan,32.85
20,Weekend,50,Clinton West,Manhattan,32.04
20,Weekend,41,Central Harlem,Manhattan,31.27
20,Weekend,261,World Trade Center,Manhattan,24.73
20,Weekend,13,Battery Park City,Manhattan,21.08
20,Weekend,45,Chinatown,Manhattan,20.81
20,Weekend,74,East Harlem North,Manhattan,20.69
20,Weekend,232,Two Bridges/Seward Park,Manhattan,19.81
20,Weekend,4,Alphabet City,Manhattan,19.23
20,Weekend,70,East Elmhurst,Queens,18.88
20,Weekend,209,Seaport,Manhattan,18.5
20,Weekend,88,Financial District South,Manhattan,18.27
20,Weekend,42,Central Harlem North,Manhattan,17.69
20,Weekend,24,Bloomingdale,Manhattan,15.92
20,Weekend,224,Stuy Town/Peter Cooper Village,Manhattan,14.69
20,Weekend,145,Long Island City/Hunters Point,Queens,13.19
20,Weekend,7,Astoria,Queens,13.12
20,Weekend,255,Williamsburg (North Side),Brooklyn,12.42
20,Weekend,116,Hamilton Heights,Manhattan,12.42
20,Weekend,244,Washington Heights South,Manhattan,12.23
20,Weekend,256,Williamsburg (South Side),Brooklyn,10.81
20,Weekend,264,Unknown,Unknown,10.77
20,Weekend,226,Sunnyside,Queens,10.77
20,Weekend,181,Park Slope,Brooklyn,10.73
20,Weekend,112,Greenpoint,Brooklyn,10.54
20,Weekend,129,Jackson Heights,Queens,9.92
20,Weekend,82,Elmhurst,Queens,9.77
20,Weekend,97,Fort Greene,Brooklyn,9.38
20,Weekend,61,Crown Heights North,Brooklyn,9.04
20,Weekend,25,Boerum Hill,Brooklyn,8.04
20,Weekend,152,Manhattanville,Manhattan,7.81
20,Weekend,76,East New York,Brooklyn,7.62
20,Weekend,33,Brooklyn Heights,Brooklyn,7.54
20,Weekend,37,Bushwick South,Brooklyn,7.08
20,Weekend,65,Downtown Brooklyn/MetroTech,Brooklyn,6.85
20,Weekend,66,DUMBO/Vinegar Hill,Brooklyn,6.73
20,Weekend,80,East Williamsburg,Brooklyn,6.69
20,Weekend,243,Washington Heights North,Manhattan,6.5
20,Weekend,130,Jamaica,Queens,6.27
20,Weekend,188,Prospect-Lefferts Gardens,Brooklyn,6.27
20,Weekend,17,Bedford,Brooklyn,6.12
20,Weekend,168,Mott Haven/Port Morris,Bronx,6.04
20,Weekend,89,Flatbush/Ditmas Park,Brooklyn,6.0
20,Weekend,260,Woodside,Queens,5.81
20,Weekend,225,Stuyvesant Heights,Brooklyn,5.73
20,Weekend,95,Forest Hills,Queens,5.65
20,Weekend,146,Long Island City/Queens Plaza,Queens,5.5
20,Weekend,49,Clinton Hill,Brooklyn,5.46
20,Weekend,223,Steinway,Queens,5.38
20,Weekend,36,Bushwick North,Brooklyn,5.27
20,Weekend,247,West Concourse,Bronx,5.0
20,Weekend,35,Brownsville,Brooklyn,4.38
20,Weekend,198,Ridgewood,Queens,4.35
20,Weekend,179,Old Astoria,Queens,4.08
20,Weekend,216,South Ozone Park,Queens,4.0
20,Weekend,92,Flushing,Queens,3.54
20,Weekend,177,Ocean Hill,Brooklyn,3.5
20,Weekend,39,Canarsie,Brooklyn,3.46
20,Weekend,72,East Flatbush/Remsen Village,Brooklyn,3.12
20,Weekend,197,Richmond Hill,Queens,3.04
20,Weekend,228,Sunset Park West,Brooklyn,3.0
20,Weekend,159,Melrose South,Bronx,2.92
20,Weekend,127,Inwood,Manhattan,2.88
20,Weekend,40,Carroll Gardens,Brooklyn,2.81
20,Weekend,85,Erasmus,Brooklyn,2.77
20,Weekend,10,Baisley Park,Queens,2.69
20,Weekend,56,Corona,Queens,2.65
20,Weekend,196,Rego Park,Queens,2.65
20,Weekend,189,Prospect Heights,Brooklyn,2.62
20,Weekend,91,Flatlands,Brooklyn,2.62
20,Weekend,195,Red Hook,Brooklyn,2.62
20,Weekend,71,East Flatbush/Farragut,Brooklyn,2.58
20,Weekend,213,Soundview/Castle Hill,Bronx,2.54
20,Weekend,83,Elmhurst/Maspeth,Queens,2.54
20,Weekend,14,Bay Ridge,Brooklyn,2.38
20,Weekend,157,Maspeth,Queens,2.31
20,Weekend,69,East Concourse/Concourse Village,Bronx,2.31
20,Weekend,215,South Jamaica,Queens,2.27
20,Weekend,62,Crown Heights South,Brooklyn,2.19
20,Weekend,52,Cobble Hill,Brooklyn,2.15
20,Weekend,155,Marine Park/Mill Basin,Brooklyn,2.15
20,Weekend,51,Co-Op City,Bronx,2.08
20,Weekend,102,Glendale,Queens,2.04
20,Weekend,18,Bedford Park,Bronx,2.04
20,Weekend,160,Middle Village,Queens,2.0
20,Weekend,63,Cypress Hills,Brooklyn,1.96
20,Weekend,106,Gowanus,Brooklyn,1.96
20,Weekend,28,Briarwood/Jamaica Hills,Queens,1.92
20,Weekend,235,University Heights/Morris Heights,Bronx,1.77
20,Weekend,173,North Corona,Queens,1.77
20,Weekend,254,Williamsbridge/Olinville,Bronx,1.69
20,Weekend,169,Mount Hope,Bronx,1.69
20,Weekend,77,East New York/Pennsylvania Avenue,Brooklyn,1.69
20,Weekend,258,Woodhaven,Queens,1.62
20,Weekend,219,Springfield Gardens South,Queens,1.54
20,Weekend,165,Midwood,Brooklyn,1.54
20,Weekend,55,Coney Island,Brooklyn,1.5
20,Weekend,212,Soundview/Bruckner,Bronx,1.42
20,Weekend,220,Spuyten Duyvil/Kingsbridge,Bronx,1.42
20,Weekend,134,Kew Gardens,Queens,1.35
20,Weekend,126,Hunts Point,Bronx,1.35
20,Weekend,26,Borough Park,Brooklyn,1.31
20,Weekend,124,Howard Beach,Queens,1.23
20,Weekend,193,Queensbridge/Ravenswood,Queens,1.23
20,Weekend,167,Morrisania/Melrose,Bronx,1.19
20,Weekend,241,Van Cortlandt Village,Bronx,1.19
20,Weekend,147,Longwood,Bronx,1.19
20,Weekend,250,Westchester Village/Unionport,Bronx,1.15
20,Weekend,180,Ozone Park,Queens,1.15
20,Weekend,217,South Williamsburg,Brooklyn,1.15
20,Weekend,205,Saint Albans,Queens,1.12
20,Weekend,174,Norwood,Bronx,1.12
20,Weekend,119,Highbridge,Bronx,1.08
20,Weekend,182,Parkchester,Bronx,1.04
20,Weekend,210,Sheepshead Bay,Brooklyn,1.0
20,Weekend,248,West Farms/Bronx River,Bronx,1.0
20,Weekend,135,Kew Gardens Hills,Queens,0.96
20,Weekend,47,Claremont/Bathgate,Bronx,0.96
20,Weekend,78,East Tremont,Bronx,0.96
20,Weekend,60,Crotona Park East,Bronx,0.96
20,Weekend,208,Schuylerville/Edgewater Park,Bronx,0.96
20,Weekend,252,Whitestone,Queens,0.96
20,Weekend,257,Windsor Terrace,Brooklyn,0.88
20,Weekend,149,Madison,Brooklyn,0.88
20,Weekend,93,Flushing Meadows-Corona Park,Queens,0.85
20,Weekend,86,Far Rockaway,Queens,0.85
20,Weekend,200,Riverdale/North Riverdale/Fieldston,Bronx,0.81
20,Weekend,123,Homecrest,Brooklyn,0.81
20,Weekend,227,Sunset Park East,Brooklyn,0.81
20,Weekend,94,Fordham South,Bronx,0.77
20,Weekend,133,Kensington,Brooklyn,0.77
20,Weekend,131,Jamaica Estates,Queens,0.77
20,Weekend,259,Woodlawn/Wakefield,Bronx,0.73
20,Weekend,22,Bensonhurst West,Brooklyn,0.73
20,Weekend,222,Starrett City,Brooklyn,0.73
20,Weekend,117,Hammels/Arverne,Queens,0.73
20,Weekend,54,Columbia Street,Brooklyn,0.69
20,Weekend,53,College Point,Queens,0.69
20,Weekend,20,Belmont,Bronx,0.69
20,Weekend,191,Queens Village,Queens,0.69
20,Weekend,218,Springfield Gardens North,Queens,0.69
20,Weekend,203,Rosedale,Queens,0.65
20,Weekend,139,Laurelton,Queens,0.65
20,Weekend,136,Kingsbridge Heights,Bronx,0.65
20,Weekend,121,Hillcrest/Pomonok,Queens,0.62
20,Weekend,192,Queensboro Hill,Queens,0.62
20,Weekend,29,Brighton Beach,Brooklyn,0.62
20,Weekend,242,Van Nest/Morris Park,Bronx,0.62
20,Weekend,171,Murray Hill-Queens,Queens,0.62
20,Weekend,265,Outside NYC,Unknown,0.62
20,Weekend,34,Brooklyn Navy Yard,Brooklyn,0.58
20,Weekend,3,Allerton/Pelham Gardens,Bronx,0.54
20,Weekend,16,Bayside,Queens,0.54
20,Weekend,32,Bronxdale,Bronx,0.54
20,Weekend,150,Manhattan Beach,Brooklyn,0.54
20,Weekend,108,Gravesend,Brooklyn,0.5
20,Weekend,11,Bath Beach,Brooklyn,0.46
20,Weekend,38,Cambria Heights,Queens,0.46
20,Weekend,185,Pelham Parkway,Bronx,0.46
20,Weekend,81,Eastchester,Bronx,0.42
20,Weekend,202,Roosevelt Island,Manhattan,0.42
20,Weekend,101,Glen Oaks,Queens,0.38
20,Weekend,21,Bensonhurst East,Brooklyn,0.38
20,Weekend,153,Marble Hill,Manhattan,0.38
20,Weekend,183,Pelham Bay,Bronx,0.35
20,Weekend,178,Ocean Parkway South,Brooklyn,0.35
20,Weekend,19,Bellerose,Queens,0.31
20,Weekend,12,Battery Park,Manhattan,0.31
20,Weekend,194,Randalls Island,Manhattan,0.27
20,Weekend,15,Bay Terrace/Fort Totten,Queens,0.27
20,Weekend,57,Corona,Queens,0.23
20,Weekend,64,Douglaston,Queens,0.23
20,Weekend,9,Auburndale,Queens,0.23
20,Weekend,128,Inwood Hill Park,Manhattan,0.23
20,Weekend,67,Dyker Heights,Brooklyn,0.23
20,Weekend,122,Hollis,Queens,0.23
20,Weekend,175,Oakland Gardens,Queens,0.23
20,Weekend,190,Prospect Park,Brooklyn,0.23
20,Weekend,98,Fresh Meadows,Queens,0.19
20,Weekend,201,Rockaway Park,Queens,0.19
20,Weekend,240,Van Cortlandt Park,Bronx,0.19
20,Weekend,46,City Island,Bronx,0.15
20,Weekend,73,East Flushing,Queens,0.15
20,Weekend,154,Marine Park/Floyd Bennett Field,Brooklyn,0.15
20,Weekend,96,Forest Park/Highland Park,Queens,0.15
20,Weekend,207,Saint Michaels Cemetery/Woodside,Queens,0.12
20,Weekend,23,Bloomfield/Emerson Hill,Staten Island,0.12
20,Weekend,251,Westerleigh,Staten Island,0.12
20,Weekend,172,New Dorp/Midland Beach,Staten Island,0.08
20,Weekend,221,Stapleton,Staten Island,0.08
20,Weekend,27,Breezy Point/Fort Tilden/Riis Beach,Queens,0.08
20,Weekend,8,Astoria Park,Queens,0.08
20,Weekend,120,Highbridge Park,Manhattan,0.08
20,Weekend,6,Arrochar/Fort Wadsworth,Staten Island,0.08
20,Weekend,31,Bronx Park,Bronx,0.08
20,Weekend,176,Oakwood,Staten Island,0.04
20,Weekend,58,Country Club,Bronx,0.04
20,Weekend,253,Willets Point,Queens,0.04
20,Weekend,214,South Beach/Dongan Hills,Staten Island,0.04
21,Weekend,132,JFK Airport,Queens,338.85
21,Weekend,142,Lincoln Square East,Manhattan,287.54
21,Weekend,79,East Village,Manhattan,268.96
21,Weekend,230,Times Sq/Theatre District,Manhattan,263.19
21,Weekend,249,West Village,Manhattan,259.15
21,Weekend,186,Penn Station/Madison Sq West,Manhattan,232.12
21,Weekend,48,Clinton East,Manhattan,188.65
21,Weekend,234,Union Sq,Manhattan,187.42
21,Weekend,138,LaGuardia Airport,Queens,184.69
21,Weekend,114,Greenwich Village South,Manhattan,181.62
21,Weekend,237,Upper East Side South,Manhattan,178.96
21,Weekend,68,East Chelsea,Manhattan,177.92
21,Weekend,239,Upper West Side South,Manhattan,165.88
21,Weekend,161,Midtown Center,Manhattan,149.73
21,Weekend,236,Upper East Side North,Manhattan,144.77
21,Weekend,107,Gramercy,Manhattan,138.54
21,Weekend,164,Midtown South,Manhattan,128.35
21,Weekend,170,Murray Hill,Manhattan,126.81
21,Weekend,163,Midtown North,Manhattan,126.08
21,Weekend,141,Lenox Hill West,Manhattan,118.96
21,Weekend,162,Midtown East,Manhattan,118.92
21,Weekend,263,Yorkville West,Manhattan,115.12
21,Weekend,113,Greenwich Village North,Manhattan,115.0
21,Weekend,90,Flatiron,Manhattan,112.62
21,Weekend,148,Lower East Side,Manhattan,102.42
21,Weekend,144,Little Italy/NoLiTa,Manhattan,97.96
21,Weekend,246,West Chelsea/Hudson Yards,Manhattan,90.46
21,Weekend,229,Sutton Place/Turtle Bay North,Manhattan,85.46
21,Weekend,158,Meatpacking/West Village West,Manhattan,84.54
21,Weekend,231,TriBeCa/Civic Center,Manhattan,82.77
21,Weekend,238,Upper West Side North,Manhattan,80.77
21,Weekend,100,Garment District,Manhattan,67.15
21,Weekend,211,SoHo,Manhattan,63.81
21,Weekend,137,Kips Bay,Manhattan,61.5
21,Weekend,140,Lenox Hill East,Manhattan,54.19
21,Weekend,233,UN/Turtle Bay South,Manhattan,47.04
21,Weekend,143,Lincoln Square West,Manhattan,46.62
21,Weekend,43,Central Park,Manhattan,46.12
21,Weekend,87,Financial District North,Manhattan,42.58
21,Weekend,262,Yorkville East,Manhattan,35.85
21,Weekend,125,Hudson Sq,Manhattan,33.5
21,Weekend,50,Clinton West,Manhattan,32.77
21,Weekend,151,Manhattan Valley,Manhattan,30.54
21,Weekend,166,Morningside Heights,Manhattan,27.85
21,Weekend,75,East Harlem South,Manhattan,24.96
21,Weekend,41,Central Harlem,Manhattan,24.69
21,Weekend,70,East Elmhurst,Queens,22.54
21,Weekend,261,World Trade Center,Manhattan,20.46
21,Weekend,4,Alphabet City,Manhattan,19.46
21,Weekend,209,Seaport,Manhattan,19.15
21,Weekend,232,Two Bridges/Seward Park,Manhattan,18.42
21,Weekend,88,Financial District South,Manhattan,17.35
21,Weekend,13,Battery Park City,Manhattan,17.08
21,Weekend,74,East Harlem North,Manhattan,17.04
21,Weekend,45,Chinatown,Manhattan,16.85
21,Weekend,255,Williamsburg (North Side),Brooklyn,16.0
21,Weekend,24,Bloomingdale,Manhattan,13.81
21,Weekend,42,Central Harlem North,Manhattan,12.81
21,Weekend,256,Williamsburg (South Side),Brooklyn,12.77
21,Weekend,145,Long Island City/Hunters Point,Queens,12.31
21,Weekend,7,Astoria,Queens,11.38
21,Weekend,264,Unknown,Unknown,10.88
21,Weekend,224,Stuy Town/Peter Cooper Village,Manhattan,10.46
21,Weekend,116,Hamilton Heights,Manhattan,10.19
21,Weekend,82,Elmhurst,Queens,8.96
21,Weekend,244,Washington Heights South,Manhattan,8.96
21,Weekend,181,Park Slope,Brooklyn,8.81
21,Weekend,226,Sunnyside,Queens,8.65
21,Weekend,112,Greenpoint,Brooklyn,8.58
21,Weekend,61,Crown Heights North,Brooklyn,8.54
21,Weekend,97,Fort Greene,Brooklyn,8.46
21,Weekend,129,Jackson Heights,Queens,7.96
21,Weekend,25,Boerum Hill,Brooklyn,7.69
21,Weekend,65,Downtown Brooklyn/MetroTech,Brooklyn,7.46
21,Weekend,130,Jamaica,Queens,7.42
21,Weekend,33,Brooklyn Heights,Brooklyn,7.15
21,Weekend,80,East Williamsburg,Brooklyn,6.81
21,Weekend,76,East New York,Brooklyn,6.81
21,Weekend,66,DUMBO/Vinegar Hill,Brooklyn,6.69
21,Weekend,95,Forest Hills,Queens,5.96
21,Weekend,260,Woodside,Queens,5.92
21,Weekend,37,Bushwick South,Brooklyn,5.85
21,Weekend,223,Steinway,Queens,5.77
21,Weekend,152,Manhattanville,Manhattan,5.58
21,Weekend,17,Bedford,Brooklyn,5.54
21,Weekend,216,South Ozone Park,Queens,4.85
21,Weekend,92,Flushing,Queens,4.54
21,Weekend,225,Stuyvesant Heights,Brooklyn,4.46
21,Weekend,168,Mott Haven/Port Morris,Bronx,4.42
21,Weekend,243,Washington Heights North,Manhattan,4.23
21,Weekend,188,Prospect-Lefferts Gardens,Brooklyn,4.23
21,Weekend,49,Clinton Hill,Brooklyn,4.12
21,Weekend,146,Long Island City/Queens Plaza,Queens,4.08
21,Weekend,89,Flatbush/Ditmas Park,Brooklyn,3.96
21,Weekend,36,Bushwick North,Brooklyn,3.88
21,Weekend,198,Ridgewood,Queens,3.54
21,Weekend,179,Old Astoria,Queens,3.46
21,Weekend,247,West Concourse,Bronx,3.46
21,Weekend,177,Ocean Hill,Brooklyn,3.42
21,Weekend,189,Prospect Heights,Brooklyn,3.31
21,Weekend,39,Canarsie,Brooklyn,3.23
21,Weekend,35,Brownsville,Brooklyn,3.19
21,Weekend,10,Baisley Park,Queens,2.92
21,Weekend,197,Richmond Hill,Queens,2.88
21,Weekend,40,Carroll Gardens,Brooklyn,2.77
21,Weekend,157,Maspeth,Queens,2.73
21,Weekend,72,East Flatbush/Remsen Village,Brooklyn,2.65
21,Weekend,196,Rego Park,Queens,2.58
21,Weekend,51,Co-Op City,Bronx,2.46
21,Weekend,56,Corona,Queens,2.42
21,Weekend,91,Flatlands,Brooklyn,2.42
21,Weekend,62,Crown Heights South,Brooklyn,2.38
21,Weekend,83,Elmhurst/Maspeth,Queens,2.35
21,Weekend,127,Inwood,Manhattan,2.27
21,Weekend,52,Cobble Hill,Brooklyn,2.27
21,Weekend,63,Cypress Hills,Brooklyn,2.23
21,Weekend,195,Red Hook,Brooklyn,2.23
21,Weekend,71,East Flatbush/Farragut,Brooklyn,2.23
21,Weekend,106,Gowanus,Brooklyn,2.19
21,Weekend,69,East Concourse/Concourse Village,Bronx,2.19
21,Weekend,173,North Corona,Queens,2.12
21,Weekend,85,Erasmus,Brooklyn,2.08
21,Weekend,228,Sunset Park West,Brooklyn,2.04
21,Weekend,215,South Jamaica,Queens,1.96
21,Weekend,28,Briarwood/Jamaica Hills,Queens,1.96
21,Weekend,159,Melrose South,Bronx,1.92
21,Weekend,258,Woodhaven,Queens,1.88
21,Weekend,160,Middle Village,Queens,1.85
21,Weekend,219,Springfield Gardens South,Queens,1.69
21,Weekend,213,Soundview/Castle Hill,Bronx,1.65
21,Weekend,102,Glendale,Queens,1.65
21,Weekend,180,Ozone Park,Queens,1.62
21,Weekend,93,Flushing Meadows-Corona Park,Queens,1.58
21,Weekend,134,Kew Gardens,Queens,1.5
21,Weekend,14,Bay Ridge,Brooklyn,1.46
21,Weekend,119,Highbridge,Bronx,1.42
21,Weekend,217,South Williamsburg,Brooklyn,1.42
21,Weekend,77,East New York/Pennsylvania Avenue,Brooklyn,1.38
21,Weekend,124,Howard Beach,Queens,1.35
21,Weekend,78,East Tremont,Bronx,1.35
21,Weekend,155,Marine Park/Mill Basin,Brooklyn,1.31
21,Weekend,26,Borough Park,Brooklyn,1.27
21,Weekend,169,Mount Hope,Bronx,1.27
21,Weekend,242,Van Nest/Morris Park,Bronx,1.27
21,Weekend,18,Bedford Park,Bronx,1.23
21,Weekend,235,University Heights/Morris Heights,Bronx,1.19
21,Weekend,55,Coney Island,Brooklyn,1.15
21,Weekend,167,Morrisania/Melrose,Bronx,1.15
21,Weekend,126,Hunts Point,Bronx,1.12
21,Weekend,218,Springfield Gardens North,Queens,1.12
21,Weekend,222,Starrett City,Brooklyn,1.08
21,Weekend,220,Spuyten Duyvil/Kingsbridge,Bronx,1.04
21,Weekend,254,Williamsbridge/Olinville,Bronx,1.0
21,Weekend,193,Queensbridge/Ravenswood,Queens,1.0
21,Weekend,205,Saint Albans,Queens,0.96
21,Weekend,259,Woodlawn/Wakefield,Bronx,0.92
21,Weekend,22,Bensonhurst West,Brooklyn,0.92
21,Weekend,191,Queens Village,Queens,0.92
21,Weekend,135,Kew Gardens Hills,Queens,0.88
21,Weekend,241,Van Cortlandt Village,Bronx,0.88
21,Weekend,20,Belmont,Bronx,0.88
21,Weekend,171,Murray Hill-Queens,Queens,0.88
21,Weekend,208,Schuylerville/Edgewater Park,Bronx,0.88
21,Weekend,54,Columbia Street,Brooklyn,0.85
21,Weekend,194,Randalls Island,Manhattan,0.85
21,Weekend,212,Soundview/Bruckner,Bronx,0.85
21,Weekend,174,Norwood,Bronx,0.81
21,Weekend,94,Fordham South,Bronx,0.77
21,Weekend,3,Allerton/Pelham Gardens,Bronx,0.77
21,Weekend,227,Sunset Park East,Brooklyn,0.73
21,Weekend,265,Outside NYC,Unknown,0.73
21,Weekend,53,College Point,Queens,0.73
21,Weekend,210,Sheepshead Bay,Brooklyn,0.73
21,Weekend,147,Longwood,Bronx,0.69
21,Weekend,67,Dyker Heights,Brooklyn,0.69
21,Weekend,250,Westchester Village/Unionport,Bronx,0.65
21,Weekend,47,Claremont/Bathgate,Bronx,0.65
21,Weekend,252,Whitestone,Queens,0.65
21,Weekend,165,Midwood,Brooklyn,0.62
21,Weekend,121,Hillcrest/Pomonok,Queens,0.58
21,Weekend,185,Pelham Parkway,Bronx,0.58
21,Weekend,32,Bronxdale,Bronx,0.58
21,Weekend,257,Windsor Terrace,Brooklyn,0.58
21,Weekend,60,Crotona Park East,Bronx,0.58
21,Weekend,81,Eastchester,Bronx,0.58
21,Weekend,192,Queensboro Hill,Queens,0.54
21,Weekend,29,Brighton Beach,Brooklyn,0.54
21,Weekend,34,Brooklyn Navy Yard,Brooklyn,0.54
21,Weekend,136,Kingsbridge Heights,Bronx,0.54
21,Weekend,98,Fresh Meadows,Queens,0.54
21,Weekend,123,Homecrest,Brooklyn,0.54
21,Weekend,131,Jamaica Estates,Queens,0.54
21,Weekend,182,Parkchester,Bronx,0.5
21,Weekend,203,Rosedale,Queens,0.5
21,Weekend,149,Madison,Brooklyn,0.5
21,Weekend,86,Far Rockaway,Queens,0.5
21,Weekend,133,Kensington,Brooklyn,0.5
21,Weekend,202,Roosevelt Island,Manhattan,0.5
21,Weekend,139,Laurelton,Queens,0.46
21,Weekend,190,Prospect Park,Brooklyn,0.46
21,Weekend,150,Manhattan Beach,Brooklyn,0.46
21,Weekend,248,West Farms/Bronx River,Bronx,0.42
21,Weekend,15,Bay Terrace/Fort Totten,Queens,0.42
21,Weekend,16,Bayside,Queens,0.42
21,Weekend,117,Hammels/Arverne,Queens,0.42
21,Weekend,21,Bensonhurst East,Brooklyn,0.38
21,Weekend,120,Highbridge Park,Manhattan,0.38
21,Weekend,200,Riverdale/North Riverdale/Fieldston,Bronx,0.35
21,Weekend,19,Bellerose,Queens,0.35
21,Weekend,108,Gravesend,Brooklyn,0.35
21,Weekend,175,Oakland Gardens,Queens,0.35
21,Weekend,64,Douglaston,Queens,0.31
21,Weekend,122,Hollis,Queens,0.31
21,Weekend,38,Cambria Heights,Queens,0.31
21,Weekend,12,Battery Park,Manhattan,0.31
21,Weekend,57,Corona,Queens,0.27
21,Weekend,73,East Flushing,Queens,0.27
21,Weekend,101,Glen Oaks,Queens,0.27
21,Weekend,153,Marble Hill,Manhattan,0.27
21,Weekend,178,Ocean Parkway South,Brooklyn,0.23
21,Weekend,183,Pelham Bay,Bronx,0.23
21,Weekend,240,Van Cortlandt Park,Bronx,0.23
21,Weekend,11,Bath Beach,Brooklyn,0.19
21,Weekend,31,Bronx Park,Bronx,0.19
21,Weekend,9,Auburndale,Queens,0.19
21,Weekend,201,Rockaway Park,Queens,0.19
21,Weekend,96,Forest Park/Highland Park,Queens,0.15
21,Weekend,46,City Island,Bronx,0.08
21,Weekend,115,Grymes Hill/Clifton,Staten Island,0.08
21,Weekend,214,South Beach/Dongan Hills,Staten Island,0.08
21,Weekend,245,West Brighton,Staten Island,0.08
21,Weekend,221,Stapleton,Staten Island,0.08
21,Weekend,154,Marine Park/Floyd Bennett Field,Brooklyn,0.08
21,Weekend,58,Country Club,Bronx,0.08
21,Weekend,172,New Dorp/Midland Beach,Staten Island,0.04
21,Weekend,23,Bloomfield/Emerson Hill,Staten Island,0.04
22,Weekend,132,JFK Airport,Queens,340.15
22,Weekend,230,Times Sq/Theatre District,Manhattan,332.04
22,Weekend,79,East Village,Manhattan,327.04
22,Weekend,249,West Village,Manhattan,286.58
22,Weekend,48,Clinton East,Manhattan,255.19
22,Weekend,142,Lincoln Square East,Manhattan,224.58
22,Weekend,186,Penn Station/Madison Sq West,Manhattan,200.88
22,Weekend,234,Union Sq,Manhattan,197.92
22,Weekend,114,Greenwich Village South,Manhattan,196.23
22,Weekend,138,LaGuardia Airport,Queens,172.85
22,Weekend,68,East Chelsea,Manhattan,169.62
22,Weekend,161,Midtown Center,Manhattan,168.46
22,Weekend,107,Gramercy,Manhattan,159.69
22,Weekend,237,Upper East Side South,Manhattan,157.58
22,Weekend,163,Midtown North,Manhattan,150.77
22,Weekend,239,Upper West Side South,Manhattan,144.0
22,Weekend,164,Midtown South,Manhattan,142.65
22,Weekend,148,Lower East Side,Manhattan,129.54
22,Weekend,170,Murray Hill,Manhattan,126.19
22,Weekend,90,Flatiron,Manhattan,116.81
22,Weekend,263,Yorkville West,Manhattan,116.5
22,Weekend,141,Lenox Hill West,Manhattan,112.12
22,Weekend,113,Greenwich Village North,Manhattan,112.0
22,Weekend,236,Upper East Side North,Manhattan,102.35
22,Weekend,231,TriBeCa/Civic Center,Manhattan,101.31
22,Weekend,144,Little Italy/NoLiTa,Manhattan,98.04
22,Weekend,158,Meatpacking/West Village West,Manhattan,94.23
22,Weekend,162,Midtown East,Manhattan,91.04
22,Weekend,246,West Chelsea/Hudson Yards,Manhattan,85.42
22,Weekend,100,Garment District,Manhattan,85.42
22,Weekend,229,Sutton Place/Turtle Bay North,Manhattan,81.73
22,Weekend,238,Upper West Side North,Manhattan,71.0
22,Weekend,137,Kips Bay,Manhattan,70.42
22,Weekend,211,SoHo,Manhattan,67.04
22,Weekend,87,Financial District North,Manhattan,51.58
22,Weekend,140,Lenox Hill East,Manhattan,45.5
22,Weekend,233,UN/Turtle Bay South,Manhattan,44.73
22,Weekend,143,Lincoln Square West,Manhattan,43.88
22,Weekend,50,Clinton West,Manhattan,43.65
22,Weekend,125,Hudson Sq,Manhattan,36.46
22,Weekend,262,Yorkville East,Manhattan,30.81
22,Weekend,151,Manhattan Valley,Manhattan,30.42
22,Weekend,4,Alphabet City,Manhattan,28.04
22,Weekend,43,Central Park,Manhattan,27.38
22,Weekend,75,East Harlem South,Manhattan,24.46
22,Weekend,166,Morningside Heights,Manhattan,24.42
22,Weekend,41,Central Harlem,Manhattan,22.35
22,Weekend,70,East Elmhurst,Queens,22.31
22,Weekend,255,Williamsburg (North Side),Brooklyn,22.12
22,Weekend,88,Financial District South,Manhattan,21.54
22,Weekend,232,Two Bridges/Seward Park,Manhattan,21.35
22,Weekend,261,World Trade Center,Manhattan,18.38
22,Weekend,209,Seaport,Manhattan,17.92
22,Weekend,256,Williamsburg (South Side),Brooklyn,16.77
22,Weekend,45,Chinatown,Manhattan,16.15
22,Weekend,74,East Harlem North,Manhattan,15.88
22,Weekend,42,Central Harlem North,Manhattan,15.81
22,Weekend,145,Long Island City/Hunters Point,Queens,14.81
22,Weekend,112,Greenpoint,Brooklyn,14.04
22,Weekend,24,Bloomingdale,Manhattan,13.46
22,Weekend,7,Astoria,Queens,13.19
22,Weekend,224,Stuy Town/Peter Cooper Village,Manhattan,12.73
22,Weekend,13,Battery Park City,Manhattan,12.69
22,Weekend,97,Fort Greene,Brooklyn,11.42
22,Weekend,264,Unknown,Unknown,11.04
22,Weekend,181,Park Slope,Brooklyn,11.04
22,Weekend,116,Hamilton Heights,Manhattan,10.92
22,Weekend,244,Washington Heights South,Manhattan,10.19
22,Weekend,226,Sunnyside,Queens,9.0
22,Weekend,80,East Williamsburg,Brooklyn,9.0
22,Weekend,82,Elmhurst,Queens,8.46
22,Weekend,66,DUMBO/Vinegar Hill,Brooklyn,8.35
22,Weekend,76,East New York,Brooklyn,8.23
22,Weekend,61,Crown Heights North,Brooklyn,8.23
22,Weekend,25,Boerum Hill,Brooklyn,8.04
22,Weekend,33,Brooklyn Heights,Brooklyn,8.0
22,Weekend,37,Bushwick South,Brooklyn,7.81
22,Weekend,130,Jamaica,Queens,7.46
22,Weekend,65,Downtown Brooklyn/MetroTech,Brooklyn,7.35
22,Weekend,129,Jackson Heights,Queens,7.31
22,Weekend,95,Forest Hills,Queens,6.88
22,Weekend,36,Bushwick North,Brooklyn,6.31
22,Weekend,49,Clinton Hill,Brooklyn,6.23
22,Weekend,17,Bedford,Brooklyn,6.08
22,Weekend,223,Steinway,Queens,6.04
22,Weekend,152,Manhattanville,Manhattan,6.04
22,Weekend,168,Mott Haven/Port Morris,Bronx,5.73
22,Weekend,146,Long Island City/Queens Plaza,Queens,5.54
22,Weekend,89,Flatbush/Ditmas Park,Brooklyn,5.42
22,Weekend,243,Washington Heights North,Manhattan,5.27
22,Weekend,189,Prospect Heights,Brooklyn,5.15
22,Weekend,92,Flushing,Queens,5.12
22,Weekend,260,Woodside,Queens,5.04
22,Weekend,225,Stuyvesant Heights,Brooklyn,5.0
22,Weekend,216,South Ozone Park,Queens,4.69
22,Weekend,188,Prospect-Lefferts Gardens,Brooklyn,4.65
22,Weekend,40,Carroll Gardens,Brooklyn,4.12
22,Weekend,179,Old Astoria,Queens,4.0
22,Weekend,197,Richmond Hill,Queens,3.88
22,Weekend,35,Brownsville,Brooklyn,3.77
22,Weekend,198,Ridgewood,Queens,3.73
22,Weekend,52,Cobble Hill,Brooklyn,3.58
22,Weekend,39,Canarsie,Brooklyn,3.38
22,Weekend,91,Flatlands,Brooklyn,3.27
22,Weekend,10,Baisley Park,Queens,3.19
22,Weekend,106,Gowanus,Brooklyn,3.0
22,Weekend,247,West Concourse,Bronx,2.96
22,Weekend,177,Ocean Hill,Brooklyn,2.92
22,Weekend,72,East Flatbush/Remsen Village,Brooklyn,2.81
22,Weekend,69,East Concourse/Concourse Village,Bronx,2.73
22,Weekend,215,South Jamaica,Queens,2.46
22,Weekend,127,Inwood,Manhattan,2.46
22,Weekend,63,Cypress Hills,Brooklyn,2.38
22,Weekend,258,Woodhaven,Queens,2.35
22,Weekend,56,Corona,Queens,2.35
22,Weekend,85,Erasmus,Brooklyn,2.23
22,Weekend,62,Crown Heights South,Brooklyn,2.23
22,Weekend,157,Maspeth,Queens,2.23
22,Weekend,228,Sunset Park West,Brooklyn,2.23
22,Weekend,83,Elmhurst/Maspeth,Queens,2.08
22,Weekend,71,East Flatbush/Farragut,Brooklyn,2.04
22,Weekend,195,Red Hook,Brooklyn,2.0
22,Weekend,14,Bay Ridge,Brooklyn,2.0
22,Weekend,28,Briarwood/Jamaica Hills,Queens,1.96
22,Weekend,196,Rego Park,Queens,1.96
22,Weekend,159,Melrose South,Bronx,1.92
22,Weekend,134,Kew Gardens,Queens,1.92
22,Weekend,124,Howard Beach,Queens,1.88
22,Weekend,219,Springfield Gardens South,Queens,1.85
22,Weekend,160,Middle Village,Queens,1.81
22,Weekend,77,East New York/Pennsylvania Avenue,Brooklyn,1.77
22,Weekend,208,Schuylerville/Edgewater Park,Bronx,1.73
22,Weekend,93,Flushing Meadows-Corona Park,Queens,1.73
22,Weekend,169,Mount Hope,Bronx,1.62
22,Weekend,180,Ozone Park,Queens,1.62
22,Weekend,18,Bedford Park,Bronx,1.54
22,Weekend,78,East Tremont,Bronx,1.46
22,Weekend,26,Borough Park,Brooklyn,1.46
22,Weekend,167,Morrisania/Melrose,Bronx,1.46
22,Weekend,135,Kew Gardens Hills,Queens,1.42
22,Weekend,155,Marine Park/Mill Basin,Brooklyn,1.38
22,Weekend,102,Glendale,Queens,1.38
22,Weekend,213,Soundview/Castle Hill,Bronx,1.38
22,Weekend,218,Springfield Gardens North,Queens,1.38
22,Weekend,220,Spuyten Duyvil/Kingsbridge,Bronx,1.38
22,Weekend,254,Williamsbridge/Olinville,Bronx,1.38
22,Weekend,235,University Heights/Morris Heights,Bronx,1.35
22,Weekend,193,Queensbridge/Ravenswood,Queens,1.31
22,Weekend,191,Queens Village,Queens,1.27
22,Weekend,241,Van Cortlandt Village,Bronx,1.23
22,Weekend,119,Highbridge,Bronx,1.23
22,Weekend,173,North Corona,Queens,1.12
22,Weekend,217,South Williamsburg,Brooklyn,1.12
22,Weekend,203,Rosedale,Queens,1.12
22,Weekend,212,Soundview/Bruckner,Bronx,1.08
22,Weekend,51,Co-Op City,Bronx,1.08
22,Weekend,54,Columbia Street,Brooklyn,1.08
22,Weekend,205,Saint Albans,Queens,1.08
22,Weekend,242,Van Nest/Morris Park,Bronx,1.04
22,Weekend,252,Whitestone,Queens,1.04
22,Weekend,210,Sheepshead Bay,Brooklyn,1.0
22,Weekend,147,Longwood,Bronx,0.92
22,Weekend,126,Hunts Point,Bronx,0.92
22,Weekend,250,Westchester Village/Unionport,Bronx,0.92
22,Weekend,133,Kensington,Brooklyn,0.92
22,Weekend,32,Bronxdale,Bronx,0.92
22,Weekend,136,Kingsbridge Heights,Bronx,0.88
22,Weekend,55,Coney Island,Brooklyn,0.88
22,Weekend,165,Midwood,Brooklyn,0.88
22,Weekend,94,Fordham South,Bronx,0.88
22,Weekend,131,Jamaica Estates,Queens,0.88
22,Weekend,123,Homecrest,Brooklyn,0.88
22,Weekend,53,College Point,Queens,0.88
22,Weekend,60,Crotona Park East,Bronx,0.85
22,Weekend,34,Brooklyn Navy Yard,Brooklyn,0.85
22,Weekend,81,Eastchester,Bronx,0.81
22,Weekend,171,Murray Hill-Queens,Queens,0.81
22,Weekend,139,Laurelton,Queens,0.81
22,Weekend,265,Outside NYC,Unknown,0.77
22,Weekend,20,Belmont,Bronx,0.77
22,Weekend,182,Parkchester,Bronx,0.77
22,Weekend,174,Norwood,Bronx,0.77
22,Weekend,22,Bensonhurst West,Brooklyn,0.77
22,Weekend,16,Bayside,Queens,0.77
22,Weekend,98,Fresh Meadows,Queens,0.77
22,Weekend,47,Claremont/Bathgate,Bronx,0.73
22,Weekend,21,Bensonhurst East,Brooklyn,0.73
22,Weekend,121,Hillcrest/Pomonok,Queens,0.73
22,Weekend,200,Riverdale/North Riverdale/Fieldston,Bronx,0.69
22,Weekend,29,Brighton Beach,Brooklyn,0.69
22,Weekend,190,Prospect Park,Brooklyn,0.62
22,Weekend,19,Bellerose,Queens,0.62
22,Weekend,117,Hammels/Arverne,Queens,0.58
22,Weekend,202,Roosevelt Island,Manhattan,0.58
22,Weekend,248,West Farms/Bronx River,Bronx,0.58
22,Weekend,259,Woodlawn/Wakefield,Bronx,0.58
22,Weekend,86,Far Rockaway,Queens,0.54
22,Weekend,192,Queensboro Hill,Queens,0.54
22,Weekend,3,Allerton/Pelham Gardens,Bronx,0.54
22,Weekend,101,Glen Oaks,Queens,0.54
22,Weekend,183,Pelham Bay,Bronx,0.54
22,Weekend,150,Manhattan Beach,Brooklyn,0.5
22,Weekend,149,Madison,Brooklyn,0.5
22,Weekend,12,Battery Park,Manhattan,0.5
22,Weekend,64,Douglaston,Queens,0.46
22,Weekend,222,Starrett City,Brooklyn,0.46
22,Weekend,194,Randalls Island,Manhattan,0.46
22,Weekend,185,Pelham Parkway,Bronx,0.42
22,Weekend,257,Windsor Terrace,Brooklyn,0.42
22,Weekend,108,Gravesend,Brooklyn,0.42
22,Weekend,15,Bay Terrace/Fort Totten,Queens,0.38
22,Weekend,227,Sunset Park East,Brooklyn,0.38
22,Weekend,38,Cambria Heights,Queens,0.35
22,Weekend,201,Rockaway Park,Queens,0.35
22,Weekend,73,East Flushing,Queens,0.35
22,Weekend,153,Marble Hill,Manhattan,0.31
22,Weekend,11,Bath Beach,Brooklyn,0.31
22,Weekend,46,City Island,Bronx,0.31
22,Weekend,31,Bronx Park,Bronx,0.27
22,Weekend,58,Country Club,Bronx,0.27
22,Weekend,67,Dyker Heights,Brooklyn,0.23
22,Weekend,154,Marine Park/Floyd Bennett Field,Brooklyn,0.23
22,Weekend,178,Ocean Parkway South,Brooklyn,0.19
22,Weekend,175,Oakland Gardens,Queens,0.19
22,Weekend,122,Hollis,Queens,0.19
22,Weekend,57,Corona,Queens,0.19
22,Weekend,128,Inwood Hill Park,Manhattan,0.15
22,Weekend,120,Highbridge Park,Manhattan,0.15
22,Weekend,9,Auburndale,Queens,0.12
22,Weekend,253,Willets Point,Queens,0.12
22,Weekend,221,Stapleton,Staten Island,0.12
22,Weekend,6,Arrochar/Fort Wadsworth,Staten Island,0.08
22,Weekend,240,Van Cortlandt Park,Bronx,0.08
22,Weekend,96,Forest Park/Highland Park,Queens,0.08
22,Weekend,115,Grymes Hill/Clifton,Staten Island,0.04
22,Weekend,214,South Beach/Dongan Hills,Staten Island,0.04
22,Weekend,251,Westerleigh,Staten Island,0.04
22,Weekend,187,Port Richmond,Staten Island,0.04
22,Weekend,59,Crotona Park,Bronx,0.04
22,Weekend,30,Broad Channel,Queens,0.04
22,Weekend,207,Saint Michaels Cemetery/Woodside,Queens,0.04
22,Weekend,204,Rossville/Woodrow,Staten Island,0.04
22,Weekend,23,Bloomfield/Emerson Hill,Staten Island,0.04
22,Weekend,184,Pelham Bay Park,Bronx,0.04
22,Weekend,27,Breezy Point/Fort Tilden/Riis Beach,Queens,0.04
23,Weekend,79,East Village,Manhattan,373.42
23,Weekend,249,West Village,Manhattan,301.08
23,Weekend,132,JFK Airport,Queens,286.96
23,Weekend,48,Clinton East,Manhattan,224.46
23,Weekend,230,Times Sq/Theatre District,Manhattan,223.46
23,Weekend,114,Greenwich Village South,Manhattan,214.69
23,Weekend,142,Lincoln Square East,Manhattan,193.96
23,Weekend,234,Union Sq,Manhattan,183.27
23,Weekend,138,LaGuardia Airport,Queens,178.81
23,Weekend,148,Lower East Side,Manhattan,175.96
23,Weekend,107,Gramercy,Manhattan,160.92
23,Weekend,186,Penn Station/Madison Sq West,Manhattan,158.62
23,Weekend,68,East Chelsea,Manhattan,147.23
23,Weekend,161,Midtown Center,Manhattan,134.35
23,Weekend,164,Midtown South,Manhattan,132.69
23,Weekend,170,Murray Hill,Manhattan,118.12
23,Weekend,237,Upper East Side South,Manhattan,116.15
23,Weekend,90,Flatiron,Manhattan,113.35
23,Weekend,231,TriBeCa/Civic Center,Manhattan,111.62
23,Weekend,113,Greenwich Village North,Manhattan,108.23
23,Weekend,163,Midtown North,Manhattan,104.31
23,Weekend,144,Little Italy/NoLiTa,Manhattan,102.5
23,Weekend,239,Upper West Side South,Manhattan,100.92
23,Weekend,158,Meatpacking/West Village West,Manhattan,99.65
23,Weekend,263,Yorkville West,Manhattan,97.85
23,Weekend,141,Lenox Hill West,Manhattan,88.5
23,Weekend,162,Midtown East,Manhattan,78.62
23,Weekend,137,Kips Bay,Manhattan,77.04
23,Weekend,246,West Chelsea/Hudson Yards,Manhattan,72.27
23,Weekend,229,Sutton Place/Turtle Bay North,Manhattan,71.46
23,Weekend,211,SoHo,Manhattan,70.08
23,Weekend,100,Garment District,Manhattan,67.46
23,Weekend,236,Upper East Side North,Manhattan,59.81
23,Weekend,87,Financial District North,Manhattan,52.69
23,Weekend,238,Upper West Side North,Manhattan,49.92
23,Weekend,233,UN/Turtle Bay South,Manhattan,41.27
23,Weekend,4,Alphabet City,Manhattan,40.62
23,Weekend,50,Clinton West,Manhattan,40.0
23,Weekend,125,Hudson Sq,Manhattan,38.54
23,Weekend,143,Lincoln Square West,Manhattan,35.23
23,Weekend,140,Lenox Hill East,Manhattan,34.73
23,Weekend,88,Financial District South,Manhattan,25.04
23,Weekend,255,Williamsburg (North Side),Brooklyn,24.58
23,Weekend,41,Central Harlem,Manhattan,22.81
23,Weekend,262,Yorkville East,Manhattan,22.5
23,Weekend,75,East Harlem South,Manhattan,22.23
23,Weekend,232,Two Bridges/Seward Park,Manhattan,21.92
23,Weekend,70,East Elmhurst,Queens,21.73
23,Weekend,151,Manhattan Valley,Manhattan,21.65
23,Weekend,43,Central Park,Manhattan,21.54
23,Weekend,166,Morningside Heights,Manhattan,20.88
23,Weekend,209,Seaport,Manhattan,19.77
23,Weekend,261,World Trade Center,Manhattan,18.42
23,Weekend,74,East Harlem North,Manhattan,17.88
23,Weekend,45,Chinatown,Manhattan,17.19
23,Weekend,112,Greenpoint,Brooklyn,15.73
23,Weekend,145,Long Island City/Hunters Point,Queens,15.58
23,Weekend,181,Park Slope,Brooklyn,15.54
23,Weekend,42,Central Harlem North,Manhattan,15.42
23,Weekend,256,Williamsburg (South Side),Brooklyn,15.08
23,Weekend,7,Astoria,Queens,14.77
23,Weekend,244,Washington Heights South,Manhattan,14.5
23,Weekend,224,Stuy Town/Peter Cooper Village,Manhattan,13.69
23,Weekend,97,Fort Greene,Brooklyn,13.23
23,Weekend,80,East Williamsburg,Brooklyn,12.81
23,Weekend,61,Crown Heights North,Brooklyn,11.65
23,Weekend,13,Battery Park City,Manhattan,11.58
23,Weekend,24,Bloomingdale,Manhattan,11.35
23,Weekend,116,Hamilton Heights,Manhattan,11.31
23,Weekend,37,Bushwick South,Brooklyn,10.35
23,Weekend,25,Boerum Hill,Brooklyn,10.31
23,Weekend,264,Unknown,Unknown,10.04
23,Weekend,226,Sunnyside,Queens,9.69
23,Weekend,76,East New York,Brooklyn,9.38
23,Weekend,130,Jamaica,Queens,9.08
23,Weekend,129,Jackson Heights,Queens,8.65
23,Weekend,36,Bushwick North,Brooklyn,7.92
23,Weekend,66,DUMBO/Vinegar Hill,Brooklyn,7.77
23,Weekend,33,Brooklyn Heights,Brooklyn,7.5
23,Weekend,49,Clinton Hill,Brooklyn,7.31
23,Weekend,17,Bedford,Brooklyn,6.69
23,Weekend,152,Manhattanville,Manhattan,6.58
23,Weekend,95,Forest Hills,Queens,6.58
23,Weekend,82,Elmhurst,Queens,6.46
23,Weekend,146,Long Island City/Queens Plaza,Queens,6.38
23,Weekend,216,South Ozone Park,Queens,6.27
23,Weekend,243,Washington Heights North,Manhattan,6.08
23,Weekend,65,Downtown Brooklyn/MetroTech,Brooklyn,6.04
23,Weekend,168,Mott Haven/Port Morris,Bronx,5.85
23,Weekend,189,Prospect Heights,Brooklyn,5.81
23,Weekend,223,Steinway,Queens,5.73
23,Weekend,188,Prospect-Lefferts Gardens,Brooklyn,5.46
23,Weekend,225,Stuyvesant Heights,Brooklyn,5.35
23,Weekend,89,Flatbush/Ditmas Park,Brooklyn,4.85
23,Weekend,260,Woodside,Queens,4.77
23,Weekend,198,Ridgewood,Queens,4.65
23,Weekend,39,Canarsie,Brooklyn,4.46
23,Weekend,197,Richmond Hill,Queens,4.42
23,Weekend,35,Brownsville,Brooklyn,4.31
23,Weekend,106,Gowanus,Brooklyn,3.77
23,Weekend,10,Baisley Park,Queens,3.69
23,Weekend,92,Flushing,Queens,3.58
23,Weekend,247,West Concourse,Bronx,3.42
23,Weekend,40,Carroll Gardens,Brooklyn,3.38
23,Weekend,177,Ocean Hill,Brooklyn,3.23
23,Weekend,179,Old Astoria,Queens,3.08
23,Weekend,52,Cobble Hill,Brooklyn,3.0
23,Weekend,63,Cypress Hills,Brooklyn,2.96
23,Weekend,228,Sunset Park West,Brooklyn,2.96
23,Weekend,258,Woodhaven,Queens,2.85
23,Weekend,56,Corona,Queens,2.77
23,Weekend,14,Bay Ridge,Brooklyn,2.65
23,Weekend,127,Inwood,Manhattan,2.58
23,Weekend,72,East Flatbush/Remsen Village,Brooklyn,2.54
23,Weekend,28,Briarwood/Jamaica Hills,Queens,2.46
23,Weekend,91,Flatlands,Brooklyn,2.46
23,Weekend,85,Erasmus,Brooklyn,2.35
23,Weekend,62,Crown Heights South,Brooklyn,2.35
23,Weekend,77,East New York/Pennsylvania Avenue,Brooklyn,2.31
23,Weekend,219,Springfield Gardens South,Queens,2.19
23,Weekend,215,South Jamaica,Queens,2.19
23,Weekend,159,Melrose South,Bronx,2.12
23,Weekend,169,Mount Hope,Bronx,2.08
23,Weekend,69,East Concourse/Concourse Village,Bronx,2.0
23,Weekend,195,Red Hook,Brooklyn,1.92
23,Weekend,134,Kew Gardens,Queens,1.92
23,Weekend,157,Maspeth,Queens,1.88
23,Weekend,174,Norwood,Bronx,1.81
23,Weekend,83,Elmhurst/Maspeth,Queens,1.81
23,Weekend,173,North Corona,Queens,1.77
23,Weekend,160,Middle Village,Queens,1.77
23,Weekend,180,Ozone Park,Queens,1.77
23,Weekend,208,Schuylerville/Edgewater Park,Bronx,1.73
23,Weekend,217,South Williamsburg,Brooklyn,1.69
23,Weekend,213,Soundview/Castle Hill,Bronx,1.69
23,Weekend,193,Queensbridge/Ravenswood,Queens,1.62
23,Weekend,191,Queens Village,Queens,1.58
23,Weekend,235,University Heights/Morris Heights,Bronx,1.58
23,Weekend,119,Highbridge,Bronx,1.58
23,Weekend,71,East Flatbush/Farragut,Brooklyn,1.54
23,Weekend,136,Kingsbridge Heights,Bronx,1.5
23,Weekend,53,College Point,Queens,1.5
23,Weekend,196,Rego Park,Queens,1.46
23,Weekend,126,Hunts Point,Bronx,1.42
23,Weekend,135,Kew Gardens Hills,Queens,1.42
23,Weekend,250,Westchester Village/Unionport,Bronx,1.42
23,Weekend,218,Springfield Gardens North,Queens,1.38
23,Weekend,102,Glendale,Queens,1.38
23,Weekend,124,Howard Beach,Queens,1.38
23,Weekend,167,Morrisania/Melrose,Bronx,1.31
23,Weekend,26,Borough Park,Brooklyn,1.31
23,Weekend,205,Saint Albans,Queens,1.27
23,Weekend,51,Co-Op City,Bronx,1.23
23,Weekend,155,Marine Park/Mill Basin,Brooklyn,1.19
23,Weekend,254,Williamsbridge/Olinville,Bronx,1.19
23,Weekend,78,East Tremont,Bronx,1.15
23,Weekend,203,Rosedale,Queens,1.15
23,Weekend,212,Soundview/Bruckner,Bronx,1.08
23,Weekend,257,Windsor Terrace,Brooklyn,1.08
23,Weekend,241,Van Cortlandt Village,Bronx,1.08
23,Weekend,55,Coney Island,Brooklyn,1.08
23,Weekend,220,Spuyten Duyvil/Kingsbridge,Bronx,1.08
23,Weekend,242,Van Nest/Morris Park,Bronx,1.04
23,Weekend,171,Murray Hill-Queens,Queens,1.04
23,Weekend,222,Starrett City,Brooklyn,1.04
23,Weekend,210,Sheepshead Bay,Brooklyn,1.0
23,Weekend,18,Bedford Park,Bronx,1.0
23,Weekend,131,Jamaica Estates,Queens,1.0
23,Weekend,248,West Farms/Bronx River,Bronx,1.0
23,Weekend,150,Manhattan Beach,Brooklyn,0.96
23,Weekend,133,Kensington,Brooklyn,0.96
23,Weekend,139,Laurelton,Queens,0.92
23,Weekend,19,Bellerose,Queens,0.92
23,Weekend,227,Sunset Park East,Brooklyn,0.92
23,Weekend,22,Bensonhurst West,Brooklyn,0.88
23,Weekend,47,Claremont/Bathgate,Bronx,0.85
23,Weekend,86,Far Rockaway,Queens,0.85
23,Weekend,185,Pelham Parkway,Bronx,0.85
23,Weekend,54,Columbia Street,Brooklyn,0.85
23,Weekend,121,Hillcrest/Pomonok,Queens,0.85
23,Weekend,147,Longwood,Bronx,0.85
23,Weekend,93,Flushing Meadows-Corona Park,Queens,0.85
23,Weekend,259,Woodlawn/Wakefield,Bronx,0.81
23,Weekend,252,Whitestone,Queens,0.77
23,Weekend,16,Bayside,Queens,0.77
23,Weekend,60,Crotona Park East,Bronx,0.73
23,Weekend,81,Eastchester,Bronx,0.73
23,Weekend,32,Bronxdale,Bronx,0.73
23,Weekend,192,Queensboro Hill,Queens,0.73
23,Weekend,29,Brighton Beach,Brooklyn,0.69
23,Weekend,190,Prospect Park,Brooklyn,0.65
23,Weekend,175,Oakland Gardens,Queens,0.65
23,Weekend,165,Midwood,Brooklyn,0.65
23,Weekend,20,Belmont,Bronx,0.62
23,Weekend,265,Outside NYC,Unknown,0.62
23,Weekend,202,Roosevelt Island,Manhattan,0.62
23,Weekend,117,Hammels/Arverne,Queens,0.62
23,Weekend,21,Bensonhurst East,Brooklyn,0.62
23,Weekend,182,Parkchester,Bronx,0.62
23,Weekend,38,Cambria Heights,Queens,0.58
23,Weekend,108,Gravesend,Brooklyn,0.58
23,Weekend,98,Fresh Meadows,Queens,0.58
23,Weekend,123,Homecrest,Brooklyn,0.58
23,Weekend,201,Rockaway Park,Queens,0.54
23,Weekend,73,East Flushing,Queens,0.5
23,Weekend,122,Hollis,Queens,0.5
23,Weekend,149,Madison,Brooklyn,0.5
23,Weekend,34,Brooklyn Navy Yard,Brooklyn,0.42
23,Weekend,12,Battery Park,Manhattan,0.42
23,Weekend,183,Pelham Bay,Bronx,0.38
23,Weekend,3,Allerton/Pelham Gardens,Bronx,0.38
23,Weekend,64,Douglaston,Queens,0.35
23,Weekend,101,Glen Oaks,Queens,0.35
23,Weekend,200,Riverdale/North Riverdale/Fieldston,Bronx,0.31
23,Weekend,67,Dyker Heights,Brooklyn,0.27
23,Weekend,120,Highbridge Park,Manhattan,0.27
23,Weekend,6,Arrochar/Fort Wadsworth,Staten Island,0.27
23,Weekend,194,Randalls Island,Manhattan,0.27
23,Weekend,94,Fordham South,Bronx,0.27
23,Weekend,57,Corona,Queens,0.23
23,Weekend,9,Auburndale,Queens,0.19
23,Weekend,15,Bay Terrace/Fort Totten,Queens,0.19
23,Weekend,240,Van Cortlandt Park,Bronx,0.19
23,Weekend,154,Marine Park/Floyd Bennett Field,Brooklyn,0.15
23,Weekend,214,South Beach/Dongan Hills,Staten Island,0.15
23,Weekend,178,Ocean Parkway South,Brooklyn,0.15
23,Weekend,31,Bronx Park,Bronx,0.15
23,Weekend,46,City Island,Bronx,0.15
23,Weekend,153,Marble Hill,Manhattan,0.15
23,Weekend,30,Broad Channel,Queens,0.15
23,Weekend,128,Inwood Hill Park,Manhattan,0.12
23,Weekend,207,Saint Michaels Cemetery/Woodside,Queens,0.12
23,Weekend,27,Breezy Point/Fort Tilden/Riis Beach,Queens,0.12
23,Weekend,221,Stapleton,Staten Island,0.12
23,Weekend,118,Heartland Village/Todt Hill,Staten Island,0.12
23,Weekend,11,Bath Beach,Brooklyn,0.12
23,Weekend,206,Saint George/New Brighton,Staten Island,0.08
23,Weekend,59,Crotona Park,Bronx,0.08
23,Weekend,156,Mariners Harbor,Staten Island,0.08
23,Weekend,23,Bloomfield/Emerson Hill,Staten Island,0.08
23,Weekend,111,Green-Wood Cemetery,Brooklyn,0.08
23,Weekend,184,Pelham Bay Park,Bronx,0.08
23,Weekend,96,Forest Park/Highland Park,Queens,0.08
23,Weekend,204,Rossville/Woodrow,Staten Island,0.04
23,Weekend,172,New Dorp/Midland Beach,Staten Island,0.04
23,Weekend,1,Newark Airport,EWR,0.04
23,Weekend,253,Willets Point,Queens,0.04
